6288
0 0.116938 0.0469904 0.117229
1 0.1095 0.0529909 0.139213
2 0.120569 0.0596988 0.125188
3 0.118306 0.0741913 0.126549
4 0.121551 0.0807986 0.120569
5 0.117851 0.0682577 0.0697663
6 0.111415 0.065098 0.0613045
7 0.114295 0.0814136 0.144942
8 0.127658 0.0548721 0.0880133
9 0.121833 0.0885881 0.09976
10 0.119782 0.0457444 0.097252
11 0.0774054 0.0708744 0.109816
12 0.0802944 0.048847 0.078992
13 0.125657 -0.00928083 0.135381
14 0.122136 0.0172216 0.124629
15 0.112975 0.0195123 0.134161
16 0.119509 0.0303373 0.105071
17 0.110161 0.0402604 0.14508
18 0.082698 -0.0118913 0.166616
19 0.0976494 0.0153811 0.163252
20 0.0838826 0.00293398 0.1707
21 0.101824 0.0354741 0.164336
22 0.107504 -0.000570674 0.153465
23 0.102621 0.00995027 0.148701
24 0.0877839 -0.0269278 0.120815
25 0.0636123 0.0404632 0.135934
26 0.0854255 0.0363809 0.110192
27 0.075734 0.000419895 0.130809
28 0.123801 0.0211441 0.0867242
29 0.137111 -0.0392552 0.128709
30 0.118838 0.0205076 0.0755118
31 0.139895 -0.0243351 0.103491
32 0.130816 -0.00416696 0.117299
33 0.14634 -0.0201502 0.0789758
34 0.113594 0.0359182 0.0705827
35 0.125428 0.0416889 0.0804717
36 0.141588 -0.00273687 0.0855118
37 0.123586 0.0315227 0.0898061
38 0.124365 0.017117 0.102612
39 0.0856476 0.00553403 0.0959239
40 0.108185 -0.0186218 0.0961914
41 0.133453 0.00911208 0.0645398
42 0.143965 -0.0157141 0.0603424
43 0.138168 -0.0171032 0.0400663
44 0.124388 -2.5547e-06 0.0377725
45 0.11059 0.014822 0.0421663
46 0.090416 -0.00903726 0.00938434
47 0.11257 -0.0178147 0.013997
48 0.124832 -0.0309222 0.0196371
49 0.115381 0.00246584 0.0285329
50 0.102327 0.00174429 0.0232592
51 0.0752388 -0.021477 0.066942
52 0.11169 -0.0465097 0.0788285
53 0.101479 -0.0219796 0.0452791
54 0.0880272 0.013631 0.0649594
55 0.0294557 -0.0274594 -0.0111887
56 0.0293755 -0.0392518 -0.00976878
57 0.0232319 -0.0537639 -0.00418121
58 0.0561995 -0.0431663 -0.00355789
59 0.0741152 -0.028643 -0.00454718
60 0.0624826 -0.073084 -0.00179842
61 0.0658856 -0.048081 -0.00487199
62 0.101557 -0.0404492 0.0031352
63 0.0358386 -0.0613884 0.00113587
64 0.0895215 -0.0574867 0.0433672
65 0.0550563 -0.0379849 0.036314
66 0.0533604 -0.0228465 0.105605
67 0.0221259 -0.0365436 0.0192444
68 0.0579394 -0.0476672 0.0824638
69 0.108206 0.0367553 0.0555723
70 0.0993738 0.0253556 0.0348342
71 0.107786 0.0514267 0.0521241
72 0.0856524 0.0426806 0.0137809
73 0.0300012 0.0640365 0.0711461
74 0.048508 0.0143358 0.110792
75 0.0273357 -0.00687088 0.0409975
76 0.0577788 0.024275 0.0636297
77 0.0341325 0.044139 0.0314166
78 0.0268872 -0.000751775 0.0821758
79 0.0187637 0.0297657 0.0629043
80 0.00339852 -0.0230464 0.0567845
81 0.058018 0.0561561 0.0561178
82 0.0427527 -0.0232112 0.0646398
83 0.0513957 0.0402411 0.0912796
84 0.0397049 0.0134625 -0.0185872
85 0.0464141 0.0404922 -0.0171844
86 0.0356711 -0.00760067 -0.0148414
87 0.0359976 0.000280868 -0.014008
88 0.0546374 0.0126827 -0.00843642
89 0.0551474 -0.0121895 -0.010287
90 0.0604369 0.0178547 0.000220728
91 0.0656519 -0.00367869 -0.00548274
92 0.0792616 -0.0185443 0.00228238
93 0.0730863 0.0205865 0.00625085
94 0.0868817 0.0100336 0.0150264
95 0.0243059 0.019966 0.0104291
96 0.0638528 0.000683323 0.0351431
97 0.0430201 -0.0126823 0.011185
98 -0.0581214 0.000150432 0.200971
99 -0.0707563 0.0250918 0.202933
100 -0.0685385 0.0471671 0.204215
101 -0.0665244 0.0354426 0.207369
102 -0.0681266 0.0570974 0.205673
103 -0.0610584 0.012892 0.205778
104 -0.026585 -0.0084127 0.205177
105 -0.048754 0.0469289 0.209701
106 -0.0293723 0.0198401 0.209919
107 -0.0329353 0.0352611 0.211543
108 -0.0372918 0.0383827 0.162931
109 -0.0487377 0.06869 0.175367
110 -0.00960302 0.0124035 0.0791086
111 -0.0192323 -0.0301977 0.130245
112 0.00994156 0.0168557 0.152931
113 0.0310044 -0.0260717 0.135982
114 -0.0188094 0.0314507 0.12003
115 0.00576362 -0.00124837 0.114849
116 -0.0266936 -0.00266367 0.16163
117 -0.0351777 0.0406586 0.0861325
118 -0.00611833 -0.0219199 0.0882809
119 -0.0307611 0.000691491 0.125044
120 -0.0098445 0.0237034 0.176082
121 -0.00372636 -0.00769386 0.142528
122 -0.0310808 0.0145681 0.0991012
123 0.0125662 -0.030459 0.112632
124 0.0952398 0.088968 0.171119
125 0.106271 0.0713642 0.162308
126 0.0228953 0.0699279 0.136051
127 -0.0515003 0.0638349 0.117864
128 -0.0205508 0.0843331 0.162522
129 -0.0079323 0.071204 0.0994513
130 0.0155279 0.0377945 0.0988732
131 0.00412892 0.0535428 0.166975
132 -0.0124105 0.0637618 0.134269
133 0.0293051 0.03594 0.130952
134 0.0568835 0.0739984 0.144026
135 0.0349433 0.0648432 0.104853
136 -0.000870182 0.0551106 0.0725123
137 0.00542632 0.0887711 0.149934
138 -0.0457111 0.0710314 0.211988
139 -0.00974279 0.0232322 0.206235
140 0.00972246 0.0283568 0.208941
141 -0.00159896 0.033853 0.215614
142 -0.0250326 0.044502 0.210671
143 0.00332532 0.0536041 0.207369
144 -0.00981941 0.0705237 0.212421
145 0.0150463 0.046539 0.217338
146 -0.0124716 0.0566289 0.219316
147 0.00156177 0.0435281 0.215387
148 -0.0220947 0.0560106 0.219481
149 0.0225753 0.0665672 0.219469
150 -0.0203027 0.0864034 0.216644
151 -0.0290303 0.088123 0.225246
152 -0.0191415 0.0648712 0.186474
153 0.0598373 0.0910207 0.212815
154 0.0461182 0.0665404 0.208058
155 0.0548393 0.0791546 0.215516
156 0.037677 0.10173 0.206716
157 0.0120893 0.0738597 0.210907
158 0.0343864 0.0659558 0.217538
159 0.0229055 0.0784313 0.21294
160 0.0274469 0.0928122 0.211642
161 0.00917548 0.0938446 0.214762
162 0.0132977 0.101299 0.21357
163 0.0404444 0.0923624 0.223064
164 -0.0104189 0.102253 0.216701
165 0.0122018 0.0907467 0.178274
166 0.0467633 0.0848877 0.178823
167 0.0212568 0.0659368 0.183174
168 0.0352415 -0.0142176 0.201375
169 0.0658837 -0.0126267 0.18606
170 0.0684454 -0.0015951 0.186917
171 0.0705484 0.00772111 0.191685
172 0.0585543 0.0169604 0.200129
173 0.0878595 0.0201014 0.177996
174 0.0315797 -0.00387908 0.20332
175 0.0386554 0.00646371 0.207144
176 0.0105429 -0.0130568 0.204211
177 -0.0030662 0.0054756 0.208496
178 0.0278099 0.0242251 0.209615
179 0.0480703 0.00798379 0.153637
180 0.0251386 -0.00746695 0.173093
181 0.0203291 0.0298248 0.179495
182 0.0671475 0.0307159 0.20077
183 0.0906987 0.0304146 0.182185
184 0.0787416 0.0502706 0.193286
185 0.079832 0.0657927 0.189173
186 0.0742594 0.0800449 0.203897
187 0.0927987 0.0786933 0.184648
188 0.0711288 0.0974375 0.191437
189 0.093567 0.04544 0.176504
190 0.0993145 0.0609937 0.161666
191 0.0584198 0.0702734 0.205069
192 0.04571 0.0313188 0.209475
193 0.0534757 0.0492704 0.209668
194 0.0297532 0.0470056 0.207975
195 0.0441746 0.0517152 0.168159
196 -0.00978194 -0.155507 0.204671
197 0.00631858 -0.152081 0.205256
198 -0.0321815 -0.164473 0.239826
199 0.017187 -0.152326 0.259715
200 0.0166824 -0.158643 0.240722
201 0.00216046 -0.174728 0.240263
202 0.0205132 -0.140741 0.229046
203 -0.0113936 -0.178582 0.244122
204 0.0170453 -0.143075 0.210914
205 -0.0163042 -0.155374 0.215159
206 -0.0156322 -0.169548 0.228921
207 0.00279031 -0.156146 0.216343
208 -0.01053 -0.145251 0.244548
209 0.00859928 -0.125404 0.256155
210 -0.0211463 -0.138453 0.195582
211 -0.0103187 -0.123115 0.263796
212 -0.0190954 -0.123854 0.185933
213 -0.0397005 -0.11659 0.20338
214 -0.0351826 -0.10265 0.21143
215 -0.0413324 -0.138236 0.23618
216 -0.035291 -0.12383 0.239116
217 -0.027294 -0.110362 0.234278
218 -0.00573466 -0.11127 0.244693
219 -0.038785 -0.127981 0.206171
220 -0.0409287 -0.137216 0.225532
221 -0.0173808 -0.0822499 0.215977
222 -0.0058874 -0.0843328 0.219039
223 -0.0307142 -0.145082 0.210075
224 -0.00247591 -0.124428 0.174136
225 -0.0198185 -0.11294 0.16531
226 -0.00225114 -0.127106 0.183928
227 -0.0361432 -0.103285 0.176272
228 0.0148363 -0.120527 0.192789
229 0.0214501 -0.112821 0.198964
230 -0.0377963 -0.112692 0.193349
231 0.0177067 -0.0926729 0.206001
232 0.0175801 -0.134087 0.246739
233 0.0215738 -0.135811 0.230139
234 -0.0220692 -0.121242 0.176994
235 0.0121236 -0.102502 0.225027
236 0.0171804 -0.118192 0.181999
237 0.0204727 -0.110052 0.217346
238 -0.0077302 -0.0975195 0.189938
239 0.00769489 -0.169021 0.291205
240 0.0104346 -0.157214 0.287552
241 0.00346942 -0.156429 0.313146
242 -0.00110592 -0.140087 0.29283
243 -0.0195758 -0.135687 0.296545
244 -0.0232117 -0.178714 0.291118
245 -0.0271686 -0.185007 0.309288
246 -0.00817645 -0.179857 0.290233
247 -0.0159918 -0.186944 0.309445
248 -0.00213753 -0.182477 0.30987
249 0.00827143 -0.142752 0.279967
250 -0.0181946 -0.142576 0.319153
251 -0.0396141 -0.162185 0.285993
252 0.0153945 -0.161207 0.258848
253 -0.0342991 -0.144734 0.294569
254 -0.0389768 -0.151566 0.284133
255 -0.0274717 -0.12896 0.26623
256 -0.0405925 -0.157571 0.259774
257 -0.00845581 -0.129957 0.279935
258 -0.0290107 -0.180464 0.272779
259 -0.00838961 -0.18602 0.282709
260 0.000904943 -0.182342 0.27468
261 -0.0364156 -0.139757 0.26851
262 -0.00619932 -0.177034 0.254369
263 -0.0237142 -0.169876 0.25351
264 -0.0237755 -0.182493 0.284405
265 -0.014414 -0.1582 0.275753
266 -0.021455 -0.181845 0.372966
267 -0.0347434 -0.191681 0.378368
268 -0.00788311 -0.18934 0.351928
269 -0.0424362 -0.172173 0.359217
270 -0.0124424 -0.190801 0.368339
271 -0.0253168 -0.202364 0.380216
272 -0.0407168 -0.188614 0.350861
273 -0.0364025 -0.219375 0.38165
274 -0.0329344 -0.206913 0.35564
275 -0.0447597 -0.206616 0.368681
276 -0.0236062 -0.215789 0.376145
277 -0.0329412 -0.21063 0.364643
278 -0.0358958 -0.224767 0.373708
279 -0.0177869 -0.209736 0.367936
280 -0.0295858 -0.159582 0.358263
281 -0.010365 -0.165123 0.354922
282 -0.0431913 -0.171145 0.337577
283 -0.0396945 -0.157267 0.31559
284 -0.0310661 -0.14679 0.324005
285 -0.0396851 -0.170439 0.317452
286 -0.0389239 -0.157869 0.342629
287 0.00132275 -0.174351 0.323803
288 -0.0194002 -0.184143 0.321998
289 -0.00845462 -0.152269 0.332755
290 -0.0399373 -0.186378 0.340816
291 -0.0220058 -0.193664 0.347405
292 -0.000739101 -0.174657 0.336433
293 -0.00599521 -0.187284 0.337703
294 -0.0463321 -0.0581301 0.186999
295 -0.0410006 -0.023857 0.195468
296 -0.0391775 -0.0908511 0.180267
297 -0.0416381 -0.035695 0.196676
298 -0.0254011 -0.0999079 0.1362
299 -0.0381879 -0.0826498 0.192046
300 -0.0387358 -0.0966591 0.161517
301 -0.0296041 -0.0723499 0.201721
302 -0.0496322 -0.085036 0.169027
303 -0.0310054 -0.0415608 0.195475
304 -0.0188307 -0.0589701 0.202872
305 -0.0131375 -0.0640531 0.154437
306 -0.0442761 -0.0335674 0.155905
307 0.0501479 -0.0670659 0.178346
308 0.0180828 -0.0348025 0.199631
309 0.0306369 -0.031272 0.191
310 0.0153832 -0.0234817 0.197121
311 0.0496597 -0.0258457 0.189151
312 0.0333644 -0.0476334 0.187129
313 0.0147527 -0.0457384 0.193109
314 0.0486793 -0.0502941 0.176904
315 0.0505028 -0.0337087 0.187357
316 0.065015 -0.0346187 0.175717
317 -0.00706703 -0.0408488 0.196723
318 -0.0113933 -0.029251 0.202252
319 -0.00656205 -0.0205011 0.200098
320 0.00293314 -0.030556 0.160713
321 0.0320302 -0.0698032 0.17736
322 -0.0125305 -0.108656 0.154119
323 0.0255974 -0.058521 0.185673
324 0.019384 -0.109487 0.169062
325 0.0229124 -0.102582 0.141276
326 0.00618956 -0.101905 0.129325
327 -0.0130205 -0.0978397 0.119482
328 0.0319929 -0.0921988 0.165795
329 0.0242123 -0.0944916 0.184926
330 0.0090854 -0.0721878 0.205348
331 0.00831013 -0.106985 0.150972
332 0.0263647 -0.100078 0.158788
333 0.0182995 -0.069888 0.145278
334 0.00559581 -0.0829987 0.166459
335 0.0483747 -0.125123 0.114793
336 0.0297579 -0.116744 0.128824
337 0.0545122 -0.122997 0.135086
338 0.0133138 -0.111257 0.117556
339 0.0631104 -0.0977188 0.167007
340 0.0487894 -0.092254 0.165461
341 0.051649 -0.114675 0.148516
342 0.0333842 -0.0998768 0.150016
343 0.0695859 -0.112636 0.153278
344 0.0798981 -0.0658943 0.101388
345 0.0388057 -0.06692 0.119261
346 0.0710421 -0.0858372 0.134855
347 0.0451776 -0.094788 0.104357
348 0.0684545 -0.0478663 0.178199
349 0.0762313 -0.0750559 0.174393
350 0.0901797 -0.085511 0.169514
351 0.0623324 -0.07587 0.176151
352 0.0992164 -0.0482158 0.169612
353 0.0890625 -0.0376724 0.169978
354 0.0862817 -0.0261705 0.17182
355 0.127321 -0.0546212 0.149403
356 0.126065 -0.0371715 0.147695
357 0.109618 -0.053732 0.161998
358 0.104601 -0.0260869 0.161735
359 0.111799 -0.0394154 0.155819
360 0.0592978 -0.0478524 0.142316
361 0.0942639 -0.0574099 0.14077
362 0.0417266 -0.124324 0.0682767
363 0.0305891 -0.122003 0.0559519
364 0.0138337 -0.116412 0.078095
365 0.00697772 -0.108196 0.0917476
366 -0.00254019 -0.0956749 0.0728561
367 0.0408138 -0.126841 0.0963655
368 0.0220791 -0.119566 0.0905485
369 -0.00993733 -0.0910611 0.0929662
370 0.00385419 -0.0986255 0.105391
371 0.0249979 -0.0393483 0.0867308
372 0.00116718 -0.0582729 0.111686
373 0.0261848 -0.0805614 0.0828456
374 -0.00382073 -0.0610613 0.0731378
375 0.0619675 -0.107587 0.0682277
376 0.010824 -0.111925 0.0560217
377 -0.00188165 -0.10044 0.064713
378 0.0452328 -0.120165 0.049035
379 -0.00110158 -0.102772 0.0447322
380 0.0660553 -0.0905128 0.00489093
381 0.0285576 -0.082129 0.0109966
382 0.0437829 -0.106383 0.0199512
383 0.0242577 -0.103503 0.0313604
384 0.0519121 -0.112096 0.026874
385 0.00516736 -0.0983165 0.0314304
386 0.0514715 -0.0713095 0.0585522
387 0.0149786 -0.054582 0.0463353
388 0.0664086 -0.0808373 0.0340799
389 0.0243709 -0.0898737 0.0534004
390 0.0806641 -0.0710913 0.0703446
391 -0.237296 -0.0702323 0.0736557
392 -0.211622 -0.0446991 0.074544
393 -0.214547 -0.0466705 0.0667937
394 -0.204257 -0.0354644 0.0678073
395 -0.193833 -0.0311571 0.0754006
396 -0.217929 -0.0588848 0.0391037
397 -0.204252 -0.048859 0.0465828
398 -0.198522 -0.03987 0.0499834
399 -0.220423 -0.0477239 0.0812757
400 -0.233396 -0.0644761 0.0614389
401 -0.236922 -0.0683558 0.0983294
402 -0.176805 -0.0736602 0.0649798
403 -0.2087 -0.081087 0.0653491
404 -0.234686 -0.0734048 0.118296
405 -0.223697 -0.0574764 0.124236
406 -0.198707 -0.0412092 0.132919
407 -0.213385 -0.0525198 0.125191
408 -0.225933 -0.0901243 0.136331
409 -0.216198 -0.0695864 0.14022
410 -0.205104 -0.0625079 0.142618
411 -0.201484 -0.054668 0.143696
412 -0.225126 -0.0539383 0.105137
413 -0.239482 -0.0838123 0.10897
414 -0.212262 -0.0963285 0.149697
415 -0.197901 -0.0796576 0.156457
416 -0.152539 -0.0976579 0.0926506
417 -0.192491 -0.0901272 0.088941
418 -0.197629 -0.0936144 0.120877
419 -0.216871 -0.0491638 0.105095
420 -0.20463 -0.0379515 0.117714
421 -0.201828 -0.0312252 0.10961
422 -0.188064 -0.0296592 0.111594
423 -0.188163 -0.0356631 0.127874
424 -0.176307 -0.023475 0.0692995
425 -0.168595 -0.00460503 0.092294
426 -0.183116 -0.0267405 0.0823807
427 -0.208701 -0.0338683 0.0855946
428 -0.185482 -0.0249341 0.0910257
429 -0.213576 -0.039268 0.107908
430 -0.18162 -0.0695168 0.106212
431 -0.150042 -0.0616343 0.0824231
432 -0.155304 -0.0288131 0.0961944
433 -0.169606 -0.0500365 0.11798
434 -0.155219 -0.186022 0.133419
435 -0.138238 -0.187925 0.126241
436 -0.179989 -0.121334 0.16369
437 -0.168527 -0.178785 0.140017
438 -0.145155 -0.166061 0.148631
439 -0.149687 -0.145989 0.159617
440 -0.135007 -0.15852 0.148961
441 -0.168655 -0.153442 0.153408
442 -0.161875 -0.16023 0.152644
443 -0.180857 -0.150593 0.154773
444 -0.187842 -0.12939 0.156725
445 -0.17426 -0.136062 0.159491
446 -0.160166 -0.148316 0.12255
447 -0.161041 -0.110659 0.171929
448 -0.145027 -0.118579 0.16732
449 -0.128348 -0.120856 0.163638
450 -0.132966 -0.108509 0.169748
451 -0.123748 -0.100593 0.168861
452 -0.102573 -0.108963 0.165367
453 -0.160026 -0.134936 0.163485
454 -0.137266 -0.125986 0.16727
455 -0.112863 -0.120891 0.162902
456 -0.128227 -0.148035 0.157107
457 -0.108634 -0.132952 0.151277
458 -0.160196 -0.108836 0.134798
459 -0.139464 -0.129551 0.139794
460 -0.161115 -0.125606 0.101948
461 -0.169937 -0.0191418 0.12743
462 -0.151624 -0.0102608 0.13861
463 -0.157382 -0.0657745 0.166773
464 -0.179639 -0.0480889 0.146838
465 -0.172046 -0.0343391 0.137857
466 -0.161386 -0.0242001 0.144183
467 -0.163094 -0.0463362 0.155111
468 -0.146443 -0.0520913 0.161296
469 -0.137359 -0.0313706 0.161775
470 -0.168567 -0.0613715 0.159704
471 -0.128315 -0.0504728 0.110294
472 -0.152963 -0.0698879 0.128234
473 -0.127739 -0.0696469 0.145093
474 -0.14706 -0.0427966 0.129256
475 -0.174117 -0.104032 0.168981
476 -0.150079 -0.104948 0.170861
477 -0.145585 -0.0949907 0.173888
478 -0.113686 -0.0916726 0.172879
479 -0.173894 -0.0903015 0.167981
480 -0.140871 -0.0831689 0.169518
481 -0.160838 -0.0823769 0.172488
482 -0.176756 -0.0715081 0.164743
483 -0.191106 -0.0903654 0.162313
484 -0.202764 -0.108481 0.155428
485 -0.185406 -0.0631639 0.15902
486 -0.191371 -0.075566 0.156476
487 -0.126568 -0.0945745 0.127836
488 -0.170609 -0.0843615 0.142135
489 -0.172467 -0.0271599 0.0594091
490 -0.163205 -0.0288044 0.0452466
491 -0.157888 -0.000740162 0.0546799
492 -0.1398 0.00451374 0.0372169
493 -0.107211 -0.0957947 0.00557119
494 -0.0966485 -0.075073 0.00689843
495 -0.121303 -0.0485305 0.00437234
496 -0.124844 -0.0240349 0.010099
497 -0.133428 -0.00690639 0.0223714
498 -0.149403 -0.020802 0.0280107
499 -0.129643 -0.0327113 0.0714333
500 -0.112694 -0.0412695 0.037234
501 -0.182545 -0.0395241 0.0458608
502 -0.145528 -0.0471766 0.01377
503 -0.185813 -0.0611976 0.0164171
504 -0.17432 -0.062464 0.014768
505 -0.169272 -0.0524446 0.0176323
506 -0.209226 -0.0707633 0.0155594
507 -0.199069 -0.0603622 0.0203661
508 -0.155837 -0.0390136 0.0277483
509 -0.181034 -0.0504661 0.0224888
510 -0.170383 -0.0428587 0.0266802
511 -0.197861 -0.0533214 0.0358042
512 -0.191063 -0.0451905 0.0365892
513 -0.158475 -0.0552114 0.0462118
514 -0.148972 -0.111522 -0.00939825
515 -0.153823 -0.0978514 -0.0113065
516 -0.17266 -0.0900425 -0.00924187
517 -0.167542 -0.0793286 -0.00635607
518 -0.19657 -0.0841782 0.000519133
519 -0.144606 -0.0878799 -0.00498897
520 -0.134429 -0.0955179 -0.000992885
521 -0.15579 -0.0757496 -0.000718831
522 -0.125852 -0.072124 0.00369316
523 -0.181984 -0.0684839 0.00429157
524 -0.138737 -0.0588122 0.00685719
525 -0.160272 -0.0705412 -0.000167469
526 -0.162609 -0.105121 0.0408472
527 -0.129925 -0.0725412 0.0510145
528 -0.151122 -0.0772655 0.0306951
529 -0.179018 -0.0891572 0.023772
530 -0.108955 -0.167615 0.125238
531 -0.0906424 -0.155913 0.126197
532 -0.0898049 -0.167734 0.0747997
533 -0.093462 -0.166026 0.104979
534 -0.0823352 -0.155067 0.115155
535 -0.0800825 -0.153789 0.10476
536 -0.0831686 -0.162396 0.0813618
537 -0.0944694 -0.1735 0.0894131
538 -0.0738444 -0.150698 0.0823358
539 -0.123749 -0.183599 0.115457
540 -0.100107 -0.176371 0.107063
541 -0.0747952 -0.154134 0.0947759
542 -0.0689636 -0.142204 0.102157
543 -0.133391 -0.132774 0.112954
544 -0.104957 -0.137847 0.108134
545 -0.11357 -0.156408 0.0864618
546 -0.129923 -0.177112 0.135988
547 -0.100868 -0.154474 0.135052
548 -0.0872704 -0.141588 0.13193
549 -0.0742015 -0.136577 0.126919
550 -0.0664025 -0.128005 0.121758
551 -0.0720528 -0.119206 0.136697
552 -0.0765844 -0.139543 0.115181
553 -0.120891 -0.166762 0.13846
554 -0.101676 -0.13712 0.147265
555 -0.113509 -0.148808 0.149142
556 -0.0921853 -0.129065 0.149032
557 -0.0947446 -0.102969 0.13004
558 -0.0854225 -0.148626 0.07343
559 -0.0703835 -0.121797 0.0599494
560 -0.0666357 -0.136281 0.0872965
561 -0.0587447 -0.127675 0.076212
562 -0.0570404 -0.11161 0.0534009
563 -0.0463984 -0.119079 0.0829533
564 -0.0493965 -0.110903 0.122909
565 -0.0574204 -0.128696 0.109007
566 -0.0400319 -0.114901 0.099141
567 -0.0997955 -0.0960374 0.0960813
568 -0.0907944 -0.0840644 0.0555954
569 -0.122669 -0.100261 0.0706814
570 -0.123799 -0.0759717 0.0923458
571 -0.0677479 -0.102848 0.097046
572 -0.0971443 -0.144705 0.0407697
573 -0.0835271 -0.126249 0.0413594
574 -0.139518 -0.110448 -0.00839046
575 -0.124113 -0.126593 -0.00152284
576 -0.128294 -0.102042 -0.00188089
577 -0.116795 -0.115538 0.00290783
578 -0.106674 -0.131807 0.0105796
579 -0.098535 -0.123977 0.0119134
580 -0.0898144 -0.10324 0.0159923
581 -0.112623 -0.14237 0.0209276
582 -0.0910753 -0.112253 0.0248462
583 -0.079692 -0.112814 0.0346153
584 -0.135585 -0.131961 0.0668789
585 -0.126333 -0.103634 0.0361821
586 -0.0255962 -0.102011 0.0703972
587 -0.0245543 -0.0965686 0.109693
588 -0.0274149 -0.100568 0.102406
589 -0.0785742 -0.0324854 0.0986879
590 -0.0896076 -0.0473666 0.0682993
591 -0.0594811 -0.0719636 0.090247
592 -0.0398655 -0.0133588 0.0961681
593 -0.0650908 -0.0153691 0.0645698
594 -0.0368916 -0.0480952 0.104648
595 -0.0969546 -0.0618071 0.100801
596 -0.0578086 -0.0226371 0.12127
597 -0.0276546 -0.0668333 0.0884869
598 -0.103869 -0.0353823 0.112122
599 -0.0595777 -0.0438117 0.0764963
600 -0.103172 -0.0274372 0.0843057
601 -0.0516384 -0.104475 0.138025
602 -0.0345858 -0.0975297 0.131107
603 -0.0598352 -0.0848226 0.172866
604 -0.0678335 -0.0867746 0.160896
605 -0.0408415 -0.0928925 0.141424
606 -0.049875 -0.0919819 0.14307
607 -0.0596921 -0.0912132 0.148965
608 -0.0543449 -0.0847389 0.15795
609 -0.0609343 -0.0532643 0.130775
610 -0.0701106 -0.0824214 0.119295
611 -0.0426669 -0.0670615 0.142979
612 -0.0474151 -0.0792616 0.12367
613 -0.078049 -0.0601625 0.184113
614 -0.0884747 -0.0442728 0.184278
615 -0.0826385 -0.0655046 0.175856
616 -0.0977777 -0.0470266 0.175963
617 -0.0802866 -0.0363359 0.180129
618 -0.0863269 -0.101431 0.160865
619 -0.0944917 -0.0823922 0.170776
620 -0.0638717 -0.0425281 0.184762
621 -0.11548 -0.0714705 0.172998
622 -0.120834 -0.0484418 0.168726
623 -0.0609097 -0.0618591 0.186361
624 -0.09905 -0.06432 0.135166
625 -0.0808096 -0.0493854 0.15674
626 -0.154171 0.00745479 0.0721306
627 -0.143998 0.0170979 0.075773
628 -0.144805 0.00899244 0.122841
629 -0.147145 0.0218374 0.11989
630 -0.138795 0.0324095 0.116711
631 -0.130897 0.0253439 0.142453
632 -0.160264 0.00193175 0.105232
633 -0.146999 0.012949 0.10265
634 -0.139462 0.00266821 0.139512
635 -0.14236 0.0173779 0.137732
636 -0.0685175 0.0226993 0.0779063
637 -0.101287 0.00698811 0.107117
638 -0.127577 -0.015911 0.105487
639 -0.102915 -0.00317919 0.0685305
640 -0.136185 0.0193288 0.0556797
641 -0.135401 0.0404008 0.122673
642 -0.135346 0.0611496 0.107246
643 -0.137684 0.0305025 0.0611544
644 -0.146746 0.02745 0.0931338
645 -0.140223 0.0360201 0.0839176
646 -0.131645 0.0535324 0.0682888
647 -0.138115 0.0501253 0.101798
648 -0.129626 0.0162686 0.0460969
649 -0.120778 0.0376899 0.0481498
650 -0.132033 0.0427381 0.0483384
651 -0.117988 0.0569284 0.0441473
652 -0.133318 0.053622 0.0592234
653 -0.103538 0.0309027 0.0802435
654 -0.0668093 -0.0235692 0.1905
655 -0.0538213 -0.0118944 0.201427
656 -0.0763763 -0.0207425 0.186439
657 -0.0893161 0.00145671 0.184883
658 -0.0910372 -0.0202095 0.176323
659 -0.111614 -0.0169409 0.174746
660 -0.105712 -0.00520386 0.169219
661 -0.115753 -0.0275354 0.168877
662 -0.115269 0.00821743 0.159853
663 -0.129788 0.00497851 0.156186
664 -0.129019 -0.0111653 0.157317
665 -0.0922704 -0.0241641 0.135962
666 -0.122839 -0.0298021 0.133043
667 -0.0684683 -0.0129171 0.161181
668 -0.101715 0.0174465 0.139544
669 -0.0860319 0.0138072 0.192919
670 -0.0962125 0.0378005 0.189685
671 -0.0934275 0.0524803 0.189383
672 -0.131946 0.049511 0.137487
673 -0.109768 0.0176944 0.172268
674 -0.0943342 0.0258055 0.184703
675 -0.106504 0.0512325 0.178201
676 -0.117051 0.0338138 0.164285
677 -0.118368 0.0423545 0.165728
678 -0.0618497 0.00566534 0.136129
679 -0.0845607 0.0433684 0.108237
680 -0.0725898 0.0226478 0.162979
681 -0.0813002 0.0550385 0.149615
682 -0.0697949 -0.00118774 0.0999516
683 -0.052461 0.0298209 0.113686
684 -0.0128066 -0.0673779 -0.0220721
685 0.00159981 -0.0601388 -0.0231279
686 -0.0221395 -0.0589619 -0.0243313
687 0.0153276 -0.061732 -0.0141883
688 -0.0113565 -0.0747155 -0.0125849
689 0.0118396 -0.073932 -0.00817072
690 0.0159321 -0.0527659 -0.0135704
691 -0.0140707 -0.0867238 -0.0100538
692 0.00614198 -0.0789747 -0.00322056
693 0.020492 -0.0652357 -0.000618939
694 -0.00364019 -0.0953457 -0.000978094
695 0.012458 -0.08565 0.0141876
696 0.0132365 -0.0787255 0.0111964
697 -0.00596211 -0.0539913 0.00876088
698 -0.039592 -0.0663492 -0.0164004
699 -0.0321309 -0.0750476 -0.0073957
700 -0.0475171 -0.0573553 -0.00615912
701 -0.0484632 -0.0507267 -0.00671855
702 -0.047013 -0.067167 0.000617528
703 -0.0780403 -0.0233732 -0.0052943
704 -0.0933821 -0.0258735 -0.00151383
705 -0.0435666 -0.0809691 0.00948308
706 -0.071689 -0.0537393 0.00190589
707 -0.0998955 -0.0273572 0.00365485
708 -0.0724224 -0.0665045 0.00515371
709 -0.103184 -0.0371099 0.00175268
710 -0.0722639 -0.0882996 0.0157911
711 -0.0731089 -0.0553019 0.0460809
712 -0.0507183 -0.0307573 0.0269913
713 -0.0610262 -0.0990326 0.0330199
714 -0.0360248 -0.0992461 0.0383735
715 -0.0160346 -0.105293 0.0494271
716 -0.0414926 -0.101491 0.0464435
717 -0.0274441 -0.101559 0.059067
718 -0.0282407 -0.090511 -0.00556989
719 -0.0340578 -0.0928278 0.000987506
720 -0.0163187 -0.104318 0.00764153
721 -0.00595671 -0.106849 0.0195118
722 -0.0228804 -0.106836 0.0217121
723 -0.0434882 -0.0887526 0.0173982
724 -0.0303851 -0.0416008 0.0648145
725 -0.0198822 -0.070162 0.0318995
726 -0.0429811 -0.075465 0.058247
727 0.00330884 -0.0117097 -0.0392868
728 -0.00456363 -0.0216553 -0.0309557
729 -0.0129767 -0.0360223 -0.0324465
730 -0.0335674 -0.0218448 -0.0268163
731 0.0204054 -0.0400644 -0.0217201
732 -0.00625553 -0.0473072 -0.0241541
733 -0.042805 -0.0373035 -0.0229882
734 0.0200155 -0.0268567 -0.0218042
735 -0.0366557 -0.0487021 -0.0180377
736 -0.0465339 -0.0207401 -0.0154581
737 -0.0520495 -0.0361645 -0.0109189
738 -0.0131085 -0.0271167 0.0206317
739 -0.00774948 0.0211077 -0.0446557
740 0.0231942 0.0150405 -0.0397044
741 0.00631422 -0.000936327 -0.0402733
742 -0.0251234 -0.000361665 -0.0376201
743 0.00575267 0.00988323 -0.0385827
744 -0.0320237 -0.0122284 -0.033425
745 -0.0430207 0.00859162 -0.0310746
746 0.0384673 0.0214001 -0.0324624
747 -0.0464064 -0.00840043 -0.0291635
748 0.0265914 -0.0134992 -0.0294682
749 0.0283908 0.00327031 -0.026537
750 0.00338465 -0.00378847 -0.000497858
751 -0.0111543 0.00299634 0.0428613
752 -0.0281965 0.00776641 0.00668514
753 0.00733369 0.0402503 -0.00890565
754 -0.023716 0.0398629 -0.0452683
755 -0.0545999 0.043692 -0.0352493
756 -0.0408172 0.0406497 -0.0417009
757 -0.0504712 0.0161965 -0.035392
758 -0.0570112 0.0315439 -0.0224388
759 -0.0617916 0.0449531 -0.0210658
760 -0.0518736 0.00865528 -0.0182364
761 -0.0542185 0.000158922 -0.0144682
762 -0.0739324 0.0214389 -0.0126751
763 -0.0611542 -0.0182539 -0.0089303
764 -0.0716948 0.00154178 -0.0119629
765 -0.0835171 0.00822458 -0.00839907
766 -0.090977 0.0117516 0.00300725
767 -0.0264046 0.0407325 -0.0136206
768 -0.0556106 0.0238998 0.00847095
769 -0.091031 -0.00412072 -0.00606007
770 -0.0953007 0.0279699 0.00666478
771 -0.0988932 0.0500548 0.0120627
772 -0.112446 -0.00623178 0.0180238
773 -0.108123 0.0169821 0.0177339
774 -0.122241 0.00640572 0.0306384
775 -0.00703217 0.0318685 0.0193204
776 -0.0498063 0.0107891 0.0339915
777 -0.0480095 0.0489535 0.0215924
778 -0.0193156 0.0364524 0.0539053
779 -0.079175 0.0463055 0.0470194
780 -0.0814173 -0.00861486 0.0333945
781 -0.0341758 -0.00429979 0.0651176
782 -0.160611 -0.473475 0.106164
783 -0.211678 -0.492402 0.0921666
784 -0.187349 -0.491629 0.127934
785 -0.167102 -0.497094 0.132061
786 -0.156086 -0.493107 0.131921
787 -0.194169 -0.495734 0.0876174
788 -0.181008 -0.49411 0.0911023
789 -0.185163 -0.481633 0.0725449
790 -0.236243 -0.489647 0.0988191
791 -0.175949 -0.469413 0.0861939
792 -0.157438 -0.489253 0.116627
793 -0.168322 -0.484614 0.0981507
794 -0.18743 -0.463066 0.123562
795 -0.21743 -0.480875 0.162527
796 -0.206016 -0.469123 0.168426
797 -0.206011 -0.489964 0.135677
798 -0.179295 -0.479296 0.173543
799 -0.248427 -0.439007 0.135415
800 -0.19483 -0.491588 0.16926
801 -0.20762 -0.452444 0.163464
802 -0.180318 -0.455725 0.166613
803 -0.229525 -0.458269 0.153387
804 -0.227585 -0.441243 0.151602
805 -0.205444 -0.495814 0.158725
806 -0.198726 -0.441508 0.16186
807 -0.224607 -0.45736 0.11994
808 -0.154479 -0.462896 0.120273
809 -0.159191 -0.443897 0.125499
810 -0.145987 -0.481665 0.133353
811 -0.151867 -0.463176 0.134727
812 -0.163478 -0.465265 0.167812
813 -0.163083 -0.48736 0.16857
814 -0.161146 -0.47981 0.164123
815 -0.15616 -0.452322 0.149064
816 -0.155697 -0.492313 0.150934
817 -0.152747 -0.46956 0.153904
818 -0.17731 -0.496162 0.156867
819 -0.151548 -0.484512 0.152646
820 -0.173913 -0.442146 0.15723
821 -0.178276 -0.472808 0.146159
822 -0.194986 -0.489298 0.0636937
823 -0.225215 -0.493814 0.0526309
824 -0.21264 -0.497404 0.0477747
825 -0.207277 -0.492297 0.0396672
826 -0.198305 -0.477014 0.0504983
827 -0.212295 -0.461289 0.0362782
828 -0.217598 -0.483966 0.00953911
829 -0.223921 -0.495524 0.0136128
830 -0.234007 -0.497021 0.0142542
831 -0.215738 -0.476118 0.0202761
832 -0.212294 -0.488559 0.023198
833 -0.248534 -0.492261 0.0267871
834 -0.20969 -0.469487 0.0269253
835 -0.20958 -0.47697 0.0355465
836 -0.215363 -0.436169 0.0416939
837 -0.232269 -0.431205 0.0421303
838 -0.245261 -0.490637 0.0611011
839 -0.22603 -0.461874 0.00189938
840 -0.237495 -0.446357 0.00507615
841 -0.252717 -0.446246 0.00736057
842 -0.228043 -0.447238 0.00622414
843 -0.218723 -0.453237 0.0225432
844 -0.247778 -0.438525 0.0114731
845 -0.23558 -0.439333 0.0247784
846 -0.25389 -0.439026 0.0188754
847 -0.218775 -0.446652 0.0320703
848 -0.254359 -0.435702 0.0342094
849 -0.228573 -0.459333 0.0615748
850 -0.242658 -0.465049 0.0234377
851 -0.273581 -0.467659 0.00707135
852 -0.270855 -0.468865 -0.00729199
853 -0.238493 -0.48117 -0.0104022
854 -0.260599 -0.49624 -0.0077912
855 -0.254725 -0.454681 -0.00744062
856 -0.238487 -0.470977 -0.0103382
857 -0.279037 -0.48474 -0.00919141
858 -0.243732 -0.49413 0.0016338
859 -0.2753 -0.491647 0.0029474
860 -0.230834 -0.464153 -0.00768647
861 -0.228271 -0.483131 -0.00362754
862 -0.241762 -0.451372 -0.00521821
863 -0.256299 -0.449075 -4.65714e-05
864 -0.274309 -0.496886 0.0156128
865 -0.290953 -0.495433 -0.0593954
866 -0.282379 -0.496327 -0.0637976
867 -0.281405 -0.481246 -0.0592097
868 -0.270177 -0.476676 -0.0521237
869 -0.264159 -0.485241 -0.0467294
870 -0.27727 -0.469784 -0.0385644
871 -0.285618 -0.491974 -0.0405978
872 -0.269255 -0.493606 -0.0382344
873 -0.270204 -0.467762 -0.0407065
874 -0.282571 -0.479329 -0.0339745
875 -0.253734 -0.467673 -0.0279632
876 -0.263494 -0.460816 -0.0232644
877 -0.255052 -0.490521 -0.0266039
878 -0.288143 -0.484022 -0.0287364
879 -0.277663 -0.492035 -0.0195718
880 -0.251511 -0.491335 0.106896
881 -0.237042 -0.493795 0.137261
882 -0.225389 -0.490616 0.134908
883 -0.25362 -0.491363 0.128272
884 -0.252403 -0.47154 0.133271
885 -0.277546 -0.492346 0.108554
886 -0.270988 -0.495331 0.105345
887 -0.267517 -0.484184 0.115826
888 -0.220886 -0.491413 0.159133
889 -0.275223 -0.472749 0.11235
890 -0.236566 -0.490671 0.144488
891 -0.231826 -0.473097 0.153146
892 -0.314571 -0.449917 0.0491921
893 -0.329453 -0.490786 0.0645097
894 -0.302147 -0.490228 0.0629383
895 -0.327017 -0.49466 0.0773655
896 -0.316481 -0.496548 0.0750285
897 -0.3313 -0.462597 0.0715781
898 -0.318086 -0.462122 0.0886113
899 -0.317044 -0.446749 0.0758126
900 -0.314795 -0.494447 0.0868089
901 -0.322156 -0.447085 0.0585737
902 -0.32048 -0.478136 0.0857785
903 -0.299756 -0.490379 0.0965295
904 -0.303816 -0.473213 0.0971274
905 -0.295142 -0.441281 0.0480502
906 -0.271706 -0.445646 0.113241
907 -0.273776 -0.429036 0.059925
908 -0.251633 -0.427628 0.0481427
909 -0.267806 -0.490065 0.0666309
910 -0.287856 -0.437607 0.0893875
911 -0.260768 -0.443533 0.126373
912 -0.301794 -0.445738 0.0837713
913 -0.308822 -0.438498 0.0606898
914 -0.287844 -0.433305 0.0747785
915 -0.26214 -0.419452 0.0708455
916 -0.280115 -0.425143 0.0831787
917 -0.302286 -0.437899 0.0508259
918 -0.29206 -0.433385 0.0616565
919 -0.286955 -0.455329 0.101065
920 -0.255418 -0.460635 0.0852759
921 -0.307639 -0.457399 0.0426168
922 -0.323829 -0.454444 0.0517777
923 -0.306909 -0.49358 0.0498331
924 -0.278856 -0.491555 0.040476
925 -0.314392 -0.491287 0.0401867
926 -0.320532 -0.480232 0.0285978
927 -0.264632 -0.449661 0.0187045
928 -0.292428 -0.495507 0.0288625
929 -0.258031 -0.441428 0.0242688
930 -0.279628 -0.434138 0.0309943
931 -0.266851 -0.435499 0.0255048
932 -0.260478 -0.43088 0.0387121
933 -0.271482 -0.461899 0.0486901
934 -0.332771 -0.470941 0.064223
935 -0.330682 -0.491936 0.0508803
936 -0.349875 -0.486847 0.0478329
937 -0.345779 -0.470437 0.0520199
938 -0.330155 -0.457799 0.0549896
939 -0.328891 -0.488888 0.0422516
940 -0.36528 -0.491553 0.0139717
941 -0.369581 -0.489674 0.0215298
942 -0.365644 -0.478957 0.0145491
943 -0.350792 -0.486916 0.0213452
944 -0.335992 -0.475886 0.023768
945 -0.364962 -0.47356 0.0244929
946 -0.351706 -0.464616 0.0252061
947 -0.336593 -0.461732 0.0300091
948 -0.326427 -0.457836 0.0404492
949 -0.323993 -0.475787 0.0290877
950 -0.28321 -0.477328 -0.000218928
951 -0.287613 -0.481871 -0.00090381
952 -0.300757 -0.451115 0.000990123
953 -0.289103 -0.491232 0.0107874
954 -0.285331 -0.452721 0.012622
955 -0.315495 -0.455542 0.00905923
956 -0.311173 -0.494117 0.0221235
957 -0.32627 -0.48642 0.0136594
958 -0.270438 -0.454132 0.0111011
959 -0.313036 -0.466783 0.0262339
960 -0.298543 -0.448651 0.0210313
961 -0.279826 -0.443768 0.0166492
962 -0.291067 -0.443587 0.0245894
963 -0.343072 -0.49264 -0.0431296
964 -0.339171 -0.497219 -0.0370996
965 -0.322474 -0.48834 -0.0331934
966 -0.3337 -0.476697 -0.0363907
967 -0.317523 -0.482465 -0.0308917
968 -0.343375 -0.494778 -0.026722
969 -0.340268 -0.476074 -0.0263152
970 -0.329931 -0.465498 -0.0231765
971 -0.309393 -0.492433 -0.0131132
972 -0.323489 -0.495999 -0.00752099
973 -0.316185 -0.455476 -0.0100414
974 -0.306013 -0.464122 -0.0143068
975 -0.326007 -0.463731 -0.00106105
976 -0.331648 -0.485259 -0.00103525
977 -0.158134 -0.388517 0.124067
978 -0.167723 -0.400138 0.0666695
979 -0.161803 -0.37614 0.131093
980 -0.178264 -0.417849 0.0733557
981 -0.150864 -0.393642 0.088398
982 -0.15027 -0.371114 0.074707
983 -0.150698 -0.407112 0.108988
984 -0.154473 -0.398592 0.115023
985 -0.151179 -0.381587 0.10922
986 -0.162964 -0.410513 0.0792844
987 -0.155703 -0.409315 0.0949152
988 -0.148873 -0.390313 0.103985
989 -0.174927 -0.388886 0.102646
990 -0.162789 -0.401087 0.132208
991 -0.16603 -0.413148 0.128325
992 -0.170461 -0.433413 0.138803
993 -0.17339 -0.400886 0.143309
994 -0.176894 -0.389104 0.145455
995 -0.171984 -0.369371 0.140003
996 -0.18229 -0.407967 0.146631
997 -0.183688 -0.374275 0.149381
998 -0.196597 -0.395089 0.154583
999 -0.19843 -0.362012 0.153274
1000 -0.197249 -0.381198 0.153069
1001 -0.206807 -0.379063 0.151685
1002 -0.201074 -0.395827 0.113587
1003 -0.183043 -0.415178 0.110037
1004 -0.159851 -0.44901 0.109603
1005 -0.164542 -0.435941 0.120276
1006 -0.164836 -0.432778 0.105158
1007 -0.158823 -0.414983 0.11647
1008 -0.172313 -0.443226 0.0779126
1009 -0.175376 -0.433061 0.0830697
1010 -0.16942 -0.456671 0.0930105
1011 -0.164707 -0.417844 0.0931628
1012 -0.1809 -0.433094 0.150081
1013 -0.209425 -0.416196 0.150649
1014 -0.161866 -0.440293 0.101073
1015 -0.201338 -0.431667 0.152304
1016 -0.19498 -0.407434 0.150298
1017 -0.199581 -0.434768 0.117301
1018 -0.158034 -0.346579 0.128521
1019 -0.150331 -0.330896 0.117617
1020 -0.158556 -0.309794 0.126418
1021 -0.170087 -0.297372 0.134591
1022 -0.159494 -0.291804 0.126394
1023 -0.149307 -0.359231 0.114921
1024 -0.147153 -0.326897 0.104993
1025 -0.148927 -0.294482 0.111946
1026 -0.142841 -0.318721 0.0960096
1027 -0.1467 -0.349347 0.105767
1028 -0.190272 -0.329496 0.0710254
1029 -0.184562 -0.361467 0.0940333
1030 -0.171966 -0.321465 0.100934
1031 -0.216935 -0.326113 0.0831124
1032 -0.147045 -0.357284 0.0667409
1033 -0.141182 -0.349374 0.0760243
1034 -0.138331 -0.342514 0.0650725
1035 -0.138743 -0.330065 0.0822592
1036 -0.159968 -0.356201 0.0444605
1037 -0.14278 -0.333053 0.0529516
1038 -0.158895 -0.382146 0.0671799
1039 -0.158487 -0.37629 0.0596532
1040 -0.144899 -0.368417 0.0917221
1041 -0.142298 -0.34913 0.0973418
1042 -0.16258 -0.34547 0.0362234
1043 -0.168634 -0.346285 0.0747271
1044 -0.169792 -0.346632 0.139246
1045 -0.166598 -0.319404 0.136384
1046 -0.17708 -0.287466 0.136558
1047 -0.192535 -0.278872 0.141426
1048 -0.176786 -0.34985 0.145164
1049 -0.181687 -0.323016 0.147453
1050 -0.18956 -0.305775 0.145328
1051 -0.194802 -0.344598 0.150909
1052 -0.189342 -0.334045 0.148888
1053 -0.225755 -0.356436 0.151921
1054 -0.214397 -0.34866 0.152189
1055 -0.203554 -0.323245 0.152174
1056 -0.200011 -0.325193 0.111395
1057 -0.194001 -0.357581 0.124618
1058 -0.194219 -0.291545 0.114215
1059 -0.260205 -0.282235 0.131335
1060 -0.248118 -0.268915 0.140192
1061 -0.239548 -0.291678 0.147583
1062 -0.252467 -0.300506 0.140998
1063 -0.230675 -0.277226 0.150485
1064 -0.235408 -0.332962 0.149712
1065 -0.207715 -0.28335 0.146221
1066 -0.218859 -0.273991 0.145119
1067 -0.238361 -0.31064 0.148245
1068 -0.203619 -0.308433 0.152078
1069 -0.218228 -0.326485 0.153925
1070 -0.226663 -0.309437 0.152435
1071 -0.223889 -0.2969 0.150267
1072 -0.22571 -0.295549 0.10374
1073 -0.225008 -0.316831 0.123332
1074 -0.201492 -0.451533 0.049924
1075 -0.204715 -0.438978 0.0492389
1076 -0.215183 -0.428394 0.0537786
1077 -0.226387 -0.419402 0.055115
1078 -0.238492 -0.421052 0.0550627
1079 -0.186193 -0.454435 0.0645688
1080 -0.186956 -0.440716 0.0634184
1081 -0.198679 -0.431028 0.0607017
1082 -0.193074 -0.416546 0.0608295
1083 -0.235711 -0.411205 0.0570888
1084 -0.211211 -0.412613 0.055016
1085 -0.227453 -0.440437 0.0900052
1086 -0.204865 -0.394489 0.0770968
1087 -0.202004 -0.429613 0.083896
1088 -0.202834 -0.396448 0.0466228
1089 -0.183096 -0.387098 0.0477223
1090 -0.172051 -0.369264 0.0423685
1091 -0.202377 -0.335258 0.0192178
1092 -0.210653 -0.34445 0.0193855
1093 -0.205765 -0.354154 0.0270965
1094 -0.187925 -0.344868 0.0238078
1095 -0.197262 -0.362526 0.0290254
1096 -0.176941 -0.352293 0.0289235
1097 -0.214007 -0.366547 0.0296153
1098 -0.201325 -0.374391 0.0335227
1099 -0.20994 -0.38789 0.0398626
1100 -0.185867 -0.381039 0.0407053
1101 -0.205273 -0.367283 0.066328
1102 -0.203198 -0.343933 0.0520709
1103 -0.208363 -0.403622 0.0485069
1104 -0.237129 -0.396377 0.0440161
1105 -0.228939 -0.40217 0.0501238
1106 -0.226903 -0.385152 0.045251
1107 -0.243365 -0.386293 0.0503827
1108 -0.24787 -0.375481 0.0435011
1109 -0.245228 -0.360502 0.0424496
1110 -0.186778 -0.408765 0.0549437
1111 -0.247304 -0.397858 0.0566997
1112 -0.219539 -0.354632 0.0332746
1113 -0.233857 -0.358225 0.0318539
1114 -0.22391 -0.366728 0.039016
1115 -0.232726 -0.373599 0.0419258
1116 -0.263745 -0.359915 0.0795372
1117 -0.266055 -0.360973 0.0579776
1118 -0.269301 -0.346368 0.0696938
1119 -0.266692 -0.342334 0.0799276
1120 -0.255139 -0.371072 0.0549636
1121 -0.264734 -0.355866 0.125492
1122 -0.251924 -0.366138 0.138919
1123 -0.258784 -0.345453 0.132904
1124 -0.254197 -0.350512 0.138428
1125 -0.26373 -0.351362 0.0551647
1126 -0.271938 -0.352267 0.0986281
1127 -0.241654 -0.350078 0.145913
1128 -0.268748 -0.36232 0.098041
1129 -0.231835 -0.348454 0.0721165
1130 -0.236675 -0.355056 0.116156
1131 -0.262691 -0.30436 0.130114
1132 -0.266581 -0.333539 0.126217
1133 -0.271502 -0.309407 0.11826
1134 -0.27184 -0.347052 0.114415
1135 -0.273398 -0.327756 0.109983
1136 -0.273336 -0.320592 0.0865207
1137 -0.255964 -0.326614 0.13784
1138 -0.253158 -0.314027 0.137597
1139 -0.272613 -0.341045 0.0966178
1140 -0.278434 -0.331034 0.0942231
1141 -0.277123 -0.313358 0.0998852
1142 -0.243357 -0.33168 0.0996129
1143 -0.251099 -0.307563 0.101149
1144 -0.242408 -0.401246 0.133267
1145 -0.247488 -0.429854 0.130274
1146 -0.26046 -0.387824 0.12437
1147 -0.253266 -0.380931 0.13527
1148 -0.265667 -0.370182 0.117288
1149 -0.229147 -0.415708 0.144412
1150 -0.233913 -0.391183 0.147493
1151 -0.22933 -0.431723 0.142087
1152 -0.21746 -0.403784 0.1471
1153 -0.237517 -0.376865 0.147184
1154 -0.217751 -0.370137 0.152894
1155 -0.213332 -0.392967 0.153939
1156 -0.217487 -0.360359 0.101526
1157 -0.228353 -0.389587 0.114297
1158 -0.260026 -0.401205 0.111527
1159 -0.267686 -0.422987 0.101946
1160 -0.260353 -0.428607 0.116588
1161 -0.2587 -0.383193 0.0626581
1162 -0.255642 -0.409407 0.0743829
1163 -0.260925 -0.39664 0.0690919
1164 -0.265181 -0.386879 0.0797118
1165 -0.266503 -0.370091 0.0722452
1166 -0.264752 -0.390749 0.102646
1167 -0.263178 -0.402821 0.0896065
1168 -0.269578 -0.4201 0.0884761
1169 -0.269679 -0.390766 0.0880447
1170 -0.264297 -0.379301 0.0929496
1171 -0.23111 -0.382068 0.0807326
1172 -0.226303 -0.419606 0.11471
1173 -0.19108 -0.1378 -0.0170089
1174 -0.18404 -0.153085 -0.0137847
1175 -0.170565 -0.14434 -0.0142099
1176 -0.17356 -0.132601 -0.0136395
1177 -0.183873 -0.124497 -0.0151268
1178 -0.165015 -0.110768 -0.0115269
1179 -0.164654 -0.161981 -0.0101535
1180 -0.179832 -0.0992276 -0.00920564
1181 -0.167987 -0.153637 0.0915495
1182 -0.18338 -0.123033 0.0190284
1183 -0.172741 -0.124974 0.0696242
1184 -0.186202 -0.161837 0.0686437
1185 -0.112364 -0.174115 0.0647979
1186 -0.141431 -0.188975 0.0323494
1187 -0.125123 -0.187043 0.0619756
1188 -0.115927 -0.16561 0.0369448
1189 -0.144872 -0.144555 -0.00835576
1190 -0.153999 -0.165186 -0.00393324
1191 -0.133924 -0.134727 -0.0024325
1192 -0.147542 -0.173749 0.000275458
1193 -0.136075 -0.16619 0.00377734
1194 -0.125581 -0.157698 0.00531681
1195 -0.117647 -0.147179 0.00842208
1196 -0.137332 -0.167789 0.016235
1197 -0.159484 -0.16132 0.0541663
1198 -0.152192 -0.135975 0.0271196
1199 -0.146711 -0.203889 0.0461242
1200 -0.186503 -0.179026 -0.0114296
1201 -0.187481 -0.165607 -0.0157711
1202 -0.171527 -0.176153 -0.00855651
1203 -0.200352 -0.200027 -0.0077607
1204 -0.177724 -0.194514 -0.00523841
1205 -0.159213 -0.184827 -0.00156209
1206 -0.179173 -0.202715 0.00367952
1207 -0.159533 -0.187498 0.00994013
1208 -0.163813 -0.203584 0.0179482
1209 -0.151888 -0.196624 0.0238657
1210 -0.163645 -0.215584 0.032279
1211 -0.179309 -0.162701 0.0201108
1212 -0.188283 -0.189238 0.0436414
1213 -0.261258 -0.20435 0.0717978
1214 -0.250416 -0.196236 0.084275
1215 -0.207692 -0.197251 0.119937
1216 -0.195757 -0.212467 0.106941
1217 -0.218304 -0.206581 0.106699
1218 -0.232129 -0.179736 0.112558
1219 -0.236174 -0.186769 0.108308
1220 -0.253221 -0.182959 0.0916682
1221 -0.240508 -0.195575 0.0974475
1222 -0.2291 -0.208545 0.103321
1223 -0.213974 -0.216458 0.109235
1224 -0.209106 -0.220816 0.0633565
1225 -0.211382 -0.182773 0.0757524
1226 -0.233254 -0.201819 0.0584961
1227 -0.166714 -0.198214 0.124263
1228 -0.185679 -0.190485 0.128885
1229 -0.171826 -0.188444 0.13163
1230 -0.198902 -0.18094 0.131704
1231 -0.22704 -0.173741 0.120742
1232 -0.22233 -0.165182 0.124624
1233 -0.21923 -0.15648 0.1329
1234 -0.183083 -0.207025 0.11726
1235 -0.177401 -0.201044 0.119415
1236 -0.193842 -0.171199 0.139949
1237 -0.178324 -0.172168 0.14036
1238 -0.198138 -0.157212 0.141303
1239 -0.205609 -0.189621 0.122546
1240 -0.196847 -0.168148 0.105359
1241 -0.167303 -0.17861 0.104247
1242 -0.152241 -0.194637 0.121612
1243 -0.134908 -0.211642 0.0703032
1244 -0.117598 -0.194517 0.0682067
1245 -0.10646 -0.18298 0.0719093
1246 -0.118822 -0.199302 0.0776749
1247 -0.105125 -0.182738 0.0821133
1248 -0.156808 -0.204894 0.115808
1249 -0.138557 -0.208219 0.0835317
1250 -0.139225 -0.19499 0.11131
1251 -0.122563 -0.196788 0.0848684
1252 -0.111012 -0.181945 0.0963127
1253 -0.142898 -0.209722 0.0930684
1254 -0.129898 -0.207047 0.0951848
1255 -0.124444 -0.195063 0.0994259
1256 -0.139447 -0.168872 0.0868817
1257 -0.160393 -0.233143 0.0573834
1258 -0.155748 -0.219217 0.0714065
1259 -0.156316 -0.220185 0.0551452
1260 -0.161804 -0.227174 0.0830484
1261 -0.142792 -0.21545 0.0790031
1262 -0.157033 -0.219271 0.0885521
1263 -0.177755 -0.217417 0.101114
1264 -0.143672 -0.205826 0.0617786
1265 -0.146001 -0.216655 0.0902914
1266 -0.168511 -0.225162 0.0949292
1267 -0.16 -0.214987 0.099721
1268 -0.174264 -0.187899 0.0787406
1269 -0.183203 -0.213411 0.0712095
1270 -0.268202 -0.184795 0.0548203
1271 -0.270541 -0.16552 0.0423866
1272 -0.267556 -0.145966 0.0490085
1273 -0.262916 -0.124294 0.039833
1274 -0.254812 -0.166391 0.00231129
1275 -0.260051 -0.152434 0.00894532
1276 -0.262759 -0.17082 0.0142318
1277 -0.26743 -0.15895 0.0265969
1278 -0.261175 -0.137339 0.0203267
1279 -0.254676 -0.124476 0.021917
1280 -0.268188 -0.17553 0.0311947
1281 -0.270105 -0.15009 0.0351098
1282 -0.268177 -0.134239 0.0380097
1283 -0.240373 -0.151308 0.0364323
1284 -0.217146 -0.129815 -0.0146735
1285 -0.202508 -0.117797 -0.0135479
1286 -0.230571 -0.119909 -0.00640579
1287 -0.218391 -0.111489 -0.00757671
1288 -0.233431 -0.127162 -0.00492071
1289 -0.201562 -0.0941227 -0.00570032
1290 -0.248749 -0.134832 -0.000179063
1291 -0.252012 -0.124436 0.00998055
1292 -0.244792 -0.113814 0.00644284
1293 -0.225045 -0.104221 0.00148635
1294 -0.237683 -0.102522 0.0152014
1295 -0.250137 -0.112112 0.0183043
1296 -0.256765 -0.110505 0.0260265
1297 -0.229342 -0.126085 0.022422
1298 -0.240347 -0.189131 -0.0205589
1299 -0.224291 -0.187171 -0.0129651
1300 -0.216705 -0.188931 -0.0136039
1301 -0.231514 -0.164581 -0.0154535
1302 -0.210004 -0.161416 -0.0163512
1303 -0.205799 -0.1537 -0.0184366
1304 -0.200187 -0.14092 -0.0162243
1305 -0.195601 -0.188366 -0.0136961
1306 -0.244228 -0.168308 -0.00689403
1307 -0.227016 -0.15569 -0.0137173
1308 -0.220777 -0.146764 -0.0168733
1309 -0.237143 -0.140224 -0.0118174
1310 -0.242539 -0.151411 -0.00793914
1311 -0.219979 -0.173982 0.0274692
1312 -0.210177 -0.143203 0.0108163
1313 -0.242837 -0.0783909 0.0524191
1314 -0.204438 -0.0833404 0.00706546
1315 -0.231579 -0.0956153 0.00809568
1316 -0.223416 -0.0807213 0.0157548
1317 -0.214121 -0.0765879 0.0188872
1318 -0.229795 -0.0830106 0.0233401
1319 -0.246107 -0.0987947 0.0266491
1320 -0.235309 -0.0808955 0.029587
1321 -0.220431 -0.0688953 0.0315653
1322 -0.197757 -0.141638 0.0490942
1323 -0.194851 -0.100192 0.0476044
1324 -0.213055 -0.0981117 0.0260416
1325 -0.264742 -0.131601 0.0637145
1326 -0.257183 -0.108861 0.0727012
1327 -0.246849 -0.0858235 0.070305
1328 -0.24058 -0.07885 0.0739897
1329 -0.261801 -0.113926 0.0473937
1330 -0.253888 -0.105685 0.0592929
1331 -0.252276 -0.100948 0.041332
1332 -0.236293 -0.0727089 0.0543854
1333 -0.260453 -0.121051 0.0579158
1334 -0.260905 -0.127137 0.0830665
1335 -0.252086 -0.0988169 0.0899567
1336 -0.24112 -0.0833971 0.0973891
1337 -0.201462 -0.106173 0.0817316
1338 -0.226709 -0.119898 0.0469052
1339 -0.228717 -0.115066 0.0757251
1340 -0.238349 -0.134959 0.121546
1341 -0.219111 -0.146154 0.134338
1342 -0.23528 -0.12783 0.129194
1343 -0.232521 -0.108391 0.131169
1344 -0.231275 -0.0972944 0.127382
1345 -0.2534 -0.116602 0.09142
1346 -0.218298 -0.135779 0.141483
1347 -0.213811 -0.108823 0.145751
1348 -0.246126 -0.119396 0.109138
1349 -0.247902 -0.106303 0.106846
1350 -0.200464 -0.139395 0.150981
1351 -0.20963 -0.122988 0.150161
1352 -0.190285 -0.124708 0.115279
1353 -0.215917 -0.112336 0.106899
1354 -0.244502 -0.144531 0.116491
1355 -0.270255 -0.169766 0.0620259
1356 -0.269193 -0.162726 0.0623634
1357 -0.264417 -0.156194 0.078059
1358 -0.270277 -0.145075 0.0597952
1359 -0.259589 -0.142134 0.0820457
1360 -0.244962 -0.156906 0.108928
1361 -0.252976 -0.17325 0.09004
1362 -0.260935 -0.161652 0.088973
1363 -0.248958 -0.165655 0.104557
1364 -0.256286 -0.147844 0.0938064
1365 -0.254093 -0.1328 0.0999141
1366 -0.213856 -0.143768 0.0899923
1367 -0.236341 -0.160289 0.0657515
1368 -0.261097 -0.269199 0.127125
1369 -0.255662 -0.248775 0.118414
1370 -0.232914 -0.242525 0.12611
1371 -0.222889 -0.245147 0.127604
1372 -0.212427 -0.259748 0.136571
1373 -0.272506 -0.285562 0.116139
1374 -0.27102 -0.255662 0.103885
1375 -0.2582 -0.234704 0.0992999
1376 -0.240521 -0.225834 0.100053
1377 -0.270588 -0.248086 0.0893706
1378 -0.248002 -0.222905 0.0910894
1379 -0.275674 -0.265194 0.0918777
1380 -0.245063 -0.264566 0.110711
1381 -0.143227 -0.274587 0.0587446
1382 -0.146888 -0.259259 0.0592155
1383 -0.157176 -0.24914 0.0783332
1384 -0.161901 -0.246168 0.065258
1385 -0.157191 -0.276339 0.118408
1386 -0.144602 -0.273861 0.0847562
1387 -0.147179 -0.261196 0.0831153
1388 -0.164585 -0.242451 0.0745897
1389 -0.157225 -0.268011 0.10861
1390 -0.145539 -0.287031 0.100323
1391 -0.152424 -0.260115 0.096053
1392 -0.178555 -0.285872 0.0849172
1393 -0.194111 -0.249735 0.0614304
1394 -0.172568 -0.270896 0.0620951
1395 -0.169605 -0.265841 0.123554
1396 -0.185907 -0.270895 0.133837
1397 -0.206278 -0.252398 0.132416
1398 -0.189705 -0.245572 0.123418
1399 -0.181617 -0.243893 0.111233
1400 -0.208186 -0.231865 0.109572
1401 -0.221853 -0.228923 0.107166
1402 -0.218543 -0.235578 0.118597
1403 -0.172164 -0.236529 0.0899992
1404 -0.181776 -0.233493 0.103473
1405 -0.218094 -0.271563 0.0650705
1406 -0.222933 -0.260336 0.102179
1407 -0.199076 -0.264445 0.0867815
1408 -0.212711 -0.240233 0.0832236
1409 -0.186731 -0.312271 0.0125872
1410 -0.168348 -0.287532 0.0128493
1411 -0.197205 -0.327406 0.0140404
1412 -0.165797 -0.312646 0.0189674
1413 -0.168463 -0.300317 0.0126777
1414 -0.219118 -0.332265 0.025103
1415 -0.167361 -0.33055 0.0256882
1416 -0.166692 -0.320103 0.0190376
1417 -0.157776 -0.282197 0.0208205
1418 -0.153374 -0.324632 0.0367615
1419 -0.157942 -0.333595 0.0316207
1420 -0.184506 -0.292787 0.0514417
1421 -0.206131 -0.300479 0.0748557
1422 -0.200124 -0.31811 0.0444227
1423 -0.13603 -0.318228 0.0622019
1424 -0.137182 -0.304447 0.0762769
1425 -0.140995 -0.281458 0.0710035
1426 -0.142561 -0.323444 0.0443912
1427 -0.137311 -0.302848 0.0495996
1428 -0.135875 -0.296528 0.0572078
1429 -0.142635 -0.276147 0.0487989
1430 -0.140482 -0.312241 0.0893203
1431 -0.154115 -0.300215 0.0232678
1432 -0.152343 -0.273724 0.0311599
1433 -0.145113 -0.312408 0.0355472
1434 -0.143378 -0.289631 0.0361558
1435 -0.165661 -0.311478 0.0670001
1436 -0.154047 -0.287413 0.0514234
1437 -0.208944 -0.277645 0.00604823
1438 -0.196718 -0.274226 0.00217097
1439 -0.218627 -0.294318 0.00907665
1440 -0.187549 -0.275579 0.00791198
1441 -0.192209 -0.300692 0.0067511
1442 -0.188332 -0.287733 0.00862832
1443 -0.174296 -0.28014 0.006451
1444 -0.173959 -0.269955 0.00887077
1445 -0.186383 -0.263728 0.0125025
1446 -0.224506 -0.310199 0.0102758
1447 -0.209299 -0.306304 0.0147364
1448 -0.202222 -0.295943 0.00952835
1449 -0.167998 -0.266388 0.0201311
1450 -0.210138 -0.284586 0.0368384
1451 -0.155988 -0.255234 0.0474304
1452 -0.166459 -0.247258 0.0442808
1453 -0.164188 -0.233928 0.0428866
1454 -0.194527 -0.222024 0.00479531
1455 -0.210228 -0.256032 -0.00627124
1456 -0.20496 -0.263607 0.00392968
1457 -0.199773 -0.248188 0.00512981
1458 -0.191003 -0.235694 0.00636327
1459 -0.185111 -0.245044 0.015251
1460 -0.176824 -0.221779 0.0188459
1461 -0.165387 -0.256302 0.025297
1462 -0.174041 -0.245222 0.0274668
1463 -0.158849 -0.266026 0.0316959
1464 -0.201974 -0.233725 0.0394756
1465 -0.188285 -0.267288 0.0402955
1466 -0.275636 -0.305581 0.0640183
1467 -0.277443 -0.310626 0.077852
1468 -0.274981 -0.290153 0.0698195
1469 -0.278046 -0.273321 0.0677007
1470 -0.282341 -0.277408 0.0441717
1471 -0.275353 -0.296076 0.0871812
1472 -0.275982 -0.268282 0.0810359
1473 -0.283453 -0.277046 0.0590605
1474 -0.278031 -0.282736 0.0843666
1475 -0.277397 -0.296938 0.095081
1476 -0.276171 -0.277368 0.100269
1477 -0.242474 -0.304753 0.0755886
1478 -0.250484 -0.283198 0.0902661
1479 -0.268209 -0.32654 0.0721241
1480 -0.256584 -0.345397 0.0441446
1481 -0.270549 -0.34353 0.046227
1482 -0.266861 -0.331355 0.04416
1483 -0.275946 -0.31266 0.0542799
1484 -0.269214 -0.337864 0.058716
1485 -0.273594 -0.326193 0.0610445
1486 -0.243535 -0.329012 0.0243867
1487 -0.25256 -0.33913 0.0262842
1488 -0.236839 -0.342891 0.0307051
1489 -0.259656 -0.330507 0.0369753
1490 -0.271322 -0.319736 0.0345929
1491 -0.251861 -0.353412 0.0406185
1492 -0.230418 -0.316185 0.0594132
1493 -0.252325 -0.312347 0.0506704
1494 -0.275912 -0.303374 0.0467857
1495 -0.282117 -0.292056 0.0427804
1496 -0.23818 -0.301858 0.0103528
1497 -0.260808 -0.291301 0.00989451
1498 -0.252585 -0.300616 0.0170629
1499 -0.222136 -0.319848 0.0195527
1500 -0.248386 -0.314724 0.0161366
1501 -0.266121 -0.286012 0.0207419
1502 -0.232022 -0.330393 0.021172
1503 -0.254973 -0.322004 0.0289719
1504 -0.272364 -0.285726 0.0301656
1505 -0.268765 -0.303681 0.0315475
1506 -0.248637 -0.275287 0.0515554
1507 -0.235413 -0.297026 0.0392325
1508 -0.27466 -0.205202 0.0408997
1509 -0.258965 -0.233014 -0.0102941
1510 -0.271199 -0.226148 -0.00759533
1511 -0.256853 -0.246225 0.00481572
1512 -0.264226 -0.244217 0.00948347
1513 -0.27658 -0.231455 0.00677946
1514 -0.27294 -0.235676 0.0241856
1515 -0.272549 -0.191191 0.0266507
1516 -0.277047 -0.217299 0.0258911
1517 -0.276679 -0.233984 0.0404342
1518 -0.230105 -0.203751 0.0221693
1519 -0.240009 -0.229506 0.0460297
1520 -0.252224 -0.219187 0.0130927
1521 -0.229309 -0.233833 0.0181889
1522 -0.244193 -0.199846 -0.0222218
1523 -0.249642 -0.226482 -0.0156276
1524 -0.264198 -0.211102 -0.0176137
1525 -0.257292 -0.1865 -0.0166573
1526 -0.224342 -0.22195 -0.00780617
1527 -0.270777 -0.193836 -0.0120672
1528 -0.279092 -0.214857 -0.00250953
1529 -0.261438 -0.17336 -0.00851447
1530 -0.276741 -0.189237 -0.00287166
1531 -0.281383 -0.216908 0.00835398
1532 -0.275769 -0.184959 0.00882162
1533 -0.248925 -0.192798 0.00462796
1534 -0.284275 -0.262541 0.074104
1535 -0.28374 -0.2544 0.0539064
1536 -0.274768 -0.2492 0.0779163
1537 -0.278322 -0.237119 0.0660557
1538 -0.269695 -0.233453 0.0797468
1539 -0.265026 -0.22719 0.0735758
1540 -0.281056 -0.261237 0.0615087
1541 -0.281916 -0.239438 0.0492945
1542 -0.276332 -0.230718 0.0491671
1543 -0.271255 -0.254964 0.0180859
1544 -0.27751 -0.274425 0.0204609
1545 -0.278397 -0.266204 0.0288055
1546 -0.282637 -0.250041 0.0279592
1547 -0.281701 -0.258925 0.0390198
1548 -0.247193 -0.258373 0.0752884
1549 -0.252431 -0.252222 0.0375773
1550 -0.24306 -0.245688 -0.00023537
1551 -0.243253 -0.258903 -0.00706167
1552 -0.214501 -0.244257 -0.00116217
1553 -0.225531 -0.269344 -0.00491782
1554 -0.235245 -0.268583 -0.00235494
1555 -0.220956 -0.260869 -0.00378349
1556 -0.233061 -0.246966 -0.0013313
1557 -0.242801 -0.281698 0.00112689
1558 -0.224125 -0.286041 0.00257132
1559 -0.250843 -0.261017 0.00233348
1560 -0.249373 -0.285259 0.00826858
1561 -0.258854 -0.274957 0.0121742
1562 -0.26086 -0.25767 0.00553972
1563 -0.227286 -0.260004 0.03058
1564 0.126925 -0.265284 0.0383384
1565 0.191881 -0.231454 -0.0115998
1566 0.194659 -0.258582 -0.00584817
1567 0.183667 -0.221683 -0.00458255
1568 0.175668 -0.251258 -0.00039502
1569 0.160598 -0.228105 -0.00199057
1570 0.16089 -0.2659 0.00855864
1571 0.144046 -0.233889 0.00478781
1572 0.130678 -0.231163 0.0159533
1573 0.138508 -0.259449 0.0229728
1574 0.122231 -0.225949 0.0235968
1575 0.177238 -0.221929 0.0380238
1576 0.146874 -0.234955 0.0454515
1577 0.21635 -0.212437 0.0567353
1578 0.207531 -0.237667 -0.0105259
1579 0.201145 -0.266055 -0.00122768
1580 0.210497 -0.215558 -0.00473702
1581 0.220614 -0.25813 0.00803222
1582 0.221526 -0.239859 0.00259146
1583 0.210833 -0.269689 0.0109293
1584 0.224127 -0.220101 0.0143847
1585 0.219014 -0.267828 0.021711
1586 0.227556 -0.242816 0.0244246
1587 0.227313 -0.23131 0.0253958
1588 0.218311 -0.213111 0.0284321
1589 0.218999 -0.232086 0.0411171
1590 0.198089 -0.23354 0.0199093
1591 0.216037 -0.259615 0.0706095
1592 0.213204 -0.255731 0.0869241
1593 0.210474 -0.234204 0.0844881
1594 0.217618 -0.229445 0.0550121
1595 0.207578 -0.287501 0.0341535
1596 0.218227 -0.280082 0.0459134
1597 0.215894 -0.266343 0.0539372
1598 0.212815 -0.273563 0.0412972
1599 0.218211 -0.25583 0.0403432
1600 0.202224 -0.254267 0.106047
1601 0.181446 -0.278579 0.0162436
1602 0.200657 -0.279759 0.0264108
1603 0.176253 -0.263884 0.0534322
1604 0.184603 -0.266152 0.0840706
1605 0.145574 -0.166653 -0.0170177
1606 0.140038 -0.148215 -0.0157751
1607 0.115976 -0.148393 -0.00901369
1608 0.126807 -0.179984 -0.00730673
1609 0.117164 -0.167318 -0.00464596
1610 0.106096 -0.155614 -0.00456336
1611 0.108378 -0.188336 0.00733317
1612 0.100712 -0.171963 0.00822016
1613 0.102123 -0.195277 0.0222621
1614 0.0919653 -0.177048 0.0249892
1615 0.171226 -0.179007 0.0418943
1616 0.147497 -0.168998 0.0156205
1617 0.119289 -0.177258 0.0333835
1618 0.145038 -0.1712 0.0602953
1619 0.183053 -0.189727 -0.0177978
1620 0.174508 -0.175725 -0.0168472
1621 0.163884 -0.198791 -0.0144811
1622 0.147054 -0.188154 -0.0118959
1623 0.175836 -0.206853 -0.0101085
1624 0.141431 -0.203763 -0.00629448
1625 0.165212 -0.218933 -0.00866076
1626 0.150329 -0.212454 -0.00426117
1627 0.121438 -0.19718 0.00308563
1628 0.126552 -0.207642 0.000735467
1629 0.138038 -0.221664 0.000614372
1630 0.116171 -0.215166 0.016185
1631 0.104868 -0.201336 0.0328831
1632 0.145591 -0.202454 0.0267753
1633 0.176398 -0.193514 0.01215
1634 0.224587 -0.200376 0.0343635
1635 0.23274 -0.187718 0.0524362
1636 0.23158 -0.18304 0.0315415
1637 0.195638 -0.185201 -0.0117005
1638 0.192069 -0.211774 -0.00446734
1639 0.202831 -0.203563 0.00143118
1640 0.207715 -0.189477 -0.00218004
1641 0.206893 -0.17762 -0.00458495
1642 0.220247 -0.167356 0.013807
1643 0.214019 -0.206416 0.0151311
1644 0.220575 -0.186966 0.0113511
1645 0.223577 -0.188064 0.0214878
1646 0.216918 -0.186638 0.0317009
1647 0.185265 -0.163095 -0.0167682
1648 0.159152 -0.151869 -0.0169501
1649 0.179264 -0.142196 -0.0130848
1650 0.158398 -0.141618 -0.0173701
1651 0.193528 -0.171325 -0.0099007
1652 0.172204 -0.127379 -0.0138423
1653 0.195916 -0.140905 -0.00231251
1654 0.201848 -0.154641 -0.00662402
1655 0.191041 -0.129254 -0.00435036
1656 0.205272 -0.168071 -0.00238234
1657 0.2081 -0.153011 0.00319791
1658 0.218549 -0.152655 0.0110022
1659 0.161989 -0.141086 0.023008
1660 0.186076 -0.161655 0.0175254
1661 0.192851 -0.167947 0.127624
1662 0.191239 -0.158598 0.129668
1663 0.205205 -0.211116 0.0807572
1664 0.220475 -0.19273 0.0836927
1665 0.221407 -0.203877 0.06293
1666 0.228514 -0.18726 0.0716542
1667 0.227103 -0.173352 0.0680363
1668 0.222343 -0.173259 0.0880406
1669 0.228876 -0.186623 0.0656066
1670 0.226147 -0.161422 0.0871496
1671 0.208967 -0.174808 0.106043
1672 0.21388 -0.161409 0.106072
1673 0.213748 -0.184825 0.0957858
1674 0.184244 -0.191752 0.0688886
1675 0.209858 -0.143426 0.115681
1676 0.232163 -0.170992 0.0568691
1677 0.229366 -0.156117 0.0744561
1678 0.230016 -0.145247 0.0691816
1679 0.230068 -0.170306 0.0389021
1680 0.232618 -0.152325 0.0490602
1681 0.220249 -0.116402 0.0866794
1682 0.223425 -0.148267 0.0854966
1683 0.221339 -0.12672 0.0904759
1684 0.218278 -0.134916 0.103709
1685 0.213265 -0.15217 0.105379
1686 0.226221 -0.150743 0.0257847
1687 0.231544 -0.161966 0.0315496
1688 0.177874 -0.15782 0.0837991
1689 0.200992 -0.161401 0.0517515
1690 0.192809 -0.129373 0.0841271
1691 0.229286 -0.12762 0.0653249
1692 0.222495 -0.107357 0.0684318
1693 0.227731 -0.139196 0.044169
1694 0.224814 -0.119595 0.0491882
1695 0.217696 -0.108144 0.0409314
1696 0.195727 -0.114628 0.00928653
1697 0.210863 -0.137943 0.0120741
1698 0.20068 -0.107846 0.0153036
1699 0.210554 -0.118549 0.021114
1700 0.218813 -0.138408 0.0250012
1701 0.220101 -0.121043 0.0315889
1702 0.184512 -0.132054 0.0515157
1703 0.119133 -0.210436 0.125284
1704 0.104539 -0.197104 0.122439
1705 0.125563 -0.217926 0.123974
1706 0.136691 -0.245606 0.132413
1707 0.135485 -0.216237 0.128997
1708 0.0891942 -0.197087 0.0804808
1709 0.10573 -0.21269 0.112753
1710 0.112595 -0.217175 0.112932
1711 0.0897377 -0.193735 0.108943
1712 0.0886172 -0.202577 0.0920526
1713 0.0800639 -0.19286 0.0897713
1714 0.0914533 -0.210469 0.0956769
1715 0.141306 -0.185051 0.089953
1716 0.114326 -0.188881 0.0949101
1717 0.106515 -0.245617 0.0767945
1718 0.0993502 -0.214671 0.0841914
1719 0.0901473 -0.199808 0.0651978
1720 0.113991 -0.262978 0.0565023
1721 0.108807 -0.237633 0.0531938
1722 0.10408 -0.219811 0.0461455
1723 0.0910143 -0.193465 0.0491338
1724 0.125763 -0.248657 0.126991
1725 0.110628 -0.250737 0.105781
1726 0.114731 -0.236189 0.115295
1727 0.105559 -0.221805 0.098512
1728 0.144993 -0.258682 0.069541
1729 0.136442 -0.215448 0.093263
1730 0.140599 -0.20383 0.0612575
1731 0.178028 -0.211396 0.121437
1732 0.176233 -0.246699 0.126647
1733 0.153654 -0.210219 0.129933
1734 0.156604 -0.246162 0.133068
1735 0.169753 -0.229796 0.128591
1736 0.156472 -0.221379 0.132469
1737 0.192411 -0.248303 0.1156
1738 0.190966 -0.209101 0.107714
1739 0.192764 -0.229217 0.111614
1740 0.201019 -0.210465 0.0932679
1741 0.158902 -0.228543 0.0764521
1742 0.156727 -0.259664 0.101337
1743 0.166967 -0.200114 0.0977874
1744 0.164145 -0.198109 0.133502
1745 0.18342 -0.196432 0.120795
1746 0.187726 -0.185752 0.126158
1747 0.18779 -0.176575 0.126243
1748 0.135829 -0.201337 0.135804
1749 0.172639 -0.178205 0.134403
1750 0.142326 -0.191078 0.138398
1751 0.163165 -0.186496 0.140437
1752 0.176147 -0.16666 0.140852
1753 0.193822 -0.198429 0.11342
1754 0.196638 -0.191828 0.11077
1755 0.207423 -0.185278 0.107374
1756 0.162244 -0.171524 0.137363
1757 0.152483 -0.182688 0.115501
1758 0.173749 -0.16394 0.11052
1759 0.0974828 -0.184548 0.12579
1760 0.086976 -0.159234 0.133922
1761 0.121077 -0.1876 0.137922
1762 0.10939 -0.168735 0.145381
1763 0.0985268 -0.146477 0.152922
1764 0.135341 -0.178173 0.143523
1765 0.107514 -0.156059 0.149725
1766 0.0900701 -0.137726 0.150279
1767 0.12327 -0.168273 0.149361
1768 0.134093 -0.151991 0.154046
1769 0.103522 -0.133727 0.155992
1770 0.121395 -0.141689 0.159566
1771 0.125395 -0.159259 0.114679
1772 0.0755498 -0.136199 0.141633
1773 0.0629868 -0.139607 0.119238
1774 0.0651824 -0.127217 0.131238
1775 0.0913132 -0.0994002 0.162572
1776 0.0521036 -0.135842 0.103177
1777 0.0652209 -0.145883 0.1135
1778 0.101363 -0.124171 0.160825
1779 0.0734512 -0.114367 0.150412
1780 0.0902388 -0.115301 0.15686
1781 0.102529 -0.129007 0.0874415
1782 0.099003 -0.10207 0.124922
1783 0.076602 -0.10663 0.0983458
1784 0.110548 -0.080543 0.0851744
1785 0.0985054 -0.132633 0.123326
1786 0.0869074 -0.179683 0.12001
1787 0.0756376 -0.152677 0.130257
1788 0.0741064 -0.160554 0.112095
1789 0.0662218 -0.153738 0.114074
1790 0.0757851 -0.142881 0.132475
1791 0.043177 -0.127743 0.0838503
1792 0.0778295 -0.176217 0.0817749
1793 0.0614316 -0.150956 0.0869017
1794 0.0851583 -0.18602 0.10298
1795 0.0771411 -0.168888 0.114873
1796 0.07177 -0.180799 0.0913652
1797 0.0644198 -0.162183 0.0938576
1798 0.05655 -0.148091 0.0982815
1799 0.0978336 -0.16188 0.0977394
1800 0.19972 -0.0856538 0.115478
1801 0.197045 -0.0774407 0.121899
1802 0.18858 -0.0666867 0.12508
1803 0.204498 -0.134345 0.125209
1804 0.201564 -0.121463 0.12434
1805 0.189179 -0.0938317 0.134786
1806 0.188241 -0.0854634 0.135545
1807 0.188313 -0.127916 0.139937
1808 0.212275 -0.113899 0.108896
1809 0.200822 -0.0972353 0.121359
1810 0.13118 -0.104371 0.114188
1811 0.158865 -0.137045 0.106801
1812 0.17162 -0.106438 0.0942616
1813 0.155632 -0.0768296 0.104931
1814 0.16374 -0.110624 0.123016
1815 0.188837 -0.150887 0.136225
1816 0.149736 -0.177955 0.141345
1817 0.178603 -0.112312 0.149144
1818 0.146831 -0.161473 0.153521
1819 0.156852 -0.168112 0.147389
1820 0.172685 -0.134933 0.150305
1821 0.163505 -0.141949 0.154359
1822 0.169158 -0.121243 0.157055
1823 0.149729 -0.144155 0.153886
1824 0.136576 -0.138402 0.161776
1825 0.148217 -0.127722 0.162001
1826 0.132775 -0.130282 0.132513
1827 0.15185 -0.151509 0.132005
1828 0.171044 -0.0634783 0.132787
1829 0.151486 -0.0509834 0.127438
1830 0.181098 -0.0729162 0.139827
1831 0.163622 -0.0612289 0.141979
1832 0.140046 -0.0595409 0.14332
1833 0.172034 -0.104089 0.151211
1834 0.169559 -0.0704517 0.143228
1835 0.167938 -0.0877791 0.156435
1836 0.127593 -0.068693 0.15326
1837 0.148917 -0.0735365 0.156128
1838 0.157206 -0.0894422 0.157916
1839 0.114841 -0.0709827 0.11819
1840 0.148679 -0.0814534 0.130519
1841 0.136874 -0.105966 0.168712
1842 0.103805 -0.0850877 0.162557
1843 0.11747 -0.116596 0.167492
1844 0.127751 -0.110655 0.166735
1845 0.107325 -0.107775 0.165272
1846 0.151707 -0.0966628 0.165801
1847 0.112173 -0.0976691 0.165513
1848 0.1249 -0.0900422 0.166624
1849 0.144221 -0.087922 0.162889
1850 0.137696 -0.0775469 0.16284
1851 0.122958 -0.127394 0.163013
1852 0.159908 -0.109789 0.160966
1853 0.114769 -0.0767027 0.159581
1854 0.141686 -0.104473 0.145833
1855 0.117591 -0.103196 0.141184
1856 0.135538 -0.129355 -0.0126167
1857 0.151439 -0.123489 -0.0138171
1858 0.131863 -0.115314 -0.0124665
1859 0.145039 -0.109208 -0.0132019
1860 0.170995 -0.116968 -0.00853071
1861 0.165557 -0.105124 -0.00843439
1862 0.118405 -0.0993857 -0.00540266
1863 0.149139 -0.0881424 -0.00310558
1864 0.120887 -0.0814467 -0.00284705
1865 0.13541 -0.0843665 -0.00514553
1866 0.136325 -0.0597543 0.00822949
1867 0.113272 -0.0720245 0.00512259
1868 0.133051 -0.0922334 0.0356396
1869 0.141792 -0.115857 0.0171537
1870 0.069062 -0.165204 0.0667292
1871 0.0607203 -0.147724 0.0558507
1872 0.101808 -0.139253 -0.00251141
1873 0.0901356 -0.158824 0.00859773
1874 0.0842072 -0.14768 0.0113728
1875 0.0775867 -0.137108 0.00933722
1876 0.0654076 -0.137594 0.0251256
1877 0.0781614 -0.159555 0.0268377
1878 0.0786174 -0.161057 0.0389517
1879 0.145443 -0.133403 0.0710861
1880 0.0943695 -0.0972941 0.0595329
1881 0.124943 -0.146513 0.0329926
1882 0.114214 -0.163148 0.0686876
1883 0.0963238 -0.127665 0.0366808
1884 0.126009 -0.105708 0.0684625
1885 0.11193 -0.121042 -0.0094857
1886 0.0953978 -0.12925 -0.00271338
1887 0.0897757 -0.115608 0.000930252
1888 0.0886855 -0.101404 0.000975781
1889 0.0998151 -0.0792278 0.00387501
1890 0.0880183 -0.0877448 0.00646939
1891 0.0706926 -0.116385 0.0105989
1892 0.0759617 -0.0942249 0.00799923
1893 0.111346 -0.0571316 0.0060443
1894 0.0619297 -0.104607 0.0166209
1895 0.0572332 -0.121273 0.0226671
1896 0.0764473 -0.11073 0.0355519
1897 0.104259 -0.0826299 0.0348553
1898 0.162147 -0.0840559 0.00629233
1899 0.18006 -0.0984358 0.00388171
1900 0.15458 -0.0755812 0.00417411
1901 0.176253 -0.0793829 0.0165595
1902 0.193339 -0.0843813 0.0218843
1903 0.163772 -0.0672569 0.0118998
1904 0.150362 -0.0551763 0.0190642
1905 0.164204 -0.0589279 0.0231887
1906 0.209457 -0.0999788 0.0309586
1907 0.182442 -0.0646276 0.028298
1908 0.171389 -0.0491943 0.0355943
1909 0.193744 -0.0750518 0.035512
1910 0.161696 -0.0821635 0.044504
1911 0.167952 -0.109415 0.033282
1912 0.214259 -0.0829057 0.0764085
1913 0.211435 -0.0827023 0.0602136
1914 0.204725 -0.0747756 0.070387
1915 0.201414 -0.0667933 0.0667014
1916 0.217886 -0.0968145 0.0520796
1917 0.200443 -0.0754821 0.0436002
1918 0.186795 -0.053195 0.0500347
1919 0.205291 -0.066251 0.0834831
1920 0.219495 -0.106805 0.0908754
1921 0.206803 -0.0811293 0.100635
1922 0.207325 -0.090135 0.105711
1923 0.202122 -0.0696957 0.10411
1924 0.17673 -0.077233 0.0827591
1925 0.183771 -0.100463 0.0605863
1926 0.155396 -0.0441972 0.119539
1927 0.192993 -0.0628632 0.111928
1928 0.180949 -0.0589405 0.120124
1929 0.180877 -0.0465665 0.105141
1930 0.175568 -0.0539008 0.124206
1931 0.16219 -0.0350721 0.0985469
1932 0.183931 -0.04685 0.0629889
1933 0.185119 -0.0483219 0.0772243
1934 0.172789 -0.0333024 0.0741687
1935 0.161092 -0.0284736 0.0718504
1936 0.195796 -0.0535447 0.0862541
1937 0.186677 -0.0468173 0.085786
1938 0.17309 -0.0354497 0.09395
1939 0.156233 -0.0284075 0.0980693
1940 0.186382 -0.0522826 0.101682
1941 0.15954 -0.0562808 0.0779993
1942 0.173563 -0.0327346 0.0641833
1943 0.174442 -0.0454143 0.0476656
1944 0.159014 -0.0320921 0.0473695
1945 0.15207 -0.0309853 0.0516459
1946 0.126949 -0.042682 0.0202775
1947 0.144582 -0.0437003 0.0240091
1948 0.161034 -0.0384821 0.0350809
1949 0.147109 -0.0300864 0.0420891
1950 0.142696 -0.0764979 0.0729256
1951 0.123248 -0.0603992 0.0495436
1952 0.150497 -0.0582829 0.0507449
1953 0.137951 -0.0538884 0.0936963
1954 0.103115 -0.273504 0.13588
1955 0.115713 -0.254659 0.122927
1956 0.128424 -0.257059 0.138802
1957 0.11881 -0.321378 0.175626
1958 0.107768 -0.337774 0.174323
1959 0.11558 -0.266273 0.139558
1960 0.122804 -0.300882 0.170333
1961 0.0968453 -0.327475 0.159879
1962 0.106719 -0.306939 0.162289
1963 0.125862 -0.267454 0.153847
1964 0.0971073 -0.313652 0.153946
1965 0.112796 -0.287235 0.156591
1966 0.125715 -0.315733 0.135714
1967 0.124601 -0.346197 0.146156
1968 0.0911455 -0.340945 0.0764464
1969 0.0864283 -0.326078 0.0750548
1970 0.088971 -0.305475 0.132814
1971 0.0849585 -0.343272 0.139314
1972 0.0804991 -0.319557 0.119326
1973 0.0882595 -0.325718 0.141347
1974 0.0778179 -0.317062 0.0886017
1975 0.0810432 -0.340584 0.114522
1976 0.0786101 -0.331086 0.102426
1977 0.0785794 -0.309815 0.0965333
1978 0.0828825 -0.299106 0.10638
1979 0.08542 -0.351807 0.0962277
1980 0.112516 -0.336477 0.114539
1981 0.104405 -0.308808 0.105996
1982 0.0969184 -0.318684 0.0584743
1983 0.0942775 -0.30343 0.0577707
1984 0.0869648 -0.292356 0.0794485
1985 0.0968585 -0.281187 0.0666752
1986 0.0957326 -0.273568 0.0811587
1987 0.107045 -0.259555 0.0909718
1988 0.102196 -0.262433 0.113212
1989 0.0978942 -0.29008 0.138489
1990 0.0907989 -0.288417 0.122384
1991 0.094462 -0.27603 0.111666
1992 0.0892107 -0.286841 0.0935693
1993 0.0972894 -0.268131 0.0999444
1994 0.128701 -0.321092 0.0919823
1995 0.137402 -0.285188 0.114153
1996 0.117786 -0.286953 0.093449
1997 0.218193 -0.309944 0.133669
1998 0.220534 -0.286371 0.122596
1999 0.213308 -0.267674 0.125148
2000 0.205458 -0.271382 0.140191
2001 0.197613 -0.254381 0.127239
2002 0.19196 -0.257024 0.1353
2003 0.214389 -0.293541 0.144988
2004 0.194867 -0.303447 0.167277
2005 0.193939 -0.264968 0.150048
2006 0.205617 -0.310335 0.155785
2007 0.20025 -0.283523 0.157853
2008 0.171307 -0.299714 0.125056
2009 0.186875 -0.279523 0.113042
2010 0.17834 -0.298232 0.149112
2011 0.172958 -0.255927 0.146048
2012 0.156715 -0.253746 0.148877
2013 0.1885 -0.28203 0.165379
2014 0.137029 -0.279088 0.165497
2015 0.161187 -0.284028 0.172044
2016 0.169727 -0.280417 0.168176
2017 0.174359 -0.271232 0.163938
2018 0.177211 -0.294456 0.173907
2019 0.137641 -0.263395 0.152827
2020 0.16419 -0.264069 0.155167
2021 0.14793 -0.297385 0.144887
2022 0.159316 -0.274205 0.12902
2023 0.155793 -0.309111 0.101088
2024 0.135419 -0.343219 0.188362
2025 0.164944 -0.353285 0.188664
2026 0.1533 -0.338686 0.189722
2027 0.184052 -0.337676 0.178029
2028 0.180283 -0.355662 0.179425
2029 0.171517 -0.337738 0.182758
2030 0.174348 -0.315036 0.180453
2031 0.133613 -0.324673 0.18289
2032 0.129266 -0.302927 0.1714
2033 0.165537 -0.329616 0.185045
2034 0.148031 -0.31693 0.180982
2035 0.161196 -0.306073 0.179164
2036 0.144459 -0.298458 0.174769
2037 0.163708 -0.328244 0.151998
2038 0.156117 -0.35772 0.15862
2039 0.19641 -0.350641 0.168148
2040 0.207369 -0.376566 0.126251
2041 0.209694 -0.36846 0.141459
2042 0.21471 -0.355356 0.127393
2043 0.212469 -0.33777 0.143806
2044 0.194118 -0.325029 0.169876
2045 0.205799 -0.382363 0.146459
2046 0.214349 -0.324911 0.144993
2047 0.204718 -0.336177 0.15842
2048 0.188853 -0.313547 0.174218
2049 0.207125 -0.353212 0.150926
2050 0.150719 -0.342262 0.124942
2051 0.180251 -0.357628 0.133387
2052 0.220866 -0.2983 0.0762255
2053 0.22797 -0.287561 0.0652066
2054 0.220864 -0.283559 0.0735339
2055 0.219602 -0.265865 0.0743659
2056 0.218003 -0.297806 0.0534005
2057 0.219312 -0.285469 0.0544864
2058 0.214358 -0.294913 0.0899098
2059 0.220961 -0.279731 0.0807489
2060 0.219458 -0.283189 0.110496
2061 0.214555 -0.274668 0.08953
2062 0.211936 -0.266596 0.0977622
2063 0.221072 -0.274083 0.0614287
2064 0.220293 -0.278297 0.102281
2065 0.2212 -0.297143 0.106983
2066 0.189704 -0.292068 0.0686717
2067 0.210289 -0.361496 0.121893
2068 0.216791 -0.339448 0.126349
2069 0.203671 -0.362203 0.104179
2070 0.209133 -0.351092 0.113007
2071 0.216206 -0.341901 0.10766
2072 0.218693 -0.325871 0.114651
2073 0.220877 -0.302149 0.113958
2074 0.201276 -0.365176 0.0947143
2075 0.204567 -0.350292 0.0990868
2076 0.208898 -0.336515 0.0960674
2077 0.218981 -0.316499 0.101858
2078 0.187178 -0.326455 0.122394
2079 0.185285 -0.304791 0.0972163
2080 0.1809 -0.351637 0.108329
2081 0.185041 -0.363949 0.067558
2082 0.195979 -0.351202 0.0654495
2083 0.205573 -0.347418 0.0794236
2084 0.207208 -0.341371 0.0668372
2085 0.21086 -0.336271 0.0748661
2086 0.210226 -0.327447 0.0641174
2087 0.218906 -0.310875 0.0724852
2088 0.217973 -0.3218 0.0779605
2089 0.212314 -0.332237 0.0853955
2090 0.213108 -0.320776 0.0544432
2091 0.208477 -0.356555 0.0889645
2092 0.212621 -0.31687 0.0868517
2093 0.189787 -0.331137 0.0798262
2094 0.161716 -0.33952 0.0425703
2095 0.181002 -0.349533 0.0502088
2096 0.158014 -0.350203 0.0510053
2097 0.192412 -0.335204 0.0485357
2098 0.197382 -0.32559 0.0479075
2099 0.170985 -0.359365 0.0571075
2100 0.179588 -0.357696 0.0521261
2101 0.177344 -0.330952 0.0373262
2102 0.18905 -0.326518 0.0371197
2103 0.17556 -0.341994 0.0390885
2104 0.159408 -0.287233 0.0807973
2105 0.169367 -0.333386 0.0896899
2106 0.171803 -0.324899 0.0636095
2107 0.10441 -0.350487 0.068208
2108 0.15071 -0.334237 0.0455755
2109 0.129149 -0.341404 0.0519009
2110 0.138211 -0.337158 0.0438218
2111 0.116272 -0.336079 0.0514825
2112 0.136132 -0.323091 0.0431601
2113 0.0998381 -0.361635 0.0794147
2114 0.122324 -0.346866 0.0523141
2115 0.146923 -0.354054 0.061055
2116 0.13823 -0.355946 0.0577455
2117 0.124186 -0.355473 0.0590529
2118 0.103431 -0.339811 0.0593197
2119 0.13331 -0.340601 0.0755032
2120 0.110279 -0.264064 0.0662311
2121 0.110983 -0.31476 0.045413
2122 0.106262 -0.289916 0.0524622
2123 0.121314 -0.279417 0.0394756
2124 0.143821 -0.285886 0.0235632
2125 0.146897 -0.302307 0.0215759
2126 0.137188 -0.275357 0.0305311
2127 0.141745 -0.306717 0.0310995
2128 0.13039 -0.28585 0.0280904
2129 0.146115 -0.317758 0.0340103
2130 0.130521 -0.307923 0.0360715
2131 0.126333 -0.293176 0.0357174
2132 0.115611 -0.297151 0.0399776
2133 0.125945 -0.320604 0.0409923
2134 0.1333 -0.298447 0.0658125
2135 0.208644 -0.310135 0.0477635
2136 0.206982 -0.304478 0.0408787
2137 0.158228 -0.276603 0.0170842
2138 0.183221 -0.296691 0.0200244
2139 0.161521 -0.287968 0.0144559
2140 0.168155 -0.299476 0.0184234
2141 0.18076 -0.289732 0.0151481
2142 0.159854 -0.303211 0.0221251
2143 0.19589 -0.290554 0.0250834
2144 0.175202 -0.313083 0.026402
2145 0.186664 -0.308078 0.0216511
2146 0.161171 -0.323411 0.0319208
2147 0.170652 -0.324155 0.0274353
2148 0.191733 -0.314355 0.0362233
2149 0.164457 -0.300591 0.0527245
2150 0.176562 -0.491868 0.0933999
2151 0.211597 -0.459926 0.119417
2152 0.207967 -0.447715 0.112553
2153 0.196141 -0.437321 0.128798
2154 0.133982 -0.49076 0.140847
2155 0.19749 -0.453623 0.134665
2156 0.179269 -0.431279 0.0747221
2157 0.153465 -0.425512 0.077232
2158 0.164488 -0.428554 0.0802569
2159 0.165736 -0.433345 0.0658258
2160 0.180195 -0.430031 0.0912509
2161 0.138414 -0.436345 0.0562967
2162 0.202044 -0.437747 0.0953363
2163 0.178075 -0.461843 0.110501
2164 0.116136 -0.491151 0.0862544
2165 0.0993509 -0.468667 0.116144
2166 0.129657 -0.495818 0.0700019
2167 0.147546 -0.491991 0.0760039
2168 0.100152 -0.456228 0.118299
2169 0.101592 -0.490776 0.11871
2170 0.101804 -0.4927 0.132956
2171 0.116673 -0.470266 0.083997
2172 0.118887 -0.470237 0.0699113
2173 0.123345 -0.463216 0.067759
2174 0.118703 -0.494344 0.0935341
2175 0.134465 -0.491024 0.104885
2176 0.15574 -0.490302 0.102821
2177 0.112363 -0.469201 0.0955522
2178 0.132291 -0.447015 0.0608333
2179 0.107616 -0.439432 0.106182
2180 0.104993 -0.429465 0.124369
2181 0.126244 -0.442609 0.0760612
2182 0.135948 -0.439482 0.0703377
2183 0.14388 -0.431205 0.0724383
2184 0.134926 -0.42485 0.0807031
2185 0.111653 -0.455415 0.0970762
2186 0.12 -0.438243 0.0901177
2187 0.127374 -0.430207 0.0924852
2188 0.140409 -0.419558 0.0948626
2189 0.120721 -0.428918 0.102672
2190 0.14976 -0.450799 0.0950994
2191 0.130729 -0.459406 0.120621
2192 0.0891976 -0.490718 0.14122
2193 0.0869059 -0.471528 0.19729
2194 0.107752 -0.495678 0.195098
2195 0.0847587 -0.491724 0.178121
2196 0.124555 -0.489625 0.21136
2197 0.0962429 -0.486882 0.204128
2198 0.135444 -0.467262 0.203894
2199 0.0816185 -0.470613 0.168489
2200 0.103716 -0.467992 0.211636
2201 0.120951 -0.489772 0.171802
2202 0.0898128 -0.493611 0.165287
2203 0.0826668 -0.475039 0.18576
2204 0.11009 -0.486875 0.210801
2205 0.120108 -0.466933 0.210144
2206 0.0896015 -0.468847 0.134897
2207 0.0958009 -0.44025 0.132619
2208 0.0974113 -0.449936 0.197984
2209 0.132138 -0.448876 0.201552
2210 0.112328 -0.447915 0.203746
2211 0.08667 -0.454957 0.174929
2212 0.117264 -0.433779 0.192198
2213 0.0986829 -0.432656 0.151425
2214 0.0918449 -0.439642 0.170099
2215 0.106399 -0.432228 0.185401
2216 0.0989438 -0.430747 0.166092
2217 0.0899652 -0.441295 0.152659
2218 0.082177 -0.475785 0.154898
2219 0.109757 -0.463148 0.177003
2220 0.18493 -0.49262 0.124886
2221 0.200427 -0.496643 0.128686
2222 0.195903 -0.494091 0.139006
2223 0.184905 -0.489518 0.147478
2224 0.191986 -0.475651 0.143677
2225 0.220108 -0.492368 0.116832
2226 0.218756 -0.478837 0.116604
2227 0.182859 -0.455052 0.159754
2228 0.191946 -0.445126 0.146306
2229 0.185451 -0.47651 0.152885
2230 0.229093 -0.493675 0.112127
2231 0.223476 -0.498017 0.105464
2232 0.178091 -0.467043 0.159113
2233 0.163195 -0.4573 0.13766
2234 0.162788 -0.463698 0.177196
2235 0.148844 -0.494187 0.187001
2236 0.142251 -0.489584 0.197274
2237 0.149854 -0.47327 0.191311
2238 0.144072 -0.454342 0.19475
2239 0.160062 -0.444937 0.183274
2240 0.162536 -0.481037 0.175439
2241 0.142494 -0.495968 0.186694
2242 0.164169 -0.493502 0.170615
2243 0.167595 -0.484201 0.167075
2244 0.141888 -0.491878 0.157601
2245 0.152307 -0.484595 0.182001
2246 0.174153 -0.446473 0.172089
2247 0.172867 -0.495789 0.15373
2248 0.131621 -0.453333 0.155897
2249 0.0945163 -0.403019 0.125385
2250 0.0889608 -0.385966 0.134332
2251 0.0864437 -0.37297 0.136153
2252 0.0843499 -0.351865 0.130904
2253 0.0908183 -0.384286 0.11944
2254 0.0953683 -0.356086 0.165236
2255 0.0862129 -0.363703 0.110985
2256 0.0916803 -0.40465 0.146626
2257 0.0983038 -0.409706 0.159345
2258 0.0918778 -0.382544 0.162683
2259 0.0914152 -0.348919 0.152402
2260 0.0904571 -0.373334 0.152773
2261 0.116693 -0.373572 0.133237
2262 0.131592 -0.435515 0.19204
2263 0.155516 -0.372869 0.197857
2264 0.148536 -0.420839 0.191084
2265 0.130248 -0.406541 0.19522
2266 0.153624 -0.399363 0.199551
2267 0.140741 -0.394452 0.203598
2268 0.166999 -0.380547 0.194923
2269 0.146108 -0.408754 0.19244
2270 0.180348 -0.400561 0.178693
2271 0.149261 -0.435367 0.185872
2272 0.171559 -0.408577 0.176985
2273 0.168617 -0.399517 0.189016
2274 0.174664 -0.369251 0.18754
2275 0.129811 -0.419391 0.162365
2276 0.154771 -0.384497 0.170624
2277 0.0994298 -0.36841 0.170771
2278 0.100504 -0.389669 0.180566
2279 0.120565 -0.348417 0.185582
2280 0.113106 -0.381285 0.187267
2281 0.137182 -0.365647 0.19439
2282 0.12733 -0.396808 0.199564
2283 0.123603 -0.376521 0.192575
2284 0.115524 -0.363566 0.186722
2285 0.116472 -0.409648 0.191049
2286 0.113723 -0.398104 0.192107
2287 0.100714 -0.40736 0.172574
2288 0.0968797 -0.397506 0.169758
2289 0.129712 -0.375228 0.164163
2290 0.114185 -0.365911 0.0708482
2291 0.165781 -0.381798 0.0714399
2292 0.126033 -0.382135 0.0775114
2293 0.132248 -0.377139 0.0676684
2294 0.155752 -0.379436 0.0777675
2295 0.142723 -0.375917 0.0750858
2296 0.166699 -0.370561 0.0675721
2297 0.163377 -0.39164 0.0833617
2298 0.186895 -0.372945 0.0787121
2299 0.132066 -0.366851 0.0647502
2300 0.172735 -0.387156 0.0816327
2301 0.151407 -0.391925 0.0870054
2302 0.174725 -0.39496 0.0851568
2303 0.162467 -0.369167 0.108894
2304 0.127937 -0.36317 0.106984
2305 0.153009 -0.354744 0.088194
2306 0.10401 -0.405399 0.11056
2307 0.0999088 -0.412117 0.135365
2308 0.111402 -0.414538 0.113753
2309 0.0946684 -0.382312 0.104542
2310 0.106768 -0.385979 0.0907484
2311 0.119949 -0.390722 0.0835296
2312 0.134015 -0.389548 0.0846412
2313 0.140603 -0.396921 0.0863113
2314 0.0937095 -0.364491 0.0928431
2315 0.12214 -0.402521 0.0938351
2316 0.140449 -0.404939 0.095115
2317 0.127222 -0.413785 0.100089
2318 0.130982 -0.393842 0.117619
2319 0.195128 -0.433413 0.10795
2320 0.189176 -0.428125 0.12413
2321 0.186541 -0.434221 0.14189
2322 0.191127 -0.413868 0.124217
2323 0.192427 -0.41168 0.148596
2324 0.17246 -0.421068 0.174699
2325 0.169975 -0.436216 0.169567
2326 0.159056 -0.415982 0.093586
2327 0.176371 -0.41792 0.101823
2328 0.178806 -0.401742 0.0958895
2329 0.142294 -0.387893 0.141195
2330 0.14408 -0.424719 0.132265
2331 0.1587 -0.397638 0.117913
2332 0.186841 -0.365608 0.175733
2333 0.198089 -0.40332 0.1323
2334 0.184537 -0.380805 0.179954
2335 0.196417 -0.401725 0.114995
2336 0.194104 -0.391727 0.106415
2337 0.199152 -0.377221 0.103609
2338 0.202049 -0.376548 0.11774
2339 0.192191 -0.39801 0.168442
2340 0.199456 -0.372454 0.160311
2341 0.197845 -0.402555 0.152
2342 0.190823 -0.379063 0.0863433
2343 0.186258 -0.386173 0.0926414
2344 0.190886 -0.395974 0.0966636
2345 0.17467 -0.388272 0.143391
2346 0.33818 0.363988 -0.184347
2347 0.390527 0.388596 -0.191977
2348 0.400865 0.36616 -0.16737
2349 0.391852 0.391192 -0.180175
2350 0.38308 0.408689 -0.175835
2351 0.396966 0.375352 -0.173322
2352 0.395869 0.386052 -0.165992
2353 0.382196 0.398032 -0.162612
2354 0.393878 0.375803 -0.155823
2355 0.391502 0.362325 -0.142038
2356 0.399895 0.350748 -0.140431
2357 0.386112 0.374012 -0.137613
2358 0.36857 0.375552 -0.17588
2359 0.363799 0.319816 -0.209598
2360 0.407031 0.353836 -0.208372
2361 0.411225 0.362352 -0.195013
2362 0.418611 0.340656 -0.196088
2363 0.414152 0.347119 -0.186862
2364 0.414738 0.357556 -0.18917
2365 0.416424 0.337376 -0.180638
2366 0.415513 0.323071 -0.179665
2367 0.410996 0.34189 -0.169861
2368 0.41347 0.329399 -0.166436
2369 0.40817 0.351834 -0.163066
2370 0.403784 0.343676 -0.155784
2371 0.379494 0.350537 -0.185936
2372 0.385977 0.317879 -0.240395
2373 0.406455 0.318698 -0.234496
2374 0.385743 0.303469 -0.226321
2375 0.414019 0.343607 -0.229103
2376 0.369879 0.32089 -0.228969
2377 0.414097 0.316762 -0.221775
2378 0.419788 0.334267 -0.218358
2379 0.36997 0.307897 -0.209808
2380 0.409805 0.312497 -0.211021
2381 0.414364 0.345602 -0.207241
2382 0.388737 0.301727 -0.21003
2383 0.419153 0.322691 -0.201236
2384 0.3932 0.298763 -0.202416
2385 0.412604 0.312252 -0.188475
2386 0.394743 0.342776 -0.210822
2387 0.347849 0.397911 -0.289952
2388 0.342826 0.392725 -0.286417
2389 0.359934 0.385213 -0.280477
2390 0.367354 0.402511 -0.275348
2391 0.358008 0.405577 -0.276566
2392 0.356609 0.383085 -0.265717
2393 0.374423 0.391048 -0.27381
2394 0.347403 0.399587 -0.272393
2395 0.37812 0.380163 -0.263141
2396 0.371683 0.405096 -0.255649
2397 0.355709 0.398814 -0.251761
2398 0.386699 0.395749 -0.247064
2399 0.360488 0.386323 -0.240213
2400 0.366341 0.398771 -0.238644
2401 0.391882 0.383055 -0.244924
2402 0.362681 0.372956 -0.239249
2403 0.382231 0.366336 -0.243558
2404 0.382678 0.398855 -0.229109
2405 0.398719 0.375866 -0.228924
2406 0.361958 0.392222 -0.229186
2407 0.403821 0.373934 -0.223374
2408 0.394297 0.388816 -0.215579
2409 0.401869 0.361281 -0.21759
2410 0.404102 0.374831 -0.213735
2411 0.383984 0.395314 -0.21108
2412 0.410064 0.366276 -0.20669
2413 0.400553 0.382285 -0.202731
2414 0.386452 0.392176 -0.201287
2415 0.376034 0.363013 -0.212486
2416 0.37141 0.36718 -0.244072
2417 0.378092 0.339445 -0.249548
2418 0.372933 0.34898 -0.244001
2419 0.374057 0.329671 -0.239123
2420 0.387605 0.36191 -0.241238
2421 0.371206 0.347358 -0.233176
2422 0.358626 0.364832 -0.232238
2423 0.399849 0.362275 -0.231685
2424 0.364218 0.340294 -0.218867
2425 0.355681 0.384335 -0.221701
2426 0.354332 0.356796 -0.221185
2427 0.352638 0.334488 -0.194438
2428 0.350224 0.362924 -0.201628
2429 0.383524 0.356187 -0.287967
2430 0.382008 0.366557 -0.285253
2431 0.395332 0.348061 -0.2786
2432 0.380041 0.356096 -0.275433
2433 0.401102 0.357896 -0.272032
2434 0.382062 0.367328 -0.274129
2435 0.395757 0.324608 -0.249385
2436 0.400711 0.36287 -0.263159
2437 0.384206 0.329974 -0.251717
2438 0.379849 0.352285 -0.254815
2439 0.385949 0.358594 -0.247982
2440 0.398806 0.360478 -0.242196
2441 0.40772 0.335969 -0.251341
2442 0.410903 0.349855 -0.236304
2443 0.411335 0.328929 -0.241628
2444 0.393198 0.277822 -0.162387
2445 0.400137 0.278714 -0.154216
2446 0.374753 0.242713 -0.150099
2447 0.390042 0.255408 -0.149953
2448 0.363512 0.229473 -0.150114
2449 0.376323 0.234574 -0.138907
2450 0.395262 0.25435 -0.143457
2451 0.402811 0.264884 -0.130155
2452 0.390718 0.247755 -0.130587
2453 0.384845 0.23539 -0.127828
2454 0.39266 0.243923 -0.114783
2455 0.4035 0.262816 -0.112832
2456 0.352078 0.257414 -0.121445
2457 0.379999 0.26922 -0.131536
2458 0.334577 0.273279 -0.185076
2459 0.339501 0.254796 -0.178949
2460 0.350319 0.26584 -0.181623
2461 0.329065 0.272952 -0.181178
2462 0.36326 0.270259 -0.177911
2463 0.339182 0.286073 -0.177347
2464 0.376242 0.270275 -0.174823
2465 0.33347 0.2774 -0.169477
2466 0.365745 0.247387 -0.16722
2467 0.384834 0.276219 -0.166714
2468 0.38085 0.252411 -0.159359
2469 0.319832 0.280368 -0.152849
2470 0.31298 0.284432 -0.140805
2471 0.356665 0.276834 -0.14692
2472 0.329431 0.259441 -0.183398
2473 0.348662 0.250683 -0.176833
2474 0.324635 0.243656 -0.171698
2475 0.333021 0.238173 -0.165948
2476 0.32136 0.257583 -0.170786
2477 0.355177 0.235896 -0.157935
2478 0.328909 0.270827 -0.162449
2479 0.343487 0.231307 -0.162208
2480 0.311245 0.240751 -0.157516
2481 0.325177 0.260133 -0.163477
2482 0.313837 0.233157 -0.15918
2483 0.315033 0.243893 -0.149186
2484 0.318531 0.255027 -0.149765
2485 0.313506 0.223001 -0.154295
2486 0.339327 0.224517 -0.153871
2487 0.395663 0.293704 -0.161249
2488 0.40488 0.325733 -0.152495
2489 0.409092 0.314545 -0.152995
2490 0.401919 0.305395 -0.145442
2491 0.404754 0.278934 -0.139694
2492 0.406495 0.298948 -0.140247
2493 0.395956 0.32222 -0.134045
2494 0.408773 0.29116 -0.127538
2495 0.402398 0.317545 -0.127473
2496 0.408208 0.279421 -0.123126
2497 0.408059 0.307147 -0.116366
2498 0.409134 0.29791 -0.107363
2499 0.383373 0.297784 -0.131056
2500 0.371801 0.299915 -0.201755
2501 0.39144 0.290194 -0.191302
2502 0.364915 0.292719 -0.194844
2503 0.379588 0.289955 -0.181815
2504 0.349312 0.305768 -0.182749
2505 0.361049 0.287705 -0.180605
2506 0.394678 0.296194 -0.174667
2507 0.407008 0.307431 -0.18032
2508 0.347461 0.294791 -0.180326
2509 0.375732 0.283415 -0.176982
2510 0.403958 0.300632 -0.170571
2511 0.407639 0.310927 -0.165835
2512 0.367425 0.307352 -0.146702
2513 0.379727 0.323119 -0.175364
2514 0.341921 0.337566 -0.177901
2515 0.330591 0.299377 -0.165041
2516 0.334849 0.31524 -0.163995
2517 0.327191 0.335309 -0.153004
2518 0.321798 0.309727 -0.150209
2519 0.393949 0.339139 -0.137919
2520 0.309055 0.312988 -0.135826
2521 0.314769 0.348343 -0.136484
2522 0.388063 0.354156 -0.131937
2523 0.322468 0.357987 -0.12523
2524 0.375205 0.369352 -0.123013
2525 0.376692 0.347356 -0.117856
2526 0.358894 0.354693 -0.148839
2527 0.34357 0.318794 -0.127972
2528 0.384362 0.337128 -0.120714
2529 0.396308 0.327189 -0.117229
2530 0.361411 0.356908 -0.110438
2531 0.383094 0.344008 -0.105369
2532 0.351034 0.362051 -0.110803
2533 0.400585 0.320607 -0.0997009
2534 0.341024 0.359898 -0.0966541
2535 0.374084 0.352615 -0.0999964
2536 0.358124 0.359588 -0.0943741
2537 0.390991 0.335092 -0.0953756
2538 0.346806 0.359343 -0.0888821
2539 0.362865 0.351242 -0.0858257
2540 0.361494 0.29336 -0.115649
2541 0.346502 0.342217 -0.117371
2542 0.224811 -0.463413 0.108163
2543 0.191559 -0.493377 0.0706786
2544 0.220567 -0.452056 0.109941
2545 0.209567 -0.448512 0.0703058
2546 0.202062 -0.4399 0.0795638
2547 0.228888 -0.479317 0.0362053
2548 0.210537 -0.492797 0.0472394
2549 0.222114 -0.481861 0.0490506
2550 0.212918 -0.465631 0.0514812
2551 0.218568 -0.444044 0.0855173
2552 0.20941 -0.437431 0.089019
2553 0.224383 -0.452176 0.0981187
2554 0.228137 -0.491335 0.0302704
2555 0.229416 -0.475606 0.110812
2556 0.242967 -0.473597 0.0834544
2557 0.239247 -0.460221 0.0721016
2558 0.217282 -0.462171 0.0616032
2559 0.225988 -0.446256 0.0820767
2560 0.231423 -0.467821 0.0571822
2561 0.23248 -0.459362 0.0672894
2562 0.236547 -0.492685 0.0883501
2563 0.238808 -0.459382 0.0868081
2564 0.222016 -0.496822 0.0941643
2565 0.241547 -0.475267 0.0931581
2566 0.234383 -0.457649 0.0986607
2567 0.235209 -0.490535 0.0990464
2568 0.205107 -0.472401 0.0876294
2569 0.251073 -0.495645 0.0690878
2570 0.254393 -0.491339 0.070292
2571 0.203049 -0.496894 0.0605053
2572 0.23021 -0.498605 0.0748678
2573 0.254403 -0.477241 0.0693373
2574 0.265249 -0.497229 0.0494773
2575 0.223748 -0.494331 0.05977
2576 0.264477 -0.490169 0.0337941
2577 0.272204 -0.493921 0.0398484
2578 0.226465 -0.482446 0.0541338
2579 0.265812 -0.476825 0.0465237
2580 0.248115 -0.479043 0.0422716
2581 0.260039 -0.472424 0.0437581
2582 0.251393 -0.462821 0.0569758
2583 0.263427 -0.496676 0.0394819
2584 0.124831 -0.489159 0.0507341
2585 0.135423 -0.495784 0.0442673
2586 0.157215 -0.491837 0.0512486
2587 0.125277 -0.470307 0.0461351
2588 0.173354 -0.494529 0.0362289
2589 0.151409 -0.491995 0.021611
2590 0.146265 -0.467578 0.0187106
2591 0.146387 -0.48509 0.0184005
2592 0.17734 -0.465018 0.0281633
2593 0.134912 -0.48223 0.0237292
2594 0.136198 -0.494535 0.0314465
2595 0.128916 -0.462198 0.0322653
2596 0.181312 -0.462891 0.0723323
2597 0.135325 -0.451598 0.0422961
2598 0.142369 -0.440608 0.0466549
2599 0.174597 -0.446245 0.0461208
2600 0.183552 -0.437114 0.0539008
2601 0.16745 -0.436761 0.0560745
2602 0.148964 -0.437381 0.0509297
2603 0.149938 -0.437269 0.0383769
2604 0.163429 -0.437312 0.0418951
2605 0.200801 -0.438598 0.0625254
2606 0.180298 -0.431674 0.0596968
2607 0.152443 -0.456241 0.0220509
2608 0.13977 -0.459799 0.0229194
2609 0.163107 -0.451763 0.0285124
2610 0.148183 -0.447396 0.028021
2611 0.134955 -0.447547 0.0344553
2612 0.152469 -0.460978 0.0572616
2613 0.236254 -0.498165 -0.020944
2614 0.24106 -0.486228 -0.0192411
2615 0.238825 -0.499425 -0.0109497
2616 0.245899 -0.495789 -0.0152029
2617 0.226408 -0.478639 -0.0134501
2618 0.211968 -0.482712 -0.00525373
2619 0.239971 -0.476669 -0.00504491
2620 0.230174 -0.466648 -0.0014419
2621 0.23972 -0.494044 0.00168652
2622 0.215562 -0.497119 0.0171098
2623 0.237879 -0.493785 0.011354
2624 0.231533 -0.472107 0.0173614
2625 0.231329 -0.488775 0.0206252
2626 0.207889 -0.451032 0.0460561
2627 0.190831 -0.442555 0.0491422
2628 0.221297 -0.470669 0.0379545
2629 0.187951 -0.473509 0.0232357
2630 0.204414 -0.459619 0.0130676
2631 0.204202 -0.490392 0.00991589
2632 0.18253 -0.481847 0.0212682
2633 0.189958 -0.479895 0.0169803
2634 0.197618 -0.466967 0.0149796
2635 0.201265 -0.496137 0.0240125
2636 0.208458 -0.449223 0.0269777
2637 0.220076 -0.45576 0.0244843
2638 0.18403 -0.458106 0.0341557
2639 0.193203 -0.450064 0.0400855
2640 0.180804 -0.491233 -0.0392816
2641 0.192115 -0.489615 -0.0367737
2642 0.179699 -0.486198 -0.0396465
2643 0.186085 -0.47575 -0.0388503
2644 0.191899 -0.484933 -0.0233978
2645 0.179073 -0.487812 -0.00729217
2646 0.173392 -0.468324 -0.022755
2647 0.167621 -0.487116 -0.00964019
2648 0.183676 -0.469472 -0.0173421
2649 0.163022 -0.479331 -0.0156999
2650 0.188265 -0.483642 -0.00717107
2651 0.184378 -0.476976 0.015143
2652 0.154938 -0.481978 -0.00361361
2653 0.177367 -0.462811 0.0051754
2654 0.181178 -0.474264 0.0068303
2655 0.17166 -0.489155 0.0205409
2656 0.323907 0.371025 -0.160183
2657 0.321192 0.394286 -0.166048
2658 0.322713 0.377207 -0.146104
2659 0.32731 0.414952 -0.150388
2660 0.320643 0.353247 -0.146247
2661 0.326786 0.403162 -0.146912
2662 0.345175 0.423104 -0.149248
2663 0.356412 0.416171 -0.148816
2664 0.343028 0.412261 -0.143362
2665 0.328073 0.382719 -0.132684
2666 0.357013 0.40954 -0.135546
2667 0.33825 0.402697 -0.136915
2668 0.33248 0.374998 -0.124751
2669 0.349232 0.393934 -0.161824
2670 0.377356 0.394079 -0.148611
2671 0.370193 0.406868 -0.151405
2672 0.377655 0.391639 -0.136201
2673 0.371194 0.391659 -0.130785
2674 0.356345 0.397561 -0.12942
2675 0.331256 0.360428 -0.118194
2676 0.360246 0.389277 -0.120927
2677 0.34145 0.362061 -0.115808
2678 0.355722 0.379383 -0.118872
2679 0.332899 0.364396 -0.102809
2680 0.16281 -0.460655 -0.00330835
2681 0.170406 -0.457739 0.00479488
2682 0.328546 0.445224 -0.220612
2683 0.330094 0.454892 -0.215734
2684 0.320825 0.452391 -0.216186
2685 0.339896 0.426836 -0.203649
2686 0.327904 0.43027 -0.203085
2687 0.343435 0.441551 -0.20337
2688 0.322542 0.436901 -0.20012
2689 0.340569 0.449514 -0.20031
2690 0.331644 0.450671 -0.195781
2691 0.32401 0.437644 -0.189534
2692 0.336965 0.413426 -0.1918
2693 0.354761 0.424503 -0.183414
2694 0.327884 0.414254 -0.181763
2695 0.328718 0.436276 -0.178935
2696 0.340432 0.395395 -0.215052
2697 0.341959 0.384944 -0.210078
2698 0.335812 0.394764 -0.192016
2699 0.337199 0.37826 -0.179846
2700 0.354813 0.427587 -0.170861
2701 0.339796 0.430913 -0.164588
2702 0.323723 0.395286 -0.178889
2703 0.368309 0.4098 -0.172972
2704 0.325724 0.414783 -0.173394
2705 0.361711 0.422551 -0.161741
2706 0.318602 0.408337 -0.160267
2707 0.32975 0.422387 -0.161358
2708 0.325988 0.437722 -0.266683
2709 0.321765 0.433088 -0.261293
2710 0.342062 0.435466 -0.257819
2711 0.32073 0.44305 -0.261595
2712 0.335911 0.427849 -0.258177
2713 0.33437 0.443751 -0.25743
2714 0.335822 0.419491 -0.244211
2715 0.329367 0.434934 -0.241108
2716 0.333849 0.443326 -0.246091
2717 0.35868 0.423705 -0.242279
2718 0.348157 0.439842 -0.23338
2719 0.357461 0.406597 -0.232979
2720 0.359473 0.430055 -0.237622
2721 0.365019 0.428467 -0.21756
2722 0.339289 0.428493 -0.219114
2723 0.339246 0.416796 -0.225031
2724 0.345236 0.403373 -0.222327
2725 0.372939 0.399833 -0.216979
2726 0.361145 0.396078 -0.225996
2727 0.370653 0.416162 -0.222276
2728 0.374867 0.414685 -0.204149
2729 0.362819 0.423231 -0.19818
2730 0.339004 0.404302 -0.204786
2731 0.342053 0.418036 -0.202026
2732 0.381389 0.411377 -0.198815
2733 0.35169 0.422375 -0.191541
2734 0.3785 0.412049 -0.187796
2735 0.368614 0.421182 -0.187618
2736 0.359327 0.400601 -0.194174
2737 0.412953 0.270056 -0.107939
2738 0.415579 0.279745 -0.104136
2739 0.409317 0.30048 -0.0906217
2740 0.415026 0.268829 -0.0807313
2741 0.413119 0.288063 -0.0826587
2742 0.406035 0.251737 -0.0690214
2743 0.413927 0.2771 -0.0630208
2744 0.399572 0.308693 -0.0695415
2745 0.407791 0.297869 -0.0653771
2746 0.399813 0.302076 -0.0494586
2747 0.400701 0.251308 -0.0550919
2748 0.392183 0.280492 -0.0369248
2749 0.374186 0.277448 -0.0763942
2750 0.385276 0.284277 -0.105049
2751 0.355925 0.204057 -0.0743185
2752 0.369798 0.215112 -0.0689021
2753 0.385797 0.224579 -0.0671442
2754 0.356096 0.21152 -0.0480502
2755 0.37027 0.216504 -0.0500626
2756 0.388647 0.234101 -0.0441917
2757 0.359764 0.219701 -0.0381298
2758 0.376839 0.257161 -0.0257365
2759 0.342334 0.225149 -0.0283231
2760 0.367184 0.238005 -0.0248886
2761 0.353224 0.241273 -0.0159443
2762 0.355061 0.241484 -0.0793227
2763 0.331964 0.237555 -0.0555177
2764 0.378135 0.230367 -0.119471
2765 0.374226 0.219841 -0.114862
2766 0.36798 0.214119 -0.104933
2767 0.384463 0.23289 -0.101144
2768 0.353416 0.200225 -0.0970933
2769 0.366223 0.206971 -0.0949693
2770 0.375104 0.222217 -0.0914491
2771 0.404463 0.252625 -0.0891125
2772 0.394206 0.237197 -0.0864327
2773 0.368567 0.211758 -0.0822242
2774 0.356481 0.236501 -0.107846
2775 0.374299 0.25869 -0.103536
2776 0.348427 0.275924 -0.0962858
2777 0.349223 0.221793 -0.0899224
2778 0.279814 0.229462 -0.123456
2779 0.265663 0.234573 -0.118342
2780 0.26592 0.220662 -0.11393
2781 0.279993 0.245675 -0.107058
2782 0.255759 0.237457 -0.104781
2783 0.262086 0.244948 -0.108042
2784 0.268909 0.198443 -0.100552
2785 0.258147 0.214936 -0.0961402
2786 0.253677 0.23702 -0.0740259
2787 0.253649 0.243637 -0.0844681
2788 0.267389 0.206432 -0.0861516
2789 0.26082 0.218322 -0.0816164
2790 0.254884 0.260022 -0.0648709
2791 0.301436 0.236941 -0.0638005
2792 0.292924 0.206556 -0.12642
2793 0.276965 0.220408 -0.126179
2794 0.313684 0.19386 -0.120054
2795 0.277651 0.207031 -0.121841
2796 0.296276 0.193733 -0.117203
2797 0.311147 0.186923 -0.108161
2798 0.295049 0.189215 -0.106188
2799 0.273299 0.203981 -0.108745
2800 0.281989 0.189534 -0.0997668
2801 0.294593 0.183842 -0.094249
2802 0.317823 0.184797 -0.0892795
2803 0.331007 0.184905 -0.0954236
2804 0.339325 0.18947 -0.0827525
2805 0.29718 0.219693 -0.0992361
2806 0.319474 0.209454 -0.0823534
2807 0.336263 0.214653 -0.148429
2808 0.351229 0.220336 -0.140712
2809 0.313637 0.204184 -0.13625
2810 0.364864 0.224267 -0.133781
2811 0.338482 0.204627 -0.128349
2812 0.357491 0.213594 -0.13235
2813 0.325851 0.195707 -0.125957
2814 0.350891 0.209028 -0.12407
2815 0.346974 0.196816 -0.112233
2816 0.359313 0.211677 -0.113902
2817 0.333966 0.193392 -0.105665
2818 0.345831 0.19798 -0.090574
2819 0.329363 0.229674 -0.1027
2820 0.335134 0.237524 -0.127751
2821 0.299819 0.225041 -0.147814
2822 0.31893 0.219289 -0.149125
2823 0.297194 0.22675 -0.142425
2824 0.314742 0.24514 -0.143518
2825 0.309884 0.263445 -0.144
2826 0.296595 0.209605 -0.138456
2827 0.288487 0.222271 -0.139574
2828 0.30538 0.250678 -0.134266
2829 0.30511 0.277319 -0.133189
2830 0.29992 0.233537 -0.128845
2831 0.299187 0.251732 -0.12505
2832 0.295405 0.263893 -0.123555
2833 0.288512 0.255425 -0.113549
2834 0.318673 0.258703 -0.103568
2835 0.314915 0.338184 -0.0608412
2836 0.310845 0.324752 -0.050359
2837 0.319643 0.322295 -0.0421862
2838 0.296836 0.303449 -0.0348632
2839 0.326367 0.308575 -0.0337037
2840 0.316816 0.309441 -0.0318948
2841 0.308234 0.302963 -0.025502
2842 0.295417 0.291208 -0.0262028
2843 0.320294 0.293108 -0.0226194
2844 0.311968 0.283794 -0.0159003
2845 0.324692 0.271371 -0.0111649
2846 0.312098 0.268446 -0.0118659
2847 0.31773 0.289713 -0.0497364
2848 0.314309 0.248245 -0.0370985
2849 0.392761 0.32679 -0.0824318
2850 0.37246 0.34291 -0.0732816
2851 0.342842 0.352475 -0.0717016
2852 0.386546 0.332676 -0.0696674
2853 0.356127 0.343889 -0.0692507
2854 0.337567 0.341943 -0.0625438
2855 0.330785 0.338309 -0.0550554
2856 0.348297 0.330749 -0.0519095
2857 0.355768 0.324245 -0.0479868
2858 0.339028 0.323567 -0.0472074
2859 0.366494 0.324919 -0.040256
2860 0.348533 0.314671 -0.0431724
2861 0.358399 0.317504 -0.0927274
2862 0.330062 0.317668 -0.0727167
2863 0.385262 0.329463 -0.0492772
2864 0.386468 0.310605 -0.0338398
2865 0.339634 0.303363 -0.0286316
2866 0.367433 0.308303 -0.0252442
2867 0.374446 0.304479 -0.0232995
2868 0.347491 0.298387 -0.0199296
2869 0.36572 0.290251 -0.0144
2870 0.335656 0.242327 -0.0187241
2871 0.355614 0.260228 -0.0116319
2872 0.337218 0.277566 -0.0076548
2873 0.325816 0.258172 -0.00975502
2874 0.327141 0.285966 -0.079088
2875 0.349618 0.267671 -0.0455391
2876 0.352824 0.296929 -0.0673486
2877 0.30948 0.331222 -0.130726
2878 0.298204 0.339141 -0.127195
2879 0.302225 0.326039 -0.125471
2880 0.30492 0.352718 -0.126893
2881 0.295537 0.348654 -0.118656
2882 0.285538 0.339928 -0.113894
2883 0.317268 0.360562 -0.113209
2884 0.306566 0.356909 -0.106221
2885 0.298796 0.349623 -0.0962435
2886 0.325594 0.358712 -0.0907557
2887 0.323858 0.354546 -0.0801829
2888 0.318621 0.345098 -0.0702448
2889 0.324855 0.331911 -0.101269
2890 0.299345 0.295552 -0.123666
2891 0.282486 0.324509 -0.115486
2892 0.290301 0.312261 -0.110839
2893 0.274373 0.326166 -0.104867
2894 0.290805 0.342401 -0.105443
2895 0.272906 0.309751 -0.101266
2896 0.272212 0.319131 -0.0989655
2897 0.288759 0.336728 -0.0891107
2898 0.283282 0.326047 -0.082856
2899 0.304681 0.34547 -0.0842736
2900 0.296956 0.328573 -0.0655381
2901 0.302044 0.340843 -0.0723569
2902 0.308616 0.309214 -0.0864761
2903 0.328108 0.297336 -0.109231
2904 0.293672 0.284167 -0.118034
2905 0.281829 0.298694 -0.0995329
2906 0.28473 0.277676 -0.108179
2907 0.274773 0.260311 -0.0963056
2908 0.254355 0.256212 -0.102098
2909 0.251097 0.259819 -0.0916375
2910 0.273226 0.278626 -0.0913763
2911 0.264389 0.313051 -0.0954732
2912 0.25779 0.266367 -0.0934151
2913 0.260887 0.292059 -0.0892749
2914 0.253811 0.286352 -0.0857337
2915 0.253733 0.277803 -0.0802883
2916 0.26144 0.295281 -0.0788284
2917 0.272754 0.314867 -0.0823706
2918 0.259163 0.279303 -0.0710623
2919 0.307494 0.282972 -0.0940178
2920 0.276594 0.319479 -0.0752302
2921 0.260211 0.274169 -0.0555733
2922 0.265 0.288539 -0.0624646
2923 0.266553 0.300443 -0.0645934
2924 0.294119 0.322197 -0.0530616
2925 0.27005 0.292021 -0.0513368
2926 0.276097 0.302442 -0.0532457
2927 0.264068 0.285295 -0.0484006
2928 0.289156 0.308335 -0.0431434
2929 0.277703 0.29213 -0.0459001
2930 0.284915 0.295659 -0.0329647
2931 0.290115 0.286445 -0.0703952
2932 0.295602 0.266634 -0.0453542
2933 0.312966 0.264377 -0.0675628
2934 0.247221 0.251182 -0.0628189
2935 0.256719 0.261136 -0.0561945
2936 0.235987 0.238594 -0.0552161
2937 0.230162 0.24595 -0.0549781
2938 0.232911 0.253071 -0.0522196
2939 0.218752 0.238135 -0.0476598
2940 0.220969 0.255618 -0.0483983
2941 0.259964 0.270743 -0.0430421
2942 0.240608 0.261118 -0.0379148
2943 0.222956 0.270827 -0.0236815
2944 0.23014 0.269078 -0.0287595
2945 0.2455 0.266524 -0.0254594
2946 0.27539 0.244565 -0.0382109
2947 0.242402 0.240725 -0.0191941
2948 0.269166 0.277605 -0.0329311
2949 0.278011 0.282864 -0.0214038
2950 0.270047 0.276333 -0.0136058
2951 0.287731 0.278485 -0.0176359
2952 0.29241 0.273352 -0.00793669
2953 0.255811 0.271157 -0.00297412
2954 0.299207 0.261604 -0.00363596
2955 0.285911 0.272858 0.00711297
2956 0.296353 0.263982 0.00977008
2957 0.265829 0.269943 0.0203707
2958 0.276788 0.268581 0.0185389
2959 0.286843 0.251685 0.0281723
2960 0.273946 0.251154 0.0365009
2961 0.270138 0.241065 0.00210234
2962 0.323997 0.21654 -0.0251874
2963 0.321678 0.227634 -0.0152652
2964 0.312653 0.225998 0.000288701
2965 0.315203 0.242032 -0.00666692
2966 0.3013 0.221107 0.0144811
2967 0.301947 0.242724 0.00964525
2968 0.299477 0.250868 0.0249357
2969 0.301474 0.210816 0.0259663
2970 0.302171 0.233148 0.0259122
2971 0.299065 0.213261 0.0354172
2972 0.29858 0.231961 0.0342993
2973 0.287625 0.232201 0.0368888
2974 0.285544 0.211771 0.0397428
2975 0.293753 0.22965 -0.0208762
2976 0.276177 0.160944 -0.00865323
2977 0.289533 0.183284 -0.00127111
2978 0.2872 0.171091 0.00363279
2979 0.295427 0.198471 0.00810976
2980 0.282478 0.165675 0.00873897
2981 0.271917 0.168773 0.0207691
2982 0.29639 0.18698 0.0228076
2983 0.288303 0.175328 0.0233702
2984 0.279201 0.17882 0.0263804
2985 0.265469 0.177185 0.0304258
2986 0.285063 0.18876 0.0320293
2987 0.294329 0.192925 0.0327603
2988 0.27001 0.191143 0.0404747
2989 0.266537 0.202066 0.0132278
2990 0.251889 0.186832 -0.0625886
2991 0.268723 0.171212 -0.0455473
2992 0.231815 0.193948 -0.0583868
2993 0.248223 0.173664 -0.0602627
2994 0.25485 0.165535 -0.0506164
2995 0.239273 0.165924 -0.0429697
2996 0.25722 0.160208 -0.0311148
2997 0.267313 0.163399 -0.0283818
2998 0.280436 0.172723 -0.0168995
2999 0.244371 0.159347 -0.0270268
3000 0.261685 0.158481 -0.00200774
3001 0.245448 0.158032 -0.00790519
3002 0.255924 0.16209 0.00878803
3003 0.245747 0.205156 -0.0143162
3004 0.23368 0.179339 -0.0154131
3005 0.315983 0.181905 -0.0790498
3006 0.336234 0.19495 -0.0658918
3007 0.347789 0.19378 -0.0718722
3008 0.328269 0.188371 -0.0614132
3009 0.317875 0.191918 -0.0597501
3010 0.353343 0.201453 -0.0608185
3011 0.330036 0.193117 -0.0517463
3012 0.319338 0.194424 -0.0501788
3013 0.342819 0.199798 -0.049852
3014 0.322862 0.199991 -0.0408525
3015 0.346049 0.211793 -0.0437305
3016 0.331924 0.200438 -0.040553
3017 0.335648 0.21036 -0.0318273
3018 0.327669 0.215143 -0.0576038
3019 0.290213 0.188939 -0.0841073
3020 0.27367 0.198245 -0.0872482
3021 0.264785 0.17676 -0.0606245
3022 0.306302 0.186553 -0.0730931
3023 0.253536 0.203924 -0.0707979
3024 0.241742 0.208187 -0.0640422
3025 0.308588 0.185222 -0.0485819
3026 0.283652 0.174347 -0.0447848
3027 0.300555 0.183377 -0.0206545
3028 0.310719 0.200704 -0.0133671
3029 0.268115 0.217765 -0.0249654
3030 0.295809 0.209905 -0.0558624
3031 0.269427 0.221399 -0.0542846
3032 0.237734 0.208882 0.0783006
3033 0.2551 0.209286 0.0612279
3034 0.249672 0.235542 0.0684299
3035 0.244477 0.264361 0.0583552
3036 0.254143 0.258853 0.0491297
3037 0.264325 0.25729 0.0423615
3038 0.27429 0.232757 0.0432277
3039 0.273142 0.211181 0.0440729
3040 0.264152 0.211514 0.0554393
3041 0.267396 0.233603 0.0524262
3042 0.249144 0.185208 0.0609155
3043 0.256612 0.235336 0.058687
3044 0.244475 0.235796 0.0181285
3045 0.234305 0.221429 0.0461905
3046 0.231941 0.246416 0.0808656
3047 0.191391 0.235366 0.1022
3048 0.226399 0.181733 0.0783036
3049 0.235607 0.22772 0.0804682
3050 0.209923 0.188952 0.0875356
3051 0.228695 0.210192 0.0878913
3052 0.226438 0.235504 0.0895671
3053 0.220316 0.199077 0.0897996
3054 0.211703 0.248623 0.091043
3055 0.204471 0.200444 0.0965036
3056 0.20916 0.216104 0.0974323
3057 0.206245 0.237295 0.0981714
3058 0.189418 0.209852 0.101959
3059 0.201256 0.226139 0.0589049
3060 0.235344 0.281074 0.0367958
3061 0.226278 0.282737 0.0400572
3062 0.233749 0.266289 0.0651291
3063 0.228867 0.264378 0.0726103
3064 0.211305 0.2711 0.075246
3065 0.202426 0.271544 0.0806559
3066 0.216003 0.287602 0.0449604
3067 0.204303 0.287809 0.0492525
3068 0.222318 0.277072 0.0619496
3069 0.206513 0.286721 0.0142979
3070 0.196258 0.288141 0.0230021
3071 0.216575 0.251141 0.0350792
3072 0.192307 0.256219 0.0547601
3073 0.206915 0.249753 -0.0465955
3074 0.193623 0.242266 -0.0355749
3075 0.202189 0.259713 -0.0380467
3076 0.183832 0.271641 -0.0204
3077 0.214367 0.274212 -0.0213471
3078 0.202115 0.275769 -0.0141675
3079 0.234503 0.277088 0.00193357
3080 0.18875 0.282689 0.000221986
3081 0.226476 0.282519 0.0110147
3082 0.244333 0.275573 0.0265626
3083 0.209714 0.208924 0.023133
3084 0.186697 0.241404 0.00897352
3085 0.21637 0.227306 -0.00856154
3086 0.187252 0.225337 0.033321
3087 0.196368 0.164398 0.0650274
3088 0.215231 0.160989 0.05823
3089 0.220085 0.171 0.0733244
3090 0.200177 0.177073 0.0857116
3091 0.23191 0.177777 0.0694893
3092 0.186766 0.158028 0.0521414
3093 0.20983 0.152596 0.0403716
3094 0.222569 0.159001 0.0454756
3095 0.184733 0.176807 0.0840883
3096 0.190305 0.192191 0.0943574
3097 0.169116 0.152556 0.0264731
3098 0.190355 0.153709 0.0298581
3099 0.177236 0.196575 0.0515627
3100 0.203769 0.179856 0.0311317
3101 0.207769 0.193868 0.0577068
3102 0.241402 0.177408 0.0648217
3103 0.239374 0.165169 0.0469394
3104 0.251519 0.182038 0.0524357
3105 0.260873 0.183324 0.0472486
3106 0.243233 0.155047 0.0056769
3107 0.199041 0.153432 0.0111826
3108 0.22997 0.155531 0.0286509
3109 0.235653 0.159425 0.0173224
3110 0.253867 0.164366 0.0284527
3111 0.21252 0.152852 0.019692
3112 0.20056 0.151229 0.0251797
3113 0.244151 0.164598 0.0329348
3114 0.23816 0.192796 0.0158767
3115 0.234607 0.172021 -0.054272
3116 0.210048 0.17202 -0.0464828
3117 0.226729 0.160826 -0.036427
3118 0.220202 0.161001 -0.0268551
3119 0.207253 0.160823 -0.0303254
3120 0.194661 0.162817 -0.0260234
3121 0.234689 0.154531 -0.0211065
3122 0.214193 0.153484 -0.0121951
3123 0.201942 0.160242 -0.0168315
3124 0.228549 0.154971 -0.00236599
3125 0.200935 0.154972 -0.00819107
3126 0.22056 0.15247 0.00309753
3127 0.208403 0.155247 0.0065859
3128 0.214779 0.174085 -0.00230526
3129 0.20909 0.206506 -0.0519229
3130 0.214308 0.22347 -0.0526488
3131 0.218193 0.182454 -0.0467182
3132 0.19687 0.181699 -0.0368743
3133 0.1914 0.201596 -0.0435869
3134 0.183353 0.221433 -0.0410241
3135 0.176295 0.203665 -0.0393261
3136 0.187508 0.171222 -0.0338144
3137 0.171789 0.172295 -0.0259558
3138 0.170483 0.164047 -0.0114766
3139 0.184139 0.154988 0.00313362
3140 0.191306 0.180594 0.000983623
3141 0.175211 0.203723 0.00435292
3142 0.210737 0.199932 -0.0181909
3143 0.067589 0.392089 0.190497
3144 0.101683 0.358279 0.193945
3145 0.067572 0.37661 0.205673
3146 0.0583691 0.397008 0.183038
3147 0.0592087 0.373437 0.207184
3148 0.103059 0.375461 0.167869
3149 0.0970853 0.385208 0.171547
3150 0.082614 0.405006 0.151733
3151 0.0609337 0.410692 0.165157
3152 0.0715799 0.366296 0.210724
3153 0.0610607 0.413049 0.151662
3154 0.0674681 0.353052 0.16321
3155 0.0606459 0.381344 0.150578
3156 -0.0176219 0.418004 0.181104
3157 -0.039547 0.398165 0.202375
3158 0.0211709 0.404143 0.194876
3159 -0.0148343 0.406206 0.197282
3160 0.00186777 0.414253 0.186773
3161 0.052442 0.372193 0.215424
3162 0.0364559 0.387415 0.208897
3163 -0.0218513 0.393286 0.209095
3164 0.00240901 0.395538 0.2086
3165 -0.0513878 0.373174 0.221014
3166 0.0223014 0.374308 0.224503
3167 -0.0134484 0.375759 0.22664
3168 -0.00369909 0.380322 0.179982
3169 0.0400817 0.354538 0.189186
3170 0.0308449 0.405143 0.189396
3171 0.0337005 0.436372 0.122218
3172 0.0247659 0.443145 0.117622
3173 0.0503915 0.396565 0.194824
3174 0.000470529 0.420675 0.173971
3175 0.049101 0.412968 0.159806
3176 0.021885 0.418341 0.175334
3177 0.0255066 0.419243 0.167905
3178 0.0297055 0.429725 0.155616
3179 -0.00307736 0.42672 0.168811
3180 0.0450302 0.414028 0.172085
3181 0.036651 0.424482 0.151681
3182 0.026432 0.36183 0.157773
3183 0.0172649 0.394004 0.142392
3184 0.14419 0.355093 0.0725738
3185 0.133206 0.371651 0.0806246
3186 0.122209 0.379444 0.0827589
3187 0.118671 0.390713 0.0757364
3188 0.143158 0.353271 0.113921
3189 0.129335 0.372773 0.111433
3190 0.131756 0.362542 0.0633966
3191 0.142436 0.364815 0.104508
3192 0.126568 0.382467 0.102035
3193 0.0782895 0.350499 0.122382
3194 0.107027 0.341827 0.0934349
3195 0.0926202 0.366191 0.067248
3196 0.116557 0.338259 0.0716111
3197 0.0828848 0.342948 0.0793692
3198 0.0999658 0.366658 0.097019
3199 0.13265 0.373002 0.126297
3200 0.113732 0.394684 0.118981
3201 0.103831 0.397932 0.11147
3202 0.107958 0.394824 0.0798177
3203 0.107053 0.384839 0.159377
3204 0.0983724 0.399975 0.139831
3205 0.114213 0.387801 0.106913
3206 0.120673 0.376176 0.148563
3207 0.0962415 0.3938 0.149288
3208 0.113746 0.389474 0.0968455
3209 0.111459 0.400907 0.0981864
3210 0.0953709 0.409404 0.106764
3211 0.0736613 0.378276 0.0938489
3212 0.107388 0.357051 0.125739
3213 0.0743493 0.37886 0.125381
3214 0.089097 0.402377 0.133019
3215 0.0808671 0.413697 0.133818
3216 0.0655825 0.430175 0.116374
3217 0.0463841 0.426754 0.152371
3218 0.041347 0.438617 0.115685
3219 0.0959892 0.41005 0.117091
3220 0.0633629 0.422405 0.142821
3221 0.0401566 0.443318 0.0946981
3222 0.0779541 0.40671 0.142604
3223 0.0322128 0.437392 0.106073
3224 0.0722761 0.420149 0.103177
3225 0.0594773 0.430047 0.104585
3226 0.0476611 0.394106 0.12609
3227 0.0423994 0.406148 0.0952151
3228 0.097254 0.398029 0.0492496
3229 0.104298 0.405656 0.0748218
3230 0.0936739 0.412467 0.0526297
3231 0.0730258 0.430554 0.0671614
3232 0.0594567 0.433244 0.0477289
3233 0.0691107 0.426747 0.0872577
3234 0.0541188 0.443238 0.0639258
3235 0.0875635 0.420004 0.0955632
3236 0.0610465 0.436534 0.0904187
3237 0.0682766 0.430973 0.0389
3238 0.0449411 0.444876 0.0407044
3239 0.060988 0.397357 0.0604298
3240 -3.77528e-05 0.335714 0.0192788
3241 0.0552018 0.352355 0.0559979
3242 0.0347113 0.376003 0.0792272
3243 0.006885 0.38728 0.0368712
3244 0.0142121 0.349787 0.0551449
3245 0.0395971 0.332963 0.0245806
3246 -0.00510669 0.379338 0.0744545
3247 -0.0186424 0.410371 0.0167565
3248 -0.0234935 0.344254 0.0417646
3249 0.0347429 0.370153 0.0377018
3250 0.00832564 0.367287 0.00917592
3251 -0.0220918 0.376251 0.0222244
3252 0.00271379 0.319407 0.0481085
3253 0.0855441 0.302881 0.0881877
3254 0.0275875 0.299594 0.0577704
3255 -0.00789016 0.292087 0.117391
3256 0.0398587 0.295658 0.105416
3257 0.0478757 0.322325 0.141703
3258 0.0588697 0.333137 0.0914178
3259 -0.0123095 0.290049 0.0605601
3260 0.0103296 0.312078 0.0888119
3261 0.0752675 0.315054 0.120078
3262 0.0357999 0.329297 0.0686097
3263 0.0201006 0.305013 0.132027
3264 0.0572875 0.288849 0.0780756
3265 0.0661855 0.326608 0.0640045
3266 0.0260848 0.275047 0.081695
3267 0.0229773 0.341973 0.10788
3268 -0.0268768 0.364602 0.150989
3269 -0.0178842 0.330302 0.0718077
3270 -0.00957128 0.395422 0.116506
3271 -0.000573979 0.329656 0.14343
3272 -0.0176896 0.351753 0.112037
3273 -0.035829 0.319272 0.131967
3274 -0.0442535 0.373531 0.0952574
3275 0.00875068 0.364136 0.129062
3276 0.0417185 0.351916 0.131643
3277 0.0497001 0.360682 0.101046
3278 0.0029229 0.350434 0.0847919
3279 0.0239006 0.372979 0.105967
3280 -0.00563392 0.322972 0.113345
3281 0.00936939 0.441444 0.131523
3282 -0.0216437 0.447589 0.117323
3283 -0.00022912 0.437781 0.144287
3284 0.000512571 0.44932 0.0753156
3285 0.010765 0.451735 0.0950843
3286 0.0129731 0.454635 0.0455497
3287 -0.00769584 0.454708 0.09328
3288 -0.00242679 0.449418 0.0366243
3289 0.00372577 0.448906 0.115886
3290 0.00232626 0.445887 0.104281
3291 0.0154525 0.445311 0.108014
3292 -0.0146972 0.448222 0.10758
3293 0.0198843 0.416285 0.0624687
3294 0.00978352 0.41693 0.0985784
3295 -0.0602945 0.447524 0.0592307
3296 -0.0370893 0.453909 0.0836614
3297 -0.0329867 0.456503 0.0635439
3298 -0.00937678 0.457313 0.060134
3299 -0.0696313 0.442701 0.0925599
3300 -0.0198999 0.456123 0.0418263
3301 -0.0499668 0.448676 0.0360972
3302 -0.041528 0.450115 0.0992888
3303 -0.0435976 0.444405 0.106922
3304 -0.0677441 0.435066 0.105204
3305 -0.0257055 0.448488 0.03006
3306 -0.0201627 0.414854 0.0576849
3307 -0.0486146 0.411128 0.0774443
3308 -0.023503 0.412456 0.0917171
3309 -0.0552412 0.394418 0.200561
3310 -0.0661897 0.409675 0.174678
3311 -0.104665 0.360616 0.192723
3312 -0.100434 0.386547 0.169389
3313 -0.0832631 0.394024 0.179611
3314 -0.0621932 0.373845 0.210241
3315 -0.057635 0.408832 0.175351
3316 -0.104084 0.381636 0.163855
3317 -0.0886377 0.410988 0.149827
3318 -0.0463907 0.418229 0.17433
3319 -0.0721406 0.369694 0.212073
3320 -0.0971777 0.402927 0.143245
3321 -0.0634238 0.365373 0.136473
3322 -0.0562394 0.379433 0.170139
3323 -0.099158 0.408433 0.126285
3324 -0.104915 0.416573 0.11194
3325 -0.0707519 0.424548 0.143366
3326 -0.0820343 0.431467 0.112344
3327 -0.0444121 0.444658 0.117333
3328 -0.0363344 0.429302 0.15015
3329 -0.0298479 0.430814 0.155922
3330 -0.08409 0.412732 0.141848
3331 -0.0494166 0.416319 0.162465
3332 -0.0301392 0.418922 0.169779
3333 -0.0323807 0.443869 0.109888
3334 -0.0480643 0.425642 0.156199
3335 -0.065094 0.416617 0.155294
3336 -0.0514934 0.399461 0.122267
3337 -0.0185807 0.40223 0.147073
3338 -0.015521 0.30724 0.249941
3339 -0.00968621 0.315907 0.251066
3340 0.0218364 0.319441 0.248425
3341 -0.0302433 0.327239 0.246254
3342 -0.00284522 0.342778 0.242743
3343 0.0366345 0.333679 0.241899
3344 -0.0289322 0.356613 0.235135
3345 0.0306451 0.357052 0.233618
3346 -0.0392215 0.312871 0.241161
3347 -0.0203473 0.365182 0.228777
3348 0.0290183 0.36406 0.224897
3349 -0.0133487 0.317133 0.207387
3350 0.00110243 0.342975 0.184769
3351 0.0206487 0.335855 0.208466
3352 -0.121287 0.334513 0.197503
3353 -0.112868 0.328622 0.202998
3354 -0.108529 0.334508 0.20047
3355 -0.099292 0.350145 0.199437
3356 -0.128746 0.30723 0.206532
3357 -0.120241 0.340311 0.185337
3358 -0.108746 0.356195 0.18539
3359 -0.109108 0.326512 0.213006
3360 -0.122213 0.299798 0.210375
3361 -0.0877825 0.329513 0.218812
3362 -0.0310883 0.310102 0.169056
3363 -0.0697182 0.303711 0.188496
3364 -0.0650329 0.340364 0.160705
3365 -0.0967009 0.316864 0.175697
3366 -0.0718253 0.335546 0.191666
3367 -0.0486374 0.351553 0.232227
3368 -0.0386803 0.358214 0.226576
3369 -0.100982 0.344951 0.207536
3370 -0.0549063 0.317777 0.238846
3371 -0.0736516 0.334666 0.230067
3372 -0.0496902 0.327543 0.240967
3373 -0.0393575 0.326661 0.240366
3374 -0.0705163 0.319272 0.229341
3375 -0.0667409 0.352477 0.225195
3376 -0.06996 0.357826 0.215275
3377 -0.0507821 0.360789 0.222846
3378 -0.0355053 0.348632 0.187277
3379 -0.0456721 0.319656 0.206286
3380 -0.0724435 0.199185 0.247682
3381 -0.0451257 0.21579 0.255433
3382 -0.0698501 0.168566 0.243184
3383 -0.082714 0.170263 0.234885
3384 -0.0667312 0.159687 0.238423
3385 -0.0699445 0.235975 0.252844
3386 -0.0789757 0.209337 0.244558
3387 -0.0659963 0.246494 0.248563
3388 -0.0906122 0.232443 0.246768
3389 -0.081012 0.242589 0.243312
3390 -0.0766141 0.24902 0.243001
3391 -0.0497428 0.193827 0.205383
3392 -0.0836319 0.232387 0.210708
3393 -0.012324 0.297704 0.256006
3394 -0.0324026 0.281361 0.257173
3395 -0.0012849 0.27087 0.256976
3396 -0.0262869 0.239538 0.260123
3397 -0.00288799 0.232985 0.25881
3398 -0.0362574 0.194692 0.254358
3399 -0.0154711 0.249585 0.257109
3400 -0.010456 0.260498 0.2604
3401 -0.0639459 0.259007 0.253341
3402 -0.00917481 0.215269 0.259026
3403 -0.00214339 0.246088 0.253001
3404 -0.0413294 0.233643 0.229552
3405 0.000627541 0.243212 0.21634
3406 -0.0147551 0.27889 0.22884
3407 -0.068048 0.277354 0.249997
3408 -0.0657144 0.308271 0.243277
3409 -0.0437459 0.303647 0.250683
3410 -0.0763626 0.271899 0.243987
3411 -0.0903127 0.257027 0.24632
3412 -0.107012 0.274545 0.235007
3413 -0.0822203 0.291868 0.240904
3414 -0.0974834 0.300799 0.23145
3415 -0.0714955 0.306017 0.236942
3416 -0.122079 0.287224 0.221697
3417 -0.0856084 0.320789 0.229658
3418 -0.0800913 0.261571 0.193754
3419 -0.0455791 0.282036 0.211325
3420 -0.0171569 0.224727 0.189847
3421 -0.0298632 0.21456 0.114821
3422 -0.000766498 0.276218 0.199951
3423 -9.80432e-05 0.247055 0.144655
3424 0.00591967 0.289243 0.158765
3425 -0.0300457 0.26666 0.169295
3426 -0.0580165 0.228007 0.183299
3427 -0.022001 0.208582 0.153577
3428 -0.0610464 0.283722 0.158652
3429 -0.0333027 0.261528 0.135071
3430 0.00342195 0.249722 0.178633
3431 -0.0373746 0.25006 0.197118
3432 -0.0364826 0.236307 0.160939
3433 -0.0258633 0.291331 0.143766
3434 0.0131635 0.215095 0.1897
3435 0.0599978 0.298912 0.244675
3436 0.0420089 0.302799 0.249089
3437 0.0648445 0.296274 0.240094
3438 0.0430685 0.312274 0.239399
3439 0.0525364 0.312764 0.236996
3440 0.0563904 0.325459 0.238034
3441 0.0437047 0.344148 0.231571
3442 0.0642341 0.312012 0.231167
3443 0.0817009 0.330682 0.224399
3444 0.0534729 0.353401 0.226796
3445 0.0650221 0.354963 0.214067
3446 0.0448926 0.358556 0.21956
3447 0.0453057 0.300498 0.209365
3448 0.036857 0.278542 0.254778
3449 0.00798293 0.296755 0.25515
3450 0.000150576 0.297186 0.25076
3451 0.00753231 0.276368 0.259953
3452 0.0583685 0.228901 0.250786
3453 0.0150469 0.307734 0.248115
3454 0.0084359 0.232445 0.260828
3455 0.0573827 0.254407 0.252296
3456 0.0122975 0.257642 0.260844
3457 0.0526585 0.241704 0.250517
3458 0.0142767 0.246529 0.256357
3459 0.0366146 0.271169 0.214885
3460 0.021299 0.254966 0.239088
3461 0.0136936 0.299985 0.21664
3462 0.0743 0.282076 0.242649
3463 0.0358543 0.231344 0.25786
3464 0.0744415 0.203645 0.239236
3465 0.0912993 0.222414 0.23572
3466 0.0781483 0.235952 0.240232
3467 0.0787477 0.24697 0.244688
3468 0.0615621 0.209521 0.246281
3469 0.0637294 0.252367 0.24516
3470 0.0984664 0.229888 0.226043
3471 0.0393732 0.210388 0.251399
3472 0.0199562 0.203406 0.255667
3473 0.065789 0.224046 0.244532
3474 0.0738784 0.224133 0.245054
3475 0.0376398 0.209803 0.214985
3476 0.0600255 0.241922 0.218832
3477 0.132561 0.262011 0.201327
3478 0.111028 0.330187 0.191759
3479 0.124892 0.319095 0.196392
3480 0.138182 0.299621 0.185567
3481 0.132492 0.317843 0.184906
3482 0.148401 0.298187 0.16836
3483 0.119422 0.348789 0.184114
3484 0.152296 0.274336 0.173489
3485 0.096951 0.345048 0.200456
3486 0.133638 0.31867 0.175045
3487 0.108473 0.353783 0.185018
3488 0.120319 0.328589 0.186278
3489 0.115981 0.279531 0.156937
3490 0.107686 0.303945 0.175167
3491 0.157367 0.330978 0.124097
3492 0.144834 0.353859 0.124462
3493 0.137972 0.356618 0.131136
3494 0.150014 0.296538 0.156742
3495 0.138858 0.313314 0.164498
3496 0.138078 0.330777 0.168831
3497 0.160087 0.309272 0.144245
3498 0.147825 0.338504 0.144339
3499 0.136892 0.354201 0.147281
3500 0.140596 0.334948 0.151974
3501 0.150618 0.318552 0.155143
3502 0.0896196 0.306431 0.151549
3503 0.121416 0.31815 0.128032
3504 0.101754 0.341764 0.150144
3505 0.10202 0.252227 0.231377
3506 0.11599 0.316157 0.201096
3507 0.104529 0.324472 0.205173
3508 0.0911581 0.281708 0.23392
3509 0.0753622 0.307563 0.235818
3510 0.115758 0.236727 0.219617
3511 0.120287 0.291606 0.201185
3512 0.116332 0.290446 0.213176
3513 0.122655 0.239143 0.207352
3514 0.123051 0.266071 0.204869
3515 0.120174 0.266424 0.213493
3516 0.0950236 0.314041 0.220983
3517 0.0833814 0.318304 0.222181
3518 0.0680636 0.284858 0.193219
3519 0.0753828 0.235755 0.19033
3520 0.101128 0.338177 0.206206
3521 0.0472958 0.269268 0.154261
3522 0.0340831 0.31596 0.184847
3523 0.0325443 0.237793 0.192183
3524 0.0763117 0.270576 0.119065
3525 0.0254739 0.257284 0.1133
3526 0.0780564 0.321543 0.181599
3527 0.028658 0.28215 0.183409
3528 0.0822539 0.274657 0.163284
3529 0.0590041 0.299682 0.164212
3530 0.0337733 0.239236 0.138993
3531 0.0562441 0.292492 0.13295
3532 0.0974096 0.296132 0.124985
3533 0.0372565 0.187334 0.248767
3534 0.0186459 0.1605 0.230808
3535 0.0186647 0.165826 0.24745
3536 -0.000424584 0.184846 0.254233
3537 0.0332577 0.178584 0.245264
3538 0.00563506 0.17556 0.233985
3539 -0.000129588 0.181429 0.241755
3540 0.0321256 0.166029 0.248154
3541 0.0113608 0.185579 0.255225
3542 0.0112464 0.197012 0.252789
3543 -0.00118851 0.205322 0.251705
3544 -0.0123227 0.189544 0.256881
3545 0.0306363 0.181723 0.221208
3546 -0.0291813 0.158198 0.231567
3547 -0.0362895 0.180945 0.249098
3548 -0.0365503 0.155503 0.243421
3549 -0.0175116 0.129694 0.227832
3550 -0.0426208 0.137688 0.226148
3551 -0.0327213 0.169319 0.251786
3552 -0.0495352 0.157073 0.244873
3553 -0.0326127 0.105462 0.218053
3554 -0.000898354 0.118302 0.221575
3555 -0.0293908 0.119782 0.222302
3556 -0.00126234 0.133679 0.227668
3557 -0.0293933 0.125281 0.181886
3558 -0.00255111 0.114241 0.190149
3559 -0.00598179 0.142106 0.199647
3560 0.000407327 0.151423 0.2294
3561 -0.0191057 0.168475 0.233109
3562 -0.00508276 0.175621 0.233445
3563 -0.0128262 0.180221 0.252802
3564 -0.0117489 0.200302 0.253385
3565 0.0047503 0.180006 0.145372
3566 0.0238882 0.187132 0.189961
3567 -0.0185313 0.164487 0.184816
3568 0.00135315 0.206347 0.215796
3569 -0.0292813 0.16372 0.144788
3570 0.00613288 0.16861 0.205048
3571 -0.00662121 0.194995 0.179623
3572 -0.0183467 0.186004 0.205776
3573 -0.00597262 0.154148 0.160176
3574 0.104133 0.13988 0.194702
3575 0.113245 0.144594 0.184023
3576 0.0831336 0.114787 0.194971
3577 0.108487 0.122879 0.191321
3578 0.111866 0.129984 0.1906
3579 0.0842424 0.109871 0.182849
3580 0.109759 0.11334 0.171854
3581 0.110297 0.114598 0.179932
3582 0.103231 0.105239 0.161617
3583 0.104469 0.110398 0.163416
3584 0.0842204 0.129247 0.212174
3585 0.0775162 0.13937 0.216639
3586 0.0885113 0.139014 0.167902
3587 0.0582457 0.104686 0.201284
3588 0.0780827 0.10327 0.184356
3589 0.0515385 0.106897 0.201662
3590 0.0495599 0.118616 0.2062
3591 0.00795482 0.128741 0.165858
3592 0.0521131 0.151745 0.168986
3593 0.0417275 0.10175 0.159372
3594 0.00739346 0.144536 0.128961
3595 0.0230985 0.155227 0.155132
3596 0.0527782 0.122015 0.174926
3597 0.0287846 0.100442 0.130634
3598 0.0624887 0.126146 0.14823
3599 0.0823157 0.0979319 0.150477
3600 0.025007 0.121054 0.18739
3601 0.112542 0.15149 0.196028
3602 0.0740044 0.176602 0.231879
3603 0.0732565 0.149395 0.224995
3604 0.117227 0.176017 0.204876
3605 0.0937905 0.209128 0.228278
3606 0.0972685 0.150501 0.20926
3607 0.0949164 0.169859 0.216472
3608 0.117115 0.214603 0.214001
3609 0.107888 0.189301 0.215508
3610 0.0834816 0.166682 0.221802
3611 0.0927558 0.187306 0.225118
3612 0.0837345 0.171208 0.179548
3613 0.0827802 0.201726 0.195477
3614 0.0425067 0.210269 0.185329
3615 0.0401193 0.141049 0.230589
3616 0.045308 0.151049 0.238858
3617 0.0510678 0.157598 0.234044
3618 0.0596687 0.172237 0.238846
3619 0.0648113 0.186085 0.236027
3620 0.0287341 0.147094 0.22598
3621 0.0580085 0.124596 0.217057
3622 0.0603845 0.150278 0.225193
3623 0.0251897 0.126289 0.221582
3624 0.0397745 0.130027 0.216072
3625 0.0557149 0.137077 0.226458
3626 0.0236423 0.149363 0.190595
3627 0.0554628 0.174879 0.200445
3628 0.0400256 0.180373 0.16375
3629 0.0596928 0.142899 0.195787
3630 0.13766 0.11544 0.0642497
3631 0.144882 0.122959 0.0809471
3632 0.157134 0.134023 0.0670408
3633 0.159196 0.145093 0.0798692
3634 0.170769 0.16239 0.0687224
3635 0.15652 0.12868 0.0950303
3636 0.155755 0.140346 0.105898
3637 0.160583 0.174324 0.109938
3638 0.162854 0.147154 0.0601911
3639 0.168793 0.163065 0.0832835
3640 0.172168 0.17537 0.0953359
3641 0.159303 0.15971 0.0928044
3642 0.131545 0.147766 0.0903758
3643 0.145645 0.170692 0.0729804
3644 0.122493 0.11497 0.143843
3645 0.13104 0.116447 0.125421
3646 0.14983 0.121596 0.122067
3647 0.152136 0.128636 0.129249
3648 0.146319 0.13742 0.135724
3649 0.152357 0.147618 0.138612
3650 0.154313 0.166421 0.121629
3651 0.14004 0.126571 0.15769
3652 0.139666 0.119911 0.103086
3653 0.150897 0.144676 0.117181
3654 0.126421 0.13728 0.170824
3655 0.130895 0.118125 0.164073
3656 0.144306 0.120063 0.147409
3657 0.138327 0.138805 0.150618
3658 0.119469 0.148561 0.129883
3659 0.121228 0.093867 0.113864
3660 0.115927 0.101101 0.143561
3661 0.13206 0.104293 0.0859062
3662 0.124034 0.0957115 0.093978
3663 0.043937 0.13135 0.123948
3664 0.0898738 0.159389 0.137291
3665 0.0894321 0.127744 0.101531
3666 0.115575 0.172598 0.106991
3667 0.073593 0.10237 0.13173
3668 0.0586749 0.149574 0.0932618
3669 0.0687834 0.103954 0.0984222
3670 0.0928839 0.125998 0.133597
3671 0.0881856 0.158251 0.106433
3672 0.148912 0.208777 0.165257
3673 0.156819 0.205986 0.151698
3674 0.161577 0.241471 0.164908
3675 0.167022 0.225454 0.13321
3676 0.172395 0.249988 0.12822
3677 0.153449 0.261705 0.166929
3678 0.160606 0.285089 0.154637
3679 0.166223 0.22516 0.118968
3680 0.163892 0.233753 0.140452
3681 0.153054 0.229345 0.170043
3682 0.168199 0.259656 0.143687
3683 0.161859 0.214951 0.153449
3684 0.165863 0.233305 0.150773
3685 0.126795 0.244092 0.130504
3686 0.147615 0.186442 0.164741
3687 0.157887 0.182654 0.137286
3688 0.156156 0.189868 0.132241
3689 0.164274 0.211071 0.122112
3690 0.149868 0.200835 0.179103
3691 0.127995 0.163892 0.189328
3692 0.162369 0.191402 0.118402
3693 0.13182 0.14764 0.174617
3694 0.154956 0.203909 0.138246
3695 0.141835 0.15086 0.162575
3696 0.143348 0.156182 0.154313
3697 0.156525 0.195005 0.159073
3698 0.133097 0.213346 0.106994
3699 0.121424 0.190819 0.134572
3700 0.110106 0.167453 0.161988
3701 0.119418 0.169984 0.195524
3702 0.130657 0.186357 0.195882
3703 0.133706 0.210637 0.201242
3704 0.134885 0.220578 0.195799
3705 0.134425 0.234304 0.201355
3706 0.14764 0.214235 0.177423
3707 0.12125 0.198366 0.202896
3708 0.152286 0.229579 0.18009
3709 0.122505 0.223665 0.203033
3710 0.0992817 0.245359 0.155988
3711 0.108686 0.199229 0.164471
3712 0.120862 0.227351 0.169017
3713 0.064305 0.201872 0.166414
3714 0.0390498 0.217862 0.115117
3715 0.0254416 0.171606 0.100494
3716 0.0921146 0.205893 0.128194
3717 0.0509553 0.176865 0.134402
3718 0.0251211 0.214438 0.158096
3719 0.00511769 0.207176 0.0936955
3720 0.065367 0.231963 0.140914
3721 0.00405538 0.211987 0.129199
3722 -0.00170529 0.18289 0.11386
3723 -0.00611881 0.240076 0.110801
3724 0.0643698 0.197766 0.113658
3725 0.0735754 0.238731 0.109201
3726 0.0850002 0.184811 0.1527
3727 0.0252786 0.190531 0.125581
3728 0.165723 0.267318 0.128378
3729 0.171922 0.268244 0.12099
3730 0.168545 0.289088 0.131091
3731 0.16822 0.304247 0.123882
3732 0.158974 0.312503 0.128577
3733 0.172544 0.247422 0.120052
3734 0.169172 0.283511 0.114614
3735 0.163869 0.275083 0.134112
3736 0.157917 0.291013 0.143314
3737 0.183139 0.265128 0.102736
3738 0.105539 0.241367 0.0997023
3739 0.121078 0.279423 0.119234
3740 0.16302 0.224289 0.0761176
3741 0.143693 0.257906 0.0999821
3742 0.17523 0.304328 0.0388025
3743 0.16718 0.319749 0.0190829
3744 0.193441 0.27662 0.083005
3745 0.175154 0.308866 0.0589972
3746 0.159276 0.334639 0.056323
3747 0.154358 0.337015 0.0440545
3748 0.190943 0.29556 0.0615959
3749 0.110686 0.289511 0.0760893
3750 0.147254 0.263353 0.0638887
3751 0.142056 0.291991 0.0403413
3752 0.169211 0.262425 0.0340209
3753 0.127357 0.314931 0.0578901
3754 0.138094 0.234837 0.0567777
3755 0.172764 0.268135 0.0467337
3756 0.176494 0.296719 0.0781058
3757 0.168241 0.325875 0.0775804
3758 0.154637 0.335922 0.0677265
3759 0.167141 0.303926 0.113786
3760 0.155804 0.323041 0.116784
3761 0.154151 0.342352 0.087689
3762 0.148168 0.346569 0.088555
3763 0.16961 0.309621 0.0883771
3764 0.178177 0.288633 0.0932442
3765 0.153404 0.349115 0.104568
3766 0.163135 0.330391 0.0985411
3767 0.164263 0.32422 0.108794
3768 0.127458 0.315928 0.0923214
3769 0.146602 0.293618 0.101049
3770 0.147436 0.293118 0.0701746
3771 0.0426705 0.229787 -0.0114695
3772 0.0532946 0.274418 -0.0314136
3773 0.0249403 0.244642 -0.0504099
3774 0.066633 0.206891 -0.0368045
3775 0.0235432 0.296293 -0.0100318
3776 0.0723541 0.247036 0.00282914
3777 0.0119213 0.253245 0.000286158
3778 0.0602648 0.241524 -0.0442531
3779 0.0504693 0.228205 0.0226133
3780 0.0824 0.263145 -0.0371814
3781 0.0350468 0.215247 -0.0398854
3782 0.0535652 0.273023 0.000693978
3783 0.0700364 0.229839 -0.0199782
3784 0.0402515 0.235157 -0.091967
3785 0.0585449 0.253506 -0.0877498
3786 0.0651251 0.25959 -0.0813857
3787 0.0467315 0.209201 -0.0768759
3788 0.0694477 0.207405 -0.0852537
3789 0.0531162 0.224774 -0.0887316
3790 0.0781948 0.237083 -0.0821141
3791 0.0592128 0.213698 -0.0772878
3792 0.0665365 0.223796 -0.0749425
3793 0.0832398 0.245574 -0.0787902
3794 0.0849252 0.233958 -0.0701787
3795 0.0546172 0.21959 -0.0539608
3796 0.0599146 0.193812 -0.059266
3797 0.0517753 0.262529 -0.0600706
3798 0.00415598 0.248862 0.0784247
3799 0.0877927 0.246575 0.03666
3800 0.0405272 0.26138 0.0276638
3801 0.0575004 0.255787 0.0801824
3802 -0.00392701 0.285035 0.0206196
3803 0.112838 0.248186 0.0639768
3804 0.0303514 0.299855 0.0234908
3805 0.0279141 0.242129 0.0538331
3806 0.0887275 0.266201 0.085223
3807 0.0599254 0.239578 0.051235
3808 -0.0042168 0.216223 0.0622242
3809 0.0312439 0.223147 0.0808665
3810 0.0569978 0.272432 0.0516416
3811 0.0154128 0.273549 0.0435101
3812 0.061241 0.303177 0.00873978
3813 0.0985699 0.2697 -0.0106668
3814 0.107177 0.297695 0.037901
3815 0.135451 0.264621 0.0188396
3816 0.0929962 0.333572 0.0550426
3817 0.0678245 0.301515 0.0493328
3818 0.117944 0.290619 0.00695684
3819 0.0833629 0.2779 0.0204168
3820 0.0713363 0.326889 0.028657
3821 0.109264 0.244099 0.00979926
3822 0.0879373 0.275369 0.053218
3823 0.108978 0.268003 0.0328982
3824 0.084873 0.304207 0.0247408
3825 0.0931881 0.305926 0.0610828
3826 0.0856231 0.174411 -0.0886523
3827 0.0961287 0.150995 -0.0849546
3828 0.102149 0.197525 -0.0812126
3829 0.0945155 0.209632 -0.0817207
3830 0.117156 0.157942 -0.0719428
3831 0.115731 0.205605 -0.0748127
3832 0.124116 0.181078 -0.0719188
3833 0.114169 0.139027 -0.0654226
3834 0.119859 0.126602 -0.0449277
3835 0.13443 0.15914 -0.0529053
3836 0.13181 0.133765 -0.0389987
3837 0.142392 0.141649 -0.0228712
3838 0.0955752 0.159939 -0.0446539
3839 0.0941169 0.202117 -0.0582886
3840 0.102179 0.235099 -0.0676119
3841 0.0954462 0.244206 -0.0774166
3842 0.128209 0.246992 -0.0623121
3843 0.117536 0.232788 -0.055444
3844 0.117134 0.239398 -0.0576154
3845 0.128086 0.235639 -0.0523258
3846 0.145766 0.22921 -0.0497144
3847 0.160134 0.244482 -0.0399291
3848 0.185004 0.250521 -0.0367094
3849 0.163914 0.265561 -0.0319761
3850 0.160293 0.257642 -0.000405705
3851 0.133026 0.257063 -0.0227939
3852 0.102116 0.236622 -0.0297375
3853 0.168962 0.227909 -0.013549
3854 0.137974 0.228006 -0.0513362
3855 0.143118 0.195986 -0.0446548
3856 0.142464 0.17666 -0.0381821
3857 0.158094 0.190025 -0.0416094
3858 0.163279 0.220411 -0.0439933
3859 0.147513 0.1647 -0.0270138
3860 0.149433 0.15142 -0.00520028
3861 0.163989 0.157545 -0.0017258
3862 0.0939334 0.21701 -0.00692831
3863 0.136044 0.22306 -0.00813528
3864 0.133334 0.185812 -0.0117437
3865 0.0954116 0.165037 -0.00722191
3866 0.0549589 0.190929 -0.00789863
3867 0.104029 0.192895 -0.0371107
3868 0.119826 0.116444 -0.0378662
3869 0.118278 0.1078 -0.0142322
3870 0.12948 0.123324 -0.0137201
3871 0.138334 0.12515 0.0121584
3872 0.128057 0.112342 -0.00550135
3873 0.115267 0.0946145 0.00326061
3874 0.121653 0.105405 0.00634392
3875 0.130398 0.1192 0.00888306
3876 0.121932 0.0909005 0.013378
3877 0.13019 0.0973018 0.0179523
3878 0.132231 0.111204 0.0204713
3879 0.139295 0.116661 0.0231684
3880 0.0889901 0.118115 0.00247635
3881 0.110974 0.122875 0.0210798
3882 0.117759 0.0798739 0.0662633
3883 0.127762 0.0971114 0.053943
3884 0.106682 0.0680351 0.0318981
3885 0.110358 0.0773552 0.040854
3886 0.119685 0.0775976 0.0533739
3887 0.142481 0.125943 0.0443089
3888 0.123464 0.0835335 0.0378254
3889 0.110841 0.0874743 0.0260614
3890 0.123375 0.0980497 0.0339877
3891 0.0637934 0.122121 0.0616385
3892 0.0960367 0.133943 0.0331882
3893 0.0769804 0.0846769 0.0717826
3894 0.100779 0.119398 0.067099
3895 0.0843074 0.102739 0.0418509
3896 0.145535 0.130381 0.0346686
3897 0.171985 0.153402 0.04591
3898 0.144843 0.140994 0.00975605
3899 0.149852 0.139979 0.018898
3900 0.15834 0.227085 0.0368313
3901 0.109373 0.187244 0.0341492
3902 0.136149 0.195378 0.0722168
3903 0.153107 0.183825 0.0203116
3904 0.119674 0.224547 0.0362184
3905 0.136641 0.169209 0.0481428
3906 0.120496 0.156382 0.0198273
3907 0.123537 0.223149 0.079567
3908 0.140237 0.205119 0.0446525
3909 0.123853 0.204552 0.0129602
3910 0.0788862 0.182231 0.0892641
3911 0.0443458 0.211417 0.0527067
3912 0.111898 0.154834 0.0692548
3913 0.0470241 0.166525 0.0605831
3914 0.0965783 0.214894 0.0658037
3915 0.0705464 0.198358 0.022572
3916 0.0825026 0.165381 0.0485012
3917 0.0636044 0.217347 0.0854913
3918 0.0716321 0.194383 0.0595729
3919 0.0713986 0.151524 0.0212261
3920 0.0262004 0.190568 0.0723755
3921 0.10605 0.185663 0.0733886
3922 0.0978479 0.20688 0.0967423
3923 0.0821102 0.145225 0.072688
3924 0.0905395 0.21647 0.0362214
3925 -0.0630614 0.441106 0.046623
3926 -0.0742151 0.434623 0.0286644
3927 -0.0686167 0.427799 -0.0237432
3928 -0.0591697 0.443928 -0.000893833
3929 -0.0708098 0.430324 0.00654573
3930 -0.0674006 0.438172 0.0113229
3931 -0.0355855 0.452043 0.0157154
3932 -0.0780286 0.423691 0.0203857
3933 -0.0670585 0.433795 0.0239788
3934 -0.0500048 0.447634 0.0216465
3935 -0.0489694 0.443597 0.0288397
3936 -0.0551748 0.404559 0.037163
3937 -0.0446014 0.420972 0.0122339
3938 -0.0872457 0.377015 -0.0496824
3939 -0.0979878 0.371093 -0.0460172
3940 -0.100262 0.392615 -0.0461595
3941 -0.113326 0.38089 -0.0407657
3942 -0.102583 0.402489 -0.035033
3943 -0.111244 0.39024 -0.0307559
3944 -0.110006 0.385218 -0.022231
3945 -0.099736 0.39352 -0.0215004
3946 -0.110982 0.391433 -0.00689209
3947 -0.100255 0.394844 0.0109094
3948 -0.118707 0.37174 0.0031494
3949 -0.110909 0.386426 0.00709605
3950 -0.0837503 0.356398 -0.0107753
3951 -0.0781249 0.354144 -0.0375484
3952 -0.0786148 0.390658 -0.0493416
3953 -0.0735649 0.41821 -0.0532085
3954 -0.0839696 0.411096 -0.049928
3955 -0.0901516 0.40147 -0.0454539
3956 -0.0724275 0.429898 -0.0453282
3957 -0.0923013 0.408458 -0.0403039
3958 -0.0769603 0.428889 -0.0351209
3959 -0.093838 0.403566 -0.0244488
3960 -0.0779982 0.421603 -0.0271892
3961 -0.0967463 0.406039 -0.0180278
3962 -0.0781923 0.427311 -0.0181154
3963 -0.0976911 0.405467 0.00687592
3964 -0.0834847 0.422974 0.0122958
3965 -0.0706797 0.395737 -0.0171027
3966 -0.119553 0.399508 0.0694322
3967 -0.112488 0.409929 0.0597648
3968 -0.103239 0.422642 0.0892353
3969 -0.0974352 0.423817 0.0643164
3970 -0.0745414 0.440182 0.0560369
3971 -0.0889229 0.431682 0.0924546
3972 -0.0763437 0.435178 0.0900792
3973 -0.0931831 0.422302 0.0434973
3974 -0.12032 0.405239 0.0874266
3975 -0.103174 0.415801 0.0995145
3976 -0.0943188 0.400557 0.0177492
3977 -0.0898638 0.411534 0.0201858
3978 -0.0778849 0.388962 0.08621
3979 -0.0774335 0.400517 0.056975
3980 -0.132665 0.387385 0.0665883
3981 -0.139418 0.360306 0.0424297
3982 -0.13573 0.368424 0.0349291
3983 -0.114798 0.397471 0.0443268
3984 -0.101972 0.401655 0.035796
3985 -0.125007 0.369504 0.0128876
3986 -0.117011 0.383049 0.0119552
3987 -0.105999 0.397504 0.0211877
3988 -0.132829 0.361744 0.027243
3989 -0.118905 0.384122 0.0347439
3990 -0.0997417 0.368231 0.0599925
3991 -0.0764507 0.3793 0.035687
3992 -0.0984388 0.365836 0.0220721
3993 -0.11336 0.345899 0.0397636
3994 -0.0750447 0.305893 0.0196813
3995 -0.0416372 0.376987 0.0522053
3996 -0.0781182 0.347102 0.0283794
3997 -0.0515436 0.388885 0.00847926
3998 -0.101426 0.33326 0.0760962
3999 -0.03446 0.313261 0.0348456
4000 -0.0393946 0.348306 0.0124483
4001 -0.0598473 0.337685 0.0661306
4002 -0.106631 0.313853 0.0420628
4003 -0.0742385 0.304185 0.0563215
4004 -0.0531007 0.281602 0.0364349
4005 -0.0645262 0.330296 -0.00120663
4006 -0.0420709 0.312516 0.0647284
4007 -0.0563271 0.363892 -0.00652935
4008 -0.0617114 0.324526 0.0386253
4009 -0.148417 0.36838 0.0632825
4010 -0.13888 0.368808 0.0575157
4011 -0.130966 0.384587 0.0772083
4012 -0.137716 0.38226 0.083132
4013 -0.0101961 0.268508 -0.0299112
4014 -0.0437806 0.335866 -0.0273032
4015 -0.0391933 0.295253 -0.00670405
4016 -0.00799522 0.312377 -0.00638703
4017 -0.127504 0.341691 0.070747
4018 -0.0538962 0.305525 -0.0340233
4019 -0.029132 0.358093 -0.0138115
4020 -0.0439334 0.262562 -0.00856451
4021 -0.0414571 0.27596 -0.0378533
4022 -0.13006 0.332599 -0.0430117
4023 -0.109765 0.360658 -0.0417675
4024 -0.134757 0.339765 -0.0317277
4025 -0.148752 0.33187 -0.0223641
4026 -0.116588 0.377319 -0.0353105
4027 -0.144935 0.352817 -0.0298648
4028 -0.125569 0.367342 -0.0377718
4029 -0.125116 0.375413 -0.0276046
4030 -0.139772 0.362921 -0.0215156
4031 -0.125911 0.371546 -0.0169831
4032 -0.0855216 0.312922 -0.0303969
4033 -0.117237 0.308662 -0.0158962
4034 -0.109097 0.351182 -0.00936726
4035 -0.125697 0.343179 -0.0256585
4036 -0.161959 0.343254 0.0428251
4037 -0.15445 0.34572 0.0338114
4038 -0.168378 0.321905 -0.0103097
4039 -0.172548 0.335412 -0.0130111
4040 -0.168288 0.343763 -0.00592459
4041 -0.185372 0.298654 0.007341
4042 -0.17477 0.320448 -0.0039476
4043 -0.172717 0.336517 0.00427615
4044 -0.163684 0.339589 0.00670559
4045 -0.183791 0.325805 0.00504617
4046 -0.183313 0.308503 0.0121787
4047 -0.191908 0.320218 0.0229803
4048 -0.181096 0.333242 0.0310224
4049 -0.158288 0.299711 0.019581
4050 -0.143895 0.349701 0.0353504
4051 -0.158706 0.326733 -0.0184095
4052 -0.149694 0.347581 -0.0225371
4053 -0.160269 0.347816 -0.0192844
4054 -0.132803 0.361539 -0.0109134
4055 -0.151878 0.352429 -0.00818313
4056 -0.125739 0.375299 -0.00847266
4057 -0.133369 0.368746 0.00292699
4058 -0.156544 0.349961 0.00657963
4059 -0.146285 0.354524 0.0228185
4060 -0.110076 0.330695 0.00647488
4061 -0.138689 0.317007 0.00855829
4062 -0.117593 0.287344 0.0311773
4063 -0.13424 0.323649 0.0479102
4064 -0.160641 0.285063 -0.0723945
4065 -0.151703 0.295237 -0.0689557
4066 -0.17469 0.27541 -0.0530034
4067 -0.16785 0.290454 -0.0555544
4068 -0.151131 0.306284 -0.0584041
4069 -0.160089 0.315419 -0.042753
4070 -0.183064 0.283745 -0.0373988
4071 -0.151326 0.32137 -0.0337181
4072 -0.174457 0.309274 -0.02312
4073 -0.171331 0.314215 -0.0280114
4074 -0.183702 0.300363 -0.0228146
4075 -0.187635 0.295686 -0.0051376
4076 -0.155988 0.289723 -0.0180412
4077 -0.138575 0.271224 -0.0573212
4078 -0.109818 0.28436 -0.0927641
4079 -0.129535 0.299253 -0.0897782
4080 -0.130036 0.282775 -0.0968841
4081 -0.138163 0.269462 -0.0929574
4082 -0.122621 0.314528 -0.0863649
4083 -0.141312 0.296864 -0.0847614
4084 -0.148148 0.281298 -0.0818257
4085 -0.11261 0.271855 -0.0776188
4086 -0.127577 0.309583 -0.0776474
4087 -0.126119 0.323004 -0.0681139
4088 -0.147152 0.300699 -0.0680998
4089 -0.14442 0.310956 -0.0669036
4090 -0.119381 0.332018 -0.062273
4091 -0.146674 0.319541 -0.0500288
4092 -0.117025 0.291962 -0.043433
4093 -0.0891911 0.262491 -0.0859631
4094 -0.114725 0.250775 -0.0839721
4095 -0.126957 0.27998 0.00290163
4096 -0.125837 0.223589 -0.0148687
4097 -0.0707945 0.267631 -0.0272038
4098 -0.102407 0.251524 -0.0503248
4099 -0.0774256 0.264511 0.0139888
4100 -0.140958 0.262525 -0.0303947
4101 -0.0911953 0.238099 -0.00950782
4102 -0.0749589 0.289326 -0.0570405
4103 -0.0937861 0.289265 -0.00535975
4104 -0.108009 0.263545 -0.015433
4105 -0.142835 0.253298 -0.0865018
4106 -0.125321 0.262319 -0.0798357
4107 -0.115556 0.235395 -0.084602
4108 -0.155036 0.267064 -0.0800254
4109 -0.13284 0.226117 -0.0756287
4110 -0.149825 0.235387 -0.0808298
4111 -0.14824 0.211963 -0.0706657
4112 -0.12243 0.226682 -0.0738246
4113 -0.137931 0.236564 -0.0775997
4114 -0.157018 0.241159 -0.0721867
4115 -0.155584 0.205989 -0.0658287
4116 -0.171549 0.25833 -0.0613868
4117 -0.166332 0.227793 -0.0646547
4118 -0.178201 0.229654 -0.0249886
4119 -0.13226 0.229706 -0.0405091
4120 -0.0581136 0.34065 0.108977
4121 -0.0500372 0.284972 0.0761007
4122 -0.0896244 0.303828 0.14663
4123 -0.0722343 0.23511 0.08563
4124 -0.0538124 0.286591 0.122444
4125 -0.0840162 0.309045 0.106304
4126 -0.0379618 0.253674 0.101532
4127 -0.0665577 0.250277 0.0502164
4128 -0.0383818 0.312886 0.0962675
4129 -0.081854 0.270976 0.0815226
4130 -0.0795543 0.329871 0.13051
4131 -0.0260927 0.263138 0.0727016
4132 -0.0783381 0.350847 0.0875289
4133 -0.0655176 0.313824 0.0832741
4134 -0.134029 0.37972 0.132134
4135 -0.130758 0.391716 0.107577
4136 -0.13984 0.363103 0.138293
4137 -0.135306 0.381117 0.110853
4138 -0.119744 0.401652 0.114446
4139 -0.104833 0.40581 0.135019
4140 -0.139637 0.350175 0.163182
4141 -0.110841 0.404251 0.111912
4142 -0.111537 0.388668 0.154305
4143 -0.119245 0.356324 0.183098
4144 -0.124169 0.387863 0.0920011
4145 -0.118911 0.396136 0.0964955
4146 -0.0938821 0.368447 0.118592
4147 -0.102401 0.340055 0.150853
4148 -0.169008 0.33703 0.123539
4149 -0.158914 0.350062 0.123127
4150 -0.146352 0.37039 0.120155
4151 -0.143943 0.328335 0.165672
4152 -0.144616 0.340467 0.15857
4153 -0.170523 0.320844 0.141355
4154 -0.165516 0.354154 0.102282
4155 -0.151075 0.34916 0.145714
4156 -0.154053 0.333609 0.157459
4157 -0.141704 0.378836 0.10258
4158 -0.118919 0.326566 0.118625
4159 -0.130069 0.348968 0.110186
4160 -0.147001 0.316536 0.123458
4161 -0.116948 0.237447 0.229615
4162 -0.127122 0.24932 0.227045
4163 -0.128368 0.234149 0.216963
4164 -0.131611 0.247267 0.218404
4165 -0.0630215 0.248529 0.147564
4166 -0.117467 0.256303 0.142246
4167 -0.0849765 0.260823 0.11506
4168 -0.12326 0.251106 0.107015
4169 -0.114235 0.224849 0.126875
4170 -0.0927209 0.246273 0.161283
4171 -0.0620511 0.237462 0.116731
4172 -0.100082 0.287327 0.12215
4173 -0.0855197 0.271201 0.144286
4174 -0.0984537 0.233509 0.101816
4175 -0.168461 0.248813 0.181145
4176 -0.141258 0.233133 0.208543
4177 -0.142199 0.240945 0.213905
4178 -0.156992 0.260138 0.197406
4179 -0.149032 0.279976 0.197615
4180 -0.165306 0.284441 0.179001
4181 -0.140179 0.297254 0.197245
4182 -0.142913 0.325245 0.181967
4183 -0.155212 0.317008 0.159797
4184 -0.153501 0.319798 0.171524
4185 -0.137232 0.267906 0.214301
4186 -0.130224 0.270903 0.215653
4187 -0.113431 0.248211 0.186633
4188 -0.106358 0.285733 0.177261
4189 -0.140841 0.2638 0.169753
4190 -0.167594 0.213704 0.16792
4191 -0.177214 0.211978 0.161245
4192 -0.177141 0.225757 0.158283
4193 -0.165724 0.230559 0.167757
4194 -0.190329 0.213962 0.132831
4195 -0.187776 0.224557 0.134056
4196 -0.19696 0.243383 0.128391
4197 -0.155599 0.223424 0.185839
4198 -0.165403 0.217388 0.175252
4199 -0.172435 0.187768 0.157797
4200 -0.157782 0.255669 0.125726
4201 -0.149546 0.222 0.124644
4202 -0.130249 0.219426 0.157098
4203 -0.178861 0.23725 0.164498
4204 -0.195224 0.272232 0.126092
4205 -0.188075 0.283642 0.12533
4206 -0.173423 0.315105 0.134175
4207 -0.186534 0.237281 0.154701
4208 -0.178491 0.275814 0.165108
4209 -0.168818 0.306594 0.159344
4210 -0.192586 0.252449 0.142972
4211 -0.179159 0.297574 0.137008
4212 -0.172261 0.255998 0.171495
4213 -0.165398 0.288178 0.169302
4214 -0.185662 0.288912 0.143703
4215 -0.168153 0.308543 0.146795
4216 -0.133747 0.29181 0.137702
4217 -0.166292 0.268716 0.147941
4218 -0.096581 0.229861 0.0361383
4219 -0.158585 0.234687 0.0414428
4220 -0.123926 0.217496 0.09498
4221 -0.166027 0.254632 -8.6978e-05
4222 -0.15114 0.188428 0.0401121
4223 -0.164108 0.210367 0.00367492
4224 -0.126187 0.255659 0.0338369
4225 -0.112711 0.245652 0.0696162
4226 -0.131049 0.21592 0.0223835
4227 -0.123303 0.212827 0.0578572
4228 -0.181273 0.228497 0.0186904
4229 -0.13454 0.248638 0.00348761
4230 -0.175403 0.19038 0.0227915
4231 -0.141791 0.233694 0.064704
4232 -0.183784 0.166914 0.073173
4233 -0.204935 0.176602 0.0640904
4234 -0.21708 0.184892 0.0663774
4235 -0.218382 0.208457 0.0751607
4236 -0.197711 0.168232 0.0465844
4237 -0.203077 0.196119 0.0769318
4238 -0.200927 0.250043 0.0831933
4239 -0.20868 0.222618 0.0806284
4240 -0.193794 0.212379 0.0865473
4241 -0.197718 0.235153 0.0911242
4242 -0.14887 0.255112 0.0824596
4243 -0.192814 0.2096 0.0376242
4244 -0.156378 0.210388 0.0729588
4245 -0.183804 0.229903 0.0612016
4246 -0.176377 0.192544 0.0575177
4247 -0.185892 0.187832 0.122284
4248 -0.183966 0.197116 0.113497
4249 -0.189201 0.224821 0.119832
4250 -0.195204 0.227561 0.110505
4251 -0.194963 0.259938 0.11578
4252 -0.188053 0.192462 0.0901264
4253 -0.184817 0.174125 0.0972817
4254 -0.190474 0.20387 0.106964
4255 -0.201084 0.251109 0.108
4256 -0.194139 0.232681 0.101005
4257 -0.197549 0.262605 0.10354
4258 -0.1529 0.197605 0.10297
4259 -0.164948 0.213331 0.107384
4260 -0.198083 0.287803 0.0403178
4261 -0.200376 0.271043 0.0728763
4262 -0.193607 0.287682 0.0667548
4263 -0.225532 0.283525 0.0400774
4264 -0.218048 0.273739 0.0536144
4265 -0.190967 0.285576 0.0529955
4266 -0.199367 0.278058 0.0602973
4267 -0.206265 0.287512 0.0351889
4268 -0.184847 0.295902 0.0241067
4269 -0.196266 0.252138 0.0393681
4270 -0.162594 0.270293 0.0366053
4271 -0.163126 0.280036 0.0664796
4272 -0.193952 0.267643 0.00924025
4273 -0.178982 0.258575 0.056666
4274 -0.191397 0.296008 0.04493
4275 -0.197658 0.310298 0.0409753
4276 -0.198089 0.302174 0.0655781
4277 -0.187337 0.326149 0.0748239
4278 -0.184407 0.332347 0.0524789
4279 -0.173263 0.333528 0.0436955
4280 -0.168773 0.33879 0.0677158
4281 -0.191429 0.32313 0.0566528
4282 -0.162329 0.344477 0.0603764
4283 -0.188522 0.317376 0.0638902
4284 -0.192942 0.305594 0.0577224
4285 -0.187983 0.30705 0.0300749
4286 -0.190734 0.320676 0.0338303
4287 -0.165546 0.306843 0.0500134
4288 -0.193256 0.288114 0.116562
4289 -0.181381 0.312055 0.129108
4290 -0.171024 0.331154 0.118535
4291 -0.192639 0.276048 0.111295
4292 -0.198873 0.294225 0.0809622
4293 -0.180451 0.332214 0.102076
4294 -0.197056 0.279862 0.0837098
4295 -0.194577 0.263586 0.0897478
4296 -0.19192 0.292105 0.0923422
4297 -0.190607 0.307457 0.0911457
4298 -0.202774 0.274346 0.0969377
4299 -0.194399 0.299243 0.100227
4300 -0.153286 0.295838 0.106794
4301 -0.171247 0.272492 0.0959642
4302 -0.163842 0.352657 0.0704011
4303 -0.156453 0.364901 0.0812344
4304 -0.181282 0.335832 0.0839098
4305 -0.177147 0.332889 0.0919189
4306 -0.167263 0.342067 0.0967557
4307 -0.157298 0.358813 0.0922952
4308 -0.112684 0.282576 0.0938742
4309 -0.1399 0.29448 0.0509999
4310 -0.0961895 0.275538 0.0497221
4311 -0.13703 0.321053 0.0775396
4312 -0.137642 0.286858 0.0791785
4313 -0.112622 0.303141 0.0705962
4314 -0.166061 0.306112 0.0773228
4315 -0.139289 0.266218 0.0574485
4316 -0.0509449 0.151284 -0.0993714
4317 -0.0522893 0.11947 -0.0928663
4318 -0.0315281 0.152576 -0.094744
4319 -0.0363909 0.121974 -0.0894199
4320 -0.0221817 0.139995 -0.0886516
4321 -0.0121725 0.139246 -0.0776111
4322 0.00282771 0.15707 -0.082056
4323 -0.0256465 0.109788 -0.0737749
4324 -0.00507188 0.132907 -0.0780547
4325 -0.00959775 0.156372 -0.0793299
4326 -0.0160538 0.118589 -0.0694749
4327 -0.0314214 0.137783 -0.0414457
4328 -0.00567664 0.152733 -0.0494903
4329 -0.0307323 0.101089 -0.0569488
4330 -0.0422878 0.0924834 -0.0516131
4331 -0.0368097 0.0701487 -0.0576663
4332 -0.0419617 0.0514218 -0.053288
4333 -0.0601449 0.0800175 -0.0439661
4334 -0.0565458 0.0547851 -0.0474846
4335 -0.0597262 0.0750067 -0.0403707
4336 -0.0611564 0.0493875 -0.0315252
4337 -0.0775506 0.0724714 -0.0277819
4338 -0.0898832 0.0554204 -0.00968326
4339 -0.0809709 0.0472925 -0.00818985
4340 -0.0492573 0.0752003 -0.00591873
4341 -0.04764 0.108833 -0.0276169
4342 -0.0255285 0.0883792 -0.0251581
4343 -0.0798531 0.146846 -0.0991681
4344 -0.103386 0.144113 -0.0928205
4345 -0.0731107 0.112701 -0.0891493
4346 -0.100583 0.115938 -0.0802716
4347 -0.0495068 0.101384 -0.079329
4348 -0.071493 0.087918 -0.068094
4349 -0.102122 0.101532 -0.0643699
4350 -0.0526568 0.0896241 -0.0638832
4351 -0.0748122 0.0784275 -0.0493797
4352 -0.112162 0.101825 -0.0509674
4353 -0.103332 0.0826129 -0.0300807
4354 -0.102803 0.0835755 -0.0185446
4355 -0.0729638 0.114647 -0.0155411
4356 -0.0640757 0.124781 -0.0519655
4357 -0.0379377 0.175115 -0.0940536
4358 -0.00941084 0.174816 -0.0775444
4359 -0.0318503 0.193542 -0.0751728
4360 -0.0687668 0.208117 -0.0156201
4361 -0.0594169 0.154682 -0.024405
4362 -0.0549019 0.23252 -0.0441653
4363 -0.0227989 0.174111 -0.0364974
4364 -0.0475036 0.160762 -0.0659138
4365 -0.0307387 0.232624 -0.0134877
4366 -0.0613394 0.191374 -0.0468983
4367 -0.043663 0.183852 -0.00956278
4368 -0.0312651 0.207811 -0.037844
4369 -0.0814743 0.178653 -0.021809
4370 -0.0608714 0.237485 -0.0129657
4371 -0.0918901 0.18321 -0.100915
4372 -0.065846 0.174886 -0.100559
4373 -0.110334 0.178597 -0.0967286
4374 -0.0736142 0.199788 -0.0941804
4375 -0.101177 0.211363 -0.0911059
4376 -0.123496 0.169055 -0.0895693
4377 -0.112307 0.203802 -0.0879065
4378 -0.122878 0.204351 -0.0877661
4379 -0.134953 0.199304 -0.0852169
4380 -0.0849594 0.222204 -0.078818
4381 -0.0675836 0.215048 -0.0778772
4382 -0.107874 0.226756 -0.0782494
4383 -0.0865526 0.160963 -0.0527334
4384 -0.100218 0.201075 -0.0443749
4385 -0.0834916 0.225292 -0.0361601
4386 -0.0108571 0.210019 -0.0966324
4387 -0.0242288 0.21453 -0.0963778
4388 -0.0782363 0.254861 -0.08805
4389 -0.0209214 0.191986 -0.079498
4390 -0.0423475 0.206536 -0.0873615
4391 -0.0500521 0.214216 -0.0872591
4392 -0.068712 0.223163 -0.0868565
4393 -0.0731218 0.240944 -0.0911568
4394 -0.0923762 0.23193 -0.0837375
4395 -0.0447499 0.201475 -0.0757223
4396 -0.0543574 0.209043 -0.0765865
4397 -0.0170646 0.233333 -0.0572146
4398 -0.0458762 0.231369 -0.0726807
4399 0.0116865 0.211453 -0.095624
4400 0.0344457 0.180667 -0.0906236
4401 -0.0171035 0.202525 -0.0886714
4402 0.0120159 0.163278 -0.0894219
4403 0.00282592 0.196673 -0.0877425
4404 0.03907 0.213372 -0.087491
4405 0.00405289 0.172942 -0.0788615
4406 0.00294056 0.178471 -0.0826745
4407 0.0178391 0.185667 -0.0791785
4408 0.0295486 0.197534 -0.0785516
4409 0.00104597 0.201025 -0.0487584
4410 0.00867175 0.226181 -0.0237052
4411 0.0128172 0.222265 -0.0671608
4412 0.0360082 0.177593 -0.0581919
4413 0.0166141 0.100154 0.0180976
4414 0.0526418 0.0829641 0.0381324
4415 0.0550899 0.123615 0.0174431
4416 0.0299831 0.0978281 0.0992191
4417 0.024815 0.106985 0.0586377
4418 -0.011198 0.0712954 0.00459661
4419 0.0163047 0.14378 0.0685329
4420 0.00195614 0.0716796 0.0429185
4421 0.0366731 0.140209 0.0411587
4422 -0.0162546 0.096622 0.0271172
4423 0.00203985 0.087142 0.0721964
4424 0.0181908 0.0691284 0.0165072
4425 0.0464109 0.0903992 0.0737978
4426 -0.00390035 0.113378 0.0550618
4427 0.0406077 0.119898 0.0811931
4428 -0.047035 0.156908 0.0132038
4429 -0.00502998 0.182182 0.0621228
4430 -0.0393869 0.248597 0.0210821
4431 -0.00866705 0.137892 0.0391059
4432 0.00405772 0.229312 0.0318987
4433 -0.0341683 0.232419 0.0623981
4434 -0.0432563 0.20923 0.0151651
4435 -0.0260341 0.181031 0.0317305
4436 0.0223091 0.180843 0.0397806
4437 -0.0130453 0.258718 0.0431745
4438 -0.0692186 0.231408 0.0157619
4439 -0.00220433 0.199721 0.0249829
4440 -0.0263575 0.210611 0.0411833
4441 0.0434944 0.167102 0.0150671
4442 0.00198628 0.143279 -0.0191873
4443 -0.00982166 0.200738 -0.00507757
4444 0.0294177 0.183406 -0.0306508
4445 -0.0330668 0.107083 -0.000848906
4446 0.00299657 0.167118 0.0135691
4447 0.0259139 0.202618 0.0121898
4448 0.0212568 0.135628 0.0108548
4449 -0.0195918 0.13758 0.0067116
4450 0.0332847 0.154367 -0.0142644
4451 0.00268807 0.174533 -0.0168868
4452 -0.0167496 0.121916 -0.0187741
4453 -0.049998 0.132438 -0.00528075
4454 -0.0215808 0.165491 -0.00271044
4455 0.0472323 0.111986 -0.0857205
4456 0.0783725 0.126524 -0.0844687
4457 0.0386377 0.10164 -0.077961
4458 0.084592 0.115687 -0.0754105
4459 0.0678589 0.0873032 -0.0627002
4460 0.0783081 0.0917073 -0.0614536
4461 0.0572324 0.0811025 -0.052621
4462 0.104261 0.109106 -0.0509126
4463 0.0755992 0.0743522 -0.0380995
4464 0.0889475 0.0824072 -0.0418528
4465 0.113799 0.0987462 -0.0204853
4466 0.0964152 0.0787867 -0.0185008
4467 0.056758 0.133913 -0.0284834
4468 0.0758731 0.106465 -0.0278373
4469 0.0444562 0.141838 -0.0960291
4470 0.0428198 0.164886 -0.0957981
4471 0.0613932 0.176791 -0.0954274
4472 0.0247304 0.130767 -0.0919152
4473 0.0670359 0.142704 -0.093352
4474 0.0131809 0.144976 -0.0915152
4475 0.0170296 0.113325 -0.0817879
4476 0.00589899 0.125887 -0.0761488
4477 0.019296 0.105632 -0.0759052
4478 0.0259342 0.149318 -0.053637
4479 0.0622195 0.168321 -0.0502707
4480 -0.00146291 0.123495 -0.0426775
4481 0.0253934 0.123235 -0.0260727
4482 0.0380755 0.120931 -0.054005
4483 0.040838 0.0418759 -0.0311719
4484 0.0565431 0.0503643 -0.0325009
4485 0.0592266 0.0716546 -0.0327515
4486 0.0639035 0.0642889 -0.0230251
4487 0.0778683 0.0693086 -0.0146284
4488 0.0581736 0.0466748 -0.019235
4489 0.0778303 0.0488735 -0.00325504
4490 0.100139 0.0815921 -0.00122549
4491 0.0966458 0.0669327 0.0116228
4492 0.0970577 0.0523723 0.0202414
4493 0.0422401 0.100579 -0.0119319
4494 0.0212586 0.0693833 -0.0144468
4495 0.0476704 0.0659083 0.0071152
4496 0.06742 0.091634 0.00645948
4497 -0.00397852 0.10189 -0.0664638
4498 0.013423 0.104214 -0.0616966
4499 -0.0222591 0.106674 -0.0613812
4500 -0.00653014 0.0792246 -0.0638667
4501 -0.0175273 0.0583494 -0.0614632
4502 0.0169951 0.0786773 -0.062568
4503 0.0304339 0.0911324 -0.0539971
4504 0.000351199 0.0500493 -0.0582382
4505 0.0210714 0.0492251 -0.0544273
4506 0.0319848 0.053945 -0.0537889
4507 0.0187471 0.0390633 -0.0440408
4508 0.0470803 0.0618004 -0.0448297
4509 0.0421862 0.0828049 -0.047184
4510 0.00291739 0.101566 -0.021347
4511 -0.000399236 0.074755 -0.0347015
4512 -0.123628 0.0635865 0.144325
4513 -0.129408 0.0769721 0.145661
4514 -0.138631 0.0731363 0.107648
4515 -0.130518 0.0845579 0.113915
4516 -0.123253 0.0896349 0.1402
4517 -0.134287 0.109541 0.127614
4518 -0.138782 0.106172 0.110914
4519 -0.109933 0.0677902 0.169698
4520 -0.119386 0.0767015 0.165743
4521 -0.111768 0.092783 0.16477
4522 -0.123917 0.110146 0.153595
4523 -0.108104 0.121802 0.123776
4524 -0.099535 0.0774544 0.114186
4525 -0.0542565 0.133491 0.231008
4526 -0.092101 0.0694142 0.186819
4527 -0.0713788 0.071717 0.20149
4528 -0.08155 0.0841875 0.207325
4529 -0.107512 0.0836336 0.185842
4530 -0.0860533 0.0920648 0.204254
4531 -0.0792206 0.103953 0.197844
4532 -0.0967037 0.100233 0.184183
4533 -0.0933547 0.122245 0.198539
4534 -0.0559946 0.115075 0.213544
4535 -0.0519372 0.106222 0.213288
4536 -0.0793112 0.125832 0.218572
4537 -0.0521191 0.0845285 0.219675
4538 -0.0432948 0.0960063 0.222212
4539 -0.0513798 0.100951 0.180741
4540 -0.115444 0.12472 0.179953
4541 -0.10909 0.103962 0.171257
4542 -0.042586 0.128439 0.143419
4543 -0.0900588 0.151318 0.141454
4544 -0.0649348 0.0897458 0.15304
4545 -0.059341 0.153281 0.190076
4546 -0.0743486 0.125166 0.16505
4547 -0.0361858 0.0947843 0.131511
4548 -0.0581479 0.154997 0.130174
4549 -0.0170498 0.114187 0.154234
4550 -0.0909111 0.10666 0.145675
4551 -0.0828339 0.150042 0.111149
4552 -0.0717355 0.127947 0.134291
4553 -0.0913192 0.155258 0.227821
4554 -0.0949916 0.163982 0.231976
4555 -0.104857 0.197625 0.236426
4556 -0.115542 0.163626 0.218836
4557 -0.121261 0.155784 0.20201
4558 -0.055387 0.187158 0.158675
4559 -0.097362 0.217183 0.175689
4560 -0.0824615 0.212491 0.125158
4561 -0.0930123 0.167673 0.179008
4562 -0.0432919 0.18334 0.120231
4563 -0.086686 0.196094 0.204196
4564 -0.0522909 0.216979 0.140381
4565 -0.0791003 0.180273 0.130521
4566 -0.0982263 0.198296 0.149508
4567 -0.148896 0.19442 0.187439
4568 -0.139074 0.183831 0.197337
4569 -0.149758 0.209823 0.188073
4570 -0.0887349 0.201713 0.244461
4571 -0.126506 0.224807 0.228322
4572 -0.108087 0.231087 0.239128
4573 -0.121688 0.194725 0.224359
4574 -0.129345 0.169605 0.203946
4575 -0.141818 0.222732 0.213495
4576 -0.134549 0.198836 0.213726
4577 -0.125374 0.194563 0.216879
4578 -0.130651 0.220997 0.218871
4579 -0.116579 0.222011 0.195039
4580 -0.122793 0.191362 0.174962
4581 -0.160586 0.171823 0.161616
4582 -0.155634 0.131488 0.114205
4583 -0.170032 0.138175 0.127114
4584 -0.176523 0.144009 0.112425
4585 -0.163022 0.148953 0.143732
4586 -0.173126 0.155594 0.11464
4587 -0.178901 0.163913 0.121285
4588 -0.178938 0.142194 0.0944034
4589 -0.159444 0.183403 0.174742
4590 -0.161737 0.133747 0.0974778
4591 -0.16763 0.165497 0.151451
4592 -0.178438 0.17317 0.106877
4593 -0.124198 0.192489 0.131214
4594 -0.128083 0.157098 0.118379
4595 -0.0827421 0.147773 0.232162
4596 -0.132632 0.126275 0.15993
4597 -0.153678 0.13221 0.158119
4598 -0.130653 0.148067 0.191774
4599 -0.145315 0.128638 0.140006
4600 -0.129075 0.128779 0.192145
4601 -0.137174 0.13763 0.189878
4602 -0.137399 0.155904 0.19107
4603 -0.154226 0.163015 0.172451
4604 -0.153912 0.13705 0.166126
4605 -0.112422 0.130181 0.208315
4606 -0.151592 0.147876 0.160876
4607 -0.114306 0.143258 0.214254
4608 -0.110729 0.151489 0.2136
4609 -0.120659 0.165191 0.154456
4610 -0.165338 0.135078 0.0709488
4611 -0.176908 0.141063 0.0612053
4612 -0.182922 0.158282 0.0656324
4613 -0.161769 0.124567 0.0451877
4614 -0.166447 0.1358 0.0447774
4615 -0.179492 0.151679 0.0466501
4616 -0.150712 0.11956 -0.00876222
4617 -0.157692 0.130925 -0.00769471
4618 -0.167303 0.142726 0.0166777
4619 -0.144332 0.103441 0.0213332
4620 -0.164788 0.132324 0.0240554
4621 -0.187652 0.161256 0.0289056
4622 -0.168738 0.14387 0.0302077
4623 -0.129101 0.146768 0.0231626
4624 -0.142855 0.158645 0.0556055
4625 -0.119857 0.131973 -0.0741156
4626 -0.120325 0.118551 -0.0658645
4627 -0.119342 0.111389 -0.0470135
4628 -0.137496 0.128211 -0.0436168
4629 -0.138109 0.114956 -0.0304887
4630 -0.126694 0.0994289 -0.0209356
4631 -0.131468 0.106862 -0.0212825
4632 -0.144894 0.123708 -0.0180165
4633 -0.11613 0.0940445 -0.013023
4634 -0.136129 0.0981895 -0.010786
4635 -0.12955 0.0898289 -0.00494013
4636 -0.137703 0.105087 -0.00411276
4637 -0.106934 0.139008 -0.021632
4638 -0.142492 0.174905 -0.0768938
4639 -0.133819 0.145039 -0.0723069
4640 -0.15968 0.18056 -0.0531162
4641 -0.142446 0.137697 -0.0550281
4642 -0.151925 0.135323 -0.0332746
4643 -0.160855 0.169253 -0.0382161
4644 -0.158687 0.150391 -0.0182314
4645 -0.17712 0.165934 -0.0144769
4646 -0.182418 0.164515 0.00117667
4647 -0.10876 0.173079 -0.00471175
4648 -0.148092 0.177241 0.00516042
4649 -0.122285 0.169547 -0.0407494
4650 -0.160801 0.201857 -0.0279622
4651 -0.0995674 0.207026 -0.00554996
4652 -0.125502 0.0642844 0.0450584
4653 -0.131455 0.0785249 0.0386131
4654 -0.105523 0.0746441 -0.00413954
4655 -0.106453 0.0593234 0.00755824
4656 -0.131357 0.085303 0.0170378
4657 -0.119357 0.0830917 0.0164127
4658 -0.131784 0.090317 0.0361964
4659 -0.0722293 0.116827 0.0630776
4660 -0.034983 0.0686007 0.059282
4661 -0.0991827 0.121576 0.0178419
4662 -0.0696518 0.0889523 0.0242037
4663 -0.0984793 0.096232 0.0495197
4664 -0.055732 0.123564 0.0279861
4665 -0.0630955 0.0857574 0.0564453
4666 -0.133697 0.0636212 0.0586618
4667 -0.132202 0.0759529 0.0798292
4668 -0.136077 0.0946926 0.0758167
4669 -0.139366 0.0968269 0.0641154
4670 -0.155162 0.117421 0.0682304
4671 -0.130979 0.0819058 0.0554826
4672 -0.145527 0.101569 0.046974
4673 -0.135654 0.0950451 0.0950689
4674 -0.146821 0.111291 0.0885356
4675 -0.105927 0.141061 0.0922203
4676 -0.0749398 0.107392 0.11192
4677 -0.0819259 0.0706521 0.0790274
4678 -0.115341 0.127778 0.0537095
4679 -0.100721 0.104522 0.0844951
4680 -0.135135 0.139521 0.0797861
4681 -0.00684414 0.116623 0.0843712
4682 -0.0696194 0.175733 0.0994166
4683 -0.0224477 0.158841 0.108002
4684 -0.0433858 0.153629 0.0663874
4685 -0.00205447 0.106533 0.12799
4686 -0.0332008 0.109023 0.0541953
4687 -0.040989 0.0947937 0.0921372
4688 -0.0554874 0.13934 0.100667
4689 -0.0352015 0.188593 0.0861131
4690 -0.0262495 0.124798 0.111633
4691 0.019634 0.131264 0.100056
4692 -0.0141227 0.14765 0.0788137
4693 -0.0362899 0.125836 0.0802144
4694 -0.110096 0.167732 0.0492852
4695 -0.0565476 0.19567 0.0503678
4696 -0.142571 0.169752 0.0854765
4697 -0.0928473 0.199084 0.0724
4698 -0.083922 0.194434 0.0199046
4699 -0.0741713 0.153214 0.0416561
4700 -0.105449 0.181794 0.101876
4701 -0.0859837 0.161281 0.0728909
4702 -0.0808625 0.15844 0.00854644
4703 -0.12287 0.184469 0.0244452
4704 -0.0591702 0.207657 0.0999209
4705 -0.0749485 0.220538 0.0573816
4706 -0.102233 0.196368 0.0438324
4707 -0.130888 0.18429 0.0599166
4708 -0.382272 0.25137 -0.364488
4709 -0.374368 0.244789 -0.359879
4710 -0.375453 0.2542 -0.361896
4711 -0.386554 0.245169 -0.357815
4712 -0.397732 0.262314 -0.347166
4713 -0.385278 0.268636 -0.347954
4714 -0.399107 0.251402 -0.341358
4715 -0.376382 0.251485 -0.348403
4716 -0.386353 0.244592 -0.338668
4717 -0.377341 0.271993 -0.332575
4718 -0.371829 0.264622 -0.320756
4719 -0.400871 0.250946 -0.314127
4720 -0.381041 0.248253 -0.313831
4721 -0.389237 0.278306 -0.320835
4722 -0.371274 0.253988 -0.308381
4723 -0.352836 0.29905 -0.379214
4724 -0.342845 0.29962 -0.376108
4725 -0.345222 0.308346 -0.381812
4726 -0.357628 0.311885 -0.376141
4727 -0.349949 0.314273 -0.368246
4728 -0.343376 0.307848 -0.36919
4729 -0.364508 0.294491 -0.36369
4730 -0.356725 0.296071 -0.356996
4731 -0.376199 0.301763 -0.360584
4732 -0.355055 0.311806 -0.351585
4733 -0.375284 0.31515 -0.358664
4734 -0.376245 0.32081 -0.346684
4735 -0.36537 0.318625 -0.339786
4736 -0.369063 0.290369 -0.342003
4737 -0.389727 0.301491 -0.341216
4738 -0.388688 0.31586 -0.333801
4739 -0.396184 0.28995 -0.316751
4740 -0.364793 0.310992 -0.331315
4741 -0.379425 0.32202 -0.327919
4742 -0.377604 0.287143 -0.327013
4743 -0.369044 0.298411 -0.323429
4744 -0.399825 0.297796 -0.316637
4745 -0.377815 0.280622 -0.320962
4746 -0.369719 0.31969 -0.319936
4747 -0.371652 0.28529 -0.318852
4748 -0.393362 0.315431 -0.313928
4749 -0.368128 0.269521 -0.313578
4750 -0.413636 0.294595 -0.272245
4751 -0.414569 0.278287 -0.270885
4752 -0.414178 0.31154 -0.265722
4753 -0.410519 0.309947 -0.255419
4754 -0.414545 0.283327 -0.246625
4755 -0.410192 0.255777 -0.244044
4756 -0.409395 0.307256 -0.242138
4757 -0.409968 0.274733 -0.234869
4758 -0.413046 0.293093 -0.23643
4759 -0.40002 0.255447 -0.234986
4760 -0.406826 0.298423 -0.226695
4761 -0.400426 0.257055 -0.226553
4762 -0.405731 0.284961 -0.219576
4763 -0.378659 0.287688 -0.243437
4764 -0.384139 0.243361 -0.276872
4765 -0.373395 0.24825 -0.267345
4766 -0.356574 0.263656 -0.26107
4767 -0.403742 0.246671 -0.274143
4768 -0.414147 0.254606 -0.267828
4769 -0.393995 0.245512 -0.259904
4770 -0.41671 0.274489 -0.258374
4771 -0.408631 0.25571 -0.254439
4772 -0.379925 0.244527 -0.251841
4773 -0.354407 0.255809 -0.242886
4774 -0.393894 0.248034 -0.244007
4775 -0.382766 0.246033 -0.235405
4776 -0.361029 0.299868 -0.311618
4777 -0.370892 0.283339 -0.307541
4778 -0.403773 0.310548 -0.308048
4779 -0.404374 0.282313 -0.300624
4780 -0.406439 0.300878 -0.301134
4781 -0.357822 0.291902 -0.298933
4782 -0.354584 0.300538 -0.291774
4783 -0.363065 0.278925 -0.278242
4784 -0.409228 0.287157 -0.288798
4785 -0.413563 0.299913 -0.29031
4786 -0.40804 0.31507 -0.281783
4787 -0.351766 0.296257 -0.273124
4788 -0.38254 0.30083 -0.283204
4789 -0.402517 0.279025 -0.313189
4790 -0.407432 0.268649 -0.314984
4791 -0.411128 0.258446 -0.304528
4792 -0.409601 0.274877 -0.310112
4793 -0.368708 0.263655 -0.303981
4794 -0.384075 0.245285 -0.302036
4795 -0.405262 0.248566 -0.303468
4796 -0.36378 0.268812 -0.29691
4797 -0.397243 0.245819 -0.296943
4798 -0.411683 0.252735 -0.290911
4799 -0.366237 0.257474 -0.293649
4800 -0.415881 0.275445 -0.292848
4801 -0.37553 0.246489 -0.291483
4802 -0.400835 0.240169 -0.285192
4803 -0.412394 0.260052 -0.281801
4804 -0.38885 0.270538 -0.278225
4805 -0.329213 0.35343 -0.362026
4806 -0.325929 0.346487 -0.354943
4807 -0.336113 0.360447 -0.35853
4808 -0.350098 0.352825 -0.35621
4809 -0.347272 0.342606 -0.348871
4810 -0.333974 0.362183 -0.34776
4811 -0.359744 0.359138 -0.34741
4812 -0.338995 0.343692 -0.345441
4813 -0.373375 0.341106 -0.333522
4814 -0.34962 0.36558 -0.342012
4815 -0.359515 0.332473 -0.331062
4816 -0.346037 0.341367 -0.332669
4817 -0.377123 0.351005 -0.328049
4818 -0.343911 0.358493 -0.326121
4819 -0.368347 0.363108 -0.319937
4820 -0.365944 0.326166 -0.318027
4821 -0.353289 0.337285 -0.31162
4822 -0.389128 0.347073 -0.304828
4823 -0.379846 0.32371 -0.311416
4824 -0.364137 0.318795 -0.311367
4825 -0.391258 0.327109 -0.304737
4826 -0.394512 0.325242 -0.296804
4827 -0.395604 0.337333 -0.297024
4828 -0.393992 0.353639 -0.285978
4829 -0.400903 0.337874 -0.285778
4830 -0.401273 0.323023 -0.279795
4831 -0.396469 0.356163 -0.275504
4832 -0.352693 0.354481 -0.304602
4833 -0.375027 0.36013 -0.300479
4834 -0.35095 0.331564 -0.301575
4835 -0.356462 0.312489 -0.290469
4836 -0.388948 0.360266 -0.294573
4837 -0.34658 0.353912 -0.297749
4838 -0.346354 0.342177 -0.290101
4839 -0.359112 0.364216 -0.292483
4840 -0.344036 0.326163 -0.276293
4841 -0.351016 0.356974 -0.284848
4842 -0.375876 0.365033 -0.284891
4843 -0.354923 0.307456 -0.276243
4844 -0.346309 0.342941 -0.276464
4845 -0.342872 0.315987 -0.262042
4846 -0.372145 0.336234 -0.284358
4847 -0.338712 0.370767 -0.274731
4848 -0.382721 0.374243 -0.272807
4849 -0.338744 0.348859 -0.271207
4850 -0.369039 0.387484 -0.261214
4851 -0.372673 0.384072 -0.266327
4852 -0.33726 0.375606 -0.265398
4853 -0.332885 0.361465 -0.261843
4854 -0.377872 0.384171 -0.253877
4855 -0.35976 0.381462 -0.245713
4856 -0.343769 0.380284 -0.254126
4857 -0.332755 0.370744 -0.25284
4858 -0.34426 0.36764 -0.236
4859 -0.336506 0.359263 -0.238855
4860 -0.364021 0.355934 -0.255189
4861 -0.33656 0.400191 -0.301354
4862 -0.320203 0.408446 -0.295995
4863 -0.346454 0.406918 -0.296807
4864 -0.325384 0.415644 -0.301974
4865 -0.339294 0.386833 -0.292539
4866 -0.324269 0.41616 -0.294375
4867 -0.352478 0.380232 -0.290678
4868 -0.329026 0.392964 -0.280628
4869 -0.360286 0.398974 -0.284641
4870 -0.338956 0.414093 -0.285361
4871 -0.354581 0.363672 -0.284757
4872 -0.368754 0.370545 -0.280841
4873 -0.340541 0.395534 -0.269064
4874 -0.353464 0.401367 -0.270247
4875 -0.344372 0.294268 -0.255145
4876 -0.387823 0.365815 -0.261679
4877 -0.341706 0.331273 -0.256081
4878 -0.377805 0.378707 -0.245684
4879 -0.331619 0.332481 -0.236448
4880 -0.392634 0.364948 -0.248051
4881 -0.330949 0.348 -0.231777
4882 -0.381615 0.377006 -0.238491
4883 -0.388399 0.3639 -0.233198
4884 -0.359367 0.367714 -0.226614
4885 -0.378186 0.367813 -0.227355
4886 -0.326928 0.34528 -0.22347
4887 -0.340088 0.349667 -0.217451
4888 -0.348721 0.362642 -0.215079
4889 -0.362551 0.33328 -0.231254
4890 -0.403959 0.337786 -0.266204
4891 -0.386736 0.35926 -0.265832
4892 -0.406304 0.320332 -0.26293
4893 -0.397837 0.352007 -0.26612
4894 -0.406339 0.324778 -0.252109
4895 -0.404766 0.350718 -0.255422
4896 -0.395917 0.355709 -0.250194
4897 -0.400639 0.341965 -0.240971
4898 -0.396212 0.350139 -0.227564
4899 -0.40602 0.331108 -0.237258
4900 -0.403464 0.323015 -0.231059
4901 -0.408635 0.31151 -0.22247
4902 -0.376954 0.323573 -0.257563
4903 -0.30355 0.273672 -0.193109
4904 -0.293313 0.2661 -0.175722
4905 -0.291483 0.280745 -0.174582
4906 -0.31048 0.340088 -0.16363
4907 -0.284125 0.277596 -0.158967
4908 -0.303835 0.338195 -0.158217
4909 -0.288242 0.328568 -0.151397
4910 -0.30114 0.331343 -0.14034
4911 -0.310416 0.335646 -0.136996
4912 -0.306518 0.334016 -0.126665
4913 -0.323205 0.301813 -0.144008
4914 -0.317408 0.27914 -0.161372
4915 -0.334479 0.297754 -0.233619
4916 -0.325541 0.320963 -0.219357
4917 -0.319785 0.301919 -0.218537
4918 -0.31782 0.287271 -0.213527
4919 -0.327875 0.331567 -0.213452
4920 -0.314939 0.314551 -0.207914
4921 -0.33552 0.339186 -0.209613
4922 -0.306017 0.293359 -0.198259
4923 -0.312875 0.337432 -0.200453
4924 -0.323189 0.338677 -0.200556
4925 -0.328328 0.34542 -0.196688
4926 -0.338907 0.348731 -0.190493
4927 -0.324035 0.349256 -0.170273
4928 -0.339951 0.321274 -0.188005
4929 -0.30723 0.324689 -0.210957
4930 -0.307012 0.330182 -0.202218
4931 -0.302166 0.318576 -0.210025
4932 -0.290038 0.318617 -0.199947
4933 -0.303501 0.309264 -0.190168
4934 -0.293612 0.328009 -0.195072
4935 -0.285908 0.313114 -0.188358
4936 -0.302317 0.339704 -0.184217
4937 -0.311299 0.341589 -0.178484
4938 -0.281997 0.321103 -0.174437
4939 -0.294947 0.300528 -0.176377
4940 -0.298506 0.336489 -0.173281
4941 -0.286405 0.324992 -0.166186
4942 -0.291954 0.334301 -0.162363
4943 -0.322206 0.314757 -0.169379
4944 -0.361285 0.357691 -0.212118
4945 -0.383393 0.34999 -0.211152
4946 -0.395011 0.335074 -0.215255
4947 -0.398258 0.314614 -0.212441
4948 -0.371231 0.353474 -0.205693
4949 -0.389451 0.341558 -0.203011
4950 -0.346091 0.344797 -0.205167
4951 -0.369361 0.344147 -0.196096
4952 -0.383194 0.336336 -0.193257
4953 -0.352723 0.345654 -0.19887
4954 -0.365566 0.349105 -0.18241
4955 -0.357049 0.312531 -0.20883
4956 -0.371036 0.328477 -0.213546
4957 -0.397971 0.287406 -0.2049
4958 -0.392454 0.317307 -0.196873
4959 -0.402783 0.302837 -0.190869
4960 -0.398631 0.31938 -0.187348
4961 -0.41095 0.290319 -0.180172
4962 -0.352964 0.350421 -0.1832
4963 -0.392287 0.328995 -0.174413
4964 -0.385754 0.337611 -0.183528
4965 -0.37231 0.344172 -0.177259
4966 -0.401112 0.316501 -0.173704
4967 -0.341892 0.349369 -0.163084
4968 -0.38228 0.340923 -0.169238
4969 -0.354445 0.349066 -0.155933
4970 -0.380693 0.285089 -0.178979
4971 -0.369943 0.315908 -0.164296
4972 -0.369031 0.344042 -0.154305
4973 -0.33108 0.343805 -0.15467
4974 -0.322285 0.342705 -0.143613
4975 -0.34521 0.344261 -0.146538
4976 -0.371256 0.33434 -0.137653
4977 -0.358762 0.335915 -0.129834
4978 -0.340057 0.342733 -0.136019
4979 -0.327497 0.335548 -0.129834
4980 -0.365084 0.322115 -0.114664
4981 -0.347867 0.331908 -0.121229
4982 -0.347803 0.304647 -0.176783
4983 -0.356381 0.304917 -0.142659
4984 -0.336818 0.321539 -0.147196
4985 -0.362007 0.285611 -0.160062
4986 -0.406985 0.300205 -0.162476
4987 -0.417318 0.285827 -0.164515
4988 -0.399631 0.319546 -0.159837
4989 -0.413966 0.298748 -0.152175
4990 -0.383234 0.33515 -0.149264
4991 -0.414035 0.299976 -0.130893
4992 -0.411274 0.314811 -0.148794
4993 -0.385116 0.338868 -0.141233
4994 -0.400131 0.321595 -0.134194
4995 -0.390027 0.333113 -0.129674
4996 -0.40418 0.283132 -0.105075
4997 -0.393805 0.304613 -0.100939
4998 -0.387676 0.319237 -0.115241
4999 -0.370115 0.283872 -0.120738
5000 -0.385722 0.301541 -0.139798
5001 -0.407466 0.266729 -0.196389
5002 -0.403313 0.250245 -0.190083
5003 -0.406097 0.281953 -0.195982
5004 -0.411284 0.277275 -0.177963
5005 -0.399304 0.233154 -0.180464
5006 -0.41201 0.261243 -0.173301
5007 -0.390902 0.226434 -0.16967
5008 -0.403446 0.24162 -0.175888
5009 -0.418193 0.272846 -0.168049
5010 -0.403573 0.243268 -0.162534
5011 -0.410947 0.249032 -0.155948
5012 -0.420209 0.259303 -0.142376
5013 -0.382431 0.271779 -0.150123
5014 -0.387363 0.260258 -0.174131
5015 -0.373246 0.209963 -0.172289
5016 -0.387384 0.218435 -0.163923
5017 -0.367189 0.20718 -0.160363
5018 -0.378858 0.213596 -0.150658
5019 -0.390298 0.225647 -0.152435
5020 -0.369592 0.205793 -0.134438
5021 -0.381063 0.218187 -0.134878
5022 -0.384818 0.224348 -0.122028
5023 -0.363783 0.200773 -0.121521
5024 -0.373715 0.217568 -0.112355
5025 -0.360327 0.208222 -0.104958
5026 -0.34629 0.273133 -0.142611
5027 -0.360329 0.242281 -0.1477
5028 -0.355463 0.226312 -0.128176
5029 -0.398472 0.234815 -0.144665
5030 -0.408754 0.235794 -0.139174
5031 -0.405896 0.236818 -0.12399
5032 -0.406382 0.26433 -0.115359
5033 -0.406679 0.240684 -0.114612
5034 -0.387975 0.222458 -0.109901
5035 -0.401247 0.23321 -0.101322
5036 -0.389001 0.25947 -0.0818318
5037 -0.394002 0.244985 -0.0913988
5038 -0.383671 0.228116 -0.0935706
5039 -0.367659 0.22353 -0.0886335
5040 -0.369656 0.246501 -0.0787734
5041 -0.359361 0.252161 -0.114394
5042 -0.380765 0.251413 -0.131683
5043 -0.37847 0.249566 -0.221176
5044 -0.394227 0.258283 -0.215346
5045 -0.356625 0.218165 -0.210055
5046 -0.38476 0.238127 -0.213874
5047 -0.37605 0.228553 -0.207625
5048 -0.390019 0.244222 -0.208531
5049 -0.399146 0.251286 -0.206672
5050 -0.399063 0.264817 -0.206499
5051 -0.396581 0.239375 -0.196179
5052 -0.376702 0.218696 -0.196139
5053 -0.372346 0.214613 -0.185887
5054 -0.387852 0.224511 -0.187437
5055 -0.36324 0.2598 -0.179323
5056 -0.355714 0.241712 -0.197059
5057 -0.343172 0.27105 -0.234898
5058 -0.363597 0.247403 -0.228285
5059 -0.349096 0.251134 -0.232577
5060 -0.3486 0.236828 -0.23002
5061 -0.344642 0.24985 -0.228931
5062 -0.323624 0.275289 -0.216841
5063 -0.340294 0.227221 -0.224262
5064 -0.365018 0.234381 -0.223212
5065 -0.329692 0.262558 -0.221925
5066 -0.338204 0.249404 -0.216331
5067 -0.325432 0.246254 -0.204962
5068 -0.320834 0.255506 -0.206192
5069 -0.364131 0.27825 -0.208459
5070 -0.336848 0.276243 -0.187539
5071 -0.313429 0.216498 -0.189667
5072 -0.320178 0.210062 -0.18955
5073 -0.336677 0.204285 -0.180703
5074 -0.349451 0.203627 -0.170934
5075 -0.315218 0.203096 -0.17944
5076 -0.302549 0.204247 -0.171056
5077 -0.313506 0.226414 -0.174716
5078 -0.328899 0.196115 -0.169341
5079 -0.342788 0.197298 -0.163265
5080 -0.298431 0.208205 -0.166361
5081 -0.317001 0.196948 -0.162936
5082 -0.360239 0.199497 -0.15317
5083 -0.334953 0.194578 -0.151953
5084 -0.354879 0.198861 -0.139335
5085 -0.334607 0.218039 -0.153701
5086 -0.332032 0.232311 -0.223983
5087 -0.330491 0.239162 -0.204519
5088 -0.332179 0.220427 -0.212269
5089 -0.320808 0.222344 -0.205384
5090 -0.345493 0.208706 -0.191673
5091 -0.328793 0.213199 -0.200388
5092 -0.320583 0.232743 -0.189665
5093 -0.306788 0.25526 -0.191852
5094 -0.308102 0.240929 -0.186597
5095 -0.360275 0.206732 -0.180828
5096 -0.298318 0.244271 -0.174214
5097 -0.330963 0.25366 -0.165407
5098 -0.349623 0.232656 -0.172992
5099 -0.352616 0.205683 -0.0933338
5100 -0.35744 0.220591 -0.0796421
5101 -0.339598 0.216829 -0.0742715
5102 -0.356436 0.248026 -0.0673703
5103 -0.337697 0.222777 -0.0646336
5104 -0.329078 0.294865 -0.0635812
5105 -0.30456 0.292093 -0.060239
5106 -0.341634 0.242988 -0.0621981
5107 -0.334532 0.267689 -0.0556105
5108 -0.316801 0.280866 -0.052294
5109 -0.328471 0.25763 -0.0489666
5110 -0.332242 0.24169 -0.0964875
5111 -0.320169 0.267986 -0.0857582
5112 -0.308175 0.241318 -0.0681295
5113 -0.365212 0.312161 -0.102377
5114 -0.374335 0.310571 -0.0952044
5115 -0.35161 0.314976 -0.094757
5116 -0.384014 0.279372 -0.0767913
5117 -0.372996 0.30175 -0.0768452
5118 -0.362761 0.309981 -0.0836115
5119 -0.344362 0.30655 -0.0780003
5120 -0.311956 0.307979 -0.0724405
5121 -0.360397 0.26264 -0.0715957
5122 -0.341684 0.296398 -0.0698064
5123 -0.352847 0.28564 -0.0708079
5124 -0.344635 0.273903 -0.0631995
5125 -0.349965 0.276647 -0.0994682
5126 -0.320535 0.330127 -0.113815
5127 -0.307248 0.327633 -0.116153
5128 -0.328856 0.334857 -0.115909
5129 -0.345868 0.328546 -0.110755
5130 -0.336235 0.322969 -0.10161
5131 -0.310461 0.320572 -0.0937199
5132 -0.326934 0.322227 -0.0912795
5133 -0.33577 0.318037 -0.0898944
5134 -0.317797 0.311074 -0.079866
5135 -0.331235 0.234177 -0.131492
5136 -0.323496 0.285362 -0.111043
5137 -0.343861 0.302243 -0.117562
5138 -0.33291 0.260023 -0.117305
5139 -0.249706 0.263996 -0.100272
5140 -0.259524 0.282885 -0.0929831
5141 -0.252213 0.27524 -0.0982337
5142 -0.23033 0.267868 -0.0904653
5143 -0.272003 0.291544 -0.0887537
5144 -0.264735 0.283783 -0.0826476
5145 -0.254166 0.287168 -0.0815951
5146 -0.233109 0.282142 -0.0774939
5147 -0.286246 0.298379 -0.0748513
5148 -0.269954 0.290189 -0.0774543
5149 -0.298984 0.249243 -0.098095
5150 -0.289627 0.270542 -0.0821594
5151 -0.267156 0.258315 -0.0824461
5152 -0.261235 0.293983 -0.12553
5153 -0.267684 0.311833 -0.125864
5154 -0.252197 0.281541 -0.121525
5155 -0.291268 0.321709 -0.117715
5156 -0.256485 0.286249 -0.11728
5157 -0.277098 0.314765 -0.112145
5158 -0.259031 0.294122 -0.111796
5159 -0.277233 0.306865 -0.102456
5160 -0.298586 0.324133 -0.104546
5161 -0.257142 0.280988 -0.1075
5162 -0.278124 0.305472 -0.0928847
5163 -0.297787 0.313735 -0.0913856
5164 -0.296257 0.30921 -0.0804025
5165 -0.283394 0.276212 -0.117366
5166 -0.303803 0.288609 -0.0943681
5167 -0.275878 0.306355 -0.168643
5168 -0.285176 0.299915 -0.166926
5169 -0.275893 0.315087 -0.155084
5170 -0.280073 0.285107 -0.149396
5171 -0.269805 0.299499 -0.162598
5172 -0.270752 0.312069 -0.155116
5173 -0.264806 0.293755 -0.153127
5174 -0.269385 0.30883 -0.139074
5175 -0.284992 0.328817 -0.142814
5176 -0.259143 0.299199 -0.140301
5177 -0.284519 0.323237 -0.128767
5178 -0.297159 0.305249 -0.143174
5179 -0.28742 0.245885 -0.158721
5180 -0.290034 0.234421 -0.151465
5181 -0.276687 0.255909 -0.145488
5182 -0.27956 0.243603 -0.145844
5183 -0.258954 0.269119 -0.14403
5184 -0.259008 0.236507 -0.142597
5185 -0.257783 0.252653 -0.146875
5186 -0.254278 0.274798 -0.1378
5187 -0.255905 0.229493 -0.117037
5188 -0.252303 0.257112 -0.12716
5189 -0.251558 0.240841 -0.121603
5190 -0.250127 0.261824 -0.116308
5191 -0.249186 0.242058 -0.108113
5192 -0.313852 0.263236 -0.137214
5193 -0.283829 0.235946 -0.118518
5194 -0.301173 0.221486 -0.159831
5195 -0.295043 0.199239 -0.158147
5196 -0.289053 0.209674 -0.160665
5197 -0.31732 0.189133 -0.150975
5198 -0.281356 0.220004 -0.151715
5199 -0.278306 0.205863 -0.143754
5200 -0.268004 0.216255 -0.1473
5201 -0.270191 0.224699 -0.152191
5202 -0.302671 0.193492 -0.142352
5203 -0.285595 0.197903 -0.14011
5204 -0.262542 0.219718 -0.130683
5205 -0.283514 0.200807 -0.13039
5206 -0.261005 0.215184 -0.122283
5207 -0.278097 0.199373 -0.121511
5208 -0.343148 0.190087 -0.134548
5209 -0.324122 0.190607 -0.134865
5210 -0.308593 0.186142 -0.129897
5211 -0.321294 0.187912 -0.122627
5212 -0.305043 0.189941 -0.119786
5213 -0.333338 0.187212 -0.11536
5214 -0.341375 0.192917 -0.123583
5215 -0.292602 0.191088 -0.115061
5216 -0.348086 0.196296 -0.106357
5217 -0.328053 0.190332 -0.105858
5218 -0.304913 0.188797 -0.107446
5219 -0.291173 0.197601 -0.105442
5220 -0.324138 0.19018 -0.097605
5221 -0.339579 0.20279 -0.0851752
5222 -0.308143 0.222965 -0.116338
5223 -0.326189 0.211054 -0.123143
5224 -0.074693 0.430201 -0.201884
5225 -0.0754916 0.42501 -0.194512
5226 -0.0663451 0.405154 -0.184636
5227 -0.0573706 0.420889 -0.187597
5228 -0.0677479 0.400133 -0.169968
5229 -0.0679402 0.392597 -0.171707
5230 -0.280204 0.202879 -0.108212
5231 -0.261679 0.215692 -0.109837
5232 -0.271959 0.202827 -0.10501
5233 -0.303899 0.196077 -0.0965787
5234 -0.317694 0.197139 -0.0861776
5235 -0.326769 0.202941 -0.0788545
5236 -0.291446 0.222004 -0.0879366
5237 -0.125399 0.440876 -0.162606
5238 -0.111788 0.439817 -0.159316
5239 -0.133103 0.452527 -0.164133
5240 -0.126535 0.435549 -0.155567
5241 -0.119158 0.428434 -0.149736
5242 -0.11683 0.449483 -0.14552
5243 -0.118413 0.422982 -0.153324
5244 -0.0952872 0.41901 -0.149537
5245 -0.10825 0.40667 -0.146365
5246 -0.0879649 0.389482 -0.146458
5247 -0.09505 0.390027 -0.144516
5248 -0.103187 0.397886 -0.140417
5249 -0.108209 0.424054 -0.141671
5250 -0.0916218 0.397196 -0.132407
5251 -0.131833 0.489975 -0.207685
5252 -0.146066 0.489628 -0.20406
5253 -0.146634 0.494483 -0.203293
5254 -0.124207 0.4802 -0.204181
5255 -0.11157 0.491324 -0.19986
5256 -0.134634 0.500278 -0.194052
5257 -0.129732 0.478425 -0.190144
5258 -0.118251 0.500314 -0.188497
5259 -0.148749 0.481709 -0.187653
5260 -0.142462 0.49701 -0.18858
5261 -0.13199 0.484416 -0.167148
5262 -0.137639 0.462876 -0.174514
5263 -0.119581 0.461979 -0.173728
5264 -0.120322 0.495724 -0.168597
5265 -0.139995 0.46956 -0.174571
5266 -0.0968939 0.445453 -0.165569
5267 -0.0423517 0.421496 -0.160769
5268 -0.108932 0.486428 -0.15225
5269 -0.0912715 0.480677 -0.147912
5270 -0.0770773 0.410974 -0.149946
5271 -0.104353 0.462239 -0.137777
5272 -0.0740348 0.46809 -0.143053
5273 -0.0969886 0.46331 -0.13486
5274 -0.0892264 0.407769 -0.122823
5275 -0.0956151 0.433995 -0.127151
5276 -0.0612387 0.44378 -0.125887
5277 -0.0763143 0.439617 -0.120333
5278 -0.0787464 0.42417 -0.115432
5279 -0.0595946 0.436018 -0.114917
5280 -0.0963151 0.449713 -0.202033
5281 -0.0933898 0.453105 -0.203625
5282 -0.0868494 0.464427 -0.200566
5283 -0.0646535 0.44669 -0.194798
5284 -0.106148 0.466079 -0.191215
5285 -0.0835036 0.481361 -0.186155
5286 -0.0826434 0.439727 -0.187285
5287 -0.0891244 0.443352 -0.170574
5288 -0.0853644 0.487893 -0.174112
5289 -0.0483902 0.434444 -0.173286
5290 -0.0576673 0.456577 -0.16337
5291 -0.0748189 0.422118 -0.162986
5292 -0.0959862 0.493369 -0.162151
5293 -0.0603125 0.458521 -0.144538
5294 -0.047164 0.437615 -0.138239
5295 -0.237388 0.283701 -0.0708487
5296 -0.259115 0.292804 -0.0741894
5297 -0.281092 0.293663 -0.0680891
5298 -0.26049 0.296307 -0.061646
5299 -0.23036 0.28948 -0.0586591
5300 -0.274189 0.297986 -0.0544566
5301 -0.234555 0.293249 -0.042449
5302 -0.227475 0.293602 -0.0454045
5303 -0.292619 0.295904 -0.0435283
5304 -0.25378 0.294785 -0.0472383
5305 -0.256566 0.29779 -0.0354692
5306 -0.271937 0.295584 -0.034938
5307 -0.236605 0.29741 -0.0243835
5308 -0.267749 0.274159 -0.0573152
5309 -0.229041 0.256695 -0.0837067
5310 -0.209798 0.256187 -0.0693909
5311 -0.21174 0.266817 -0.0771379
5312 -0.218738 0.279821 -0.0686132
5313 -0.199303 0.266057 -0.0666557
5314 -0.186723 0.262922 -0.0568092
5315 -0.189574 0.278075 -0.0453057
5316 -0.209555 0.282703 -0.0521687
5317 -0.212737 0.288659 -0.0466754
5318 -0.19784 0.29207 -0.021925
5319 -0.215251 0.294432 -0.0243085
5320 -0.206355 0.294601 -0.0031089
5321 -0.189577 0.258394 -0.0203013
5322 -0.231078 0.265931 -0.038096
5323 -0.237756 0.228246 -0.0992239
5324 -0.229533 0.242558 -0.0928272
5325 -0.22807 0.210832 -0.0912735
5326 -0.20673 0.211456 -0.0782289
5327 -0.216336 0.226404 -0.0867265
5328 -0.197244 0.232058 -0.0728759
5329 -0.207075 0.19352 -0.0657028
5330 -0.192964 0.204845 -0.0661749
5331 -0.178427 0.222485 -0.0623579
5332 -0.183283 0.240812 -0.060229
5333 -0.174983 0.203718 -0.0576215
5334 -0.21503 0.237394 -0.0354106
5335 -0.245591 0.247005 -0.0573236
5336 -0.262343 0.227483 -0.0763755
5337 -0.321832 0.235848 -0.0321432
5338 -0.315003 0.262225 -0.0348903
5339 -0.321722 0.223034 -0.0330382
5340 -0.313895 0.272233 -0.0147676
5341 -0.324608 0.222325 -0.0199988
5342 -0.316586 0.268643 -0.0238326
5343 -0.322843 0.247432 -0.0203719
5344 -0.322711 0.245149 -0.0108624
5345 -0.321946 0.224017 -0.0113484
5346 -0.312509 0.224865 -0.00709873
5347 -0.308931 0.246539 -0.00379638
5348 -0.297923 0.243237 0.00242564
5349 -0.291486 0.244114 0.0126519
5350 -0.287172 0.233266 -0.0284578
5351 -0.297787 0.289172 -0.0502249
5352 -0.307206 0.277745 -0.0414546
5353 -0.303723 0.290315 -0.0299893
5354 -0.278541 0.290852 -0.0261671
5355 -0.289428 0.28984 -0.0229818
5356 -0.282384 0.284754 -0.0155901
5357 -0.301284 0.26852 -0.0074725
5358 -0.273903 0.28481 -0.00596347
5359 -0.291645 0.267601 -0.00292766
5360 -0.283939 0.271338 0.00450766
5361 -0.282265 0.253564 0.0149617
5362 -0.25261 0.229717 -0.0274115
5363 -0.278139 0.248652 -0.0586832
5364 -0.268651 0.264673 -0.0329658
5365 -0.269332 0.25699 -0.0120702
5366 -0.255303 0.293063 -0.0227319
5367 -0.263861 0.291279 -0.0116914
5368 -0.244911 0.295784 -0.0149074
5369 -0.220799 0.297007 -0.00990694
5370 -0.255818 0.292126 0.00218139
5371 -0.228243 0.298021 -0.000251186
5372 -0.275733 0.272597 0.00875023
5373 -0.21204 0.294211 0.00916318
5374 -0.265273 0.282102 0.0165742
5375 -0.235133 0.294262 0.0178979
5376 -0.271692 0.268581 0.0229368
5377 -0.22095 0.292685 0.0196847
5378 -0.231793 0.257884 -0.00652553
5379 -0.235231 0.273381 0.0472964
5380 -0.22473 0.243439 0.0702585
5381 -0.242169 0.241081 0.0641161
5382 -0.245039 0.282769 0.0354925
5383 -0.254212 0.271044 0.0391206
5384 -0.264047 0.246854 0.0448503
5385 -0.246541 0.258059 0.0541388
5386 -0.226099 0.260981 0.0604075
5387 -0.255625 0.282184 0.0220747
5388 -0.238165 0.288016 0.0265549
5389 -0.277112 0.242639 0.0299232
5390 -0.261158 0.264892 0.0328676
5391 -0.227324 0.248183 0.0258051
5392 -0.250579 0.251053 0.0119511
5393 -0.24743 0.199247 -0.0929251
5394 -0.262703 0.189218 -0.100134
5395 -0.288302 0.190767 -0.0866291
5396 -0.270543 0.177401 -0.0793291
5397 -0.244582 0.187033 -0.0870713
5398 -0.287838 0.178178 -0.0760742
5399 -0.255004 0.180175 -0.0723105
5400 -0.226554 0.186584 -0.0794924
5401 -0.275263 0.175789 -0.0623478
5402 -0.225151 0.177894 -0.0682612
5403 -0.250371 0.171404 -0.0616077
5404 -0.263742 0.177472 -0.0594193
5405 -0.229652 0.171933 -0.0582172
5406 -0.251341 0.171088 -0.0448922
5407 -0.241151 0.204915 -0.0505021
5408 -0.268651 0.172665 -0.0358628
5409 -0.250818 0.170843 -0.0333198
5410 -0.280663 0.180452 -0.0335052
5411 -0.277956 0.178567 -0.0188056
5412 -0.263782 0.175387 -0.0157043
5413 -0.289517 0.189171 -0.0164462
5414 -0.297212 0.201501 -0.00693418
5415 -0.272618 0.181865 -0.0012495
5416 -0.288536 0.191992 -0.00414075
5417 -0.300097 0.221646 0.000981777
5418 -0.291846 0.20645 0.00739941
5419 -0.293436 0.223371 0.0123646
5420 -0.264662 0.204717 -0.0178601
5421 -0.293197 0.180062 -0.0691964
5422 -0.309234 0.191754 -0.0541595
5423 -0.29899 0.17605 -0.0590559
5424 -0.285331 0.17532 -0.0497566
5425 -0.316199 0.201224 -0.0443485
5426 -0.30497 0.179535 -0.0464207
5427 -0.31613 0.189545 -0.0374613
5428 -0.301494 0.184669 -0.027864
5429 -0.313232 0.186214 -0.0302257
5430 -0.323487 0.204815 -0.0236305
5431 -0.32052 0.202458 -0.0180709
5432 -0.311333 0.204535 -0.0144544
5433 -0.27762 0.211822 -0.0533108
5434 -0.293649 0.208711 -0.0326956
5435 -0.227552 0.207029 0.0682216
5436 -0.240767 0.223272 0.0662975
5437 -0.235357 0.176434 0.0451223
5438 -0.216891 0.178778 0.0545321
5439 -0.237891 0.186972 0.055663
5440 -0.257218 0.188497 0.0440504
5441 -0.260048 0.208148 0.0528439
5442 -0.248136 0.202947 0.0562943
5443 -0.257639 0.23264 0.0544413
5444 -0.226079 0.190815 0.0621654
5445 -0.240558 0.206625 0.0644672
5446 -0.255119 0.178581 0.034402
5447 -0.225836 0.20695 0.0313147
5448 -0.213371 0.228884 0.0469914
5449 -0.266004 0.221245 0.047977
5450 -0.254924 0.169659 0.00778312
5451 -0.267159 0.175599 0.00598105
5452 -0.280917 0.19496 0.0107635
5453 -0.270939 0.185569 0.0176208
5454 -0.249472 0.169214 0.0231689
5455 -0.261665 0.183278 0.0255024
5456 -0.27638 0.203504 0.0244924
5457 -0.285696 0.220991 0.0194129
5458 -0.278311 0.226948 0.0328789
5459 -0.268277 0.209887 0.039724
5460 -0.246235 0.224209 0.01074
5461 -0.270518 0.231909 -0.00409644
5462 -0.249758 0.193865 0.000279134
5463 -0.207385 0.169023 0.0365497
5464 -0.236299 0.164635 -0.0377518
5465 -0.225467 0.162819 -0.0262051
5466 -0.232891 0.161142 -0.00704319
5467 -0.254141 0.1683 -0.0132103
5468 -0.220675 0.160953 -0.00761189
5469 -0.21249 0.158752 0.00144416
5470 -0.237701 0.163898 0.00910452
5471 -0.191173 0.16383 0.0152566
5472 -0.233557 0.1663 0.024866
5473 -0.224041 0.163459 0.0288548
5474 -0.223706 0.192155 -0.00469996
5475 -0.204984 0.191551 0.0187742
5476 -0.239437 0.192066 -0.0260195
5477 -0.198041 0.182222 -0.0576162
5478 -0.207553 0.171817 -0.0511957
5479 -0.216446 0.171135 -0.0494597
5480 -0.180577 0.184224 -0.0475134
5481 -0.19665 0.169426 -0.0349833
5482 -0.184373 0.174223 -0.0309546
5483 -0.213026 0.163798 -0.0227952
5484 -0.190127 0.166405 -0.0169035
5485 -0.203966 0.162173 -0.0130689
5486 -0.20465 0.228475 0.00130361
5487 -0.220808 0.198598 -0.00422907
5488 -0.189633 0.197322 -0.0098787
5489 -0.210662 0.196996 -0.0334413
5490 -0.229742 0.230275 -0.0111463
5491 0.00207313 0.221279 -0.281452
5492 -0.00581312 0.223701 -0.272302
5493 -0.0144396 0.219862 -0.27327
5494 0.00827612 0.22175 -0.265765
5495 0.000798287 0.219055 -0.260211
5496 -0.0305459 0.224101 -0.263504
5497 -0.0102818 0.216599 -0.243826
5498 -0.0254034 0.228103 -0.246462
5499 0.00122521 0.216444 -0.228045
5500 -0.0298748 0.223074 -0.23304
5501 -0.00947291 0.209236 -0.231815
5502 -0.0144433 0.222676 -0.232516
5503 0.0269063 0.216153 -0.21652
5504 0.031274 0.230991 -0.290261
5505 0.0384116 0.240635 -0.290541
5506 0.0233613 0.268785 -0.276882
5507 0.0431095 0.257119 -0.286851
5508 0.0109228 0.232253 -0.283473
5509 0.0251846 0.230402 -0.285811
5510 0.0447642 0.23677 -0.276096
5511 0.0481583 0.262608 -0.266594
5512 0.0494493 0.252247 -0.267112
5513 0.0256274 0.273738 -0.252667
5514 0.0512363 0.243241 -0.253553
5515 0.054905 0.256598 -0.244893
5516 0.0521806 0.26391 -0.246165
5517 0.0461208 0.238462 -0.243619
5518 0.0136166 0.249186 -0.25843
5519 0.0186297 0.218023 -0.272899
5520 0.0269772 0.227477 -0.269851
5521 0.0426394 0.235961 -0.260359
5522 0.0213951 0.21928 -0.260408
5523 0.0325785 0.216352 -0.257528
5524 0.0239867 0.216798 -0.247296
5525 0.0298934 0.229833 -0.246565
5526 0.03874 0.229343 -0.238989
5527 0.0132826 0.215792 -0.238233
5528 0.0148388 0.225668 -0.231399
5529 0.0374955 0.238483 -0.231494
5530 0.0247962 0.227433 -0.22807
5531 0.0154279 0.24895 -0.228012
5532 -0.0107422 0.2606 -0.322779
5533 0.00538584 0.266078 -0.322809
5534 -0.00480859 0.246504 -0.318715
5535 0.0053271 0.256223 -0.316787
5536 0.0190395 0.251704 -0.319055
5537 0.0182938 0.261784 -0.31975
5538 0.0177929 0.242849 -0.304609
5539 0.00563748 0.265804 -0.304648
5540 0.0255916 0.256841 -0.302779
5541 -0.000611603 0.23938 -0.301706
5542 -0.0165686 0.257074 -0.303754
5543 -0.0100501 0.262706 -0.299038
5544 0.0133672 0.274527 -0.283066
5545 -0.00365595 0.274851 -0.289121
5546 0.0016367 0.254572 -0.278121
5547 -0.016014 0.247569 -0.305
5548 -0.0128808 0.235567 -0.296563
5549 -0.0237225 0.241552 -0.297605
5550 -0.0373417 0.253034 -0.289127
5551 -0.0311437 0.267515 -0.279894
5552 -0.00677448 0.234071 -0.286441
5553 -0.0350872 0.237085 -0.284162
5554 -0.0204149 0.230458 -0.283735
5555 -0.0164646 0.271581 -0.271469
5556 -0.0302416 0.232851 -0.274238
5557 -0.0453311 0.244808 -0.265353
5558 -0.0437762 0.263841 -0.269891
5559 -0.0360175 0.235383 -0.259522
5560 -0.0153626 0.2439 -0.260345
5561 -0.00670143 0.281191 -0.275863
5562 0.0145912 0.280799 -0.271052
5563 -0.00415667 0.283881 -0.260171
5564 -0.0186708 0.276911 -0.254266
5565 0.017941 0.281085 -0.257126
5566 -0.00997469 0.29189 -0.253812
5567 0.0183213 0.291442 -0.251865
5568 -0.0149621 0.291225 -0.237995
5569 -0.00183495 0.296186 -0.239334
5570 0.0218031 0.292491 -0.236301
5571 -0.0247707 0.284929 -0.225458
5572 -0.0117427 0.251832 -0.23563
5573 0.00498247 0.274739 -0.228114
5574 -0.0483389 0.258358 -0.264556
5575 -0.0496835 0.269151 -0.251694
5576 -0.0418912 0.279211 -0.239961
5577 -0.0431689 0.23851 -0.252288
5578 -0.0512389 0.24883 -0.240577
5579 -0.0369759 0.223062 -0.243503
5580 -0.0384627 0.240345 -0.240226
5581 -0.0579556 0.257602 -0.219198
5582 -0.0422035 0.238063 -0.227865
5583 -0.0455312 0.246444 -0.216389
5584 -0.0588808 0.27421 -0.199357
5585 -0.0334227 0.23351 -0.2278
5586 -0.0445389 0.283641 -0.21135
5587 -0.0415355 0.294133 -0.209303
5588 -0.00465361 0.30497 -0.236195
5589 -0.0229257 0.297621 -0.225694
5590 0.0240506 0.301812 -0.231376
5591 -0.00497493 0.316888 -0.226069
5592 0.0205297 0.307216 -0.226545
5593 0.0298115 0.298496 -0.220476
5594 0.0296064 0.312667 -0.221714
5595 -0.0277377 0.294119 -0.214609
5596 0.0458101 0.313413 -0.221485
5597 0.0393666 0.32129 -0.221982
5598 0.0219928 0.324162 -0.209513
5599 0.0475292 0.310255 -0.211848
5600 0.0359402 0.331373 -0.214247
5601 0.0369931 0.295201 -0.207881
5602 0.0025604 0.295044 -0.20182
5603 0.0478559 0.272673 -0.235087
5604 0.0291747 0.27957 -0.232984
5605 0.0584506 0.253518 -0.228124
5606 0.0512943 0.243512 -0.224748
5607 0.0284894 0.227925 -0.220382
5608 0.0587801 0.260113 -0.207438
5609 0.0564707 0.277016 -0.205193
5610 0.0367028 0.284302 -0.213394
5611 0.0552638 0.250779 -0.204672
5612 0.0458516 0.243036 -0.210873
5613 0.0395644 0.246205 -0.198719
5614 0.0571628 0.267878 -0.189667
5615 0.0315137 0.261333 -0.214944
5616 0.0385134 0.231177 -0.195803
5617 0.0536085 0.283763 -0.195017
5618 0.0532014 0.296173 -0.194113
5619 0.044623 0.25525 -0.192176
5620 0.0490122 0.248716 -0.183482
5621 0.0486384 0.264907 -0.185349
5622 0.0411786 0.23303 -0.1819
5623 0.0556075 0.27201 -0.174565
5624 0.0483974 0.249066 -0.169608
5625 0.0402948 0.24578 -0.168819
5626 0.0438512 0.257444 -0.15617
5627 0.0223897 0.263284 -0.17904
5628 0.0194084 0.241895 -0.187823
5629 0.0230997 0.288878 -0.186135
5630 0.00561489 0.211419 -0.159957
5631 -0.0318233 0.227511 -0.168507
5632 -0.0250311 0.220037 -0.149719
5633 -0.0137469 0.214028 -0.150366
5634 0.0239115 0.224337 -0.144542
5635 -0.0386426 0.235196 -0.150474
5636 0.00496991 0.21786 -0.134845
5637 -0.0355461 0.23765 -0.139362
5638 -0.015584 0.219411 -0.134598
5639 0.0212627 0.229033 -0.133444
5640 -0.0372656 0.233636 -0.127127
5641 -0.00520962 0.244388 -0.181257
5642 -0.018192 0.25868 -0.156647
5643 -0.00809545 0.24289 -0.133266
5644 0.0105088 0.256801 -0.153462
5645 -0.0477938 0.251454 -0.205695
5646 -0.0489826 0.281686 -0.204118
5647 -0.0574442 0.268876 -0.197256
5648 -0.0485798 0.264688 -0.195323
5649 -0.0498664 0.242199 -0.190517
5650 -0.0565563 0.267163 -0.184598
5651 -0.0458677 0.2501 -0.17125
5652 -0.0580224 0.265397 -0.169395
5653 -0.0635123 0.272208 -0.162613
5654 -0.051413 0.259419 -0.153715
5655 -0.000251665 0.277285 -0.174268
5656 -0.019102 0.271092 -0.197055
5657 -0.0282063 0.280139 -0.17195
5658 -0.0308916 0.2884 -0.191196
5659 0.0128505 0.206972 -0.227465
5660 0.00166264 0.205532 -0.2163
5661 0.0152787 0.213558 -0.211273
5662 0.0109459 0.202581 -0.211134
5663 0.0256458 0.231287 -0.207625
5664 0.0219582 0.200399 -0.200122
5665 0.0290791 0.212873 -0.2007
5666 0.00208512 0.200391 -0.189272
5667 0.0337095 0.218208 -0.188968
5668 0.0157327 0.214839 -0.177612
5669 0.00675417 0.207138 -0.176014
5670 0.031314 0.235905 -0.164126
5671 0.0238873 0.230065 -0.160472
5672 0.0390024 0.242782 -0.143774
5673 -0.00742501 0.201559 -0.216656
5674 -0.0251134 0.207729 -0.21045
5675 -0.0290109 0.234039 -0.218582
5676 -0.0425969 0.23335 -0.213924
5677 -0.0274921 0.222046 -0.207665
5678 -0.00532045 0.195284 -0.208184
5679 -0.0265731 0.200569 -0.20287
5680 -0.0381414 0.216095 -0.19868
5681 -0.0416358 0.240163 -0.20481
5682 -0.0326917 0.209378 -0.194223
5683 -0.0126871 0.208842 -0.177531
5684 -0.0367035 0.228356 -0.179721
5685 0.00854125 0.262987 -0.206171
5686 -0.00381544 0.224234 -0.197438
5687 -0.0550609 0.366378 -0.186628
5688 -0.0319344 0.371008 -0.187369
5689 -0.0546234 0.357032 -0.189691
5690 -0.0622211 0.348872 -0.179132
5691 -0.0708407 0.359206 -0.173726
5692 -0.0384102 0.378117 -0.17244
5693 -0.0476805 0.398028 -0.168174
5694 -0.0632958 0.3816 -0.172021
5695 -0.0788652 0.346385 -0.157536
5696 -0.0405199 0.393438 -0.168351
5697 -0.0691457 0.372613 -0.16747
5698 -0.0657989 0.381589 -0.157085
5699 -0.042351 0.379194 -0.147216
5700 0.00836297 0.334639 -0.19914
5701 -0.0117025 0.337493 -0.201803
5702 -0.0269162 0.342939 -0.201418
5703 -0.060895 0.298141 -0.194222
5704 -0.0105246 0.346966 -0.20295
5705 -0.0345588 0.348909 -0.198884
5706 -0.0265121 0.357719 -0.199311
5707 0.00127463 0.356186 -0.196737
5708 -0.0118497 0.365894 -0.191168
5709 -0.0636402 0.326732 -0.186549
5710 -0.0269174 0.376131 -0.177347
5711 -0.0221387 0.308222 -0.179492
5712 -0.0089573 0.340369 -0.171894
5713 -0.0390704 0.327992 -0.159232
5714 -0.0200671 0.313013 -0.225179
5715 -0.0356679 0.322889 -0.229973
5716 -0.048306 0.329369 -0.223024
5717 -0.0473826 0.32291 -0.216163
5718 -0.0164842 0.325398 -0.216894
5719 -0.0319074 0.337679 -0.219165
5720 -0.0455517 0.335941 -0.222014
5721 -0.0330096 0.305734 -0.220585
5722 -0.049837 0.305871 -0.213954
5723 -0.0548011 0.305776 -0.200503
5724 -0.0571579 0.326644 -0.196004
5725 -0.0600645 0.336243 -0.197375
5726 -0.0422427 0.343721 -0.200445
5727 -0.0239566 0.311249 -0.201254
5728 -0.0769093 0.284134 -0.183814
5729 -0.074048 0.305963 -0.182001
5730 -0.0819378 0.281814 -0.171776
5731 -0.0877729 0.302531 -0.165999
5732 -0.0865424 0.326131 -0.161352
5733 -0.0770322 0.276694 -0.165739
5734 -0.0816533 0.28367 -0.150199
5735 -0.0932824 0.298196 -0.139892
5736 -0.0931451 0.318668 -0.149626
5737 -0.0638387 0.284118 -0.143838
5738 -0.0844121 0.291794 -0.136155
5739 -0.100905 0.319572 -0.132603
5740 -0.0990398 0.300042 -0.121631
5741 -0.0663138 0.312283 -0.143385
5742 -0.102248 0.315327 -0.122268
5743 -0.102317 0.331864 -0.115279
5744 -0.0777636 0.296622 -0.114877
5745 -0.100712 0.322023 -0.119767
5746 -0.095773 0.294262 -0.111674
5747 -0.112676 0.309979 -0.102154
5748 -0.111028 0.327303 -0.100872
5749 -0.118533 0.291923 -0.100912
5750 -0.0831771 0.298048 -0.0998604
5751 -0.113468 0.32305 -0.0913437
5752 -0.105057 0.337308 -0.100528
5753 -0.0945511 0.290239 -0.0885608
5754 -0.115447 0.332978 -0.0759878
5755 -0.0983916 0.309805 -0.0680995
5756 -0.0968572 0.349183 -0.112306
5757 -0.092747 0.362569 -0.102879
5758 -0.0865559 0.370692 -0.0975407
5759 -0.108137 0.334959 -0.0850292
5760 -0.0947816 0.357675 -0.0876277
5761 -0.0929266 0.370363 -0.0836261
5762 -0.102022 0.357501 -0.0770409
5763 -0.0900092 0.373997 -0.0699593
5764 -0.0994828 0.357993 -0.0629896
5765 -0.0503203 0.332778 -0.101176
5766 -0.0810892 0.329498 -0.0935983
5767 -0.0675172 0.337166 -0.0576228
5768 -0.0634455 0.358647 -0.104144
5769 -0.063181 0.34397 -0.0823799
5770 -0.0635304 0.394701 -0.151821
5771 -0.0871651 0.352055 -0.14757
5772 -0.0761147 0.374365 -0.150761
5773 -0.0936737 0.353622 -0.123821
5774 -0.0781386 0.375128 -0.135416
5775 -0.0791395 0.375267 -0.143778
5776 -0.0817272 0.368269 -0.122875
5777 -0.0786578 0.394265 -0.120813
5778 -0.0768203 0.379742 -0.122156
5779 -0.0876461 0.358299 -0.115443
5780 -0.0955855 0.339654 -0.1135
5781 -0.0732061 0.383386 -0.108164
5782 -0.0409408 0.353976 -0.138999
5783 -0.0676873 0.337596 -0.125906
5784 -0.0468416 0.375762 -0.122296
5785 0.0554278 0.327308 -0.213363
5786 0.0493666 0.336734 -0.20548
5787 0.0587636 0.309569 -0.19859
5788 0.0580383 0.328359 -0.197207
5789 0.0292853 0.3398 -0.194866
5790 0.0206515 0.350592 -0.20014
5791 0.0521372 0.346497 -0.178344
5792 0.0402025 0.344082 -0.18896
5793 0.0382371 0.35465 -0.191225
5794 0.0115795 0.365355 -0.189211
5795 0.0220987 0.367731 -0.178682
5796 0.0355144 0.369417 -0.182268
5797 0.0646892 0.336146 -0.174886
5798 0.0334532 0.315648 -0.1906
5799 0.0189632 0.338002 -0.170044
5800 0.062055 0.275144 -0.178493
5801 0.0633935 0.29729 -0.177633
5802 0.0763889 0.288449 -0.167521
5803 0.0498485 0.267959 -0.152922
5804 0.058628 0.274036 -0.158672
5805 0.0804009 0.282535 -0.150333
5806 0.0636298 0.281494 -0.147015
5807 0.0842639 0.319558 -0.142517
5808 0.0822891 0.288637 -0.138712
5809 0.0840969 0.298036 -0.130015
5810 0.0558143 0.280136 -0.134552
5811 0.066785 0.293519 -0.130149
5812 0.0409927 0.287548 -0.16797
5813 0.0580881 0.307811 -0.183247
5814 0.0584536 0.326391 -0.171499
5815 0.0790038 0.328717 -0.150711
5816 0.06479 0.284826 -0.109835
5817 0.0687803 0.297615 -0.114899
5818 0.0677919 0.303098 -0.103662
5819 0.030638 0.320833 -0.124451
5820 0.0209116 0.311299 -0.167034
5821 0.0196075 0.283424 -0.146692
5822 0.0444058 0.30573 -0.147683
5823 0.0390324 0.338286 -0.152069
5824 0.00861053 0.305553 -0.133141
5825 0.0592189 0.321292 -0.128314
5826 0.044943 0.300866 -0.120959
5827 -0.0695877 0.291676 -0.124131
5828 -0.0116859 0.324871 -0.141111
5829 -0.040358 0.301157 -0.0634454
5830 -0.0102128 0.275227 -0.131328
5831 -0.0321113 0.298651 -0.107115
5832 -0.00042975 0.313634 -0.107701
5833 -0.0346984 0.297118 -0.150289
5834 -0.043016 0.317469 -0.12822
5835 -0.00934537 0.302922 -0.0779808
5836 -0.042554 0.332588 -0.0726973
5837 -0.00449523 0.300746 -0.157623
5838 -0.0270943 0.320684 -0.0929091
5839 -0.0516905 0.307709 -0.0883925
5840 -0.00755218 0.288053 -0.108224
5841 -0.0518944 0.268191 -0.143994
5842 -0.0455298 0.251583 -0.143201
5843 -0.0550933 0.25509 -0.127927
5844 -0.0642972 0.273635 -0.123498
5845 -0.0428809 0.243611 -0.11946
5846 -0.0594994 0.262401 -0.115814
5847 -0.0666576 0.27672 -0.110914
5848 -0.0570876 0.244612 -0.107929
5849 -0.0771707 0.292577 -0.0973893
5850 -0.0505527 0.232908 -0.0975154
5851 -0.0646492 0.248866 -0.097184
5852 -0.0876625 0.275749 -0.0919995
5853 -0.0283705 0.267557 -0.108734
5854 -0.0470572 0.278554 -0.0908792
5855 -0.0386704 0.283034 -0.127067
5856 -0.00711208 0.216507 -0.117303
5857 0.0149181 0.221072 -0.126316
5858 0.00713014 0.219619 -0.116515
5859 -0.0272432 0.228793 -0.116349
5860 0.0219938 0.232286 -0.112486
5861 -0.0415867 0.230121 -0.109771
5862 -0.0335204 0.223701 -0.0969016
5863 0.0286248 0.228314 -0.0924956
5864 -0.00765005 0.271531 -0.0874291
5865 -0.0407404 0.25966 -0.0690872
5866 -0.00530542 0.241881 -0.0948268
5867 0.00440416 0.250934 -0.0703817
5868 -0.0168874 0.279496 -0.0585246
5869 0.0391348 0.250478 -0.134787
5870 0.0375327 0.238956 -0.122833
5871 0.0582304 0.269809 -0.118903
5872 0.0498842 0.260889 -0.110423
5873 0.0385659 0.251281 -0.113865
5874 0.0602024 0.281079 -0.103806
5875 0.033414 0.241535 -0.111988
5876 0.0554642 0.271764 -0.10513
5877 0.0334461 0.232652 -0.103063
5878 0.0550497 0.253527 -0.0987355
5879 0.0199172 0.284012 -0.110167
5880 0.026864 0.267573 -0.0792631
5881 0.0134348 0.260091 -0.124861
5882 0.0389173 0.301199 -0.0968947
5883 -0.015383 0.450824 -0.0173113
5884 0.0146987 0.449814 -0.0123482
5885 -0.0275102 0.448849 0.0100037
5886 -0.0180675 0.452786 0.0036404
5887 0.0205525 0.450574 0.0266378
5888 0.0283447 0.44407 0.0203912
5889 -0.0123348 0.454569 0.0251181
5890 0.0156181 0.450142 0.0346121
5891 -0.00891027 0.386248 -0.0134564
5892 -0.0103904 0.424782 -0.00632813
5893 0.0334171 0.40794 0.0334862
5894 0.00646015 0.418835 0.0171288
5895 0.0623244 0.423858 -0.0377641
5896 0.0576451 0.431601 -0.0321906
5897 0.0662696 0.416158 -0.0182259
5898 0.0568099 0.426285 -0.0204619
5899 0.0608025 0.428733 -0.0127873
5900 0.0390563 0.441671 -0.00978629
5901 0.026938 0.440628 -0.0118989
5902 0.0650422 0.425473 0.00409667
5903 0.0719801 0.413585 0.0224916
5904 0.0390758 0.444958 0.0249464
5905 0.0580478 0.435319 0.023113
5906 0.0686979 0.426078 0.0284471
5907 0.0447461 0.439781 0.0337096
5908 0.0347474 0.404723 0.000435836
5909 0.0432408 0.407684 -0.0507888
5910 0.0239702 0.425489 -0.0528793
5911 0.0146378 0.440879 -0.0544048
5912 0.0513324 0.418774 -0.0485931
5913 0.0358538 0.437562 -0.0491384
5914 0.0137116 0.451391 -0.0457354
5915 0.0514541 0.431867 -0.0452072
5916 0.0283077 0.439985 -0.0445015
5917 0.0418603 0.44154 -0.0306217
5918 0.0296287 0.44278 -0.0313639
5919 0.015687 0.450382 -0.028231
5920 -2.40349e-05 0.444445 -0.0240632
5921 0.0375178 0.435604 -0.0200858
5922 0.0159021 0.443752 -0.0205461
5923 0.00715506 0.412436 -0.0249933
5924 0.126834 0.365692 0.0526965
5925 0.105247 0.392636 0.0472361
5926 0.0916342 0.400189 -0.00813651
5927 0.0776424 0.412544 -0.00971667
5928 0.0947469 0.384744 0.000924467
5929 0.102873 0.377082 0.0146556
5930 0.0931264 0.391425 0.020314
5931 0.0816391 0.409935 0.0178101
5932 0.0947774 0.381186 0.018044
5933 0.109962 0.372935 0.0240848
5934 0.0798354 0.35254 0.00318681
5935 0.0807063 0.357264 0.0357606
5936 0.0686152 0.381687 0.00926519
5937 0.0776681 0.376748 0.0392997
5938 0.107179 0.351456 0.0527786
5939 0.0828841 0.415734 0.0338406
5940 0.0853295 0.396845 0.0251606
5941 0.0799322 0.407449 0.0245328
5942 0.0918744 0.398119 0.0360301
5943 0.0445693 0.368413 0.00654895
5944 0.0318154 0.328931 -0.0362466
5945 -0.00362022 0.34446 -0.0211582
5946 0.0264429 0.342221 -0.00539507
5947 0.0498615 0.309989 -0.0194062
5948 0.0590049 0.332952 0.00357784
5949 0.0642278 0.392916 0.0271337
5950 0.0548336 0.354522 0.0292743
5951 0.0224067 0.368047 -0.0147324
5952 0.0715771 0.381836 -0.0723035
5953 0.0580943 0.389974 -0.0662302
5954 0.0805961 0.367334 -0.0553305
5955 0.056433 0.39439 -0.0512782
5956 0.0766691 0.375289 -0.044351
5957 0.0681765 0.386743 -0.0461731
5958 0.0812675 0.36168 -0.0421566
5959 0.0689817 0.416026 -0.044419
5960 0.0204471 0.370908 -0.0422722
5961 0.056269 0.348836 -0.0219197
5962 0.0453589 0.384601 -0.0258337
5963 0.0492921 0.35987 -0.0513433
5964 0.0863783 0.391235 -0.0380373
5965 0.0840913 0.398469 -0.0409413
5966 0.0966209 0.380806 -0.0398613
5967 0.0727298 0.41818 -0.0293935
5968 0.0957453 0.364856 -0.0340674
5969 0.102968 0.385142 -0.0300538
5970 0.0908143 0.396261 -0.0289107
5971 0.110247 0.371912 -0.024777
5972 0.103312 0.385679 -0.0211288
5973 0.0832521 0.404395 -0.0195256
5974 0.0916386 0.385761 -0.0140637
5975 0.102166 0.379096 -0.0130764
5976 0.108549 0.367708 -0.0113052
5977 0.104986 0.379734 -0.00375576
5978 0.0759411 0.367105 -0.0163274
5979 0.0682828 0.387437 -0.0134399
5980 0.14796 0.303666 -0.0248357
5981 0.159028 0.287001 -0.0219542
5982 0.174208 0.283471 -0.0164138
5983 0.133678 0.317644 -0.00582237
5984 0.157183 0.300364 -0.0048429
5985 0.177608 0.292781 0.00598045
5986 0.143429 0.313857 0.000282844
5987 0.152444 0.326891 -0.00111278
5988 0.150822 0.335974 0.00472778
5989 0.153592 0.307783 0.0108014
5990 0.159017 0.321915 0.00978722
5991 0.17148 0.305163 0.0177251
5992 0.152202 0.328844 0.0196821
5993 0.142155 0.28602 0.0085033
5994 0.140218 0.346314 0.0480091
5995 0.130002 0.353737 0.052582
5996 0.133922 0.354844 0.0418569
5997 0.124725 0.347803 0.00322136
5998 0.118283 0.361396 0.00501519
5999 0.145134 0.335539 0.0134367
6000 0.142002 0.343875 0.0148937
6001 0.122348 0.359527 0.0174231
6002 0.111287 0.362162 0.0202983
6003 0.120062 0.359467 0.0355744
6004 0.0994085 0.32303 0.0125964
6005 0.125748 0.315849 0.0238479
6006 0.11872 0.331811 0.0394396
6007 0.0945958 0.337876 0.0311985
6008 0.117316 0.338684 0.0172048
6009 0.0918905 0.354854 -0.0357996
6010 0.105813 0.339491 -0.0284474
6011 0.108212 0.361631 -0.0330489
6012 0.133037 0.338335 -0.0167751
6013 0.118917 0.331023 -0.0175325
6014 0.119592 0.364701 -0.0205036
6015 0.133775 0.349713 -0.00768307
6016 0.138593 0.33094 -0.00551514
6017 0.119638 0.358131 -0.0055075
6018 0.136116 0.33892 0.001318
6019 0.0801645 0.325862 -0.0168102
6020 0.11588 0.311681 0.00554082
6021 0.101524 0.345582 -0.00326204
6022 0.0664035 0.301 -0.0881166
6023 0.0665873 0.267996 -0.0915726
6024 0.0766179 0.279924 -0.0765351
6025 0.0765445 0.303412 -0.0790523
6026 0.102344 0.333691 -0.0758868
6027 0.0740619 0.266728 -0.0765623
6028 0.0796959 0.297442 -0.0716364
6029 0.0992122 0.338735 -0.0635805
6030 0.0230686 0.302467 -0.0728157
6031 -0.00571119 0.313267 -0.0466722
6032 0.065817 0.325013 -0.0499444
6033 0.0222148 0.279292 -0.0466574
6034 0.0461589 0.300788 -0.0525856
6035 0.0483861 0.283316 -0.0795258
6036 0.0877626 0.310653 -0.117454
6037 0.0908695 0.32787 -0.103102
6038 0.0917682 0.313103 -0.10809
6039 0.0900139 0.341221 -0.101213
6040 0.0874099 0.354779 -0.0987376
6041 0.0706476 0.306948 -0.0894443
6042 0.100623 0.305556 -0.0956284
6043 0.0807177 0.360892 -0.0899784
6044 0.0975416 0.328258 -0.0944679
6045 0.080113 0.371007 -0.0807103
6046 0.0922624 0.343451 -0.0779492
6047 0.0885926 0.358248 -0.0727454
6048 0.0784713 0.363896 -0.0679004
6049 0.0854527 0.35599 -0.0536811
6050 0.0488461 0.33964 -0.07613
6051 0.127063 0.312765 -0.0515636
6052 0.114816 0.322067 -0.0530327
6053 0.102817 0.332689 -0.0490445
6054 0.137193 0.297321 -0.0544874
6055 0.14739 0.295413 -0.0376958
6056 0.133255 0.30586 -0.0423243
6057 0.130375 0.315103 -0.0252832
6058 0.121129 0.320421 -0.0222104
6059 0.124733 0.316608 -0.0130936
6060 0.0988576 0.300118 -0.015211
6061 0.124219 0.286207 -0.0216718
6062 0.074737 0.294596 -0.0357962
6063 0.104106 0.297599 -0.0451829
6064 0.106949 0.307509 -0.0931828
6065 0.105531 0.321422 -0.081957
6066 0.121978 0.29024 -0.0807075
6067 0.114051 0.286164 -0.0792658
6068 0.123159 0.308478 -0.0694419
6069 0.111655 0.32648 -0.0635569
6070 0.112533 0.266257 -0.0632774
6071 0.137564 0.269579 -0.0703503
6072 0.102433 0.281946 -0.0658905
6073 0.13639 0.256215 -0.0683284
6074 0.133154 0.297272 -0.0658925
6075 0.148577 0.238881 -0.0526616
6076 0.0916682 0.278766 -0.0632113
6077 0.146062 0.279865 -0.0550242
6078 0.156795 0.276782 -0.0334912
6079 -0.0784356 0.381869 -0.0921279
6080 -0.0649982 0.393696 -0.0926186
6081 -0.0759762 0.381704 -0.0855817
6082 -0.0508658 0.412089 -0.0813978
6083 -0.0763556 0.388948 -0.0782405
6084 -0.0650534 0.398262 -0.0803951
6085 -0.0819399 0.378124 -0.0752437
6086 -0.0621204 0.396844 -0.070203
6087 -0.0746498 0.389616 -0.0653886
6088 -0.0454602 0.361529 -0.0777307
6089 -0.0256968 0.347623 -0.0536939
6090 -0.0605448 0.367342 -0.0539882
6091 -0.0513687 0.38109 -0.0828519
6092 -0.0443479 0.42083 -0.0597065
6093 -0.0608693 0.408656 -0.0545035
6094 -0.05414 0.433246 -0.0555753
6095 -0.0626892 0.430484 -0.048378
6096 -0.0590332 0.440277 -0.0465914
6097 -0.0632126 0.433503 -0.0379625
6098 -0.0552779 0.439321 -0.0284078
6099 -0.0632505 0.440409 -0.020295
6100 -0.0370794 0.448336 -0.0184499
6101 -0.0187284 0.380453 -0.059642
6102 -0.046211 0.375891 -0.0306108
6103 -0.0389384 0.412505 -0.0208245
6104 -0.0160589 0.405334 -0.04285
6105 -0.00745723 0.368659 -0.0360582
6106 -0.0334669 0.427013 -0.0586759
6107 -0.0290357 0.443482 -0.0528737
6108 -0.0114746 0.445246 -0.055864
6109 -0.0397357 0.449579 -0.0490816
6110 -0.000146529 0.44726 -0.050258
6111 -0.0216197 0.452916 -0.0468565
6112 -0.00327347 0.452574 -0.0433026
6113 -0.0296593 0.450239 -0.0370656
6114 -0.0481763 0.447717 -0.0329433
6115 -0.0160481 0.452494 -0.0308879
6116 -0.0406403 0.444882 -0.0258806
6117 -0.0244084 0.443113 -0.0236823
6118 -0.0152237 0.446739 -0.0237393
6119 -0.0102688 0.431553 -0.0387712
6120 0.0524945 0.40323 -0.0842897
6121 0.040144 0.406058 -0.0751397
6122 0.0502874 0.400429 -0.0718683
6123 -0.00790365 0.335643 -0.0801817
6124 0.0178203 0.378955 -0.0763719
6125 -0.0196381 0.340274 -0.110648
6126 0.0064666 0.343235 -0.052033
6127 -0.00772905 0.365215 -0.0826029
6128 0.00906818 0.339799 -0.117573
6129 0.0244345 0.326081 -0.0949671
6130 -0.013506 0.360058 -0.126779
6131 0.0170851 0.350325 -0.0808701
6132 -0.0369463 0.353175 -0.0991068
6133 -0.000831467 0.364434 -0.106181
6134 0.0149992 0.411278 -0.125831
6135 0.0340226 0.410608 -0.115787
6136 0.0171055 0.412782 -0.11329
6137 0.0145584 0.419158 -0.103358
6138 0.0414504 0.410778 -0.0949371
6139 0.0272199 0.416065 -0.0812317
6140 0.0157377 0.417396 -0.0816517
6141 0.00786047 0.42301 -0.0826493
6142 -0.00697115 0.428337 -0.0787198
6143 0.0290138 0.417546 -0.0715542
6144 0.0277536 0.417119 -0.057737
6145 0.016568 0.420466 -0.0553892
6146 -0.000456749 0.428501 -0.0581498
6147 -0.000973784 0.399808 -0.0683468
6148 0.0174696 0.38806 -0.103632
6149 -0.0334226 0.411451 -0.150342
6150 -0.0284162 0.416669 -0.138294
6151 -0.0368615 0.425586 -0.12554
6152 -0.0122954 0.418499 -0.125137
6153 -0.0242495 0.422397 -0.1172
6154 -0.0404618 0.424097 -0.103896
6155 -0.0692433 0.394422 -0.104039
6156 -0.0686827 0.407315 -0.106572
6157 -0.0519632 0.420442 -0.0987222
6158 -0.0593499 0.407657 -0.0940518
6159 -0.0268669 0.39546 -0.121104
6160 -0.0404649 0.391235 -0.0997495
6161 -0.0499595 0.403392 -0.130986
6162 0.00684836 0.417142 -0.124579
6163 -0.0120901 0.418049 -0.116735
6164 -0.00435324 0.420353 -0.114826
6165 -0.0191561 0.428953 -0.0973779
6166 -0.00260736 0.427113 -0.0949092
6167 -0.0311591 0.426779 -0.0863098
6168 -0.0407513 0.416312 -0.0818279
6169 -0.0141507 0.426918 -0.0847847
6170 -0.0213564 0.429349 -0.0602682
6171 -0.0239897 0.372667 -0.106277
6172 -0.00640118 0.396059 -0.0952189
6173 -0.0261569 0.39549 -0.0789669
6174 -0.0236606 0.406382 -0.102852
6175 -0.0020681 0.399769 -0.117262
6176 0.0956928 0.455497 -0.191923
6177 0.110315 0.464709 -0.19096
6178 0.096241 0.447494 -0.18855
6179 0.0959522 0.473552 -0.181005
6180 0.119383 0.479972 -0.191258
6181 0.127137 0.480952 -0.187996
6182 0.139626 0.492272 -0.183319
6183 0.111513 0.469435 -0.181758
6184 0.0991309 0.482862 -0.172957
6185 0.146305 0.489649 -0.176001
6186 0.126909 0.49613 -0.175537
6187 0.0990418 0.455688 -0.171487
6188 0.148697 0.492598 -0.171473
6189 0.0721103 0.407321 -0.19319
6190 0.081928 0.431712 -0.19457
6191 0.0910067 0.440145 -0.193229
6192 0.0750296 0.40272 -0.187875
6193 0.0612086 0.418555 -0.183095
6194 0.0805475 0.429277 -0.179997
6195 0.0766304 0.451065 -0.179072
6196 0.0682037 0.408329 -0.170396
6197 0.0509164 0.415236 -0.162543
6198 0.0513449 0.435001 -0.156925
6199 0.0792314 0.425986 -0.162646
6200 0.0731155 0.463916 -0.157894
6201 0.0548351 0.443801 -0.152074
6202 0.124731 0.476043 -0.16881
6203 0.103083 0.487117 -0.164251
6204 0.110912 0.489892 -0.156587
6205 0.136891 0.496673 -0.16183
6206 0.104821 0.455052 -0.160737
6207 0.144131 0.476276 -0.159313
6208 0.118394 0.449381 -0.148114
6209 0.136995 0.457967 -0.149969
6210 0.116054 0.48279 -0.146164
6211 0.13769 0.464387 -0.148135
6212 0.0825075 0.470079 -0.145274
6213 0.125926 0.472908 -0.14315
6214 0.133885 0.446887 -0.145121
6215 0.0962846 0.467199 -0.133585
6216 0.130721 0.439034 -0.138501
6217 0.0833216 0.418403 -0.150332
6218 0.0982874 0.414874 -0.139785
6219 0.122745 0.42959 -0.140308
6220 0.0616063 0.443001 -0.129274
6221 0.0752296 0.45352 -0.128325
6222 0.112229 0.404589 -0.132642
6223 0.0499883 0.424792 -0.125883
6224 0.106078 0.393549 -0.131217
6225 0.121674 0.42641 -0.133044
6226 0.109924 0.456008 -0.128013
6227 0.11015 0.424025 -0.125087
6228 0.0843622 0.435908 -0.116014
6229 0.0913035 0.40573 -0.114523
6230 0.0598909 0.421962 -0.106755
6231 0.00580596 0.371033 -0.178606
6232 0.0505615 0.364752 -0.180279
6233 0.0594307 0.359611 -0.176691
6234 0.0712601 0.389438 -0.180228
6235 0.0619618 0.350855 -0.166644
6236 0.0585857 0.376646 -0.169965
6237 0.0660323 0.372115 -0.169728
6238 0.0290169 0.375997 -0.171288
6239 0.0160862 0.383038 -0.1753
6240 0.0403337 0.374268 -0.163483
6241 0.0380875 0.388047 -0.163504
6242 0.0111884 0.389159 -0.157705
6243 0.0146835 0.353295 -0.143236
6244 -0.00980832 0.373714 -0.179237
6245 -0.00691794 0.382738 -0.177926
6246 -0.02819 0.387781 -0.175056
6247 -0.0132198 0.395223 -0.155828
6248 -0.00338888 0.391144 -0.156521
6249 -0.0232923 0.395301 -0.153496
6250 0.0289975 0.390671 -0.147507
6251 0.0174176 0.392759 -0.151253
6252 0.0058118 0.402027 -0.153489
6253 -0.012365 0.411407 -0.13994
6254 0.00628245 0.410861 -0.13899
6255 0.0336448 0.402017 -0.14176
6256 0.0313416 0.407425 -0.13136
6257 0.00254053 0.380689 -0.124305
6258 -0.0152959 0.365076 -0.151318
6259 0.0720768 0.386325 -0.142432
6260 0.0831537 0.348838 -0.127661
6261 0.0779596 0.373967 -0.114344
6262 0.0808421 0.355831 -0.116908
6263 0.0946679 0.386919 -0.120223
6264 0.0448067 0.415135 -0.108673
6265 0.0742257 0.387324 -0.10277
6266 0.0689358 0.403893 -0.102602
6267 0.071881 0.380297 -0.0964181
6268 0.0530024 0.411151 -0.0960327
6269 0.0650027 0.385675 -0.0863745
6270 0.0248305 0.362455 -0.106589
6271 0.0499047 0.341503 -0.107981
6272 0.0463054 0.385186 -0.109625
6273 0.0726514 0.396163 -0.17788
6274 0.0518079 0.393289 -0.164332
6275 0.06993 0.377102 -0.166175
6276 0.0648592 0.3858 -0.154885
6277 0.0721589 0.359262 -0.160089
6278 0.0670227 0.348729 -0.153983
6279 0.0429146 0.392568 -0.157696
6280 0.0650226 0.389149 -0.148392
6281 0.073472 0.366467 -0.151271
6282 0.0457754 0.407297 -0.145944
6283 0.0807576 0.370894 -0.140165
6284 0.0416169 0.407759 -0.137243
6285 0.078688 0.345 -0.136384
6286 0.0789315 0.363846 -0.137919
6287 0.046363 0.361974 -0.1336
