21903
0 4122 3273 3364 3428
1 3870 3875 3906 3881
2 4015 4000 4014 4005
3 3732 3739 3736 3503
4 3663 3717 3664 3671
5 3994 4005 4015 4018
6 5685 5656 5675 5641
7 4303 4012 4144 4017
8 4660 4687 4677 117
9 5350 5364 5338 5365
10 5135 5222 5180 5192
11 3422 3419 3362 3425
12 11 3667 3659 3669
13 1306 1275 1274 1283
14 127 132 128 109
15 4240 4241 4244 4245
16 3522 3182 3257 3271
17 3994 4103 4005 4018
18 3593 3595 3591 3596
19 3242 3211 3239 3227
20 3736 3739 3735 3489
21 4443 4434 4432 4365
22 4014 4000 4015 4016
23 776 636 778 779
24 4542 4545 3557 3569
25 3812 3819 3813 6060
26 3362 3364 3273 3428
27 5180 5192 5222 5193
28 5703 5711 5833 5657
29 6270 6050 6269 6124
30 4414 4417 4413 4420
31 3595 3596 3593 3598
32 3364 3273 4122 4130
33 5710 5692 5688 5713
34 4224 4099 4218 4101
35 2031 1966 2037 1967
36 4099 4101 4224 4104
37 3362 3364 3268 3273
38 5554 5552 5549 5546
39 4659 4675 4676 4688
40 5703 5833 5711 5713
41 128 4547 127 109
42 3323 3330 4146 3336
43 5378 4272 5377 5391
44 5338 5350 5363 5364
45 5634 5671 5669 5630
46 2078 2037 2006 2010
47 4101 4229 4224 4104
48 5756 5759 5752 5766
49 3269 4001 4120 3274
50 3812 3813 3819 3782
51 1725 1726 1742 1729
52 108 681 100 109
53 3991 3992 3997 4007
54 3463 3471 3472 3475
55 1181 1366 1352 1183
56 4542 4545 3569 4548
57 2907 2910 2918 2931
58 127 4547 128 132
59 4428 4698 4695 4434
60 3513 3519 3710 3712
61 127 4677 4687 117
62 4431 4684 4428 4664
63 416 527 526 402
64 5194 5202 5222 5223
65 1854 1855 1836 1840
66 4015 4000 3999 4016
67 3772 3773 3771 3777
68 2055 2063 2054 2066
69 3170 3180 3182 3183
70 4413 4414 4420 4424
71 1703 1757 1715 1716
72 4268 4270 4272 4049
73 4122 4147 4216 3365
74 5572 5531 5685 5686
75 4413 4414 4415 4417
76 4413 4449 4448 4452
77 3950 3965 3947 4007
78 5180 5097 5135 5192
79 3255 4128 3259 4131
80 3255 3259 3266 4131
81 52 68 344 40
82 51 39 78 66
83 3914 3806 3803 3807
84 1216 1225 1268 1269
85 3522 3182 3271 3350
86 4659 4676 4675 4679
87 426 430 395 402
88 117 778 636 779
89 4660 778 117 779
90 5327 5407 5334 5335
91 1162 1171 1167 1172
92 3362 3268 3271 3273
93 1736 1742 1734 1729
94 1287 1297 1312 1324
95 128 150 3558 4539
96 1216 1224 1225 1269
97 3910 3920 3715 3724
98 3663 3668 3717 3671
99 1860 1898 1861 1869
100 5155 5136 5178 5166
101 4428 4684 4431 4435
102 4418 4660 4420 4422
103 2083 2075 2093 2080
104 1734 1742 1706 1729
105 3663 3591 3593 3595
106 4413 4448 4431 4421
107 4242 4245 4238 4273
108 791 1085 1017 1087
109 6269 6124 6050 5963
110 911 1159 1160 1085
111 5194 5135 5180 5097
112 4000 3248 3996 4008
113 426 430 402 431
114 3173 3170 3182 3169
115 127 108 132 109
116 6061 3780 3813 6063
117 4418 777 4660 4422
118 3999 4000 4015 4005
119 4662 4660 777 4422
120 3813 3812 6060 3782
121 6086 6101 6090 6091
122 4558 4559 3426 4564
123 3426 4564 4559 4170
124 73 4417 4414 4420
125 4413 4448 4510 4452
126 4681 4687 4685 4690
127 2124 2137 2126 2149
128 3095 3640 3099 3643
129 5842 5643 5830 5853
130 3557 4545 3567 3569
131 4413 4421 4431 4426
132 1489 1488 1486 1493
133 776 778 777 779
134 6101 6124 5960 6127
135 4218 4224 4101 4229
136 5396 5433 5399 5336
137 33 1953 1945 1941
138 5675 5685 5641 5686
139 3207 3148 3155 3213
140 1405 1393 1464 1408
141 4300 4158 4308 4311
142 3713 3714 3717 3718
143 76 78 51 39
144 3801 3806 3914 3807
145 526 402 527 528
146 3422 3424 3522 3527
147 3735 3739 3685 3489
148 3391 3426 3420 3427
149 3713 3711 3716 3720
150 3 11 7 3667
151 776 778 636 781
152 3663 3595 3593 3598
153 4413 4417 4421 4426
154 4675 4688 4659 4701
155 4430 4432 4434 4365
156 114 116 112 120
157 5642 5643 5641 5644
158 3269 4120 3272 3274
159 5923 6147 5960 6104
160 5960 5923 6145 6147
161 4432 4434 4443 4439
162 3522 3349 3422 3461
163 1742 1728 1725 1729
164 2637 2630 2636 2620
165 4428 4434 4695 4435
166 4681 129 4685 4687
167 74 78 39 66
168 1203 1211 1311 1212
169 4660 777 4418 4420
170 543 1256 539 446
171 1200 1311 1203 1211
172 3422 3527 3522 3461
173 4014 6031 4016 4018
174 3422 3349 3522 3424
175 1083 1171 1085 1086
176 3713 3710 3711 3720
177 4146 3978 3336 3274
178 1181 1366 1183 1184
179 3802 3777 4430 4020
180 33 52 1945 1953
181 3799 3914 3803 3807
182 3362 3271 3268 3378
183 5155 5136 5127 5178
184 4 11 3 3667
185 3997 3947 3965 4007
186 3903 3140 3141 3100
187 3870 3906 3865 3881
188 1171 1086 1002 1172
189 3994 4002 4060 4103
190 5337 5342 5343 5347
191 3522 3447 3526 3169
192 108 680 100 681
193 3663 3664 3670 3671
194 3713 3711 3710 3519
195 4695 4684 4682 4701
196 3994 4015 4103 4018
197 111 594 372 611
198 4438 4705 4434 4440
199 3391 3427 3420 3571
200 3910 3917 3920 3724
201 419 430 407 418
202 522 527 493 500
203 2134 2106 1994 2119
204 3718 3720 3523 3614
205 609 665 589 598
206 1801 1800 1806 1813
207 5135 5097 5194 5085
208 1724 1742 1726 1729
209 4124 4126 4121 4128
210 3996 3998 4002 4008
211 3910 3913 3715 3920
212 3773 3777 3772 6033
213 6093 6102 6101 6104
214 5338 5363 5352 5364
215 3802 4015 4430 4004
216 4558 3426 3391 3427
217 5165 5178 5136 5166
218 1174 1173 1312 1182
219 4695 4698 4428 4699
220 4559 4558 3426 4563
221 1174 1173 1304 1312
222 5730 5734 5731 5735
223 5357 5338 5364 5365
224 3414 3363 3418 4188
225 3362 3422 3349 3419
226 1801 1806 1802 1813
227 1575 1646 1643 1633
228 3716 3711 3710 3720
229 6144 6124 5960 6147
230 609 624 665 598
231 6270 6124 6269 6272
232 5765 5744 5834 5839
233 4384 4649 4096 4119
234 1083 1162 1085 1171
235 112 179 115 133
236 3947 3992 3950 4007
237 3517 3442 3443 3447
238 2449 2448 2810 2456
239 51 68 52 40
240 3222 3153 3220 3226
241 1589 1599 1603 1590
242 1737 1742 1739 1604
243 3523 3720 3519 3614
244 3255 4126 4124 4128
245 5842 5642 5830 5643
246 3738 3716 3710 3725
247 1322 1297 1338 1324
248 108 114 132 120
249 1216 1268 1225 1240
250 5194 5222 5135 5223
251 639 779 636 780
252 74 78 76 39
253 2045 2340 2039 2051
254 2825 2456 2470 2834
255 4238 4242 4241 4245
256 604 609 607 610
257 6101 5960 6126 6127
258 3994 4060 4005 4103
259 5685 5531 5663 5686
260 1405 1563 1519 1464
261 1024 1026 1027 1030
262 6093 6101 6086 6173
263 4121 3259 4128 4131
264 314 312 320 333
265 2456 2471 2470 2903
266 3799 3803 3806 3807
267 3663 3664 3717 3598
268 3362 3349 3424 3350
269 5155 5178 5165 5166
270 5861 5862 5866 5853
271 5352 5357 5338 5364
272 6101 6086 6173 6091
273 4558 3427 3391 3571
274 3140 3903 3097 3100
275 1593 1603 1741 1575
276 526 527 416 569
277 4220 4244 4242 4231
278 2031 1957 1966 1967
279 1839 1836 1855 1840
280 5744 5783 5765 5834
281 372 611 594 612
282 4060 4103 4002 4062
283 4654 4633 4661 4355
284 5710 6258 5692 5713
285 3716 3699 3685 3712
286 2092 2072 2077 2079
287 24 344 68 40
288 4120 4001 3269 4128
289 5920 5911 5922 6119
290 589 595 609 598
291 126 4416 4685 3597
292 1563 1506 1548 1549
293 4221 4272 4270 4049
294 1885 1862 1883 1869
295 3801 3917 3914 3806
296 5136 4913 5127 5178
297 3574 3575 3654 3586
298 4696 4258 4244 4246
299 4654 4354 4633 4355
300 3713 3717 3714 3720
301 3891 4415 4414 4417
302 416 527 402 431
303 1306 1307 1310 1312
304 1945 1953 1952 1941
305 4095 4099 4224 4104
306 1201 1211 1174 1312
307 3914 3917 3801 3807
308 4684 4699 4695 4435
309 4166 4200 4202 4189
310 108 132 131 120
311 6116 6117 6107 6113
312 5875 5866 5880 5881
313 4001 3990 3978 3991
314 2825 2456 2834 2820
315 4224 4099 4095 4062
316 4221 4219 4228 4229
317 458 472 430 488
318 4681 4685 129 4416
319 4165 4564 3426 4170
320 4540 4543 4561 4546
321 113 115 112 179
322 1994 2106 2134 2023
323 2677 2674 2678 2526
324 1801 1802 1927 1813
325 5357 5350 5338 5365
326 3749 3739 3738 3741
327 3245 5947 5946 5948
328 5357 5364 5356 5365
329 3240 3775 5946 3804
330 3813 6060 6062 3782
331 3738 3914 3917 3806
332 492 497 774 500
333 4698 4434 4428 4367
334 3269 3272 4120 4128
335 980 1011 986 1003
336 5521 5517 5514 5518
337 4558 4559 4564 4566
338 4769 4771 4774 4763
339 4300 4308 4168 4312
340 5015 5016 5027 5098
341 6144 6145 5960 5923
342 3239 3211 3241 3195
343 4699 4701 4695 4706
344 4430 3777 4432 4365
345 4223 4228 4219 4229
346 9 11 3893 12
347 6270 6050 6124 6131
348 1593 1594 1603 1575
349 4558 4545 4543 4548
350 10 11 9 12
351 4014 6031 5829 6089
352 736 712 738 752
353 314 320 113 333
354 3713 3714 3718 3720
355 3362 3271 3378 3350
356 2126 2134 2149 1728
357 3522 3424 3349 3350
358 3815 3863 3900 3904
359 126 129 4685 4416
360 3711 3699 3716 3712
361 4558 3569 4545 4548
362 3566 3565 3595 3573
363 127 4547 4544 109
364 3175 3182 3180 3183
365 4428 4699 4684 4435
366 994 989 1002 1057
367 5641 5642 5633 5643
368 4433 4705 4438 4440
369 4014 6089 5829 5836
370 3523 3720 3718 3530
371 3710 3716 3738 3685
372 1437 1440 1445 1450
373 3362 3349 3422 3424
374 550 552 557 571
375 4158 4130 4125 4132
376 4660 117 4677 779
377 3663 3591 3594 3597
378 5880 5866 5864 5881
379 1171 1157 1167 1172
380 4467 3838 3880 4468
381 4002 4103 3994 4062
382 1237 1240 446 1241
383 3947 3997 3992 4007
384 3659 11 4 3667
385 4165 3425 3418 3426
386 3749 3814 3751 3823
387 6124 6126 5960 6127
388 5633 5641 5643 5644
389 1116 1171 1129 1130
390 1839 1953 52 40
391 775 4420 777 778
392 402 527 528 513
393 4221 4100 4096 4118
394 4218 4101 4226 4229
395 3715 3913 3910 3668
396 4308 4312 4310 4315
397 4660 777 4420 778
398 4418 777 775 4420
399 508 500 499 513
400 3812 3800 3819 3810
401 791 1017 1085 807
402 4124 3273 4122 3428
403 1704 1757 1703 1716
404 4647 4648 4096 4650
405 4014 4000 4016 4019
406 4553 4545 4561 4563
407 5377 5388 5378 5391
408 776 636 779 780
409 4467 3866 4479 4450
410 3268 3364 3362 3378
411 3158 3170 3162 3168
412 1736 1735 1734 1742
413 3105 3039 2988 3114
414 3911 3915 3913 4436
415 6145 6144 5960 6147
416 9 3893 11 3669
417 1563 1506 1405 1548
418 3363 3364 3362 3428
419 3738 3739 3749 3806
420 1352 1366 1337 1183
421 6208 6225 6216 6213
422 2533 2540 2529 2499
423 5823 5824 6243 5799
424 4219 4243 4222 4246
425 3815 3900 3863 3850
426 1322 1323 1182 1324
427 609 595 624 598
428 4682 4684 4695 4689
429 3175 3182 3183 3155
430 4222 4243 4219 4230
431 3913 3915 3911 3918
432 2749 2861 2849 2750
433 3241 3239 3242 3211
434 764 776 761 768
435 3711 3519 3713 3613
436 7 3667 11 3599
437 3812 6062 6060 3782
438 1736 1734 1706 1729
439 1405 1464 1519 1408
440 3495 3502 3503 3489
441 5663 5531 5528 5686
442 3996 4001 3998 4008
443 1306 1274 1311 1283
444 767 752 750 753
445 1589 1603 1575 1590
446 4127 4438 4433 4705
447 320 333 372 123
448 5327 5407 5326 5334
449 3240 5946 3775 4016
450 5875 5880 5873 5881
451 114 132 112 133
452 5180 5135 5194 5222
453 1994 2106 2105 2119
454 5621 5619 5627 5615
455 1136 1466 1467 1477
456 3255 3259 3260 3266
457 4677 117 636 779
458 111 320 372 123
459 3995 4001 3269 3274
460 3903 3141 3099 3100
461 4413 4417 4415 4421
462 4431 4448 4413 4449
463 3998 4003 4002 4008
464 0 11 10 26
465 4122 3273 4124 4130
466 3715 4691 4683 4692
467 5675 5685 5572 5656
468 3626 3570 3566 3573
469 3663 3717 3715 3594
470 4694 4696 4675 4701
471 4096 4649 4384 4651
472 4096 4223 4221 4118
473 3220 3215 3222 3226
474 5842 5642 5841 5855
475 5960 5962 5923 5951
476 51 66 78 82
477 1456 1445 1457 1464
478 5621 5627 5629 5615
479 4430 4438 4434 4440
480 4186 3412 3416 4162
481 5319 5320 5378 5321
482 5831 5833 5828 5840
483 4433 3421 4689 3808
484 6171 6088 6127 6173
485 426 430 432 433
486 3865 3866 4467 4450
487 3566 3571 3565 3573
488 5127 5136 5126 4913
489 2143 1603 2138 2149
490 3268 3378 3271 3350
491 6177 6178 6176 6191
492 3815 3823 3904 3754
493 5944 6050 6030 6126
494 3799 3806 3822 3807
495 4120 3273 4125 4128
496 3996 4002 3998 3993
497 5842 5853 5830 5855
498 636 778 117 781
499 108 116 114 120
500 3663 3717 3594 3595
501 4542 3569 3594 4690
502 3569 4562 3565 3722
503 2481 2484 2477 2471
504 3913 3915 4441 4436
505 4430 4015 3802 4020
506 4659 4678 4675 4701
507 2384 2386 2382 2513
508 52 1952 1945 1953
509 4542 4546 4545 4548
510 5820 5824 5823 5799
511 3414 3359 3360 3416
512 5637 5643 5842 5853
513 3591 3663 3594 3595
514 2540 2471 2456 2903
515 4005 4103 4032 4018
516 1736 1735 1742 1729
517 112 132 131 133
518 5633 5630 5641 5644
519 3663 3593 3591 3597
520 6243 5823 5819 5824
521 3170 3182 3168 3183
522 5842 5830 5642 5855
523 5007 5027 5016 5098
524 6122 5955 5909 6124
525 3663 3664 3598 3670
526 4300 4168 4200 4312
527 3418 3426 3425 3431
528 3812 3819 3800 3782
529 4675 4696 4694 4680
530 1670 1668 1688 1689
531 3447 3169 3522 3351
532 3713 3717 3720 3724
533 319 180 116 120
534 4431 4686 4684 4664
535 5205 5194 5202 5222
536 3719 4689 3421 3808
537 3812 3804 3245 5948
538 6022 6030 6050 5882
539 3994 4015 4099 4103
540 4145 4141 4146 3978
541 3710 3524 3739 3685
542 5830 5824 5833 5840
543 3419 3425 3418 3428
544 4431 4449 4413 4422
545 1229 1228 1230 1241
546 5306 5364 5354 5308
547 4000 3991 3997 4007
548 3663 3670 3665 3671
549 4659 4699 4678 4701
550 3812 3819 3817 3810
551 3910 3917 3918 3920
552 3523 3521 3519 3720
553 3239 3195 3241 5937
554 3255 3723 4126 4131
555 5222 5192 5135 5138
556 3592 3717 3664 3598
557 5782 5692 6258 5713
558 421 419 427 430
559 4308 4311 4158 4313
560 3240 3999 4000 4016
561 2046 2078 2047 2037
562 74 115 179 133
563 1352 1366 1181 1240
564 1801 1927 1800 1813
565 5352 5351 5364 5308
566 4660 777 778 779
567 3464 3613 3475 3476
568 5729 5833 5703 5713
569 1668 1689 1667 1674
570 776 593 636 780
571 4166 4200 4201 4202
572 1322 1182 1183 1198
573 165 3558 128 152
574 116 180 112 120
575 4096 4100 4221 4229
576 3659 3667 3665 3669
577 1224 1464 1212 1269
578 3565 3569 3427 4562
579 315 316 314 180
580 6171 6088 6173 6091
581 4695 4434 4705 4440
582 1170 1171 1116 1130
583 2126 2149 1603 1728
584 3817 3820 3245 3265
585 4015 4016 6031 4018
586 1561 1506 1501 1507
587 764 780 776 768
588 5744 5766 5765 5783
589 4308 4158 4125 4313
590 671 100 681 109
591 4542 4549 3594 3573
592 3870 3865 3880 3881
593 4542 3594 3569 3573
594 5377 5378 5373 4272
595 3259 4128 3255 3260
596 5320 4272 5378 5321
597 3229 3239 3228 3211
598 5675 5572 5685 5686
599 1113 1109 1112 1488
600 74 115 113 179
601 4428 4695 4699 4435
602 3441 3169 3447 3351
603 3522 3271 3257 3263
604 4165 3418 3425 3428
605 4384 4649 4647 4651
606 1217 1216 1224 1225
607 3710 3716 3685 3712
608 3414 3360 3363 4188
609 589 591 609 595
610 1563 1548 1519 1549
611 6269 6271 6270 6272
612 4429 4683 4692 3722
613 4429 4431 4684 4435
614 4125 3273 4120 4130
615 4441 3915 3913 3916
616 5916 5922 5911 5923
617 3685 3699 3694 3712
618 751 79 75 95
619 5953 6124 6269 5963
620 552 549 550 557
621 791 794 1017 807
622 4216 4188 4122 3365
623 113 179 360 27
624 1558 1563 1560 1507
625 5828 5832 5831 5840
626 77 4420 4414 4424
627 3427 3565 4562 3722
628 5833 5840 5831 5855
629 4647 4649 4648 4650
630 4429 4692 3715 3722
631 3592 3596 3595 3598
632 3567 3566 3570 3573
633 1741 1603 1593 1604
634 9 11 3659 3669
635 51 78 76 82
636 4432 4447 4443 4410
637 3255 3266 3798 4131
638 2199 2193 2203 2219
639 4308 4300 4311 4312
640 4676 4688 4675 4551
641 3710 3519 3711 3712
642 4419 4431 4436 4421
643 791 1017 1010 1087
644 4308 4310 4225 4315
645 150 128 3558 152
646 3903 3099 3097 3100
647 3170 3168 3176 3183
648 2031 1967 2037 2038
649 2257 2329 2307 2261
650 5766 5767 5755 5839
651 1563 1405 1519 1548
652 4558 3567 3569 3571
653 5651 5641 5656 5642
654 3511 3490 3489 3528
655 114 112 116 121
656 4146 3274 3336 3321
657 4467 3865 4479 3866
658 5681 5675 5656 5641
659 3519 3613 3711 3712
660 3148 3207 3504 3213
661 508 527 500 513
662 1322 1183 1197 1198
663 1322 1338 1323 1324
664 4654 4661 4662 4355
665 51 24 68 40
666 4430 4433 4438 4440
667 5944 3775 6031 6033
668 150 3558 165 152
669 914 912 918 933
670 3995 3996 4000 3248
671 2105 2106 1994 2023
672 3715 3594 4683 4691
673 3902 3099 3640 3643
674 1000 996 998 1002
675 4446 4436 4431 4421
676 6269 6050 6270 6271
677 664 665 666 668
678 3442 3440 3445 3447
679 5651 5642 5656 5657
680 128 3558 3557 4539
681 2073 2078 2008 2079
682 3714 3720 3717 3724
683 3996 3991 4000 4007
684 1881 1883 1882 1884
685 4096 4647 4649 4651
686 111 372 305 611
687 555 554 547 544
688 724 738 712 781
689 426 430 431 432
690 3566 3595 3626 3573
691 3363 4188 3360 3365
692 3226 3183 3171 3227
693 4659 4688 4687 4693
694 3240 3248 3244 3250
695 4647 4096 4649 4650
696 1203 1206 1211 1212
697 5960 6104 6147 6105
698 427 428 421 430
699 1868 1883 1862 1869
700 3095 3099 3640 3740
701 4684 4659 4688 4701
702 543 567 544 569
703 6092 6101 6093 6173
704 4221 4223 4096 4229
705 2257 2289 2329 2261
706 6159 6258 6257 6130
707 755 767 4332 4342
708 5407 5433 5408 5420
709 4221 4228 4223 4229
710 3749 3738 3803 3741
711 3336 3274 3978 3307
712 4096 4703 4648 4651
713 4660 4686 4422 4665
714 3812 5947 3804 5948
715 3502 3489 3495 3490
716 2484 2456 2477 2471
717 4695 4689 4684 4435
718 4429 4684 4431 4692
719 2046 2006 2078 2037
720 520 574 576 585
721 3901 3916 3915 3919
722 775 79 751 95
723 427 395 428 430
724 3995 3996 3248 4008
725 4158 4125 3998 4132
726 3495 3486 3504 3490
727 3362 3424 3422 3425
728 2107 1980 2113 2119
729 5909 5923 5960 5962
730 1456 1563 1450 1465
731 3799 3800 3819 3776
732 3804 5947 3245 5948
733 671 100 680 681
734 3546 3567 4545 3572
735 3910 3918 3913 3920
736 1440 1445 1450 1465
737 4647 4648 4703 4651
738 3772 3777 3775 6033
739 5953 5955 6122 6124
740 1322 1197 1211 1198
741 3998 4001 3996 3990
742 5945 5944 5946 4016
743 4121 4123 4127 4131
744 905 918 912 933
745 3240 5946 3245 3804
746 5399 5433 5407 5336
747 2533 2861 2540 2750
748 4234 5438 5444 4243
749 5352 5364 5363 5308
750 3995 3269 3246 3274
751 4695 4701 4697 4706
752 5833 5713 5729 5741
753 665 666 624 625
754 5633 5643 5630 5644
755 2410 2409 2360 2415
756 3994 3999 4015 4005
757 401 417 1336 403
758 5222 5192 5149 5193
759 3995 4001 3996 4008
760 4662 4422 777 4340
761 3738 3710 3524 3725
762 4430 4433 4127 4438
763 608 607 609 611
764 751 712 738 781
765 724 751 738 781
766 3332 3337 3168 3322
767 5955 5960 5909 6124
768 2365 2386 2366 2513
769 4216 4188 4181 4189
770 4015 4018 6031 4021
771 3771 3772 3777 3782
772 3817 3804 3812 3810
773 5221 5110 5222 5223
774 5960 6101 6126 6105
775 4014 4016 4015 4018
776 4542 4690 3594 4549
777 4414 77 73 4420
778 3173 3162 3170 3169
779 1338 1325 1367 1339
780 387 725 377 374
781 4559 4561 4558 4563
782 4430 4004 4015 4020
783 980 989 986 1086
784 5155 5160 5127 5136
785 3362 3424 3271 3350
786 3718 3427 3420 3430
787 4558 3569 3427 3571
788 5369 5319 5320 5378
789 6030 6126 6050 6131
790 3420 3427 3718 3434
791 5944 5945 6031 4016
792 2771 2772 2753 2749
793 5710 5712 6258 5713
794 6046 6039 6041 6050
795 5923 6104 5960 6105
796 3738 3524 3710 3685
797 5517 5529 5513 5518
798 4068 4092 4076 4077
799 458 430 418 488
800 431 432 430 433
801 1984 1994 1996 1981
802 3739 3524 3710 3489
803 1882 1883 1781 1884
804 3362 3363 3419 3379
805 4013 3777 3802 4020
806 921 905 912 933
807 3363 3419 3418 3428
808 3777 4365 4430 4020
809 3713 3519 3720 3614
810 4244 4245 4242 4231
811 508 499 490 513
812 3717 3718 3714 3727
813 3103 3104 3114 3101
814 1997 2008 2078 2010
815 128 132 108 109
816 543 544 584 569
817 2481 2477 2473 2471
818 1588 1643 1575 1646
819 4308 4158 4300 4216
820 3802 3999 4015 4004
821 5149 5192 5222 5138
822 2825 2484 2470 2456
823 590 499 527 570
824 4432 4430 4434 4440
825 3891 4415 4417 4421
826 4200 4168 4242 4312
827 5202 5205 5203 5194
828 3239 3211 3233 3227
829 11 3667 3669 3597
830 3900 3815 3904 3754
831 4388 4097 4098 4362
832 4032 4005 4060 4103
833 4388 4394 4380 4098
834 4695 4682 4697 4701
835 3522 3424 3271 3263
836 5319 5318 5320 5321
837 4660 4422 4662 4665
838 4545 4546 4543 4548
839 4441 4447 4444 4451
840 3996 3990 4001 3991
841 4659 4661 4678 4699
842 5873 5880 5879 5881
843 5944 6031 3775 4016
844 4165 4167 4560 4170
845 4122 3364 3363 3428
846 2825 2484 2456 2820
847 4060 4033 4103 4062
848 3950 3938 3965 3951
849 1322 1211 1182 1198
850 3362 3419 3349 3379
851 4913 5136 5192 5178
852 5879 5880 5864 5881
853 6250 6257 6270 6148
854 2423 2360 2409 2386
855 4308 4310 4312 4313
856 3228 3211 3239 3195
857 4226 4648 4096 4703
858 5514 5512 5521 5518
859 3419 3418 3425 3431
860 1152 998 1016 1002
861 1741 1742 1735 1729
862 4694 4696 4700 4707
863 3800 3812 3804 3810
864 5765 5766 5744 5839
865 4167 4169 4560 4170
866 1456 1445 1464 1465
867 113 333 320 123
868 3240 4016 3775 3804
869 11 12 10 26
870 1715 1688 1811 1758
871 702 712 705 725
872 1056 1130 1057 1073
873 4013 6031 4015 4016
874 4220 4242 4201 4168
875 6022 6050 6030 6034
876 4219 4226 4223 4229
877 3084 3900 3850 3853
878 3207 3212 3504 3213
879 4429 4419 4431 4436
880 344 347 68 390
881 4447 3777 4432 3779
882 1935 33 1945 1941
883 4129 4313 4125 4133
884 4682 4695 4697 4704
885 3304 3336 3978 3307
886 3246 3274 3269 3278
887 4432 4436 3911 3808
888 1950 1925 1812 1884
889 1853 1839 1836 1855
890 637 666 665 668
891 5737 5833 5729 5741
892 3771 3777 4447 3779
893 3594 3569 4683 4690
894 4684 4689 4429 4435
895 593 639 636 780
896 4694 4700 4696 4701
897 3996 3998 3990 3993
898 3667 134 11 3599
899 737 735 736 738
900 548 549 552 557
901 4242 4244 4220 4259
902 3522 3257 3182 3169
903 5833 5824 5828 5840
904 3523 3521 3720 3530
905 5444 4243 5438 5447
906 5514 5517 5513 5518
907 4226 4703 4096 4651
908 327 611 372 612
909 2104 2134 2106 2023
910 4219 4221 4270 4229
911 1641 1640 1644 1646
912 3495 3503 3502 3504
913 3424 3525 3255 3263
914 3594 3595 3717 3727
915 1419 1415 1042 1418
916 1997 2078 2006 2010
917 305 372 111 320
918 3255 3424 3423 3525
919 3420 3718 3430 3434
920 5165 5192 5136 5178
921 5830 5840 5833 5855
922 3775 5946 5944 4016
923 3813 3815 3818 3821
924 591 610 609 595
925 4312 4313 4310 4315
926 5454 5446 5447 5462
927 4659 4676 4687 4688
928 5407 5335 5327 5336
929 3995 3248 4001 4008
930 734 750 732 697
931 3550 3557 3567 3559
932 589 665 637 598
933 5702 5711 5701 5712
934 3079 3085 3044 3071
935 636 117 4677 679
936 4032 4034 3951 4035
937 773 779 639 780
938 3443 3442 3445 3447
939 3910 3715 3668 3724
940 4158 4216 4122 4147
941 4014 6031 5945 4016
942 1594 1589 1599 1603
943 416 543 567 487
944 4685 3594 3591 3597
945 2446 2448 2449 2456
946 4510 4448 4442 4452
947 1479 1477 1142 1129
948 4226 4101 4218 4651
949 3715 3920 3714 3724
950 3557 3569 3567 3573
951 542 541 535 544
952 4684 4688 4683 4689
953 1405 1519 1548 1408
954 996 1016 998 1002
955 4060 4032 3950 4005
956 4243 4228 4219 4230
957 1181 1240 1366 1184
958 4001 4003 3998 4008
959 2477 2456 2484 2820
960 1057 1130 1054 1073
961 5209 5083 5197 5208
962 3103 3114 3100 3101
963 3390 3418 3419 3404
964 5154 5161 5156 5165
965 4441 4446 4447 4451
966 128 150 4539 152
967 3738 3739 3524 3685
968 5953 5960 5955 6124
969 4121 4126 4123 4131
970 2528 2529 2540 2499
971 5055 5027 5007 5098
972 665 624 609 625
973 3802 4430 3777 4437
974 3511 3518 3490 3528
975 98 108 116 680
976 1984 1994 1982 1996
977 665 666 638 598
978 1862 1883 1868 1897
979 6243 5824 5828 5799
980 4218 4224 4310 4099
981 5443 5447 5460 5391
982 6123 6126 6030 6131
983 5157 5165 5155 5178
984 315 314 309 180
985 4096 4118 4100 4119
986 3154 3155 3148 3213
987 5378 5486 4272 5391
988 5517 5525 5529 5518
989 241 240 242 249
990 4664 4449 4431 4422
991 3891 4421 3916 3919
992 4685 4687 129 4547
993 4677 117 127 679
994 6143 6121 6144 6124
995 3714 3920 3917 3724
996 3775 3777 3772 3782
997 4125 3273 4124 4128
998 3244 3248 3243 3250
999 3566 3567 3571 3573
1000 381 386 387 389
1001 6 3885 3884 3893
1002 5205 5180 5194 5222
1003 4429 4431 4446 4436
1004 4647 4096 4648 4651
1005 4222 4219 4223 4230
1006 11 134 3667 3597
1007 4543 4545 4558 4561
1008 3665 3668 3663 3671
1009 1568 1575 1603 1590
1010 4434 4439 4432 4440
1011 1561 1501 1560 1507
1012 1174 1312 1211 1182
1013 3271 3424 3522 3350
1014 1333 1325 1338 1339
1015 3771 3779 3866 3783
1016 114 116 119 121
1017 724 738 751 80
1018 127 4677 4676 4687
1019 3814 3816 6006 6007
1020 2137 1603 2126 2149
1021 4540 4561 4543 4609
1022 4123 4121 4127 4129
1023 5456 5460 5452 5461
1024 4683 4429 4689 3722
1025 2849 2861 2749 2876
1026 2931 2932 2791 2933
1027 3738 3749 3803 3806
1028 5126 5127 5131 5136
1029 3994 4099 4015 4004
1030 2781 2791 2789 2805
1031 6144 5960 5909 5923
1032 3915 3866 3779 3783
1033 5354 5364 5351 5308
1034 1969 1994 1984 1981
1035 4146 4130 4158 4132
1036 126 195 166 167
1037 4570 4563 4555 4579
1038 763 761 764 776
1039 4694 4700 4697 4707
1040 2825 2470 2829 2834
1041 4310 4099 4224 4062
1042 705 702 711 712
1043 4694 4701 4699 4706
1044 1002 1172 1086 1087
1045 4698 4699 4695 4706
1046 5126 4913 5136 5137
1047 5944 6033 6031 6034
1048 3244 3245 3240 3249
1049 5765 6125 5782 6132
1050 381 387 386 65
1051 3815 3752 3900 3850
1052 3254 3245 3817 3804
1053 1594 1589 1603 1575
1054 1456 1450 1445 1465
1055 3892 3865 3906 3881
1056 3215 3226 3224 3213
1057 1128 1170 1116 1130
1058 3268 3182 3271 3275
1059 2470 2834 2456 2903
1060 3815 3818 3821 3823
1061 405 412 407 418
1062 1253 1249 1268 1256
1063 4085 4092 4098 4102
1064 344 66 345 360
1065 3798 3723 3255 4131
1066 2126 2131 2124 2149
1067 5165 5151 5149 5193
1068 2470 2903 2471 2527
1069 4014 4016 5945 4019
1070 4300 4200 4205 4301
1071 1001 1000 1002 1057
1072 3663 3592 3717 3595
1073 4683 4691 4690 4692
1074 777 4422 4418 4340
1075 2300 2294 2303 2305
1076 2112 2108 2149 2106
1077 3865 4450 4467 3919
1078 1162 1085 1171 1172
1079 4388 4098 4097 4102
1080 4662 4422 4686 4665
1081 1735 1743 1741 1729
1082 3913 3916 3915 3918
1083 1810 1812 1950 1813
1084 386 68 347 390
1085 4003 4313 4129 4133
1086 5828 5833 5831 5834
1087 4688 4701 4675 4551
1088 4428 4684 4699 4664
1089 5202 5194 5085 5223
1090 4682 4683 4688 4689
1091 4095 4270 4221 4229
1092 4428 4699 4698 4702
1093 4097 5865 4388 4102
1094 150 164 165 3558
1095 372 320 305 333
1096 3182 3268 3271 3350
1097 3330 3320 3323 4146
1098 3998 4125 4158 4313
1099 3995 3997 4000 3991
1100 732 750 738 697
1101 2762 2819 2763 2933
1102 5820 5819 5823 5824
1103 1216 1225 1217 1240
1104 5645 5681 5583 5656
1105 1085 1086 1171 1172
1106 4165 4560 4564 4170
1107 1670 1688 1682 1689
1108 1456 1437 1445 1450
1109 2849 2861 2533 2750
1110 3245 3820 3817 3804
1111 4310 4004 4003 4129
1112 3994 4099 4310 4062
1113 98 680 116 667
1114 1405 1450 1563 1465
1115 4219 4222 4223 4226
1116 4467 4462 3838 4468
1117 2762 2834 2819 2933
1118 4102 5755 5767 5839
1119 736 737 738 712
1120 3995 4000 3996 3991
1121 1001 1057 1002 1157
1122 4388 4097 4362 5865
1123 2825 2834 2828 2820
1124 4146 4158 3998 4132
1125 2518 2470 2471 2527
1126 4432 4447 3911 4436
1127 1120 1107 1115 1171
1128 4124 4126 4167 4129
1129 11 135 134 3597
1130 1217 1216 1223 1224
1131 4414 4417 73 4425
1132 4014 5829 6031 4018
1133 4124 3273 4125 4130
1134 4429 4446 4431 4435
1135 5160 5131 5127 5136
1136 623 611 608 625
1137 2540 2861 2749 2750
1138 526 1183 1182 1198
1139 3390 3418 3410 3419
1140 3524 3489 3739 3532
1141 3775 3777 3800 3804
1142 5155 5157 5159 5165
1143 1223 1224 1216 1408
1144 3803 3822 3799 3806
1145 3663 3717 3592 3598
1146 6269 6050 5952 5963
1147 4015 6031 4013 4021
1148 3253 3503 3194 3261
1149 4695 4699 4684 4701
1150 5410 5408 5433 5420
1151 4446 4431 4448 4421
1152 113 360 66 27
1153 3738 3806 3917 3725
1154 6250 6270 6257 6287
1155 2008 2050 2037 2021
1156 502 508 527 500
1157 4444 4328 4409 4412
1158 3715 3594 3717 3727
1159 624 487 471 570
1160 1519 1464 1224 1408
1161 2336 2303 2331 2345
1162 2112 2149 2134 2106
1163 5711 5657 5703 5658
1164 1781 1771 1811 1826
1165 3775 3804 3800 3782
1166 3502 3261 3257 3504
1167 5944 3775 6033 6034
1168 2760 2756 2762 2875
1169 3139 3861 3097 3140
1170 5828 5824 5832 5840
1171 3950 4032 4060 4034
1172 3995 3269 4001 3248
1173 4295 4242 4238 4273
1174 5584 5575 5586 5581
1175 4219 4270 4224 4229
1176 2548 2629 2638 2550
1177 604 624 609 610
1178 3204 3212 3207 3213
1179 1053 1054 1057 1130
1180 5350 5112 5433 5434
1181 1965 1966 1995 2021
1182 4687 4547 4685 4690
1183 2849 2537 2533 2861
1184 590 595 499 570
1185 4441 4444 4450 4451
1186 3468 3473 3619 3475
1187 3557 3558 3553 4539
1188 435 546 539 446
1189 4694 4702 4623 4703
1190 3242 3227 3294 3279
1191 527 568 590 570
1192 4624 4246 4696 4707
1193 998 1001 1000 1002
1194 3316 3364 4147 3321
1195 108 127 681 109
1196 4432 3777 4430 4437
1197 3812 3817 3820 3804
1198 6171 6173 6160 6091
1199 3495 3504 3502 3490
1200 126 132 130 133
1201 5194 5180 5205 5198
1202 3240 3802 3999 4016
1203 3594 4690 4683 4691
1204 3799 3819 3800 3810
1205 4922 4943 4933 4928
1206 6092 6093 6101 6104
1207 5583 5572 5571 5656
1208 5194 5205 5203 5198
1209 724 751 781 80
1210 4429 4683 4689 4692
1211 5486 5460 5447 5391
1212 1337 1323 402 1183
1213 3272 3269 3274 3278
1214 6125 5834 5832 5838
1215 435 446 1256 1241
1216 1203 1200 1305 1311
1217 3222 3226 3215 3213
1218 150 3553 3558 4539
1219 3228 3195 3239 5937
1220 2757 2756 2755 2762
1221 4694 4697 4700 4701
1222 6159 5699 6258 6130
1223 3305 3306 3935 3937
1224 2448 2810 2456 2820
1225 1700 1702 1660 1689
1226 567 543 416 569
1227 47 1946 48 53
1228 1366 1225 1218 1367
1229 3423 3427 3718 3430
1230 4429 4419 3715 4692
1231 3716 3711 3713 3726
1232 3521 3518 3523 3519
1233 6041 6046 6050 6032
1234 5155 5160 5136 5166
1235 4226 4101 4096 4229
1236 3267 3257 3256 3258
1237 1417 1420 1463 1465
1238 6123 6030 6129 6131
1239 113 360 314 333
1240 4242 4220 4201 4259
1241 1597 1603 1598 2066
1242 4448 4450 4415 4481
1243 127 108 114 132
1244 3901 3915 3862 3865
1245 52 1951 1945 1952
1246 1310 1312 1290 1283
1247 3913 3916 3891 4421
1248 4432 3777 4447 4410
1249 435 539 1256 446
1250 1910 1925 1950 1884
1251 4013 3775 6031 4016
1252 4116 5332 5331 4118
1253 776 712 751 781
1254 126 129 130 132
1255 763 776 764 780
1256 2131 2126 2134 2149
1257 5099 5110 5221 5223
1258 526 528 519 529
1259 3181 3171 3226 3183
1260 1322 1323 1337 1183
1261 4124 4125 4121 4129
1262 2307 2329 2257 2275
1263 4682 4688 4684 4689
1264 4388 5865 4362 4398
1265 4553 4545 4608 4561
1266 5875 5860 5866 5881
1267 4696 4700 4675 4701
1268 2469 2470 2456 2471
1269 4456 4479 4467 3838
1270 4234 4233 5438 4243
1271 402 431 527 513
1272 5960 5944 5961 5951
1273 5842 5637 5642 5643
1274 9 3662 3893 3669
1275 1268 1212 1259 1269
1276 3994 3996 4060 4002
1277 3421 4126 4433 4704
1278 3717 3668 3715 3724
1279 3710 3685 3489 3712
1280 3814 6006 6004 6007
1281 539 543 530 545
1282 3735 3685 3677 3489
1283 4695 4704 4433 4705
1284 5015 5007 5016 5098
1285 1359 1367 1325 1339
1286 5126 5136 5130 5137
1287 2078 2051 2047 2037
1288 3749 3751 3750 3823
1289 609 591 589 594
1290 3739 3503 3732 3769
1291 1486 1492 1502 1507
1292 1842 346 1839 1782
1293 3418 3404 3390 3392
1294 5675 5572 5583 5656
1295 4681 4416 129 4423
1296 2134 2149 2104 2106
1297 4001 3978 3995 3991
1298 4675 4678 4659 4679
1299 5820 5828 5824 5799
1300 4306 4300 4311 4160
1301 1453 1464 1393 1269
1302 1338 403 1323 1324
1303 1307 1311 1302 1312
1304 589 665 609 596
1305 5153 5165 5157 5178
1306 3710 3711 3716 3712
1307 4 9 3 11
1308 3521 3525 3424 3263
1309 5829 6089 6031 5836
1310 2471 2903 2540 2527
1311 3543 3541 3544 3536
1312 4675 4694 4678 4680
1313 3784 3773 3795 3797
1314 5922 5916 5911 5919
1315 2791 2834 2819 2805
1316 3114 3101 3104 3045
1317 3716 3720 3710 3725
1318 5819 6128 6243 5824
1319 3668 3724 3717 3671
1320 4661 4659 4663 4664
1321 4092 4071 4076 4033
1322 1306 1311 1307 1312
1323 2084 2086 2082 2093
1324 5765 5782 5768 6132
1325 4681 4690 4691 4692
1326 1456 1464 1563 1465
1327 3421 3423 3429 3432
1328 4388 4380 4362 4385
1329 3813 3821 3818 3823
1330 4542 3569 3557 3573
1331 3901 3916 3919 3906
1332 1778 1766 1772 1785
1333 3813 6062 3772 3782
1334 3995 3246 3269 3248
1335 3814 6005 6004 6006
1336 3812 5947 6062 3782
1337 4674 4675 4679 4680
1338 3863 3904 3815 3821
1339 5585 5580 5582 5572
1340 4097 4099 4015 4103
1341 3567 4545 4558 3569
1342 4013 3802 4015 4020
1343 5862 5866 5865 4398
1344 590 500 639 780
1345 1842 1853 1839 361
1346 3911 4447 3915 4436
1347 114 119 108 683
1348 4151 4216 4147 3365
1349 3240 3249 3245 3250
1350 3413 3418 3414 3363
1351 3146 3147 3161 3169
1352 4060 4061 4033 4062
1353 1885 1862 1887 1883
1354 3244 3246 3243 3248
1355 3523 3519 3518 3476
1356 3800 3777 3775 3782
1357 3893 81 11 4425
1358 4443 4447 4444 4410
1359 608 611 609 625
1360 1479 1142 1119 1129
1361 4695 4689 4433 4704
1362 2257 2275 2329 2289
1363 4127 4004 4310 4129
1364 1420 1465 1405 1394
1365 6048 6045 6043 6050
1366 5864 5880 6030 5868
1367 590 499 595 600
1368 1338 1325 1283 1367
1369 4165 3425 3426 3432
1370 4682 4689 4695 4704
1371 417 418 1352 460
1372 6092 6101 6173 6104
1373 2744 2749 2849 2750
1374 3802 3259 3999 4004
1375 4436 3808 4432 4439
1376 3257 3261 3193 3504
1377 4013 3802 3775 4016
1378 4649 4650 4096 4119
1379 4221 4219 4270 4228
1380 1456 1457 1563 1464
1381 3713 3519 3710 3720
1382 5077 5194 5097 5085
1383 471 499 595 570
1384 112 115 113 121
1385 526 402 1323 1183
1386 4644 4637 4647 4623
1387 6030 6031 5944 6126
1388 327 305 372 611
1389 604 610 607 557
1390 3715 3717 3663 3668
1391 3421 4433 4689 4704
1392 3391 3426 4558 4563
1393 4095 4224 4229 4104
1394 1405 1465 1393 1394
1395 775 79 4420 778
1396 487 473 472 488
1397 487 595 624 557
1398 3640 3099 3902 3740
1399 69 76 12 81
1400 1083 1086 1085 1087
1401 3326 3304 3336 3978
1402 478 487 473 557
1403 114 116 108 119
1404 371 386 387 82
1405 5830 5853 5881 5840
1406 3243 3248 3246 3251
1407 665 660 667 668
1408 4694 4678 4661 4699
1409 3715 4692 4683 3722
1410 1810 1781 1811 1826
1411 4388 4098 4380 4385
1412 1998 2073 2008 2009
1413 3241 3211 3277 3197
1414 4100 4076 4092 4077
1415 624 471 595 570
1416 3794 3774 3852 3783
1417 1601 2140 2138 2149
1418 5911 5923 5922 6119
1419 5010 5027 5014 5042
1420 5135 5085 5194 5223
1421 4388 4362 4098 4385
1422 3664 3724 3716 3671
1423 3814 3824 3816 6007
1424 4686 4664 4431 4422
1425 428 395 426 430
1426 3097 3140 3861 3903
1427 11 4425 81 83
1428 6250 6270 6272 6148
1429 3816 3825 3196 3197
1430 6060 3824 3818 6020
1431 492 774 499 500
1432 3243 3250 3248 3251
1433 4098 4362 4097 4385
1434 912 933 914 920
1435 4447 4410 3771 3781
1436 3813 3780 3776 3782
1437 1724 1706 1742 1729
1438 637 638 665 666
1439 1303 1174 1304 1312
1440 126 129 4416 135
1441 112 115 114 133
1442 3713 3718 3717 3628
1443 3749 3806 3739 3532
1444 3950 3951 4032 4034
1445 4644 4632 4637 4623
1446 1802 1928 1927 1813
1447 3815 3900 3752 3754
1448 3565 3566 3595 3628
1449 4242 4201 4200 4259
1450 3166 3350 3168 3169
1451 128 4544 4547 109
1452 637 665 589 682
1453 6123 6088 6127 6132
1454 4238 4295 4241 4242
1455 1771 1757 1715 1758
1456 1302 1305 1200 1311
1457 3494 3495 3501 3503
1458 471 595 499 600
1459 539 1256 543 545
1460 3862 3866 3774 3867
1461 392 419 399 417
1462 3240 3999 3802 3252
1463 3526 3447 3445 3169
1464 705 712 711 725
1465 3421 3427 3423 3432
1466 6030 6050 6129 6131
1467 2008 2022 2009 2023
1468 4697 4700 4560 4174
1469 3947 3976 3997 3965
1470 4220 4697 4700 4707
1471 1336 401 413 417
1472 1341 1366 1352 1240
1473 4221 4076 4272 4049
1474 4151 4188 4216 3365
1475 3771 3773 3772 3778
1476 130 132 114 133
1477 738 712 697 725
1478 3182 3168 3268 3350
1479 3138 3864 3903 3141
1480 4269 4270 4219 4228
1481 3664 3717 3592 3726
1482 3812 3820 3245 3804
1483 1405 1450 1421 1507
1484 3738 3803 3914 3806
1485 5050 5002 5049 5014
1486 4444 4410 4447 3781
1487 3550 3567 3557 4545
1488 3910 3724 3668 3671
1489 4433 4126 3421 3723
1490 4413 4415 4414 4496
1491 4124 4121 4126 4129
1492 1401 1222 1223 1408
1493 3222 3153 3226 3155
1494 3224 3211 3226 3227
1495 5643 5853 5866 5881
1496 1322 1225 1311 1184
1497 624 595 487 570
1498 3521 3423 3424 3525
1499 3515 3505 3518 3519
1500 3194 3261 3503 3212
1501 11 134 1 3599
1502 3865 3880 4467 3838
1503 4467 4479 4456 4482
1504 126 4685 129 132
1505 4659 4684 4686 4664
1506 1700 1658 1686 1689
1507 29 1953 1839 40
1508 980 986 989 1003
1509 1116 1129 1142 1130
1510 3335 3336 3331 3322
1511 2063 1597 2057 2066
1512 4432 4447 4436 4439
1513 5621 5629 5610 5615
1514 4221 4270 4269 4228
1515 3546 4545 3391 3572
1516 604 608 607 609
1517 4615 4624 4222 4246
1518 2286 2278 2280 2289
1519 4219 4228 4223 4230
1520 1290 1283 1312 1297
1521 609 610 624 595
1522 4284 4262 4265 4287
1523 4698 4367 4428 4702
1524 4533 4540 4561 4546
1525 5830 5853 5643 5881
1526 3272 3273 3268 3321
1527 5945 6031 4014 6089
1528 1492 1129 1488 1102
1529 4220 4700 4696 4707
1530 5149 5136 5192 5138
1531 3226 3211 3224 3213
1532 791 1079 1085 1087
1533 4592 4586 4696 4258
1534 5796 6240 5795 5799
1535 9 3893 5 12
1536 1715 1757 1743 1758
1537 5831 5832 5834 5838
1538 4560 4167 4165 4171
1539 1112 1488 1129 1102
1540 1181 584 543 1256
1541 5830 5642 5655 5644
1542 3732 3736 3739 3769
1543 4123 4126 4121 4129
1544 1340 1341 1366 1353
1545 3799 3800 3776 3779
1546 4694 4698 4702 4703
1547 4415 4450 4441 3919
1548 5932 5934 5929 5935
1549 3802 3777 3775 3804
1550 2973 3038 2961 2989
1551 3709 3613 3519 3712
1552 2127 2124 2131 2149
1553 1984 1969 1982 1994
1554 5866 5853 5864 5881
1555 1053 1057 1154 1130
1556 4120 3273 3272 3321
1557 508 502 527 513
1558 2257 2288 2289 2261
1559 3802 3800 3777 3804
1560 4013 4015 3802 4016
1561 1593 1741 1663 1575
1562 4560 4700 4697 4704
1563 1042 1435 1028 1043
1564 4097 4098 4092 4102
1565 430 416 458 418
1566 3240 3802 4016 3804
1567 3412 4187 3418 3392
1568 4306 4311 4300 4314
1569 3901 3915 3865 3919
1570 5863 5880 5866 5867
1571 1670 1682 1677 1689
1572 129 4687 4660 117
1573 3639 3640 3634 3643
1574 3750 3823 3815 3754
1575 4127 4437 4004 4131
1576 1479 1492 1477 1129
1577 2512 2526 2516 2527
1578 4378 4112 4379 4384
1579 344 345 66 68
1580 2104 2009 1742 2022
1581 4560 4704 4697 4174
1582 4900 4763 4902 4889
1583 2892 2889 2894 2902
1584 2519 2513 2512 2526
1585 4763 4889 4900 4956
1586 2113 1980 2304 2119
1587 4544 681 127 109
1588 5960 5945 5944 5951
1589 2078 2079 2076 2093
1590 1561 1506 1563 1549
1591 1997 2008 2073 2078
1592 4124 4167 4125 4129
1593 5820 5712 5711 5837
1594 2104 1742 1995 2022
1595 1333 1338 1325 1283
1596 4553 4561 4608 4563
1597 303 116 320 306
1598 4540 4522 4543 4550
1599 2849 2749 2744 2876
1600 1212 1464 1210 1269
1601 392 430 419 417
1602 480 473 487 488
1603 3241 3242 3262 3277
1604 1442 1440 1450 1465
1605 520 519 526 528
1606 416 430 458 472
1607 4654 4633 4657 4661
1608 3710 3720 3519 3528
1609 4428 4431 4664 4449
1610 3241 3211 3242 3277
1611 6144 5909 5960 6124
1612 5675 5641 5677 5686
1613 4493 4448 4415 4481
1614 4443 4444 4447 4451
1615 3135 3141 3140 3142
1616 2791 2931 2907 2932
1617 3098 3140 3097 3100
1618 3330 4146 3336 3321
1619 1477 1506 1405 1507
1620 3331 3337 3332 3322
1621 2050 2303 2329 2304
1622 3194 3196 3253 3197
1623 5408 5407 5420 5476
1624 4308 4125 4129 4313
1625 3749 3750 3803 3823
1626 4696 4232 4258 4246
1627 5513 5529 5531 5518
1628 4684 4699 4659 4701
1629 3241 3816 5935 3195
1630 4510 4442 4448 4481
1631 395 430 392 402
1632 5934 5935 5932 5936
1633 116 112 180 121
1634 5898 5921 5909 5908
1635 738 751 776 712
1636 1301 1302 1307 1311
1637 1238 446 1237 1240
1638 1249 1262 1253 1268
1639 2123 2134 2126 1728
1640 4413 4495 4493 4496
1641 980 989 1002 1003
1642 2111 1994 2118 2119
1643 3901 3865 3862 3909
1644 3713 3720 3718 3614
1645 3148 3504 3154 3213
1646 3084 3141 3900 3853
1647 1090 1102 1101 1043
1648 5180 5222 5205 5193
1649 5768 6132 6160 6091
1650 420 419 421 430
1651 4694 4699 4661 4702
1652 2032 2037 2031 1966
1653 1352 418 458 460
1654 6270 6287 6250 6272
1655 3862 3779 3776 3783
1656 1484 1492 1479 1129
1657 5864 5881 5853 5840
1658 2329 2330 2307 2318
1659 161 165 164 3558
1660 173 179 195 25
1661 980 1002 989 1086
1662 5050 5069 4970 5014
1663 3737 3740 3750 3072
1664 6048 6269 6045 6050
1665 4274 4265 4270 4287
1666 4382 4112 4384 4098
1667 413 401 412 417
1668 1439 1437 1558 1450
1669 3557 4545 4542 4546
1670 4441 3915 4447 4436
1671 3716 3666 3664 3671
1672 3994 4060 3996 4005
1673 50 96 53 54
1674 1056 1057 1054 1073
1675 127 4687 129 117
1676 2515 2471 2512 2527
1677 3193 3194 3261 3197
1678 1842 1839 346 361
1679 3996 4001 3995 3991
1680 4441 3915 3916 3919
1681 4678 4699 4694 4701
1682 6101 5960 6147 6105
1683 316 179 113 180
1684 4661 4659 4678 4663
1685 2073 2079 2008 2009
1686 3994 4103 4099 4062
1687 127 114 108 683
1688 6160 6132 6171 6091
1689 1736 1743 1735 1729
1690 5829 4102 5767 5839
1691 4219 4222 4244 4246
1692 75 79 751 80
1693 3523 3518 3459 3476
1694 2762 2874 2875 2776
1695 5944 5945 5960 6126
1696 3802 4004 4430 4437
1697 4123 4433 4127 4131
1698 416 402 526 1183
1699 3566 3567 3570 3571
1700 446 1240 1181 1241
1701 590 639 593 780
1702 2446 2477 2448 2456
1703 3910 3666 3716 3671
1704 554 544 457 557
1705 3241 3245 3820 3265
1706 3242 3244 3243 3249
1707 4671 4667 4677 4663
1708 4041 4268 4272 4049
1709 416 526 584 1183
1710 316 113 179 360
1711 3916 4421 3913 3919
1712 4121 4003 4004 4129
1713 5182 5192 5180 5193
1714 1725 1726 1724 1742
1715 3998 4158 4146 4159
1716 419 407 412 418
1717 4661 4623 4694 4702
1718 5765 5782 6125 5834
1719 2469 2518 2470 2471
1720 4095 4224 4270 4229
1721 3240 4000 3250 4019
1722 3095 3099 3634 3643
1723 1568 1603 1601 1590
1724 4433 4126 4123 4704
1725 3632 3905 3912 3643
1726 4467 4450 4415 3919
1727 4096 4226 4223 4648
1728 4013 6031 3775 6033
1729 2258 2289 2288 2261
1730 3998 4158 4311 4313
1731 3948 3944 3946 3950
1732 2366 2386 2385 2513
1733 3427 3569 3565 3571
1734 2614 2619 2620 2617
1735 4414 4495 4413 4496
1736 4097 4103 4015 4018
1737 1156 1129 1171 1130
1738 3776 3821 3799 3924
1739 4660 4677 4687 4665
1740 205 207 204 208
1741 2336 2338 2303 2345
1742 6022 6032 6050 6034
1743 1460 1212 1454 1464
1744 6123 6031 6030 6126
1745 4218 4226 4224 4229
1746 4413 4493 4415 4496
1747 5960 6124 6101 6147
1748 4096 4101 4226 4651
1749 2075 2076 2093 2080
1750 3475 3523 3405 3476
1751 1156 1057 1056 1130
1752 1181 446 1352 1240
1753 6048 5952 6050 5963
1754 1693 1691 1694 1702
1755 4667 653 4677 4524
1756 5750 5744 5766 5839
1757 4306 4290 4300 4160
1758 4222 4246 4243 4230
1759 4696 4624 4694 4680
1760 4951 4928 4965 4971
1761 6088 6090 6101 6091
1762 3196 3825 3253 3197
1763 6171 6160 5784 6132
1764 3802 3259 4004 4437
1765 1754 1688 1743 1758
1766 1322 1183 1366 1184
1767 6123 5835 6031 5836
1768 4200 4201 4242 4168
1769 1486 1488 1502 1492
1770 4448 4449 4442 4452
1771 2065 2073 2060 2009
1772 4696 4246 4244 4707
1773 4441 4444 4447 3866
1774 2834 2933 2762 2776
1775 5831 5832 5828 5834
1776 3441 3445 3447 3169
1777 3771 3777 3773 4410
1778 5649 5681 5656 5641
1779 723 725 711 726
1780 3631 3632 3630 3642
1781 3257 3271 3182 3276
1782 10 9 5 12
1783 4413 4510 4448 4481
1784 386 68 373 347
1785 4432 3777 3800 3779
1786 3194 3253 3261 3197
1787 1337 1366 1322 1183
1788 2712 2719 2717 2714
1789 6159 5784 5699 6130
1790 3256 3258 3257 3261
1791 3884 3893 4414 81
1792 1643 1639 1575 1633
1793 3715 4419 4691 4692
1794 5160 5131 5136 5166
1795 3522 3424 3263 3529
1796 426 428 430 433
1797 4542 4539 4547 4549
1798 4125 4121 4129 4133
1799 3917 3920 3714 3809
1800 4256 4244 4242 4259
1801 319 320 116 180
1802 2448 2456 2477 2820
1803 24 66 51 68
1804 3996 3992 3991 4007
1805 4086 4092 4088 4077
1806 1598 1603 1595 2066
1807 5861 5850 5862 5853
1808 3818 6060 3819 3824
1809 5944 5960 5961 5963
1810 1456 1563 1437 1450
1811 5159 5155 5165 5166
1812 1887 1883 1862 1897
1813 3175 3226 3153 3155
1814 3565 3571 3569 3573
1815 3138 3903 3140 3141
1816 5861 5859 5845 5853
1817 4771 4763 4769 4804
1818 4441 3916 3913 3919
1819 3683 3694 3673 3685
1820 1439 1558 1496 1507
1821 3994 4015 3999 4004
1822 665 638 637 598
1823 3268 3273 3364 3321
1824 4269 4272 5486 5391
1825 4256 4200 4242 4301
1826 3893 12 11 81
1827 440 543 553 446
1828 2143 2066 1603 2149
1829 4685 4416 4681 4691
1830 4121 4125 4124 4133
1831 340 360 345 333
1832 712 725 724 726
1833 2757 2760 2756 2762
1834 404 413 417 418
1835 1781 1783 1880 375
1836 3892 3891 3916 3919
1837 4243 4219 4245 4246
1838 1811 1771 1715 1758
1839 4013 3777 3773 6033
1840 711 725 712 726
1841 4308 4168 4225 4129
1842 1053 1154 1127 1130
1843 5911 5920 5922 5919
1844 3591 3596 3595 3600
1845 4308 4158 4216 4172
1846 2979 2989 2961 2975
1847 1178 1182 526 529
1848 1042 1096 1090 1102
1849 480 487 458 488
1850 5039 5034 5024 5025
1851 4309 4310 4313 4315
1852 126 131 132 133
1853 1059 1061 1062 1072
1854 3892 3880 3865 3881
1855 126 130 129 135
1856 5373 5378 5320 4272
1857 3594 4690 4685 4549
1858 543 487 457 557
1859 5796 5823 6240 5799
1860 775 77 4420 79
1861 381 387 65 67
1862 3595 3596 3592 3600
1863 5136 5165 5149 5192
1864 1601 2138 1603 2149
1865 3518 3519 3505 3476
1866 3565 3718 3566 3628
1867 5702 5711 5712 5713
1868 4430 4004 4127 4437
1869 4697 4225 4123 4705
1870 5452 5460 5456 5462
1871 3519 3720 3521 3528
1872 4238 4245 4269 4273
1873 2874 2762 2933 2776
1874 3170 3158 3176 3168
1875 4510 4418 4413 4422
1876 4675 4678 4694 4701
1877 1715 1811 1879 1771
1878 5135 5027 5026 5097
1879 2050 2078 2008 2037
1880 1688 1689 1668 1674
1881 3269 4128 3259 3260
1882 1877 1873 1874 1881
1883 6019 6060 3812 6062
1884 295 306 654 667
1885 2329 2303 2050 2038
1886 3098 3097 3099 3100
1887 7 11 1 3599
1888 2257 2307 2256 2261
1889 29 1839 24 40
1890 5133 5130 5132 5136
1891 4123 4225 4697 4174
1892 3771 3772 3776 3783
1893 4269 4270 4221 4272
1894 4659 4686 4684 4693
1895 3257 3154 3502 3504
1896 4913 4914 5026 4985
1897 3996 3950 3992 4007
1898 113 115 74 66
1899 3421 3427 4562 3722
1900 4694 4698 4699 4702
1901 3233 3232 3231 3239
1902 5829 6031 4018 4021
1903 135 4425 11 83
1904 4676 4677 127 4524
1905 3945 3950 3938 3965
1906 1218 1225 1366 1240
1907 150 165 144 152
1908 5830 5655 5642 5837
1909 1998 2073 1997 2008
1910 2050 1966 2037 2021
1911 1453 1210 1464 1269
1912 6249 6257 6159 6258
1913 2343 2302 2328 2303
1914 5135 5223 5110 5028
1915 6085 5758 6081 5769
1916 4300 4216 4158 4160
1917 3709 3519 3513 3712
1918 1643 1646 1639 1633
1919 3494 3495 3503 3489
1920 3812 3819 6060 3824
1921 1322 1311 1212 1184
1922 3637 3666 3902 3643
1923 4054 4060 4055 4035
1924 2111 2112 2133 2134
1925 1059 1072 1062 1143
1926 4014 5836 5829 4018
1927 1700 1702 1697 1660
1928 5486 5378 4272 5321
1929 3240 3802 3804 3252
1930 4622 4623 4222 4624
1931 401 412 417 403
1932 3241 3195 3211 3197
1933 4115 4650 4649 4119
1934 1336 417 1337 403
1935 110 114 130 117
1936 3565 3566 3718 3571
1937 1417 1463 1420 1436
1938 1011 989 986 1003
1939 1276 1311 1274 1283
1940 1311 1225 1322 1367
1941 3948 3946 3949 3950
1942 402 1323 511 529
1943 1702 1659 1615 1618
1944 5338 5363 5350 5112
1945 3244 3249 3240 3250
1946 303 320 305 306
1947 3522 3263 3257 3529
1948 164 150 3553 3558
1949 1704 1748 1703 1757
1950 4428 4435 4431 4449
1951 1002 1157 1171 1172
1952 503 529 504 513
1953 3798 3255 3525 3266
1954 471 487 624 473
1955 3863 3850 3900 3853
1956 2140 2138 2141 1601
1957 4955 4970 4982 4971
1958 6101 6147 6104 6105
1959 6250 6257 6243 6287
1960 4097 4092 4032 4102
1961 3815 3821 3904 3823
1962 4654 4661 4657 4662
1963 4220 4227 4697 4707
1964 4409 4328 4405 4412
1965 4243 5447 5444 5448
1966 3525 3725 3524 3530
1967 5007 5027 5055 5014
1968 75 77 76 96
1969 3994 3999 4005 4008
1970 1262 1267 1253 1268
1971 5572 5656 5685 5573
1972 1615 1646 1575 1633
1973 2385 2386 2384 2513
1974 2382 2384 2380 2386
1975 3194 3193 3261 3212
1976 4441 3866 3915 3919
1977 6123 5836 6088 6132
1978 1535 1541 1537 1549
1979 3892 4415 3891 3919
1980 2008 1995 2022 2023
1981 705 711 723 725
1982 3772 3813 3780 6062
1983 2469 2456 2484 2471
1984 5700 5820 5711 5602
1985 2540 2499 2533 2750
1986 75 78 79 80
1987 3267 3262 3242 3277
1988 1594 1593 1663 1575
1989 5656 5642 5655 5657
1990 1968 2113 2107 1980
1991 3523 3518 3521 3527
1992 5180 5205 5198 5193
1993 568 595 590 570
1994 6093 6103 6102 6104
1995 498 499 508 500
1996 678 108 119 683
1997 11 81 12 83
1998 3242 3294 3246 3279
1999 1287 1285 1289 1324
2000 5572 5518 5563 5573
2001 4441 4450 4446 4451
2002 1059 1062 1131 1143
2003 4015 4099 4097 4020
2004 627 637 633 638
2005 1492 1421 1450 1507
2006 3463 3472 3454 3475
2007 3253 3806 3749 3532
2008 3612 3586 3592 3726
2009 1322 1338 1283 1367
2010 3000 3003 3002 2989
2011 4032 4005 4014 3951
2012 76 69 12 54
2013 2477 2456 2446 2471
2014 435 1256 1250 1241
2015 6041 6050 6039 6271
2016 5864 6030 5879 5835
2017 730 736 738 752
2018 3813 3772 3780 3782
2019 1253 1250 1256 1241
2020 4436 3920 3911 3808
2021 4540 4522 4596 4543
2022 1995 1742 2104 1996
2023 4676 4690 4688 4552
2024 3798 3525 3255 3723
2025 2519 2512 2528 2526
2026 548 544 554 557
2027 75 95 77 96
2028 735 732 738 697
2029 738 387 724 725
2030 567 544 560 571
2031 1225 1212 1311 1184
2032 4121 4004 4127 4129
2033 6123 6031 6089 5836
2034 3135 3137 3140 3141
2035 738 724 712 725
2036 3698 3685 3716 3699
2037 508 498 490 499
2038 5864 5835 5879 5840
2039 2448 2808 2810 2820
2040 4242 4245 4273 4231
2041 386 390 347 375
2042 5433 5350 5363 5112
2043 590 568 591 595
2044 717 377 715 725
2045 3267 3257 3258 3276
2046 4911 4912 4979 4913
2047 5161 5165 5139 5151
2048 5486 5447 4243 5448
2049 5025 5110 5223 5028
2050 3799 3800 3779 3807
2051 1352 1366 1341 1353
2052 3475 3476 3613 3614
2053 1010 1017 791 794
2054 609 624 604 625
2055 3612 3586 3606 3629
2056 4445 4449 4664 4422
2057 5319 5321 5378 5322
2058 4015 3999 3802 4016
2059 4684 4686 4431 4693
2060 3713 3724 3716 3726
2061 3798 3266 3259 4131
2062 402 529 511 513
2063 5758 5768 6081 5769
2064 1224 1378 1519 1408
2065 560 541 542 544
2066 776 779 777 768
2067 5161 5190 5139 5165
2068 3316 4147 4146 3321
2069 3182 3350 3522 3169
2070 4610 4624 4696 4680
2071 1991 1996 1995 1981
2072 1738 1740 1741 1743
2073 4388 4362 4380 4398
2074 4413 4415 4448 4421
2075 4659 4699 4684 4664
2076 1968 2107 2118 2119
2077 1800 1813 1812 1814
2078 1737 1732 1739 1742
2079 3911 4447 4432 3779
2080 4362 4365 4397 4021
2081 3935 3306 3936 3937
2082 5656 5641 5655 5642
2083 3801 3524 3256 3525
2084 2008 2037 2078 2010
2085 1238 1352 446 1240
2086 5879 5835 5832 5840
2087 4533 4561 4545 4546
2088 3901 3914 3921 3908
2089 4681 4687 4686 4423
2090 3440 3442 3439 3447
2091 1042 1028 1422 1102
2092 4360 4367 4698 4369
2093 4431 4435 4446 4449
2094 3335 3330 3336 3321
2095 4591 4593 4587 4258
2096 4445 4418 4510 4422
2097 344 345 68 347
2098 5916 5911 5910 5923
2099 3193 3258 3261 3276
2100 4095 4099 4103 4062
2101 1731 1739 1735 1743
2102 1694 1692 1695 1925
2103 1754 1743 1745 1758
2104 4684 4431 4692 4693
2105 6122 5909 6121 6124
2106 4013 3775 3802 3777
2107 4122 4188 4216 4173
2108 4032 4092 4097 4103
2109 1002 989 1029 1057
2110 734 750 697 67
2111 6088 6171 6127 6132
2112 4647 4623 4702 4703
2113 395 394 398 402
2114 1900 1903 1904 1910
2115 3863 3141 3864 3853
2116 1322 1366 1338 1367
2117 3546 3567 3550 4545
2118 4092 4098 4097 4104
2119 1595 1603 2143 2066
2120 5352 5150 5363 5112
2121 1811 1812 1804 1690
2122 6031 5835 5829 5836
2123 3910 3716 3724 3671
2124 1815 1811 1803 1758
2125 3496 3495 3486 3504
2126 111 609 594 611
2127 3672 3694 3699 3712
2128 344 1839 24 361
2129 1378 1548 1519 1408
2130 3240 3248 3250 3251
2131 4662 4664 4686 4422
2132 3193 3154 3257 3504
2133 543 457 544 557
2134 73 4425 135 83
2135 3475 3405 3454 3460
2136 2754 2751 3010 3018
2137 3917 3806 3801 3725
2138 4545 4546 3557 4539
2139 1484 1479 1492 1493
2140 5602 5837 5655 5629
2141 115 130 114 133
2142 129 130 114 117
2143 4900 4756 4894 4902
2144 5861 5866 5859 5853
2145 3813 3818 3819 3823
2146 5651 5649 5656 5641
2147 4220 4696 4244 4707
2148 3241 3262 3245 3265
2149 4647 4644 4623 4648
2150 2762 2875 2874 2933
2151 127 4544 4676 4524
2152 5711 5602 5820 5837
2153 1804 1812 1811 1814
2154 4444 4451 4409 4328
2155 4199 4593 4591 4258
2156 3239 3293 3242 3227
2157 6019 6060 6004 3824
2158 1222 1225 1224 1226
2159 2449 2810 2764 2456
2160 3182 3268 3168 3275
2161 3168 3350 3182 3169
2162 4683 3594 3715 3722
2163 6190 6176 6195 6191
2164 3735 3682 3677 3685
2165 4420 4422 4686 4423
2166 1405 1420 1394 1407
2167 115 66 113 123
2168 4686 4423 4422 4426
2169 377 379 715 725
2170 3812 6019 6062 5947
2171 6171 5782 6130 6132
2172 73 81 4425 83
2173 3659 9 4 11
2174 1822 1826 1825 1854
2175 6030 5832 5879 5835
2176 416 458 418 460
2177 2481 2473 2478 2471
2178 5352 5108 5150 5112
2179 3508 3462 3518 3476
2180 3771 4447 3777 4410
2181 1577 1664 1665 1674
2182 3664 3592 3586 3726
2183 774 639 499 500
2184 5050 5055 5069 5014
2185 76 77 93 96
2186 6269 6267 6271 6272
2187 5443 5447 5391 5448
2188 980 986 978 1086
2189 495 522 493 500
2190 4432 4443 4447 4439
2191 1222 1217 1224 1225
2192 6048 5952 6269 6050
2193 3257 3261 3258 3276
2194 1336 1337 1328 403
2195 3717 3724 3664 3671
2196 1691 1693 1678 1689
2197 3739 3768 3749 3532
2198 1405 1506 1477 1478
2199 2772 2762 2753 2749
2200 1442 1450 1420 1465
2201 526 416 584 569
2202 494 568 711 500
2203 661 664 660 665
2204 678 665 637 682
2205 4661 4355 4633 4637
2206 2257 2258 2288 2261
2207 3910 3716 3666 3922
2208 6068 6069 6072 6063
2209 3522 3154 3257 3169
2210 372 333 345 123
2211 6101 6088 6089 6090
2212 75 750 738 751
2213 2286 2287 2278 2289
2214 576 575 577 585
2215 1601 2138 2143 1603
2216 1480 1109 1491 1488
2217 665 596 589 682
2218 5880 6033 6030 5868
2219 4786 4892 4752 4788
2220 3486 3488 3504 3490
2221 3589 3596 166 3600
2222 4220 4225 4697 4227
2223 4441 4446 4448 4421
2224 5486 5391 5447 5448
2225 3168 3337 3268 3322
2226 416 487 567 570
2227 344 24 66 360
2228 3730 3735 3736 3769
2229 5454 5455 5446 5462
2230 5188 5190 5165 5193
2231 4478 4479 4470 4412
2232 4013 4365 3777 4020
2233 1337 1322 1366 1339
2234 2104 2149 2134 1728
2235 5554 5560 5552 5546
2236 503 504 509 513
2237 1325 1334 1359 1339
2238 3902 3921 3914 3908
2239 1236 1238 1237 1240
2240 2300 2298 2294 2305
2241 2104 1996 1742 1728
2242 2514 2512 2516 2513
2243 4219 4226 4224 4231
2244 126 131 167 137
2245 3415 3363 3374 3379
2246 113 345 333 123
2247 3735 3739 3736 3769
2248 4220 4697 4225 4174
2249 1950 1812 1810 1884
2250 1484 1118 1125 1129
2251 4225 4129 4168 4174
2252 3709 3711 3613 3712
2253 4146 3274 4120 4132
2254 3335 3321 3336 3322
2255 1518 1212 1224 1464
2256 1699 1700 1701 1702
2257 5935 3820 3816 3265
2258 4682 4697 4700 4704
2259 5898 5908 5909 5962
2260 3784 3773 4411 3795
2261 493 494 495 500
2262 4103 4033 4095 4062
2263 3952 3965 3938 3951
2264 2136 2143 2148 2066
2265 1412 1411 1416 1415
2266 6030 5835 5864 5868
2267 1306 1301 1307 1311
2268 724 387 738 80
2269 1873 1877 1614 1881
2270 4697 4227 4225 4705
2271 2437 2429 2432 2431
2272 2866 2875 2868 2876
2273 5891 5960 5923 5951
2274 1264 1268 1256 1197
2275 66 360 24 27
2276 416 418 417 460
2277 4774 4772 4769 4763
2278 5377 4263 5388 5391
2279 3710 3489 3524 3528
2280 3995 3246 3248 3251
2281 3664 3716 3724 3726
2282 558 544 567 569
2283 4260 4270 4265 4273
2284 340 346 345 360
2285 4662 4445 4664 4422
2286 5692 5782 5690 5713
2287 2050 2008 2078 2023
2288 386 65 387 82
2289 3772 3771 3776 3782
2290 3083 3140 3141 3142
2291 3902 3666 3637 3698
2292 3771 3776 3800 3779
2293 1109 1112 1488 1129
2294 179 133 112 181
2295 2046 2047 2044 2037
2296 5909 5908 5921 5923
2297 4660 4420 4686 4423
2298 5025 5110 5099 5223
2299 6124 6050 5963 6131
2300 1264 1268 1249 1256
2301 3720 3524 3725 3530
2302 3799 3779 3776 3924
2303 412 399 419 417
2304 4429 4431 4419 4692
2305 116 180 320 121
2306 407 409 405 418
2307 1810 1855 1854 1840
2308 3240 3250 5945 4019
2309 5700 5711 5820 5712
2310 4015 4004 4099 4020
2311 3565 3595 3594 3727
2312 3421 3429 4564 3432
2313 4360 4434 4698 4367
2314 3273 3321 4120 4130
2315 3792 3795 3778 3797
2316 75 750 751 95
2317 2907 2918 2921 2931
2318 3268 3272 3271 3273
2319 6171 5784 6159 6130
2320 4958 4970 4955 4971
2321 3915 3779 3862 3783
2322 4060 3950 3996 4005
2323 1454 1212 1518 1464
2324 3813 3818 3815 3851
2325 1701 1700 1693 1702
2326 736 763 712 752
2327 1492 1477 1405 1507
2328 3812 3800 3804 3782
2329 3713 3720 3716 3724
2330 559 567 568 569
2331 4657 4662 4661 4663
2332 5890 5893 3293 5894
2333 4966 4970 4960 4971
2334 5944 6031 6030 6034
2335 4473 4456 4479 4482
2336 6004 3824 6060 6020
2337 4379 4384 4111 4649
2338 1285 1182 1289 1324
2339 3517 3443 3526 3447
2340 5388 5378 5391 5392
2341 4308 4167 4168 4129
2342 3044 3085 3079 2947
2343 4123 4167 4126 4129
2344 1741 1728 1742 1729
2345 4014 5767 5836 4018
2346 4966 4959 4960 4970
2347 4686 4687 4660 4423
2348 3363 3364 4122 3365
2349 1253 1256 1268 1241
2350 3950 3951 3965 4007
2351 371 387 386 373
2352 4000 3251 3250 4019
2353 5663 5685 5686 5628
2354 591 568 567 595
2355 4542 4544 4547 4539
2356 6085 6081 6088 5769
2357 2528 2526 2512 2527
2358 2311 2312 2304 2318
2359 6250 6272 6256 6148
2360 3316 3321 3320 3322
2361 5583 5681 5675 5656
2362 4256 4242 4200 4259
2363 3097 3098 3139 3140
2364 1405 1506 1563 1450
2365 3427 3571 3718 3434
2366 1588 1575 1577 1646
2367 3592 3628 3612 3726
2368 5017 5015 5027 5098
2369 4222 4246 4624 4707
2370 5325 5407 5327 5336
2371 2515 2518 2471 2527
2372 4433 4704 4123 4705
2373 3929 3932 3997 3937
2374 3814 3749 3822 3823
2375 4310 4002 3994 4062
2376 1405 1421 1492 1507
2377 5861 5862 5859 5866
2378 4694 4699 4698 4706
2379 4443 4409 4444 4451
2380 592 111 118 119
2381 2307 2330 2329 2275
2382 5830 5655 5821 5644
2383 2762 2749 2772 2775
2384 4697 4704 4695 4705
2385 95 96 75 97
2386 1328 1337 1336 1339
2387 4687 4676 4547 4690
2388 100 105 108 109
2389 4199 4201 4593 4258
2390 1267 1253 1268 1241
2391 1322 1311 1211 1212
2392 3834 3880 3838 4468
2393 1675 1688 1758 1690
2394 3665 3667 3659 3670
2395 3739 3741 3749 3769
2396 2148 2143 2138 2149
2397 4367 4702 4698 4369
2398 3800 3776 3771 3782
2399 3951 4034 4023 4035
2400 452 451 478 487
2401 2072 2073 2077 2079
2402 3336 3337 3331 3322
2403 5637 5845 5643 5853
2404 1599 1598 1597 1603
2405 1640 1639 1646 1633
2406 4419 4421 3913 4427
2407 1691 1702 1693 1689
2408 4092 4097 4103 4104
2409 5891 5923 5960 6105
2410 3183 3227 3226 3279
2411 2990 3131 3115 2995
2412 3316 3364 3321 3322
2413 3567 3569 3571 3573
2414 1270 1283 1271 1367
2415 3713 3717 3724 3726
2416 3427 4564 3426 3432
2417 6101 6089 6102 6090
2418 5862 4397 5866 4398
2419 5955 5960 5953 5963
2420 3194 3196 3195 3198
2421 4308 4312 4311 4313
2422 4306 4300 4305 4314
2423 5827 5834 5744 5839
2424 2943 3079 3077 3085
2425 2136 1595 2143 2066
2426 1707 1736 1706 1729
2427 4540 4543 4546 4550
2428 4360 4365 4434 4367
2429 4262 4271 4265 4287
2430 5781 6160 6080 6091
2431 3901 3906 3865 3909
2432 3171 3227 3183 3294
2433 5920 5922 5923 6119
2434 3420 3427 3426 3432
2435 6022 6030 5882 6035
2436 3945 3947 3950 3965
2437 2892 2894 2897 2902
2438 567 595 487 557
2439 5960 6124 5963 6131
2440 5873 5879 5869 5881
2441 110 117 130 136
2442 3683 3673 3672 3685
2443 4527 109 4544 4539
2444 78 66 115 123
2445 1577 1575 1674 1646
2446 5486 5460 5487 5447
2447 1739 1742 1741 1604
2448 316 113 314 180
2449 2307 2261 2329 2318
2450 2365 2363 2386 2371
2451 2831 2819 2834 2805
2452 623 306 611 625
2453 3504 3212 3193 3213
2454 3241 3195 5935 5937
2455 1251 1249 1255 1256
2456 3256 3260 3258 3262
2457 6030 6050 5944 6034
2458 3715 4419 3668 4691
2459 1437 1563 1558 1450
2460 3243 3244 3242 3246
2461 639 500 772 780
2462 3694 3685 3698 3699
2463 5671 5641 5630 5644
2464 499 500 527 513
2465 4123 4126 4433 4131
2466 3626 3620 3627 3545
2467 3862 3865 3866 3867
2468 3241 3277 3258 3197
2469 1488 1492 1486 1493
2470 4428 4434 4435 4367
2471 3346 3419 3349 3406
2472 738 697 750 67
2473 5768 5784 6160 6132
2474 5891 3247 3250 5894
2475 5655 5657 5642 5837
2476 520 528 526 585
2477 4558 4561 4559 4566
2478 3550 3567 3546 3559
2479 4220 4700 4697 4174
2480 4310 4225 4218 4127
2481 4686 4420 4660 4422
2482 3632 3912 3630 3642
2483 3932 3936 3997 3937
2484 3749 3751 3814 3753
2485 1182 529 1289 1324
2486 1181 543 584 460
2487 1191 575 574 1198
2488 129 114 127 117
2489 3740 3698 3741 3907
2490 2363 2362 2365 2386
2491 5486 4221 4272 4228
2492 1119 1142 1116 1129
2493 3414 3416 3360 4188
2494 76 77 75 79
2495 4625 4637 4383 4649
2496 1501 1506 1561 1549
2497 2961 2989 3029 2975
2498 1732 1735 1739 1742
2499 4547 4539 128 4549
2500 4216 4168 4308 4172
2501 1735 1741 1739 1742
2502 5408 5407 5404 5433
2503 5832 6125 5828 5834
2504 1591 1593 1603 1604
2505 1994 2105 2050 2305
2506 6070 3780 6061 6063
2507 1322 1225 1366 1367
2508 3677 3489 3685 3712
2509 1563 1450 1506 1507
2510 1697 1700 1699 1702
2511 5864 5879 6030 5880
2512 113 179 112 180
2513 1410 1420 1417 1465
2514 5017 5085 5027 5028
2515 4441 4436 4446 4421
2516 1417 1432 1463 1436
2517 2032 2031 1957 1966
2518 3965 3951 6102 4007
2519 3495 3500 3503 3504
2520 3901 3904 3914 3908
2521 3904 3823 3803 3754
2522 5388 5387 5378 5392
2523 2791 2819 2834 2933
2524 3710 3685 3739 3489
2525 3994 4310 4099 4004
2526 2516 2512 2514 2526
2527 3938 3950 3939 3951
2528 2148 2066 2143 2149
2529 3901 3919 3865 3906
2530 775 777 776 778
2531 3241 3820 5935 3265
2532 6088 6101 6127 6173
2533 115 78 74 66
2534 3166 3168 3162 3169
2535 4226 4227 4224 4231
2536 4123 4127 4225 4129
2537 3944 3950 3948 4034
2538 373 68 345 347
2539 1311 1518 1203 1212
2540 1002 1057 1156 1157
2541 51 64 52 390
2542 5960 5963 6126 6131
2543 3592 3717 3628 3726
2544 522 524 527 500
2545 3268 3336 3270 3272
2546 4260 4270 4269 4272
2547 4558 4545 3391 4561
2548 3092 3098 3099 3100
2549 4542 4688 4690 4552
2550 3565 3594 3569 3722
2551 3776 3772 3780 3783
2552 3253 3194 3503 3768
2553 190 25 195 134
2554 5909 5908 5923 5962
2555 4413 4448 4493 4481
2556 3814 6004 3824 6007
2557 6107 6117 6116 6106
2558 3673 3694 3672 3685
2559 3239 3242 3293 3249
2560 4674 4679 4668 4680
2561 1868 1911 1910 1884
2562 4166 4169 4167 4170
2563 4467 4415 3880 3919
2564 3663 3667 3665 3670
2565 3253 3194 3768 3196
2566 4662 4663 4659 4664
2567 728 738 732 750
2568 1288 1290 1309 1312
2569 1715 1771 1879 1882
2570 3258 3260 3267 3262
2571 1880 1781 1883 1884
2572 5923 5962 5908 5951
2573 1249 1253 1255 1256
2574 3952 6102 3965 3951
2575 4095 4092 4076 4033
2576 3083 3101 3114 3045
2577 4681 4690 4685 4691
2578 129 130 117 136
2579 3253 3196 3768 3825
2580 3715 4419 3913 3668
2581 5726 5711 5702 5713
2582 845 837 848 849
2583 3632 3912 3642 3643
2584 2050 2304 2329 2261
2585 5017 5098 5027 5085
2586 4922 4918 5070 4928
2587 1998 2008 2003 2009
2588 4284 4262 4287 4314
2589 3564 3398 3568 3572
2590 4414 4415 3891 3895
2591 3044 3114 2989 3045
2592 4265 4271 4270 4287
2593 3268 3272 3270 3275
2594 3997 3995 4000 3251
2595 2327 2326 2190 2330
2596 2104 2066 2079 2106
2597 609 111 306 611
2598 1602 1598 1599 1603
2599 6243 6128 5828 5824
2600 2294 2301 2303 2305
2601 775 77 79 95
2602 3241 3262 3258 3277
2603 344 68 52 390
2604 5048 5050 5055 5069
2605 3862 3865 3915 3866
2606 108 681 127 683
2607 4644 4647 4637 4649
2608 3426 3427 4558 4564
2609 2308 2307 2330 2318
2610 404 417 412 418
2611 4382 4098 4384 4385
2612 1955 1995 1725 1742
2613 5054 5055 5007 5098
2614 1748 1707 1703 1757
2615 1363 1218 1361 1367
2616 3349 3419 3346 3379
2617 1599 1602 1603 1590
2618 3692 3640 3902 3740
2619 5960 5961 5962 5951
2620 1603 2066 1597 1604
2621 4982 4984 4928 4971
2622 2897 2889 2899 2902
2623 3039 2989 3114 3045
2624 5377 4272 4267 5391
2625 1879 1910 1925 1911
2626 1700 1660 1658 1689
2627 6048 6050 6046 6032
2628 4306 4311 4017 4159
2629 6101 6126 6089 6127
2630 2849 2852 2861 2876
2631 1039 1090 1101 1043
2632 4429 3715 4419 3920
2633 392 427 419 430
2634 323 320 312 333
2635 3523 3459 3518 3527
2636 3672 3685 3694 3712
2637 472 488 464 433
2638 3282 3270 3283 3337
2639 3421 3429 3423 3723
2640 4122 4216 4172 4173
2641 5026 5135 5097 5192
2642 2126 1728 1603 1576
2643 3798 4433 3808 3723
2644 1659 1869 1879 1911
2645 3800 3804 3802 3811
2646 3891 3916 3913 3923
2647 4774 4759 4775 4763
2648 1879 1811 1715 1688
2649 326 345 372 333
2650 3947 3949 3946 3950
2651 3861 3140 3138 3903
2652 4695 4705 4433 4440
2653 755 4340 767 4342
2654 1112 1114 1109 1113
2655 111 372 594 118
2656 6253 6159 6257 6175
2657 395 427 392 430
2658 4444 4478 4328 4412
2659 3425 3431 3426 3432
2660 1119 1128 1116 1142
2661 3070 3752 3084 3071
2662 371 345 66 123
2663 3679 3741 3740 3698
2664 3891 4417 4414 4425
2665 3267 3242 3262 3278
2666 1504 1506 1501 1549
2667 2111 2134 1994 2119
2668 3420 3571 3427 3434
2669 3002 3003 3000 3004
2670 6121 6143 6139 6124
2671 1085 1086 1172 1087
2672 567 487 595 570
2673 1268 1197 1199 1212
2674 521 519 528 529
2675 4413 4493 4510 4481
2676 4225 4127 4310 4129
2677 1593 1594 1591 1603
2678 3099 3908 3905 3643
2679 3664 3586 3592 3598
2680 2748 2749 2875 2876
2681 3292 3290 3289 3294
2682 4586 4594 4696 4258
2683 4622 4222 4615 4624
2684 2998 3003 3000 2989
2685 113 66 345 123
2686 114 115 110 130
2687 1982 2118 2111 1994
2688 4146 4120 3274 3321
2689 592 119 118 122
2690 2079 2106 2066 2093
2691 4361 4355 4637 4356
2692 4955 5069 4918 5070
2693 4405 4407 4409 4412
2694 3240 3250 4000 3251
2695 4661 4663 4662 4664
2696 3664 3724 3717 3726
2697 5220 5217 5221 5223
2698 3316 3364 3358 4147
2699 3138 3140 3137 3141
2700 2327 2330 2190 2233
2701 1721 1729 1741 1730
2702 511 1323 507 529
2703 1310 1309 1290 1312
2704 2063 1591 1597 2066
2705 5174 5152 5153 5165
2706 3775 3777 4013 6033
2707 471 472 431 570
2708 3803 3822 3749 3823
2709 4374 4384 4383 4366
2710 627 637 638 639
2711 3663 3594 3715 4691
2712 4309 4313 4312 4315
2713 4431 4421 4419 4426
2714 1694 1691 1692 1690
2715 4100 4118 4221 5321
2716 4683 3569 3594 3722
2717 24 51 39 40
2718 2029 2037 2028 2038
2719 24 39 51 66
2720 3511 3518 3516 3490
2721 3495 3500 3501 3503
2722 1468 1506 1469 1478
2723 11 25 1 134
2724 1742 1996 1987 1728
2725 3524 3528 3489 3532
2726 4659 4684 4688 4693
2727 3521 3424 3423 3430
2728 1542 1537 1541 1549
2729 471 431 472 433
2730 4186 3418 4187 4188
2731 2311 2315 2312 2318
2732 515 1178 514 529
2733 1602 1601 1603 1590
2734 1336 1337 417 1353
2735 6250 6256 6257 6148
2736 4522 4523 4543 4550
2737 3254 3262 3245 3252
2738 405 404 412 418
2739 5841 5642 5833 5855
2740 4433 4437 4127 4131
2741 1270 1311 1283 1367
2742 3069 3084 3078 3071
2743 2791 2763 2819 2933
2744 2665 2526 2658 2669
2745 1062 1143 1072 1073
2746 3044 2989 3039 3045
2747 3257 3263 3271 3276
2748 1274 1311 1276 1533
2749 4685 4690 3594 4691
2750 3316 4146 3320 3321
2751 2104 2106 2079 2023
2752 51 52 68 390
2753 4380 4394 4382 4098
2754 5651 5656 5648 5657
2755 3771 3777 3800 3782
2756 3267 3258 3256 3260
2757 392 402 430 417
2758 4244 4245 4219 4246
2759 4308 4125 4158 4172
2760 452 487 478 557
2761 4193 4202 4200 4189
2762 3511 3516 3506 3490
2763 4218 4226 4698 4706
2764 4032 4033 4060 4034
2765 4095 4033 4061 4062
2766 4151 4216 4158 4147
2767 3521 3518 3519 3528
2768 65 96 51 53
2769 3255 3423 3424 3433
2770 3253 3749 3768 3532
2771 4659 4661 4699 4664
2772 3246 3248 3244 3278
2773 4673 4674 4518 4679
2774 4422 4423 4420 4426
2775 3801 3525 3714 3725
2776 3419 3404 3418 3431
2777 558 584 544 569
2778 3316 3358 3364 3322
2779 4692 4693 4431 4426
2780 527 528 522 585
2781 556 548 554 557
2782 1615 1674 1575 1646
2783 5149 5192 5165 5193
2784 2111 2133 2121 2134
2785 1460 1210 1212 1464
2786 3414 3418 3416 4188
2787 3038 3041 3044 3045
2788 2936 2939 3130 2947
2789 1302 1300 1305 1311
2790 430 417 416 418
2791 5135 5026 5027 5138
2792 624 610 604 557
2793 3978 3990 4001 4132
2794 2979 3029 2989 2975
2795 5633 5641 5632 5642
2796 1311 1322 1283 1367
2797 127 114 129 132
2798 4000 4005 3999 4008
2799 1717 1725 1728 1729
2800 2123 2131 2126 2134
2801 2314 1968 1979 1980
2802 2303 2051 2050 2038
2803 1781 1782 1810 1784
2804 3044 2961 3038 2989
2805 5502 5572 5675 5686
2806 5920 6110 5911 6119
2807 3083 3100 3114 3101
2808 2028 2029 2027 2037
2809 6123 6088 6089 6127
2810 4220 4560 4700 4174
2811 3175 3181 3226 3183
2812 3135 3853 3141 3142
2813 5013 5014 5027 5042
2814 127 679 117 683
2815 4014 5767 4032 3951
2816 3362 3364 3363 3366
2817 1771 1826 1781 1785
2818 4982 4914 4913 4985
2819 2329 2275 2272 2276
2820 5649 5648 5651 5656
2821 2528 2540 2861 2527
2822 3815 3751 3818 3823
2823 4413 4431 4422 4426
2824 395 392 394 402
2825 4685 4691 3594 3597
2826 5373 5369 5320 5378
2827 6030 6022 6034 6035
2828 210 212 217 235
2829 3947 3963 3976 3965
2830 2907 2834 2919 2933
2831 4687 4688 4676 4690
2832 3892 3916 3912 3906
2833 3891 3913 4421 4427
2834 3913 3668 4419 4427
2835 3659 3645 3665 3670
2836 2050 2329 1967 2261
2837 3749 3803 3750 3741
2838 4220 4244 4227 4707
2839 126 4685 132 137
2840 165 167 157 152
2841 4495 95 77 753
2842 2515 2518 2469 2471
2843 5671 5630 5643 5644
2844 1167 1171 1166 1157
2845 3039 2988 3114 2989
2846 387 75 80 82
2847 503 511 529 513
2848 5126 4979 4913 5137
2849 593 682 592 781
2850 3818 3813 3819 6060
2851 5048 5055 5050 5014
2852 1313 1338 1320 1324
2853 3523 3430 3521 3530
2854 4676 4544 127 4547
2855 2110 2108 2112 2109
2856 1697 1702 1659 1660
2857 3794 3852 3778 3783
2858 3892 3891 4415 3895
2859 3887 3892 3912 3906
2860 3613 3476 3519 3614
2861 3241 3242 3244 3262
2862 4955 4889 4763 4956
2863 3591 4685 3597 137
2864 126 134 133 135
2865 4168 4129 4167 4174
2866 2924 2847 2931 2902
2867 1811 1758 1688 1690
2868 3269 3244 3248 3278
2869 3245 3262 3244 3252
2870 5371 5369 5373 5378
2871 4662 4445 4422 4340
2872 3362 3363 3379 3366
2873 1591 2063 2055 2066
2874 3891 3892 3916 3923
2875 2046 2044 2006 2037
2876 636 592 781 122
2877 4309 4270 4049 4062
2878 3244 3245 3241 3262
2879 402 417 1337 1183
2880 4775 4759 5043 4763
2881 4615 4222 4621 4246
2882 5943 3245 3249 3250
2883 572 585 584 569
2884 1739 1741 1735 1743
2885 3631 3630 3894 3642
2886 420 407 419 430
2887 478 487 451 473
2888 527 590 568 500
2889 6062 5947 3772 3782
2890 4698 4226 4218 4651
2891 3818 3751 3814 3823
2892 4770 4763 4771 4804
2893 5067 5097 5070 5056
2894 3903 3864 3863 3141
2895 3080 3084 3070 3752
2896 4112 4111 4384 4119
2897 1218 1225 1361 1367
2898 926 948 949 925
2899 5782 6171 5784 6132
2900 4002 4061 4060 4062
2901 3241 5935 3816 3265
2902 609 594 589 596
2903 4446 4449 4435 4454
2904 3771 3778 3772 3783
2905 457 487 543 459
2906 1454 1206 1203 1212
2907 1181 1183 1352 460
2908 1418 1435 1420 1422
2909 4542 3557 4549 3573
2910 1061 1062 1072 1073
2911 691 692 688 725
2912 4218 4225 4227 4705
2913 4662 777 4660 4665
2914 3267 3271 3263 3276
2915 1754 1688 1674 1743
2916 1128 1116 1142 1130
2917 6081 5768 6088 5769
2918 4415 4421 3891 3919
2919 6101 6104 6102 6105
2920 5711 5655 5602 5837
2921 3098 3097 3092 3099
2922 5864 5866 5865 5853
2923 4308 4225 4310 4129
2924 1323 403 1338 1339
2925 1259 1258 1268 1269
2926 680 681 108 683
2927 3391 4558 4561 4563
2928 410 418 430 488
2929 115 118 111 119
2930 3737 3750 3740 3741
2931 1994 2050 2304 2305
2932 2894 2892 2879 2889
2933 4309 4310 4315 4062
2934 5054 5055 5051 5014
2935 5761 5758 6085 5769
2936 504 529 528 513
2937 637 679 678 682
2938 1328 403 1337 1339
2939 2469 2470 2484 2456
2940 4144 4017 3998 4159
2941 1987 1986 1985 1996
2942 5329 5393 5400 5407
2943 3079 3085 2943 2947
2944 5945 5946 5944 5951
2945 2111 2121 1982 2134
2946 1668 1672 1670 1688
2947 4166 4216 4188 4173
2948 5486 4243 4228 5448
2949 3269 3248 3246 3278
2950 1437 1442 1440 1450
2951 624 473 487 557
2952 5181 5192 5182 5193
2953 3716 3698 3738 3685
2954 3900 3752 3084 3850
2955 1748 1704 1761 1757
2956 4193 4201 4200 4202
2957 2513 2526 2370 2371
2958 4892 4830 4902 4788
2959 5891 3997 6102 4019
2960 1190 1189 1211 1198
2961 3812 3817 3819 3824
2962 6092 6093 6086 6173
2963 4419 4421 4417 4426
2964 3801 3524 3525 3725
2965 4526 4527 4544 4539
2966 3996 4060 4002 3993
2967 3253 3256 3524 3261
2968 3664 3666 3716 3699
2969 3714 3525 3801 3809
2970 1170 1157 1171 1130
2971 5010 5014 5013 5042
2972 5145 5308 5144 5151
2973 1454 1203 1518 1212
2974 1745 1743 1757 1758
2975 295 116 306 667
2976 3915 3866 3865 3919
2977 5953 5960 6124 5963
2978 1287 1293 1297 1324
2979 4677 653 679 4524
2980 1602 1585 1583 1590
2981 5932 5936 5935 5937
2982 4092 4100 4095 4076
2983 6123 6030 6031 5835
2984 678 108 116 119
2985 4055 4060 4058 4061
2986 4622 4222 4623 4648
2987 106 116 108 120
2988 5943 5946 3245 3250
2989 3663 3592 3595 3598
2990 1673 1688 1668 1674
2991 4413 4418 4510 4494
2992 3257 3154 3522 3526
2993 4269 4245 4238 5448
2994 4123 4225 4127 4705
2995 4682 4700 4560 4704
2996 487 472 458 488
2997 3799 3800 3807 3810
2998 4413 4495 4414 4424
2999 5486 4243 5447 5475
3000 4951 4952 4928 4971
3001 18 360 179 27
3002 2312 2301 2304 2318
3003 602 298 327 611
3004 3818 3824 3814 6020
3005 1039 1101 1038 1043
3006 5051 5055 5054 5056
3007 658 665 660 667
3008 3364 3321 3273 4130
3009 5970 5975 5969 5972
3010 3901 3912 3916 3906
3011 4661 4678 4694 4623
3012 4469 4479 4478 4482
3013 1927 1928 1940 1813
3014 4667 4679 4677 4663
3015 2794 2813 2809 2819
3016 2370 2513 2519 2526
3017 3464 3474 3465 3476
3018 2286 2275 2287 2289
3019 1701 1693 1694 1702
3020 2942 2941 2948 2946
3021 2294 2295 2301 2305
3022 4775 4772 4774 4763
3023 5149 5222 5110 5138
3024 5055 5027 5026 4985
3025 5918 5922 5916 5923
3026 6159 6257 6171 6130
3027 6125 6171 6132 6133
3028 3626 3595 3592 3600
3029 3692 3740 3902 3698
3030 4685 4547 129 132
3031 770 779 776 768
3032 6071 6075 6077 6073
3033 5130 5136 5133 5137
3034 1484 1480 1492 1129
3035 6248 6242 6257 6258
3036 526 585 527 569
3037 3812 3775 3804 5947
3038 407 430 410 418
3039 5197 5209 5202 5223
3040 110 117 778 781
3041 1322 1366 1225 1184
3042 3154 3504 3193 3213
3043 3330 3320 4146 3321
3044 4467 3880 3865 3919
3045 3243 3250 3247 5894
3046 5050 5049 5048 5014
3047 2329 2050 1967 2038
3048 4274 4270 4268 4287
3049 1570 1603 1575 1576
3050 1839 1855 1810 1840
3051 3362 3428 3273 3433
3052 4593 4594 4587 4258
3053 2936 3003 3029 2947
3054 3464 3605 3613 3476
3055 5829 5868 6031 4021
3056 5026 4913 5136 5192
3057 3994 4003 4310 4004
3058 783 791 1085 807
3059 5830 5642 5833 5837
3060 345 346 342 347
3061 1558 1560 1496 1507
3062 2050 2105 1994 2023
3063 4958 4960 4970 4971
3064 636 592 682 781
3065 5831 5834 5833 5855
3066 6121 6272 6124 6148
3067 5139 5190 5191 5193
3068 4763 4955 4915 4889
3069 4628 4637 4625 4649
3070 3816 3824 3814 3825
3071 4095 4103 4099 4104
3072 3774 3862 3852 3783
3073 5026 5027 5055 5097
3074 3440 3441 3445 3447
3075 3421 3423 3427 3721
3076 3800 3777 4432 3811
3077 4516 681 4524 4550
3078 4220 4700 4560 4169
3079 4358 4320 4325 4364
3080 2096 2105 2099 2106
3081 50 96 46 53
3082 6126 6127 6124 6131
3083 5378 5364 5366 5322
3084 5976 5998 6017 5977
3085 4697 4704 4123 4174
3086 2505 2512 2503 2513
3087 4361 4637 4355 4702
3088 1781 1882 1870 1883
3089 1738 1741 1739 1743
3090 5151 5336 5236 5193
3091 1413 1410 1409 1420
3092 661 660 658 665
3093 29 31 1953 40
3094 590 711 500 780
3095 4260 4268 4270 4272
3096 4219 4273 4245 4231
3097 3523 3718 3430 3530
3098 4430 4127 4433 4437
3099 6097 6092 6098 6103
3100 2112 2134 2111 2119
3101 128 132 131 152
3102 1338 1367 1366 1339
3103 1488 1492 1480 1129
3104 6085 6088 6081 6091
3105 3193 3261 3258 3197
3106 4360 4365 4367 4368
3107 3737 3740 3733 3741
3108 4219 4315 4273 4231
3109 4660 4687 129 4423
3110 2003 1998 1997 2008
3111 5363 5433 5362 5350
3112 3040 3039 3114 3045
3113 4495 753 77 4424
3114 1995 2021 1966 2023
3115 75 79 77 95
3116 69 70 76 81
3117 2011 2020 2022 2010
3118 1822 1820 1826 1814
3119 1126 1128 1119 1142
3120 4544 4524 681 4550
3121 4306 4311 4159 4160
3122 402 417 392 403
3123 114 130 129 132
3124 3141 3853 3085 3142
3125 1469 1478 1506 1548
3126 3816 3824 3820 6007
3127 735 730 736 738
3128 1600 1737 1739 1604
3129 5960 5962 5961 5963
3130 3099 3902 3908 3643
3131 5702 5711 5726 5727
3132 1259 1268 1199 1212
3133 4218 4310 4224 4225
3134 1950 1810 1813 1784
3135 3157 3168 3378 3322
3136 2370 2519 2355 2526
3137 2453 2449 2764 2456
3138 2512 2513 2514 2526
3139 770 776 779 780
3140 1518 1224 1212 1226
3141 3901 3862 3915 3924
3142 3241 3245 3244 3249
3143 1230 1240 1237 1241
3144 589 594 592 596
3145 3564 3568 3562 3572
3146 3862 3865 3864 3909
3147 101 105 107 108
3148 4224 4227 4225 4231
3149 539 1250 435 1256
3150 4763 4955 4947 5069
3151 2974 3038 2973 2989
3152 3715 3719 4429 3722
3153 1002 1029 1156 1057
3154 477 476 481 488
3155 4682 4684 4688 4701
3156 3750 3751 3815 3823
3157 5149 5151 5236 5193
3158 734 728 732 750
3159 2320 2330 2327 2233
3160 2493 2519 2488 2513
3161 1739 1741 1593 1604
3162 3038 3040 3041 3045
3163 4205 4288 4300 4301
3164 117 679 636 683
3165 634 638 637 666
3166 3771 3800 3777 3779
3167 1879 1881 1882 1884
3168 4332 767 754 4342
3169 4682 4688 4683 4562
3170 4962 4965 4928 4971
3171 3715 3719 3714 3920
3172 5700 5701 5711 5712
3173 4414 73 77 81
3174 4014 6102 6089 6090
3175 4467 4415 4450 4481
3176 4686 4431 4693 4426
3177 1079 783 791 1085
3178 3421 3721 3427 3722
3179 5027 5013 5026 4985
3180 1142 1130 1056 1073
3181 416 417 402 1183
3182 4543 4700 4594 4565
3183 6030 6031 5835 5868
3184 471 487 472 570
3185 1822 1826 1854 1814
3186 3427 3721 3565 3722
3187 1881 1879 1659 1869
3188 1090 1036 1102 1043
3189 3963 3964 3976 3965
3190 4123 4126 4167 4171
3191 4218 4099 4310 4127
3192 4416 135 129 4423
3193 527 431 416 569
3194 6287 6271 6261 6272
3195 1738 1740 1739 1741
3196 4144 3998 4146 4159
3197 3950 4005 4032 3951
3198 3257 3154 3182 3169
3199 24 1839 29 361
3200 3994 4002 4310 4003
3201 1506 1450 1405 1507
3202 5807 5806 5811 5822
3203 5525 5531 5529 5518
3204 4922 4982 4943 4928
3205 636 779 639 653
3206 5642 5657 5833 5837
3207 1570 1603 1568 1575
3208 4001 3274 3978 4132
3209 3255 3429 3423 3433
3210 1306 1310 1275 1283
3211 499 638 626 432
3212 1013 1002 1016 1017
3213 6048 6043 6046 6050
3214 5944 6050 6126 5963
3215 4479 3866 4444 4450
3216 2265 2275 2286 2289
3217 4252 4244 4258 4246
3218 636 781 117 122
3219 5126 5128 4979 5137
3220 2907 2931 2791 2933
3221 4013 3773 3777 4410
3222 1994 1966 2050 2023
3223 3423 3255 3525 3723
3224 1378 1224 1519 1226
3225 5760 5758 5761 5769
3226 4677 4660 779 4665
3227 5879 5832 6030 5882
3228 4445 4355 4662 4664
3229 326 345 325 347
3230 1321 1313 1320 1324
3231 4013 4397 4365 4021
3232 5565 5563 5518 5573
3233 3423 3429 3255 3723
3234 4218 4225 4224 4227
3235 658 661 665 625
3236 3814 3751 3818 6005
3237 4116 4118 4100 5321
3238 4559 4169 4202 4170
3239 4694 4624 4678 4680
3240 14 24 39 40
3241 3950 4014 4005 3951
3242 3634 3099 3905 3643
3243 6097 6093 6095 6092
3244 3812 6060 6019 3824
3245 4596 4543 4522 4523
3246 4413 4420 4417 4426
3247 4545 4561 4543 4546
3248 5472 5454 5447 5462
3249 3521 3423 3525 3530
3250 412 399 417 403
3251 4146 3978 3274 4132
3252 4467 4493 4415 4481
3253 298 305 327 611
3254 5026 5070 5097 4985
3255 4444 4409 4443 4410
3256 4218 4224 4226 4227
3257 5054 5055 5098 5056
3258 2870 2875 2759 2763
3259 2111 1982 1994 2134
3260 3710 3720 3524 3725
3261 3244 3262 3242 3278
3262 5128 4981 4979 5137
3263 1951 1952 52 1953
3264 636 593 776 781
3265 113 180 112 121
3266 4622 4621 4615 4222
3267 3521 3525 3263 3531
3268 5149 5165 5136 5166
3269 5351 5352 5108 5150
3270 3514 3710 3519 3528
3271 4413 4415 4493 4448
3272 724 725 387 374
3273 173 20 179 25
3274 5449 5460 5443 5447
3275 5850 5853 5848 5854
3276 589 682 593 600
3277 110 114 117 122
3278 2477 2466 2473 2471
3279 5438 5447 4243 5475
3280 362 373 347 375
3281 111 594 592 118
3282 1694 1695 1702 1925
3283 4559 4169 4170 4566
3284 5891 3250 5908 5894
3285 3891 3668 3913 4427
3286 4681 129 4687 4423
3287 3033 3040 3114 3045
3288 5105 5351 5108 5150
3289 5486 4269 5391 5448
3290 2357 2673 2672 2526
3291 5438 4233 4236 4243
3292 5099 5221 5216 5223
3293 3256 3262 3258 3264
3294 6145 6147 5923 6104
3295 3779 3807 3911 3924
3296 1270 1311 1367 1226
3297 472 431 430 433
3298 4144 4146 3998 4132
3299 3652 3665 3645 3658
3300 3253 3524 3256 3264
3301 4220 4244 4696 4258
3302 543 584 416 569
3303 1038 1101 1029 1043
3304 3950 4014 3951 4007
3305 4683 4689 4682 4562
3306 3306 3936 3247 3251
3307 691 694 692 725
3308 707 500 711 780
3309 3707 3709 3711 3613
3310 5830 5821 5655 5837
3311 4413 4510 4493 4494
3312 1322 1212 1211 1184
3313 4220 4169 4560 4174
3314 3863 3900 3141 3853
3315 5017 5082 5085 5028
3316 511 1323 402 403
3317 4960 4959 4958 4970
3318 5633 5642 5632 5643
3319 108 109 105 152
3320 5378 5334 5486 5490
3321 2894 2889 2897 2902
3322 6031 6033 6030 6034
3323 5408 5406 5407 5476
3324 3253 3768 3503 3532
3325 609 611 306 625
3326 3717 3628 3718 3727
3327 3816 3820 3824 3825
3328 4075 4076 4272 5321
3329 4445 4355 4664 4453
3330 3739 3489 3503 3532
3331 678 596 665 682
3332 1450 1421 1492 1422
3333 3514 3710 3513 3519
3334 5783 5834 5744 5741
3335 2031 2024 1967 2038
3336 4374 4381 4380 4384
3337 4144 3998 3990 4132
3338 5934 6004 3820 5948
3339 3857 3141 3135 3853
3340 5135 5027 5041 5138
3341 1359 1366 1367 1339
3342 3522 3526 3154 3169
3343 477 481 480 488
3344 5041 5027 5026 5138
3345 1829 1839 1813 1840
3346 1715 1757 1771 1716
3347 1405 1477 1072 1478
3348 1457 1445 1459 1464
3349 4479 3867 3865 3838
3350 195 133 179 181
3351 1812 1950 1924 1925
3352 5819 6287 6243 6128
3353 3359 3363 3360 3365
3354 3915 4447 3911 3779
3355 5685 5629 5627 5615
3356 3819 3776 3800 3782
3357 5864 5835 5831 5854
3358 6127 6132 6171 6133
3359 5820 5837 5602 5629
3360 5136 5137 5026 5138
3361 4899 4894 4897 4902
3362 4887 4921 4950 4889
3363 2849 2744 2852 2876
3364 1337 403 1323 1339
3365 502 528 527 513
3366 3521 3525 3524 3530
3367 5829 5767 5836 5839
3368 738 712 776 752
3369 2936 3130 3003 2947
3370 3033 3114 3104 3045
3371 1694 1702 1692 1925
3372 1181 1256 543 446
3373 1601 2137 2140 2149
3374 2762 2774 2834 2776
3375 111 594 609 596
3376 3678 3736 3735 3489
3377 6243 6257 6270 6287
3378 327 602 611 612
3379 527 499 590 500
3380 4526 4544 4527 109
3381 3080 3084 3752 3850
3382 609 306 111 596
3383 4596 4543 4523 4609
3384 426 432 428 433
3385 5135 5110 5222 5138
3386 5040 5110 5041 5125
3387 3205 3198 3212 3213
3388 3738 3917 3914 3922
3389 2939 3085 3130 2947
3390 1879 1811 1810 1781
3391 747 761 736 752
3392 725 374 724 726
3393 1733 1757 1743 1729
3394 6249 6258 6159 5699
3395 3267 3256 3257 3263
3396 210 212 214 217
3397 3267 3263 3257 3276
3398 4526 4531 4527 4539
3399 5944 5946 5961 5951
3400 3003 3114 3002 2989
3401 2105 2079 2078 2093
3402 3666 3658 3650 3699
3403 1968 1980 1994 1981
3404 1310 1290 1275 1283
3405 4374 4381 4384 4366
3406 1879 1659 1702 1618
3407 6004 6006 6005 6008
3408 1420 1405 1421 1407
3409 5460 5461 5420 5462
3410 3524 3720 3710 3528
3411 3240 3245 5946 3250
3412 4955 4970 4958 5069
3413 438 440 553 446
3414 1420 1450 1405 1465
3415 4014 6089 5767 6090
3416 608 609 604 625
3417 4560 4169 4167 4174
3418 118 119 115 122
3419 4086 4085 4092 4077
3420 1928 1802 1828 1813
3421 1501 1506 1504 1507
3422 1336 417 413 1353
3423 3241 3816 3195 3197
3424 2329 2303 2038 2345
3425 131 132 108 152
3426 2079 2106 2105 2023
3427 64 68 386 390
3428 4126 3255 3429 3723
3429 1492 1507 1486 1493
3430 3256 3254 3262 3264
3431 4558 4548 4543 4565
3432 4503 4510 4493 4481
3433 1984 1982 1983 1996
3434 3412 4186 3418 4187
3435 2794 2809 2792 2805
3436 3033 3105 3104 3114
3437 4674 4675 4518 4679
3438 3732 3730 3736 3769
3439 516 1178 515 529
3440 1968 2118 1994 2119
3441 2115 2099 2096 2105
3442 2138 2144 2148 2149
3443 5636 5630 5633 5643
3444 112 120 180 181
3445 5955 5962 5960 5963
3446 3253 3503 3261 3532
3447 4900 4894 4899 4902
3448 3663 3665 3667 3669
3449 3418 3404 3392 3431
3450 51 53 96 54
3451 2992 3003 3129 3142
3452 3362 3379 3378 3366
3453 1253 1250 1255 1256
3454 3443 3445 3526 3447
3455 1449 1417 1463 1465
3456 3306 3293 3243 5894
3457 1450 1422 1492 1507
3458 1484 1119 1118 1129
3459 2866 2868 2860 2876
3460 5486 5334 5378 5321
3461 4093 4098 4388 4102
3462 3801 3714 3917 3725
3463 3146 3182 3155 3169
3464 3505 3508 3518 3476
3465 3912 3921 3666 3643
3466 3565 3718 3427 3571
3467 6031 5868 4013 4021
3468 344 1783 347 390
3469 6269 5952 5953 5963
3470 5864 5867 5880 5868
3471 3420 3568 3404 3572
3472 3730 3732 3731 3769
3473 4380 4098 4382 4385
3474 4433 4689 4695 4440
3475 1736 1733 1743 1729
3476 1222 1224 1378 1226
3477 3801 3917 3714 3809
3478 114 115 112 121
3479 4681 4416 4417 4427
3480 3256 3524 3801 3264
3481 1850 1849 1848 1854
3482 3053 3050 3056 3101
3483 1879 1925 1910 1884
3484 4086 4079 4085 4083
3485 3996 4002 3994 4008
3486 3619 3475 3464 3613
3487 4221 5486 4272 5321
3488 3663 3594 4691 3597
3489 5197 5202 5085 5223
3490 4188 3428 3418 4173
3491 3175 3183 3226 3155
3492 5399 5396 5404 5433
3493 5830 5833 5642 5855
3494 2292 2295 2299 2304
3495 1603 2149 2104 1728
3496 3256 3263 3525 3531
3497 1338 1366 1322 1339
3498 4226 4703 4698 4706
3499 1694 1702 1691 1690
3500 3370 3346 3419 3379
3501 4220 4242 4225 4231
3502 3661 3894 3665 3642
3503 1484 1492 1480 1493
3504 3862 3866 3915 3783
3505 738 776 751 752
3506 51 65 64 68
3507 5911 5920 5914 6110
3508 4957 4958 4970 5069
3509 3715 3668 3663 4691
3510 5420 5461 5452 5462
3511 3503 3489 3502 3532
3512 3421 4564 3429 4171
3513 3105 3033 3040 3114
3514 4058 4060 4059 4061
3515 195 179 172 181
3516 3738 3524 3739 3806
3517 4014 3950 4005 4007
3518 5767 4102 5829 4018
3519 2366 2385 2507 2513
3520 1927 1800 1813 1924
3521 1404 1216 1269 1408
3522 4384 4098 4112 4119
3523 3566 3627 3626 3628
3524 4379 4112 4111 4384
3525 1345 1359 1334 1339
3526 522 527 524 528
3527 1697 1659 1653 1660
3528 1697 1699 1696 1702
3529 3502 3154 3257 3526
3530 179 180 172 181
3531 4218 4127 4225 4705
3532 3862 3821 3776 3924
3533 3900 3072 3740 3086
3534 4124 4126 3255 3429
3535 4671 4679 4667 4663
3536 3176 3168 3174 3183
3537 1678 1689 1682 1690
3538 73 135 4416 4423
3539 3663 3668 3665 3669
3540 2759 2875 2760 2763
3541 4492 3884 4414 81
3542 4428 4435 4449 4454
3543 567 569 416 570
3544 1733 1707 1757 1729
3545 5873 5872 5869 5879
3546 3084 3083 3085 3071
3547 1271 1270 1280 1283
3548 3193 3261 3257 3276
3549 4678 4679 4675 4680
3550 4122 4124 4125 4130
3551 4242 4273 4315 4231
3552 5425 5433 5112 5434
3553 413 417 418 1353
3554 1811 1781 1879 1771
3555 1686 1658 1642 1689
3556 1886 1885 1887 1883
3557 3607 3609 3612 3613
3558 724 712 593 781
3559 4060 4032 4103 4033
3560 1322 1211 1311 1312
3561 1016 1013 1152 1002
3562 3684 3672 3680 3683
3563 4339 4662 777 4340
3564 661 664 665 666
3565 4327 4453 4449 4454
3566 908 915 907 920
3567 493 527 522 585
3568 5055 5013 5027 4985
3569 5827 5831 5834 5839
3570 73 129 135 4423
3571 1982 1968 2118 1994
3572 3777 4437 4432 3811
3573 6240 6235 6287 5823
3574 2794 2819 2809 2805
3575 499 431 527 570
3576 3719 4689 4429 3722
3577 4032 3951 4023 4035
3578 5835 5836 6123 5838
3579 3668 4691 4419 4427
3580 3154 3155 3182 3169
3581 2365 2386 2513 2371
3582 3735 3739 3728 3685
3583 4661 4355 4702 4453
3584 128 4547 4544 4539
3585 6088 5836 6089 6090
3586 3418 4188 3363 3428
3587 3945 3939 3938 3950
3588 775 751 750 95
3589 2034 2031 2032 2037
3590 127 681 4544 4524
3591 64 65 386 68
3592 5700 5712 5820 5799
3593 2051 2038 2303 2345
3594 1337 1183 417 460
3595 3800 3802 3777 3811
3596 3911 3918 3917 3920
3597 3998 4125 4313 4133
3598 845 849 848 850
3599 6253 6159 6249 6257
3600 516 515 519 529
3601 5726 5724 5711 5713
3602 4420 778 79 136
3603 5932 5928 5934 5936
3604 1443 1444 1440 1449
3605 5084 5223 5085 5028
3606 2047 2078 2043 2051
3607 761 776 763 752
3608 4381 4380 4384 4385
3609 476 487 450 458
3610 128 108 132 152
3611 1813 1784 1839 1953
3612 3475 3405 3460 3476
3613 3663 3598 3667 3670
3614 637 665 678 668
3615 1881 1879 1869 1884
3616 4970 5069 5055 5014
3617 5338 5352 5363 5112
3618 3240 3804 3245 3252
3619 3316 3320 3312 3322
3620 4893 4890 4829 4846
3621 4441 3913 4421 3919
3622 5763 6085 6090 5769
3623 2312 2301 2295 2304
3624 1503 1489 1486 1493
3625 444 445 443 446
3626 5917 5921 5913 5915
3627 3591 3597 3593 137
3628 5363 5362 5433 5335
3629 2478 2484 2481 2471
3630 3244 3262 3260 3252
3631 5317 5318 5319 5321
3632 5763 6090 5767 5769
3633 5404 5407 5399 5433
3634 4361 4637 4383 4356
3635 3714 3715 3724 3727
3636 4922 5070 4982 4928
3637 98 108 106 116
3638 6126 5963 6050 6131
3639 1675 1688 1685 1758
3640 3912 3665 3642 3671
3641 5879 5821 5810 5881
3642 592 594 589 599
3643 6172 6171 6127 6173
3644 5359 5357 5356 5365
3645 1211 1212 1197 1184
3646 3397 3454 3543 3405
3647 3900 3903 3863 3141
3648 326 345 370 372
3649 3814 6006 3816 3825
3650 548 552 544 557
3651 127 129 4687 4547
3652 5911 5910 5923 6119
3653 3374 3417 3361 3363
3654 6123 6089 6088 5836
3655 5026 4983 4913 4985
3656 4662 4355 4661 4664
3657 4830 4902 4788 4846
3658 4494 753 4495 4424
3659 5774 5776 5782 5784
3660 2295 2299 2304 2119
3661 3362 3378 3364 3366
3662 776 752 761 768
3663 591 568 711 726
3664 450 480 451 487
3665 3000 3003 2998 3004
3666 372 118 111 123
3667 3645 3658 3665 3670
3668 3095 3640 3096 3740
3669 2275 2289 2265 2276
3670 5026 5097 5055 4985
3671 5408 5409 5406 5476
3672 3602 3605 3611 3613
3673 3268 3336 3272 3321
3674 3241 3820 3245 5950
3675 4681 4417 4419 4427
3676 3522 3527 3424 3529
3677 3995 3978 4001 3274
3678 3949 3948 3950 3992
3679 1781 1826 1810 1785
3680 3083 3141 3085 3142
3681 1545 1506 1504 1549
3682 1378 1224 1222 1408
3683 4891 4902 4893 4846
3684 3912 3892 3887 3894
3685 1392 1394 1420 1407
3686 6144 6121 5909 6124
3687 3002 3114 3003 3004
3688 4622 4222 4648 4230
3689 4125 4129 4167 4172
3690 1306 1311 1274 1533
3691 3857 3864 3141 3853
3692 730 738 750 752
3693 5554 5550 5556 5560
3694 5026 4914 5070 4985
3695 3911 3779 4432 3805
3696 3918 3807 3914 3924
3697 3870 3834 3868 3880
3698 1994 2304 2050 1980
3699 440 555 553 459
3700 4619 4678 4661 4623
3701 190 1 134 3599
3702 5407 5433 5362 5335
3703 711 712 724 726
3704 3834 3838 4462 4468
3705 4441 4444 3866 4450
3706 5181 5165 5192 5193
3707 1181 584 1256 1197
3708 1741 1728 1721 1576
3709 489 431 402 513
3710 3750 3803 3823 3754
3711 1028 1392 1421 1030
3712 3256 3254 3260 3262
3713 5051 5048 5055 5056
3714 4560 4170 4169 4566
3715 4947 4763 4900 4956
3716 5603 5531 5529 5615
3717 1724 1995 1955 1742
3718 3652 3665 3658 3642
3719 3245 3804 3254 3252
3720 5460 5452 5461 5462
3721 5160 5163 5131 5166
3722 5084 5085 5082 5028
3723 565 542 552 571
3724 5929 5977 5976 5934
3725 1028 1421 1056 1030
3726 2493 2512 2519 2513
3727 1322 1211 1197 1184
3728 4553 3383 4545 4563
3729 5317 5321 5319 5322
3730 664 662 660 665
3731 1405 1394 1393 1407
3732 3305 3247 3306 3937
3733 1256 446 1181 1241
3734 3256 3253 3258 3261
3735 3463 3475 3454 3460
3736 1556 1554 1555 1563
3737 590 593 711 780
3738 5486 4228 4269 5448
3739 2037 1966 2032 2021
3740 5929 5934 5976 6021
3741 4698 4703 4226 4651
3742 1877 1881 1874 1883
3743 3378 3168 3268 3322
3744 5701 5711 5702 5727
3745 1156 1056 1142 1130
3746 664 662 665 668
3747 3910 3913 3916 3923
3748 3257 3526 3522 3529
3749 4613 4678 4672 4623
3750 6088 5768 6081 6091
3751 2258 2257 2256 2261
3752 5174 5165 5153 5178
3753 5328 5327 5326 5334
3754 3405 3406 3422 3431
3755 5782 5783 5765 5768
3756 4681 4419 4691 4427
3757 77 4495 4414 81
3758 5776 5768 5783 5784
3759 4434 4365 4443 4367
3760 2330 2331 2329 2345
3761 3952 6090 6102 3951
3762 3293 5893 3243 5894
3763 1135 1134 1139 1142
3764 558 544 584 545
3765 3281 3183 3270 3294
3766 1409 1420 1450 1422
3767 3679 3741 3698 3685
3768 5449 5458 5389 5460
3769 4442 4327 4452 4454
3770 3391 4561 4545 4563
3771 3654 3586 3658 3670
3772 5571 5656 5572 5573
3773 776 712 763 752
3774 3863 3867 3862 3852
3775 701 697 738 712
3776 4413 4493 4495 4424
3777 3240 3245 3244 3252
3778 4896 4897 4902 4860
3779 3270 3337 3268 3275
3780 3658 3642 3665 3671
3781 1288 1290 1312 1297
3782 4587 4593 4591 4594
3783 2456 2903 2834 2776
3784 3242 3227 3293 3294
3785 1879 1812 1925 1884
3786 2188 2190 2326 2330
3787 5041 5032 4999 5042
3788 5139 5191 5151 5193
3789 6036 6041 6042 6038
3790 5563 5562 5518 5546
3791 4415 4448 4441 4450
3792 2811 2809 2813 2819
3793 4033 4034 4032 4035
3794 680 667 660 668
3795 112 133 131 181
3796 2456 2540 2903 2776
3797 5454 5446 5472 5447
3798 1056 1030 1421 1058
3799 2115 2105 2096 2106
3800 1505 1504 1506 1507
3801 3515 3518 3514 3519
3802 4432 3911 3805 3808
3803 3915 3779 3911 3924
3804 4429 4419 4436 3920
3805 430 472 416 431
3806 1072 1406 1372 1058
3807 1156 1101 1129 1031
3808 3256 3525 3255 3266
3809 2679 2883 2675 2889
3810 2376 2374 2372 2386
3811 1839 1813 1810 1784
3812 3210 3224 3211 3213
3813 2249 2261 2307 2318
3814 678 682 679 683
3815 5697 5782 5692 5699
3816 5097 5070 5026 4914
3817 1828 1802 1806 1813
3818 3776 3780 3772 3782
3819 2131 2134 2127 2149
3820 4615 4612 4624 4246
3821 1682 1689 1688 1690
3822 1421 1030 1392 1058
3823 1414 1492 1488 1102
3824 33 36 42 40
3825 6088 6171 6132 6091
3826 2540 2527 2528 2499
3827 110 115 114 122
3828 3241 3245 3249 5950
3829 5062 4918 5069 5070
3830 5944 6031 5945 6126
3831 3239 3249 3293 5893
3832 3761 3764 3766 3769
3833 3220 3216 3215 3226
3834 471 472 487 473
3835 2874 2933 2834 2776
3836 386 371 68 82
3837 14 39 24 27
3838 2104 1996 2134 2023
3839 5843 5853 5842 5855
3840 5776 5783 5782 5784
3841 3912 3901 3905 3906
3842 51 40 53 54
3843 5134 5133 5132 5136
3844 2663 2662 2705 2669
3845 3085 3141 3084 3853
3846 4309 4313 4310 4062
3847 3521 3424 3430 3527
3848 2910 2922 2918 2931
3849 593 712 724 599
3850 3819 3776 3813 3821
3851 4681 4417 4416 4423
3852 1910 1911 1879 1884
3853 5819 6271 6287 6128
3854 1803 1807 1804 1811
3855 1700 1693 1702 1689
3856 6041 6050 6022 6032
3857 3913 4436 4419 3920
3858 2337 2343 2336 2303
3859 567 568 591 571
3860 72 77 76 81
3861 128 4539 109 152
3862 3914 3918 3917 3807
3863 3258 3261 3253 3197
3864 3713 3612 3628 3726
3865 5934 3820 6004 6007
3866 2329 2304 2303 2318
3867 3423 3521 3430 3530
3868 2188 2316 2317 2330
3869 6059 6060 3818 6020
3870 4221 5486 4118 4228
3871 4121 4127 4004 4131
3872 1224 1269 1216 1408
3873 2764 2456 2810 2774
3874 5422 5433 5236 5112
3875 1994 2050 1966 1980
3876 5036 5041 4999 5125
3877 165 167 131 137
3878 6240 6243 5795 5799
3879 3901 3862 3924 3909
3880 622 661 665 666
3881 3778 3780 3772 3783
3882 3591 3595 3626 3600
3883 338 326 325 347
3884 3626 3627 3592 3628
3885 1059 1478 1072 1143
3886 5027 5097 5135 5085
3887 6102 6090 4014 3951
3888 5934 6019 6004 5948
3889 144 165 157 152
3890 4593 4543 4594 4565
3891 1615 1688 1702 1618
3892 5486 5488 4228 5475
3893 3818 3751 3815 5993
3894 6251 6243 6250 6257
3895 560 559 567 571
3896 4165 3418 3428 4170
3897 1741 1721 1730 1576
3898 392 417 399 403
3899 5865 5866 5864 5867
3900 1263 1267 1262 1268
3901 2383 2385 2366 2386
3902 4296 4271 4262 4314
3903 4381 4384 4366 4385
3904 340 345 342 333
3905 4913 5178 5192 4914
3906 5528 5661 5663 5686
3907 1696 1697 1702 1659
3908 3421 4564 3427 3432
3909 4540 4543 4596 4609
3910 1694 1692 1702 1690
3911 3739 3806 3524 3532
3912 4432 3779 3800 3805
3913 4361 4702 4355 4453
3914 416 431 472 570
3915 3514 3519 3518 3528
3916 3813 3776 3819 3782
3917 584 1197 1181 1183
3918 3185 3194 3189 3198
3919 5452 5420 5418 5461
3920 4922 4943 5070 4914
3921 587 372 594 612
3922 4429 4446 4435 4436
3923 624 595 610 557
3924 1904 1903 1905 1910
3925 3503 3768 3739 3532
3926 2380 2384 2385 2386
3927 3664 3658 3586 3670
3928 138 151 4537 148
3929 3904 3907 3914 3908
3930 607 610 609 612
3931 5944 6126 5960 5963
3932 2336 2331 2335 2345
3933 5384 5391 5460 5392
3934 1560 1501 1498 1507
3935 4593 4594 4700 4565
3936 2790 2921 2935 2932
3937 4694 4624 4696 4707
3938 347 390 1783 375
3939 986 989 978 1086
3940 6030 6033 6031 5868
3941 1829 1813 1839 1953
3942 4670 4678 4624 4680
3943 133 134 25 135
3944 6068 6052 6069 6063
3945 3506 3516 3507 3490
3946 5866 5643 5859 5853
3947 633 637 628 638
3948 1774 337 346 347
3949 3349 3419 3422 3406
3950 543 584 544 545
3951 1505 1501 1504 1507
3952 4310 4129 4003 4313
3953 3283 3270 3183 3337
3954 4939 5170 5168 5178
3955 4676 127 4687 4547
3956 4558 4543 4561 4565
3957 5841 5833 5642 5657
3958 127 129 4547 132
3959 4982 5070 4955 4928
3960 4659 4687 4686 4693
3961 734 55 750 67
3962 3815 3752 3750 3754
3963 4658 4657 4656 4661
3964 3760 3732 3503 3769
3965 1060 1061 1059 1072
3966 636 682 593 781
3967 1029 989 1002 1086
3968 1800 1812 1809 1814
3969 5339 5112 5350 5434
3970 126 134 135 3597
3971 5550 5554 5556 5553
3972 3935 3305 3301 3306
3973 4786 4752 4750 4788
3974 5571 5602 5595 5656
3975 3932 3964 3929 3997
3976 4090 4023 4032 3951
3977 3911 3807 3918 3924
3978 3253 3768 3749 3825
3979 749 750 95 753
3980 3 7 4 3667
3981 636 682 592 122
3982 1880 1883 1871 1896
3983 3363 4188 4122 3428
3984 4380 4382 4384 4385
3985 2134 1996 2104 1728
3986 2819 2834 2762 2774
3987 4442 4452 4449 4454
3988 69 76 70 54
3989 4433 3808 4689 4440
3990 5891 6102 3997 6103
3991 775 750 752 753
3992 775 751 79 778
3993 4295 4242 4273 4301
3994 5862 4391 4390 4398
3995 4041 4272 4076 4049
3996 4559 4202 4169 4566
3997 4220 4696 4700 4258
3998 5136 4913 5026 5137
3999 3818 6005 3751 5993
4000 2859 2866 2860 2876
4001 4004 4437 3259 4131
4002 4120 4125 4130 4132
4003 2979 2961 2966 2975
4004 2522 2519 2525 2526
4005 3857 3137 3135 3141
4006 4540 4541 4522 4550
4007 5177 5153 5157 5178
4008 4179 4188 4186 4189
4009 3378 3379 3377 3366
4010 3146 3173 3182 3169
4011 3818 3819 3814 3824
4012 5762 5766 5760 5769
4013 3253 3256 3258 3264
4014 4224 4226 4219 4229
4015 4362 4020 4365 4021
4016 1675 1685 1688 1690
4017 5378 5364 5362 5365
4018 4979 4913 5137 4984
4019 6102 6104 5891 6105
4020 103 108 98 680
4021 5891 6104 5923 6105
4022 1774 346 1783 347
4023 5048 5051 5055 5014
4024 6171 5782 5784 6130
4025 4125 4167 4124 4172
4026 5407 5490 5362 5476
4027 5140 5165 5161 5151
4028 4165 3426 3418 4170
4029 386 373 387 389
4030 2556 2565 2563 2568
4031 3256 3525 3524 3531
4032 6106 6117 6116 6103
4033 728 729 732 738
4034 2050 2078 2105 2023
4035 4608 4545 4533 4561
4036 3242 3241 3244 3249
4037 4260 4269 4270 4273
4038 5726 5711 5724 5727
4039 110 130 115 78
4040 3652 3661 3665 3642
4041 6089 6126 6101 6105
4042 3565 3594 3722 3727
4043 1553 1554 1558 1563
4044 4518 4594 4675 4680
4045 4351 4355 4333 4356
4046 5925 3195 5935 5938
4047 4656 4657 4636 4661
4048 3130 3085 3003 2947
4049 3813 6061 3851 3852
4050 2512 2471 2540 2527
4051 594 118 372 597
4052 3104 3101 3042 3045
4053 1405 1477 1492 1421
4054 2511 2366 2507 2513
4055 452 455 487 557
4056 4060 4061 4002 4063
4057 468 666 473 474
4058 4647 4702 4698 4703
4059 5433 5335 5407 5336
4060 3317 3312 3320 3322
4061 1106 1115 1107 1171
4062 3903 3905 3099 3908
4063 1987 1725 1742 1728
4064 2819 2763 2791 2806
4065 3574 3606 3612 3586
4066 5137 5125 5026 5138
4067 1886 1872 1885 1883
4068 6101 6102 6089 6105
4069 3784 4411 3787 3795
4070 3243 3293 3242 3249
4071 1601 1603 2137 2149
4072 3566 3626 3627 3545
4073 4622 4621 4222 4230
4074 3270 3336 3268 3337
4075 526 528 527 585
4076 1887 1862 1888 1897
4077 3244 3252 3260 3278
4078 4681 4691 4416 4427
4079 1222 1221 1225 1226
4080 75 67 387 80
4081 622 666 665 625
4082 1745 1749 1746 1757
4083 6243 6257 6242 6258
4084 4543 4700 4565 4551
4085 5418 5420 5414 5461
4086 4271 4287 4262 4314
4087 5487 5460 5486 5490
4088 371 66 345 68
4089 3105 3040 3039 3114
4090 3413 3412 3414 3418
4091 5375 5377 5388 5378
4092 5054 5051 5005 5014
4093 4430 4432 4437 4440
4094 3109 3100 3114 3128
4095 1505 1507 1506 1493
4096 4658 4661 4678 4663
4097 2456 2834 2774 2776
4098 2846 2932 2847 2848
4099 1670 1672 1682 1688
4100 6101 6089 6088 6127
4101 2528 2527 2512 2499
4102 3813 3819 3821 3823
4103 6019 5961 5934 5978
4104 2076 2078 2072 2079
4105 2448 2477 2808 2820
4106 5460 5391 5486 5490
4107 5632 5641 5631 5642
4108 2966 2961 2979 2989
4109 4263 5377 4267 5391
4110 4164 4161 4163 4187
4111 404 413 412 417
4112 3423 3425 3424 3433
4113 775 776 751 778
4114 4661 4664 4355 4453
4115 5944 5946 3775 5947
4116 3591 3593 3596 3600
4117 3521 3524 3720 3530
4118 2329 2276 2272 2345
4119 589 592 593 682
4120 2109 2112 2111 2119
4121 1336 1339 1337 1353
4122 110 117 781 122
4123 5910 5909 5921 5923
4124 4253 4696 4232 4258
4125 6172 6160 6171 6173
4126 3799 3776 3819 3821
4127 5909 5960 5955 5962
4128 3229 3230 3228 3239
4129 3256 3255 3525 3263
4130 3534 3620 3570 3545
4131 1715 1743 1688 1758
4132 5935 5936 5934 5950
4133 711 568 713 726
4134 2475 2477 2481 2484
4135 2747 2758 2749 2875
4136 3775 4016 3802 3804
4137 3620 3626 3627 3629
4138 4096 4648 4223 4650
4139 2006 2037 2044 2010
4140 2234 2232 2243 2233
4141 1806 1840 1813 1814
4142 2762 2763 2819 2777
4143 1644 1640 1643 1646
4144 915 1085 1168 920
4145 5108 5111 5150 5112
4146 5333 5488 4118 5489
4147 4674 4518 4675 4680
4148 4337 4355 4662 4340
4149 6097 6114 6094 6096
4150 4912 5127 4913 5178
4151 4429 3719 3715 3920
4152 5820 5629 5602 5798
4153 953 851 954 928
4154 4449 4452 4327 4454
4155 516 519 521 529
4156 4951 4965 4952 4971
4157 5613 5663 5628 5615
4158 590 711 591 568
4159 3939 3945 3944 3950
4160 1466 1471 1467 1477
4161 1280 1518 1311 1226
4162 5829 5836 5767 4018
4163 1307 1303 1308 1312
4164 1156 1002 1171 1086
4165 74 130 115 133
4166 908 849 915 920
4167 6240 6238 5795 6243
4168 3665 3894 3912 3642
4169 3258 3264 3262 3265
4170 3272 3274 3246 3278
4171 5700 5711 5701 5727
4172 3254 3804 3817 3810
4173 51 68 64 390
4174 3817 3254 3264 3265
4175 1468 1506 1477 1493
4176 3521 3263 3424 3529
4177 5363 5350 5362 5364
4178 1540 1548 1506 1549
4179 4165 4167 4124 4171
4180 1932 1918 1924 1941
4181 5097 5070 5055 4985
4182 345 66 113 360
4183 2762 2763 2875 2933
4184 3985 4060 4057 4034
4185 1296 1279 1295 1297
4186 4327 4361 4453 4454
4187 4417 4420 73 4423
4188 4890 4830 4829 4846
4189 5319 5369 5307 5378
4190 1812 1813 1800 1924
4191 2892 2889 2902 2903
4192 3704 3706 3703 3711
4193 1417 1420 1431 1436
4194 4900 4899 4897 4902
4195 4321 4325 4364 4328
4196 3420 3391 3571 3572
4197 1964 1961 1973 1966
4198 3415 3419 3363 3379
4199 1216 1217 1215 1240
4200 4570 4555 4571 4579
4201 2763 2806 2819 2777
4202 2558 2556 2563 2568
4203 3471 3475 3463 3476
4204 918 905 912 913
4205 434 446 435 1241
4206 3222 3155 3226 3213
4207 5067 5087 5097 5056
4208 1995 2008 2021 2023
4209 5222 5110 5235 5236
4210 3814 6004 6005 6020
4211 3272 3273 4120 4128
4212 4165 4167 4170 4173
4213 3465 3474 3466 3476
4214 3256 3255 3260 3266
4215 1731 1738 1739 1743
4216 2762 2875 2749 2776
4217 2288 2278 2287 2289
4218 4220 4225 4242 4168
4219 5370 5378 5392 5365
4220 2675 2541 2523 2526
4221 295 116 303 306
4222 3244 3260 3262 3278
4223 1994 2305 2304 2119
4224 2007 2005 2003 2010
4225 3714 3719 3715 3727
4226 1994 2134 1996 2023
4227 1706 1705 1707 1729
4228 678 679 637 668
4229 5043 5069 5055 5056
4230 6171 6257 6159 6175
4231 126 195 131 133
4232 589 593 592 599
4233 4891 4896 4893 4902
4234 5041 5110 5039 5028
4235 1268 1181 1256 1197
4236 4144 3990 3998 4017
4237 4676 4524 4544 4550
4238 1114 1112 1109 1129
4239 678 680 108 683
4240 1116 1125 1118 1129
4241 6240 5823 6243 5799
4242 5401 5404 5396 5433
4243 3862 3864 3863 3909
4244 457 487 455 557
4245 777 779 4660 4665
4246 2081 2093 2105 2080
4247 1881 1616 1659 1618
4248 384 1876 1895 1896
4249 711 712 706 780
4250 5989 3751 6005 5993
4251 4683 4688 4684 4692
4252 4491 4495 4414 4496
4253 3160 3176 3158 3168
4254 528 529 402 513
4255 5133 5136 5119 5137
4256 4166 4172 4216 4173
4257 1995 1966 1994 2023
4258 4195 4249 4196 4200
4259 637 589 598 600
4260 4469 4473 4479 4482
4261 4429 4689 4684 4692
4262 5149 5136 5111 5166
4263 1950 1784 1813 1953
4264 4673 4668 4674 4679
4265 3593 166 134 3599
4266 4309 4049 4061 4062
4267 1606 1659 1881 1616
4268 471 624 666 473
4269 5772 5782 5774 5783
4270 4534 4545 3557 4539
4271 5865 4102 4097 4021
4272 4912 4911 4910 4913
4273 3865 3906 3864 3909
4274 74 115 130 78
4275 107 108 105 152
4276 4644 4648 4647 4649
4277 1642 1660 1656 1646
4278 1420 1435 1418 1436
4279 1410 1442 1420 1465
4280 4661 4702 4664 4453
4281 2382 2374 2376 2386
4282 3704 3706 3711 3712
4283 3123 3120 3140 3128
4284 1078 915 908 849
4285 718 720 694 725
4286 3419 3425 3422 3431
4287 484 458 1352 418
4288 4158 4216 4151 4160
4289 5976 5934 5978 6021
4290 4662 4663 771 779
4291 4118 5488 5486 5489
4292 4684 4689 4683 4692
4293 5191 5336 5151 5193
4294 3226 3227 3211 3277
4295 2323 2330 2324 2345
4296 3333 3270 3282 3337
4297 3952 3938 6090 3951
4298 2814 2815 2816 2819
4299 2104 2079 2009 2023
4300 5830 5837 5833 5824
4301 3741 3698 3738 3907
4302 458 418 484 488
4303 6171 6172 6257 6175
4304 4327 4364 4319 4356
4305 5925 5935 3195 5937
4306 344 66 24 68
4307 5135 5192 5026 5138
4308 2104 2149 2066 2106
4309 3798 3808 3719 3723
4310 126 131 195 167
4311 3862 3864 3865 3867
4312 2011 2022 2002 2010
4313 342 345 340 346
4314 64 65 51 53
4315 2996 2995 2999 3004
4316 430 488 472 433
4317 386 65 64 388
4318 3003 3085 3130 3142
4319 543 1256 584 545
4320 3771 3779 4447 3866
4321 416 472 487 570
4322 774 772 639 500
4323 5486 4272 4269 4228
4324 524 502 527 500
4325 4355 4637 4661 4702
4326 3478 3504 3488 3490
4327 502 524 527 528
4328 3306 3995 3936 3251
4329 1453 1210 1460 1464
4330 3507 3516 3526 3490
4331 589 594 591 599
4332 1793 1776 1798 1777
4333 1142 1129 1477 1031
4334 4145 4141 4138 4146
4335 1459 1464 1445 1465
4336 3224 3215 3216 3226
4337 1966 1967 1973 1980
4338 2320 2327 2163 2233
4339 5460 5462 5420 5490
4340 5864 5866 5880 5867
4341 3259 4128 3269 4006
4342 4897 4889 4902 4860
4343 649 639 773 779
4344 2105 2106 2115 2119
4345 4120 4128 4125 4133
4346 5443 5436 5447 5448
4347 3243 3247 3306 5894
4348 3784 5880 3773 3797
4349 691 718 694 725
4350 1405 1506 1478 1548
4351 1719 1882 1716 1730
4352 4558 3427 3569 4562
4353 4913 4983 4982 4985
4354 4596 4523 4594 4609
4355 4947 4955 4763 4956
4356 639 500 590 600
4357 1784 1951 1880 390
4358 5929 5976 5998 6021
4359 5521 5525 5517 5518
4360 4249 4200 4195 4201
4361 3999 3259 3802 3252
4362 2444 2457 2445 2499
4363 416 543 487 458
4364 4413 4422 4420 4426
4365 3044 3085 3083 3071
4366 3521 3524 3525 3531
4367 6050 6129 6271 5882
4368 3681 3685 3672 3712
4369 5119 5133 5134 5136
4370 4247 4201 4258 4259
4371 3486 3488 3496 3504
4372 6267 6261 6271 6272
4373 1781 1783 1782 1784
4374 1109 1488 1480 1129
4375 3083 3084 3085 3141
4376 1554 1553 1555 1563
4377 5442 5436 5445 5447
4378 2173 2182 2190 2612
4379 4429 4689 3808 4440
4380 1452 1393 1453 1464
4381 6172 6171 6160 6174
4382 471 432 431 433
4383 3631 3894 3661 3642
4384 5149 5111 5136 5138
4385 5920 5911 5914 5919
4386 5032 4999 5013 5000
4387 4381 4396 4362 4366
4388 3904 3924 3821 3909
4389 1815 1807 1803 1811
4390 3813 3815 3821 3851
4391 416 458 487 472
4392 4199 4247 4201 4258
4393 4919 4955 4921 4889
4394 2292 2311 2312 2304
4395 3663 3669 3667 3597
4396 64 1897 1951 390
4397 1968 1994 1969 1981
4398 3626 3595 3566 3628
4399 2323 2331 2330 2345
4400 5136 5125 5137 5138
4401 4659 4686 4687 4665
4402 1687 1686 1642 1689
4403 5891 5923 5908 5951
4404 4418 767 4342 4511
4405 4418 4494 4413 4424
4406 3591 3594 4685 4549
4407 5370 5378 5387 5392
4408 6125 6130 5782 6132
4409 5671 5630 5636 5643
4410 678 679 680 683
4411 3998 4313 4003 4133
4412 1672 1685 1682 1688
4413 4982 5070 4922 4943
4414 5370 5367 5366 5378
4415 4991 4987 4989 5013
4416 5879 5881 5864 5840
4417 3258 3276 3193 3277
4418 1392 1028 1435 1030
4419 4050 4060 3993 4063
4420 6171 6159 6172 6175
4421 1154 1057 1156 1130
4422 3902 3914 3907 3908
4423 93 70 76 96
4424 4413 4494 4493 4424
4425 3095 3096 3099 3740
4426 5055 5070 4970 4985
4427 1440 1438 1437 1445
4428 5780 5766 5783 5768
4429 1602 2143 1595 1603
4430 3226 3183 3182 3155
4431 3910 3912 3921 3671
4432 2870 2761 2759 2875
4433 1197 1183 584 1198
4434 3359 3414 3360 3363
4435 774 773 639 780
4436 4374 4380 4375 4384
4437 4333 4356 4355 4341
4438 5929 5932 5928 5934
4439 2303 2304 2301 2318
4440 3099 3141 3083 3100
4441 3913 4419 3715 3920
4442 1270 1311 1280 1283
4443 3912 3894 3630 3642
4444 73 4420 77 79
4445 327 372 305 333
4446 3891 3665 3668 3669
4447 3163 3378 3157 3168
4448 1064 1054 1130 1073
4449 2754 2752 2751 2762
4450 5407 5334 5362 5490
4451 1989 1988 1954 1995
4452 568 585 573 569
4453 4085 4092 4102 5755
4454 1469 1506 1540 1548
4455 3243 3249 3244 3250
4456 6102 3951 4014 4007
4457 1968 1976 1980 1981
4458 3916 3892 3919 3906
4459 833 835 831 850
4460 5354 5356 5355 5364
4461 5832 6129 6030 5882
4462 5821 5627 5655 5629
4463 3886 3882 3894 3895
4464 3620 3617 3627 3545
4465 3362 3271 3424 3433
4466 3910 3668 3913 3923
4467 4688 4683 4562 4548
4468 138 4539 150 152
4469 3053 3056 3059 3101
4470 4362 4366 4396 4368
4471 3666 3921 3902 3643
4472 6249 6248 6257 6258
4473 1166 1170 1148 1157
4474 4112 4098 4113 4119
4475 3338 3346 3349 3406
4476 5027 5098 5097 5085
4477 5043 5048 5055 5069
4478 567 610 591 595
4479 1866 1867 1868 1951
4480 3240 4000 3999 3248
4481 2098 2066 2106 2093
4482 3999 4004 3259 4006
4483 678 306 596 119
4484 4378 4377 4112 4384
4485 2120 1996 2134 1728
4486 5510 5509 5520 5518
4487 4060 4002 3993 4063
4488 5831 5835 5829 5854
4489 3905 3908 3902 3643
4490 3718 3427 3423 3721
4491 3168 3268 3337 3275
4492 3887 3894 3892 3881
4493 4663 779 4662 4665
4494 925 928 921 923
4495 2009 2022 2008 2010
4496 1724 1955 1725 1742
4497 1156 1057 1154 1157
4498 3816 3817 3820 3825
4499 665 624 666 598
4500 2746 2748 2864 2876
4501 345 360 113 333
4502 2359 2386 2424 2371
4503 5703 5711 5709 5713
4504 2099 2106 2105 2093
4505 526 402 528 529
4506 5891 3250 3247 3251
4507 5410 5408 5404 5433
4508 589 595 590 599
4509 4271 4273 4242 4301
4510 3273 3428 4124 3433
4511 1180 1289 1182 529
4512 3098 3107 3139 3140
4513 1405 1072 1477 1421
4514 76 75 78 79
4515 5765 5783 5782 5834
4516 5059 5063 5086 5061
4517 6103 6104 6106 6119
4518 5880 5867 6033 5868
4519 404 405 409 418
4520 1998 2060 2073 2009
4521 1203 1305 1300 1311
4522 4982 4970 5069 5070
4523 5960 6126 6124 6131
4524 210 219 223 217
4525 3214 3215 3224 3213
4526 5367 5372 5358 5365
4527 5819 5832 5879 5882
4528 1 11 0 26
4529 2786 2789 2791 3031
4530 711 568 590 500
4531 76 96 51 82
4532 4677 779 4663 4665
4533 4222 4624 4623 4703
4534 2997 2998 3003 3004
4535 4361 4637 4702 4369
4536 3075 2939 2943 3085
4537 52 64 51 53
4538 3802 4437 3777 3811
4539 691 688 718 725
4540 3887 3912 3905 3906
4541 1682 1688 1685 1690
4542 5820 5819 5822 5823
4543 4559 3392 3426 4170
4544 4544 4547 4676 4552
4545 316 314 113 360
4546 665 609 596 625
4547 205 204 218 208
4548 406 464 411 433
4549 1263 1267 1268 1241
4550 3523 3459 3422 3405
4551 3525 3809 3714 3723
4552 1774 1773 1783 1785
4553 774 497 772 500
4554 3414 3412 3416 3418
4555 5334 4118 5486 5489
4556 4443 4435 4434 4367
4557 3910 3916 3913 3918
4558 3513 3710 3514 3712
4559 3799 3914 3807 3924
4560 4647 4637 4661 4623
4561 3423 3429 3425 3433
4562 75 387 67 82
4563 1918 1910 1915 1924
4564 3246 3294 3270 3279
4565 3814 3819 3818 3823
4566 5709 5703 5723 5711
4567 4397 5865 4362 4021
4568 5819 5820 5822 5824
4569 4543 4565 4593 4609
4570 4526 681 4544 109
4571 3194 3503 3188 3212
4572 1696 1653 1697 1659
4573 4199 4593 4201 4202
4574 1871 1880 1896 375
4575 4270 4273 4219 4315
4576 2817 2813 2794 2819
4577 607 609 611 612
4578 4443 4367 4365 4368
4579 1054 1053 1127 1130
4580 5891 3251 3997 4019
4581 5845 5859 5643 5853
4582 2954 2946 2932 2848
4583 5655 5656 5685 5641
4584 1387 1392 1383 1394
4585 2316 2317 2330 2318
4586 4167 4126 4124 4171
4587 1263 1404 1216 1269
4588 1116 1165 1120 1171
4589 5685 5656 5602 5573
4590 4694 4698 4703 4706
4591 4188 3418 4170 4173
4592 4261 4238 4269 4273
4593 344 346 345 347
4594 634 666 637 668
4595 3735 3728 3682 3685
4596 4269 4272 4221 4228
4597 1715 1716 1882 1730
4598 3689 3740 3692 3698
4599 3421 3429 4126 4171
4600 5891 5923 5892 5894
4601 2016 2021 2020 2010
4602 1989 1995 1965 1966
4603 5766 5767 5839 5769
4604 3910 3923 3912 3671
4605 5157 5155 5177 5178
4606 4409 4451 4363 4328
4607 701 697 712 725
4608 6238 6240 6250 6243
4609 2943 2944 2939 2940
4610 592 594 724 118
4611 4982 4970 4955 5069
4612 2298 2303 2343 2080
4613 5864 5868 5835 5854
4614 5043 5055 5048 5056
4615 3523 3405 3422 3430
4616 549 551 550 557
4617 3565 3427 3718 3721
4618 3167 3164 3166 3168
4619 2108 2115 2106 2119
4620 589 591 595 599
4621 4147 3321 3364 4130
4622 5983 3818 6059 6061
4623 679 681 680 683
4624 5370 5366 5368 5378
4625 4371 4383 4374 4384
4626 1663 1575 1741 1674
4627 1553 1558 1437 1563
4628 1337 417 1352 460
4629 4327 4452 4449 4453
4630 3281 3283 3270 3183
4631 1494 1505 1504 1506
4632 3103 3114 3113 3100
4633 3947 3949 3950 3992
4634 4494 4495 4493 4424
4635 3803 3741 3907 3754
4636 1810 1781 1784 1884
4637 1774 335 337 347
4638 3329 3328 3333 3337
4639 3158 3162 3164 3168
4640 78 79 130 83
4641 3912 3666 3642 3643
4642 471 431 499 570
4643 2414 2415 2358 2736
4644 4444 4479 3774 3866
4645 4001 4120 3274 4132
4646 1995 1996 2104 2023
4647 527 431 569 570
4648 3801 3809 3525 3266
4649 5836 5839 5767 5769
4650 1997 2003 2008 2010
4651 1879 1771 1781 1882
4652 235 218 210 204
4653 4118 5488 5333 4650
4654 3901 3916 3912 3921
4655 1951 1897 1880 390
4656 1415 1418 1420 1422
4657 1702 1688 1615 1689
4658 3719 3714 3920 3809
4659 591 597 594 612
4660 713 723 711 726
4661 3738 3698 3741 3685
4662 3752 3850 3815 5993
4663 1494 1505 1506 1493
4664 3211 3227 3242 3277
4665 3592 3627 3612 3628
4666 3449 3451 3450 3461
4667 2290 2292 2299 2304
4668 2037 1966 2050 1967
4669 5564 5572 5580 5560
4670 5782 5784 5768 6132
4671 3428 4170 3418 4173
4672 5406 5404 5408 5407
4673 2866 2869 2868 2875
4674 1161 1120 1165 1171
4675 1774 1783 335 347
4676 3804 3252 3802 3811
4677 76 39 51 54
4678 110 118 115 122
4679 4911 4943 4913 4984
4680 4145 3975 4141 3978
4681 1152 1002 1013 1172
4682 4662 4355 4445 4340
4683 5087 5098 5097 5056
4684 622 624 666 625
4685 2874 2861 2876 2776
4686 1720 2134 2123 1728
4687 3242 3239 3241 3249
4688 3262 3264 3254 3265
4689 126 133 130 135
4690 4121 4004 3259 4131
4691 3216 3224 3226 3227
4692 3080 3069 3070 3084
4693 4893 4902 4890 4846
4694 3271 3275 3182 3276
4695 409 407 410 418
4696 3862 3867 3774 3852
4697 4908 4911 4974 4984
4698 111 596 306 119
4699 5486 4228 4243 5475
4700 1606 1881 1607 1616
4701 763 712 776 780
4702 3891 3668 3665 3923
4703 76 78 75 82
4704 738 750 75 67
4705 4542 3557 4539 4549
4706 111 121 320 123
4707 514 520 519 526
4708 3523 3521 3430 3527
4709 3817 3824 3820 3825
4710 3473 3474 3464 3476
4711 5384 5443 5460 5391
4712 4540 4546 4541 4550
4713 2050 2105 2078 2080
4714 2746 2749 2748 2876
4715 775 752 767 753
4716 4123 4704 4126 4171
4717 1994 1966 1995 1981
4718 5128 5129 4981 5137
4719 3211 3193 3277 3197
4720 1307 1309 1310 1312
4721 1148 1157 1170 1130
4722 128 3557 3558 4549
4723 6093 6102 6103 3965
4724 2008 2009 2079 2023
4725 2526 2358 2699 2669
4726 4982 4970 5070 4985
4727 4121 4124 4128 4133
4728 3524 3261 3256 3531
4729 1135 1139 1136 1142
4730 3619 3475 3613 3627
4731 3336 3274 3272 3321
4732 2063 2057 2054 2066
4733 5745 5766 5744 5783
4734 2343 2298 2300 2303
4735 1990 1991 1995 1981
4736 5420 5490 5462 5476
4737 4057 4060 4054 4034
4738 4097 4362 5865 4021
4739 4166 4168 4216 4172
4740 5745 5750 5744 5766
4741 5134 5132 5131 5136
4742 1638 1575 1639 1633
4743 3550 3555 3557 3559
4744 4091 4071 4068 4092
4745 1175 1182 1211 1198
4746 3645 3652 3659 3665
4747 1879 1882 1781 1884
4748 5595 5656 5602 5658
4749 4683 4688 4690 4548
4750 5304 5364 5308 5322
4751 3794 3852 3774 3839
4752 3996 3950 4060 3992
4753 2962 3018 3030 2848
4754 5911 6145 5910 6119
4755 2924 2836 2847 2902
4756 1129 1031 1101 1102
4757 678 665 667 668
4758 4267 4272 4269 5391
4759 3772 6062 3780 3797
4760 1652 1857 1650 1659
4761 5572 5528 5560 5518
4762 1196 1211 1197 1198
4763 4308 4129 4125 4172
4764 4165 4124 3429 4171
4765 1706 1956 1995 2022
4766 5221 5235 5222 5110
4767 907 933 908 920
4768 131 133 195 181
4769 776 593 712 781
4770 3270 3246 3272 3274
4771 4363 4366 4361 4367
4772 1591 1597 2066 1604
4773 1059 1072 1478 1380
4774 724 593 592 781
4775 3715 3722 3594 3727
4776 3794 3780 3778 3852
4777 1311 1322 1312 1283
4778 6101 6173 6088 6091
4779 1601 1568 1570 1603
4780 6253 6249 6248 6257
4781 3613 3627 3475 3614
4782 730 738 728 750
4783 572 573 585 569
4784 5016 5019 5018 5027
4785 1602 1595 1598 1603
4786 5891 5908 3250 5951
4787 4093 4085 4098 4102
4788 5370 5367 5378 5365
4789 4659 4679 4663 4665
4790 2376 2372 2419 2386
4791 3332 3156 3168 3337
4792 3719 3714 3809 3723
4793 2058 2066 2079 1604
4794 3714 3725 3525 3530
4795 3272 3278 3270 3279
4796 6004 3814 3824 6020
4797 4050 4059 4060 4061
4798 5165 5150 5149 5151
4799 4435 4367 4443 4454
4800 3242 3293 3246 3294
4801 1260 1266 1262 1269
4802 345 346 344 360
4803 6088 5767 5836 6090
4804 1119 1484 1479 1129
4805 2190 2163 2327 2233
4806 1280 1311 1270 1226
4807 1420 1421 1392 1407
4808 1002 1017 1013 1172
4809 1116 1171 1120 1129
4810 3423 3721 3421 3723
4811 5433 5363 5335 5336
4812 1781 1882 1771 1799
4813 1083 1105 1171 1086
4814 2234 2243 2248 2233
4815 622 665 661 625
4816 5455 5447 5446 5462
4817 1467 1477 1471 1143
4818 3792 3787 3791 3795
4819 5700 5602 5711 5727
4820 1341 1352 1238 1240
4821 3038 3044 3039 3045
4822 4443 4447 4446 4451
4823 133 135 25 83
4824 587 594 372 597
4825 3140 3114 3128 3142
4826 1952 1953 1950 1941
4827 2954 2961 2946 2975
4828 4647 4623 4661 4702
4829 75 96 76 82
4830 3591 3594 4549 3573
4831 212 214 217 235
4832 144 161 157 165
4833 5829 5836 5835 5838
4834 4122 4188 3363 3365
4835 4144 4011 3990 4017
4836 738 75 751 80
4837 4830 4788 4826 4846
4838 1771 1882 1715 1716
4839 1468 1477 1506 1478
4840 4085 4083 4084 4077
4841 3003 2961 3044 2989
4842 567 595 568 570
4843 4979 5137 4981 4984
4844 4014 5767 6089 5836
4845 1505 1498 1501 1507
4846 5774 5782 5776 5783
4847 3799 3803 3904 3823
4848 65 67 387 82
4849 1179 1190 1175 1211
4850 1337 1352 1183 460
4851 1658 1660 1642 1689
4852 64 65 60 388
4853 4360 4698 4434 4438
4854 4086 4092 4085 5755
4855 1484 1125 1480 1129
4856 343 1779 341 346
4857 4256 4242 4295 4301
4858 444 443 1352 446
4859 4223 4118 4096 4650
4860 3894 3895 3892 3881
4861 1449 1410 1417 1465
4862 6134 6257 6256 6148
4863 2290 2304 2299 2119
4864 1506 1507 1477 1493
4865 4158 4122 4216 4172
4866 2477 2475 2479 2820
4867 6089 5836 5767 6090
4868 3239 5937 3241 5950
4869 4165 4170 3428 4173
4870 5943 5893 3249 5949
4871 4291 4205 4200 4301
4872 4667 4679 4673 4524
4873 3567 3559 3570 3572
4874 5827 5744 5834 5741
4875 3863 3903 3900 3909
4876 3260 3252 3269 3278
4877 1893 1867 1951 1897
4878 1997 2046 2006 2078
4879 3193 3197 3211 3198
4880 4144 3990 3978 4132
4881 3913 4419 4436 4421
4882 448 458 450 459
4883 4479 3865 4467 3838
4884 135 3669 11 4425
4885 1238 1352 443 446
4886 555 543 553 459
4887 1473 1469 1468 1506
4888 5026 5137 4999 5125
4889 5375 5371 5373 5378
4890 3666 3921 3912 3671
4891 1322 1197 1183 1184
4892 4730 4743 4740 4736
4893 3911 3918 3915 3924
4894 5018 5017 5027 5028
4895 98 116 655 667
4896 4014 4032 5767 4018
4897 3244 3269 3252 3278
4898 3666 3642 3658 3671
4899 1072 1421 1405 1407
4900 2757 2759 2760 2763
4901 628 633 630 637
4902 3800 4432 3805 3811
4903 783 794 791 807
4904 775 4420 77 4424
4905 3557 4546 4542 4539
4906 4908 4943 4911 4984
4907 3592 3586 3612 3629
4908 5149 5110 5222 5236
4909 775 751 776 752
4910 4092 4095 4100 4104
4911 4590 4610 4696 4680
4912 5154 5190 5161 5165
4913 1128 1142 1126 1130
4914 3568 3405 3475 3434
4915 3069 3078 3081 3071
4916 1463 1394 1465 1436
4917 5055 5069 4970 5070
4918 1029 1101 1156 1031
4919 4892 4786 4830 4788
4920 5395 5398 5401 5421
4921 1308 1309 1307 1312
4922 5781 5768 6160 6091
4923 3038 3039 3040 3045
4924 1400 1223 1216 1408
4925 340 307 360 333
4926 791 1010 1079 1087
4927 3422 3425 3424 3430
4928 5908 3250 3243 5894
4929 4121 3259 4004 4006
4930 3241 5935 3820 5950
4931 3799 3904 3821 3823
4932 4218 4101 4099 4438
4933 4694 4697 4701 4706
4934 4278 4285 4286 4279
4935 3672 3699 3711 3712
4936 3612 3627 3713 3628
4937 4586 4587 4594 4258
4938 5188 5165 5181 5193
4939 4621 4246 4222 4230
4940 3663 3668 3669 4427
4941 1643 1575 1639 1590
4942 138 109 4539 152
4943 3420 3404 3391 3572
4944 4085 4098 4092 4077
4945 448 476 450 458
4946 4667 4677 4679 4524
4947 3801 3525 3256 3266
4948 316 179 18 360
4949 111 305 320 306
4950 73 4420 79 136
4951 2809 2819 2811 2820
4952 3182 3154 3257 3276
4953 3027 3030 3029 2975
4954 74 39 76 83
4955 2528 2519 2493 2512
4956 5891 5908 5923 5894
4957 1893 1951 64 1897
4958 2320 2327 2330 2331
4959 5459 5460 5449 5447
4960 2907 2791 2781 2933
4961 3255 3260 4128 3280
4962 4097 4032 4103 4018
4963 979 1023 1029 1057
4964 3749 3741 3750 3769
4965 4594 4700 4543 4551
4966 5850 5848 5851 5854
4967 2173 2178 2182 2612
4968 4922 4933 4920 4928
4969 5121 5110 5040 5125
4970 4218 4101 4438 4651
4971 5835 5838 5831 5839
4972 4518 4679 4675 4523
4973 3270 3336 3333 3308
4974 344 1839 1782 1784
4975 6231 6243 6242 6258
4976 3272 3274 4120 3321
4977 2304 1980 2255 2261
4978 1264 1256 1187 1197
4979 3201 3198 3205 3213
4980 445 439 441 446
4981 664 666 634 668
4982 1660 1646 1615 1633
4983 4982 5070 4914 4985
4984 1829 1832 1839 1840
4985 4516 4518 4517 4523
4986 4197 4202 4187 4579
4987 370 345 326 347
4988 3914 3918 3901 3921
4989 3945 3946 3944 3950
4990 1774 346 1779 1782
4991 1615 1659 1702 1660
4992 6030 6129 6050 5882
4993 2066 2149 2148 2106
4994 1154 1156 1157 1130
4995 4221 4118 5486 5321
4996 2126 1603 1573 1576
4997 5935 5937 5936 5950
4998 1754 1738 1753 1743
4999 326 325 345 333
5000 5187 5231 5191 5193
5001 3632 3887 3630 3912
5002 1397 1372 1406 1058
5003 2068 2078 2070 2051
5004 2874 2903 2861 2776
5005 1593 1739 1740 1741
5006 64 388 1890 1897
5007 6123 6127 6125 6132
5008 4211 4216 4300 4160
5009 3272 4128 3269 3280
5010 1502 1492 1499 1507
5011 4900 4763 4756 4902
5012 4444 4478 4451 4328
5013 3243 3247 3250 3251
5014 3891 4414 3893 4425
5015 4458 4456 4467 3838
5016 3270 3272 3336 3274
5017 143 157 159 167
5018 1068 1058 1050 1073
5019 6123 6030 5835 6129
5020 4682 4688 4562 4548
5021 370 372 345 373
5022 3083 3071 3084 3086
5023 3792 3795 3791 3796
5024 2950 2961 2945 2946
5025 4503 4498 4510 4481
5026 2138 2140 2144 2149
5027 783 1085 1079 849
5028 5828 5820 5712 5799
5029 3672 3680 3683 3685
5030 4166 4188 4187 4170
5031 3362 3424 3425 3433
5032 1311 1212 1225 1226
5033 1545 1547 1506 1549
5034 6072 6069 6028 6063
5035 5934 3820 5935 5950
5036 1867 1868 1951 1897
5037 6107 6117 6106 6119
5038 5195 5202 5203 5196
5039 1910 1924 1918 1941
5040 1115 1171 1106 1101
5041 678 680 679 668
5042 1405 1450 1420 1421
5043 511 402 397 403
5044 1284 1285 1287 1312
5045 4442 4451 4478 4328
5046 3521 3720 3524 3528
5047 1715 1674 1688 1743
5048 1225 1212 1268 1269
5049 1826 1814 1820 1827
5050 553 546 438 446
5051 1224 1212 1225 1269
5052 775 777 4418 767
5053 6243 6287 5819 5823
5054 738 751 750 752
5055 6083 6085 6081 6091
5056 6125 6132 6127 6133
5057 4228 5475 5488 4230
5058 3680 3694 3683 3685
5059 3664 3699 3716 3726
5060 5297 5351 5150 5308
5061 5101 5235 5110 5112
5062 3799 3822 3819 3810
5063 4542 4547 4544 4552
5064 2973 2961 2966 2989
5065 5828 6125 5782 5834
5066 4219 4270 4269 4273
5067 3740 3072 3059 3086
5068 3714 3718 3720 3530
5069 1040 1029 1027 1043
5070 3632 3887 3912 3905
5071 4309 4062 4061 4063
5072 2524 2678 2673 2526
5073 1465 1394 1420 1436
5074 3778 3795 3773 3797
5075 2865 2860 2868 2876
5076 2357 2672 2670 2526
5077 4684 4692 4688 4693
5078 559 558 567 569
5079 1637 1641 1651 1633
5080 2849 2533 2739 2750
5081 3591 3593 165 137
5082 5934 5935 3820 6007
5083 3240 5945 5946 4016
5084 5025 5099 5216 5223
5085 4224 4225 4310 4315
5086 4416 3669 135 4425
5087 4061 4049 4309 4063
5088 3039 3044 3038 2989
5089 678 116 306 119
5090 2475 2477 2473 2481
5091 593 682 639 600
5092 2113 2314 2304 1980
5093 5417 5418 5414 5461
5094 2446 2456 2449 2457
5095 2500 2502 2503 2513
5096 4113 4119 4106 4077
5097 3660 3659 3667 3670
5098 3900 3099 3903 3141
5099 451 487 480 473
5100 2302 2297 2328 2303
5101 3258 3277 3193 3197
5102 3168 3337 3183 3275
5103 294 303 305 306
5104 4447 3779 3915 3866
5105 3893 3894 3891 3669
5106 386 347 373 375
5107 416 402 430 431
5108 1800 1809 1805 1814
5109 11 25 134 135
5110 4353 4355 4351 4356
5111 5188 5189 5191 5193
5112 6120 6121 6138 6272
5113 1810 1784 1950 1884
5114 4200 4201 4249 4259
5115 5055 5097 5027 5098
5116 1879 1810 1811 1812
5117 6031 6089 5945 6126
5118 3637 3666 3650 3699
5119 4657 4655 4662 4663
5120 471 598 595 600
5121 4951 4952 4955 4928
5122 3910 3916 3921 3923
5123 3665 3912 3923 3671
5124 5828 5712 5820 5837
5125 4683 4688 4692 4693
5126 426 431 424 432
5127 4187 4188 4166 4189
5128 2308 2307 2180 2330
5129 5641 5686 5685 5628
5130 3912 3905 3901 3921
5131 4121 4128 3259 4006
5132 2307 2213 2180 2275
5133 4022 4092 4032 4033
5134 1659 1616 1615 1618
5135 338 370 326 347
5136 4915 4955 4763 5069
5137 1078 1085 915 849
5138 4014 4015 4005 4018
5139 2755 2752 2754 2762
5140 1225 1212 1224 1226
5141 4908 4910 4911 4943
5142 1463 1465 1420 1436
5143 4244 4246 4222 4707
5144 2373 2372 2374 2386
5145 3663 4416 3669 3597
5146 4661 4637 4647 4702
5147 4361 4383 4637 4369
5148 1337 1366 1352 1353
5149 1060 1072 1059 1380
5150 4125 4128 4124 4133
5151 2368 2366 2511 2513
5152 4050 4061 4060 4063
5153 3664 3658 3666 3699
5154 4698 4438 4218 4705
5155 4308 4129 4310 4313
5156 18 24 360 27
5157 4955 4928 4952 4971
5158 5655 5641 5685 5627
5159 1695 1699 1701 1702
5160 1540 1506 1547 1549
5161 4915 4918 4955 5069
5162 6125 6123 6128 6133
5163 5767 4102 4032 5755
5164 5375 5388 5387 5378
5165 5828 6243 6258 6130
5166 5912 5913 5921 5915
5167 711 712 593 599
5168 2469 2484 2478 2471
5169 1166 1167 1170 1171
5170 4910 4913 4911 4943
5171 3632 3638 3905 3643
5172 4220 4700 4593 4258
5173 4660 129 117 136
5174 3422 3523 3430 3527
5175 4418 753 767 4511
5176 118 374 372 597
5177 620 306 623 625
5178 5395 5433 5396 5336
5179 5362 5350 5433 5420
5180 5378 5362 5364 5322
5181 2173 2182 2181 2190
5182 4586 4592 4587 4258
5183 157 167 143 152
5184 526 584 1183 1198
5185 3174 3176 3160 3168
5186 5489 5490 5407 5476
5187 6270 6287 6271 6128
5188 558 560 567 544
5189 3814 6005 3818 6020
5190 718 688 699 725
5191 4223 5486 4118 5488
5192 1725 1727 1726 1729
5193 371 387 80 82
5194 2307 2180 2330 2275
5195 4435 4436 4446 4439
5196 4967 4928 4984 4971
5197 4241 4295 4256 4242
5198 5459 5440 5455 5447
5199 5048 5044 5050 5069
5200 1236 1237 1230 1240
5201 4060 3992 3950 4034
5202 4014 6090 5767 3951
5203 190 1 25 134
5204 4122 4125 4124 4172
5205 4491 4414 3895 4496
5206 4186 4188 4187 4189
5207 3502 3528 3531 3532
5208 6243 6257 6130 6133
5209 3689 3698 3694 3685
5210 3915 3916 3901 3918
5211 6069 6028 6029 6026
5212 526 584 585 569
5213 4223 4226 4096 4229
5214 4900 4902 4897 4889
5215 4166 4202 4187 4189
5216 6181 6180 6186 6182
5217 4221 4076 4100 5321
5218 3049 3059 3046 3045
5219 3891 3913 3668 3923
5220 4262 4296 4294 4271
5221 5054 5098 5053 5056
5222 4908 4974 4906 4984
5223 190 195 185 134
5224 1178 526 514 529
5225 3750 3751 3749 3770
5226 3446 3169 3441 3351
5227 5872 5879 5873 5880
5228 4166 4201 4200 4168
5229 1715 1882 1879 1618
5230 5083 5085 5084 5223
5231 1 25 11 26
5232 4061 4076 4071 4033
5233 1376 1378 1222 1408
5234 1667 1689 1669 1674
5235 5563 5572 5564 5518
5236 5849 5755 4102 5839
5237 1311 1518 1212 1226
5238 4675 4594 4518 4523
5239 3129 3003 3130 3142
5240 5554 5550 5549 5553
5241 1880 1783 1781 1784
5242 4570 3392 4563 4579
5243 2320 2322 2327 2331
5244 2505 2512 2508 2471
5245 5097 5098 5055 5056
5246 3892 3912 3916 3923
5247 5374 5370 5387 5392
5248 4526 671 681 109
5249 4147 3365 3364 3366
5250 1029 1028 1101 1031
5251 440 553 543 459
5252 3268 3271 3272 3275
5253 2300 2303 2298 2305
5254 3891 3669 3668 4427
5255 2477 2446 2466 2471
5256 665 596 667 625
5257 4332 755 754 767
5258 1206 1207 1204 1211
5259 5128 5130 5129 5137
5260 4223 4226 4222 4648
5261 2747 2756 2758 2875
5262 1069 1055 1054 1073
5263 5934 5961 5943 5978
5264 2760 2758 2756 2875
5265 4441 4447 3915 3866
5266 1879 1688 1715 1618
5267 592 593 724 599
5268 4558 4564 4560 4566
5269 3904 3803 3799 3924
5270 915 1168 916 920
5271 4135 4145 4138 4146
5272 3774 4479 4444 3796
5273 5236 5336 5231 5193
5274 4166 4170 4167 4173
5275 2487 2512 2490 2513
5276 73 135 129 136
5277 4613 4678 4623 4624
5278 3518 3526 3516 3490
5279 627 633 637 653
5280 3421 4126 4704 4171
5281 105 101 100 108
5282 5362 5433 5407 5420
5283 416 584 543 460
5284 3863 3900 3904 3909
5285 1107 1111 1105 1171
5286 303 317 305 320
5287 2070 2051 2078 2080
5288 2744 2749 2746 2876
5289 2099 2105 2115 2305
5290 6093 6092 6103 6104
5291 3070 3084 3069 3071
5292 1280 1508 1515 1518
5293 1257 1453 1393 1269
5294 5114 5116 4999 5125
5295 2098 2086 2066 2093
5296 3891 3893 4414 3895
5297 4594 4523 4543 4609
5298 4675 4679 4676 4523
5299 3511 3514 3518 3528
5300 3193 3194 3197 3198
5301 2509 2503 2505 2512
5302 1836 1850 1854 1840
5303 1264 1199 1268 1197
5304 4681 4423 4686 4426
5305 3910 3921 3912 3923
5306 3799 3821 3819 3823
5307 3554 164 3553 3558
5308 373 389 386 375
5309 5765 5834 6125 5838
5310 2865 2868 2875 2876
5311 1806 1828 1813 1840
5312 5711 5602 5655 5658
5313 5026 5125 5041 5138
5314 3070 3752 3071 3072
5315 4891 4846 4842 4860
5316 2058 2061 2066 1604
5317 559 568 573 569
5318 2283 2282 2280 2289
5319 471 666 624 598
5320 294 306 305 611
5321 4122 4125 4158 4130
5322 2092 2079 2066 2093
5323 3391 4545 3383 4563
5324 3271 3263 3424 3433
5325 6102 4019 6089 6105
5326 325 345 342 347
5327 4032 4102 5767 4018
5328 52 1839 344 1784
5329 52 1951 1784 390
5330 4124 3273 3255 4128
5331 4234 4237 4233 4243
5332 4013 3777 4365 4410
5333 6085 6088 6090 5769
5334 5564 5572 5563 5573
5335 2037 2021 2035 2010
5336 4136 4146 4147 4159
5337 2067 2042 2068 2051
5338 6048 6046 6049 6032
5339 1010 1009 1008 1087
5340 4962 4928 4967 4971
5341 3903 3908 3900 3909
5342 5085 5223 5135 5028
5343 3738 3917 3922 3725
5344 5921 5909 5912 5898
5345 1167 1157 1158 1172
5346 1559 1561 1563 1549
5347 5375 5373 5377 5378
5348 2046 2043 2047 2078
5349 5677 5641 5684 5686
5350 4158 4125 4122 4172
5351 475 484 483 488
5352 3080 3078 3069 3084
5353 4512 681 679 4524
5354 3637 3902 3640 3643
5355 4266 4261 4269 4273
5356 3800 3810 3804 3811
5357 4013 4397 3773 4410
5358 3771 3776 3779 3783
5359 1077 1083 1085 1087
5360 23 25 26 27
5361 11 25 135 83
5362 3751 3752 3815 5993
5363 1409 1450 1447 1422
5364 1273 1338 1333 1283
5365 1503 1486 1507 1493
5366 3607 3613 3612 3627
5367 1880 1951 1784 1884
5368 1950 1952 1951 1953
5369 4381 4366 4362 4385
5370 3224 3233 3211 3227
5371 5985 3850 3752 5993
5372 4146 3321 4147 4130
5373 2954 2946 2848 2975
5374 1101 1102 1028 1043
5375 6251 6242 6243 6257
5376 5054 5007 5053 5098
5377 1126 1139 1134 1142
5378 1968 1969 1976 1981
5379 2456 2774 2764 2775
5380 4518 4582 4594 4680
5381 1880 1784 1781 1884
5382 111 320 116 306
5383 2565 2566 2563 2568
5384 4061 4062 4002 4063
5385 4266 4261 4264 4269
5386 2296 2294 2298 2305
5387 34 12 39 26
5388 3175 3180 3177 3183
5389 3901 3918 3916 3921
5390 651 4663 4677 779
5391 305 306 111 611
5392 2670 2358 2526 2669
5393 195 25 179 133
5394 129 135 130 136
5395 6028 6069 6065 6026
5396 3744 3737 3750 3072
5397 609 667 596 625
5398 3422 3406 3460 3461
5399 4227 4705 4697 4706
5400 1856 1885 1872 1869
5401 3784 5877 5863 5880
5402 2303 2080 2298 2305
5403 4360 4365 4362 4370
5404 4405 4328 4478 4412
5405 845 847 837 849
5406 4676 4675 4523 4551
5407 3863 3864 3862 3867
5408 4380 4382 4375 4384
5409 749 95 84 753
5410 5645 5583 5586 5656
5411 3665 3891 3894 3669
5412 5194 5203 5202 5196
5413 711 724 712 599
5414 371 387 373 374
5415 3358 4147 3364 3366
5416 3716 3738 3698 3922
5417 6207 6208 6209 6211
5418 4542 4546 4548 4552
5419 5054 5007 5055 5014
5420 3047 3740 3737 3072
5421 1472 1478 1469 1548
5422 6244 5710 5708 5712
5423 4593 4700 4696 4258
5424 4662 779 777 4665
5425 4519 4544 681 4550
5426 371 372 345 123
5427 1642 1689 1660 1646
5428 5077 5098 5073 5085
5429 3254 3252 3804 3811
5430 2444 2445 2487 2499
5431 995 994 997 1057
5432 3692 3640 3637 3902
5433 471 473 666 474
5434 5115 5133 5119 5137
5435 1449 1445 1440 1465
5436 5943 5978 5962 5979
5437 4667 646 4677 653
5438 4534 4546 4545 4539
5439 1879 1881 1659 1618
5440 4282 4280 4287 4063
5441 3267 3275 3271 3276
5442 651 771 4663 779
5443 5655 5602 5685 5656
5444 3630 3912 3887 3894
5445 3897 3099 3903 3905
5446 1673 1671 1668 1688
5447 5180 5096 5097 5192
5448 2357 2354 2526 2358
5449 411 407 406 410
5450 4485 4493 4509 4494
5451 395 398 501 402
5452 2524 2673 2357 2526
5453 4643 4648 4649 4650
5454 2105 2106 2079 2093
5455 313 317 305 334
5456 3182 3168 3183 3275
5457 4090 5764 4023 3951
5458 107 105 142 152
5459 6171 6257 6172 6133
5460 2523 2877 2521 2527
5461 1321 1323 511 403
5462 3268 3168 3378 3350
5463 1156 1029 1002 1086
5464 692 697 688 725
5465 5819 6129 5832 5882
5466 320 121 113 123
5467 4154 4307 4144 4159
5468 4748 4777 4776 4788
5469 1880 1897 1951 1884
5470 3640 3095 3634 3643
5471 5026 5027 5041 5042
5472 6171 6130 6125 6132
5473 4151 4158 4152 4147
5474 5946 5947 5961 5948
5475 5989 6005 5986 5993
5476 2847 2902 2836 2862
5477 5305 5304 5366 5364
5478 5216 5221 5217 5223
5479 1774 346 1782 1783
5480 1641 1660 1651 1633
5481 351 346 340 360
5482 5378 5486 5391 5490
5483 3911 3917 3918 3807
5484 1397 1406 1407 1058
5485 3502 3526 3257 3529
5486 3083 3141 3099 3086
5487 2113 2304 2290 2119
5488 4377 4382 4112 4384
5489 4166 4188 4216 4189
5490 5363 5236 5433 5112
5491 2338 2051 2303 2345
5492 5610 5602 5593 5573
5493 1117 1116 1120 1125
5494 4223 4118 5486 4228
5495 1328 1327 403 1339
5496 4671 4668 4679 4663
5497 3358 3365 4147 3366
5498 4622 4648 4621 4230
5499 4120 4001 4128 4133
5500 2137 1573 2126 1603
5501 2002 2022 2009 2010
5502 1554 1556 1559 1563
5503 4623 4648 4222 4703
5504 3422 3430 3405 3431
5505 449 450 487 459
5506 5829 5835 5868 5854
5507 4753 4752 4892 4788
5508 4252 4258 4232 4246
5509 5087 5092 5097 5098
5510 5135 5110 5041 5028
5511 3254 3804 3810 3811
5512 221 217 222 218
5513 1414 1488 1112 1102
5514 4430 4437 4433 4440
5515 4659 4679 4678 4663
5516 775 4418 4420 4424
5517 4218 4438 4698 4651
5518 5214 5216 5223 5028
5519 6097 6093 6092 6103
5520 4048 4285 4046 4049
5521 4982 4928 4955 4971
5522 4469 4470 4478 4479
5523 3814 3753 6006 3825
5524 3038 3044 2960 2961
5525 4416 4691 4685 3597
5526 5026 5041 4999 5042
5527 1166 1171 1170 1157
5528 1910 1918 1952 1941
5529 4363 4327 4442 4454
5530 417 1183 416 460
5531 3677 3685 3681 3712
5532 1847 1842 1853 1855
5533 6124 6272 6270 6148
5534 5745 5783 5744 5741
5535 3816 3820 5935 6007
5536 4022 4032 4023 4035
5537 1842 1847 1775 1855
5538 1220 1361 1221 1225
5539 4498 4480 4510 4481
5540 5934 5943 5936 5978
5541 4361 4327 4363 4454
5542 1697 1658 1700 1660
5543 5362 5392 5378 5365
5544 4559 4202 4187 4170
5545 4152 4158 4151 4160
5546 4014 6089 6102 4019
5547 589 637 682 600
5548 3733 3740 3679 3741
5549 507 511 1321 1323
5550 5828 5711 5712 5837
5551 5488 4648 4223 4230
5552 5043 4763 5044 5069
5553 3386 3392 3391 4563
5554 1028 1421 1392 1435
5555 3661 3631 3630 3894
5556 3470 3519 3709 3613
5557 1216 1268 1263 1269
5558 4677 4663 4679 4665
5559 707 711 706 780
5560 1695 1701 1694 1702
5561 3271 3255 3263 3433
5562 4823 4748 4776 4788
5563 1403 1269 1393 1408
5564 3096 3099 3059 3101
5565 2662 2663 2664 2669
5566 3900 3908 3904 3909
5567 1420 1421 1450 1422
5568 76 79 78 83
5569 4637 4649 4647 4369
5570 5821 5627 5626 5644
5571 3710 3514 3489 3528
5572 4218 4705 4227 4706
5573 3292 3289 3282 3294
5574 3080 3076 3084 3850
5575 5007 5019 5016 5027
5576 4251 4200 4256 4301
5577 3772 6034 6062 3797
5578 5026 4999 5041 5125
5579 3914 3901 3918 3924
5580 2050 2051 2078 2037
5581 5357 5347 5338 5350
5582 4418 4422 4445 4340
5583 5055 5070 5097 5056
5584 608 623 302 611
5585 1164 1161 1165 1171
5586 4310 4127 4099 4004
5587 2997 3000 2998 3004
5588 39 12 76 83
5589 4753 4894 4756 4902
5590 3132 3135 3140 3142
5591 2336 2335 2338 2345
5592 5196 5194 5203 5198
5593 2863 2852 2744 2876
5594 680 681 679 668
5595 4187 4202 4166 4170
5596 5685 5602 5610 5573
5597 4442 4450 4478 4451
5598 4553 4608 4556 4563
5599 3882 3893 3662 3894
5600 3950 3996 4005 4007
5601 1395 1407 1392 1058
5602 527 431 499 513
5603 749 750 87 95
5604 3564 3539 3562 3568
5605 4442 4448 4446 4449
5606 5480 5488 5333 5489
5607 77 95 90 96
5608 1492 1477 1129 1031
5609 3517 3518 3442 3447
5610 3998 4001 3990 4132
5611 6172 6159 6171 6174
5612 2825 2829 2828 2834
5613 5723 5711 5703 5658
5614 2477 2484 2475 2820
5615 2875 2876 2749 2776
5616 5363 5236 5149 5151
5617 907 916 914 920
5618 2282 2289 2283 2276
5619 4225 4123 4129 4174
5620 4280 4287 4311 4314
5621 449 448 450 459
5622 1323 529 1182 1324
5623 5702 5712 5705 5713
5624 4446 4448 4431 4449
5625 3362 3378 3349 3350
5626 190 189 195 25
5627 3188 3503 3194 3768
5628 5117 5114 5118 5125
5629 3925 3295 3299 3307
5630 52 64 1951 390
5631 366 597 374 726
5632 1973 1966 1961 1967
5633 3267 3258 3262 3277
5634 915 849 1085 920
5635 2102 2148 2101 2106
5636 5828 6258 5712 5713
5637 371 345 373 68
5638 4113 4098 4106 4119
5639 3107 3140 3098 3100
5640 1101 1031 1028 1102
5641 1804 1811 1807 1814
5642 4658 4656 4636 4661
5643 1699 1702 1906 1911
5644 24 360 344 361
5645 3397 3402 3404 3405
5646 1156 1171 1002 1157
5647 3920 3911 3808 3809
5648 416 543 458 460
5649 5989 3751 5992 6005
5650 4319 4327 4320 4364
5651 5136 5026 5192 5138
5652 436 458 484 488
5653 3565 3628 3595 3727
5654 1410 1442 1409 1420
5655 4593 4594 4543 4609
5656 3422 3459 3523 3527
5657 3423 3430 3718 3530
5658 3411 3418 3390 3392
5659 45 50 53 54
5660 2907 2833 2904 2834
5661 116 680 678 667
5662 3565 3569 3594 3573
5663 1881 1659 1856 1869
5664 1111 1161 1163 1171
5665 5983 6059 3818 6020
5666 3269 4128 4001 4006
5667 326 372 327 333
5668 444 1238 1350 1352
5669 3253 3524 3806 3532
5670 3747 6006 6005 3753
5671 4221 4118 4223 4228
5672 4014 4005 4032 4018
5673 751 778 776 781
5674 4917 4915 4918 4955
5675 3059 3071 3046 3045
5676 1263 1216 1234 1268
5677 5914 5911 5916 5919
5678 2874 2876 2875 2776
5679 1317 529 1323 1324
5680 3247 3936 3306 3937
5681 4219 4224 4270 4315
5682 2990 2993 2994 2995
5683 678 116 108 680
5684 5362 5490 5420 5476
5685 2892 2879 2889 2903
5686 2304 1980 1994 2119
5687 2608 2607 2597 2612
5688 775 750 751 752
5689 1204 1207 1200 1211
5690 444 1351 1347 1352
5691 4681 4686 4687 4693
5692 110 78 118 80
5693 1673 1668 1664 1674
5694 3269 3999 3252 4006
5695 1687 1642 1679 1689
5696 4339 4662 771 777
5697 1775 346 1842 1782
5698 4070 4076 4075 5321
5699 116 678 306 667
5700 4893 4896 4890 4902
5701 401 1336 391 403
5702 4013 4365 4397 4410
5703 4915 5062 4918 5069
5704 4360 4362 4365 4368
5705 126 195 133 134
5706 4759 4761 5044 4763
5707 214 235 212 238
5708 1139 1126 1119 1142
5709 3424 3425 3423 3430
5710 4619 4672 4678 4623
5711 6250 6243 6240 6287
5712 3272 3246 3270 3278
5713 4285 4045 4047 4048
5714 2076 2075 2078 2080
5715 3901 3903 3906 3909
5716 345 372 371 373
5717 2847 2862 2860 2876
5718 3679 3698 3689 3685
5719 4381 4362 4380 4385
5720 3882 3883 3890 3894
5721 194 195 192 181
5722 2508 2512 2515 2471
5723 3391 3392 3426 4563
5724 4753 4892 4894 4902
5725 5222 5110 5135 5223
5726 1866 1868 1904 1951
5727 1997 2043 2046 2078
5728 4122 3428 4188 4173
5729 416 430 402 417
5730 5486 5447 5487 5475
5731 3517 3509 3442 3518
5732 4000 4005 3996 4007
5733 3799 3807 3779 3924
5734 5443 5391 5381 5448
5735 4676 4523 4679 4524
5736 4638 4379 4111 4649
5737 1022 1025 1030 1058
5738 118 781 110 80
5739 3692 3698 3666 3699
5740 3514 3513 3515 3519
5741 4085 4102 5753 5755
5742 5958 6032 5961 5963
5743 1689 1674 1615 1646
5744 1940 1813 1929 1941
5745 3589 166 156 3600
5746 736 761 763 752
5747 3592 3627 3626 3629
5748 3802 3252 3259 3811
5749 1811 1812 1810 1814
5750 4430 4099 4004 4020
5751 5531 5518 5572 5573
5752 5435 4243 5444 5448
5753 73 130 135 136
5754 3805 3809 3801 3266
5755 5571 5602 5656 5573
5756 2463 2515 2465 2471
5757 3083 3085 3044 3114
5758 4587 4247 4199 4258
5759 4527 102 4526 109
5760 4092 4033 4095 4104
5761 193 192 194 195
5762 3751 3753 3749 3770
5763 5961 5946 5944 5947
5764 3912 3921 3916 3923
5765 1341 1238 1233 1240
5766 3521 3424 3527 3529
5767 1447 1422 1450 1507
5768 1555 1552 1556 1563
5769 636 637 639 682
5770 3267 3260 3256 3263
5771 4750 4788 4763 4804
5772 5828 5782 6125 6130
5773 6102 6103 5891 6104
5774 6238 6242 6231 6243
5775 1699 1695 1906 1702
5776 4688 4690 4687 4693
5777 3912 3642 3666 3671
5778 6238 6231 5795 6243
5779 4054 4034 4060 4035
5780 5765 5834 5831 5839
5781 3654 3658 3644 3670
5782 5189 5188 5182 5193
5783 2072 2078 2073 2079
5784 2446 2471 2456 2457
5785 5235 5236 5110 5112
5786 5205 5215 5219 5222
5787 5096 5194 5180 5097
5788 4908 4906 4943 4984
5789 6088 6132 5768 6091
5790 4098 4106 4119 4077
5791 743 750 767 752
5792 5170 5192 5165 5178
5793 4032 4092 4090 5755
5794 1177 1173 1176 1182
5795 1683 1684 1681 1690
5796 4165 4124 4167 4173
5797 5765 5831 5834 5838
5798 2269 2275 2265 2276
5799 3947 3946 3945 3950
5800 3929 3997 3965 3937
5801 3632 3642 3633 3643
5802 445 446 458 459
5803 6054 6055 6056 6061
5804 4362 4368 4396 4398
5805 3500 3495 3496 3504
5806 5027 5013 5055 5014
5807 1276 1274 1275 1283
5808 74 78 130 83
5809 845 847 849 850
5810 1417 1410 1431 1420
5811 6140 6172 6124 6147
5812 5943 3249 3245 5950
5813 4167 4171 4560 4174
5814 3056 3050 3055 3101
5815 3212 3198 3193 3213
5816 915 1162 1168 1085
5817 3773 4397 4013 5867
5818 4152 4159 4158 4160
5819 2028 2037 2039 2038
5820 1279 1338 1273 1283
5821 2739 2744 2849 2750
5822 5461 5392 5460 5490
5823 5700 5820 5602 5798
5824 1959 1954 1955 1995
5825 3903 3099 3900 3908
5826 4493 4468 4509 4482
5827 3306 3247 3243 3251
5828 4360 4367 4366 4368
5829 4243 5475 4228 4230
5830 3146 3155 3154 3169
5831 1405 1072 1406 1478
5832 5362 5461 5392 5365
5833 3914 3799 3803 3924
5834 5070 4943 4982 4914
5835 2160 2327 2190 2163
5836 3293 3249 3243 5893
5837 591 610 567 571
5838 2883 2523 2675 2889
5839 5865 5866 4397 4398
5840 754 4342 767 4511
5841 3445 3443 3440 3442
5842 5649 5684 5681 5641
5843 381 65 63 67
5844 5036 5041 5032 4999
5845 3738 3803 3741 3907
5846 483 484 418 488
5847 1745 1757 1746 1758
5848 1458 1459 1462 1464
5849 4516 681 4512 4524
5850 4128 3260 3269 3280
5851 371 66 78 123
5852 4660 4423 129 136
5853 908 933 849 920
5854 3915 3918 3901 3924
5855 2817 2819 2794 2806
5856 2943 2939 3075 2940
5857 2852 2857 2861 2876
5858 111 592 594 596
5859 5331 4118 5334 5489
5860 4236 4243 4233 4246
5861 4219 4243 4245 4228
5862 3242 3243 3246 3293
5863 3096 3059 3055 3101
5864 450 458 487 459
5865 3404 3406 3405 3431
5866 3475 3405 3523 3434
5867 327 372 587 612
5868 5879 5832 5819 5824
5869 6123 6131 6128 6133
5870 5860 5643 5866 5881
5871 5610 5629 5685 5615
5872 3557 3559 3591 3573
5873 3892 3906 3887 3881
5874 3774 3866 3771 3781
5875 4671 4669 4668 4663
5876 1264 1259 1258 1268
5877 567 559 568 571
5878 5380 4269 4238 5448
5879 1207 1211 1206 1212
5880 4201 4168 4166 4169
5881 74 76 78 83
5882 2979 3029 2977 2989
5883 3079 3044 3082 3071
5884 2597 2595 2608 2612
5885 5626 5627 5821 5812
5886 5334 5489 5486 5490
5887 5041 5027 5135 5028
5888 4050 4058 4059 4061
5889 648 491 492 499
5890 3692 3902 3637 3698
5891 678 596 306 667
5892 610 595 567 557
5893 3241 3265 3816 3197
5894 2830 2792 2809 2805
5895 5621 5617 5610 5629
5896 5928 5934 5936 5978
5897 5375 5368 5371 5378
5898 1699 1906 1698 1911
5899 2748 2749 2758 2875
5900 2086 2092 2066 2093
5901 3084 3071 3752 3072
5902 849 933 848 850
5903 3399 3396 3385 3404
5904 440 543 446 459
5905 4126 3429 4124 4171
5906 5782 6258 5692 5699
5907 2759 2761 2760 2875
5908 5134 5136 5131 5166
5909 1210 1257 1259 1269
5910 1648 1649 1659 1660
5911 3059 3099 3096 3740
5912 6270 6257 6243 6133
5913 5433 5420 5350 5434
5914 1634 1669 1635 1646
5915 5457 5460 5456 5461
5916 2343 2303 2337 2080
5917 4187 3392 4559 4170
5918 4683 4562 3569 3722
5919 72 4414 4495 81
5920 5782 6258 5828 5713
5921 3139 3138 3861 3140
5922 3362 3273 3271 3433
5923 1756 1757 1816 1827
5924 6172 6173 6127 6147
5925 2503 2512 2506 2513
5926 3208 3201 3211 3198
5927 1746 1757 1749 1758
5928 1879 1810 1812 1884
5929 4116 4100 4066 5321
5930 4360 4434 4365 4370
5931 5026 5013 5027 5042
5932 4913 4982 4943 4914
5933 1915 1924 1910 1925
5934 3104 3103 3102 3101
5935 3503 3261 3502 3504
5936 3268 3337 3336 3322
5937 1920 1808 1922 1690
5938 3776 3780 3813 3852
5939 3714 3723 3721 3530
5940 397 402 393 403
5941 5865 4013 5868 4021
5942 3259 3252 3999 4006
5943 1479 1136 1119 1142
5944 2112 2108 2129 2149
5945 590 595 591 599
5946 5231 5336 5191 5193
5947 4096 4384 4119 4385
5948 4510 4418 4445 4342
5949 1232 1360 1354 1366
5950 6077 6061 6054 6063
5951 5941 5942 5939 5949
5952 4446 4435 4443 4454
5953 4383 4649 4637 4369
5954 4441 4448 4415 4421
5955 3997 4019 4000 4007
5956 3415 3370 3419 3379
5957 3805 3808 3911 3809
5958 851 856 855 850
5959 4199 4591 4587 4258
5960 6243 6257 6258 6130
5961 6159 6160 6171 6174
5962 2863 2746 2864 2876
5963 860 862 855 850
5964 464 465 474 433
5965 3689 3679 3740 3698
5966 1083 1084 1105 1086
5967 5378 5321 5334 5322
5968 1696 1659 1702 1911
5969 2509 2512 2505 2471
5970 4544 4542 4546 4539
5971 1051 1054 1056 1057
5972 306 596 609 667
5973 3240 4000 3248 3251
5974 3855 3864 3863 3867
5975 4 7 3660 3667
5976 4558 4560 4565 4566
5977 3267 3276 3258 3277
5978 3200 3212 3204 3213
5979 5362 5378 5392 5490
5980 1181 1183 1197 1184
5981 1555 1456 1552 1563
5982 3140 3083 3114 3142
5983 453 446 445 459
5984 2067 2068 2070 2051
5985 2329 2289 2275 2276
5986 649 639 779 653
5987 2050 1967 2304 2261
5988 344 1782 1783 1784
5989 4114 4116 4117 4119
5990 1321 403 1332 1324
5991 115 111 118 123
5992 1055 1056 1054 1073
5993 4543 4548 4546 4552
5994 4429 3808 4436 4439
5995 5821 5812 5627 5629
5996 4570 4572 3392 4579
5997 2861 2903 2540 2776
5998 4240 4245 4244 4246
5999 724 118 594 597
6000 3148 3207 3203 3504
6001 2357 2670 2354 2358
6002 5631 5641 5651 5642
6003 5053 5007 5015 5098
6004 3085 3853 3134 3142
6005 6123 5835 5832 6129
6006 4323 4327 4319 4356
6007 4242 4273 4271 4315
6008 3952 3945 3938 3965
6009 4909 4910 4908 5178
6010 3361 3363 3359 3365
6011 3985 3992 4060 4034
6012 1600 1739 1593 1604
6013 2973 3038 2960 2961
6014 1570 1575 1571 1576
6015 499 500 639 600
6016 1170 1165 1116 1171
6017 2809 2819 2830 2805
6018 5486 5488 4223 4228
6019 1702 1659 1879 1911
6020 1940 1924 1813 1941
6021 682 119 592 122
6022 4096 4650 4118 4119
6023 3900 3740 3099 3086
6024 111 306 116 119
6025 3419 3422 3406 3431
6026 4429 3920 4436 3808
6027 1039 1090 1089 1101
6028 2095 2106 2099 2093
6029 696 693 697 67
6030 1637 1640 1641 1633
6031 1715 1729 1716 1730
6032 3421 4126 3429 3723
6033 1415 1420 1412 1422
6034 1136 1477 1467 1143
6035 979 1029 1023 989
6036 1460 1206 1454 1212
6037 3740 3907 3741 3754
6038 5484 5482 5481 5488
6039 4321 4364 4327 4328
6040 4152 4147 4158 4159
6041 1457 1552 1456 1563
6042 5114 4999 5113 5125
6043 3780 6062 3813 6063
6044 1452 1453 1462 1464
6045 5121 5111 5110 5125
6046 2462 2463 2465 2471
6047 2945 2946 2961 2947
6048 3521 3263 3529 3531
6049 1649 1652 1650 1659
6050 1365 1364 1359 1366
6051 5832 5835 6030 6129
6052 1114 1112 1129 1102
6053 3502 3490 3526 3528
6054 2899 2902 2889 2862
6055 6123 5838 5836 6132
6056 114 119 115 121
6057 1137 1130 1142 1073
6058 1337 402 1323 403
6059 5362 5334 5407 5335
6060 6004 6007 6006 6008
6061 5026 4999 5013 5042
6062 2252 2255 1980 2261
6063 750 95 75 97
6064 3774 3866 3862 3783
6065 2115 2305 2105 2119
6066 3374 3363 3361 3366
6067 1397 1407 1396 1058
6068 6056 6054 6061 6063
6069 3421 4689 3719 3722
6070 3003 3044 3085 3114
6071 1850 1849 1854 1840
6072 5140 5143 5165 5150
6073 1211 1312 1322 1182
6074 3591 4549 4685 137
6075 5891 5892 5923 6104
6076 552 542 535 544
6077 3865 3880 3892 3919
6078 5572 5531 5528 5518
6079 4681 4419 4417 4426
6080 210 217 218 235
6081 3747 6005 3751 3753
6082 5943 5961 5962 5978
6083 4547 132 4685 137
6084 3176 3174 3177 3183
6085 3253 3806 3524 3264
6086 1171 1157 1156 1130
6087 637 639 627 653
6088 5407 5489 5334 5490
6089 3255 3271 3273 3433
6090 1593 1740 1663 1741
6091 3555 3558 3557 3559
6092 39 26 12 83
6093 4681 4693 4692 4426
6094 3426 3392 3418 4170
6095 1499 1492 1422 1507
6096 1893 1867 1946 1951
6097 3864 3906 3903 3909
6098 623 306 294 611
6099 1242 435 1250 1241
6100 5480 5333 5488 4650
6101 3282 3270 3333 3308
6102 2817 2794 2797 2806
6103 4223 4228 5488 4230
6104 3659 3660 3645 3670
6105 3415 3374 3370 3379
6106 5828 6258 5782 6130
6107 1028 1056 1421 1031
6108 4014 5945 6089 4019
6109 590 593 639 600
6110 6117 6103 6106 6119
6111 5479 5407 5405 5476
6112 4 3660 3659 3667
6113 2314 2113 1968 1980
6114 4166 4200 4216 4168
6115 4365 4020 4013 4021
6116 634 628 637 638
6117 3270 3278 3246 3279
6118 3404 3568 3398 3572
6119 3997 5891 6103 3247
6120 1284 1304 1285 1312
6121 3914 3803 3904 3924
6122 3717 3724 3715 3727
6123 3612 3613 3711 3726
6124 3744 3745 3748 3755
6125 4558 3427 4562 4564
6126 3039 3038 2974 2989
6127 1765 1768 1767 1771
6128 4488 4486 4494 4495
6129 4114 4100 4116 4119
6130 1929 1940 1928 1813
6131 6231 5712 6243 6258
6132 4311 4287 4280 4063
6133 1168 1085 1159 920
6134 2814 2819 2816 2774
6135 5891 3247 3997 3251
6136 3404 3426 3391 3392
6137 526 1323 402 529
6138 3626 3570 3620 3545
6139 1001 1054 999 1057
6140 1615 1660 1702 1689
6141 1365 1360 1364 1366
6142 2863 2859 2857 2876
6143 3003 3044 2961 2947
6144 1929 1928 1930 1813
6145 1209 1199 1186 1212
6146 1904 1866 1900 1868
6147 2493 2528 2512 2499
6148 4912 4913 4910 5178
6149 6093 6102 3952 6090
6150 4429 4436 4435 4439
6151 2338 2337 2336 2303
6152 3304 3336 3307 3308
6153 3391 3404 3420 3426
6154 6006 3753 3816 3825
6155 3182 3275 3226 3276
6156 2247 2223 2243 2242
6157 5781 6160 5768 5784
6158 3511 3489 3514 3528
6159 3998 4311 4158 4159
6160 475 458 436 488
6161 3564 3398 3404 3568
6162 4760 4900 4947 4763
6163 4670 4669 4678 4680
6164 4542 4690 4688 4548
6165 5827 5834 5831 5855
6166 4270 4268 4287 4049
6167 4388 4380 4393 4398
6168 5140 5144 5143 5150
6169 462 432 638 474
6170 5422 5425 5433 5112
6171 5149 5150 5363 5151
6172 2303 2301 2331 2318
6173 1638 1639 1575 1590
6174 3815 3851 3818 5993
6175 3257 3154 3193 3276
6176 938 937 946 947
6177 5128 5126 5130 5137
6178 3565 3718 3628 3727
6179 1065 1058 1068 1073
6180 3253 3264 3258 3265
6181 1927 1923 1800 1924
6182 499 639 638 600
6183 6121 6138 6272 6148
6184 1879 1702 1688 1618
6185 6050 6032 5944 6034
6186 2311 2304 2310 2318
6187 5362 5392 5461 5490
6188 5745 5780 5766 5783
6189 1190 1189 1175 1211
6190 4921 4955 4950 4889
6191 3900 3072 3752 3755
6192 2907 2919 2931 2933
6193 5025 5039 5110 5028
6194 5375 5387 5370 5378
6195 445 441 443 446
6196 4510 4452 4480 4342
6197 321 340 328 333
6198 3182 3183 3226 3275
6199 2158 2156 2160 2596
6200 1264 1199 1259 1268
6201 5192 5178 5170 4914
6202 4002 4003 3994 4008
6203 5685 5655 5627 5629
6204 4415 3880 3892 3895
6205 3593 3598 3596 3599
6206 5892 6104 6103 6119
6207 5942 3239 5939 5949
6208 1982 1969 1968 1994
6209 72 4495 77 81
6210 1224 1519 1518 1464
6211 592 118 724 781
6212 5944 5947 3775 6034
6213 5729 5703 5709 5713
6214 3901 3914 3904 3924
6215 3182 3226 3155 3276
6216 636 639 593 682
6217 581 1198 584 585
6218 189 182 184 195
6219 4671 4668 4667 4679
6220 3899 3905 3903 3906
6221 3997 6102 4019 4007
6222 5869 5879 5810 5881
6223 5763 5767 5764 5769
6224 3851 6061 6070 3852
6225 5140 5150 5165 5151
6226 5932 5935 5933 5937
6227 5651 5684 5649 5641
6228 5505 5509 5510 5518
6229 3097 3897 3092 3099
6230 5923 6104 5892 6119
6231 562 591 568 571
6232 128 3558 165 4549
6233 2998 3000 2977 2989
6234 72 93 76 77
6235 5144 5148 5150 5308
6236 5026 4913 5192 4914
6237 2168 2248 2206 2191
6238 4560 4700 4682 4565
6239 2540 2512 2527 2499
6240 42 41 53 40
6241 4051 4061 4038 4076
6242 2830 2819 2809 2820
6243 3910 3716 3922 3724
6244 4658 4657 4661 4663
6245 3798 3525 3809 3266
6246 4387 5862 4397 5866
6247 471 472 474 433
6248 371 374 118 80
6249 6041 6025 6046 6032
6250 1010 1017 1009 1087
6251 3422 3425 3430 3431
6252 3577 3651 3654 3578
6253 3416 3418 4186 4188
6254 4769 4767 4768 4804
6255 453 439 445 446
6256 708 711 702 712
6257 185 134 195 166
6258 1314 1289 529 1324
6259 5184 5189 5182 5193
6260 1900 1904 1868 1910
6261 1776 1777 1793 1781
6262 1163 1164 1162 1171
6263 2357 2526 2670 2358
6264 1577 1594 1663 1575
6265 4123 4704 4697 4705
6266 3188 3194 3762 3768
6267 6081 5758 6079 5768
6268 3805 3266 3810 3811
6269 5331 5334 5330 5489
6270 1591 1603 1597 1604
6271 5774 5782 5772 5699
6272 4659 4664 4686 4665
6273 4192 4200 4193 4201
6274 4201 4166 4202 4169
6275 110 79 751 778
6276 3652 3662 3659 3665
6277 5372 5370 5374 5392
6278 1279 1338 1283 1297
6279 5943 5936 5978 5979
6280 593 712 711 780
6281 1904 1951 1868 1952
6282 2962 2848 3030 2975
6283 5925 5935 5933 5938
6284 3097 3903 3897 3099
6285 1856 1881 1606 1659
6286 3140 3083 3141 3100
6287 304 305 317 334
6288 358 24 359 361
6289 568 527 569 570
6290 370 373 345 347
6291 1692 1920 1912 1925
6292 5032 5041 5037 5042
6293 3663 3669 4416 4427
6294 3816 3820 3817 3265
6295 6255 6256 6250 6272
6296 5487 5486 5489 5490
6297 1010 1008 1079 1087
6298 425 626 638 432
6299 3056 3055 3059 3101
6300 3338 3450 3406 3461
6301 15 23 25 26
6302 60 1890 64 388
6303 3778 3852 3780 3783
6304 3404 3568 3420 3405
6305 3131 3003 2992 3142
6306 4377 4375 4382 4384
6307 5435 5444 5447 5448
6308 1364 1359 1366 1367
6309 3273 4128 3272 3280
6310 1039 1089 1038 1101
6311 1396 1407 1395 1058
6312 4562 4564 4560 4565
6313 5756 5752 5780 5766
6314 3739 3749 3768 3769
6315 3774 4444 3781 3796
6316 4915 4763 5057 5069
6317 3084 3071 3072 3086
6318 4760 4756 4900 4763
6319 3269 3252 3259 4006
6320 4120 4130 4146 4132
6321 1750 1761 1764 1757
6322 2105 2305 1994 2119
6323 4051 4071 4061 4076
6324 5099 5101 5221 5110
6325 63 60 65 388
6326 2070 2078 2075 2080
6327 421 428 422 430
6328 3818 6061 5983 5993
6329 1181 584 1183 460
6330 5136 5111 5122 5125
6331 5813 5822 5820 5812
6332 4001 3998 4003 4133
6333 695 387 696 725
6334 2295 2304 2305 2119
6335 4122 4172 4124 4173
6336 889 909 880 894
6337 1946 1893 1866 1867
6338 3226 3227 3277 3279
6339 4433 4437 4432 4440
6340 738 697 387 725
6341 6271 5882 5819 5826
6342 4111 4115 4638 4649
6343 4446 4443 4435 4439
6344 3884 71 3893 81
6345 294 301 299 305
6346 3821 3924 3862 3909
6347 1199 1197 1186 1212
6348 5495 5560 5528 5518
6349 6050 6032 6048 5963
6350 3972 3975 3971 3978
6351 2207 2206 2168 2248
6352 6004 6019 5934 6021
6353 2280 2282 2286 2289
6354 3750 3749 3769 3770
6355 4179 4181 4188 4189
6356 3421 4562 4689 3722
6357 1028 1056 1029 1043
6358 2519 2522 2355 2526
6359 3771 3773 3778 3781
6360 5829 5835 5831 5839
6361 4491 3895 3889 4496
6362 3728 3739 3735 3769
6363 592 682 596 119
6364 2021 2022 2020 2010
6365 4224 4315 4310 4062
6366 590 589 593 600
6367 5934 5943 5961 5948
6368 4615 4621 4236 4246
6369 5832 6125 6123 6128
6370 3595 3628 3717 3727
6371 3576 3586 3596 3629
6372 4167 4169 4168 4174
6373 4913 4983 5026 5137
6374 3566 3570 3626 3545
6375 2050 2105 2080 2305
6376 371 372 118 374
6377 1968 1976 1979 1980
6378 4676 4679 4677 4524
6379 4013 6033 3773 5867
6380 4491 4414 3884 3895
6381 1910 1924 1950 1925
6382 2311 2310 2315 2318
6383 548 551 549 557
6384 3094 3103 3100 3101
6385 4270 4271 4309 4287
6386 4686 4664 4662 4665
6387 4311 4287 4309 4314
6388 2881 2883 2877 2880
6389 5068 5067 5092 5097
6390 4560 4700 4593 4169
6391 3255 3273 3271 3280
6392 1706 1995 1742 2022
6393 5048 5054 5047 5056
6394 1893 1946 64 1951
6395 3085 3114 3083 3142
6396 2329 2038 1967 2289
6397 2092 2077 2073 2079
6398 1718 1716 1729 1730
6399 5796 5795 5793 5799
6400 1961 1966 1957 1967
6401 665 667 658 625
6402 2463 2508 2515 2471
6403 5891 5945 3250 4019
6404 5891 5892 3247 5894
6405 2815 2814 2811 2819
6406 2050 2080 2303 2305
6407 1742 1604 1737 2009
6408 4266 4264 4260 4269
6409 2873 2875 2870 2848
6410 3892 3894 3912 3923
6411 366 373 365 389
6412 4102 5839 5829 5854
6413 4592 4696 4253 4258
6414 5602 5629 5601 5798
6415 2874 2861 2903 2862
6416 894 889 886 880
6417 3526 3504 3478 3490
6418 3817 3264 3822 3825
6419 1280 1276 1311 1533
6420 2817 2811 2813 2819
6421 1832 1836 1839 1840
6422 4397 5866 5865 5867
6423 4759 5044 5043 4763
6424 3711 3613 3713 3726
6425 4429 4689 3719 3808
6426 2863 2744 2746 2876
6427 34 39 12 54
6428 1225 1367 1311 1226
6429 5759 5766 5767 5755
6430 4125 4132 4120 4133
6431 1284 1287 1286 1312
6432 4560 4564 4562 4704
6433 3714 3525 3723 3530
6434 3248 4006 4001 4008
6435 6093 3952 6102 3965
6436 2286 2265 2285 2275
6437 2376 2379 2382 2386
6438 4361 4702 4367 4369
6439 130 78 110 79
6440 4361 4428 4367 4702
6441 1224 1518 1519 1226
6442 1956 2019 1995 2022
6443 110 78 115 118
6444 5724 5711 5723 5727
6445 51 39 40 54
6446 1674 1743 1715 1730
6447 4534 4531 4545 4546
6448 5711 5828 5712 5713
6449 4503 4510 4498 4511
6450 5239 5238 5237 5262
6451 2026 2034 2033 2037
6452 311 316 315 180
6453 5338 5350 5337 5112
6454 2829 2834 2470 2903
6455 1457 1552 1563 1521
6456 3029 2961 3003 2989
6457 3420 3426 3404 3431
6458 550 565 552 571
6459 3356 4188 4181 3365
6460 5935 3241 5937 5950
6461 3524 3531 3528 3532
6462 3037 2960 3038 3044
6463 4098 4119 4384 4385
6464 4022 4033 4032 4035
6465 5327 5335 5324 5336
6466 1757 1758 1771 1827
6467 907 915 916 920
6468 3663 3597 3667 3598
6469 562 568 591 726
6470 3702 3707 3703 3711
6471 165 3558 3591 4549
6472 416 569 431 570
6473 3911 3913 3918 3920
6474 4013 6031 6033 5868
6475 2354 2348 2526 2358
6476 371 387 374 80
6477 751 110 781 80
6478 5655 5627 5821 5644
6479 1028 1030 1056 1043
6480 371 373 386 68
6481 2831 2834 2819 2820
6482 4220 4593 4700 4169
6483 3803 3750 3741 3754
6484 4558 4560 4564 4565
6485 429 421 419 427
6486 742 744 750 752
6487 5956 5962 5961 5978
6488 3247 3936 3997 3251
6489 5066 5065 5069 5070
6490 1066 1072 1060 1380
6491 5492 5508 5552 5546
6492 3272 3270 3275 3279
6493 6097 6095 6094 6092
6494 3463 3475 3460 3476
6495 5066 5070 5069 5056
6496 3254 3260 3259 3266
6497 4415 4493 4467 4468
6498 591 711 590 599
6499 3418 3392 3426 3431
6500 4890 4902 4830 4846
6501 3347 3349 3350 3351
6502 1808 1812 1922 1690
6503 3239 5949 5937 5950
6504 3995 3936 3997 3991
6505 3054 3063 3046 3072
6506 4940 4936 4933 4937
6507 5869 5810 5821 5881
6508 3591 165 3593 3600
6509 1181 1197 1268 1184
6510 3096 3640 3692 3740
6511 3253 3822 3264 3825
6512 489 402 501 513
6513 1736 1733 1731 1743
6514 833 851 933 850
6515 4533 4545 4531 4546
6516 5865 4102 5829 5854
6517 2067 2070 2069 2080
6518 1066 1406 1072 1380
6519 2953 3044 3079 2947
6520 110 592 118 122
6521 3024 2936 3003 3029
6522 3997 3251 4000 4019
6523 1072 1421 1056 1031
6524 4363 4366 4367 4368
6525 1740 1674 1741 1743
6526 4670 4678 4613 4624
6527 489 431 499 432
6528 3108 3114 3109 3100
6529 3589 3596 3587 166
6530 5184 5189 5188 5182
6531 4910 4908 5178 4943
6532 631 628 630 637
6533 4067 4076 4100 4077
6534 5319 5378 5307 5322
6535 1810 1879 1781 1884
6536 110 118 592 781
6537 4200 4217 4193 4189
6538 749 87 84 95
6539 4272 4076 4221 5321
6540 1135 1142 1136 1143
6541 3654 3657 3644 3658
6542 4235 4245 4243 5448
6543 1599 1585 1602 1590
6544 2252 1980 1967 2261
6545 1446 1447 1439 1507
6546 1516 1519 1514 1520
6547 4408 3781 4409 4412
6548 1922 1812 1800 1924
6549 4360 4366 4362 4368
6550 1672 1668 1671 1688
6551 4098 4119 4100 4077
6552 108 128 109 152
6553 1001 1154 1057 1157
6554 2970 2973 2959 2961
6555 6006 3196 3816 3753
6556 982 1029 1040 1043
6557 1516 1517 1514 1519
6558 907 914 933 920
6559 5472 5447 5474 5462
6560 4144 4146 4137 4159
6561 4694 4623 4678 4624
6562 1736 1731 1735 1743
6563 2875 2848 2847 2933
6564 4442 4446 4448 4450
6565 2108 2115 2096 2106
6566 6173 6147 6170 6104
6567 1922 1800 1921 1924
6568 3889 3895 3880 4496
6569 6243 6130 6128 6133
6570 4402 4478 4470 4412
6571 1730 1617 1882 1618
6572 1567 1575 1638 1633
6573 1442 1437 1448 1450
6574 1692 1925 1702 1690
6575 1685 1688 1672 1758
6576 4446 4447 4443 4439
6577 4667 642 653 4524
6578 6243 6287 6270 6128
6579 3790 3786 3792 3778
6580 5331 5333 4118 5489
6581 5093 5092 5094 5097
6582 1695 1692 1916 1925
6583 3912 3894 3665 3923
6584 73 79 76 83
6585 316 307 314 360
6586 1156 1142 1129 1130
6587 3363 3365 3361 3366
6588 4010 3990 4011 4017
6589 5943 5908 5893 5949
6590 1588 1575 1643 1590
6591 381 696 387 67
6592 5074 5098 5017 5085
6593 6050 5944 6032 5963
6594 3996 4005 4000 4008
6595 6140 6124 6172 6148
6596 3154 3526 3502 3504
6597 3114 3100 3140 3128
6598 912 910 919 920
6599 3774 3852 3867 3839
6600 767 4340 4418 4342
6601 3900 3752 3072 3086
6602 775 77 753 4424
6603 2048 2037 2030 2010
6604 5110 5236 5149 5112
6605 401 391 412 403
6606 1266 1263 1262 1269
6607 1468 1494 1506 1493
6608 4885 4889 4883 4860
6609 2358 2415 2428 2736
6610 5862 5865 5850 4398
6611 724 594 592 599
6612 1197 1212 1268 1184
6613 1994 1996 1995 2023
6614 2028 2027 2039 2037
6615 6029 6049 6046 6032
6616 4098 4100 4092 4077
6617 3412 4162 4186 4187
6618 5068 5067 5097 5070
6619 5362 5364 5350 5365
6620 4407 4408 4409 4412
6621 1072 1058 1065 1073
6622 5414 5418 5416 5420
6623 2791 2805 2819 2806
6624 3429 4564 4165 4171
6625 4644 4617 4632 4623
6626 192 195 172 181
6627 4763 4875 4902 4889
6628 1868 1951 1897 1884
6629 5108 5105 5150 5111
6630 2974 2973 2966 2989
6631 1989 1995 1966 1981
6632 4896 4902 4891 4860
6633 5199 5203 5205 5198
6634 1607 1606 1856 1881
6635 2794 2805 2797 2806
6636 2309 2304 2255 2261
6637 2056 2057 1595 2066
6638 3422 3460 3459 3461
6639 4441 3913 4436 4421
6640 1262 1268 1258 1269
6641 5044 4763 4762 5069
6642 5040 5041 5036 5125
6643 1811 1820 1814 1827
6644 530 543 544 545
6645 2629 2548 2628 2550
6646 4346 4627 4349 4356
6647 5401 5421 5424 5433
6648 87 750 86 97
6649 1029 1030 1018 1043
6650 5928 5977 5929 5934
6651 6018 6005 5999 6008
6652 730 729 728 738
6653 2329 2289 1967 2261
6654 4677 679 127 4524
6655 4265 4271 4262 4273
6656 3998 4002 4003 4313
6657 4360 4698 4438 4651
6658 609 610 591 612
6659 3929 3997 3964 3965
6660 1190 1211 1196 1198
6661 453 445 458 459
6662 2359 2379 2376 2386
6663 29 24 13 40
6664 160 165 166 167
6665 4636 4657 4633 4661
6666 4775 4773 4772 4763
6667 3374 3379 3363 3366
6668 724 781 118 80
6669 4943 4928 4982 4984
6670 4619 4658 4661 4678
6671 3780 3852 3776 3783
6672 1044 1056 1030 1057
6673 6243 5712 5828 6258
6674 5440 5446 5455 5447
6675 1706 1956 1724 1995
6676 6005 6006 3814 3753
6677 3977 3997 3932 3936
6678 444 1352 484 458
6679 1950 1784 1951 1884
6680 5393 5396 5399 5336
6681 4023 4022 4090 4032
6682 2861 2862 2874 2876
6683 4696 4594 4593 4258
6684 3989 3991 3990 3992
6685 4593 4609 4565 4566
6686 4810 4819 4816 4818
6687 5920 5892 6118 6119
6688 1002 1086 980 1087
6689 4441 4447 4446 4436
6690 4395 4396 4366 4368
6691 4695 4705 4698 4706
6692 3999 4004 4003 4008
6693 1741 1575 1603 1576
6694 1842 1775 1782 1855
6695 5141 5161 5139 5151
6696 3714 3719 3721 3723
6697 3132 3135 3137 3140
6698 1135 1132 1134 1142
6699 4443 4363 4409 4451
6700 1189 1175 1211 1198
6701 1882 1716 1771 1799
6702 3018 2806 2763 2777
6703 705 702 708 711
6704 3875 3870 3872 3881
6705 4096 4119 4098 4385
6706 499 431 471 432
6707 5829 5838 5835 5839
6708 3522 3350 3349 3351
6709 3762 3194 3184 3196
6710 3716 3699 3666 3922
6711 1083 1162 1078 1085
6712 2859 2860 2857 2876
6713 3425 3430 3420 3432
6714 4664 4702 4428 4453
6715 1811 1879 1812 1690
6716 4458 4467 4462 3838
6717 4497 4510 4498 4480
6718 5073 5077 5092 5098
6719 649 774 773 639
6720 3678 3735 3677 3489
6721 3282 3292 3294 3308
6722 1537 1542 1539 1549
6723 5626 5627 5625 5644
6724 5819 5823 6287 6271
6725 6160 6173 6172 6174
6726 6085 6090 6088 6091
6727 173 19 20 25
6728 2967 2970 2959 2961
6729 2781 2789 2785 2805
6730 3066 3062 3068 3071
6731 1372 1066 1072 1058
6732 5655 5641 5627 5644
6733 69 12 71 81
6734 2329 2303 2331 2318
6735 3816 3265 3825 3197
6736 2845 2847 2875 2848
6737 5604 5531 5603 5615
6738 3661 3662 3652 3665
6739 1660 1689 1615 1646
6740 743 767 750 753
6741 5520 5509 5508 5518
6742 3793 3778 3794 3780
6743 520 522 528 585
6744 701 735 738 697
6745 4026 3944 4031 4034
6746 4090 4032 4022 4092
6747 3426 3392 4559 4563
6748 1457 1563 1464 1521
6749 1365 1366 1359 1339
6750 2505 2463 2462 2471
6751 5891 6105 5960 5951
6752 1163 1161 1164 1171
6753 5458 5389 5460 5461
6754 3889 3880 3895 3881
6755 3316 3311 3358 3322
6756 3902 3698 3740 3907
6757 475 436 484 488
6758 1927 1813 1940 1924
6759 1641 1656 1651 1660
6760 721 694 720 725
6761 4380 4362 4381 4398
6762 2123 2126 1564 1728
6763 912 914 910 920
6764 1816 1757 1771 1827
6765 3491 3498 3492 3503
6766 980 1003 1002 1087
6767 1132 1142 1135 1143
6768 1422 1031 1492 1102
6769 499 471 638 432
6770 639 682 637 600
6771 4660 4687 4686 4665
6772 5142 5145 5141 5151
6773 4647 4369 4384 4651
6774 379 385 725 389
6775 3999 4006 3248 4008
6776 3347 3349 3378 3350
6777 3255 3273 4124 3433
6778 3818 6060 6059 6061
6779 5119 5137 5136 5125
6780 3566 3570 3568 3571
6781 5828 5833 5837 5824
6782 3394 3404 3419 3406
6783 3349 3378 3362 3379
6784 5096 5077 5194 5097
6785 3186 3185 3189 3198
6786 3615 3621 3624 3625
6787 2056 1595 2136 2066
6788 4269 4245 4243 4228
6789 3282 3294 3270 3308
6790 4593 4700 4560 4565
6791 3189 3185 3191 3194
6792 306 667 609 625
6793 4445 4340 4355 4341
6794 4219 4245 4269 4228
6795 757 743 739 767
6796 3084 3072 3752 3086
6797 5295 5308 5145 5151
6798 3801 3256 3264 3266
6799 4503 4493 4509 4482
6800 4434 4435 4443 4439
6801 2465 2515 2478 2471
6802 672 675 677 681
6803 4682 4701 4688 4551
6804 3424 3263 3255 3433
6805 1056 1030 1029 1043
6806 1328 1327 1332 403
6807 73 76 79 81
6808 2910 2931 2907 2919
6809 3368 3378 3349 3379
6810 6018 6020 6005 6008
6811 4417 4421 4419 4427
6812 128 4539 3557 4549
6813 3038 3041 3037 3044
6814 5864 5831 5835 5840
6815 764 766 780 768
6816 760 767 758 768
6817 4419 4692 4431 4426
6818 4003 4006 3999 4008
6819 5891 3250 3251 4019
6820 5928 5974 5978 5979
6821 6089 6126 6123 6127
6822 1028 1029 1056 1031
6823 5711 5713 5833 5837
6824 5054 5005 5007 5014
6825 5024 5041 5039 5028
6826 3524 3806 3801 3264
6827 1142 1143 1138 1073
6828 4152 4136 4147 4159
6829 5935 3195 3816 5938
6830 1502 1488 1414 1492
6831 5513 5518 5531 5573
6832 2316 2330 2188 2331
6833 5602 5656 5655 5658
6834 2014 2032 1963 2021
6835 4503 4481 4493 4482
6836 2819 2805 2794 2806
6837 4269 4228 4243 5448
6838 317 313 305 320
6839 4050 3981 4010 4017
6840 3868 3869 3880 4468
6841 4285 4278 4286 4275
6842 1397 1398 1396 1407
6843 1420 1394 1435 1436
6844 4192 4200 4207 4217
6845 5961 6032 6019 5947
6846 3242 3277 3227 3279
6847 1537 1539 1548 1549
6848 1154 1157 1153 1130
6849 1306 1299 1301 1311
6850 6053 6010 6019 6060
6851 1879 1925 1702 1911
6852 111 592 596 119
6853 3174 3183 3168 3337
6854 4308 4167 4129 4172
6855 2916 2918 2910 2922
6856 5487 5447 5460 5462
6857 1170 1167 1164 1171
6858 1273 1333 1272 1283
6859 6030 5880 5879 5882
6860 2514 2358 2526 2371
6861 4581 4190 4589 4202
6862 1018 1030 1029 1057
6863 1273 1279 1296 1338
6864 5830 5821 5879 5881
6865 1688 1674 1715 1618
6866 584 1198 526 585
6867 6243 5712 6231 5799
6868 126 135 4416 3597
6869 4930 4937 4923 4943
6870 5828 5712 6243 5799
6871 1187 1256 1185 1197
6872 563 591 586 726
6873 1156 1142 1056 1031
6874 5492 5518 5508 5546
6875 3995 3274 3246 3307
6876 5654 5841 5642 5657
6877 3130 3024 2936 3003
6878 4041 4272 4075 4076
6879 1268 1256 1181 1241
6880 1591 1592 1593 1604
6881 1439 1496 1446 1507
6882 3771 3866 3774 3783
6883 4327 4480 4326 4328
6884 609 591 594 612
6885 737 701 735 738
6886 1321 1323 403 1324
6887 1049 1044 1052 1056
6888 4417 4420 4423 4426
6889 73 129 4423 136
6890 3226 3276 3277 3213
6891 5774 5784 5782 5699
6892 979 1029 989 1057
6893 6139 6121 6124 6148
6894 5212 5219 5215 5222
6895 5830 5879 5821 5824
6896 51 52 53 40
6897 4182 4181 4184 4188
6898 4188 4170 4166 4173
6899 5864 5831 5853 5854
6900 4264 4269 5386 5391
6901 1922 1808 1809 1812
6902 5093 5070 5097 4914
6903 1570 1568 1569 1575
6904 774 639 772 780
6905 4432 3798 4437 3808
6906 1741 1603 1604 1728
6907 4646 4645 5488 4648
6908 6002 5935 5934 6007
6909 344 1783 346 347
6910 1280 1311 1518 1533
6911 1280 1311 1276 1283
6912 1210 1259 1212 1269
6913 3998 4132 4125 4133
6914 2130 2127 2131 2134
6915 5764 5767 5763 6090
6916 5331 5330 5333 5489
6917 606 607 611 612
6918 636 679 637 682
6919 4930 4933 4937 4943
6920 340 321 307 333
6921 4933 4922 4939 4943
6922 1029 1030 1056 1057
6923 4363 4364 4361 4366
6924 2751 2804 3007 3006
6925 6060 3813 6062 6063
6926 5685 5602 5655 5629
6927 5459 5449 5441 5447
6928 1761 1771 1764 1757
6929 75 67 750 97
6930 5818 5882 6271 5826
6931 4486 4485 4493 4496
6932 4358 4364 4325 4328
6933 4003 4004 3999 4006
6934 3738 3922 3716 3725
6935 5621 5626 5623 5627
6936 4560 4704 4562 4565
6937 4414 4415 3895 4496
6938 4443 4365 4410 4368
6939 4689 4562 4683 3722
6940 5908 5936 5943 5979
6941 4222 4227 4244 4707
6942 5382 5388 5391 5392
6943 219 215 216 213
6944 3713 3628 3717 3726
6945 2918 2922 2921 2931
6946 5610 5602 5685 5629
6947 3762 3768 3194 3196
6948 471 638 598 600
6949 99 108 103 680
6950 5165 5150 5143 5166
6951 1262 1263 1268 1269
6952 4647 4702 4637 4369
6953 4982 5069 4955 5070
6954 1071 1061 1072 1073
6955 1643 1640 1639 1646
6956 3410 3390 3411 3418
6957 2456 2834 2819 2774
6958 5750 5849 5744 5839
6959 4667 4666 4671 4677
6960 3349 3522 3351 3461
6961 5795 6243 6231 5799
6962 1385 1022 1021 1058
6963 3240 5946 5945 3250
6964 1403 1404 1269 1408
6965 3812 3804 3775 3782
6966 3865 3919 3892 3906
6967 3612 3713 3613 3726
6968 1288 1284 1286 1312
6969 5850 5865 5853 5854
6970 51 96 76 54
6971 1479 1477 1492 1493
6972 4557 4608 4533 4561
6973 4397 4013 5865 4021
6974 1959 1956 1963 1995
6975 3738 3741 3739 3685
6976 5077 5097 5098 5085
6977 5655 5642 5641 5644
6978 3593 3667 3597 3598
6979 709 494 711 500
6980 2942 2944 2939 2947
6981 771 4662 4655 4663
6982 1100 1101 1090 1102
6983 4166 4168 4167 4169
6984 6270 6271 6287 6272
6985 556 554 457 557
6986 2098 2066 2148 2106
6987 3446 3445 3441 3169
6988 6169 6170 6173 6147
6989 77 4414 4495 4424
6990 1250 1253 1254 1248
6991 1072 1405 1406 1407
6992 3978 3990 3966 3979
6993 6025 6029 6046 6032
6994 3850 3851 3847 3853
6995 1303 1304 1308 1312
6996 3567 3559 3557 3573
6997 3739 3741 3728 3685
6998 3897 3634 3099 3905
6999 2035 2030 2037 2010
7000 3692 3637 3666 3698
7001 3733 3741 3679 3685
7002 3817 3814 3822 3824
7003 3948 3992 3985 4034
7004 5944 6032 5961 5947
7005 4352 4349 4627 4356
7006 4558 4564 4562 4565
7007 3517 3526 3518 3447
7008 1678 1677 1682 1689
7009 2565 2567 2555 2568
7010 5457 5456 5452 5461
7011 4409 3781 4444 4412
7012 464 472 470 488
7013 5961 6032 5944 5963
7014 3910 3921 3666 3671
7015 4256 4200 4249 4259
7016 5149 5236 5363 5112
7017 4976 4984 4983 4971
7018 1811 1688 1879 1690
7019 6154 6160 6159 6174
7020 2528 2861 2541 2527
7021 4222 4226 4227 4703
7022 3774 4479 3796 3839
7023 1431 1410 1413 1420
7024 3663 4691 3668 4427
7025 4430 4434 4438 4370
7026 4952 4958 4955 4971
7027 4895 4890 4893 4896
7028 4266 4265 4262 4273
7029 4753 4750 4752 4788
7030 1129 1492 1031 1102
7031 5943 5934 5936 5950
7032 25 133 195 134
7033 5159 5165 5143 5166
7034 2079 1604 2104 2009
7035 5108 5109 5111 5112
7036 3030 3018 2791 2848
7037 3420 3431 3425 3432
7038 4383 4364 4374 4366
7039 631 628 637 668
7040 4395 4396 4368 4398
7041 412 391 399 403
7042 1774 1783 1782 1785
7043 2509 2467 2512 2471
7044 4037 4049 4061 4063
7045 3159 3163 3157 3168
7046 1470 1545 1547 1506
7047 110 778 117 136
7048 1682 1685 1684 1690
7049 1809 1800 1922 1812
7050 5050 4957 4970 5069
7051 3201 3202 3208 3211
7052 1285 1180 1289 1182
7053 2456 2775 2452 2457
7054 111 116 320 121
7055 4699 4664 4661 4702
7056 1734 1735 1732 1742
7057 5382 5387 5388 5392
7058 1499 1422 1447 1507
7059 6163 6153 6165 6164
7060 4685 126 3597 137
7061 5174 5170 5152 5165
7062 3316 3312 3311 3322
7063 737 701 738 712
7064 4042 4038 4061 4076
7065 3812 3820 3817 3824
7066 5831 5829 5839 5854
7067 3052 3046 3049 3059
7068 2207 2180 2213 2248
7069 4118 4650 4117 4119
7070 112 180 179 181
7071 1222 1221 1217 1225
7072 3364 4147 4122 3365
7073 74 133 25 83
7074 1287 1286 1312 1297
7075 4158 4146 4147 4130
7076 371 118 372 123
7077 471 499 638 600
7078 1097 1112 1114 1102
7079 2673 2526 2674 2669
7080 2830 2819 2831 2805
7081 5933 5935 5925 5937
7082 3591 165 4549 137
7083 775 77 95 753
7084 3054 3046 3059 3072
7085 3799 3807 3822 3810
7086 4441 4421 4415 3919
7087 3304 3978 3972 3307
7088 605 305 298 611
7089 5822 5824 5821 5826
7090 4432 4437 4433 3808
7091 3492 3188 3491 3503
7092 3663 4416 4691 4427
7093 2768 2816 2815 2777
7094 4013 4397 5865 5868
7095 2017 2002 2005 2010
7096 2816 2819 2815 2777
7097 5051 5054 5048 5056
7098 3103 3104 3113 3114
7099 4338 4662 4339 4340
7100 3772 3778 3773 3797
7101 2173 2190 2167 2612
7102 1120 1161 1107 1171
7103 682 683 119 122
7104 128 4685 4549 137
7105 5370 5392 5372 5365
7106 4492 3884 4491 4414
7107 5891 5945 6105 5951
7108 5018 5020 5017 5028
7109 4265 4270 4271 4273
7110 464 474 472 433
7111 4001 3248 3269 4006
7112 3591 3559 3626 3573
7113 3728 3733 3676 3685
7114 3257 3529 3263 3531
7115 6123 6089 6031 6126
7116 3253 3261 3524 3532
7117 4310 4003 4002 4313
7118 4300 4296 4314 4301
7119 3255 3256 3260 3263
7120 5363 5150 5149 5112
7121 4218 4099 4127 4438
7122 5976 5975 5968 5978
7123 3338 3453 3450 3461
7124 602 605 298 611
7125 73 81 4414 4425
7126 4683 4690 4688 4693
7127 75 738 67 80
7128 4544 4546 4532 4539
7129 1372 1072 1066 1406
7130 2125 2127 2142 2124
7131 777 767 775 768
7132 5934 5948 3820 5950
7133 6170 6106 6173 6104
7134 4646 4648 5488 4230
7135 1609 1607 1881 1616
7136 3003 3114 3085 3142
7137 1570 1573 1603 1576
7138 2762 2775 2774 2776
7139 1040 1029 982 989
7140 4165 4564 3429 3432
7141 3420 3405 3430 3431
7142 3999 3248 4000 4008
7143 4478 4450 4444 4451
7144 1615 1575 1674 1730
7145 419 420 421 429
7146 5791 6240 5796 5823
7147 1866 1946 1867 1951
7148 696 697 387 67
7149 4456 4458 4467 4482
7150 4858 4859 4889 4860
7151 1741 1604 1742 1728
7152 760 752 767 768
7153 1137 1142 1138 1073
7154 6101 6127 6173 6147
7155 1575 1741 1674 1730
7156 3902 3740 3099 3908
7157 4430 4365 4434 4370
7158 3692 3666 3637 3699
7159 2592 2596 2638 2612
7160 4444 3866 3774 3781
7161 3905 3921 3912 3643
7162 2917 2931 2905 2902
7163 3208 3211 3202 3198
7164 1839 346 344 1782
7165 3027 3028 3030 2975
7166 3207 3148 3149 3155
7167 1027 1029 1018 1043
7168 3239 3241 3249 5950
7169 4443 4410 4409 4368
7170 6125 6127 6123 6133
7171 5929 5934 6002 5935
7172 5445 5447 5436 5448
7173 1839 1782 1810 1855
7174 144 157 143 152
7175 3326 3975 3304 3978
7176 5363 5364 5362 5335
7177 3267 3277 3242 3279
7178 1162 915 1078 1085
7179 3798 3809 3805 3266
7180 3591 4549 3557 3573
7181 2810 2774 2456 2820
7182 5368 5378 5366 5322
7183 76 12 39 54
7184 4986 5013 5004 4970
7185 1950 1951 52 1953
7186 2497 2533 2499 2750
7187 1120 1125 1116 1129
7188 994 977 990 989
7189 3056 3055 3058 3059
7190 4685 4690 4547 4549
7191 4096 4651 4384 4385
7192 710 711 494 568
7193 705 710 723 711
7194 5782 5834 5783 5713
7195 3798 3809 3525 3723
7196 2497 2498 2533 2750
7197 5943 5948 5934 5950
7198 3798 3259 3266 3811
7199 6103 5892 5891 6104
7200 1393 1394 1388 1407
7201 3666 3699 3698 3922
7202 3269 3260 3259 3252
7203 3420 3430 3425 3431
7204 110 130 79 136
7205 1035 1030 1435 1043
7206 2910 2916 2922 2931
7207 1955 1956 1959 1995
7208 909 919 889 920
7209 4962 4967 4965 4971
7210 4321 4320 4327 4364
7211 2256 2250 2260 2261
7212 2953 2945 2950 2961
7213 63 381 380 388
7214 5783 5768 5782 5784
7215 3109 3108 3113 3114
7216 2107 2113 2290 2119
7217 1095 1100 1090 1102
7218 3978 3995 3991 3979
7219 1264 1186 1199 1197
7220 5368 5369 5371 5378
7221 4446 4450 4442 4451
7222 4643 4648 4644 4649
7223 5067 5087 5092 5097
7224 2158 2160 2190 2596
7225 4219 4224 4315 4231
7226 2517 2516 2526 2527
7227 6172 6127 6124 6147
7228 6169 6142 6170 6147
7229 15 23 26 27
7230 3714 3724 3717 3727
7231 3584 3586 3576 3629
7232 4222 4703 4227 4707
7233 1692 1920 1925 1690
7234 2304 2261 2309 2318
7235 4963 4966 4960 4971
7236 396 1321 511 403
7237 4784 4788 4750 4804
7238 3911 3920 3917 3809
7239 3211 3198 3201 3213
7240 5724 5709 5723 5711
7241 3662 3665 3661 3894
7242 5783 5713 5834 5741
7243 4151 4182 4188 3365
7244 6123 5832 6128 6129
7245 1050 1058 1056 1073
7246 4100 4119 4098 4104
7247 2504 2516 2512 2513
7248 1171 1101 1156 1086
7249 3164 3162 3166 3168
7250 3097 3903 3899 3905
7251 1401 1376 1222 1408
7252 4060 4033 4061 4035
7253 3239 3293 3232 5893
7254 2505 2504 2512 2513
7255 907 914 918 933
7256 4372 4374 4383 4364
7257 5759 5767 5764 5755
7258 4196 4249 4251 4200
7259 3910 3917 3914 3918
7260 6089 4019 5945 6105
7261 1066 1061 1060 1072
7262 1335 1336 1349 1339
7263 2781 2785 2780 2805
7264 74 26 39 83
7265 5069 5070 5055 5056
7266 4092 4100 4098 4104
7267 2034 2037 2032 2021
7268 1027 1018 1030 1043
7269 4958 4963 4960 4971
7270 1736 1707 1733 1729
7271 4362 4365 4020 4370
7272 3798 4432 4437 3805
7273 6270 6243 6128 6133
7274 128 132 4547 137
7275 3274 3307 3336 3308
7276 1090 1036 1042 1102
7277 3585 3606 3586 3629
7278 2099 2105 2081 2093
7279 4683 4692 4690 4693
7280 4681 4692 4419 4426
7281 2992 3003 3131 3004
7282 3421 4562 3427 4564
7283 4902 4846 4891 4860
7284 2382 2380 2374 2386
7285 5879 5821 5824 5826
7286 1365 1348 1340 1366
7287 6024 6034 6028 6035
7288 4166 4216 4200 4189
7289 3907 3908 3904 3754
7290 4265 4274 4284 4287
7291 1158 1167 1166 1157
7292 4534 4531 4546 4539
7293 5760 5766 5768 5769
7294 2368 2511 2488 2513
7295 4623 4624 4694 4703
7296 771 777 4662 779
7297 806 801 804 807
7298 5891 3250 5945 5951
7299 4523 4524 4676 4550
7300 4768 4771 4769 4804
7301 6221 6228 6230 6220
7302 770 777 779 768
7303 1361 1218 1221 1225
7304 6158 6160 6156 6161
7305 4096 4119 4100 4104
7306 1774 337 1779 346
7307 5731 5737 5729 5741
7308 3995 3248 4000 3251
7309 2037 1967 2050 2038
7310 2543 2550 2638 2596
7311 5627 5812 5621 5629
7312 4122 4158 4147 4130
7313 2935 2932 2941 2946
7314 341 1779 337 346
7315 4297 4300 4296 4314
7316 5810 5821 5879 5826
7317 3994 4004 3999 4008
7318 1156 1056 1029 1031
7319 4695 4697 4705 4706
7320 2092 2076 2079 2093
7321 5364 5335 5308 5322
7322 4982 4983 4913 4984
7323 3046 3071 3062 3045
7324 5380 5386 4269 5448
7325 6271 6129 5819 5882
7326 2204 2194 2200 2205
7327 4409 4410 4444 3781
7328 1620 1660 1648 1616
7329 127 117 114 683
7330 4416 73 4423 4425
7331 2272 2323 2324 2345
7332 3911 4436 3913 3920
7333 3246 3307 3274 3308
7334 5416 5418 5452 5420
7335 3772 3775 5947 6034
7336 2943 3077 3075 3085
7337 3224 3210 3219 3213
7338 5813 5814 5820 5822
7339 3815 3751 3750 3752
7340 5627 5644 5641 5628
7341 1809 1812 1804 1814
7342 4097 4020 4362 4021
7343 5433 5236 5363 5336
7344 391 1336 1328 403
7345 307 351 340 360
7346 3903 3905 3901 3906
7347 3737 3047 3733 3740
7348 707 709 711 500
7349 2050 2304 1967 1980
7350 2354 2348 2355 2526
7351 3863 3815 3850 3851
7352 1909 1908 1907 1910
7353 2870 2875 2763 2848
7354 3267 3242 3278 3279
7355 2845 2846 2847 2848
7356 194 154 195 167
7357 5918 5921 5922 5923
7358 2847 2848 2932 2933
7359 1105 1111 1083 1171
7360 3806 3264 3822 3810
7361 2674 2673 2678 2526
7362 4428 4664 4699 4702
7363 615 608 604 625
7364 1106 1171 1105 1086
7365 2463 2505 2508 2471
7366 5334 5321 5315 5322
7367 6092 6173 6106 6104
7368 5942 5941 5940 5949
7369 724 118 374 80
7370 1163 1162 1111 1171
7371 502 498 508 500
7372 2300 2294 2297 2303
7373 678 667 680 668
7374 1614 1612 1873 1617
7375 4100 4119 4114 4077
7376 657 680 98 667
7377 6123 6125 5838 6132
7378 4493 4415 4496 4468
7379 4910 5178 4913 4943
7380 3701 3707 3702 3711
7381 1018 1029 1023 1057
7382 5379 5388 4263 5391
7383 131 167 165 152
7384 4911 4913 4979 4984
7385 5833 5834 5737 5855
7386 3254 3256 3260 3266
7387 1810 1813 1839 1840
7388 770 779 773 780
7389 3253 3822 3806 3264
7390 3891 4421 4417 4427
7391 4353 4633 4354 4355
7392 3383 3391 3384 4545
7393 637 638 639 600
7394 90 96 95 97
7395 1083 1111 1162 1171
7396 5912 5913 5910 5921
7397 2929 2930 2932 2847
7398 5425 5112 5339 5434
7399 4144 3978 4146 4132
7400 3492 3498 3493 3503
7401 5706 5708 5710 5712
7402 1971 1973 1967 1980
7403 1020 1022 1030 1058
7404 4845 4902 4875 4889
7405 4560 4593 4565 4566
7406 4441 4448 4446 4450
7407 1340 1366 1348 1353
7408 1470 1504 1545 1506
7409 6123 6129 6128 6131
7410 4219 4245 4244 4231
7411 4023 3939 3944 3950
7412 1710 1727 1716 1729
7413 1720 2120 2134 1728
7414 5784 5782 5699 6130
7415 1180 1182 1178 529
7416 503 511 507 529
7417 14 39 38 40
7418 1472 1468 1469 1478
7419 4875 4763 4915 4889
7420 3099 3740 3059 3086
7421 4405 4400 4407 4412
7422 1648 1660 1659 1616
7423 1136 1479 1466 1477
7424 371 118 78 80
7425 3049 3046 3034 3045
7426 2092 2076 2072 2079
7427 3054 3064 3063 3072
7428 767 752 775 768
7429 1839 1784 52 1953
7430 3404 3419 3406 3431
7431 6171 6172 6127 6133
7432 1430 1392 1424 1435
7433 406 410 407 430
7434 3925 3935 3306 3936
7435 2011 2017 2020 2010
7436 4282 4311 4280 4063
7437 5039 5041 5040 5110
7438 4071 4092 4091 4033
7439 3185 3184 3194 3196
7440 4308 4168 4167 4172
7441 4444 4478 4479 4450
7442 3831 3843 3828 3839
7443 4113 4114 4119 4077
7444 1715 1743 1757 1729
7445 1164 1165 1170 1171
7446 1648 1647 1649 1660
7447 70 76 96 54
7448 1866 1865 1900 1868
7449 3259 3252 3254 3811
7450 3893 11 3669 4425
7451 3891 3894 3892 3923
7452 5604 5513 5603 5531
7453 5033 5037 5035 5042
7454 4686 4422 4431 4426
7455 457 543 555 459
7456 3620 3534 3617 3545
7457 5506 5509 5505 5518
7458 492 491 498 499
7459 4486 4493 4495 4496
7460 2255 2304 2314 1980
7461 1700 1686 1693 1689
7462 5985 3080 3752 3850
7463 2828 2834 2831 2820
7464 2207 2248 2168 2191
7465 73 76 81 83
7466 106 98 103 108
7467 3612 3627 3592 3629
7468 4647 4649 4384 4369
7469 3441 3447 3438 3351
7470 1987 1717 1725 1728
7471 3362 3425 3428 3433
7472 1754 1753 1745 1743
7473 3787 3789 3784 3795
7474 1806 1830 1828 1840
7475 4497 4498 4510 4511
7476 4408 3796 3781 4412
7477 3814 3824 3817 3825
7478 1389 1392 1395 1407
7479 651 779 4677 653
7480 5898 5909 5897 5962
7481 4257 4256 4295 4301
7482 4167 4168 4166 4172
7483 3026 3029 3027 3030
7484 6240 6287 6243 5823
7485 3902 3921 3922 3907
7486 1119 1136 1139 1142
7487 4547 4690 4542 4549
7488 662 660 665 668
7489 3910 3914 3917 3922
7490 2189 2188 2330 2191
7491 4179 4181 4186 4188
7492 3654 3658 3586 3700
7493 4346 4625 4626 4383
7494 1950 1813 1812 1924
7495 5776 5779 5783 5768
7496 4667 4673 4515 4524
7497 6231 6242 6248 6258
7498 4348 4353 4351 4356
7499 649 648 774 639
7500 5726 5702 5705 5713
7501 1696 1702 1699 1911
7502 605 300 298 305
7503 3819 3822 3817 3810
7504 1111 1107 1161 1171
7505 3798 4437 3259 3811
7506 1879 1925 1812 1690
7507 5401 5395 5421 5433
7508 128 4547 4685 137
7509 642 679 653 4524
7510 908 848 837 849
7511 2109 2108 2112 2119
7512 3502 3528 3526 3529
7513 5487 5486 5488 5489
7514 5401 5396 5395 5433
7515 3898 3899 3903 3906
7516 1653 1696 1655 1659
7517 2286 2285 2287 2275
7518 3792 3796 3791 3839
7519 5828 6128 6243 6130
7520 1413 1409 1412 1420
7521 4418 767 777 4340
7522 75 67 65 82
7523 5765 5831 5838 5839
7524 1715 1730 1882 1618
7525 6278 6287 6235 5823
7526 4698 4705 4218 4706
7527 4222 4648 4226 4703
7528 70 72 76 81
7529 2158 2160 2326 2190
7530 4222 4624 4703 4707
7531 4337 4662 4338 4340
7532 637 598 638 600
7533 4556 4554 4553 4563
7534 4333 4351 4337 4355
7535 2456 2774 2819 2820
7536 5942 5937 3239 5949
7537 3253 3825 3265 3197
7538 499 431 489 513
7539 1242 434 435 1241
7540 578 581 579 585
7541 4675 4701 4700 4551
7542 387 697 696 725
7543 3813 3821 3776 3852
7544 5488 4648 4645 4650
7545 3998 4017 4311 4159
7546 6124 6127 6172 6148
7547 3338 3406 3349 3461
7548 5552 5543 5549 5546
7549 4443 4409 4363 4368
7550 5438 5463 5447 5475
7551 453 439 446 459
7552 1229 1230 1237 1241
7553 826 822 789 849
7554 5041 5110 5135 5138
7555 1372 1406 1066 1380
7556 5663 5531 5685 5615
7557 3592 3596 3586 3629
7558 6124 6127 6101 6147
7559 471 624 595 598
7560 735 699 686 697
7561 4237 4233 4243 4246
7562 1190 1179 1202 1211
7563 4904 5096 5192 4914
7564 5751 5750 5766 5755
7565 2249 2307 2306 2318
7566 4362 4020 4097 4370
7567 6053 6060 6019 6062
7568 1267 1248 1253 1241
7569 4613 4623 4614 4624
7570 1879 1702 1925 1690
7571 1137 1064 1130 1073
7572 4681 4691 4419 4692
7573 5458 5460 5457 5461
7574 4003 4129 4121 4133
7575 3891 3665 3894 3923
7576 3890 3895 3894 3881
7577 2991 2995 2996 3004
7578 3812 3775 5947 3782
7579 743 742 750 752
7580 5593 5602 5592 5573
7581 4144 4137 4157 4159
7582 1400 1216 1404 1408
7583 3863 3851 3850 3853
7584 4361 4367 4366 4369
7585 5902 5897 5903 5908
7586 1675 1684 1685 1690
7587 4460 4468 4467 4482
7588 3135 3134 3853 3142
7589 3857 3863 3864 3853
7590 5295 5335 5308 5151
7591 5520 5521 5510 5518
7592 115 118 78 123
7593 1119 1116 1118 1129
7594 1811 1814 1826 1827
7595 3714 3720 3725 3530
7596 5865 5867 5864 5868
7597 1068 1065 1050 1058
7598 2316 2330 2331 2318
7599 1793 1776 1781 1783
7600 407 420 406 430
7601 1304 1284 1308 1312
7602 1056 1421 1072 1058
7603 5457 5452 5418 5461
7604 6 3884 71 3893
7605 5334 5486 4118 5321
7606 3922 3724 3716 3725
7607 5807 5808 5811 5806
7608 294 305 302 611
7609 3910 3916 3918 3921
7610 4418 4494 753 4511
7611 5472 5470 5454 5462
7612 4696 4594 4675 4700
7613 6160 5784 6155 6161
7614 5592 5602 5569 5573
7615 1650 1857 1856 1659
7616 4646 4621 4648 4230
7617 5623 5621 5627 5812
7618 5422 5236 5235 5112
7619 6127 6133 6172 6148
7620 754 767 753 4511
7621 5386 5391 4269 5448
7622 3267 3260 3263 3280
7623 5066 5067 5070 5056
7624 4202 4169 4166 4170
7625 3418 3392 4187 4170
7626 4187 4188 3418 4170
7627 3955 3952 3954 3965
7628 3784 3785 5880 3797
7629 4096 4098 4101 4385
7630 4167 4124 4172 4173
7631 3132 3119 3118 3128
7632 5943 3250 5908 5951
7633 110 778 751 781
7634 4415 4467 3880 4468
7635 4257 4251 4256 4301
7636 2996 2999 3001 3004
7637 3801 3810 3805 3266
7638 4352 4633 4353 4355
7639 3329 3282 3283 3337
7640 3210 3211 3201 3213
7641 5828 5837 5820 5824
7642 1044 1052 1056 1057
7643 4433 4432 3808 4440
7644 305 320 323 333
7645 5460 5392 5391 5490
7646 4694 4703 4624 4707
7647 5849 5750 5753 5755
7648 1810 1782 1839 1784
7649 396 511 397 403
7650 1384 1393 1452 1394
7651 3255 4124 3429 3433
7652 1064 1069 1054 1073
7653 2120 1987 1996 1728
7654 4237 4243 4245 4246
7655 1373 1478 1059 1143
7656 2456 2774 2775 2776
7657 1181 446 543 460
7658 2148 2144 2101 2149
7659 2035 2018 2030 2010
7660 1931 1929 1813 1941
7661 4306 4017 4307 4159
7662 1415 1418 1412 1420
7663 2863 2857 2852 2876
7664 4685 4547 128 4549
7665 2901 2897 2899 2902
7666 3254 3264 3256 3266
7667 3586 3658 3664 3700
7668 1748 1761 1750 1757
7669 3317 3313 3312 3322
7670 4478 4479 4467 4482
7671 6025 6029 6026 6046
7672 4122 4124 3428 4173
7673 5563 5561 5562 5546
7674 4543 4565 4609 4566
7675 848 849 908 933
7676 3083 3044 3071 3045
7677 2329 2261 2304 2318
7678 3386 3404 3391 3392
7679 6155 6080 5781 6160
7680 55 86 750 97
7681 1967 2038 2024 2289
7682 3224 3219 3214 3213
7683 3099 3740 3900 3908
7684 4223 4648 5488 4650
7685 1962 1961 1964 1966
7686 790 1085 849 920
7687 4165 3428 4124 4173
7688 589 596 592 682
7689 4585 4587 4591 4594
7690 2019 2021 1995 2022
7691 5710 5712 6244 6258
7692 1853 1848 1847 1855
7693 1778 1769 1766 1785
7694 3772 6033 3775 6034
7695 5437 5438 5463 5447
7696 6248 6254 6253 6257
7697 3226 3155 3276 3213
7698 5964 5978 5974 5979
7699 5472 5474 5447 5475
7700 591 597 586 726
7701 1570 1573 2137 1603
7702 1444 1445 1440 1449
7703 4092 4103 4033 4104
7704 1675 1808 1684 1690
7705 4186 3416 3412 3418
7706 5487 5462 5490 5476
7707 1 2 0 11
7708 4590 4696 4586 4594
7709 3557 3558 3591 3559
7710 5443 5449 5389 5460
7711 1777 1781 1776 1783
7712 2929 2932 2931 2847
7713 4936 4930 4933 4937
7714 1873 1610 1872 1881
7715 3860 3865 3837 3906
7716 1202 1201 1200 1211
7717 3422 3406 3405 3460
7718 5513 5516 5529 5517
7719 636 679 4677 653
7720 3810 3266 3254 3811
7721 487 458 543 459
7722 4843 4763 4902 4788
7723 1822 1825 1852 1854
7724 4360 4366 4367 4369
7725 2814 2774 2812 2820
7726 1268 1212 1225 1184
7727 3781 3796 4444 4412
7728 1435 1394 1392 1436
7729 1365 1359 1345 1339
7730 1015 1017 794 807
7731 5512 5510 5521 5518
7732 2330 2248 2180 2191
7733 5604 5610 5593 5573
7734 5027 5085 5135 5028
7735 5214 5223 5084 5028
7736 2814 2819 2774 2820
7737 4388 4102 5865 5854
7738 2468 2471 2446 2457
7739 2354 2355 2357 2526
7740 1764 1771 1816 1757
7741 5043 5044 5048 5069
7742 5813 5618 5617 5812
7743 4365 4397 4410 4368
7744 2327 2326 2330 2331
7745 5711 5655 5657 5658
7746 4444 4479 4478 4412
7747 3588 3596 3598 3599
7748 5759 5764 5754 5755
7749 1878 1883 1876 1896
7750 4416 4423 4417 4425
7751 4099 4127 4430 4004
7752 3851 6061 3818 5993
7753 6145 5923 5910 6119
7754 3502 3261 3503 3532
7755 5563 5562 5565 5518
7756 1018 1027 1023 1029
7757 2423 2386 2409 2415
7758 1414 1422 1492 1102
7759 3259 3260 3254 3252
7760 381 383 382 389
7761 1392 1435 1430 1030
7762 1550 1559 1563 1549
7763 4271 4314 4296 4301
7764 5114 5117 5116 5125
7765 1577 1575 1663 1674
7766 2008 2021 2037 2010
7767 4122 4147 3364 4130
7768 622 666 624 473
7769 4430 4438 4099 4370
7770 6256 6272 6135 6148
7771 1695 1906 1702 1925
7772 5619 5612 5608 5611
7773 30 40 39 54
7774 3717 3595 3592 3628
7775 423 464 406 433
7776 2383 2380 2385 2386
7777 1072 1421 1407 1058
7778 5236 5151 5363 5336
7779 3242 3246 3244 3278
7780 3798 4432 3805 3808
7781 526 1182 1323 529
7782 4360 4369 4698 4651
7783 73 130 79 83
7784 5918 5913 5917 5921
7785 1136 1467 1471 1143
7786 5876 5879 5880 6035
7787 5942 3228 3239 5937
7788 4386 5866 4397 4411
7789 3718 3571 3566 3434
7790 3272 3269 3278 3280
7791 806 794 801 807
7792 4973 4967 4943 4984
7793 78 118 371 123
7794 1071 1072 1065 1073
7795 3323 4139 4141 4146
7796 2259 2252 1967 2261
7797 69 71 70 81
7798 3902 3922 3698 3907
7799 5068 5092 5093 5097
7800 73 79 77 81
7801 1237 446 437 1241
7802 4677 779 636 653
7803 5325 5326 5327 5407
7804 2075 2076 2083 2093
7805 4428 4453 4361 4454
7806 5506 5508 5509 5518
7807 5443 5381 5436 5448
7808 1319 1320 1338 1324
7809 5026 4983 4999 5137
7810 1609 1607 1610 1881
7811 3140 3114 3083 3100
7812 5829 4102 5865 4021
7813 3716 3698 3699 3922
7814 448 453 447 458
7815 6070 3844 3851 3852
7816 3518 3526 3522 3447
7817 3512 3516 3511 3518
7818 1035 1435 1034 1043
7819 2322 2331 2323 2345
7820 1354 1365 1340 1366
7821 344 360 346 361
7822 5943 3245 5946 5948
7823 4675 4594 4696 4680
7824 2523 2541 2675 2889
7825 3637 3650 3688 3699
7826 4387 4397 4386 5866
7827 558 560 559 567
7828 2752 2751 2762 2777
7829 3592 3595 3626 3628
7830 1336 1349 1339 1353
7831 2072 1997 2073 2078
7832 3272 3275 3278 3279
7833 5036 4999 5116 5125
7834 5308 5335 5295 5322
7835 638 432 471 474
7836 1480 1489 1482 1493
7837 204 233 218 208
7838 1051 1054 1055 1056
7839 3558 3559 3554 3600
7840 3246 3274 3270 3308
7841 4096 4100 4229 4104
7842 4032 4097 4102 4018
7843 3193 3277 3276 3213
7844 3361 3365 3354 3366
7845 124 188 3588 3599
7846 587 594 597 612
7847 6049 6048 6032 5963
7848 3817 3822 3819 3824
7849 5074 5095 5015 5098
7850 1366 1240 1225 1184
7851 3550 3557 4534 4545
7852 4014 4005 4000 4007
7853 1473 1468 1470 1506
7854 4517 4518 4594 4523
7855 4223 4648 4222 4230
7856 3240 3248 3999 3252
7857 6094 6109 6114 6106
7858 217 216 223 208
7859 4220 4593 4201 4258
7860 5908 3243 5893 5894
7861 1603 2066 2104 2149
7862 5508 5518 5506 5546
7863 3793 3786 3790 3778
7864 5908 5943 5962 5979
7865 2265 2286 2282 2289
7866 4659 4662 4664 4665
7867 5233 5219 5218 5222
7868 3189 3194 3212 3198
7869 3271 3273 3272 3280
7870 3975 4145 3974 3978
7871 2127 2142 2124 2149
7872 1314 1289 518 529
7873 3860 3864 3865 3906
7874 3391 3404 3398 3572
7875 1127 1064 1054 1130
7876 5843 5842 5841 5855
7877 1904 1868 1910 1952
7878 1028 1420 1421 1435
7879 71 12 3893 81
7880 5565 5518 5513 5573
7881 5849 5839 4102 5854
7882 3465 3605 3464 3476
7883 1148 1170 1128 1130
7884 2874 2902 2847 2862
7885 5823 6271 5819 5825
7886 3003 3044 3114 2989
7887 4165 4124 3428 3429
7888 4096 4098 4119 4104
7889 2309 2261 2253 2318
7890 4998 4980 4999 5000
7891 5589 5595 5602 5727
7892 3612 3613 3713 3627
7893 5960 6126 5945 6105
7894 2957 2960 3037 3044
7895 499 590 500 600
7896 5233 5220 5234 5222
7897 2303 2329 2331 2345
7898 6083 6087 6085 6091
7899 711 599 591 726
7900 2327 2326 2160 2190
7901 4220 4244 4258 4259
7902 4980 4983 4999 5000
7903 6060 6062 6053 6063
7904 928 921 959 925
7905 5402 5329 5477 5400
7906 2977 3027 2998 3029
7907 4682 4700 4697 4701
7908 3760 3503 3768 3769
7909 1286 1288 1312 1297
7910 5068 5097 5093 5070
7911 4900 4889 4946 4956
7912 1287 1289 1293 1324
7913 3620 3570 3626 3559
7914 6070 3851 6077 6061
7915 2237 2234 2245 2248
7916 3604 3607 3609 3612
7917 5685 5573 5610 5615
7918 2104 2079 2066 1604
7919 4593 4594 4696 4700
7920 3364 3365 3363 3366
7921 2565 2556 2562 2568
7922 1470 1547 1540 1506
7923 2360 2412 2415 2371
7924 4544 4546 4542 4552
7925 3875 3872 3874 3881
7926 3519 3713 3613 3614
7927 2308 2330 2317 2318
7928 3526 3490 3518 3528
7929 2519 2370 2488 2513
7930 2048 2044 2037 2010
7931 323 305 313 320
7932 1392 1421 1420 1435
7933 3663 4691 4416 3597
7934 3827 4479 4456 3838
7935 37 34 39 26
7936 3677 3484 3482 3489
7937 1502 1414 1499 1492
7938 3253 3749 3822 3825
7939 5821 5822 5820 5824
7940 2131 2128 2126 2124
7941 3075 3077 3078 3085
7942 3817 3822 3814 3825
7943 5516 5513 5514 5517
7944 3652 3631 3661 3642
7945 979 977 994 989
7946 2540 2749 2776 2750
7947 3107 3127 3140 3100
7948 724 374 387 80
7949 4150 4137 4136 4159
7950 3377 3378 3368 3379
7951 4372 4374 4371 4383
7952 2348 2526 2358 2371
7953 5497 5528 5495 5560
7954 2309 2253 2306 2318
7955 1765 1762 1760 1771
7956 4216 4217 4200 4189
7957 1759 1760 1771 1799
7958 2590 2607 2608 2612
7959 1577 1588 1589 1575
7960 2924 2900 2836 2902
7961 2310 2304 2309 2318
7962 42 36 41 40
7963 1589 1575 1588 1590
7964 5435 4235 5444 4243
7965 1139 1135 1136 1140
7966 3950 3992 3948 4034
7967 1514 1520 1519 1549
7968 3036 3071 3044 3045
7969 3423 3430 3425 3432
7970 3221 3227 3223 3294
7971 4327 4364 4363 4328
7972 5180 5179 5096 5192
7973 471 474 432 433
7974 3035 3062 3071 3045
7975 1692 1681 1920 1690
7976 4442 4327 4363 4328
7977 1994 1995 1996 1981
7978 3473 3466 3474 3476
7979 3032 3059 3049 3045
7980 3015 2763 2754 3018
7981 3154 3526 3445 3169
7982 4261 4238 5380 4269
7983 4243 4246 4236 4230
7984 5332 5334 5331 4118
7985 590 593 589 599
7986 4335 4341 4340 4342
7987 1159 1167 1158 1172
7988 3412 3418 3411 3392
7989 3644 3645 3660 3670
7990 4360 4438 4101 4651
7991 2944 2942 2939 2940
7992 5876 5879 5872 5880
7993 5943 5946 5961 5948
7994 6033 5867 4013 5868
7995 3819 3822 3814 3824
7996 3256 3261 3257 3531
7997 63 693 696 67
7998 5936 5937 5949 5950
7999 1174 1211 1175 1182
8000 11 26 25 83
8001 3561 3570 3559 3572
8002 3538 3562 3568 3570
8003 1051 1056 1052 1057
8004 1997 2006 2003 2010
8005 2425 2415 2414 2736
8006 3472 3475 3533 3545
8007 1931 1813 1953 1941
8008 4295 4273 4271 4301
8009 6261 6287 6262 6271
8010 5700 5602 5598 5798
8011 5314 5315 5334 5321
8012 3773 3771 4410 3781
8013 4967 4928 4943 4984
8014 4531 4532 4546 4539
8015 3062 3046 3063 3071
8016 5891 4019 6102 6105
8017 5212 5215 5205 5222
8018 713 723 710 711
8019 5057 4763 4773 5069
8020 3304 3975 3972 3978
8021 3781 4411 3773 3795
8022 2070 2068 2071 2078
8023 4388 4380 4394 4393
8024 5604 5610 5573 5615
8025 3114 3004 3109 3128
8026 3096 3058 3055 3059
8027 1950 1951 1868 1884
8028 2126 1564 1728 1576
8029 5115 5137 5119 5125
8030 2744 2741 2745 2749
8031 978 981 982 989
8032 4969 4975 4972 4971
8033 6020 6021 6004 6008
8034 539 1255 1250 1256
8035 5485 5488 5474 5475
8036 5830 5879 5824 5840
8037 3368 3349 3373 3379
8038 2078 2051 2050 2080
8039 3049 3051 3052 3059
8040 5170 5165 5174 5178
8041 5572 5560 5564 5518
8042 6276 6240 6281 6287
8043 1296 1338 1279 1297
8044 776 712 593 780
8045 3099 3101 3083 3086
8046 5842 5654 5841 5642
8047 1828 1830 1834 1840
8048 4181 4188 4182 3365
8049 5062 5069 5065 5070
8050 4289 4300 4290 4160
8051 212 210 214 213
8052 5828 5713 5711 5837
8053 462 638 666 474
8054 1623 1625 1567 1633
8055 2931 2847 2874 2902
8056 5314 5334 5332 5321
8057 594 597 591 599
8058 5974 5966 5968 5978
8059 2303 2051 2338 2080
8060 3079 2953 3082 3044
8061 2282 2265 2289 2276
8062 678 596 682 119
8063 4510 4494 4418 4511
8064 5876 5882 5879 6035
8065 3854 3867 3863 3852
8066 4640 4649 4115 4650
8067 3816 3753 3196 3825
8068 2756 2753 2755 2762
8069 1706 1995 1724 1742
8070 1266 1262 1263 1267
8071 3470 3709 3608 3613
8072 1545 1561 1543 1549
8073 5760 5768 5758 5769
8074 4271 4273 4270 4315
8075 344 1782 346 1783
8076 5405 5407 5406 5476
8077 1492 1422 1421 1031
8078 2105 2078 2079 2023
8079 1252 1247 1251 1256
8080 387 67 738 80
8081 3865 3867 3864 3838
8082 369 372 373 374
8083 1615 1632 1575 1730
8084 4309 4287 4311 4063
8085 5984 5986 5980 5993
8086 4090 5754 5764 5755
8087 194 154 193 195
8088 3799 3821 3904 3924
8089 1181 1240 1268 1241
8090 467 464 465 474
8091 4664 4449 4445 4453
8092 5195 5194 5202 5196
8093 2835 2900 2901 2862
8094 3001 3002 3000 3004
8095 1053 1054 1154 1057
8096 300 305 605 611
8097 3472 3471 3533 3475
8098 5487 5462 5460 5490
8099 1674 1730 1715 1618
8100 3106 3109 3114 3004
8101 299 296 294 305
8102 688 697 699 725
8103 3359 3360 3353 3365
8104 4225 4315 4224 4231
8105 1015 794 806 807
8106 2544 2553 2542 2568
8107 5391 5392 5378 5490
8108 4654 4338 4337 4662
8109 1612 1609 1610 1617
8110 386 68 65 82
8111 3849 3847 3850 3851
8112 2427 2359 2424 2371
8113 1114 1129 1101 1102
8114 2190 2330 2188 2191
8115 5685 5628 5663 5615
8116 1514 1512 1520 1549
8117 3858 3863 3855 3853
8118 1535 1540 1547 1549
8119 6249 6252 6149 6253
8120 662 664 663 668
8121 77 79 76 81
8122 5898 5897 5908 5962
8123 2514 2526 2513 2371
8124 2359 2376 2424 2386
8125 2486 2477 2479 2820
8126 3917 3724 3922 3725
8127 5945 5960 6105 5951
8128 648 626 491 499
8129 3593 166 3596 3600
8130 4219 4269 4245 4273
8131 4220 4227 4244 4231
8132 3999 3248 3269 3252
8133 594 611 609 612
8134 3502 3489 3528 3532
8135 3667 134 3593 3597
8136 4165 3426 4564 3432
8137 3863 3821 3815 3851
8138 3254 3266 3259 3811
8139 3493 3188 3492 3503
8140 550 557 551 571
8141 5642 5830 5643 5644
8142 582 573 568 585
8143 1133 1132 1135 1143
8144 4360 4438 4434 4370
8145 5038 5034 5037 5041
8146 2998 2976 2978 3000
8147 3561 3546 3567 3559
8148 5013 4999 5026 4985
8149 350 1842 346 361
8150 3880 3895 4415 4496
8151 5449 5459 5458 5460
8152 2008 2079 2078 2023
8153 634 637 628 668
8154 5021 5018 5027 5028
8155 434 437 446 1241
8156 373 374 387 389
8157 1942 1944 1943 1952
8158 3720 3716 3724 3725
8159 3995 3997 3936 3251
8160 2519 2528 2525 2526
8161 2960 3044 2957 2961
8162 4415 3892 3880 3919
8163 1812 1813 1810 1814
8164 1147 1157 1148 1130
8165 5943 5936 5908 5949
8166 4261 5386 4264 4269
8167 3760 3732 3491 3503
8168 1845 1775 1847 1855
8169 435 438 546 446
8170 1425 1424 1392 1435
8171 4542 4548 4688 4552
8172 4776 4824 4823 4788
8173 5334 4118 5332 5321
8174 4958 4959 4957 4970
8175 4363 4367 4361 4454
8176 4954 4965 4951 4928
8177 547 554 548 544
8178 1504 1495 1494 1506
8179 4696 4594 4590 4680
8180 5097 5192 5096 4914
8181 1430 1425 1424 1392
8182 6 5 3893 12
8183 3568 3570 3566 3545
8184 4974 4973 4906 4984
8185 1737 1732 1742 2009
8186 5004 4970 5013 5014
8187 128 131 165 152
8188 3409 3419 3346 3406
8189 1967 1980 2304 2261
8190 2834 2903 2829 2919
8191 4430 4099 4020 4370
8192 4428 4367 4435 4454
8193 2050 1967 1966 1980
8194 2871 2872 2868 2875
8195 1874 1873 1872 1881
8196 128 4544 109 4539
8197 4659 4663 4662 4665
8198 1520 1549 1512 1521
8199 1331 1313 1330 1338
8200 4123 4127 4433 4705
8201 3607 3611 3609 3613
8202 671 102 100 109
8203 1708 1882 1792 1716
8204 5671 5668 5669 5641
8205 5105 5111 5104 5166
8206 2970 2966 2973 2961
8207 724 374 118 597
8208 651 771 4655 4663
8209 3383 3384 4553 4545
8210 4694 4697 4706 4707
8211 5438 5439 5444 5447
8212 4032 4102 4092 5755
8213 3436 3447 3459 3461
8214 4164 4186 4162 4187
8215 4437 3805 4432 3811
8216 2816 2812 2814 2774
8217 6093 6097 3927 6103
8218 98 106 103 104
8219 3376 3378 3377 3366
8220 1486 1500 1503 1507
8221 2679 2675 2541 2889
8222 2571 2548 2638 2550
8223 6169 6173 6172 6147
8224 6049 6032 5958 5963
8225 3882 3893 3894 3895
8226 1384 1257 1452 1393
8227 5860 5858 5866 5643
8228 1225 1240 1268 1184
8229 4922 4939 4943 4914
8230 6244 5712 6231 6258
8231 5922 5918 5916 5919
8232 4235 4239 4245 5448
8233 4543 4561 4565 4566
8234 5486 5487 5488 5475
8235 2945 3079 2943 2947
8236 5864 5853 5831 5840
8237 2954 2932 2846 2848
8238 3459 3460 3448 3461
8239 436 444 484 458
8240 4486 4485 4484 4494
8241 4289 4290 4206 4160
8242 3267 3262 3260 3278
8243 90 93 77 96
8244 5058 4763 5043 5069
8245 5819 5824 5822 5826
8246 1079 849 1085 1087
8247 3813 3818 3851 6061
8248 5037 5041 5034 5042
8249 381 386 382 388
8250 3917 3801 3807 3809
8251 4636 4619 4658 4661
8252 6172 6173 6169 6174
8253 638 471 666 474
8254 3068 3071 3063 3072
8255 1203 1311 1300 1518
8256 3995 3246 3306 3307
8257 4261 5380 5386 4269
8258 1702 1925 1906 1911
8259 1126 1142 1134 1130
8260 139 142 143 120
8261 672 679 4512 681
8262 5663 5661 5665 5686
8263 3902 3921 3905 3643
8264 4363 4327 4361 4364
8265 3505 3467 3508 3476
8266 5956 5961 5962 5963
8267 953 954 959 928
8268 4916 4955 4917 4928
8269 4465 3880 3869 4468
8270 5863 5866 4411 5867
8271 3059 3740 3047 3072
8272 1365 1348 1366 1339
8273 1809 1808 1804 1812
8274 5084 5082 5020 5028
8275 4252 4253 4232 4258
8276 4085 4078 4086 5755
8277 5443 5389 5384 5460
8278 3734 3737 3729 3741
8279 5316 5334 5315 5322
8280 5792 5798 5814 5799
8281 678 119 682 683
8282 416 1183 584 460
8283 5828 6125 6128 6130
8284 1648 1649 1650 1659
8285 50 70 96 54
8286 3349 3351 3342 3461
8287 4516 4524 4523 4550
8288 471 472 473 474
8289 6025 6032 6022 6034
8290 4585 4586 4587 4594
8291 2048 2004 2044 2010
8292 3739 3768 3503 3769
8293 4670 4624 4610 4680
8294 5928 5978 5936 5979
8295 1072 1142 1031 1073
8296 2238 2248 2237 2219
8297 1870 1882 1781 1799
8298 4836 4833 4839 4846
8299 3844 3842 6070 3851
8300 1028 1031 1422 1102
8301 4361 4453 4355 4341
8302 4491 4489 4495 4496
8303 2986 2974 2987 2969
8304 4785 4750 4784 4788
8305 1962 1957 1961 1966
8306 6144 5909 5910 5923
8307 1652 1649 1655 1659
8308 4757 4762 4761 4763
8309 5934 6007 6004 6021
8310 1209 1207 1208 1212
8311 5221 5101 5235 5110
8312 5920 5923 5922 5892
8313 4362 4366 4360 4385
8314 2086 2092 2087 2066
8315 4413 4422 4418 4424
8316 130 135 133 83
8317 637 636 639 653
8318 4619 4613 4672 4623
8319 2039 2037 2051 2038
8320 5315 5318 5317 5321
8321 5648 5657 5656 5658
8322 5119 5136 5122 5125
8323 1107 1105 1106 1171
8324 775 753 4418 4424
8325 1768 1771 1765 1826
8326 4999 4983 5026 4985
8327 1051 1055 1052 1056
8328 4310 4313 4002 4062
8329 4622 4618 4621 4648
8330 4044 4061 4037 4049
8331 3989 3992 3990 3993
8332 4430 4127 4099 4438
8333 1559 1562 1561 1549
8334 4384 4369 4360 4651
8335 1392 1435 1420 1394
8336 4235 4237 4243 4245
8337 1220 1221 1214 1225
8338 4413 4420 4422 4424
8339 2018 2048 2030 2010
8340 319 310 320 180
8341 1991 1988 1995 1996
8342 6140 6139 6124 6148
8343 3900 3084 3752 3086
8344 1836 1837 1850 1840
8345 4417 4423 73 4425
8346 303 317 304 305
8347 2747 2758 2748 2749
8348 1984 1974 1969 1981
8349 1653 1659 1649 1660
8350 2337 2303 2338 2080
8351 2916 2905 2917 2931
8352 4079 4080 4085 4083
8353 3994 4005 3996 4008
8354 2201 2248 2206 2219
8355 3740 3741 3750 3754
8356 1979 2255 2314 1980
8357 61 60 64 65
8358 588 591 571 612
8359 6018 5983 5999 6005
8360 5827 5737 5834 5855
8361 3054 3059 3047 3072
8362 1815 1820 1811 1827
8363 5017 5020 5082 5028
8364 2744 2745 2746 2749
8365 365 373 364 389
8366 4622 4614 4623 4624
8367 3403 3454 3397 3405
8368 4675 4700 4594 4551
8369 5003 5050 4957 4970
8370 579 577 578 585
8371 3756 3764 3770 3755
8372 5329 5326 5407 5334
8373 3083 3114 3044 3045
8374 4700 4701 4682 4551
8375 5943 5962 5961 5951
8376 3772 5947 3775 3782
8377 3003 2961 3029 2947
8378 6253 6257 6254 6175
8379 2595 2597 2587 2612
8380 5836 5838 5765 6132
8381 2812 2774 2810 2820
8382 5864 5853 5865 5854
8383 517 516 521 529
8384 3812 3245 3820 5948
8385 173 20 171 179
8386 3004 3128 3114 3142
8387 3340 3342 3351 3461
8388 443 1238 444 1352
8389 3593 3597 3663 3598
8390 3267 3263 3271 3280
8391 131 120 143 152
8392 1932 1918 1915 1924
8393 462 461 432 474
8394 434 438 435 446
8395 3538 3570 3568 3545
8396 1614 1873 1881 1617
8397 4097 4101 4099 4104
8398 1955 1724 1956 1995
8399 10 12 34 26
8400 3863 3864 3903 3909
8401 3209 3202 3208 3201
8402 3024 2936 3029 3031
8403 1890 388 1892 1896
8404 1038 1029 982 1043
8405 3074 3078 3084 3085
8406 5382 5391 5383 5392
8407 679 682 636 683
8408 45 53 41 54
8409 387 697 738 67
8410 1912 1924 1914 1925
8411 4982 4913 4943 4984
8412 110 79 778 136
8413 2101 2144 2146 2149
8414 2881 2877 2878 2880
8415 5141 5140 5161 5151
8416 4023 3950 3944 4034
8417 3774 3795 3781 3783
8418 1351 1350 1346 1352
8419 4619 4661 4636 4623
8420 2856 2862 2861 2876
8421 3438 3351 3447 3461
8422 2962 2763 3018 2848
8423 5440 5442 5439 5447
8424 4681 4687 4690 4693
8425 3845 3851 3844 3852
8426 862 840 841 850
8427 3182 3155 3154 3276
8428 3083 3045 3071 3086
8429 160 166 159 167
8430 3464 3475 3473 3476
8431 2998 3027 3026 3029
8432 3099 3100 3083 3101
8433 5958 5956 5961 5978
8434 3911 3917 3807 3809
8435 3426 3392 3404 3431
8436 3297 3295 3306 3307
8437 3190 3196 3195 5938
8438 4165 3428 3425 3429
8439 5121 5102 5110 5111
8440 85 95 4495 753
8441 3749 3822 3803 3806
8442 5362 5378 5490 5322
8443 4446 4442 4449 4454
8444 160 159 165 167
8445 5383 5390 5387 5392
8446 4282 4280 4279 4287
8447 678 665 596 667
8448 185 190 189 195
8449 4096 4101 4651 4385
8450 3546 3552 3547 3391
8451 4167 4129 4123 4174
8452 646 651 4677 653
8453 5943 3245 5948 5950
8454 1638 1575 1567 1590
8455 9 3882 5 3893
8456 5583 5571 5586 5656
8457 2959 2973 2960 2961
8458 4158 4147 4146 4159
8459 1393 1465 1452 1394
8460 2822 2809 2811 2820
8461 5002 5005 5051 5014
8462 4510 4442 4480 4452
8463 2488 2370 2368 2513
8464 5633 5630 5683 5641
8465 6271 6128 5819 6129
8466 5077 5097 5092 5098
8467 1539 1519 1378 1548
8468 3058 3059 3096 3740
8469 4311 4309 4312 4314
8470 5964 5966 5974 5978
8471 62 61 64 65
8472 2207 2180 2248 2191
8473 772 497 496 500
8474 4079 4085 4078 4086
8475 4271 4309 4287 4314
8476 1768 1767 1771 1827
8477 2998 2991 2997 3003
8478 2889 2903 2877 2527
8479 2771 2753 2742 2749
8480 4309 4270 4287 4049
8481 1045 1056 1050 1058
8482 4904 5096 4907 5192
8483 3099 3141 3900 3086
8484 3561 3559 3567 3572
8485 6258 5699 5782 6130
8486 371 373 372 374
8487 3844 3845 3842 3851
8488 6254 6251 6134 6257
8489 1759 1760 1762 1771
8490 4670 4669 4672 4678
8491 724 599 711 726
8492 4025 4051 4071 4061
8493 1718 1719 1716 1730
8494 3568 3571 3570 3572
8495 581 584 572 585
8496 126 132 131 137
8497 3239 3249 5949 5950
8498 2324 2330 2325 2275
8499 5819 5882 5879 5826
8500 4343 4364 4383 4356
8501 2309 2314 2255 2304
8502 3997 6103 6102 3965
8503 1742 2104 1604 2009
8504 4193 4200 4192 4217
8505 2081 2105 2099 2305
8506 498 496 497 500
8507 9 3662 3882 3893
8508 3457 3452 3463 3476
8509 2739 2749 2744 2750
8510 4646 5484 5485 5488
8511 2486 2479 2475 2820
8512 343 341 339 346
8513 4516 4519 4512 681
8514 3422 3430 3424 3527
8515 3933 3936 3932 3937
8516 5831 5835 5832 5838
8517 3904 3803 3914 3907
8518 2815 2811 2817 2819
8519 3721 3723 3423 3530
8520 2978 2977 2998 3000
8521 6002 5935 6007 5938
8522 3713 3627 3613 3614
8523 2101 2148 2149 2106
8524 5307 5369 5368 5378
8525 2168 2206 2165 2191
8526 5156 5161 5158 5165
8527 2830 2809 2822 2820
8528 1029 1156 1101 1086
8529 3216 3225 3224 3227
8530 5828 5834 5782 5713
8531 1917 1915 1918 1910
8532 3240 3244 3248 3252
8533 4581 4609 4593 4580
8534 3297 3296 3295 3307
8535 5044 4762 4957 5069
8536 4636 4632 4616 4623
8537 4462 4467 4458 4468
8538 3113 3114 3108 3100
8539 2223 2232 2229 2233
8540 1299 1311 1306 1533
8541 1097 1114 1098 1102
8542 6070 6076 3780 6063
8543 3899 3097 3861 3903
8544 2295 2292 2312 2304
8545 4220 4225 4227 4231
8546 5765 5783 5766 5768
8547 2900 2902 2901 2862
8548 1061 1067 1062 1073
8549 4199 4201 4190 4202
8550 5316 5310 5334 5322
8551 4218 4227 4226 4706
8552 404 409 408 418
8553 3891 3892 3894 3895
8554 3566 3475 3568 3545
8555 2819 2834 2456 2820
8556 2212 2248 2215 2275
8557 4442 4510 4480 4481
8558 2292 2310 2311 2304
8559 1180 1178 516 529
8560 4560 4123 4704 4174
8561 452 457 455 557
8562 253 243 244 265
8563 227 225 300 238
8564 4092 4103 4032 4033
8565 2326 2188 2330 2331
8566 1706 1742 1734 2022
8567 3267 3271 3275 3280
8568 4309 4049 4287 4063
8569 582 573 583 568
8570 1570 1569 1571 1575
8571 2373 2374 2380 2386
8572 128 4549 165 137
8573 3297 3306 3296 3307
8574 5439 5442 5445 5447
8575 5820 5823 5814 5799
8576 3367 3377 3368 3379
8577 2953 2961 3044 2947
8578 371 80 78 82
8579 6092 6086 6082 6173
8580 4991 5009 4987 5013
8581 2830 2831 2819 2820
8582 1540 1472 1469 1548
8583 2410 2360 2412 2415
8584 74 25 26 83
8585 4025 4061 4071 4033
8586 1609 1606 1607 1616
8587 4562 4704 4682 4565
8588 5820 5814 5798 5799
8589 2780 2785 2799 2805
8590 3746 3753 3751 3770
8591 5036 5037 5032 5041
8592 4558 4562 3569 4548
8593 5188 5191 5190 5193
8594 4937 4933 4940 4943
8595 4433 4437 3798 3808
8596 1939 33 1935 1941
8597 4309 4002 4313 4062
8598 563 588 586 591
8599 6003 6007 6006 5938
8600 4151 4182 4184 4188
8601 565 560 542 571
8602 5985 5984 3850 5993
8603 6224 6286 6263 6283
8604 4491 3884 3889 3895
8605 4676 4550 4544 4552
8606 5393 5399 5407 5336
8607 750 775 95 753
8608 2506 2512 2487 2513
8609 1366 1339 1348 1353
8610 4061 4033 4025 4035
8611 2308 2189 2317 2330
8612 3254 3260 3262 3252
8613 3523 3430 3718 3434
8614 3329 3333 3282 3337
8615 1029 1101 1028 1043
8616 1049 1045 1044 1056
8617 115 119 114 122
8618 1862 1885 1858 1869
8619 3994 4003 4004 4008
8620 2320 2228 2321 2233
8621 2658 2665 2668 2526
8622 1950 1868 1910 1884
8623 3296 3307 3306 3308
8624 3816 3265 3817 3825
8625 323 313 305 334
8626 4215 4216 4211 4160
8627 2049 2041 2045 2051
8628 4635 4636 4634 4656
8629 3910 3666 3921 3922
8630 4981 5137 4983 4984
8631 5820 5812 5821 5629
8632 1317 1314 506 529
8633 2877 2889 2879 2903
8634 1164 1167 1162 1171
8635 2249 2253 2250 2261
8636 4581 4593 4199 4202
8637 1468 1477 1466 1493
8638 5709 5711 5724 5713
8639 10 9 8 5
8640 441 1237 443 446
8641 2990 3024 2992 3003
8642 110 781 592 122
8643 3650 3666 3637 3642
8644 4492 4414 72 81
8645 4765 4769 4763 4804
8646 3104 3102 3042 3101
8647 3465 3470 3605 3476
8648 3713 3628 3627 3614
8649 489 424 431 432
8650 5025 5223 5216 5028
8651 1740 1663 1741 1674
8652 5737 5834 5833 5741
8653 5149 5150 5165 5166
8654 5762 5759 5760 5766
8655 5865 5868 5864 5854
8656 3189 3194 3188 3212
8657 311 309 310 180
8658 627 644 633 653
8659 714 723 716 726
8660 4086 4087 4092 5755
8661 1362 1363 1361 1367
8662 3609 3604 3612 3613
8663 165 131 128 137
8664 2929 2838 2930 2847
8665 4465 3869 4462 4468
8666 4887 4950 4944 4889
8667 4443 4363 4367 4368
8668 1760 1785 1771 1799
8669 4543 4609 4561 4566
8670 4526 4519 4544 681
8671 190 185 124 134
8672 4543 4523 4594 4551
8673 5013 4999 5032 5042
8674 3096 3692 3058 3740
8675 3257 3261 3502 3531
8676 562 563 591 571
8677 5772 5771 5782 5783
8678 3947 3961 3963 3965
8679 2309 2255 2253 2261
8680 4187 4202 4559 4579
8681 6002 6007 6003 5938
8682 3042 3101 3032 3045
8683 5850 5851 5865 5854
8684 1447 1450 1439 1507
8685 4444 3796 4479 4412
8686 1090 1039 1036 1043
8687 4316 4364 4343 4356
8688 5181 5182 5188 5193
8689 5382 5388 5379 5391
8690 353 360 24 361
8691 300 305 296 334
8692 3167 3163 3164 3168
8693 4660 4420 4423 136
8694 636 683 682 122
8695 1691 1681 1692 1690
8696 3772 3773 6033 3797
8697 175 172 180 181
8698 1550 1549 1563 1521
8699 3194 3193 3212 3198
8700 5022 5034 5041 5042
8701 6037 6041 6039 6271
8702 3689 3058 3692 3740
8703 4962 4965 4954 4928
8704 5945 4019 5891 6105
8705 5814 5820 5822 5823
8706 4492 71 3884 81
8707 3272 3275 3271 3280
8708 1412 1420 1409 1422
8709 467 472 464 474
8710 3134 3130 3085 3142
8711 1280 1518 1515 1533
8712 4014 4000 4019 4007
8713 6 3893 71 12
8714 3083 3084 3141 3086
8715 1765 1771 1760 1785
8716 1753 1738 1745 1743
8717 6170 6106 6168 6173
8718 1970 1966 1973 1980
8719 5832 5835 5831 5840
8720 3658 3699 3664 3700
8721 4186 3356 4181 4185
8722 4332 754 4331 4342
8723 1950 1784 52 1951
8724 344 52 1784 390
8725 4098 4097 4101 4385
8726 591 599 597 726
8727 458 446 1352 460
8728 806 804 1151 807
8729 2497 2533 2529 2499
8730 1479 1466 1477 1493
8731 4302 4306 4311 4017
8732 2167 2173 2171 2190
8733 3253 3822 3749 3806
8734 6064 6066 6067 6042
8735 1052 1050 1049 1056
8736 2967 2961 2954 2975
8737 1400 1401 1223 1408
8738 1414 1092 1091 1093
8739 1453 1460 1462 1464
8740 5936 5949 5943 5950
8741 2215 2248 2216 2275
8742 1957 2279 1958 1967
8743 4361 4364 4327 4356
8744 2656 2526 2699 2669
8745 2519 2356 2370 2355
8746 4948 4945 4944 4889
8747 5818 6271 5825 5826
8748 3043 3034 3035 3045
8749 2135 2136 2148 2066
8750 2306 2307 2308 2318
8751 4060 4034 4033 4035
8752 5410 5420 5433 5434
8753 5140 5144 5150 5151
8754 3798 3259 4437 4131
8755 1083 1078 1077 1085
8756 62 1889 1893 64
8757 6013 6060 6059 6020
8758 1744 1757 1745 1743
8759 2874 2862 2847 2876
8760 1940 1937 1924 1941
8761 3798 3719 3809 3723
8762 3205 3212 3200 3213
8763 1793 1781 1777 1799
8764 2420 2421 2423 2415
8765 5492 5560 5518 5546
8766 2043 2078 2068 2051
8767 5934 5961 6019 5948
8768 1347 1351 1346 1352
8769 2899 2889 2888 2862
8770 1181 1352 446 460
8771 2303 2304 2050 2305
8772 1412 1431 1413 1420
8773 4558 4565 4561 4566
8774 5711 5657 5655 5837
8775 3053 3056 3051 3059
8776 5492 5552 5560 5546
8777 1679 1689 1642 1646
8778 2845 2843 2875 2847
8779 4097 4018 4015 4021
8780 5943 5961 5946 5951
8781 5772 5774 5771 5783
8782 5773 5780 5771 5783
8783 2183 2190 2182 2612
8784 1973 1961 2259 1967
8785 3781 3795 3778 3783
8786 3972 3307 3978 3979
8787 4467 4468 4493 4482
8788 2861 2540 2903 2527
8789 4916 4955 4919 4889
8790 305 333 323 334
8791 4329 4452 4327 4341
8792 93 94 70 96
8793 3929 3965 3927 3937
8794 4002 4313 3998 4063
8795 6267 6261 6262 6271
8796 5513 5529 5516 5531
8797 3574 3585 3606 3586
8798 3538 3568 3542 3545
8799 3861 3903 3138 3864
8800 3793 6027 3778 3780
8801 190 1 189 25
8802 3078 3080 3076 3084
8803 3448 3436 3459 3461
8804 4474 4470 4402 4478
8805 2067 2051 2070 2080
8806 490 498 491 499
8807 3053 3059 3051 3101
8808 3800 3805 3810 3811
8809 3306 3307 3246 3308
8810 1156 1129 1142 1031
8811 1250 1253 1248 1241
8812 894 919 912 904
8813 6270 6129 6271 6131
8814 3255 4128 3273 3280
8815 5472 5468 5470 5474
8816 2869 2871 2868 2875
8817 1519 1549 1520 1521
8818 3269 3248 3244 3252
8819 5827 5744 5849 5839
8820 15 25 17 26
8821 5828 6125 5832 6128
8822 3502 3504 3526 3490
8823 2970 2967 2966 2961
8824 5026 5192 5097 4914
8825 5685 5627 5641 5628
8826 4384 4366 4360 4369
8827 3801 3264 3806 3810
8828 1984 1996 1992 1981
8829 4151 4147 3357 3365
8830 124 190 134 3599
8831 4095 4033 4103 4104
8832 5828 5833 5713 5837
8833 1171 1129 1156 1101
8834 4964 4963 4958 4971
8835 127 679 681 4524
8836 3553 3557 3555 3558
8837 6106 6103 6092 6104
8838 179 25 74 133
8839 4363 4442 4451 4454
8840 1773 1777 1776 1783
8841 5424 5404 5401 5433
8842 3336 3321 3268 3322
8843 3036 3035 3071 3045
8844 443 1237 1238 446
8845 3465 3466 3470 3476
8846 4428 4361 4367 4454
8847 5314 5332 4116 5321
8848 87 748 86 750
8849 4969 4965 4967 4971
8850 3131 3004 3003 3142
8851 1317 1314 529 1324
8852 2991 3003 2998 3029
8853 340 342 328 333
8854 2047 2051 2039 2037
8855 3195 5938 3196 3197
8856 1420 1435 1028 1422
8857 1857 1856 1659 1869
8858 2815 2819 2817 2777
8859 4096 4229 4101 4104
8860 501 398 397 402
8861 5791 5823 5796 5799
8862 5332 4118 4116 5321
8863 3103 3091 3102 3101
8864 721 695 694 725
8865 713 711 710 568
8866 3253 3265 3258 3197
8867 6087 6090 6085 6091
8868 5382 5383 5387 5392
8869 3744 3072 3750 3755
8870 4089 4088 4086 4092
8871 6124 6133 6127 6148
8872 713 716 723 726
8873 481 476 479 488
8874 6240 6279 6250 6287
8875 4467 4479 4478 4450
8876 3579 3596 3586 3598
8877 2924 2928 2931 2847
8878 1698 1696 1699 1911
8879 730 750 744 752
8880 6053 6019 6032 6062
8881 1741 1743 1674 1730
8882 3728 3741 3733 3685
8883 4493 4496 4485 4468
8884 4767 4769 4764 4804
8885 2189 2188 2317 2330
8886 4560 4682 4704 4565
8887 2207 2217 2206 2248
8888 3095 3099 3096 3101
8889 4660 778 4420 136
8890 4042 4076 4061 4049
8891 422 430 428 433
8892 3773 4410 4397 4411
8893 5580 5585 5498 5572
8894 5149 5110 5111 5138
8895 5909 5912 5910 5921
8896 4835 4826 4788 4846
8897 1508 1519 1518 1226
8898 4973 4943 4906 4984
8899 5992 3751 3747 6005
8900 3364 3378 3268 3322
8901 3193 3198 3211 3213
8902 1893 64 1889 1897
8903 6271 6129 6050 6131
8904 4526 102 671 109
8905 562 591 563 726
8906 6146 6145 5911 6119
8907 1808 1804 1812 1690
8908 6123 6127 6131 6133
8909 4517 4518 4582 4594
8910 4121 4004 4003 4006
8911 823 822 826 849
8912 3349 3406 3422 3461
8913 6287 6271 5823 5825
8914 567 568 569 570
8915 5395 5398 5396 5401
8916 2138 2145 2148 2144
8917 5879 5824 5819 5826
8918 4698 4702 4647 4369
8919 1733 1757 1744 1743
8920 3043 3044 3041 3045
8921 2976 2980 2978 3000
8922 3267 3278 3275 3279
8923 2875 2847 2865 2876
8924 1733 1707 1748 1757
8925 60 1890 1889 64
8926 1764 1771 1767 1827
8927 354 24 353 360
8928 2269 2272 2275 2276
8929 143 120 131 181
8930 6171 6160 6159 5784
8931 6103 5892 6100 3937
8932 2460 2466 2462 2471
8933 6124 6131 6127 6133
8934 1037 1034 1035 1435
8935 6103 3965 3997 3937
8936 6086 6093 3952 6090
8937 1774 1776 335 1783
8938 3084 3900 3141 3086
8939 3015 2754 3010 3018
8940 74 66 39 27
8941 4533 4534 4531 4545
8942 1072 1031 1056 1073
8943 4220 4168 4201 4169
8944 4296 4294 4271 4301
8945 130 133 74 83
8946 3799 3822 3803 3823
8947 4097 4099 4103 4104
8948 4887 4944 4884 4889
8949 1388 1257 1393 1269
8950 1688 1689 1702 1690
8951 165 166 3593 3600
8952 4698 4647 4703 4651
8953 4428 4449 4664 4453
8954 3728 3741 3739 3769
8955 3927 3965 6103 3937
8956 1973 2259 1971 1967
8957 5729 5713 5709 5741
8958 1760 1788 1785 1799
8959 342 345 325 333
8960 3036 3082 3044 3071
8961 380 60 63 388
8962 5598 5602 5601 5798
8963 2889 2903 2861 2862
8964 5090 5073 5092 5098
8965 4271 4312 4309 4314
8966 1771 1758 1811 1827
8967 3104 3042 3033 3045
8968 4085 4106 4098 4077
8969 3880 4496 4415 4468
8970 587 372 369 597
8971 1180 518 1289 529
8972 6103 3247 5891 5892
8973 4557 4577 4556 4563
8974 1346 1352 1341 1353
8975 4490 3889 3880 4496
8976 1188 1197 584 1198
8977 4137 4146 4134 4159
8978 4998 4999 4997 5000
8979 3195 3196 3194 3197
8980 4012 4011 4144 4017
8981 3854 3855 3863 3867
8982 5859 5640 5845 5643
8983 4913 5178 4939 4943
8984 5305 5366 5306 5364
8985 353 24 358 361
8986 514 1191 574 1198
8987 5006 5013 5011 5014
8988 3935 3301 3925 3306
8989 4622 4623 4618 4648
8990 3850 3851 3815 5993
8991 5090 5053 5095 5098
8992 2206 2248 2217 2219
8993 2957 3044 2953 2961
8994 5099 5025 5039 5110
8995 5235 5234 5222 5236
8996 1939 1953 33 1941
8997 5150 5111 5105 5166
8998 3196 5938 3816 3197
8999 4418 4422 4420 4424
9000 3996 3992 4060 3993
9001 4532 4546 4544 4550
9002 154 166 195 167
9003 4787 4763 4843 4788
9004 5912 5895 5898 5897
9005 4558 4562 4548 4565
9006 1262 1258 1260 1269
9007 3760 3503 3188 3768
9008 2316 2331 2301 2318
9009 4360 4384 4651 4385
9010 4206 4215 4211 4160
9011 4330 4356 4333 4341
9012 3127 3100 3111 3128
9013 4759 4757 4761 4763
9014 4409 3781 4408 4411
9015 3566 3627 3628 3614
9016 1358 1325 1359 1367
9017 371 78 66 82
9018 1519 1548 1539 1549
9019 1392 1030 1025 1058
9020 5234 5233 5222 5236
9021 1106 1105 1103 1086
9022 1210 1259 1199 1212
9023 3569 4562 4683 4548
9024 3593 3597 126 137
9025 3436 3438 3447 3461
9026 98 669 103 680
9027 4591 4199 4581 4593
9028 3952 6087 6086 6090
9029 2892 2890 2902 2919
9030 2953 2945 2961 2947
9031 2816 2810 2812 2774
9032 5440 5437 5446 5447
9033 1454 1464 1518 1521
9034 3070 3752 3072 3755
9035 4765 4769 4772 4763
9036 3246 3278 3242 3279
9037 3241 3258 3265 3197
9038 2101 2147 2146 2144
9039 3665 3670 3658 3671
9040 2694 2692 2693 2669
9041 3148 3154 3149 3155
9042 2658 2526 2656 2669
9043 1028 1421 1420 1422
9044 1970 1962 1964 1966
9045 1676 1669 1667 1689
9046 3147 3154 3152 3169
9047 1686 1687 1680 1689
9048 4120 3321 4146 4130
9049 539 1252 1255 1256
9050 2092 2089 2076 2093
9051 2104 1742 1604 1728
9052 5821 5881 5830 5644
9053 5077 5075 5081 5085
9054 4750 4753 4763 4788
9055 4343 4372 4371 4383
9056 4442 4480 4478 4481
9057 4123 4560 4704 4171
9058 128 131 132 137
9059 359 24 356 361
9060 1746 1749 1747 1758
9061 1090 1096 1095 1102
9062 1781 1810 1782 1785
9063 64 1951 1946 53
9064 6270 6128 6271 6129
9065 4884 4889 4885 4860
9066 3249 5943 5949 5950
9067 5304 5306 5300 5308
9068 3585 3586 3584 3629
9069 29 1829 1839 1953
9070 562 713 568 726
9071 658 660 657 667
9072 2447 2444 2467 2457
9073 3714 3720 3724 3725
9074 2791 3018 2763 2848
9075 724 597 594 599
9076 2874 2847 2875 2876
9077 1778 1855 1769 1785
9078 1499 1492 1414 1422
9079 1037 1034 1435 1043
9080 4976 4983 4980 5000
9081 2146 2129 2108 2149
9082 1071 1065 1068 1073
9083 1570 2137 1601 1603
9084 3901 3905 3903 3908
9085 5309 5313 5312 5310
9086 5879 5882 5880 6035
9087 3749 3814 3822 3825
9088 2011 2002 2017 2010
9089 3910 3918 3914 3921
9090 2811 2819 2814 2820
9091 3372 3367 3368 3379
9092 1765 1826 1771 1785
9093 6134 6175 6257 6148
9094 5961 5947 6019 5948
9095 620 667 306 625
9096 4096 4101 4098 4104
9097 5830 5821 5837 5824
9098 3376 3355 3311 3366
9099 3036 3044 3043 3045
9100 3270 3274 3336 3308
9101 3024 3003 2990 3029
9102 5389 5384 5460 5392
9103 5034 5035 5037 5042
9104 1390 1392 1430 1030
9105 39 66 24 27
9106 3234 3232 3239 3293
9107 2146 2127 2129 2149
9108 3857 3855 3863 3853
9109 4384 4360 4366 4385
9110 4443 4367 4363 4454
9111 3718 3721 3714 3727
9112 3984 3990 3989 3991
9113 4939 4913 4943 4914
9114 1583 1585 1581 1590
9115 4485 4509 4493 4468
9116 2330 2191 2190 2233
9117 2027 2044 2047 2037
9118 2158 2190 2159 2596
9119 2851 2534 2538 2889
9120 1044 1056 1045 1030
9121 2869 2748 2758 2875
9122 5723 5711 5658 5727
9123 856 855 852 851
9124 4560 4165 4564 4171
9125 113 320 180 121
9126 6231 5712 5794 5799
9127 2051 2037 2050 2038
9128 3210 3202 3201 3211
9129 3493 3188 3503 3212
9130 4594 4523 4675 4551
9131 3254 3817 3264 3810
9132 1858 1885 1856 1869
9133 5595 5658 5602 5727
9134 2491 2445 2457 2499
9135 70 72 93 76
9136 182 192 193 195
9137 848 933 929 850
9138 4240 4237 4245 4246
9139 1571 1575 1632 1576
9140 5024 5039 5025 5028
9141 5329 5330 5326 5334
9142 1271 1283 1356 1367
9143 1672 1688 1671 1758
9144 160 165 156 166
9145 5568 5571 5572 5573
9146 1606 1648 1659 1616
9147 4681 4690 4692 4693
9148 4647 4648 4623 4703
9149 2104 1604 1603 1728
9150 3591 3559 3558 3600
9151 3617 3534 3537 3545
9152 3260 3278 3269 3280
9153 3028 2962 3030 2975
9154 4220 4201 4593 4169
9155 5295 5316 5299 5322
9156 509 504 505 513
9157 3897 3903 3097 3905
9158 4123 4560 4171 4174
9159 1625 1569 1567 1633
9160 2877 2523 2883 2889
9161 1542 1519 1539 1549
9162 5419 5418 5417 5461
9163 1285 1177 1180 1182
9164 5074 5017 5082 5085
9165 4144 4145 4146 3978
9166 5119 5118 5115 5125
9167 1452 1465 1451 1394
9168 1045 1030 1056 1058
9169 6270 6271 6050 6131
9170 2753 2752 2755 2762
9171 3958 6095 6097 3960
9172 4567 4589 4202 4580
9173 4329 4452 4341 4342
9174 1020 1021 1022 1058
9175 3786 6023 5876 6035
9176 2036 2034 2032 2021
9177 4384 4649 4383 4369
9178 5487 5474 5447 5462
9179 2460 2473 2466 2471
9180 4205 4291 4288 4301
9181 4013 5867 4397 5868
9182 4095 4076 4061 4033
9183 3518 3522 3526 3529
9184 6101 6147 6173 6104
9185 1971 1967 2252 1980
9186 527 585 568 569
9187 4361 4355 4356 4341
9188 6277 6286 6283 6281
9189 4639 4383 4376 4649
9190 1208 1199 1209 1212
9191 1606 1648 1650 1659
9192 4358 4405 4409 4328
9193 3738 3914 3803 3907
9194 38 39 28 40
9195 369 372 370 373
9196 4885 4944 4945 4889
9197 30 39 34 54
9198 3977 3964 3932 3997
9199 5814 5823 5822 5825
9200 1190 1207 1196 1211
9201 2763 3018 2791 2806
9202 2296 2081 2099 2305
9203 5038 5037 5040 5041
9204 1709 1710 1727 1716
9205 2467 2487 2509 2512
9206 1448 1437 1439 1450
9207 4401 4397 4409 4411
9208 1822 1852 1833 1854
9209 1391 1403 1388 1407
9210 6144 5910 6145 5923
9211 4532 4541 4540 4546
9212 3591 3626 3595 3573
9213 1704 1703 1709 1716
9214 2763 2848 2875 2933
9215 411 410 464 485
9216 1756 1758 1757 1827
9217 5339 5337 5350 5112
9218 3377 3367 3375 3379
9219 5617 5621 5812 5629
9220 5472 5474 5470 5462
9221 5850 4388 4393 4398
9222 1072 1407 1406 1058
9223 1393 1407 1403 1408
9224 5830 5881 5643 5644
9225 6271 5819 5825 5826
9226 6159 6160 6154 6161
9227 1446 1499 1447 1507
9228 2693 2692 2703 2669
9229 5621 5624 5626 5627
9230 5639 5643 5881 5644
9231 5487 5490 5489 5476
9232 1268 1240 1181 1184
9233 5956 5962 5978 5979
9234 3978 3991 3990 3979
9235 2791 2946 3030 2975
9236 1307 1302 1303 1312
9237 4321 4327 4326 4328
9238 1660 1616 1620 1633
9239 3422 3405 3459 3460
9240 3872 3880 3874 3881
9241 3267 3272 3275 3278
9242 2190 2191 2163 2233
9243 5702 5717 5719 5727
9244 5074 5082 5079 5085
9245 1741 1603 1728 1576
9246 241 246 244 265
9247 2190 2596 2167 2612
9248 1386 1392 1387 1394
9249 3082 2953 2957 3044
9250 672 4512 679 4524
9251 5027 5042 5021 5028
9252 5564 5568 5572 5573
9253 5571 5589 5595 5602
9254 1950 1924 1910 1941
9255 1501 1545 1561 1544
9256 2282 2283 2281 2276
9257 1468 1494 1495 1506
9258 1950 52 1784 1953
9259 1764 1816 1771 1827
9260 1926 1931 1929 1813
9261 634 663 664 668
9262 4587 4592 4247 4258
9263 87 95 750 97
9264 3891 3894 3893 3895
9265 2421 2417 2442 2419
9266 1257 1453 1452 1393
9267 2936 2946 2942 2947
9268 2279 2284 2277 2289
9269 2177 2190 2185 2191
9270 3682 3680 3677 3685
9271 4227 4703 4226 4706
9272 1383 1387 1391 1392
9273 3498 3500 3493 3503
9274 2851 2538 2861 2889
9275 1900 1898 1903 1910
9276 5087 5090 5098 5056
9277 4155 4136 4152 4159
9278 5506 5540 5508 5546
9279 5945 6126 6089 6105
9280 5631 5684 5651 5641
9281 627 626 640 639
9282 5362 5490 5334 5322
9283 6259 6287 6261 6272
9284 5182 5179 5180 5192
9285 5142 5141 5139 5151
9286 5152 5156 5158 5165
9287 5767 6090 5764 3951
9288 6157 6160 6158 6161
9289 6287 5823 6278 5825
9290 736 763 737 712
9291 3131 2992 3129 3142
9292 2898 2892 2897 2902
9293 696 697 692 725
9294 2739 2741 2749 2750
9295 490 499 489 513
9296 1388 1393 1403 1269
9297 1508 1518 1519 1520
9298 4256 4251 4249 4200
9299 4472 4469 4478 4482
9300 6123 6127 6126 6131
9301 1741 1730 1575 1576
9302 4078 4079 4086 4082
9303 3892 3895 3880 3881
9304 3664 3586 3598 3670
9305 1979 1975 2255 1980
9306 51 65 68 82
9307 3526 3528 3518 3529
9308 5121 5040 5036 5125
9309 4338 771 4339 4662
9310 1468 1471 1466 1477
9311 3632 3633 3638 3643
9312 2446 2468 2466 2471
9313 5538 5508 5540 5546
9314 4031 3944 3948 4034
9315 4672 4613 4670 4678
9316 4473 4456 3827 4479
9317 3805 3807 3801 3809
9318 3423 3425 3429 3432
9319 5796 5791 6232 6240
9320 4844 4841 4846 4860
9321 142 143 120 152
9322 1889 64 1890 1897
9323 2791 3030 2848 2975
9324 4858 4889 4884 4860
9325 654 306 620 667
9326 2500 2504 2502 2513
9327 4553 3384 4595 4545
9328 380 1892 1890 388
9329 6043 6267 6262 6271
9330 5437 5472 5446 5447
9331 3390 3419 3387 3404
9332 4389 4387 4390 4395
9333 2540 2471 2512 2499
9334 1438 1456 1437 1445
9335 5670 5644 5627 5628
9336 4698 4369 4647 4651
9337 2945 2943 2944 2947
9338 4155 4159 4152 4160
9339 4136 4134 4146 4159
9340 191 195 154 166
9341 4215 4211 4216 4217
9342 2212 2262 2248 2275
9343 4022 4091 4092 4033
9344 1942 1952 1943 1941
9345 6238 6231 6242 6239
9346 3304 3303 3336 3308
9347 6030 6033 5880 6035
9348 535 536 533 545
9349 3933 3935 3936 3937
9350 3036 3043 3035 3045
9351 415 483 484 418
9352 5093 4903 5070 4914
9353 1806 1833 1835 1840
9354 1569 1575 1567 1633
9355 3760 3491 3188 3503
9356 1474 1468 1472 1478
9357 2054 2056 2052 2066
9358 4358 4409 4363 4328
9359 4976 4975 4977 4984
9360 4498 4476 4480 4482
9361 2297 2328 2303 2331
9362 5859 5866 5856 5643
9363 3226 3275 3183 3279
9364 4443 4363 4451 4454
9365 4097 4099 4101 4370
9366 344 346 1839 361
9367 5329 5334 5407 5489
9368 3485 3445 3154 3526
9369 4621 4236 4246 4230
9370 1056 1031 1142 1073
9371 3339 3338 3349 3461
9372 436 447 453 458
9373 3774 3867 4479 3839
9374 4506 4505 4494 4511
9375 1066 1071 1061 1072
9376 4907 4904 5192 4914
9377 3267 3275 3272 3280
9378 3904 3821 3863 3909
9379 4316 4343 4317 4356
9380 6018 5983 6005 6020
9381 587 369 586 597
9382 3664 3658 3670 3671
9383 5999 5983 5986 6005
9384 1166 1148 1146 1157
9385 2428 2415 2425 2736
9386 1028 1421 1422 1031
9387 4088 4092 4068 4077
9388 1995 2021 2008 2022
9389 5044 4761 4762 4763
9390 3561 3567 3546 3572
9391 3207 3155 3222 3213
9392 1800 1923 1921 1924
9393 5100 5101 5099 5110
9394 4164 4162 4161 4187
9395 1860 1857 1652 1659
9396 3516 3518 3517 3526
9397 3030 2975 2946 3031
9398 3119 3123 3118 3128
9399 5939 5942 3230 3239
9400 4116 4100 4114 4077
9401 2663 2666 2664 2669
9402 4067 4070 4066 4076
9403 3174 3179 3177 3183
9404 4892 4830 4890 4902
9405 3296 3302 3307 3308
9406 3071 3045 3059 3086
9407 98 106 104 116
9408 1813 1840 1810 1814
9409 1317 1323 1321 1324
9410 1931 1813 1926 1953
9411 3283 3183 3179 3337
9412 3771 3781 3778 3783
9413 631 637 630 668
9414 1 21 189 25
9415 6092 6082 6168 6173
9416 3803 3907 3904 3754
9417 3790 3792 3794 3778
9418 5813 5812 5820 5798
9419 154 191 193 195
9420 4493 4481 4467 4482
9421 1593 1592 1600 1604
9422 5610 5601 5593 5602
9423 1072 1142 1477 1031
9424 5348 5461 5350 5365
9425 5646 5648 5656 5658
9426 4243 4245 4269 5448
9427 5350 5420 5362 5461
9428 1395 1392 1385 1058
9429 3388 4572 4161 3392
9430 4213 4217 4216 4189
9431 4442 4478 4480 4328
9432 1759 1771 1716 1799
9433 4397 5867 5865 5868
9434 1983 2134 1985 1996
9435 2762 2749 2775 2776
9436 4288 4299 4289 4300
9437 2409 2386 2360 2415
9438 4086 4087 4089 4092
9439 3896 3887 3906 3881
9440 3998 4001 4132 4133
9441 113 121 115 123
9442 5113 5137 5115 5125
9443 1559 1556 1550 1563
9444 539 1252 1256 545
9445 4362 4397 4365 4368
9446 5589 5602 5714 5727
9447 2969 2987 2986 2979
9448 354 18 24 360
9449 4218 4438 4127 4705
9450 5212 5218 5222 5223
9451 1153 1157 1147 1130
9452 6025 6041 6022 6032
9453 5379 4263 4264 5391
9454 5813 5820 5814 5798
9455 4703 4706 4227 4707
9456 468 666 469 473
9457 2456 2471 2540 2457
9458 4399 5863 5866 4411
9459 312 313 309 320
9460 5041 5125 5110 5138
9461 5484 5488 5481 5489
9462 5607 5529 5531 5615
9463 1672 1671 1661 1758
9464 2326 2316 2188 2331
9465 94 50 70 96
9466 3522 3518 3447 3527
9467 2787 2781 2907 2791
9468 1044 1030 1018 1057
9469 4014 4019 6102 4007
9470 4750 4763 4751 4804
9471 5113 4999 5137 5125
9472 1220 1214 1361 1225
9473 5671 5641 5644 5628
9474 4401 4397 4389 4409
9475 3660 3667 7 3599
9476 1765 1767 1762 1771
9477 3003 3004 3114 3142
9478 3771 3774 3781 3783
9479 851 958 954 933
9480 4760 4901 4947 4900
9481 4939 5178 4913 4914
9482 3751 6005 3814 3753
9483 5527 5522 5525 5524
9484 1966 1994 1980 1981
9485 4321 4326 4480 4328
9486 2788 2785 2789 2805
9487 341 342 340 346
9488 1511 1512 1549 1521
9489 3910 3921 3914 3922
9490 926 948 925 921
9491 5650 5651 5648 5657
9492 3591 3626 3559 3600
9493 6030 6034 6033 6035
9494 1152 1157 1002 1172
9495 1783 1784 1880 390
9496 5437 5447 5463 5475
9497 1452 1463 1451 1465
9498 906 1159 1085 920
9499 1487 1486 1489 1488
9500 5902 5905 5908 5893
9501 3999 3269 3248 4006
9502 720 722 721 725
9503 1518 1464 1519 1521
9504 3863 3847 3851 3853
9505 3270 3183 3337 3275
9506 4001 4120 4132 4133
9507 3078 3076 3074 3084
9508 4309 4002 4062 4063
9509 3938 5764 5763 6090
9510 2842 2932 2930 2847
9511 5576 5571 5583 5572
9512 4877 4889 4859 4860
9513 6123 6125 5832 5838
9514 3518 3459 3437 3447
9515 468 473 472 474
9516 4924 4937 4925 4928
9517 5121 5102 5040 5110
9518 724 597 599 726
9519 5670 5625 5627 5644
9520 1725 1717 1727 1729
9521 3997 3936 3247 3937
9522 6159 6174 6172 6175
9523 4271 4312 4314 4301
9524 6080 6160 6158 6091
9525 1874 1881 1872 1883
9526 709 708 706 711
9527 1191 514 1189 1198
9528 1065 1072 1066 1058
9529 5375 5370 5368 5378
9530 354 358 353 24
9531 6166 6140 6141 6172
9532 3201 3205 3200 3213
9533 1337 417 402 403
9534 5625 5626 5624 5627
9535 111 115 119 121
9536 6163 6174 6159 6175
9537 6159 5784 6160 6161
9538 4618 4623 4644 4648
9539 3619 3473 3464 3475
9540 344 1784 1783 390
9541 1915 1910 1917 1925
9542 126 3593 134 3597
9543 4001 4006 4128 4133
9544 2421 2424 2419 2386
9545 5618 5629 5812 5798
9546 5834 5713 5833 5741
9547 2365 2513 2367 2371
9548 1328 1336 1335 1339
9549 2791 2848 2946 2975
9550 1620 1647 1648 1660
9551 3893 3669 3891 4425
9552 504 528 505 513
9553 3565 3721 3718 3727
9554 2917 2920 2931 2902
9555 4138 4141 4139 4146
9556 1997 2068 2043 2078
9557 3075 3078 3074 3085
9558 4610 4613 4614 4624
9559 3341 3373 3368 3349
9560 2081 2083 2082 2093
9561 4409 4410 4397 4368
9562 3566 3628 3718 3614
9563 302 623 294 611
9564 6076 6062 3780 6063
9565 14 38 32 40
9566 3932 3933 3926 3936
9567 5623 5627 5626 5812
9568 2830 2828 2831 2820
9569 2679 2886 2883 2889
9570 1377 1548 1375 1380
9571 2910 2905 2916 2931
9572 2330 2248 2325 2275
9573 5083 5084 5208 5223
9574 3902 3914 3921 3907
9575 3566 3627 3475 3545
9576 4386 4397 4401 4411
9577 4414 81 3893 4425
9578 3425 3429 3428 3433
9579 3555 3554 3558 3559
9580 707 772 500 780
9581 6093 6103 3927 3965
9582 5525 5528 5531 5518
9583 5831 5854 5847 5855
9584 4786 4750 4785 4788
9585 106 108 107 120
9586 708 702 706 712
9587 184 193 191 195
9588 1779 346 1775 1782
9589 5389 5460 5461 5392
9590 5922 5923 5901 5892
9591 2101 2097 2102 2106
9592 4857 4858 4856 4860
9593 1828 1806 1802 1830
9594 5908 5936 5903 5949
9595 1929 1930 1926 1813
9596 1208 1206 1210 1212
9597 4644 4632 4642 4637
9598 1264 1187 1186 1197
9599 5395 5236 5433 5336
9600 3059 3083 3101 3086
9601 1870 1781 1793 1799
9602 3509 3437 3442 3518
9603 5008 5005 5002 5014
9604 3588 3596 3579 3598
9605 1988 1955 1954 1995
9606 1570 1571 1573 1576
9607 5181 5165 5170 5192
9608 4358 4363 4364 4328
9609 467 470 464 472
9610 2487 2492 2490 2499
9611 1321 1332 1313 1324
9612 637 679 636 653
9613 2927 2948 2941 2932
9614 2447 2468 2446 2457
9615 4999 4983 4980 5137
9616 1970 1966 1980 1981
9617 3222 3215 3214 3213
9618 4986 5013 4970 5000
9619 3644 3658 3645 3670
9620 1807 1811 1820 1814
9621 735 686 732 697
9622 5146 5141 5142 5145
9623 5782 5783 5695 5713
9624 1365 1345 1348 1339
9625 1615 1689 1688 1674
9626 1013 1016 1015 1017
9627 1329 1333 1273 1338
9628 1942 1945 1944 1952
9629 707 709 706 711
9630 3787 3781 4408 3796
9631 23 19 25 27
9632 1749 1816 1756 1757
9633 5830 5881 5879 5840
9634 104 116 106 120
9635 2772 2749 2771 2775
9636 2812 2810 2808 2820
9637 6060 6061 3813 6063
9638 28 39 30 40
9639 4660 117 778 136
9640 5183 5188 5186 5165
9641 4447 4446 4436 4439
9642 1404 1407 1400 1408
9643 4476 4480 4478 4328
9644 5092 5087 5090 5098
9645 1782 1783 1781 1785
9646 5454 5470 5450 5462
9647 5502 5675 5677 5686
9648 4225 4168 4220 4174
9649 2338 2335 2333 2345
9650 296 302 294 305
9651 469 666 468 474
9652 1152 1013 1149 1172
9653 1376 1548 1378 1408
9654 5827 5834 5737 5741
9655 3623 3559 3626 3600
9656 5650 5653 5652 5657
9657 4890 4896 4897 4902
9658 3355 3365 3358 3366
9659 4362 4370 4097 4385
9660 315 309 311 180
9661 2910 2907 2906 2919
9662 3309 3157 3378 3322
9663 2881 2883 2884 2877
9664 979 1023 985 989
9665 4646 4621 4618 4648
9666 1076 1085 1077 849
9667 1627 1624 1622 1616
9668 3984 3990 3991 3979
9669 1726 1710 1705 1729
9670 2098 2135 2148 2066
9671 420 421 422 430
9672 4372 4383 4343 4364
9673 188 3596 3593 166
9674 4562 4564 3421 4704
9675 1352 418 417 1353
9676 2006 2044 2004 2010
9677 3692 3637 3688 3699
9678 1106 1101 1171 1086
9679 2198 2238 2237 2219
9680 2308 2180 2189 2330
9681 2610 2598 2597 2612
9682 2845 2846 2843 2847
9683 4306 4159 4149 4160
9684 4681 4417 4423 4426
9685 108 120 131 152
9686 2542 2553 2566 2568
9687 3612 3711 3701 3700
9688 2991 2990 3003 3029
9689 2025 2029 2028 2038
9690 2122 1982 2121 2134
9691 2365 2367 2363 2371
9692 6139 6138 6121 6148
9693 801 803 804 807
9694 3525 3423 3723 3530
9695 65 96 92 97
9696 4086 4078 4082 5755
9697 5790 5789 5792 5799
9698 5226 5224 5225 5227
9699 1971 2259 2252 1967
9700 1358 1359 1357 1367
9701 2936 2935 2942 2946
9702 3442 3518 3437 3447
9703 4821 4832 4833 4846
9704 5685 5531 5572 5573
9705 4570 4571 4572 4579
9706 2981 3002 2985 2989
9707 5656 5657 5655 5658
9708 1372 1065 1066 1058
9709 3221 3293 3227 3294
9710 5362 5420 5407 5476
9711 6002 6007 5934 6021
9712 2067 2069 2338 2080
9713 2054 2057 2056 2066
9714 5543 5549 5548 5552
9715 6168 6173 6160 6174
9716 5484 5485 5488 5489
9717 73 4416 135 4425
9718 1484 1480 1482 1493
9719 5174 5153 5177 5178
9720 3773 3781 4410 4411
9721 718 719 720 725
9722 3657 3658 3654 3700
9723 5778 5777 6156 6161
9724 5054 5052 5047 5056
9725 5945 3250 5946 5951
9726 349 346 360 361
9727 1989 1990 1995 1981
9728 881 882 888 805
9729 2923 2916 2917 2931
9730 2414 2347 2358 2415
9731 6256 6135 6134 6148
9732 1468 1466 1494 1493
9733 1602 1601 2143 1603
9734 5304 5364 5306 5308
9735 4239 4240 4237 4245
9736 2279 1967 2024 2289
9737 2207 2213 2217 2248
9738 4387 4401 4386 4397
9739 3254 3810 3264 3266
9740 2336 2328 2335 2331
9741 3719 3721 3421 3722
9742 5563 5518 5555 5546
9743 300 296 238 334
9744 58 67 65 97
9745 3068 3063 3064 3072
9746 2850 2852 2857 2861
9747 2892 2890 2879 2903
9748 52 1951 64 53
9749 929 933 927 850
9750 3087 3099 3095 3101
9751 4095 4061 4049 4062
9752 4921 4950 4955 4928
9753 172 192 182 195
9754 3794 3841 3793 3780
9755 610 571 591 612
9756 4646 5488 5485 5475
9757 3814 3822 3819 3823
9758 5144 5308 5150 5151
9759 3714 3721 3718 3530
9760 1425 1435 1392 1436
9761 631 641 676 668
9762 5920 5923 5892 6119
9763 3002 3114 2985 2989
9764 3382 3380 3381 3391
9765 4510 4418 4342 4511
9766 3798 3805 4437 3811
9767 4681 4686 4693 4426
9768 3255 3271 3263 3280
9769 5765 5839 5836 5769
9770 5008 5007 5005 5014
9771 2767 2455 2454 2775
9772 3137 3136 3132 3140
9773 1352 417 1337 1353
9774 4563 4579 4559 4580
9775 3870 3880 3872 3881
9776 2703 2669 2692 2736
9777 1528 1527 1530 1533
9778 2071 2072 2076 2078
9779 5695 5713 5783 5741
9780 3257 3502 3529 3531
9781 5324 5323 5325 5336
9782 4492 72 71 81
9783 1405 1478 1406 1548
9784 5107 5108 5109 5111
9785 2158 2159 2156 2596
9786 6125 5765 5838 6132
9787 3179 3183 3174 3337
9788 1471 1477 1468 1478
9789 1477 1507 1492 1493
9790 3632 3638 3887 3905
9791 1759 1786 1760 1799
9792 444 1350 1351 1352
9793 1880 1883 1896 1897
9794 5516 5529 5603 5531
9795 4676 4688 4551 4552
9796 2990 3115 2993 2995
9797 1277 1280 1276 1283
9798 1743 1729 1715 1730
9799 2123 2132 2131 2134
9800 1851 1770 1769 1826
9801 1134 1142 1132 1130
9802 6259 6261 6265 6272
9803 1562 1543 1561 1549
9804 4989 5013 4986 5000
9805 3059 3101 3099 3086
9806 4401 4387 4395 4397
9807 3972 3978 3971 3979
9808 5958 5961 5956 5963
9809 1477 1142 1072 1143
9810 4644 4637 4642 4649
9811 388 1896 1890 1897
9812 3361 3359 3354 3365
9813 4999 5000 4983 4985
9814 3087 3100 3099 3101
9815 806 820 802 821
9816 2892 2902 2890 2903
9817 3404 3405 3420 3431
9818 1607 1872 1610 1881
9819 2122 2123 1720 2134
9820 2095 2099 2082 2093
9821 2524 2522 2525 2526
9822 55 750 67 97
9823 1838 1833 1854 1840
9824 5871 5879 5876 5826
9825 3523 3519 3476 3614
9826 4912 5155 5127 5178
9827 4768 4767 4803 4804
9828 1091 1094 1422 1102
9829 2814 2812 2808 2820
9830 5203 5199 5196 5198
9831 1025 1392 1390 1030
9832 4442 4363 4451 4328
9833 5557 5559 5556 5560
9834 2540 2457 2471 2499
9835 4227 4706 4697 4707
9836 458 459 446 460
9837 5718 5700 5701 5727
9838 448 453 458 459
9839 374 597 724 726
9840 1406 1478 1072 1380
9841 1615 1659 1660 1616
9842 5765 5766 5839 5769
9843 2870 2763 2759 2848
9844 3068 3062 3063 3071
9845 3246 3294 3293 3308
9846 1346 1350 1341 1352
9847 3884 3885 3889 3895
9848 440 446 439 459
9849 4235 4239 4237 4245
9850 3189 3191 3188 3194
9851 111 119 116 121
9852 6088 5836 5767 5769
9853 4753 4756 4763 4902
9854 1888 1890 1896 1897
9855 484 414 415 418
9856 4770 4751 4763 4804
9857 3428 3429 4124 3433
9858 4751 4750 4753 4763
9859 2104 2066 1603 1604
9860 2259 1967 2254 2261
9861 1399 1389 1395 1407
9862 6076 6028 6027 6062
9863 2861 2903 2889 2527
9864 3910 3668 3923 3671
9865 4442 4450 4448 4481
9866 979 1018 1023 1057
9867 386 388 64 390
9868 6033 6035 6034 3797
9869 51 68 66 82
9870 5663 5665 5668 5686
9871 5093 4904 4903 4914
9872 2101 2149 2146 2106
9873 4098 4101 4097 4104
9874 4295 4271 4294 4301
9875 2370 2369 2367 2371
9876 1983 1985 1984 1996
9877 4976 4977 4983 4984
9878 5099 5039 5100 5110
9879 5849 5753 4102 5755
9880 174 180 176 181
9881 1091 1093 1094 1102
9882 5124 5111 5121 5125
9883 3301 3297 3295 3306
9884 5568 5589 5571 5573
9885 706 712 703 780
9886 4773 4763 5058 5069
9887 1327 1328 1335 1339
9888 3234 3233 3236 3227
9889 4359 4366 4363 4368
9890 2376 2419 2424 2386
9891 4307 4017 4144 4159
9892 2699 2669 2358 2736
9893 3475 3627 3619 3545
9894 6080 6158 6084 6091
9895 5869 5881 5821 5644
9896 5610 5601 5602 5629
9897 550 551 564 571
9898 3127 3140 3100 3128
9899 4067 4066 4100 4076
9900 690 697 57 67
9901 5083 5197 5081 5085
9902 5422 5235 5425 5112
9903 235 218 204 233
9904 2043 2068 2042 2051
9905 1105 1084 1103 1086
9906 5586 5648 5645 5656
9907 3776 3821 3862 3852
9908 51 96 65 82
9909 111 115 121 123
9910 2423 2421 2386 2415
9911 5878 5872 5873 5880
9912 4428 4449 4453 4454
9913 1569 1632 1575 1633
9914 5845 5640 5637 5643
9915 1575 1730 1632 1576
9916 6054 6077 6055 6061
9917 6270 6128 6131 6133
9918 156 166 165 3600
9919 3234 3232 3233 3239
9920 1114 1115 1106 1101
9921 560 561 559 571
9922 3989 3988 3992 3993
9923 1759 1761 1704 1771
9924 1425 1392 1394 1436
9925 2321 2330 2320 2233
9926 3521 3528 3524 3531
9927 3938 5764 6090 3951
9928 6124 6270 6131 6133
9929 801 794 806 821
9930 2531 2541 2528 2861
9931 5110 5125 5111 5138
9932 4491 3889 4490 4496
9933 1704 1759 1771 1716
9934 566 564 588 571
9935 1772 1779 1780 1782
9936 2209 2262 2238 2219
9937 5663 5686 5668 5628
9938 1822 1854 1833 1814
9939 4446 4451 4442 4454
9940 3420 3430 3405 3434
9941 1388 1393 1384 1394
9942 4097 4370 4101 4385
9943 636 117 683 122
9944 4429 3808 4439 4440
9945 3862 3821 3863 3852
9946 3542 3538 3539 3568
9947 590 595 589 600
9948 381 382 386 389
9949 789 1079 783 791
9950 1824 1825 1823 1826
9951 1514 1519 1517 1549
9952 4972 4965 4969 4971
9953 3744 3756 3745 3755
9954 6117 5892 6103 6119
9955 3241 3258 3262 3265
9956 1851 1844 1854 1855
9957 5991 3752 3751 5993
9958 5305 5306 5304 5364
9959 3801 3807 3805 3810
9960 4980 5113 4998 4999
9961 5888 5893 5890 5894
9962 4418 4340 4445 4342
9963 5829 5868 5865 5854
9964 3666 3658 3664 3671
9965 3255 3263 3260 3280
9966 5880 5882 6030 6035
9967 1346 1347 1352 1353
9968 2481 2473 2459 2478
9969 1985 2134 2120 1996
9970 4191 4199 4194 4201
9971 5795 6231 5794 5799
9972 2445 2444 2447 2457
9973 74 25 179 27
9974 4982 4971 4970 4985
9975 5075 5078 5081 5085
9976 1360 1365 1354 1366
9977 1940 1929 1937 1941
9978 733 737 735 736
9979 2706 2659 2661 2669
9980 4999 5013 5000 4985
9981 2966 2961 2967 2975
9982 2874 2903 2902 2862
9983 4951 4948 4944 4956
9984 2152 2553 2544 2568
9985 3032 3101 3059 3045
9986 5707 5794 5712 5799
9987 3641 3637 3640 3643
9988 56 55 734 67
9989 3054 3046 3052 3059
9990 2898 2892 2895 2896
9991 4185 4179 4186 4189
9992 2540 2775 2456 2457
9993 4097 4015 4020 4021
9994 6154 6159 6153 6174
9995 2751 2806 3018 2777
9996 2468 2464 2466 2471
9997 3211 3195 3202 3198
9998 6171 6125 6130 6133
9999 5684 5682 5677 5686
10000 2142 2144 2140 2149
10001 2126 1573 1564 1576
10002 2404 2402 2405 2415
10003 5330 5334 5329 5489
10004 3040 3043 3041 3045
10005 4302 4306 4280 4311
10006 3547 3391 3398 3572
10007 46 62 47 53
10008 3288 5890 3293 5894
10009 3112 3107 3098 3100
10010 5219 5212 5218 5222
10011 2092 2085 2088 2089
10012 4297 4299 4296 4300
10013 3576 3584 3574 3586
10014 2024 1957 2031 1967
10015 32 31 29 40
10016 3030 3018 3009 2806
10017 783 790 1085 849
10018 5510 5506 5505 5518
10019 1963 1956 2019 1995
10020 1770 1768 1765 1826
10021 336 342 337 347
10022 4695 4435 4434 4440
10023 3249 5893 3239 5949
10024 1726 1727 1710 1729
10025 3820 3824 6004 6007
10026 1942 1935 1945 1941
10027 5765 5836 6132 5769
10028 2902 2903 2889 2862
10029 4383 4364 4361 4356
10030 378 389 363 375
10031 244 241 245 247
10032 2877 2879 2881 2878
10033 1392 1407 1421 1058
10034 4097 4020 4099 4370
10035 1020 1022 1025 1030
10036 6235 6240 5791 5823
10037 3223 3227 3171 3294
10038 3015 3010 3013 3018
10039 5001 5002 5050 5014
10040 5325 5327 5324 5336
10041 3718 3721 3423 3530
10042 3816 6007 5935 5938
10043 2349 2358 2350 2736
10044 3083 3059 3045 3086
10045 2877 2903 2520 2527
10046 1950 1868 1951 1952
10047 3291 3289 3290 3294
10048 3737 3733 3729 3741
10049 127 681 679 683
10050 5422 5433 5395 5236
10051 5182 5201 5204 5198
10052 3106 3114 3002 3004
10053 1208 1207 1206 1212
10054 1340 1342 1341 1353
10055 2350 2349 2353 2358
10056 75 78 80 82
10057 4309 4271 4270 4315
10058 4300 4314 4312 4301
10059 5876 5879 5882 5826
10060 339 341 340 346
10061 5013 5014 4970 4985
10062 1955 1988 1725 1995
10063 4361 4428 4702 4453
10064 3883 3630 3887 3894
10065 2256 2260 2258 2261
10066 3873 3880 3889 3881
10067 2860 2865 2847 2876
10068 2047 2043 2049 2051
10069 5440 5439 5437 5447
10070 3902 3740 3908 3754
10071 660 680 657 667
10072 3794 3793 3790 3778
10073 4157 4137 4150 4159
10074 4405 4478 4402 4412
10075 3857 3863 3855 3864
10076 2493 2512 2490 2499
10077 2213 2307 2257 2275
10078 5570 5592 5569 5573
10079 214 222 235 238
10080 3713 3718 3628 3614
10081 3124 3109 3004 3128
10082 3499 3493 3503 3212
10083 3226 3276 3275 3279
10084 5732 5709 5713 5741
10085 1826 1769 1855 1785
10086 4503 4498 4481 4482
10087 4970 5014 5055 4985
10088 3306 3246 3243 3293
10089 1148 1147 1146 1157
10090 3591 3558 3557 4549
10091 714 725 723 726
10092 5767 6090 6088 5769
10093 5765 5768 5766 5769
10094 4920 4916 4917 4928
10095 3914 3738 3922 3907
10096 74 26 25 27
10097 1822 1817 1820 1814
10098 5856 5866 5858 5643
10099 3315 3335 3331 3322
10100 2028 2039 2332 2038
10101 4397 4395 4368 4398
10102 1719 1882 1708 1716
10103 5901 5892 5923 5894
10104 5943 5908 5962 5951
10105 10 34 37 26
10106 1049 1050 1045 1056
10107 4361 4364 4383 4366
10108 6032 6062 6019 5947
10109 3094 3091 3103 3101
10110 4478 4480 4476 4482
10111 3410 3401 3390 3419
10112 2487 2490 2512 2499
10113 5054 5053 5052 5056
10114 2278 2288 2277 2289
10115 4471 3827 3826 4479
10116 3080 3070 5985 3752
10117 5114 5116 4997 4999
10118 5829 5835 6031 5868
10119 590 711 593 599
10120 2462 2466 2464 2471
10121 1471 1477 1478 1143
10122 3798 4437 4433 4131
10123 3566 3571 3568 3434
10124 5589 5721 5714 5715
10125 1912 1913 1692 1925
10126 2121 2130 2132 2134
10127 29 1829 1832 1839
10128 2254 1958 2279 1967
10129 1273 1272 1282 1283
10130 4242 4315 4225 4231
10131 1807 1815 1820 1811
10132 1857 1659 1860 1869
10133 3189 3199 3205 3212
10134 2281 2289 2038 2276
10135 4472 4469 4474 4478
10136 1605 1620 1648 1616
10137 4393 4380 4392 4398
10138 1384 1388 1257 1393
10139 5637 5632 5642 5643
10140 3862 3863 3821 3909
10141 4383 4361 4366 4369
10142 85 4495 4494 753
10143 3822 3264 3817 3810
10144 801 802 796 821
10145 5606 5603 5529 5615
10146 302 305 300 611
10147 436 453 445 458
10148 676 681 680 668
10149 2332 2038 2051 2345
10150 3787 3795 3781 3796
10151 2865 2875 2843 2847
10152 355 1832 1836 1839
10153 106 103 99 108
10154 4311 4312 4300 4314
10155 1851 1825 1824 1826
10156 4458 4467 4460 4468
10157 5334 5335 5362 5322
10158 4396 4381 4362 4398
10159 4361 4327 4453 4341
10160 1865 1863 1900 1868
10161 1634 1588 1577 1646
10162 806 1151 1015 807
10163 5479 5405 5464 5476
10164 3202 3209 3210 3201
10165 162 3558 3554 3600
10166 4903 4922 5070 4914
10167 3762 3758 3768 3196
10168 4153 4148 4149 4160
10169 73 79 130 136
10170 1997 2072 2068 2078
10171 2520 2877 2879 2903
10172 5180 5198 5182 5193
10173 1693 1686 1680 1689
10174 3900 3908 3740 3754
10175 1251 1255 1252 1256
10176 73 135 130 83
10177 4983 4984 4982 4971
10178 3680 3728 3676 3685
10179 5512 5506 5510 5518
10180 39 26 74 27
10181 4988 4994 4993 4992
10182 2837 2847 2836 2862
10183 5654 5642 5651 5657
10184 5230 5222 5236 5193
10185 2095 2096 2099 2106
10186 3445 3152 3485 3154
10187 4782 4776 4781 4788
10188 5270 5287 5277 5291
10189 2354 2353 2352 2358
10190 4541 4532 4521 4550
10191 2528 2493 2529 2499
10192 4026 4023 3944 4034
10193 4361 4356 4327 4341
10194 1721 1728 1720 1576
10195 5233 5219 5222 5236
10196 1683 1681 1691 1690
10197 366 586 597 726
10198 1160 1085 1159 1172
10199 2638 2550 2639 2596
10200 413 418 1344 1353
10201 3579 3598 3586 3599
10202 4391 4395 4390 4398
10203 446 459 543 460
10204 1808 1675 1804 1690
10205 4561 4563 4559 4580
10206 5182 5198 5204 5193
10207 4410 3781 4409 4411
10208 4487 4495 4489 4496
10209 4919 4921 4955 4928
10210 5994 3196 6006 3753
10211 3792 3795 3796 3839
10212 5589 5602 5571 5573
10213 6284 6250 6280 6287
10214 3562 3568 3570 3572
10215 3868 4462 3869 4468
10216 1035 1423 1037 1435
10217 3192 3186 3189 3198
10218 5705 5702 5704 5712
10219 404 408 1344 418
10220 4399 5866 4386 4411
10221 3634 3095 3087 3099
10222 4460 4467 4458 4482
10223 6070 6077 6054 6063
10224 326 322 331 334
10225 608 606 607 611
10226 2791 3030 2805 2806
10227 2347 2358 2415 2371
10228 1435 1030 1028 1043
10229 3568 3475 3566 3434
10230 3092 3099 3087 3100
10231 3714 3724 3917 3725
10232 6092 6168 6106 6173
10233 4013 4020 4015 4021
10234 4525 4536 4595 4545
10235 1508 1519 1516 1520
10236 1378 1519 1539 1226
10237 2325 2248 2330 2233
10238 322 300 225 238
10239 833 851 924 933
10240 5346 5350 5417 5434
10241 2303 2050 2051 2080
10242 304 330 238 334
10243 336 325 342 347
10244 5062 5057 5065 5069
10245 6153 6159 6163 6174
10246 3042 3032 3033 3045
10247 838 933 849 850
10248 4429 4439 4435 4440
10249 4136 4137 4134 4159
10250 1294 1319 1296 1338
10251 2828 2829 2831 2834
10252 5214 5084 5023 5028
10253 393 402 392 403
10254 3211 3277 3193 3213
10255 3024 3029 2990 3031
10256 2306 2310 2309 2318
10257 3585 3574 3584 3586
10258 3003 3085 3044 2947
10259 349 348 353 360
10260 4682 4565 4700 4551
10261 1653 1655 1649 1659
10262 4106 4105 4114 4077
10263 3157 3163 3165 3378
10264 1725 1995 1988 1996
10265 5813 5618 5812 5798
10266 3288 3293 3306 5894
10267 6158 6080 6155 6160
10268 3847 3849 3850 3853
10269 4418 775 767 753
10270 2041 2042 2067 2051
10271 4242 4312 4271 4301
10272 1567 1638 1623 1633
10273 3675 3694 3680 3685
10274 1942 1945 1952 1941
10275 3487 3478 3526 3504
10276 1272 1356 1271 1283
10277 3383 3380 3391 4563
10278 1794 1759 1711 1716
10279 3998 4313 4017 4063
10280 3132 3140 3120 3128
10281 4291 4200 4251 4301
10282 1627 1632 1624 1616
10283 4885 4884 4944 4889
10284 4434 4435 4439 4440
10285 5066 5065 5057 5069
10286 1950 1910 1952 1941
10287 5422 5421 5395 5433
10288 6155 6160 5781 5784
10289 2352 2349 2351 2358
10290 1391 1392 1389 1407
10291 3801 3806 3524 3725
10292 3214 3219 3224 3215
10293 3340 3351 3438 3461
10294 5810 5822 5821 5826
10295 3311 3312 3313 3322
10296 1851 1826 1769 1855
10297 1964 1973 1970 1966
10298 1428 1435 1424 1436
10299 5335 5151 5309 5336
10300 4480 4481 4498 4482
10301 5062 4915 5057 5069
10302 3216 3218 3225 3227
10303 2816 2774 2819 2777
10304 4897 4894 4890 4902
10305 1932 1924 1933 1941
10306 705 708 710 711
10307 2216 2214 2213 2219
10308 3296 3306 3284 3308
10309 5362 5350 5461 5365
10310 3339 3453 3338 3461
10311 1594 1577 1589 1575
10312 669 674 99 680
10313 1229 1237 437 1241
10314 2677 2541 2675 2526
10315 3405 3430 3523 3434
10316 5034 5024 5022 5041
10317 2102 2098 2148 2106
10318 3565 3594 3595 3573
10319 1702 1879 1688 1690
10320 6053 6058 6010 6060
10321 1337 1339 1366 1353
10322 4442 4478 4450 4481
10323 3819 3822 3799 3823
10324 1214 1367 1225 1226
10325 2961 2946 3029 2947
10326 3524 3806 3738 3725
10327 2146 2149 2108 2106
10328 5003 5004 5001 5014
10329 2744 2739 2741 2749
10330 5105 5297 5351 5150
10331 2991 2990 2994 2995
10332 143 167 131 152
10333 3927 6097 6098 6103
10334 484 1352 1347 418
10335 3146 3161 3173 3169
10336 1029 1056 1156 1057
10337 5108 5104 5105 5111
10338 2386 2415 2424 2371
10339 5819 5832 6128 5824
10340 3758 3768 3196 3753
10341 1902 1906 1925 1911
10342 3268 3321 3364 3322
10343 709 494 708 711
10344 3620 3560 3570 3559
10345 5718 5602 5700 5727
10346 1961 1957 1958 1967
10347 355 29 1839 361
10348 1403 1393 1388 1407
10349 5852 5849 4102 5854
10350 4262 4271 4261 4273
10351 2638 2543 2571 2550
10352 2254 1967 2279 2289
10353 1495 1504 1470 1506
10354 1898 1868 1869 1911
10355 4165 3429 3425 3432
10356 5957 5897 5962 5979
10357 1090 1100 1089 1101
10358 1615 1674 1688 1618
10359 1569 1575 1568 1590
10360 5724 5717 5726 5727
10361 1661 1662 1672 1758
10362 32 29 13 40
10363 3447 3351 3522 3461
10364 5414 5420 5413 5434
10365 5705 5690 5726 5713
10366 3445 3152 3154 3169
10367 5806 5807 5802 5822
10368 4479 3838 3826 3839
10369 2468 2467 2464 2471
10370 5032 5013 4991 5000
10371 1731 1744 1745 1743
10372 2301 2297 2294 2303
10373 319 176 310 180
10374 5120 5105 5104 5166
10375 2033 2035 2030 2037
10376 4070 4074 4075 4076
10377 3995 3978 3274 3307
10378 1622 1608 1627 1616
10379 173 21 19 25
10380 5828 6128 5832 5824
10381 1571 1632 1572 1576
10382 4331 4342 754 4511
10383 4383 4366 4384 4369
10384 802 801 806 821
10385 757 745 743 767
10386 1864 1868 1867 1897
10387 4397 4410 4409 4411
10388 5479 5489 5407 5476
10389 98 657 669 680
10390 2310 2292 2290 2304
10391 1976 1969 1974 1981
10392 3997 3965 6102 4007
10393 3787 4411 3781 3795
10394 162 165 3558 3600
10395 4543 4546 4550 4552
10396 2215 2248 2212 2219
10397 5307 5378 5368 5322
10398 160 156 154 166
10399 4857 4859 4858 4860
10400 3911 3807 3805 3809
10401 1975 1979 1976 1980
10402 3591 3558 165 3600
10403 5885 6100 5892 3937
10404 5106 5110 5102 5111
10405 580 562 713 568
10406 2456 2775 2540 2776
10407 3564 3547 3398 3572
10408 4610 4670 4613 4624
10409 3910 3922 3917 3724
10410 5612 5663 5613 5615
10411 1519 1464 1563 1521
10412 1905 1904 1910 1952
10413 404 1344 413 418
10414 4667 642 646 653
10415 4309 4311 4312 4313
10416 3106 3002 3001 3004
10417 5942 5940 5937 5949
10418 564 588 571 612
10419 522 495 524 500
10420 4087 4090 4092 5755
10421 3547 3552 3384 3391
10422 6009 6019 5934 5978
10423 1768 1771 1826 1827
10424 1123 1137 1064 1130
10425 4952 4951 4955 4956
10426 4178 4179 4185 4189
10427 1499 1446 1496 1507
10428 5469 5485 5474 5475
10429 5760 5766 5757 5768
10430 5362 5335 5364 5322
10431 3620 3626 3623 3559
10432 502 496 498 500
10433 1731 1733 1744 1743
10434 5021 5020 5018 5028
10435 3051 3049 3032 3059
10436 3207 3222 3214 3213
10437 1560 1498 1496 1507
10438 5130 5133 5115 5137
10439 3118 3132 3128 3142
10440 4830 4826 4829 4846
10441 5003 4970 5004 5014
10442 2798 2802 2797 2805
10443 2483 2486 2475 2820
10444 723 714 719 725
10445 4952 4965 4964 4971
10446 4443 4451 4446 4454
10447 3019 2805 3030 2806
10448 5871 5810 5879 5826
10449 2539 2851 2538 2861
10450 610 557 567 571
10451 3232 5906 3239 5893
10452 3500 3499 3493 3503
10453 5632 5631 5635 5642
10454 2465 2460 2462 2471
10455 5563 5568 5564 5573
10456 1385 1395 1389 1392
10457 1983 2122 1985 2134
10458 1828 1930 1928 1813
10459 6095 3960 6093 6097
10460 4082 5753 5747 5755
10461 4418 753 4494 4424
10462 4235 4243 5435 5448
10463 4192 4207 4203 4217
10464 3502 3531 3261 3532
10465 3773 6033 5880 5867
10466 458 543 459 460
10467 1498 1507 1505 1493
10468 3674 3681 3677 3685
10469 3502 3528 3529 3531
10470 4760 4757 4758 4763
10471 2967 2956 2954 2961
10472 2255 2252 2251 2261
10473 5044 4957 5050 5069
10474 595 598 589 600
10475 4996 4999 5032 5000
10476 2794 2792 2796 2805
10477 1768 1764 1767 1827
10478 6128 6129 6270 6131
10479 2508 2505 2504 2512
10480 1761 1759 1762 1771
10481 4630 4633 4627 4637
10482 5580 5564 5576 5572
10483 2660 2523 2521 2517
10484 4776 4835 4824 4788
10485 3136 3138 3120 3140
10486 194 167 195 181
10487 765 764 762 768
10488 3800 3805 3779 3807
10489 3057 3051 3056 3059
10490 2215 2216 2248 2219
10491 5911 6110 6146 6119
10492 3246 3293 3306 3308
10493 3925 3936 3306 3307
10494 4890 4895 4897 4896
10495 1498 1505 1503 1493
10496 3074 3085 3084 3853
10497 3997 3247 6103 3937
10498 4417 4425 3891 4427
10499 4340 4341 4445 4342
10500 3420 3405 3568 3434
10501 5212 5211 5217 5223
10502 2661 2659 2664 2669
10503 5871 5872 5876 5879
10504 4109 4111 4112 4119
10505 2679 2534 2886 2889
10506 2297 2303 2301 2331
10507 6172 6133 6257 6148
10508 6249 5699 6159 6161
10509 1463 1451 1465 1394
10510 5829 4018 4102 4021
10511 4166 4167 4172 4173
10512 790 1085 920 807
10513 3075 3074 2939 3085
10514 3270 3294 3246 3308
10515 3014 3030 2962 3018
10516 3778 3780 6027 3797
10517 5414 5416 5413 5420
10518 2085 2089 2092 2093
10519 2586 2585 2594 2588
10520 3047 3679 3733 3740
10521 5158 5159 5152 5165
10522 3420 3426 3431 3432
10523 4347 4323 4319 4356
10524 6244 5708 6231 5712
10525 1774 1773 1776 1783
10526 5703 5729 5728 5653
10527 5902 5908 5903 5893
10528 1430 1390 1425 1392
10529 105 109 138 152
10530 1848 1854 1844 1855
10531 5348 5417 5350 5461
10532 846 841 844 850
10533 4898 4945 4946 4889
10534 556 457 452 557
10535 3373 3349 3346 3379
10536 3118 3128 3004 3142
10537 5976 5968 6009 5978
10538 3794 3774 3795 3839
10539 5073 5098 5074 5085
10540 2213 2216 2248 2275
10541 3378 3322 3364 3366
10542 4474 4469 4470 4478
10543 2842 2930 2838 2847
10544 2524 2355 2522 2526
10545 3409 3346 3338 3406
10546 2425 2411 2414 2415
10547 3226 3277 3211 3213
10548 4599 4594 4596 4523
10549 5183 5181 5188 5165
10550 5334 5490 5378 5322
10551 2883 2877 2880 2523
10552 1062 1067 1138 1073
10553 5310 5335 5334 5322
10554 3794 3795 3792 3839
10555 326 370 327 372
10556 65 96 75 82
10557 3029 2946 2961 2975
10558 5969 5968 5974 5966
10559 4117 4650 4115 4119
10560 2771 2749 2740 2750
10561 3522 3527 3447 3461
10562 2868 2872 2865 2875
10563 4116 4066 5314 5321
10564 5149 5111 5150 5166
10565 2594 2589 2586 2588
10566 349 346 351 360
10567 828 839 861 850
10568 3594 3591 3595 3573
10569 3081 3079 3082 3071
10570 1547 1541 1535 1549
10571 525 528 504 529
10572 5149 5111 5110 5112
10573 2952 2955 2950 2961
10574 4267 4260 4269 4272
10575 2200 2197 2194 2204
10576 1371 1397 1372 1406
10577 845 848 929 850
10578 2420 2418 2417 2421
10579 2189 2330 2180 2191
10580 4397 4368 4362 4398
10581 4106 4110 4114 4105
10582 2176 2163 2190 2191
10583 1854 1840 1833 1814
10584 323 330 313 334
10585 4199 4247 4194 4201
10586 3566 3475 3627 3614
10587 1075 1081 1076 849
10588 621 624 619 473
10589 3814 3749 3753 3825
10590 5435 5447 5445 5448
10591 5717 5702 5726 5727
10592 469 634 664 666
10593 5395 5232 5236 5336
10594 5022 5041 5024 5028
10595 1402 1397 1371 1406
10596 3057 3052 3051 3059
10597 338 325 336 347
10598 1870 1882 1878 1883
10599 4569 4202 4197 4579
10600 5416 5452 5415 5420
10601 476 448 447 458
10602 1404 1403 1407 1408
10603 5498 5580 5572 5560
10604 475 479 476 488
10605 3714 3721 3719 3727
10606 3758 3768 3753 3770
10607 5803 5626 5821 5812
10608 2966 2969 2974 2989
10609 6093 3927 3960 3965
10610 4101 4438 4360 4370
10611 4316 4319 4318 4364
10612 438 439 440 446
10613 3798 3266 3805 3811
10614 1742 2009 1732 2022
10615 1099 1106 1088 1101
10616 3998 4017 3990 3993
10617 220 223 216 208
10618 6251 6248 6242 6257
10619 3522 3518 3527 3529
10620 1495 1470 1468 1506
10621 3985 4057 3948 4034
10622 467 468 470 472
10623 5821 5822 5810 5812
10624 3579 3576 3586 3596
10625 4971 5000 4970 4985
10626 1780 1779 1775 1782
10627 2352 2353 2349 2358
10628 2008 2022 2021 2010
10629 1815 1811 1758 1827
10630 1270 1271 1355 1367
10631 1010 1006 1009 1017
10632 4628 4625 4641 4649
10633 3719 3722 3715 3727
10634 2796 2797 2794 2805
10635 4321 4325 4320 4364
10636 3737 3065 3047 3072
10637 2460 2508 2463 2505
10638 4844 4846 4902 4860
10639 2797 2805 2802 2806
10640 1342 1346 1341 1353
10641 3012 3009 3030 3018
10642 3598 3670 3586 3599
10643 1106 1088 1101 1086
10644 3030 3029 2975 3031
10645 3059 3101 3083 3045
10646 353 358 359 361
10647 4284 4287 4283 4314
10648 2901 2900 2897 2902
10649 3623 3554 3559 3600
10650 4983 5137 4913 4984
10651 2092 2058 2066 2079
10652 3927 6099 3928 6103
10653 5013 5055 5014 4985
10654 5473 5447 5437 5475
10655 5632 5635 5637 5642
10656 1214 1270 1367 1226
10657 4327 4356 4329 4341
10658 2929 2931 2928 2847
10659 5101 5110 5103 5112
10660 3716 3699 3711 3726
10661 1774 1779 1772 1782
10662 3813 6060 3818 6061
10663 1179 1175 1174 1211
10664 1059 1478 1373 1380
10665 5702 5701 5704 5712
10666 5930 5940 5931 5936
10667 6082 6173 6086 6091
10668 4638 4115 4640 4649
10669 4199 4191 4190 4201
10670 622 661 616 625
10671 2807 2822 2811 2820
10672 3914 3922 3921 3907
10673 5828 5833 5834 5713
10674 1741 1729 1743 1730
10675 1712 1711 1704 1716
10676 4543 4550 4523 4552
10677 4560 4169 4593 4566
10678 5513 5531 5604 5573
10679 4948 4889 4944 4956
10680 3259 4437 3802 3811
10681 2264 2269 2272 2275
10682 288 282 286 285
10683 3779 3805 3911 3807
10684 2870 2759 2963 2848
10685 3624 3626 3620 3629
10686 169 170 179 180
10687 356 24 29 361
10688 5880 6035 6033 3797
10689 34 10 5 12
10690 4294 4261 4262 4271
10691 641 672 679 4524
10692 3963 3961 3964 3965
10693 4879 4919 4921 4889
10694 5179 4907 5096 5192
10695 5438 5437 5439 5447
10696 5820 5822 5821 5812
10697 3257 3263 3256 3531
10698 441 439 442 446
10699 2255 2251 2253 2261
10700 1680 1678 1693 1689
10701 5886 5892 5884 5894
10702 1141 1135 1136 1143
10703 2271 2238 2262 2248
10704 1950 1910 1868 1952
10705 1720 2123 1564 1728
10706 6156 6160 6155 6161
10707 5039 5038 5040 5041
10708 2857 2856 2861 2876
10709 621 619 478 473
10710 1882 1730 1723 1617
10711 4527 138 109 4539
10712 2953 3079 2945 2947
10713 4945 4889 4948 4956
10714 160 154 159 166
10715 3134 3085 3074 3853
10716 3857 3858 3855 3853
10717 5812 5629 5820 5798
10718 4636 4635 4633 4657
10719 736 735 733 730
10720 3896 3887 3905 3906
10721 863 851 855 850
10722 3901 3924 3904 3909
10723 3834 3870 3836 3838
10724 3696 3699 3658 3700
10725 4653 4652 4657 4663
10726 5464 5405 5406 5476
10727 5933 6002 6003 5938
10728 356 13 29 24
10729 5776 5779 5773 5783
10730 4676 4551 4523 4552
10731 2504 2514 2516 2513
10732 5604 5573 5531 5615
10733 3561 3546 3391 3572
10734 6088 6132 5836 5769
10735 5636 5634 5671 5643
10736 4210 4207 4200 4217
10737 2130 2121 2133 2134
10738 2799 2778 2780 2805
10739 701 737 703 712
10740 2262 2248 2238 2219
10741 5314 4070 5315 5321
10742 3405 3406 3403 3460
10743 2890 2903 2902 2919
10744 6025 6028 6029 6032
10745 1639 1640 1637 1633
10746 3360 4188 3356 3365
10747 2245 2201 2237 2248
10748 5113 4999 4980 5137
10749 1252 1247 1256 545
10750 5908 5893 5888 5894
10751 131 167 143 181
10752 1909 1917 1908 1910
10753 1942 1943 1932 1941
10754 5011 5013 5010 5014
10755 1946 1951 1949 53
10756 1856 1606 1650 1659
10757 6156 6158 6155 6160
10758 2351 2354 2352 2358
10759 806 794 820 821
10760 3368 3377 3165 3378
10761 437 441 442 446
10762 5852 4102 4388 5854
10763 1015 1017 1012 794
10764 6171 6130 6257 6133
10765 5510 5507 5506 5512
10766 2563 2558 2560 2556
10767 5853 5840 5830 5855
10768 5338 5347 5337 5350
10769 5671 5643 5634 5644
10770 5957 5962 5955 5963
10771 4991 5013 4989 5000
10772 4877 4902 4845 4889
10773 5048 5047 5046 5056
10774 2052 2056 2087 2066
10775 4309 4313 4002 4063
10776 5234 5235 5422 5236
10777 2411 2406 2404 2415
10778 3719 3920 3808 3809
10779 5625 5627 5619 5628
10780 2892 2902 2905 2919
10781 5162 5159 5143 5166
10782 99 103 669 680
10783 5310 5332 5314 5334
10784 4598 4540 4596 4609
10785 3955 3957 3959 3965
10786 65 75 96 97
10787 295 620 654 306
10788 2991 2990 3029 3031
10789 5356 5364 5358 5365
10790 3742 3751 3752 3755
10791 1122 1154 1153 1130
10792 615 604 608 603
10793 2988 2985 3105 3114
10794 5832 5835 6123 5838
10795 6019 5961 6009 6032
10796 2218 2206 2217 2219
10797 2334 2276 2332 2345
10798 5888 5907 5890 5893
10799 1341 1350 1238 1352
10800 4460 4459 4468 4482
10801 4821 4833 4822 4846
10802 2988 2985 3114 2989
10803 3420 3571 3568 3572
10804 2483 2475 2484 2820
10805 1761 1762 1767 1771
10806 1045 1050 1046 1058
10807 4095 4229 4100 4104
10808 645 641 630 653
10809 4590 4612 4611 4588
10810 3107 3111 3127 3100
10811 5452 5415 5420 5462
10812 2693 2703 2692 2736
10813 5507 5506 5505 5510
10814 5181 5179 5182 5192
10815 5770 5784 5774 5699
10816 1679 1680 1687 1689
10817 3211 3197 3195 3198
10818 1864 1866 1867 1868
10819 1661 1671 1747 1758
10820 2216 2213 2248 2219
10821 3386 3391 3380 4563
10822 475 476 458 488
10823 3650 3666 3653 3658
10824 6000 6006 5996 6008
10825 3805 3807 3800 3810
10826 3618 3627 3617 3545
10827 3359 3353 3354 3365
10828 5094 5092 5077 5097
10829 6254 6257 6134 6175
10830 3136 3120 3132 3140
10831 3936 3991 3995 3979
10832 4892 4890 4894 4902
10833 642 647 646 653
10834 3380 3391 3386 3404
10835 2469 2478 2515 2471
10836 2952 2954 2955 2961
10837 4102 4018 4097 4021
10838 3624 3600 3626 3629
10839 2873 2845 2875 2848
10840 3672 3711 3706 3712
10841 4456 4473 4455 4482
10842 6270 6133 6124 6148
10843 4161 3392 4572 4579
10844 4643 4645 4648 4650
10845 3984 3991 3989 3992
10846 5693 5696 6249 5699
10847 1947 1951 1904 1952
10848 4906 4940 4908 4943
10849 5206 5207 5230 5193
10850 2375 2377 2378 2386
10851 3421 4704 4564 4171
10852 3592 3586 3596 3598
10853 185 189 184 195
10854 1106 1103 1088 1086
10855 1501 1504 1545 1544
10856 3980 4011 4010 3990
10857 754 753 4507 4511
10858 5219 5230 5222 5236
10859 316 348 307 360
10860 5502 5498 5572 5560
10861 4668 4673 4667 4679
10862 806 1012 820 794
10863 662 680 660 668
10864 2324 2271 2264 2275
10865 5832 5824 5879 5840
10866 3356 4181 4182 3365
10867 3346 3341 3338 3349
10868 2959 2956 2967 2961
10869 3183 3275 3270 3279
10870 4185 4186 4187 4189
10871 2660 2658 2668 2526
10872 5795 5796 6238 6240
10873 1719 1792 1708 1882
10874 100 102 105 109
10875 185 195 191 166
10876 3576 3596 3590 3629
10877 3143 3154 3147 3169
10878 1792 1716 1882 1799
10879 2860 2858 2856 2862
10880 2758 2871 2869 2875
10881 1864 1862 1868 1897
10882 4084 4106 4085 4077
10883 6100 3928 6103 3937
10884 1676 1689 1679 1646
10885 2348 2369 2370 2371
10886 4329 4342 4331 4511
10887 4912 4910 5155 5178
10888 3303 3307 3302 3308
10889 717 725 714 726
10890 1210 1453 1257 1269
10891 371 66 68 82
10892 4499 4510 4480 4342
10893 4445 4355 4453 4341
10894 3080 5982 3076 3850
10895 4582 4590 4586 4594
10896 468 472 467 474
10897 1362 1359 1364 1367
10898 4381 4374 4395 4366
10899 641 679 642 4524
10900 5555 5518 5560 5546
10901 5048 5046 5043 5056
10902 139 140 177 181
10903 5698 5697 5692 5699
10904 4891 4880 4896 4860
10905 581 578 577 585
10906 3902 3908 3907 3754
10907 5819 6128 5832 6129
10908 2835 2901 2888 2862
10909 4261 4271 4295 4273
10910 4964 4958 4952 4971
10911 3025 3027 3014 3030
10912 2296 2298 2081 2305
10913 2781 2780 2778 2805
10914 4442 4480 4327 4328
10915 2854 2853 2856 2862
10916 4491 4487 4489 4496
10917 2054 2052 2058 2066
10918 2836 2902 2900 2862
10919 2259 2254 2260 2261
10920 3860 3898 3903 3906
10921 3054 3047 3065 3072
10922 3590 3596 3589 3600
10923 4499 4510 4342 4511
10924 5053 5098 5090 5056
10925 3707 3608 3709 3613
10926 5019 5021 5027 5042
10927 1518 1520 1515 1533
10928 4536 4534 4533 4545
10929 4667 646 4666 4677
10930 1851 1825 1826 1854
10931 3971 3978 3968 3979
10932 2487 2491 2492 2499
10933 3014 3028 2962 3030
10934 3950 4023 3951 4034
10935 2334 2332 2339 2345
10936 996 991 992 1003
10937 139 177 120 181
10938 3543 3539 3564 3568
10939 4976 4971 4983 5000
10940 5929 6002 5934 6021
10941 4946 4889 4945 4956
10942 1071 1055 1070 1073
10943 3689 3679 3058 3740
10944 4682 4688 4548 4551
10945 906 884 889 920
10946 4151 4216 4183 4160
10947 801 796 797 821
10948 662 657 660 680
10949 3891 4425 3669 4427
10950 4617 4616 4632 4623
10951 1508 1517 1516 1519
10952 535 533 544 545
10953 50 45 70 54
10954 3719 3920 4429 3808
10955 366 374 373 389
10956 5734 5737 5731 5741
10957 5482 5488 4645 4650
10958 6166 6164 6172 6174
10959 1035 1041 1030 1043
10960 6070 3780 3844 3852
10961 3772 3780 3778 3797
10962 3902 3907 3740 3754
10963 1879 1882 1881 1618
10964 3534 3620 3560 3570
10965 3106 3124 3109 3004
10966 2271 2325 2248 2275
10967 6257 6175 6172 6148
10968 2837 2839 2840 2847
10969 5091 5087 5090 5092
10970 1511 1520 1512 1521
10971 3849 6078 3847 3851
10972 5348 5417 5346 5350
10973 438 442 439 446
10974 1926 1813 1829 1953
10975 2509 2505 2462 2471
10976 456 555 440 459
10977 562 568 559 571
10978 4577 4579 4563 4580
10979 5040 5037 5036 5041
10980 2135 2087 2056 2066
10981 4532 4541 4546 4550
10982 2517 2516 2514 2526
10983 3499 3503 3504 3212
10984 3487 3526 3154 3504
10985 1780 1782 1855 1785
10986 410 415 409 418
10987 5110 5111 5106 5112
10988 73 4423 4420 136
10989 770 4339 771 777
10990 2120 2122 1720 2134
10991 4404 3784 5863 4411
10992 1550 1511 1549 1521
10993 5831 5840 5853 5855
10994 3421 3721 3719 3723
10995 1744 1749 1745 1757
10996 5206 5205 5207 5193
10997 1787 1760 1788 1785
10998 1945 1951 1949 1952
10999 1615 1730 1674 1618
11000 1036 1039 1032 1043
11001 1963 1995 2019 2021
11002 1376 1406 1548 1408
11003 3976 3991 3987 3992
11004 1498 1503 1507 1493
11005 3927 6098 6099 6103
11006 1838 1835 1833 1840
11007 480 478 451 473
11008 2798 2801 2802 2805
11009 1414 1093 1091 1102
11010 2898 2917 2905 2902
11011 4941 4939 5178 4943
11012 1033 1035 1034 1043
11013 6117 6100 6103 5892
11014 4536 4525 4534 4545
11015 1683 1682 1684 1690
11016 4987 5004 4986 5013
11017 1066 1065 1071 1072
11018 4977 4981 4983 4984
11019 4116 5331 4117 4118
11020 1055 1050 1052 1056
11021 2234 2243 2240 2244
11022 3537 3616 3540 3534
11023 2029 2033 2030 2037
11024 3132 3140 3128 3142
11025 1072 1477 1421 1031
11026 5792 5789 5798 5799
11027 3682 3728 3680 3685
11028 1097 1098 1095 1102
11029 3798 3719 3808 3809
11030 4374 4364 4395 4366
11031 2843 2865 2845 2875
11032 5811 5807 5822 5825
11033 1025 1390 1026 1030
11034 4391 4396 4395 4398
11035 3846 3863 3847 3851
11036 4976 4990 4971 5000
11037 6058 6060 6053 6063
11038 147 149 145 143
11039 3323 3320 4139 4146
11040 4445 4452 4510 4342
11041 3778 3781 3773 3795
11042 6094 6114 6109 6096
11043 5670 5626 5625 5644
11044 6011 6017 5976 6021
11045 2754 3015 2757 2763
11046 1600 1737 1604 2009
11047 4458 3834 3833 3838
11048 4756 4758 4754 4763
11049 58 65 59 97
11050 5639 5634 5643 5644
11051 2545 2605 2627 2596
11052 4950 4889 4955 4956
11053 3903 3901 3908 3909
11054 2176 2167 2190 2596
11055 2692 2669 2698 2736
11056 1992 1996 1991 1981
11057 5041 5042 5027 5028
11058 3672 3686 3711 3699
11059 3862 3776 3852 3783
11060 1585 1599 1586 1590
11061 1271 1280 1277 1283
11062 2283 2289 2281 2276
11063 2563 2559 2558 2568
11064 4499 4326 4323 4327
11065 2954 2848 2965 2975
11066 2332 2051 2340 2345
11067 5091 5090 5073 5092
11068 3471 3468 3533 3475
11069 5447 5474 5487 5475
11070 3188 3762 3765 3768
11071 4362 5865 4397 4398
11072 4283 4287 4280 4314
11073 6166 6172 6169 6174
11074 4573 4555 4563 4579
11075 4876 4880 4891 4860
11076 5563 5564 5555 5518
11077 2745 2741 2743 2749
11078 801 797 794 821
11079 3580 3579 3576 3586
11080 3030 2946 2791 3031
11081 4646 5488 5475 4230
11082 4476 4478 4322 4328
11083 4507 753 4494 4511
11084 2677 2675 2668 2526
11085 3389 3390 3404 3392
11086 4043 4045 4046 4048
11087 3957 3960 3959 3965
11088 6070 6061 6077 6063
11089 2113 2310 2290 2304
11090 5820 5837 5821 5824
11091 4324 4321 4326 4480
11092 3929 3964 3962 3965
11093 5075 5076 5077 5081
11094 1377 1538 1375 1548
11095 1676 1667 1677 1689
11096 3550 3549 3555 3559
11097 1398 1400 1399 1407
11098 3331 3336 3328 3337
11099 1405 1548 1406 1408
11100 5958 6009 5961 6032
11101 4099 4438 4101 4370
11102 739 767 743 753
11103 5102 5039 5040 5110
11104 5820 5798 5700 5799
11105 1761 1767 1764 1771
11106 2360 2361 2412 2371
11107 2194 2200 2205 2219
11108 3500 3499 3503 3504
11109 4348 4349 4353 4356
11110 3947 3945 3961 3965
11111 1375 1376 1406 1548
11112 1276 1275 1277 1283
11113 4559 3392 4187 4579
11114 2780 2781 2782 2785
11115 1391 1399 1403 1407
11116 3978 3307 3995 3979
11117 5235 5103 5425 5112
11118 1581 1579 1583 1590
11119 2238 2271 2239 2248
11120 2132 2130 2131 2134
11121 36 38 28 40
11122 558 584 572 545
11123 3134 3129 3130 3142
11124 3020 3023 3030 3031
11125 4330 4350 4333 4356
11126 1299 1518 1311 1533
11127 3938 3955 3940 3945
11128 3522 3169 3350 3351
11129 5936 5937 5940 5949
11130 3602 3464 3605 3613
11131 5072 5073 5077 5092
11132 2904 2834 2829 2919
11133 3395 3403 3406 3460
11134 4359 4364 4363 4366
11135 6013 6019 6010 6060
11136 4497 4499 4510 4480
11137 3347 3349 3368 3378
11138 1459 1462 1464 1465
11139 6146 6147 6145 6104
11140 5742 5750 5746 5744
11141 5019 5021 5018 5027
11142 5041 5022 5042 5028
11143 3225 3221 3236 3227
11144 4264 5386 5379 5391
11145 2857 2856 2853 2861
11146 708 706 711 712
11147 1300 1311 1299 1518
11148 4682 4562 4689 4704
11149 855 856 860 850
11150 5568 5571 5564 5572
11151 1629 1628 1630 1632
11152 5413 5420 5410 5434
11153 4067 4100 4066 4077
11154 2024 2038 2281 2289
11155 4559 4563 3392 4579
11156 4625 4383 4639 4649
11157 4397 4411 5866 5867
11158 1585 1586 1581 1590
11159 1006 1008 1014 1010
11160 2027 2047 2039 2037
11161 1864 1865 1866 1868
11162 6163 6159 6152 6175
11163 5863 5860 4399 5866
11164 4989 4987 4986 5013
11165 5432 5346 5417 5434
11166 3602 3619 3464 3613
11167 815 820 992 821
11168 4842 4891 4828 4846
11169 5091 5073 5072 5092
11170 1615 1616 1632 1618
11171 5202 5209 5210 5223
11172 4777 4788 4779 4804
11173 921 912 894 933
11174 3374 3371 3379 3366
11175 2948 2950 2945 2946
11176 4612 4615 4236 4246
11177 4564 4704 4560 4171
11178 6159 5699 5784 6161
11179 1213 1519 1508 1226
11180 6142 6146 6170 6147
11181 3641 3640 3639 3643
11182 244 243 241 265
11183 3047 3054 3057 3059
11184 6009 5961 6019 5978
11185 3798 3808 3805 3809
11186 1609 1881 1610 1617
11187 2905 2931 2910 2919
11188 605 611 602 612
11189 1892 388 1894 1896
11190 2321 2325 2330 2233
11191 3566 3718 3434 3614
11192 4183 4180 4181 4184
11193 5753 4082 4078 5755
11194 2377 2373 2380 2386
11195 4017 4313 4311 4063
11196 3840 3852 3794 3839
11197 3472 3533 3542 3545
11198 2005 2000 2003 2010
11199 1077 1085 1078 849
11200 5410 5433 5424 5434
11201 5985 5982 3080 3850
11202 1263 1403 1404 1269
11203 2486 2808 2477 2820
11204 2627 2599 2638 2596
11205 3261 3531 3524 3532
11206 422 423 420 433
11207 6262 6040 6043 6271
11208 3728 3734 3741 3769
11209 3664 3699 3726 3700
11210 3729 3728 3734 3741
11211 5143 5144 5148 5150
11212 1888 1890 1892 1896
11213 300 302 296 305
11214 2898 2892 2896 2893
11215 1779 343 1775 346
11216 564 571 610 612
11217 1571 1575 1569 1632
11218 1622 1620 1616 1633
11219 3267 3278 3260 3280
11220 4503 4502 4509 4511
11221 4220 4258 4201 4259
11222 1841 1844 1848 1854
11223 5690 5782 5695 5713
11224 3774 3796 3795 3839
11225 2892 2898 2905 2902
11226 3264 3810 3801 3266
11227 2904 2829 2903 2919
11228 4058 4044 4055 4061
11229 1939 1935 1931 1941
11230 1294 1338 1297 1324
11231 3189 3212 3205 3198
11232 2212 2248 2262 2219
11233 160 161 162 165
11234 1810 1826 1811 1814
11235 638 666 471 598
11236 2860 2862 2856 2876
11237 3311 3355 3358 3366
11238 1900 1868 1898 1910
11239 1375 1548 1406 1380
11240 227 300 296 238
11241 3588 3598 3579 3599
11242 5332 5328 5331 5334
11243 5903 5939 3239 5949
11244 4397 3773 4411 5867
11245 3781 3795 3774 3796
11246 2546 2551 2552 2568
11247 4478 4481 4480 4482
11248 12 26 11 83
11249 6256 6255 6284 6272
11250 1860 1869 1659 1911
11251 5897 5908 5962 5979
11252 1632 1617 1730 1618
11253 3860 3903 3864 3906
11254 2252 2255 1975 1980
11255 3132 3133 3135 3142
11256 2043 2042 2049 2051
11257 5230 5236 5231 5193
11258 5831 5853 5854 5855
11259 5991 5985 3752 5993
11260 5435 5445 5436 5448
11261 37 39 16 26
11262 1772 1782 1780 1785
11263 3737 3744 3065 3072
11264 3618 3619 3622 3627
11265 5191 5309 5139 5151
11266 4416 4425 4417 4427
11267 4499 4497 4510 4511
11268 1810 1826 1855 1785
11269 3550 4534 4525 4545
11270 1771 1785 1781 1799
11271 5695 5732 5713 5741
11272 4123 4171 4167 4174
11273 351 307 348 360
11274 5929 5998 6002 6021
11275 30 45 41 54
11276 3195 3816 5938 3197
11277 2524 2357 2355 2526
11278 4275 4284 4274 4287
11279 4068 4088 4089 4092
11280 4309 4311 4313 4063
11281 4279 4048 4285 4286
11282 3194 3195 3197 3198
11283 4508 4485 4509 4494
11284 2853 2861 2856 2862
11285 4657 4655 4654 4662
11286 3148 3487 3154 3504
11287 6086 6090 6087 6091
11288 3945 3944 3943 3939
11289 6032 5947 5944 6034
11290 2238 2198 2209 2219
11291 2130 2133 2112 2134
11292 65 67 75 97
11293 4152 4151 4156 4160
11294 1396 1395 1385 1058
11295 1926 1828 1829 1813
11296 3821 3851 3863 3852
11297 3575 3574 3612 3586
11298 835 823 826 849
11299 5976 5929 5998 5977
11300 3267 3272 3278 3280
11301 3547 3561 3546 3391
11302 1939 1931 1953 1941
11303 3316 4142 4146 4147
11304 476 447 475 458
11305 4190 4581 4199 4202
11306 4574 4603 4568 4580
11307 4307 4304 4303 4302
11308 2932 2946 2791 2848
11309 4527 4531 4535 4539
11310 2292 2293 2299 2295
11311 4782 4835 4776 4788
11312 2514 2513 2427 2371
11313 996 992 1017 1003
11314 1898 1910 1868 1911
11315 5772 5246 5247 5775
11316 1321 1320 1318 1324
11317 5502 5497 5498 5560
11318 2671 2666 2663 2669
11319 1734 1742 1732 2022
11320 5933 5935 6002 5938
11321 2113 2314 2310 2304
11322 6140 6172 6137 6148
11323 4628 4642 4637 4649
11324 3422 3459 3527 3461
11325 3702 3701 3711 3700
11326 4114 4117 4115 4119
11327 1538 1378 1375 1548
11328 5607 5531 5663 5615
11329 722 715 385 725
11330 1355 1271 1356 1367
11331 4585 4582 4586 4594
11332 5150 5111 5149 5112
11333 5711 5833 5657 5837
11334 3988 3989 3982 3993
11335 4050 4044 4058 4061
11336 2346 2358 2514 2371
11337 5956 5978 5964 5979
11338 6070 6072 6076 6063
11339 5474 5488 5485 5489
11340 6009 5934 6019 6021
11341 2905 2902 2931 2919
11342 5869 5810 5803 5821
11343 520 522 519 528
11344 4508 4484 4485 4494
11345 4504 754 4507 4511
11346 3793 6027 3786 3778
11347 631 634 628 668
11348 783 789 822 849
11349 5635 5631 5651 5642
11350 1099 1088 1100 1101
11351 6026 6065 6025 6044
11352 2095 2097 2106 2093
11353 5836 5838 5829 5839
11354 4271 4312 4242 4315
11355 2829 2832 2831 2834
11356 2534 2541 2538 2889
11357 4887 4879 4921 4889
11358 2098 2097 2082 2093
11359 1152 1150 1155 1157
11360 4879 4845 4875 4889
11361 3135 3133 3134 3142
11362 2874 2875 2847 2933
11363 5909 5957 5897 5962
11364 548 556 551 557
11365 3943 3940 3945 3939
11366 1123 1127 1124 1130
11367 379 385 715 725
11368 1912 1921 1914 1924
11369 1035 1424 1423 1435
11370 1845 1780 1775 1855
11371 4682 4548 4562 4565
11372 950 953 851 954
11373 2410 2412 2413 2415
11374 3506 3511 3512 3516
11375 2759 2757 3015 2763
11376 3560 3623 3556 3559
11377 2462 2460 2465 2463
11378 525 521 528 529
11379 1851 1854 1826 1855
11380 3232 3237 3231 3239
11381 1567 1575 1569 1590
11382 5992 5989 3743 3751
11383 3178 3283 3281 3183
11384 789 783 1079 849
11385 760 745 767 752
11386 5474 5488 5487 5475
11387 1361 1225 1214 1367
11388 3928 3927 6103 3937
11389 4754 4770 4751 4763
11390 2916 2923 2922 2931
11391 2592 2609 2586 2612
11392 987 986 1011 989
11393 4619 4672 4658 4678
11394 2946 2975 3029 3031
11395 3758 3757 3768 3770
11396 3840 3780 3794 3852
11397 3653 3658 3666 3642
11398 770 777 771 779
11399 4267 5377 5373 4272
11400 5989 5991 3751 5993
11401 4907 5192 5170 4914
11402 5007 5008 5010 5014
11403 3820 5948 3245 5950
11404 608 300 605 611
11405 2942 2935 2941 2946
11406 4544 4550 4546 4552
11407 3943 3941 3940 3939
11408 5472 5469 5474 5475
11409 645 647 641 653
11410 4192 4190 4191 4201
11411 326 331 333 334
11412 422 420 430 433
11413 5194 5077 5081 5085
11414 1926 1930 1828 1813
11415 5789 5700 5798 5799
11416 1190 1196 1189 1198
11417 5309 5335 5295 5151
11418 1281 1271 1277 1283
11419 2427 2424 2415 2371
11420 4085 5753 4078 5755
11421 1400 1407 1406 1408
11422 1870 1792 1882 1799
11423 2904 2833 2832 2834
11424 5458 5457 5389 5461
11425 3026 3027 3025 3030
11426 5901 5923 5908 5894
11427 3747 3751 3746 3753
11428 3521 3527 3518 3529
11429 3792 3790 3785 3786
11430 5498 5585 5502 5572
11431 2791 3018 3030 2806
11432 2281 2267 2282 2276
11433 4212 4193 4217 4189
11434 823 835 833 850
11435 2428 2415 2358 2371
11436 5111 5125 5136 5138
11437 1838 1854 1849 1840
11438 5148 5297 5150 5308
11439 5520 5525 5521 5518
11440 4836 4839 4842 4846
11441 194 143 167 181
11442 2792 2793 2795 2805
11443 1517 1508 1542 1519
11444 4981 4980 4983 5137
11445 3508 3516 3512 3518
11446 241 288 245 247
11447 349 351 348 360
11448 5668 5686 5641 5628
11449 2277 2254 2279 2289
11450 3480 3489 3511 3490
11451 2532 2677 2678 2526
11452 1878 1882 1881 1883
11453 5753 5747 4078 4082
11454 3812 6019 5947 5948
11455 1575 1632 1615 1633
11456 2244 2240 2234 2245
11457 3421 4689 4562 4704
11458 1362 1357 1359 1367
11459 722 720 719 725
11460 2629 2548 2635 2628
11461 1972 1970 1973 1980
11462 3939 3950 4023 3951
11463 2312 2315 2316 2318
11464 5333 5331 4118 4650
11465 1210 1199 1208 1212
11466 6029 6028 6025 6026
11467 1622 1620 1605 1616
11468 620 617 667 625
11469 5184 5187 5189 5193
11470 4593 4201 4202 4169
11471 1542 1541 1517 1549
11472 4614 4620 4622 4623
11473 6136 6134 6135 6148
11474 5602 5658 5711 5727
11475 2524 2525 2530 2526
11476 3296 3297 3284 3306
11477 2017 2016 2020 2010
11478 1723 1882 1719 1730
11479 4327 4480 4442 4452
11480 1905 1903 1901 1910
11481 4824 4835 4823 4788
11482 2498 2739 2533 2750
11483 4471 4479 3796 4412
11484 4599 4596 4594 4609
11485 3523 3476 3475 3614
11486 3301 3295 3925 3306
11487 790 783 1085 807
11488 2018 2004 2048 2010
11489 2851 2887 2534 2889
11490 962 905 921 933
11491 714 717 715 725
11492 6077 3851 6078 6061
11493 4050 4037 4061 4063
11494 5408 5412 5409 5476
11495 5354 5306 5366 5364
11496 369 372 374 597
11497 1913 1916 1692 1925
11498 6004 6021 6007 6008
11499 3358 3357 4147 3365
11500 5976 5978 6009 6021
11501 1914 1924 1915 1925
11502 2234 2243 2244 2248
11503 1810 1855 1782 1785
11504 6150 6249 6253 6159
11505 3463 3460 3457 3476
11506 1881 1617 1616 1618
11507 4430 4020 4365 4370
11508 4318 4319 4320 4364
11509 2296 2099 2115 2305
11510 3201 3219 3210 3213
11511 5102 5100 5039 5110
11512 4376 4639 4344 4383
11513 3633 3632 3631 3642
11514 5943 5946 3250 5951
11515 3904 3908 3901 3909
11516 2451 2491 2445 2457
11517 2900 2898 2897 2902
11518 2767 2762 2772 2775
11519 2710 2713 2716 2718
11520 5742 5745 5750 5744
11521 3074 3134 3130 3085
11522 2015 2035 2021 2010
11523 5370 5372 5367 5365
11524 2092 2073 2058 2079
11525 651 4666 646 4677
11526 5408 5420 5412 5476
11527 2309 2310 2314 2304
11528 6128 6130 6125 6133
11529 2819 2774 2762 2777
11530 2025 2024 2026 2038
11531 2056 2136 2135 2066
11532 4344 4625 4346 4383
11533 5410 5404 5424 5433
11534 2346 2428 2358 2371
11535 2030 2027 2029 2037
11536 3747 5994 6006 3753
11537 3112 3111 3107 3100
11538 1347 418 1352 1353
11539 3593 134 3667 3599
11540 1508 1515 1518 1520
11541 247 241 288 248
11542 2811 2814 2808 2820
11543 87 749 748 750
11544 3161 3162 3173 3169
11545 4302 4280 4282 4311
11546 1829 1813 1828 1840
11547 6153 6152 6163 6159
11548 1005 1017 1006 794
11549 5714 5602 5591 5727
11550 4023 3944 3939 4026
11551 6146 6170 6147 6104
11552 2599 2638 2596 2612
11553 5514 5515 5516 5517
11554 1524 1523 1522 1520
11555 1524 1520 1522 1533
11556 2607 2608 2597 2610
11557 4779 4788 4784 4804
11558 1616 1617 1632 1618
11559 2181 2182 2183 2190
11560 2598 2603 2602 2612
11561 2496 2499 2457 2750
11562 1425 1390 1386 1392
11563 5053 5015 5095 5098
11564 1375 1378 1376 1548
11565 6037 5818 6041 6271
11566 6262 6039 6040 6271
11567 5880 6033 3773 3797
11568 3208 3205 3201 3198
11569 3302 3299 3296 3307
11570 343 339 1775 346
11571 3925 3306 3295 3307
11572 244 253 241 243
11573 322 300 238 334
11574 581 1188 584 1198
11575 5363 5308 5364 5335
11576 5309 5142 5139 5151
11577 3174 3168 3156 3337
11578 5347 5348 5346 5350
11579 749 743 750 753
11580 644 645 630 653
11581 2280 2278 2277 2289
11582 1122 1153 1147 1130
11583 5639 5881 5869 5644
11584 3549 3550 3546 3559
11585 171 20 170 179
11586 5022 5021 5042 5028
11587 193 184 182 195
11588 1999 2060 1998 2009
11589 1563 1549 1519 1521
11590 1985 2122 2120 2134
11591 3304 3302 3303 3307
11592 523 525 504 529
11593 1476 1474 1472 1478
11594 2383 2362 2381 2386
11595 1719 1708 1718 1716
11596 6062 5947 6032 6034
11597 1160 1159 1158 1172
11598 1010 1006 1017 794
11599 3127 3125 3107 3140
11600 2967 2954 2965 2975
11601 6082 6160 6173 6091
11602 5544 5539 5506 5546
11603 3306 3936 3995 3307
11604 3547 3561 3391 3572
11605 31 36 33 40
11606 1540 1536 1472 1548
11607 3286 5890 3238 3293
11608 581 582 579 585
11609 1984 1977 1974 1981
11610 3561 3570 3560 3559
11611 4734 4733 4737 4738
11612 4360 4651 4101 4385
11613 2175 2190 2177 2191
11614 5017 5074 5015 5098
11615 4193 4192 4203 4217
11616 3667 3598 3593 3599
11617 2095 2094 2096 2106
11618 5906 3237 3232 3239
11619 1391 1389 1399 1407
11620 62 64 1946 53
11621 4824 4823 4835 4846
11622 6018 5999 5983 6016
11623 3299 3295 3296 3307
11624 6117 6118 5892 6119
11625 6037 5818 6271 5825
11626 4376 4344 4373 4383
11627 3568 3571 3420 3434
11628 1006 1009 1017 1003
11629 62 61 60 64
11630 3665 3923 3668 3671
11631 2822 2824 2830 2820
11632 16 17 0 26
11633 3152 3147 3145 3154
11634 5921 5908 5901 5923
11635 4655 4338 4654 4662
11636 670 677 671 681
11637 3160 3156 3174 3168
11638 1099 1098 1106 1101
11639 4601 4599 4600 4597
11640 6072 6068 6067 6065
11641 6002 6007 6021 6008
11642 2370 2367 2368 2513
11643 1542 1517 1519 1549
11644 1373 1059 1131 1143
11645 312 323 313 320
11646 1056 1058 1072 1073
11647 384 388 386 375
11648 3772 6033 6034 3797
11649 2338 2040 2051 2345
11650 3736 3678 3494 3489
11651 5214 5208 5084 5223
11652 4988 4966 4971 5000
11653 3409 3394 3419 3406
11654 4811 4808 4809 4813
11655 3360 3416 4186 4188
11656 1059 1373 1368 1380
11657 1404 1399 1400 1407
11658 4756 4760 4758 4763
11659 5333 4117 5331 4650
11660 5848 5853 5846 5854
11661 4553 4554 3383 4563
11662 1151 1017 1015 807
11663 5928 5936 5926 5979
11664 5974 5968 5975 5978
11665 182 189 183 195
11666 1463 1451 1394 1436
11667 4278 4279 4280 4287
11668 4061 4076 4095 4049
11669 4176 4197 4187 4579
11670 34 5 6 12
11671 971 967 974 951
11672 894 919 909 912
11673 1405 1407 1393 1408
11674 3360 3356 3353 3365
11675 5770 5784 5699 6161
11676 3306 3247 3288 5894
11677 1333 1338 1330 1339
11678 6039 6262 6037 6271
11679 3134 3133 3129 3142
11680 444 436 445 458
11681 894 912 899 898
11682 5147 5150 5105 5166
11683 5367 5358 5364 5365
11684 88 95 87 97
11685 1893 1889 1867 1897
11686 4324 4476 4322 4328
11687 4569 4202 4579 4580
11688 1651 1660 1620 1633
11689 4452 4453 4327 4341
11690 981 978 986 989
11691 6265 6266 6259 6272
11692 5803 5821 5810 5812
11693 5822 5823 5819 5825
11694 2071 2068 2072 2078
11695 673 676 674 680
11696 5511 5516 5513 5514
11697 62 1893 1946 64
11698 3331 3335 3334 3336
11699 5898 5909 5912 5897
11700 5668 5641 5671 5628
11701 2049 2042 2041 2051
11702 2333 2040 2338 2345
11703 3705 3513 3477 3712
11704 4240 4244 4252 4246
11705 2413 2415 2412 2371
11706 3562 3539 3538 3568
11707 3409 3407 3408 3419
11708 2771 2775 2749 2750
11709 2404 2405 2408 2415
11710 302 608 603 623
11711 222 217 214 235
11712 3247 5892 6103 3937
11713 157 165 159 167
11714 1120 1107 1108 1115
11715 5636 5639 5634 5643
11716 4787 4783 4763 4788
11717 2991 2998 3026 3029
11718 2190 2596 2160 2163
11719 2775 2776 2749 2750
11720 2874 2931 2902 2919
11721 5109 5106 5111 5112
11722 1713 1708 1792 1794
11723 2496 2491 2457 2499
11724 4582 4590 4594 4680
11725 1877 1874 1876 1883
11726 4180 4181 4179 4189
11727 6075 3847 6078 3851
11728 2974 2971 2969 2973
11729 5419 5457 5418 5461
11730 3587 3596 188 166
11731 801 794 797 807
11732 5623 5617 5621 5812
11733 2198 2194 2196 2205
11734 3538 3542 3537 3545
11735 3160 3159 3156 3168
11736 3787 4408 3781 4411
11737 879 872 877 854
11738 1750 1764 1816 1757
11739 889 909 894 919
11740 4282 4017 4311 4063
11741 3927 3929 3962 3965
11742 2070 2075 2069 2080
11743 6167 6169 6173 6174
11744 2951 2930 2842 2932
11745 2335 2328 2327 2331
11746 5671 5644 5670 5628
11747 3619 3613 3602 3627
11748 1760 1795 1788 1799
11749 1015 1012 806 794
11750 1772 1774 1782 1785
11751 2428 2514 2427 2371
11752 5771 5743 5780 5773
11753 533 530 544 545
11754 3051 3059 3032 3101
11755 2094 2101 2146 2106
11756 4405 4322 4402 4478
11757 533 540 530 545
11758 5308 5335 5363 5151
11759 2274 2334 2270 2276
11760 2419 2372 2435 2386
11761 434 1229 437 1241
11762 2324 2264 2272 2275
11763 2378 2383 2381 2386
11764 70 71 72 81
11765 6166 6141 6169 6172
11766 1909 1925 1910 1911
11767 184 191 185 195
11768 362 1791 1871 375
11769 2184 2188 2187 2190
11770 2039 2051 2332 2038
11771 4155 4152 4156 4160
11772 4322 4478 4405 4328
11773 3623 3626 3624 3600
11774 3056 3058 3047 3059
11775 525 505 504 528
11776 4808 4811 4814 4807
11777 369 373 366 374
11778 3772 5947 6062 6034
11779 1822 1833 1817 1814
11780 1878 1614 1877 1881
11781 3489 3490 3502 3528
11782 3019 2805 3020 3030
11783 5981 3851 3850 5993
11784 5212 5217 5218 5223
11785 3447 3527 3459 3461
11786 840 844 841 850
11787 2016 2015 2020 2021
11788 1072 1143 1142 1073
11789 3586 3670 3583 3599
11790 2288 2258 2277 2289
11791 4631 4630 4627 4637
11792 908 932 848 933
11793 2121 2132 2122 2134
11794 1424 1428 1423 1435
11795 4843 4763 4875 4902
11796 3873 4490 3889 3880
11797 1676 1677 1680 1689
11798 2370 2367 2513 2371
11799 1695 1916 1906 1925
11800 1722 1730 1721 1576
11801 437 438 434 446
11802 846 844 845 850
11803 4486 4495 4487 4496
11804 2048 2044 2030 2037
11805 4613 4620 4614 4623
11806 978 1089 1110 1086
11807 5033 5032 5037 5042
11808 178 192 172 181
11809 2698 2692 2694 2669
11810 1810 1854 1826 1814
11811 1777 1773 1772 1785
11812 4389 4358 4405 4409
11813 3485 3154 3487 3526
11814 4879 4877 4845 4889
11815 2483 2484 2824 2820
11816 3113 3104 3105 3114
11817 4986 5004 4961 4970
11818 3574 3601 3575 3612
11819 332 333 325 334
11820 5776 5778 5768 5784
11821 1508 1539 1542 1519
11822 5424 5421 5422 5433
11823 1841 1848 1849 1854
11824 996 992 1012 1017
11825 4834 4840 4838 4846
11826 2770 2773 2752 2762
11827 2678 2674 2676 2673
11828 5683 5684 5641 5686
11829 1577 1663 1664 1674
11830 5393 5395 5396 5336
11831 916 910 914 920
11832 335 336 337 347
11833 5307 5368 5366 5322
11834 5472 5447 5473 5475
11835 5707 5794 6231 5712
11836 2374 2382 2376 2379
11837 4772 4773 4766 4763
11838 21 1 17 25
11839 4644 4618 4617 4623
11840 1149 1013 1151 1172
11841 3749 3753 3768 3770
11842 815 809 811 794
11843 2049 2045 2039 2051
11844 3204 3207 3214 3213
11845 5061 5057 5059 5069
11846 5271 5272 5269 5273
11847 1805 1809 1804 1814
11848 1127 1123 1064 1130
11849 2146 2144 2142 2149
11850 2737 2771 2740 2750
11851 2033 2034 2035 2037
11852 4970 5000 5013 4985
11853 5707 5790 5794 5799
11854 5432 5417 5414 5434
11855 4455 4473 4469 4482
11856 5123 5122 5111 5125
11857 5058 5069 5043 5056
11858 3149 3154 3143 3155
11859 4294 4295 4261 4271
11860 5121 5036 5116 5125
11861 1114 1101 1098 1102
11862 1196 1197 1188 1198
11863 5531 5573 5685 5615
11864 3867 3838 4479 3839
11865 4646 5485 5471 5475
11866 3553 3555 3554 3558
11867 3226 3277 3276 3279
11868 3660 3670 3667 3599
11869 1345 1334 1326 1339
11870 3235 3224 3233 3211
11871 3840 3844 3780 3852
11872 5806 5810 5822 5812
11873 3146 3154 3143 3169
11874 2850 2857 2853 2861
11875 2109 2115 2108 2119
11876 4399 4386 4401 4411
11877 2329 2331 2330 2318
11878 2015 2018 2035 2010
11879 4461 4509 4468 4482
11880 5511 5506 5512 5518
11881 1810 1840 1854 1814
11882 2024 2279 1957 1967
11883 5981 5982 5985 3850
11884 1009 1011 980 1003
11885 2464 2509 2462 2471
11886 2770 2772 2767 2762
11887 1460 1210 1206 1212
11888 801 797 803 807
11889 484 444 1347 1352
11890 1091 1094 1411 1422
11891 582 568 580 585
11892 5636 5633 5638 5643
11893 5924 3195 5925 5938
11894 2408 2411 2404 2415
11895 3409 3394 3407 3419
11896 911 920 1085 807
11897 6107 6106 6170 6119
11898 2186 2187 2189 2191
11899 6028 6062 6032 6034
11900 4117 4118 5331 4650
11901 3478 3507 3526 3490
11902 4353 4337 4351 4355
11903 2350 2734 2414 2736
11904 4462 4458 4460 4468
11905 5435 5444 5439 5447
11906 6279 6280 6250 6287
11907 3355 3354 3358 3365
11908 5885 3247 3305 3937
11909 3590 3600 3624 3629
11910 3949 3986 3985 3992
11911 2181 2173 2178 2182
11912 6244 6245 5710 6258
11913 5482 5488 5480 5489
11914 461 432 474 433
11915 4380 4381 4392 4398
11916 2541 2861 2538 2889
11917 3059 3072 3071 3086
11918 5435 5439 5445 5447
11919 2935 2921 2941 2932
11920 4923 4930 4936 4937
11921 4888 4884 4887 4944
11922 581 575 1191 1198
11923 5543 5551 5549 5546
11924 5483 5474 5485 5489
11925 5765 6132 5768 5769
11926 2260 2254 2277 2261
11927 508 510 505 513
11928 376 365 364 389
11929 4432 4439 3808 4440
11930 2665 2658 2667 2669
11931 4499 4480 4327 4452
11932 2067 2338 2051 2080
11933 1859 1862 1858 1869
11934 3653 3666 3650 3642
11935 4883 4882 4885 4878
11936 4763 4788 4783 4804
11937 5210 5209 5211 5223
11938 5406 5405 5403 5407
11939 3579 3586 3583 3599
11940 6236 6235 6277 6240
11941 3758 3753 3746 3770
11942 98 104 655 116
11943 2083 2089 2085 2093
11944 1427 1426 1423 1435
11945 5087 5088 5091 5090
11946 6082 6158 6160 6091
11947 5622 5625 5620 5628
11948 5492 5493 5498 5560
11949 60 1889 62 64
11950 1095 1096 1094 1102
11951 4780 4785 4784 4788
11952 3756 3744 3764 3755
11953 4085 4094 4093 4098
11954 2538 2541 2539 2861
11955 3989 3984 3983 3990
11956 104 319 295 116
11957 3698 3922 3738 3907
11958 718 699 719 725
11959 1909 1902 1925 1911
11960 1937 1929 1938 1941
11961 5399 5397 5393 5407
11962 1775 350 1842 346
11963 581 578 575 577
11964 3750 3752 3751 3755
11965 6065 6025 6028 6026
11966 2270 2276 2334 2345
11967 2535 2541 2531 2861
11968 381 63 696 67
11969 5564 5560 5555 5518
11970 1414 1091 1422 1102
11971 2634 2629 2635 2628
11972 4643 4645 4644 4648
11973 2459 2475 2473 2481
11974 1780 1782 1775 1855
11975 6074 6054 6051 6063
11976 2332 2276 2038 2345
11977 355 29 1832 1839
11978 2315 2310 2306 2318
11979 5232 5231 5236 5336
11980 5066 5057 5061 5069
11981 695 721 385 725
11982 3654 3586 3575 3700
11983 5876 5882 5874 5826
11984 3900 3904 3908 3754
11985 3742 3752 3070 3755
11986 1088 1089 1101 1086
11987 4535 3557 3553 4539
11988 5525 5494 5528 5518
11989 321 323 333 334
11990 4903 4905 4922 4914
11991 5878 3784 3785 5880
11992 5561 5544 5562 5546
11993 5066 5069 5058 5056
11994 1780 1855 1778 1785
11995 4621 5475 5463 4230
11996 2069 2074 2337 2080
11997 4507 4483 4494 753
11998 5473 5437 5463 5475
11999 2083 2076 2089 2093
12000 6285 6287 6278 5825
12001 1629 1624 1628 1632
12002 1035 1041 1026 1030
12003 5732 5729 5709 5741
12004 3023 3021 3030 3031
12005 3058 3047 3059 3740
12006 5088 5045 5090 5056
12007 1282 1281 1278 1283
12008 1121 1126 1134 1130
12009 1623 1626 1625 1633
12010 4282 4302 4311 4017
12011 1382 1386 1387 1394
12012 4625 4344 4639 4383
12013 2123 2122 2132 2134
12014 562 563 586 726
12015 437 442 438 446
12016 2693 2692 2733 2736
12017 1970 1980 1972 1981
12018 5422 5426 5424 5434
12019 3358 3354 3357 3365
12020 3721 3722 3719 3727
12021 2161 2183 2182 2612
12022 2540 2776 2775 2750
12023 4467 4450 4478 4481
12024 2926 2928 2929 2931
12025 5324 5309 5151 5336
12026 2185 2168 2177 2191
12027 2752 2762 2773 2777
12028 3311 3322 3319 3366
12029 1272 1271 1281 1283
12030 3057 3054 3052 3059
12031 2885 2883 2886 2889
12032 4751 4753 4754 4763
12033 409 415 414 418
12034 1647 1653 1649 1660
12035 5191 5189 5187 5193
12036 774 772 773 780
12037 5908 5903 5893 5949
12038 1933 1924 1937 1941
12039 3382 3398 3547 3391
12040 2529 2495 2497 2499
12041 4360 4370 4362 4385
12042 6072 6028 6076 6063
12043 2322 2335 2327 2331
12044 4988 4986 4966 5000
12045 2157 2158 2326 2190
12046 6154 6151 6153 6159
12047 3468 3471 3473 3475
12048 1864 1867 1889 1897
12049 3962 3964 3961 3965
12050 1678 1680 1677 1689
12051 2905 2910 2906 2919
12052 3967 3966 3984 3979
12053 1376 1401 1406 1408
12054 3634 3087 3092 3099
12055 4037 4044 4050 4061
12056 5956 5957 5962 5979
12057 916 1168 910 920
12058 1026 1390 1430 1030
12059 2799 2800 2798 2805
12060 1017 1003 1009 1087
12061 4302 4307 4306 4017
12062 3374 3361 3371 3366
12063 2865 2872 2845 2875
12064 131 120 112 181
12065 2244 2248 2243 2233
12066 2491 2487 2445 2499
12067 5150 5308 5363 5151
12068 2892 2897 2894 2891
12069 4115 4117 5333 4650
12070 6285 6271 6287 5825
12071 5793 5791 6233 6232
12072 1813 1924 1950 1941
12073 4266 4262 4261 4273
12074 3925 3973 3926 3936
12075 3164 3160 3158 3168
12076 833 933 838 850
12077 5367 5354 5366 5364
12078 3857 3135 3858 3853
12079 2778 2793 2792 2805
12080 369 587 327 372
12081 3210 3224 3235 3211
12082 2677 2668 2674 2526
12083 6009 5978 5934 6021
12084 4944 4889 4950 4956
12085 5975 5974 5969 5968
12086 2959 2958 2955 2961
12087 3521 3518 3528 3529
12088 2194 2204 2196 2205
12089 2798 2797 2796 2805
12090 3304 3307 3303 3308
12091 194 140 143 181
12092 142 139 106 120
12093 5770 5778 5774 5784
12094 1836 1832 1837 1840
12095 1847 1848 1844 1855
12096 3794 3778 3792 3795
12097 6005 6020 6004 6008
12098 6082 6160 6168 6173
12099 1708 1792 1794 1716
12100 3389 3411 3390 3392
12101 3137 3138 3136 3140
12102 5778 5784 5770 6161
12103 1602 1599 1598 1585
12104 1972 1980 1976 1981
12105 911 906 1085 920
12106 5619 5620 5625 5628
12107 3705 3709 3513 3712
12108 4505 4507 4494 4511
12109 5338 5337 5109 5112
12110 5482 5481 5488 5489
12111 2350 2358 2703 2736
12112 2521 2880 2877 2523
12113 4045 4046 4042 4043
12114 5601 5629 5618 5798
12115 4503 4498 4502 4511
12116 4236 4621 5463 4230
12117 5473 5472 5437 5447
12118 509 505 510 513
12119 4593 4169 4202 4566
12120 1509 1511 1523 1520
12121 5149 5236 5222 5193
12122 1783 390 1880 375
12123 1626 1624 1632 1633
12124 4602 4609 4603 4580
12125 2445 2447 2450 2457
12126 1454 1518 1526 1521
12127 1902 1910 1901 1911
12128 2146 2142 2127 2149
12129 6013 6021 6020 6008
12130 6167 6173 6168 6174
12131 1452 1461 1463 1465
12132 907 918 905 933
12133 5876 5872 5878 5880
12134 5234 5422 5395 5236
12135 1718 1722 1719 1730
12136 3749 3768 3769 3770
12137 2942 2946 2945 2947
12138 2761 2758 2760 2875
12139 31 33 1939 1953
12140 5467 5462 5474 5476
12141 3570 3571 3567 3572
12142 2670 2353 2358 2669
12143 3028 3014 3027 3030
12144 62 59 61 65
12145 4682 4548 4565 4551
12146 823 783 822 849
12147 5090 5095 5074 5098
12148 3394 3401 3419 3404
12149 1727 1717 1718 1729
12150 3750 3751 3770 3755
12151 4358 4318 4320 4364
12152 655 104 295 116
12153 2699 2526 2346 2358
12154 4754 4758 4757 4763
12155 4474 4402 4322 4478
12156 3929 3933 3932 3937
12157 170 169 168 180
12158 175 180 174 181
12159 4937 4943 4927 4928
12160 3459 3447 3518 3527
12161 5346 5339 5350 5434
12162 5618 5617 5812 5629
12163 745 758 760 767
12164 4363 4409 4359 4368
12165 3990 3991 3996 3992
12166 2799 2785 2788 2805
12167 5791 5792 5814 5799
12168 1348 1339 1349 1353
12169 6106 6104 6170 6119
12170 1177 1176 1178 1182
12171 2892 2905 2890 2919
12172 4177 4185 4164 4187
12173 4843 4875 4845 4902
12174 4947 4958 4955 4956
12175 6058 6059 6060 6061
12176 396 397 393 403
12177 4202 4566 4559 4580
12178 722 714 715 725
12179 3110 2985 3002 3114
12180 4883 4878 4885 4860
12181 4324 4480 4476 4328
12182 3762 3184 3758 3196
12183 5956 5962 5957 5963
12184 1902 1696 1698 1911
12185 3936 3307 3925 3979
12186 3303 3333 3336 3308
12187 732 685 687 697
12188 1260 1403 1266 1269
12189 3960 3927 6093 6097
12190 5484 4645 5482 5488
12191 2924 2836 2928 2847
12192 5206 5204 5205 5193
12193 1652 1655 1860 1659
12194 1567 1569 1568 1590
12195 5403 5405 5402 5407
12196 3587 3579 3588 3596
12197 4471 4470 4479 4412
12198 2927 2941 2921 2932
12199 43 1946 1949 53
12200 1547 1517 1541 1549
12201 2874 2919 2834 2933
12202 2205 2198 2201 2219
12203 1824 1823 1768 1826
12204 4548 4551 4688 4552
12205 380 381 382 388
12206 3587 156 3589 166
12207 2924 2928 2920 2931
12208 3175 3177 3181 3183
12209 2262 2271 2248 2275
12210 5768 6132 6088 5769
12211 1188 1187 1185 1197
12212 5717 5726 5702 5719
12213 4001 4006 4003 4008
12214 3450 3453 3449 3461
12215 369 327 370 372
12216 4311 4017 3998 4313
12217 2541 2517 2526 2527
12218 5198 5201 5204 5200
12219 673 676 680 668
12220 2959 2955 2956 2961
12221 2358 2669 2703 2736
12222 5670 5627 5625 5628
12223 1525 1527 1524 1533
12224 2679 2541 2534 2889
12225 6111 6107 6108 6119
12226 3386 3389 3404 3392
12227 5088 5090 5087 5056
12228 1860 1899 1869 1911
12229 1628 1624 1627 1632
12230 2775 2457 2540 2750
12231 5677 5674 5673 5686
12232 838 849 933 920
12233 3186 3192 3189 3185
12234 3737 3764 3750 3741
12235 4038 4044 4042 4061
12236 3974 3968 3975 3978
12237 5422 5424 5433 5434
12238 1191 1193 1194 1196
12239 92 59 65 97
12240 5469 5471 5485 5475
12241 5452 5456 5453 5462
12242 1931 1938 1929 1941
12243 1221 1214 1225 1226
12244 1319 1318 1320 1324
12245 5829 5865 5868 4021
12246 5967 5973 5897 5979
12247 4276 4262 4284 4314
12248 5995 6006 3196 5938
12249 1632 1730 1574 1576
12250 2958 2959 2960 2961
12251 4445 4449 4452 4453
12252 1044 1048 1052 1057
12253 2892 2898 2897 2893
12254 20 18 179 27
12255 2838 2929 2928 2847
12256 2703 2358 2353 2669
12257 3948 4057 4054 4034
12258 3890 3889 3895 3881
12259 2562 2556 2572 2568
12260 6284 6135 6256 6272
12261 3534 3570 3538 3545
12262 4902 4889 4877 4860
12263 5691 5695 5690 5782
12264 2539 2853 2851 2861
12265 4285 4268 4046 4049
12266 1375 1406 1376 1380
12267 5607 5663 5612 5615
12268 3973 3936 3925 3979
12269 2816 2765 2810 2774
12270 5425 5103 5339 5112
12271 2532 2530 2541 2526
12272 5995 6003 6006 5938
12273 4559 4579 4202 4580
12274 2035 2036 2015 2021
12275 4794 4801 4793 4804
12276 2464 2467 2509 2471
12277 3355 3354 3365 3366
12278 489 490 491 499
12279 4202 4593 4566 4580
12280 3144 3485 3152 3154
12281 3339 3338 3341 3349
12282 1639 1584 1643 1590
12283 4267 4041 4268 4272
12284 4642 4632 4628 4637
12285 5589 5591 5714 5602
12286 5745 5739 5783 5741
12287 5101 5103 5235 5112
12288 6140 6137 6139 6148
12289 2094 2146 2108 2106
12290 1863 1898 1868 1869
12291 1146 1147 1150 1157
12292 2451 2445 2450 2457
12293 4397 4359 4409 4368
12294 3711 3699 3686 3700
12295 5506 5518 5562 5546
12296 1319 1331 1296 1338
12297 4865 4871 4847 4867
12298 1205 1200 1204 1207
12299 5981 6061 3851 5993
12300 1864 1862 1865 1868
12301 5062 5065 5068 5070
12302 4343 4345 4317 4356
12303 3010 2751 3006 3018
12304 5096 5093 5094 5097
12305 5607 5529 5530 5531
12306 831 839 828 850
12307 3745 3746 3751 3770
12308 5492 5552 5554 5560
12309 6166 6137 6140 6172
12310 4576 4568 4569 4579
12311 1250 1248 1242 1241
12312 2766 2774 2816 2777
12313 5312 5335 5310 5322
12314 5124 5123 5111 5125
12315 5208 5209 5083 5223
12316 1425 1392 1386 1394
12317 6199 6280 6197 6196
12318 2751 2818 2806 2777
12319 4319 4317 4347 4356
12320 2220 2244 2247 2233
12321 161 162 165 3558
12322 2360 2381 2362 2386
12323 3638 3634 3905 3643
12324 702 705 699 725
12325 5466 5467 5474 5476
12326 2942 2936 2939 2938
12327 1374 1377 1375 1380
12328 5671 5669 5630 5641
12329 1071 1068 1055 1073
12330 4309 4312 4271 4315
12331 1127 1154 1122 1130
12332 2772 2770 2753 2762
12333 4619 4616 4617 4623
12334 5927 5926 5936 5979
12335 1499 1496 1500 1507
12336 5482 5480 5488 4650
12337 2372 2373 2435 2386
12338 2101 2103 2097 2106
12339 4619 4620 4613 4623
12340 5765 5838 5836 5839
12341 475 447 436 458
12342 6002 6001 5996 6008
12343 4880 4878 4883 4860
12344 1378 1539 1213 1226
12345 1448 1439 1447 1450
12346 365 373 370 347
12347 4506 4507 4483 4494
12348 1013 1017 1151 1172
12349 632 628 462 638
12350 3399 3405 3404 3406
12351 4996 5036 5032 4999
12352 6027 3786 3778 3797
12353 4694 4706 4703 4707
12354 350 346 349 361
12355 2955 2954 2956 2961
12356 3813 3851 3821 3852
12357 18 22 24 27
12358 503 507 506 529
12359 2942 2939 2936 2947
12360 3523 3434 3718 3614
12361 214 212 230 238
12362 2047 2049 2039 2051
12363 5956 5966 5964 5978
12364 4875 5057 4915 4763
12365 608 302 300 611
12366 3623 162 3554 3600
12367 2354 2351 2348 2358
12368 5556 5557 5550 5553
12369 978 1110 1082 1086
12370 4051 4044 4038 4061
12371 5216 5213 5214 5223
12372 4574 4602 4603 4580
12373 3708 3677 3681 3712
12374 4787 4875 4843 4763
12375 1356 1358 1357 1367
12376 326 331 325 333
12377 3483 3488 3478 3504
12378 6168 6160 6154 6174
12379 195 167 131 181
12380 437 1237 441 446
12381 1898 1869 1899 1911
12382 1898 1901 1903 1910
12383 2834 2874 2903 2919
12384 1982 1969 1984 1983
12385 2926 2929 2925 2931
12386 4823 4746 4824 4776
12387 2186 2190 2187 2191
12388 1335 1349 1345 1339
12389 349 339 340 346
12390 1609 1616 1881 1617
12391 332 325 331 334
12392 2706 2661 2657 2669
12393 4389 4397 4359 4409
12394 114 683 117 122
12395 1382 1387 1383 1394
12396 3657 3645 3644 3658
12397 1880 1896 388 1897
12398 2095 2103 2094 2106
12399 1060 1059 1368 1380
12400 1620 1651 1647 1660
12401 2082 2099 2081 2093
12402 4488 4494 85 4495
12403 4952 4955 4958 4956
12404 2069 2337 2338 2080
12405 2539 2541 2535 2861
12406 327 587 602 612
12407 2895 2917 2898 2896
12408 1403 1263 1266 1269
12409 5885 5892 3247 3937
12410 533 530 531 544
12411 5691 5697 5695 5782
12412 759 767 777 768
12413 1720 1721 1717 1728
12414 992 1005 1017 1003
12415 4138 4139 4134 4146
12416 1681 1684 1808 1690
12417 3535 3616 3615 3620
12418 2670 2353 2354 2358
12419 6151 6157 6156 6161
12420 5995 6006 5994 3196
12421 2898 2920 2917 2902
12422 89 92 91 97
12423 5774 5778 5776 5784
12424 4974 4911 4979 4984
12425 2627 2605 2600 2596
12426 4780 4784 4779 4788
12427 1859 1857 1860 1869
12428 3296 3284 3287 3308
12429 2939 3074 3130 3085
12430 5307 5366 5301 5322
12431 5232 5395 5393 5336
12432 1431 1427 1434 1436
12433 1564 1720 1728 1576
12434 2350 2353 2703 2358
12435 4204 4211 4214 4217
12436 1756 1749 1757 1758
12437 2886 2534 2887 2889
12438 1088 1110 1089 1086
12439 2067 2040 2041 2051
12440 3201 3214 3219 3213
12441 4876 4878 4880 4860
12442 1094 1415 1411 1422
12443 6013 6059 5983 6020
12444 2217 2248 2213 2219
12445 537 533 536 545
12446 4359 4395 4366 4368
12447 847 836 837 849
12448 2737 2740 2738 2750
12449 1348 1345 1349 1339
12450 510 501 509 513
12451 2966 2979 2969 2989
12452 5466 5470 5474 5462
12453 69 34 6 12
12454 2958 2960 2957 2961
12455 282 286 281 288
12456 3006 3018 2751 2806
12457 5410 5413 5411 5420
12458 3560 3620 3623 3559
12459 530 547 531 544
12460 2096 2094 2108 2106
12461 4091 4068 4089 4092
12462 6164 6137 6172 6175
12463 2098 2102 2097 2106
12464 6145 6140 6144 6147
12465 2185 2177 2171 2190
12466 3846 3847 3863 3853
12467 5513 5516 5603 5531
12468 2520 2879 2890 2903
12469 4254 4252 4256 4259
12470 1424 1435 1425 1436
12471 2550 2543 2558 2596
12472 4907 5181 5170 5192
12473 1764 1768 1818 1827
12474 3882 3662 3661 3894
12475 2360 2415 2386 2371
12476 3756 3770 3745 3755
12477 5860 5857 5858 5643
12478 2966 2964 3028 2975
12479 661 659 658 660
12480 3314 3322 3378 3366
12481 3794 3788 3840 3839
12482 1813 1950 1953 1941
12483 5399 5404 5403 5407
12484 4980 4977 4981 4983
12485 4109 4112 4113 4119
12486 3827 3826 4479 3838
12487 4936 4933 4934 4940
12488 1543 1562 1511 1549
12489 835 826 827 849
12490 309 320 310 180
12491 1100 1098 1099 1101
12492 3185 3190 3184 3196
12493 6068 6072 6074 6063
12494 3341 3346 3373 3349
12495 2558 2578 2560 2556
12496 2184 2183 2188 2190
12497 5107 5109 5106 5111
12498 4483 4507 746 753
12499 362 378 363 375
12500 1037 1423 1426 1435
12501 5480 5333 5330 5489
12502 999 1000 1001 1057
12503 836 1076 837 849
12504 3897 3097 3899 3905
12505 3438 3436 3453 3461
12506 3760 3188 3765 3768
12507 823 787 822 783
12508 3267 3276 3277 3279
12509 2161 2602 2159 2612
12510 501 512 509 513
12511 815 992 809 794
12512 6013 5997 6021 6008
12513 5841 5833 5737 5855
12514 2111 2118 2107 2119
12515 4072 4038 4042 4076
12516 2237 2248 2201 2219
12517 2895 2892 2898 2905
12518 927 929 931 933
12519 2378 2380 2383 2386
12520 4223 5488 4118 4650
12521 958 851 863 850
12522 1388 1384 1383 1394
12523 2941 2932 2948 2946
12524 5198 5204 5199 5200
12525 3575 3586 3612 3700
12526 1638 1639 1637 1633
12527 3996 3990 3992 3993
12528 2836 2900 2835 2862
12529 4784 4750 4751 4804
12530 159 166 154 167
12531 3034 3032 3049 3045
12532 4947 4900 4946 4956
12533 765 766 764 768
12534 1921 1919 1914 1924
12535 2346 2526 2514 2358
12536 6262 6260 6037 6271
12537 6117 6100 6116 6103
12538 1900 1863 1898 1868
12539 1112 1093 1414 1102
12540 5610 5617 5601 5629
12541 3164 3159 3160 3168
12542 3507 3516 3517 3526
12543 4919 4955 4916 4928
12544 2324 2325 2271 2275
12545 4766 4763 4783 4804
12546 3304 3299 3302 3307
12547 4488 85 4489 4495
12548 4653 4671 4652 4663
12549 5498 5495 5492 5560
12550 4606 4585 4581 4609
12551 2658 2657 2661 2669
12552 2996 2991 2994 2995
12553 4961 5003 4959 4970
12554 5295 5335 5312 5322
12555 465 464 423 433
12556 3940 3945 3939 3938
12557 4569 4567 4202 4580
12558 170 174 175 180
12559 2360 2386 2363 2371
12560 6051 6054 6056 6063
12561 6075 6078 6077 3851
12562 4281 4284 4275 4287
12563 3936 3995 3307 3979
12564 2707 2704 2700 2669
12565 4055 4025 4052 4035
12566 2877 2517 2521 2527
12567 4175 4176 4193 4189
12568 6028 6062 6076 6063
12569 1021 1396 1385 1058
12570 3899 3861 3860 3903
12571 1500 1498 1503 1507
12572 4324 4321 4480 4328
12573 722 385 721 725
12574 1984 1992 1977 1981
12575 280 286 284 289
12576 1615 1632 1730 1618
12577 2834 2903 2874 2776
12578 2097 2103 2095 2106
12579 4499 4342 4329 4511
12580 6166 6164 6137 6172
12581 4780 4786 4785 4788
12582 3618 3617 3537 3545
12583 2205 2198 2194 2201
12584 3267 3275 3276 3279
12585 295 303 297 306
12586 1539 1519 1213 1226
12587 5940 5941 5931 5949
12588 3436 3435 3459 3447
12589 6249 5692 6258 5699
12590 34 12 69 54
12591 3648 3645 3657 3658
12592 1718 1716 1727 1729
12593 3343 3441 3438 3351
12594 622 469 666 473
12595 1515 1520 1532 1533
12596 5191 5324 5151 5336
12597 5752 5759 5748 5766
12598 4152 4136 4140 4147
12599 3984 3989 3987 3992
12600 4026 4031 4023 4034
12601 2483 2824 2822 2820
12602 3618 3619 3627 3545
12603 2287 2215 2216 2275
12604 1877 1878 1881 1883
12605 657 656 658 667
12606 3896 3905 3899 3906
12607 57 697 693 67
12608 3110 3109 3113 3114
12609 4003 4006 4001 4133
12610 1382 1381 1386 1394
12611 4154 4157 4150 4159
12612 3401 3387 3390 3419
12613 6046 6048 6047 6043
12614 1336 413 1349 1353
12615 948 939 949 925
12616 5184 5182 5204 5193
12617 2206 2248 2154 2191
12618 2294 2296 2295 2305
12619 2897 2892 2893 2891
12620 5901 5908 5888 5894
12621 5901 5904 5888 5908
12622 5842 5637 5635 5642
12623 178 194 192 181
12624 5386 5385 5379 5391
12625 1881 1882 1617 1618
12626 2301 2316 2326 2331
12627 4066 4100 4116 4077
12628 1609 1608 1605 1616
12629 114 119 683 122
12630 5738 5744 5827 5741
12631 5981 3850 5984 5993
12632 4268 4285 4274 4287
12633 5665 5668 5667 5663
12634 2764 2810 2765 2774
12635 1476 1471 1474 1478
12636 1770 1851 1824 1826
12637 2658 2661 2667 2669
12638 409 414 408 418
12639 2758 2761 2871 2875
12640 2333 2322 2323 2345
12641 4619 4617 4620 4623
12642 1384 1452 1451 1394
12643 41 44 42 53
12644 5394 5395 5393 5232
12645 3897 3634 3092 3099
12646 1909 1910 1902 1911
12647 1077 1081 1084 1087
12648 911 906 1159 1085
12649 1076 836 1075 849
12650 61 58 60 65
12651 17 25 1 26
12652 5723 5658 5587 5727
12653 5292 5268 5263 5269
12654 1386 1391 1387 1392
12655 475 483 479 488
12656 627 639 640 653
12657 3070 3071 3067 3072
12658 4082 5747 5751 5755
12659 3123 3140 3125 3128
12660 5760 5757 5758 5768
12661 1335 1326 1327 1339
12662 992 991 1005 1003
12663 4050 4017 4282 4063
12664 1388 1403 1260 1269
12665 4360 4101 4370 4385
12666 1281 1277 1278 1283
12667 2186 2185 2190 2191
12668 5591 5700 5718 5602
12669 815 992 794 821
12670 2424 2386 2421 2415
12671 1145 1085 1160 1172
12672 5036 4996 5116 4999
12673 1628 1627 1630 1632
12674 3537 3542 3533 3545
12675 1923 1936 1919 1924
12676 911 884 920 807
12677 3146 3143 3147 3169
12678 1039 1038 982 1043
12679 4879 4916 4919 4889
12680 2107 2117 2114 2119
12681 1152 1149 1144 1172
12682 2155 2163 2224 2233
12683 464 470 485 488
12684 1772 1773 1774 1785
12685 1287 1293 1286 1297
12686 4939 4922 4905 4914
12687 2162 2160 2546 2596
12688 1574 1730 1722 1576
12689 632 425 626 638
12690 1975 1976 1972 1980
12691 1180 1177 1178 1182
12692 4561 4559 4566 4580
12693 704 707 706 780
12694 50 94 46 96
12695 84 87 88 95
12696 1186 1187 1188 1197
12697 2891 2894 2892 2879
12698 5692 5710 6246 6258
12699 894 912 909 933
12700 3925 3933 3935 3936
12701 3674 3677 3680 3685
12702 759 777 767 4340
12703 4997 4998 5113 4999
12704 5639 5869 5672 5644
12705 4821 4834 4832 4846
12706 559 583 573 568
12707 5057 4773 5058 5069
12708 1333 1329 1330 1338
12709 6157 6158 6156 6161
12710 5363 5151 5335 5336
12711 4646 5471 4621 4230
12712 6036 6041 6038 6037
12713 4823 4748 4743 4776
12714 3750 3770 3764 3755
12715 3131 3118 3004 3142
12716 4979 4981 4978 4984
12717 3021 3020 3023 3030
12718 399 419 392 427
12719 3066 3061 3062 3071
12720 3446 3162 3161 3169
12721 1015 1151 1013 1017
12722 815 794 811 821
12723 2660 2656 2658 2526
12724 4400 4402 4470 4412
12725 793 791 788 794
12726 1940 1937 1936 1924
12727 4461 4468 4459 4482
12728 908 907 932 933
12729 5667 5663 5668 5628
12730 3221 3225 3223 3227
12731 2153 2163 2155 2233
12732 2724 2722 2721 2723
12733 3298 3284 3297 3306
12734 2290 2299 2117 2119
12735 3574 3606 3601 3612
12736 5942 3228 3230 3239
12737 3288 3286 3285 3293
12738 2664 2666 2667 2669
12739 5806 5822 5801 5812
12740 3320 3316 4142 4146
12741 5012 5011 5013 5042
12742 2419 2435 2375 2386
12743 4460 4455 4459 4482
12744 2817 2797 2802 2806
12745 4609 4566 4593 4580
12746 2791 2848 2763 2933
12747 2861 2889 2541 2527
12748 174 176 177 181
12749 2988 2974 2986 2989
12750 4516 4523 4522 4550
12751 1066 1063 1060 1061
12752 2460 2508 2458 2463
12753 6284 6250 6279 6280
12754 1401 1400 1406 1408
12755 617 658 667 625
12756 2159 2596 2190 2612
12757 1991 1993 1988 1996
12758 5814 5801 5815 5822
12759 991 996 993 1003
12760 2869 2868 2871 2872
12761 1092 1414 1112 1093
12762 5466 5474 5465 5476
12763 4907 5179 5181 5192
12764 5234 5395 5233 5236
12765 3742 3751 5991 3752
12766 632 425 638 432
12767 5974 5964 5969 5966
12768 2699 2698 2669 2736
12769 837 1078 908 849
12770 2217 2213 2214 2219
12771 142 105 138 152
12772 5732 5731 5729 5741
12773 4982 4983 4971 4985
12774 354 316 18 360
12775 5771 5695 5782 5783
12776 5778 6156 6155 6161
12777 1033 1034 1032 1043
12778 5096 5094 5077 5097
12779 6158 6082 6084 6091
12780 5492 5494 5508 5518
12781 480 481 463 488
12782 2320 2163 2153 2233
12783 2599 2600 2601 2596
12784 2175 2165 2169 2191
12785 5903 5927 5931 5936
12786 4879 4875 4915 4889
12787 2550 2558 2545 2596
12788 4776 4777 4781 4788
12789 5921 5901 5922 5923
12790 2606 2600 2605 2596
12791 3332 3331 3328 3337
12792 3566 3434 3475 3614
12793 5143 5150 5147 5166
12794 48 1946 43 53
12795 1811 1826 1771 1827
12796 3025 3014 3012 3030
12797 1361 1356 1357 1367
12798 3131 3132 3118 3142
12799 1627 1616 1608 1617
12800 4824 4835 4834 4846
12801 4655 771 4338 4662
12802 2088 2086 2085 2092
12803 5457 5349 5361 5461
12804 6253 6152 6159 6175
12805 3657 3696 3658 3700
12806 3343 3438 3340 3351
12807 3305 3288 3306 3247
12808 3785 6035 5880 3797
12809 3192 3189 3205 3198
12810 3521 3529 3528 3531
12811 5790 5795 5794 5799
12812 5624 5623 5621 5626
12813 2954 2846 2965 2848
12814 1982 2122 1983 2134
12815 1606 1609 1605 1616
12816 5684 5631 5683 5641
12817 4841 4844 4849 4860
12818 2152 2163 2162 2568
12819 2767 2774 2762 2775
12820 1331 1330 1329 1338
12821 2982 2984 2986 2979
12822 1870 1793 1792 1799
12823 5718 5591 5602 5727
12824 12 81 76 83
12825 5265 5262 5259 5257
12826 2986 2979 2984 2989
12827 2590 2593 2591 2586
12828 3485 3487 3478 3526
12829 3144 3152 3145 3154
12830 2007 2013 2005 2010
12831 45 50 49 53
12832 2271 2325 2239 2248
12833 3382 3381 3398 3391
12834 2167 2171 2175 2190
12835 4941 5169 4909 5178
12836 2173 2181 2171 2190
12837 1720 1717 2120 1728
12838 4917 4916 4915 4955
12839 2428 2427 2424 2415
12840 5860 5858 4399 5866
12841 3590 3623 3624 3600
12842 6139 6137 6138 6148
12843 1880 390 388 375
12844 349 340 351 346
12845 3095 3096 3090 3101
12846 2600 2599 2627 2596
12847 4925 4937 4927 4928
12848 1428 1424 1425 1436
12849 1319 1338 1294 1324
12850 3300 3298 3297 3306
12851 5123 5116 5117 5125
12852 5862 4387 5859 5866
12853 4474 4322 4476 4478
12854 3615 3624 3620 3629
12855 1543 1514 1546 1549
12856 2028 2332 2274 2038
12857 1905 1901 1907 1910
12858 1902 1698 1906 1911
12859 3843 3867 3852 3839
12860 859 854 852 851
12861 3787 3784 4404 4411
12862 717 716 562 726
12863 2917 2920 2923 2931
12864 3402 3396 3397 3404
12865 845 844 840 850
12866 5425 5422 5433 5434
12867 802 798 796 821
12868 845 929 846 850
12869 5709 5695 5732 5713
12870 622 468 469 473
12871 5396 5395 5393 5394
12872 4619 4636 4616 4623
12873 2181 2184 2187 2190
12874 5914 5920 6112 6110
12875 5859 4387 5856 5866
12876 4121 4006 4003 4133
12877 4800 4784 4803 4804
12878 2116 2299 2115 2119
12879 2773 2762 2770 2777
12880 1526 1522 1520 1533
12881 3787 3792 3789 3795
12882 2232 2227 2228 2233
12883 1333 1330 1326 1339
12884 4760 4762 4757 4763
12885 1763 1790 1766 1785
12886 1901 1910 1898 1911
12887 5928 5926 5974 5979
12888 2427 2415 2428 2371
12889 3470 3465 3605 3608
12890 1626 1623 1621 1633
12891 1474 1471 1468 1478
12892 1123 1134 1132 1130
12893 3899 3860 3898 3903
12894 4499 4327 4329 4452
12895 4844 4902 4877 4860
12896 5698 5694 5692 5697
12897 4797 4801 4794 4804
12898 3538 3537 3534 3545
12899 1098 1114 1106 1101
12900 4164 4163 4176 4187
12901 707 772 496 500
12902 4507 4506 4505 4494
12903 2075 2074 2069 2080
12904 608 605 606 611
12905 2475 2472 2474 2481
12906 5045 5053 5090 5056
12907 5205 5207 5219 5215
12908 2148 2143 2145 2138
12909 1100 1088 1089 1101
12910 3020 2788 3023 3031
12911 355 356 29 361
12912 2213 2257 2216 2275
12913 5992 5999 5986 6005
12914 6141 6172 6140 6147
12915 4151 3357 4182 3365
12916 3478 3506 3507 3490
12917 4220 4168 4169 4174
12918 5210 5211 5212 5223
12919 3706 3690 3703 3711
12920 3882 6 5 3893
12921 3309 3378 3314 3322
12922 2483 2822 2486 2820
12923 4471 4473 3827 4479
12924 5976 5971 5968 5975
12925 5206 5230 5231 5193
12926 1681 1808 1920 1690
12927 1543 1546 1547 1549
12928 1517 1547 1546 1549
12929 579 582 577 585
12930 6135 6272 6138 6148
12931 2999 2995 3117 3004
12932 3788 3792 3791 3839
12933 5006 5011 5010 5014
12934 5324 5335 5309 5336
12935 2094 2103 2101 2106
12936 4937 4940 4906 4943
12937 649 779 651 653
12938 3623 3620 3624 3626
12939 6013 6058 6059 6060
12940 783 787 791 794
12941 2162 2596 2546 2568
12942 1606 1605 1648 1616
12943 4862 4861 4865 4868
12944 297 303 294 306
12945 5708 5707 6231 5712
12946 3565 3722 3721 3727
12947 703 712 763 780
12948 2770 2765 2766 2774
12949 5692 6246 6249 6258
12950 1986 1992 1984 1996
12951 6078 3849 3850 3851
12952 5909 5959 5897 5957
12953 820 794 992 821
12954 950 953 954 959
12955 3403 3405 3399 3406
12956 1116 1117 1118 1125
12957 3971 3975 3968 3978
12958 3834 4458 4462 3838
12959 4885 4878 4884 4860
12960 16 10 37 26
12961 4941 4939 5168 5178
12962 5204 5184 5201 5182
12963 2767 2770 2762 2774
12964 4766 4765 4763 4804
12965 220 205 223 208
12966 3445 3147 3152 3169
12967 1744 1733 1750 1757
12968 6013 6010 6058 6060
12969 4112 4378 4379 4109
12970 2062 2060 1999 2009
12971 3596 3600 3590 3629
12972 3011 3009 3012 3018
12973 5090 5074 5073 5098
12974 5338 5340 5357 5352
12975 4257 4255 4256 4251
12976 69 6 71 12
12977 1971 2252 1975 1980
12978 4054 4055 4052 4035
12979 150 144 138 152
12980 6264 6135 6284 6272
12981 2928 2923 2920 2931
12982 1141 1133 1135 1143
12983 5679 5674 5677 5686
12984 4843 4782 4787 4788
12985 2920 2898 2900 2902
12986 1969 1984 1983 1974
12987 3014 3012 3030 3018
12988 1437 1438 1440 1442
12989 1249 1253 1254 1255
12990 5927 5926 5931 5936
12991 926 956 928 925
12992 5465 5474 5489 5476
12993 3477 3513 3514 3712
12994 1009 1003 980 1087
12995 3874 3880 3873 3881
12996 5684 5683 5682 5686
12997 3729 3733 3728 3741
12998 5678 5683 5666 5686
12999 1384 1382 1383 1394
13000 3047 3057 3056 3059
13001 5806 5803 5810 5812
13002 1065 1047 1050 1058
13003 5232 5231 5230 5236
13004 1005 1006 1017 1003
13005 1434 1432 1431 1436
13006 2969 2971 2972 2973
13007 1756 1752 1758 1827
13008 4285 4287 4268 4049
13009 1218 1231 1239 1240
13010 1871 1896 378 375
13011 5669 5641 5668 5686
13012 105 102 138 109
13013 5134 5131 5163 5166
13014 2375 2373 2377 2386
13015 978 1082 980 1086
13016 5009 5011 5006 5013
13017 3074 3078 3075 3076
13018 1591 2061 1592 1604
13019 5920 6112 6110 6119
13020 3372 3368 3373 3379
13021 2015 2021 2016 2010
13022 4337 4353 4354 4355
13023 1985 1986 1984 1996
13024 3028 2979 2966 2975
13025 1545 1543 1547 1549
13026 3208 3192 3205 3198
13027 4786 4826 4830 4788
13028 4533 4532 4540 4546
13029 2950 2955 2953 2961
13030 1227 1229 1242 1241
13031 1427 1423 1428 1435
13032 2767 2764 2774 2775
13033 5107 5104 5108 5111
13034 313 310 309 320
13035 3335 3330 3325 3336
13036 951 975 959 955
13037 2966 2967 2964 2975
13038 4106 4094 4085 4098
13039 5184 5204 5187 5193
13040 899 897 894 898
13041 3764 3750 3741 3769
13042 2160 2156 2546 2596
13043 47 62 1946 53
13044 4927 4973 4967 4943
13045 4499 4500 4497 4511
13046 1794 1716 1792 1799
13047 2752 2773 2751 2777
13048 1070 1055 1069 1073
13049 2274 2332 2334 2276
13050 5298 5299 5295 5296
13051 3828 3826 3838 3839
13052 1518 1519 1520 1521
13053 4445 4453 4452 4341
13054 4543 4565 4548 4551
13055 3605 3470 3608 3613
13056 2198 2236 2196 2201
13057 1891 1892 1894 1896
13058 1978 1977 1992 1981
13059 5466 5474 5467 5462
13060 2778 2792 2830 2805
13061 2807 2811 2808 2820
13062 5348 5419 5417 5461
13063 2162 2160 2596 2163
13064 463 472 468 473
13065 800 796 798 821
13066 5696 5692 6249 5699
13067 386 388 390 375
13068 2028 2274 2025 2038
13069 648 639 649 653
13070 241 239 246 265
13071 2551 2546 2545 2568
13072 2885 2887 2888 2889
13073 5889 3305 5885 3247
13074 6087 3938 6085 6090
13075 677 670 676 681
13076 2030 2044 2027 2037
13077 494 710 708 711
13078 3977 3991 3936 3979
13079 3711 3726 3699 3700
13080 6165 6166 6169 6174
13081 5679 5677 5682 5686
13082 5502 5674 5673 5677
13083 4022 4024 4025 4033
13084 999 997 1000 1057
13085 997 999 1051 1057
13086 5079 5073 5074 5085
13087 1475 1478 1373 1143
13088 2799 3020 2800 2805
13089 1949 1951 1947 1952
13090 4919 4924 4921 4928
13091 3652 3658 3653 3642
13092 2857 2860 2856 2876
13093 2558 2596 2543 2568
13094 2842 2841 2843 2847
13095 4977 4978 4981 4984
13096 2743 2740 2742 2749
13097 2111 2107 2114 2119
13098 1891 1876 1875 1883
13099 864 859 851 833
13100 1526 1522 1523 1520
13101 713 562 716 726
13102 1532 1515 1531 1520
13103 2341 2272 2339 2345
13104 1510 1524 1528 1520
13105 5750 5746 5753 5747
13106 2849 2850 2531 2861
13107 4646 5475 5471 4230
13108 1406 1548 1478 1380
13109 5814 5822 5815 5825
13110 4926 4925 4927 4928
13111 3564 3563 3562 3539
13112 1989 1965 1962 1966
13113 5113 5114 4997 4999
13114 2040 2045 2041 2051
13115 4416 3669 4425 4427
13116 2038 2289 2329 2276
13117 3143 3149 3144 3154
13118 5066 5087 5067 5056
13119 2377 2380 2378 2386
13120 1663 1740 1673 1674
13121 1786 1795 1760 1799
13122 5992 3743 3742 3751
13123 4066 4070 5314 5321
13124 4802 4803 4797 4798
13125 790 849 838 920
13126 4570 3392 3386 4563
13127 2830 2824 2828 2820
13128 1463 1429 1451 1436
13129 664 662 659 660
13130 3371 3367 3372 3379
13131 6151 6159 6154 6161
13132 5671 5634 5636 5630
13133 2551 2545 2559 2568
13134 2981 2985 2984 2989
13135 4957 4959 5003 4970
13136 3869 3874 3872 3880
13137 1477 1492 1421 1031
13138 5216 5217 5213 5223
13139 63 60 58 65
13140 2963 2848 2962 2975
13141 3938 5763 6085 6090
13142 1044 1045 1018 1030
13143 5145 5296 5144 5308
13144 4388 5865 5851 5854
13145 3381 3391 3380 3404
13146 1912 1914 1913 1925
13147 884 906 911 920
13148 1511 1512 1543 1549
13149 3984 3987 3976 3991
13150 3339 3341 3342 3349
13151 2199 2203 2195 2219
13152 5120 5164 5147 5166
13153 4085 4078 4080 4079
13154 1167 1170 1164 1169
13155 368 364 365 373
13156 5464 5406 5409 5476
13157 1012 1017 992 794
13158 3477 3708 3705 3712
13159 628 629 630 633
13160 5271 5263 5268 5269
13161 5674 5675 5677 5502
13162 4523 4551 4543 4552
13163 5957 5967 5897 5979
13164 2247 2244 2243 2233
13165 4156 4215 4153 4160
13166 4643 5482 4645 4650
13167 5472 5473 5469 5475
13168 170 168 174 180
13169 1921 1923 1919 1924
13170 3702 3703 3690 3711
13171 3696 3648 3657 3658
13172 3094 3088 3091 3101
13173 3125 3140 3127 3128
13174 4321 4324 4325 4328
13175 1136 1471 1141 1143
13176 381 385 383 389
13177 3542 3539 3543 3568
13178 5652 5651 5650 5657
13179 1489 1480 1487 1488
13180 1499 1414 1447 1422
13181 1035 1033 1041 1043
13182 5618 5601 5617 5629
13183 4954 4951 4953 4928
13184 468 463 470 472
13185 3764 3750 3769 3770
13186 2244 2245 2234 2248
13187 6068 6064 6067 6065
13188 3980 3983 3966 3990
13189 3587 3590 3576 3596
13190 1459 1445 1462 1465
13191 1095 1094 1093 1102
13192 2748 2743 2747 2749
13193 5194 5081 5080 5195
13194 4676 4523 4550 4552
13195 732 687 690 697
13196 641 642 672 4524
13197 3590 3621 3576 3629
13198 6136 6172 6175 6148
13199 5325 5393 5407 5336
13200 740 746 4507 753
13201 3463 3454 3458 3460
13202 5718 5719 5717 5727
13203 1150 1144 1146 1157
13204 1807 1820 1817 1814
13205 363 376 364 389
13206 5940 5931 5936 5949
13207 382 363 378 389
13208 1881 1882 1878 1617
13209 770 773 766 780
13210 2791 2932 2848 2933
13211 1278 1277 1275 1283
13212 1405 1406 1407 1408
13213 23 20 19 27
13214 3674 3677 3682 3680
13215 1040 1033 1032 1043
13216 2085 2092 2086 2093
13217 2007 2006 2004 2010
13218 581 1188 572 584
13219 672 642 4512 4524
13220 1863 1861 1898 1869
13221 6277 6281 6236 6240
13222 1037 1426 1418 1435
13223 2002 2011 1732 2022
13224 5791 5814 5823 5799
13225 4490 4496 3880 4468
13226 754 767 739 753
13227 2703 2670 2671 2669
13228 689 688 692 697
13229 1898 1860 1899 1869
13230 4252 4258 4244 4259
13231 5009 5013 5006 5014
13232 3588 3579 3583 3599
13233 3984 3987 3991 3992
13234 2885 2886 2887 2889
13235 4506 4502 4505 4511
13236 6017 6011 5971 6014
13237 2189 2179 2185 2191
13238 4238 4241 4239 4245
13239 1282 1272 1281 1283
13240 3131 3117 2995 3004
13241 4537 138 4527 4539
13242 2120 1717 1987 1728
13243 843 847 845 850
13244 4329 4330 4331 4342
13245 5554 5548 5549 5552
13246 4640 4643 4649 4650
13247 2205 2201 2194 2219
13248 2173 2587 2178 2612
13249 2705 2703 2663 2669
13250 4953 4951 4955 4928
13251 524 495 502 500
13252 4768 4803 4751 4804
13253 2215 2285 2212 2275
13254 365 368 373 347
13255 4537 4527 4535 4539
13256 470 472 463 488
13257 4603 4589 4567 4580
13258 6153 6163 6165 6174
13259 1427 1435 1428 1436
13260 3087 3095 3090 3101
13261 2604 2609 2599 2612
13262 461 474 465 433
13263 3816 6006 6007 5938
13264 3590 3587 3589 3596
13265 928 959 926 925
13266 2340 2332 2039 2051
13267 5752 5748 5743 5766
13268 4561 4566 4609 4580
13269 1631 1730 1632 1617
13270 3846 3863 3858 3853
13271 6053 6010 6009 6019
13272 396 393 400 403
13273 1863 1859 1861 1869
13274 2545 2596 2558 2568
13275 462 638 634 666
13276 3938 3955 3945 3952
13277 352 357 350 361
13278 5361 5392 5461 5365
13279 6157 5276 6151 6156
13280 2742 2740 2771 2749
13281 3500 3496 3499 3504
13282 2587 2597 2178 2612
13283 2236 2198 2237 2201
13284 1991 1992 1993 1996
13285 3556 3623 3554 3559
13286 2189 2180 2179 2191
13287 5348 5361 5349 5461
13288 5901 5900 5904 5908
13289 262 263 265 208
13290 5511 5513 5506 5518
13291 2279 2281 2284 2289
13292 1186 1188 1196 1197
13293 5124 5123 5122 5111
13294 654 620 617 667
13295 1515 1516 1531 1520
13296 1572 1571 1629 1632
13297 6278 6235 5814 5823
13298 1874 1875 1876 1883
13299 4121 4128 4006 4133
13300 4927 4943 4967 4928
13301 2850 2849 2852 2861
13302 6208 6225 6213 6226
13303 3107 3125 3139 3140
13304 1837 1834 1838 1840
13305 3159 3164 3163 3168
13306 1330 1327 1326 1339
13307 891 803 795 797
13308 5700 5591 5598 5602
13309 2929 2930 2948 2932
13310 1508 1213 1539 1519
13311 2347 2351 2349 2358
13312 1526 1454 1203 1518
13313 1543 1561 1545 1544
13314 4980 4976 4977 4983
13315 5389 5461 5361 5392
13316 2496 2494 2491 2499
13317 4488 4489 4486 4495
13318 4756 4754 4753 4763
13319 2770 2774 2766 2777
13320 5569 5565 5567 5573
13321 4339 777 759 4340
13322 5492 5498 5493 5495
13323 1517 1546 1514 1549
13324 910 1168 1159 920
13325 1041 1027 1030 1043
13326 4161 4572 4571 4579
13327 2175 2171 2177 2190
13328 4765 4772 4766 4763
13329 5930 5942 5940 5937
13330 5267 5294 5270 6161
13331 2262 2212 2285 2275
13332 283 251 253 244
13333 369 370 366 373
13334 2000 2001 1999 2009
13335 2346 2514 2428 2371
13336 5019 5022 5021 5042
13337 4195 4201 4194 4259
13338 6151 6150 6159 6161
13339 760 761 752 768
13340 4372 4343 4316 4364
13341 987 1011 1007 989
13342 29 1926 1829 1953
13343 4294 4296 4298 4291
13344 5739 5771 5780 5783
13345 1859 1860 1861 1869
13346 5705 5704 5706 5712
13347 3091 3048 3032 3101
13348 3145 3147 3143 3154
13349 1871 378 362 375
13350 58 63 65 67
13351 5848 5846 5851 5854
13352 1017 1172 1002 1087
13353 6118 6115 5920 6119
13354 4075 4041 5320 4272
13355 2209 2212 2262 2219
13356 1599 1589 1586 1590
13357 6028 6032 6025 6034
13358 3816 3196 6006 5938
13359 1745 1738 1731 1743
13360 2894 2897 2893 2891
13361 1151 1144 1149 1172
13362 1067 1070 1069 1073
13363 1853 357 355 361
13364 5339 5343 5341 5346
13365 1189 1196 1191 1198
13366 169 311 168 180
13367 1888 1892 1891 1896
13368 5346 5432 5339 5434
13369 4379 4111 4112 4109
13370 2494 2499 2496 2750
13371 3973 3977 3936 3979
13372 6281 6236 6240 6276
13373 2694 2700 2704 2669
13374 4156 4151 4183 4160
13375 6251 6252 6248 6257
13376 332 328 333 334
13377 3788 3791 3796 3839
13378 1373 1475 1476 1478
13379 4267 4268 4260 4272
13380 1629 1630 1572 1632
13381 2165 2175 2177 2191
13382 2700 2694 2693 2669
13383 4517 4522 4516 4523
13384 1978 1992 1990 1981
13385 5709 5690 5695 5713
13386 838 849 823 850
13387 3327 3303 3333 3336
13388 1768 1826 1823 1827
13389 4845 4877 4844 4902
13390 1294 1292 1286 1297
13391 5107 5106 5124 5111
13392 4155 4149 4159 4160
13393 982 981 988 989
13394 2162 2163 2596 2568
13395 4954 4967 4969 4965
13396 6150 6253 6152 6159
13397 4573 4554 4556 4563
13398 44 43 42 53
13399 3328 3327 3333 3336
13400 6157 6154 6160 6161
13401 5310 5328 5332 5334
13402 3024 2786 2934 3031
13403 2157 2326 2188 2190
13404 4988 4971 4990 5000
13405 932 929 848 933
13406 3074 3076 3848 3084
13407 1946 1947 1949 1951
13408 5006 5002 5001 5014
13409 5294 5276 5270 6161
13410 987 981 986 989
13411 1749 1751 1816 1757
13412 4611 4615 4612 4624
13413 5925 5924 3187 3195
13414 6053 6049 6029 6032
13415 5078 5073 5079 5085
13416 3609 3611 3605 3613
13417 5723 5703 5587 5658
13418 1401 1400 1402 1406
13419 5925 3195 3228 5937
13420 503 506 1314 529
13421 654 617 656 667
13422 5661 5660 5666 5686
13423 2902 2903 2874 2919
13424 3641 3633 3642 3643
13425 1369 1375 1376 1380
13426 5121 5116 5123 5125
13427 6079 5758 5781 5768
13428 5540 5506 5505 5507
13429 851 854 852 858
13430 6257 6133 6270 6148
13431 1631 1723 1730 1617
13432 2627 2638 2639 2596
13433 3448 3436 3435 3459
13434 5702 5719 5718 5727
13435 4786 4780 4826 4788
13436 5974 5970 5964 5979
13437 648 640 639 653
13438 4953 4962 4954 4928
13439 5484 4646 4645 5488
13440 349 352 350 361
13441 2171 2186 2185 2190
13442 3208 3186 3192 3198
13443 85 84 95 753
13444 3794 3840 3841 3780
13445 4359 4397 4395 4368
13446 2697 2428 2425 2736
13447 6248 6252 6254 6257
13448 5883 6118 5920 5892
13449 4641 4625 4639 4649
13450 864 851 924 833
13451 6047 6048 6046 6049
13452 4330 4329 4356 4341
13453 4826 4827 4829 4846
13454 843 845 842 850
13455 3785 3786 6035 3797
13456 2904 2829 2890 2903
13457 5068 5093 4903 5070
13458 2117 2107 2290 2119
13459 3496 3488 3483 3504
13460 2931 2874 2847 2933
13461 5419 5348 5349 5461
13462 1863 1862 1859 1869
13463 830 828 861 850
13464 563 562 561 571
13465 1770 1824 1768 1826
13466 3555 3549 3554 3559
13467 155 154 160 156
13468 6097 6094 6095 6096
13469 5052 5053 5045 5056
13470 1116 1117 1120 1165
13471 1917 1918 1908 1910
13472 3143 3154 3146 3155
13473 5654 5651 5652 5657
13474 5928 5932 5930 5936
13475 520 493 522 585
13476 2274 2038 2332 2276
13477 2349 2350 2414 2736
13478 5652 5653 5654 5657
13479 2413 2412 2361 2371
13480 295 297 620 306
13481 5996 6000 5994 6006
13482 1012 992 820 794
13483 4024 4025 4033 4035
13484 693 692 696 697
13485 927 931 930 933
13486 1536 1535 1540 1534
13487 1321 396 1332 403
13488 5297 5105 5147 5150
13489 523 517 525 529
13490 5814 5815 5823 5825
13491 1615 1616 1660 1633
13492 518 523 503 529
13493 1390 1385 1389 1392
13494 673 680 662 668
13495 5989 5992 5986 6005
13496 2942 2948 2945 2946
13497 2360 2362 2363 2386
13498 4386 5858 5856 5866
13499 782 791 793 794
13500 6053 6019 6009 6032
13501 2270 2273 2268 2276
13502 2836 2838 2928 2847
13503 2228 2153 2155 2233
13504 1627 1632 1616 1617
13505 5061 5059 5058 5069
13506 2002 1732 2009 2022
13507 2151 2224 2155 2163
13508 5487 5488 5474 5489
13509 3684 3672 3683 3674
13510 2491 2451 2496 2457
13511 1025 1385 1390 1392
13512 6117 5885 6100 5892
13513 4292 4296 4262 4314
13514 4933 4934 4930 4936
13515 2116 2117 2299 2119
13516 5670 5672 5626 5644
13517 1564 1721 1720 1576
13518 5403 5404 5406 5407
13519 5063 5064 5045 5056
13520 4467 4481 4478 4482
13521 2626 2627 2545 2605
13522 2198 2237 2201 2219
13523 1887 1891 1883 1896
13524 2083 2085 2084 2093
13525 5857 5636 5856 5643
13526 5683 5630 5669 5641
13527 2966 2974 2969 2973
13528 2151 2163 2152 2568
13529 1629 1626 1624 1632
13530 2152 2162 2553 2568
13531 4941 5168 5169 5178
13532 1039 982 1032 1043
13533 4599 4596 4522 4523
13534 5294 6151 5276 6161
13535 3040 3033 3043 3045
13536 4872 4891 4842 4860
13537 5905 5906 5907 5893
13538 2287 2285 2215 2275
13539 580 713 710 568
13540 3094 3100 3088 3101
13541 1082 980 1086 1087
13542 400 1332 396 403
13543 325 333 331 334
13544 1805 1807 1817 1814
13545 931 929 932 933
13546 4445 4341 4452 4342
13547 4872 4871 4847 4860
13548 1005 992 1017 794
13549 842 845 840 850
13550 1251 1249 1254 1255
13551 2667 2661 2658 2665
13552 85 746 84 753
13553 4603 4567 4568 4580
13554 4114 4113 4106 4077
13555 2931 2919 2874 2933
13556 762 764 761 768
13557 5348 5361 5461 5365
13558 5454 5450 5455 5462
13559 2266 2269 2267 2276
13560 4573 4563 4577 4579
13561 3394 3401 3407 3419
13562 5061 5058 5066 5069
13563 1831 1832 1829 1840
13564 1750 1751 1744 1757
13565 2728 2727 2725 2736
13566 657 662 673 680
13567 3371 3375 3367 3379
13568 2270 2334 2339 2345
13569 4857 4856 4853 4860
13570 2529 2493 2495 2499
13571 2045 2051 2040 2345
13572 5301 5319 5307 5322
13573 2025 2038 2274 2276
13574 2403 2420 2423 2415
13575 224 236 324 238
13576 4639 4376 4638 4649
13577 5780 5745 5739 5783
13578 3897 3899 3896 3905
13579 32 38 36 40
13580 699 698 735 686
13581 5848 5845 5846 5853
13582 3001 3124 3106 3004
13583 4646 4618 4644 4648
13584 1990 1992 1991 1981
13585 5790 5792 5793 5799
13586 3446 3348 3169 3351
13587 4952 4946 4949 4956
13588 3661 3630 3883 3894
13589 235 229 228 238
13590 4193 4190 4201 4202
13591 819 817 811 821
13592 5057 4766 4773 4763
13593 1944 1948 1943 1952
13594 3696 3686 3699 3700
13595 187 185 188 124
13596 1815 1821 1820 1827
13597 5953 5952 5954 5963
13598 4828 4829 4827 4846
13599 1778 1772 1780 1785
13600 4408 4400 3796 4412
13601 2095 2082 2097 2093
13602 4241 4240 4239 4245
13603 3959 3960 3961 3965
13604 3547 3384 3382 3391
13605 4983 5000 4971 4985
13606 2796 2799 2798 2805
13607 6018 6013 5983 6020
13608 873 868 875 869
13609 2176 2190 2175 2191
13610 5172 5169 5170 5174
13611 253 241 250 244
13612 1152 1144 1157 1172
13613 3846 3858 3847 3853
13614 2976 2998 2997 3000
13615 2418 2439 2420 2417
13616 719 714 722 725
13617 2895 2898 2917 2905
13618 5181 5183 5170 5165
13619 2011 1734 1732 2022
13620 3205 3199 3200 3212
13621 5012 5030 5029 5042
13622 4331 4330 4335 4342
13623 1344 1347 1343 1353
13624 3117 3121 2999 3004
13625 5269 5287 5272 5266
13626 1775 339 350 346
13627 6134 6136 6175 6148
13628 6058 6061 6060 6063
13629 687 693 690 697
13630 4483 746 85 753
13631 4645 4646 4644 4648
13632 5106 5103 5110 5112
13633 5752 5743 5780 5766
13634 4010 4282 4050 4017
13635 1764 1818 1816 1827
13636 5147 5143 5148 5150
13637 3677 3482 3494 3489
13638 773 771 649 779
13639 4108 4114 4105 4077
13640 6136 6172 6137 6175
13641 392 399 391 403
13642 3612 3726 3711 3700
13643 4853 4856 4852 4860
13644 2283 2284 2281 2289
13645 2333 2045 2040 2345
13646 1002 1003 1017 1087
13647 5038 5034 5035 5037
13648 4086 4082 4087 5755
13649 4977 4975 4978 4984
13650 4358 4363 4359 4364
13651 2559 2553 2551 2568
13652 2186 2189 2185 2191
13653 689 692 693 697
13654 517 521 525 529
13655 5012 5013 5032 5042
13656 3006 2751 2818 2806
13657 743 749 740 753
13658 1344 418 1347 1353
13659 1586 1589 1587 1590
13660 4832 4839 4833 4846
13661 2949 2952 2955 2950
13662 2098 2106 2097 2093
13663 2829 2470 2890 2903
13664 4847 4849 4853 4860
13665 5468 5472 5469 5474
13666 3144 3145 3143 3154
13667 6051 6068 6074 6063
13668 3947 3976 3987 3992
13669 3288 3284 3306 3293
13670 705 719 699 725
13671 5954 5952 6048 5963
13672 3837 3835 3836 3838
13673 3311 3313 3319 3322
13674 2991 3021 2990 3031
13675 5803 5623 5626 5812
13676 4996 5032 4991 5000
13677 2248 2191 2330 2233
13678 4183 4216 4215 4160
13679 5004 5009 5006 5014
13680 5846 5854 5853 5855
13681 5585 5675 5502 5572
13682 2781 2778 2830 2805
13683 531 534 533 544
13684 4573 4555 4554 4563
13685 4456 4455 4458 4482
13686 2762 2774 2770 2777
13687 3036 3060 3082 3071
13688 3577 3654 3655 3581
13689 4632 4631 4629 4637
13690 2344 2336 2343 2328
13691 4858 4855 4856 4860
13692 5983 5986 6005 6020
13693 2265 2264 2262 2275
13694 5019 5029 5022 5042
13695 4991 5032 5012 5013
13696 3020 3021 3019 3030
13697 4195 4249 4201 4259
13698 1462 1461 1452 1465
13699 2494 2496 2498 2750
13700 3150 3222 3207 3155
13701 5483 5465 5474 5489
13702 4403 4399 4401 4411
13703 5985 3070 5991 3752
13704 852 879 874 876
13705 4853 4852 4847 4860
13706 3553 4538 4535 4539
13707 1270 1213 1508 1226
13708 5958 6049 6009 6032
13709 384 382 386 388
13710 2205 2210 2198 2219
13711 1551 1554 1556 1559
13712 1815 1758 1752 1827
13713 685 689 687 697
13714 5109 5337 5106 5112
13715 1987 1725 1988 1996
13716 827 831 835 850
13717 4399 5858 4386 5866
13718 5876 5874 5882 6035
13719 4303 4009 4012 4017
13720 4658 4653 4657 4663
13721 5061 5064 5060 5066
13722 1894 1892 380 388
13723 5973 5964 5970 5979
13724 3562 3570 3561 3572
13725 2703 2671 2663 2669
13726 3590 3589 156 3600
13727 5809 5811 5817 5825
13728 1010 808 1004 794
13729 4143 4140 3316 4147
13730 3475 3434 3523 3614
13731 5004 5013 5009 5014
13732 5312 5309 5310 5335
13733 4324 4322 4325 4328
13734 4543 4551 4548 4552
13735 5011 5029 5012 5030
13736 2635 2629 2632 2588
13737 4764 4769 4765 4804
13738 3053 3048 3050 3101
13739 1622 1621 1620 1633
13740 4472 4455 4469 4482
13741 5495 5528 5494 5518
13742 56 690 57 67
13743 5563 5555 5561 5546
13744 1538 1377 1536 1548
13745 2017 2005 2013 2010
13746 1524 1522 1525 1533
13747 4143 3316 3358 4147
13748 1810 1826 1854 1855
13749 1838 1834 1835 1840
13750 5790 5793 5795 5799
13751 1909 1901 1902 1910
13752 6170 6104 6146 6119
13753 4291 4251 4257 4301
13754 400 393 391 403
13755 4599 4517 4594 4523
13756 5650 5652 5649 5651
13757 2938 2939 2942 2940
13758 2826 2809 2830 2792
13759 1935 1942 1934 1941
13760 1196 1190 1189 1193
13761 1082 1009 980 1087
13762 2038 2276 2329 2345
13763 3035 3060 3036 3071
13764 1477 1072 1478 1143
13765 532 537 536 545
13766 2216 2257 2287 2275
13767 1989 1966 1970 1981
13768 5076 5071 5077 5080
13769 3882 3661 3883 3894
13770 1750 1733 1748 1757
13771 634 462 628 638
13772 5887 5884 5888 5894
13773 2931 2847 2932 2933
13774 5270 5266 5277 5287
13775 4487 4496 4466 4468
13776 3187 5924 3186 3195
13777 5811 5825 5822 5826
13778 1082 1086 1084 1087
13779 743 742 741 750
13780 1831 1829 1828 1840
13781 2843 2841 2840 2847
13782 5811 5806 5810 5822
13783 1704 1711 1759 1716
13784 2285 2265 2262 2275
13785 1680 1679 1676 1689
13786 5012 5029 5011 5042
13787 5633 5632 5638 5643
13788 5617 5621 5610 5609
13789 975 951 974 955
13790 5295 5312 5316 5322
13791 4717 4710 4715 4713
13792 5568 5566 5563 5564
13793 704 706 703 780
13794 1901 1909 1907 1910
13795 1749 1744 1751 1757
13796 3024 2934 2936 3031
13797 4628 4632 4629 4637
13798 3860 3903 3861 3864
13799 4611 4610 4614 4624
13800 588 602 587 612
13801 2703 2705 2663 2671
13802 3495 3494 3482 3489
13803 5856 4387 4386 5866
13804 2007 2003 2006 2010
13805 1472 1379 1478 1548
13806 2210 2209 2198 2219
13807 469 462 666 474
13808 991 989 1007 1003
13809 760 762 761 768
13810 4526 671 675 681
13811 5683 5641 5669 5686
13812 4570 3386 3383 4563
13813 5991 3070 3742 3752
13814 2061 2062 1592 1604
13815 5267 5289 5291 5294
13816 4577 4574 4568 4580
13817 479 482 481 488
13818 4039 4040 4038 4051
13819 4903 4922 4918 5070
13820 5301 5317 5319 5322
13821 1035 1430 1424 1435
13822 3737 3734 3764 3741
13823 1543 1512 1514 1549
13824 4839 4841 4842 4846
13825 1639 1580 1584 1590
13826 5492 5560 5494 5518
13827 1993 1992 1986 1996
13828 3860 3856 3835 3864
13829 6149 6159 6150 6161
13830 3340 3438 3453 3461
13831 328 321 333 334
13832 161 164 162 3558
13833 3088 3100 3087 3101
13834 3758 3745 3757 3770
13835 6017 6018 5997 6013
13836 2283 2280 2284 2289
13837 4190 4192 4193 4201
13838 797 794 783 807
13839 4535 4534 3557 4539
13840 5777 5270 5274 6161
13841 2532 2541 2677 2526
13842 2320 2153 2228 2233
13843 2945 2944 2942 2947
13844 1663 1673 1664 1674
13845 4630 4352 4627 4633
13846 6002 6021 5997 6008
13847 1103 1110 1088 1086
13848 1574 1632 1631 1730
13849 3961 3945 3959 3965
13850 2181 2183 2184 2190
13851 6136 6135 6138 6148
13852 5162 5143 5147 5166
13853 1404 1403 1399 1407
13854 3961 3960 3962 3965
13855 1526 1520 1518 1533
13856 3442 3437 3439 3447
13857 5738 5734 5731 5741
13858 335 1783 367 347
13859 5312 5295 5309 5335
13860 5778 5770 5777 6161
13861 3093 3092 3087 3100
13862 3737 3764 3744 3750
13863 5956 5964 5957 5979
13864 3756 3769 3763 3770
13865 635 628 631 634
13866 5432 5346 5339 5341
13867 2417 2439 2420 2440
13868 2210 2205 2200 2219
13869 1229 434 1242 1241
13870 5858 5857 5856 5643
13871 4275 4274 4285 4287
13872 5718 5717 5721 5727
13873 5981 5985 5984 3850
13874 5130 5115 5129 5137
13875 1608 1616 1609 1617
13876 2517 2656 2660 2526
13877 5903 5941 5939 5949
13878 5329 5325 5393 5407
13879 4835 4840 4834 4846
13880 6142 6141 6146 6147
13881 1600 1604 2062 2009
13882 3638 3634 3897 3905
13883 1091 1411 1414 1422
13884 582 583 580 568
13885 2829 2904 2832 2834
13886 230 212 214 213
13887 5323 5191 5231 5336
13888 912 894 904 898
13889 831 843 839 850
13890 4267 5373 4041 4272
13891 331 322 324 334
13892 1878 1614 1881 1617
13893 1293 1294 1297 1324
13894 2162 2319 2160 2163
13895 85 4494 4483 753
13896 422 428 432 433
13897 5576 5586 5583 5571
13898 5740 5742 5746 5744
13899 4186 4164 4185 4187
13900 6055 5980 6056 6061
13901 3709 3705 3704 3712
13902 5802 5807 5815 5822
13903 1816 1751 1750 1757
13904 4783 4788 4777 4804
13905 154 194 158 167
13906 630 629 628 635
13907 4967 4973 4975 4984
13908 4529 4532 4526 4521
13909 5547 5549 5548 5543
13910 2167 2175 2176 2190
13911 5162 5163 5159 5166
13912 3223 3225 3218 3227
13913 2890 2470 2520 2903
13914 313 317 310 320
13915 565 550 564 571
13916 6017 5998 5976 6021
13917 3621 3584 3576 3629
13918 3067 3071 3068 3072
13919 4055 4040 4053 4051
13920 1471 1475 1141 1143
13921 4573 4556 4577 4563
13922 3286 3238 3234 3293
13923 3341 3368 3344 3349
13924 727 734 748 750
13925 2209 2210 2212 2219
13926 2779 2781 2782 2780
13927 3377 3314 3165 3378
13928 6286 6262 6261 6287
13929 3383 3386 3380 4563
13930 5059 5057 5058 5069
13931 2350 2703 2734 2736
13932 6246 6249 5696 5692
13933 5004 5006 5001 5014
13934 2823 2822 2821 2824
13935 6112 6115 6111 6119
13936 3285 3293 3221 3294
13937 5062 5068 4903 5070
13938 1917 1906 1916 1925
13939 5958 5961 6009 5978
13940 717 562 586 726
13941 5270 5770 5267 6161
13942 3070 3072 3067 3755
13943 3343 3340 3342 3351
13944 2865 2843 2839 2847
13945 1327 1328 1332 1313
13946 709 495 494 500
13947 1871 1870 1878 1883
13948 106 107 142 120
13949 4844 4838 4840 4846
13950 703 737 763 712
13951 4296 4291 4294 4301
13952 4048 4047 4285 4286
13953 5792 5788 5814 5798
13954 1054 1051 999 1057
13955 4927 4906 4973 4943
13956 1931 1926 1939 1953
13957 322 224 324 238
13958 2727 2728 2729 2736
13959 2694 2704 2702 2669
13960 391 393 392 403
13961 4601 4605 4608 4607
13962 2964 2967 2965 2975
13963 1471 1478 1475 1143
13964 2346 2699 2656 2526
13965 759 758 767 768
13966 4490 4466 4496 4468
13967 2988 3039 2974 2989
13968 5003 4961 5004 4970
13969 1804 1807 1805 1814
13970 631 630 641 668
13971 3764 3741 3734 3769
13972 3011 3016 3013 3018
13973 253 244 251 265
13974 5474 5462 5487 5476
13975 3149 3150 3207 3155
13976 1145 807 1085 1172
13977 2832 2833 2831 2834
13978 4499 4326 4327 4480
13979 3843 3852 3840 3839
13980 4981 5129 4980 5137
13981 1040 1041 1033 1043
13982 1496 1498 1500 1507
13983 2822 2807 2811 2809
13984 5589 5588 5591 5602
13985 1425 1386 1381 1394
13986 5106 5100 5102 5110
13987 1558 1496 1560 1557
13988 5959 5897 5957 5967
13989 1914 1915 1917 1925
13990 1571 1572 1573 1576
13991 1166 1170 1167 1169
13992 5898 5899 5921 5908
13993 6074 6054 6070 6077
13994 4303 4144 4307 4017
13995 4857 4853 4859 4860
13996 3223 3218 3171 3227
13997 2891 2882 2894 2879
13998 5619 5622 5620 5628
13999 296 230 227 238
14000 621 622 624 473
14001 5120 5147 5105 5166
14002 727 728 734 750
14003 2633 2629 2635 2634
14004 1919 1936 1915 1924
14005 1627 1608 1611 1617
14006 3006 3013 3010 3018
14007 5012 5031 5030 5042
14008 4155 4156 4153 4160
14009 2084 2085 2086 2093
14010 4903 4918 5062 5070
14011 5846 5847 5854 5855
14012 368 338 336 347
14013 1852 1825 1841 1854
14014 6278 5814 5815 5823
14015 2088 2087 2086 2092
14016 783 838 790 849
14017 827 849 847 850
14018 5523 5510 5520 5521
14019 31 1939 1926 1953
14020 2332 2340 2339 2345
14021 3388 3389 3386 3392
14022 3202 3195 3186 3198
14023 4602 4598 4606 4609
14024 1191 1195 581 1198
14025 1586 1582 1581 1590
14026 5050 5048 5049 5044
14027 6167 6106 6092 6168
14028 2317 2315 2308 2318
14029 328 342 332 333
14030 4921 4924 4925 4928
14031 2281 2263 2267 2276
14032 3146 3175 3151 3155
14033 2767 2454 2764 2775
14034 3232 5907 5906 5893
14035 5884 5920 5922 5892
14036 2838 2840 2841 2847
14037 4464 4465 4462 4468
14038 6223 6259 6229 6266
14039 5570 5513 5604 5573
14040 1417 1431 1432 1436
14041 1891 1876 1883 1896
14042 2694 2702 2698 2669
14043 3382 3383 3380 3391
14044 3437 3459 3435 3447
14045 5852 5849 5753 4102
14046 4964 4968 4963 4971
14047 6261 6259 6286 6287
14048 4904 4905 4903 4914
14049 588 564 602 612
14050 838 783 823 849
14051 3190 3195 5924 5938
14052 2250 2253 2251 2261
14053 4197 4569 4198 4202
14054 3019 3030 3022 2806
14055 2279 2024 2281 2289
14056 1425 1381 1429 1436
14057 2188 2183 2157 2190
14058 4920 4924 4919 4928
14059 6278 5823 5815 5825
14060 2838 2841 2842 2847
14061 3023 2990 3021 3031
14062 1001 1154 1054 1057
14063 1766 1769 1763 1785
14064 1508 1516 1515 1520
14065 6249 6150 6149 6159
14066 1141 1475 1133 1143
14067 262 265 252 208
14068 5538 5540 5539 5546
14069 426 424 425 432
14070 6001 6000 5996 6008
14071 5781 5768 5778 5784
14072 4882 4883 4880 4878
14073 1947 1904 1905 1952
14074 2000 2002 2001 2009
14075 2606 2605 2546 2596
14076 1259 1257 1258 1269
14077 1379 1374 1373 1380
14078 2356 2519 2522 2355
14079 2361 2360 2363 2371
14080 4933 4939 4938 4941
14081 1587 1589 1588 1590
14082 2319 2153 2320 2163
14083 1133 1373 1131 1143
14084 1425 1394 1381 1436
14085 2536 2539 2538 2541
14086 4997 5116 4996 4999
14087 3702 3691 3701 3700
14088 1318 1317 1321 1324
14089 4620 4617 4618 4623
14090 4501 4331 754 4511
14091 3066 3067 3070 3071
14092 4599 4522 4517 4523
14093 897 902 894 898
14094 3608 3609 3605 3613
14095 5358 5360 5359 5365
14096 5956 5957 5953 5963
14097 6263 6259 6261 6265
14098 2277 2284 2280 2289
14099 3949 3985 3948 3992
14100 2803 2804 2818 2806
14101 5316 5312 5310 5322
14102 1191 1193 1196 1189
14103 3370 3373 3346 3379
14104 1147 1148 1122 1130
14105 4517 4582 4599 4594
14106 1536 1377 1472 1548
14107 534 548 552 544
14108 4998 4997 5113 5114
14109 1011 1007 989 1003
14110 3766 3767 3768 3769
14111 2002 1737 2001 2009
14112 2178 2161 2182 2612
14113 61 59 58 65
14114 1203 1300 1526 1518
14115 3389 4161 3411 3392
14116 5374 5376 5372 5392
14117 322 238 324 334
14118 31 32 36 40
14119 631 630 628 635
14120 2747 2743 2742 2749
14121 1196 581 1195 1198
14122 86 55 89 97
14123 1631 1630 1627 1632
14124 4636 4635 4657 4656
14125 2402 2403 2405 2415
14126 2015 2016 2018 2010
14127 6136 6137 6172 6148
14128 2600 2606 2601 2596
14129 1299 1526 1518 1533
14130 4748 4741 4746 4743
14131 689 693 687 697
14132 3875 3878 3879 3881
14133 6280 6282 6284 6259
14134 2295 2296 2115 2305
14135 815 817 812 821
14136 256 265 263 208
14137 4325 4322 4405 4328
14138 5813 5801 5822 5812
14139 3074 3084 3848 3853
14140 1763 1765 1760 1785
14141 5852 4093 4388 4102
14142 1752 1756 1819 1827
14143 1987 1988 1993 1996
14144 365 366 370 373
14145 5538 5541 5508 5546
14146 2558 2559 2545 2568
14147 4359 4395 4364 4366
14148 1539 1378 1538 1548
14149 369 366 586 597
14150 858 830 861 850
14151 1299 1522 1526 1533
14152 907 930 932 933
14153 3376 3314 3378 3366
14154 1970 1989 1962 1966
14155 1719 1722 1723 1730
14156 4498 4476 4497 4480
14157 2904 2903 2890 2919
14158 4575 4576 4569 4579
14159 5320 4041 5373 4272
14160 4507 754 739 753
14161 5571 5576 5564 5572
14162 156 162 3623 3600
14163 1027 1026 1041 1030
14164 5047 5052 5045 5056
14165 741 727 748 750
14166 531 547 548 544
14167 1615 1632 1616 1633
14168 5764 3938 3939 3951
14169 1040 1027 1041 1043
14170 5806 5802 5801 5822
14171 3034 3033 3032 3045
14172 18 170 20 179
14173 5884 5922 5901 5892
14174 4826 4825 4827 4846
14175 4065 4088 4068 4077
14176 646 647 645 653
14177 2179 2189 2185 2186
14178 1933 1936 1937 1924
14179 1815 1752 1821 1827
14180 1841 1849 1846 1854
14181 2226 2163 2151 2568
14182 4972 4976 4990 4971
14183 1565 1568 1566 1590
14184 1121 1134 1123 1130
14185 6037 6036 5818 5825
14186 1917 1910 1909 1925
14187 4486 4489 4487 4495
14188 2766 2765 2816 2774
14189 2731 2730 2724 2736
14190 5348 5359 5361 5365
14191 1565 1566 1578 1590
14192 2214 2211 2217 2219
14193 5291 5270 5267 5294
14194 2988 2986 2984 2989
14195 6251 6254 6252 6257
14196 3005 3008 3006 3009
14197 2781 2779 2778 2780
14198 4573 4577 4578 4579
14199 2817 2803 2818 2806
14200 5721 5717 5722 5727
14201 802 820 815 821
14202 5849 5852 5847 5854
14203 4658 4671 4653 4663
14204 5191 5323 5324 5336
14205 6018 5987 5988 5999
14206 1064 1067 1069 1073
14207 4156 4183 4215 4160
14208 1844 1843 1845 1855
14209 20 23 18 27
14210 2752 2753 2770 2762
14211 3179 3174 3332 3337
14212 5544 5561 5545 5546
14213 1852 1841 1846 1854
14214 4465 4464 4466 4468
14215 1832 1831 1837 1840
14216 3677 3494 3678 3489
14217 5777 5775 5770 5774
14218 1213 1214 1378 1226
14219 4822 4825 4823 4846
14220 3639 3633 3641 3643
14221 769 772 707 780
14222 138 102 4527 109
14223 1574 1572 1632 1576
14224 3376 3314 3377 3378
14225 524 525 521 528
14226 661 469 664 666
14227 618 556 452 557
14228 1187 1251 1185 1256
14229 2588 2655 2589 2592
14230 2265 2269 2264 2275
14231 2171 2181 2186 2190
14232 6002 5998 5997 6021
14233 325 332 342 333
14234 3847 3848 3849 3853
14235 5507 5511 5506 5512
14236 3667 3670 3598 3599
14237 3925 3299 3972 3307
14238 842 839 843 850
14239 201 207 206 208
14240 4455 4457 4459 4482
14241 1288 1291 1290 1297
14242 4964 4965 4968 4971
14243 4276 4283 4277 4314
14244 4463 4485 4487 4468
14245 3144 3487 3485 3154
14246 632 633 628 638
14247 982 988 1040 989
14248 2627 2626 2545 2596
14249 4149 4154 4150 4159
14250 319 310 317 320
14251 4212 4217 4213 4189
14252 4461 4503 4509 4482
14253 1471 1476 1475 1478
14254 2823 2822 2830 2809
14255 2250 2251 2260 2261
14256 2688 2691 2694 2686
14257 2843 2840 2839 2847
14258 5802 5815 5801 5822
14259 4283 4284 4281 4287
14260 5648 5586 5646 5656
14261 4621 5471 5475 4230
14262 4471 3796 4400 4412
14263 2514 2504 2427 2513
14264 6136 6138 6137 6148
14265 2535 2530 2531 2541
14266 6276 6281 6280 6287
14267 3381 3398 3391 3404
14268 5695 5783 5732 5741
14269 4285 4045 4048 4046
14270 1529 1274 1276 1533
14271 4991 5012 5009 5013
14272 5638 5859 5856 5643
14273 534 552 535 544
14274 2266 2268 2273 2276
14275 791 787 788 794
14276 6112 6111 6108 6119
14277 336 335 367 347
14278 6107 6170 6108 6119
14279 2270 2272 2276 2345
14280 1568 1565 1567 1590
14281 4919 4916 4920 4928
14282 520 576 493 585
14283 1479 1483 1466 1493
14284 5464 5412 5467 5476
14285 6141 6145 6146 6147
14286 1902 1899 1696 1911
14287 534 531 548 544
14288 2771 2737 2455 2750
14289 5270 5291 5276 5294
14290 16 15 17 26
14291 90 95 88 97
14292 4460 4458 4455 4482
14293 905 930 907 933
14294 2700 2693 2703 2669
14295 1639 1638 1580 1590
14296 3025 3012 3009 3030
14297 3006 2818 2804 2806
14298 5813 5801 5814 5822
14299 1010 791 782 794
14300 809 1005 1004 794
14301 5169 5174 5175 5178
14302 1622 1605 1608 1616
14303 323 321 329 334
14304 924 838 833 933
14305 559 561 562 571
14306 3766 3765 3762 3768
14307 1050 1047 1046 1058
14308 6249 6159 6149 6161
14309 4822 4827 4825 4846
14310 3744 3750 3764 3755
14311 59 92 89 97
14312 3199 3206 3200 3212
14313 5506 5562 5544 5546
14314 3448 3459 3455 3460
14315 1133 1475 1373 1143
14316 380 1890 60 388
14317 1634 1577 1669 1646
14318 124 3582 3660 3599
14319 3320 4142 4139 4146
14320 5103 5337 5339 5112
14321 1963 2019 2014 2021
14322 2018 2016 2013 2010
14323 5144 5296 5148 5308
14324 29 31 1926 1953
14325 6170 6106 6167 6168
14326 3410 3407 3401 3419
14327 6245 6248 6231 6242
14328 3066 3068 3067 3071
14329 3234 3238 3232 3293
14330 3151 3175 3153 3155
14331 4161 3389 3388 3392
14332 6055 6077 6078 6061
14333 2455 2496 2457 2750
14334 1462 1460 1458 1464
14335 4232 4236 4233 4246
14336 3332 3174 3156 3337
14337 5718 5701 5702 5727
14338 2786 3023 2789 3031
14339 3087 3088 3093 3100
14340 5479 5329 5407 5489
14341 5975 5969 5972 5971
14342 2419 2435 2442 2375
14343 5870 5860 5875 5881
14344 5562 5506 5565 5518
14345 263 262 203 208
14346 5751 5766 5759 5755
14347 5325 5329 5326 5407
14348 4408 4400 3787 3796
14349 2699 2657 2656 2669
14350 962 930 905 933
14351 6149 6150 6151 6161
14352 469 466 462 474
14353 3047 3058 3679 3740
14354 5361 5372 5392 5365
14355 4526 4532 4530 4531
14356 3574 3654 3578 3586
14357 2781 2782 2783 2779
14358 5901 5884 5892 5894
14359 2822 2807 2486 2820
14360 2455 2457 2775 2750
14361 2546 2552 2162 2568
14362 518 1180 516 529
14363 2555 2567 2564 2568
14364 1214 1213 1270 1226
14365 2014 2015 2036 2021
14366 1619 1621 1623 1633
14367 1472 1377 1379 1548
14368 85 84 88 95
14369 5634 5639 5672 5644
14370 502 495 496 500
14371 1902 1901 1899 1911
14372 2656 2657 2658 2669
14373 5031 5029 5030 5042
14374 5145 5295 5296 5308
14375 1362 1361 1357 1367
14376 4268 4041 4046 4049
14377 5638 5640 5859 5643
14378 1293 1289 1314 1324
14379 5163 5162 5164 5166
14380 2531 2530 2528 2541
14381 4803 4800 4751 4784
14382 2651 2654 2655 2592
14383 227 234 225 238
14384 93 90 94 96
14385 5457 5419 5349 5461
14386 414 484 1347 418
14387 4154 4149 4306 4159
14388 770 771 773 779
14389 3926 3933 3925 3936
14390 3622 3619 3602 3627
14391 4276 4284 4283 4314
14392 369 374 366 597
14393 3131 3118 3117 3004
14394 408 1347 1344 418
14395 2153 2152 2155 2163
14396 4237 4232 4233 4246
14397 1251 1185 1245 1187
14398 4877 4859 4853 4860
14399 535 533 534 544
14400 3580 3644 3654 3655
14401 2223 2220 2247 2233
14402 5191 5324 5309 5151
14403 229 237 235 228
14404 6235 6236 6233 6240
14405 1887 1888 1891 1896
14406 5569 5567 5570 5573
14407 2771 2455 2775 2750
14408 3291 3223 3172 3294
14409 991 1007 1005 1003
14410 3582 3670 3660 3599
14411 1638 1567 1580 1590
14412 4779 4784 4800 4804
14413 199 265 249 208
14414 1600 2001 1737 2009
14415 4485 4461 4509 4468
14416 5291 5276 5277 5270
14417 4329 4341 4330 4342
14418 646 649 651 653
14419 2167 2596 2586 2612
14420 6000 6018 5999 6008
14421 5804 5802 5805 5800
14422 1048 1051 1052 1057
14423 2168 2185 2179 2191
14424 3081 3082 3060 3071
14425 5870 5875 5873 5881
14426 4627 4629 4631 4637
14427 5603 5606 5605 5615
14428 5957 5955 5953 5963
14429 170 18 169 179
14430 5170 5174 5169 5178
14431 2606 2546 2156 2596
14432 3023 3024 2990 3031
14433 5300 5298 5304 5308
14434 815 812 802 821
14435 5124 5121 5123 5125
14436 5427 5432 5429 5434
14437 3064 3054 3065 3072
14438 235 231 229 238
14439 3748 3072 3744 3755
14440 4406 4389 4405 4409
14441 889 919 906 920
14442 4487 4490 4466 4496
14443 1582 1584 1580 1590
14444 388 1896 1880 375
14445 2858 2837 2855 2862
14446 5822 5825 5819 5826
14447 5083 5081 5078 5085
14448 185 187 190 124
14449 3178 3181 3177 3183
14450 4176 4187 4163 4579
14451 805 796 800 821
14452 241 243 242 265
14453 1976 1974 1977 1981
14454 4405 4402 4400 4412
14455 3587 3576 3579 3596
14456 6049 5954 6048 5963
14457 4644 4642 4643 4649
14458 1831 1834 1837 1840
14459 5343 5346 5347 5344
14460 6141 6140 6145 6147
14461 3657 3654 3644 3655
14462 5679 5682 5683 5686
14463 3382 3384 3383 3391
14464 6232 5793 5791 5796
14465 816 818 814 821
14466 3335 3325 3334 3336
14467 3542 3538 3537 3541
14468 201 200 207 208
14469 2670 2703 2353 2669
14470 1526 1520 1550 1521
14471 4789 4790 4712 4721
14472 1550 1520 1511 1521
14473 5751 4087 4082 5755
14474 6267 6265 6261 6272
14475 1776 367 335 1783
14476 4887 4879 4886 4921
14477 4953 4955 4951 4956
14478 1580 1567 1565 1590
14479 2457 2499 2540 2750
14480 159 154 160 163
14481 1987 1985 2120 1996
14482 2018 2013 2004 2010
14483 2628 2626 2639 2550
14484 3005 3009 3006 2806
14485 4826 4780 4778 4788
14486 6052 6068 6051 6063
14487 1580 1565 1578 1590
14488 921 926 959 925
14489 1970 1972 1977 1981
14490 1608 1609 1611 1617
14491 4036 4050 4282 4063
14492 1349 413 1344 1353
14493 4106 4110 4113 4114
14494 3019 2800 3020 2805
14495 5743 5748 5745 5766
14496 1489 1490 1482 1493
14497 3331 3334 3328 3336
14498 4155 4153 4149 4160
14499 783 797 784 794
14500 2224 2163 2220 2233
14501 3282 3333 3292 3308
14502 47 48 44 53
14503 1286 1292 1288 1297
14504 2053 2052 2054 2056
14505 5159 5153 5158 5152
14506 2347 2415 2413 2371
14507 3022 3030 3009 2806
14508 1578 1582 1580 1590
14509 1849 1838 1846 1854
14510 2724 2725 2727 2736
14511 5498 5493 5496 5560
14512 803 797 891 807
14513 1158 1166 1146 1157
14514 2348 2367 2369 2371
14515 469 468 467 474
14516 4283 4280 4277 4314
14517 508 490 510 513
14518 4533 4531 4532 4546
14519 2067 2338 2040 2051
14520 154 158 159 167
14521 2036 2032 2014 2021
14522 1846 1838 1852 1854
14523 5477 5480 5329 5489
14524 5811 5822 5810 5826
14525 1619 1620 1621 1633
14526 1150 1147 1153 1157
14527 324 224 322 331
14528 2062 1999 1600 2009
14529 6003 5996 5995 6006
14530 5552 5541 5543 5546
14531 422 428 425 432
14532 4298 4295 4294 4291
14533 5680 5682 5677 5684
14534 5271 5263 5269 5266
14535 3987 3989 3986 3992
14536 3735 3678 3677 3682
14537 1722 1574 1631 1730
14538 659 663 662 664
14539 4777 4783 4781 4788
14540 175 178 172 181
14541 90 92 94 96
14542 1514 1512 1513 1520
14543 2215 2214 2216 2219
14544 5622 5670 5625 5628
14545 2626 2550 2545 2596
14546 1526 1518 1520 1521
14547 4139 4142 4134 4146
14548 5397 5400 5393 5407
14549 4337 4336 4335 4340
14550 1908 1905 1907 1910
14551 2873 2846 2845 2848
14552 3006 3010 3007 2751
14553 1463 1432 1429 1436
14554 1017 807 1151 1172
14555 5995 3196 3190 5938
14556 5170 5169 5168 5178
14557 5885 3305 3931 3937
14558 2196 2194 2198 2201
14559 5895 5959 5967 5897
14560 3015 3013 3016 3018
14561 1917 1916 1913 1925
14562 3534 3560 3538 3570
14563 296 214 230 238
14564 931 932 930 933
14565 2126 2123 2128 2131
14566 2692 2694 2693 2695
14567 1574 1722 1721 1576
14568 3483 3478 3487 3504
14569 1158 1145 1160 1172
14570 1845 1847 1844 1855
14571 4884 4878 4855 4860
14572 154 156 155 166
14573 1572 1574 1573 1576
14574 3009 3018 3006 2806
14575 3446 3445 3444 3441
14576 3369 3361 3354 3366
14577 2404 2399 2406 2400
14578 2045 2340 2051 2345
14579 5106 5337 5103 5112
14580 5175 4909 5169 5178
14581 2789 3023 2788 3031
14582 426 425 428 432
14583 3708 3704 3705 3712
14584 2404 2398 2399 2400
14585 2626 2627 2639 2596
14586 3588 3583 3582 3599
14587 3353 3357 3354 3365
14588 4491 4490 4487 4496
14589 2545 2546 2596 2568
14590 2496 2451 2455 2457
14591 4849 4877 4853 4860
14592 4541 4521 4522 4550
14593 1292 1291 1288 1297
14594 1048 1044 995 1057
14595 757 739 754 767
14596 5421 5424 5422 5423
14597 1522 1299 1298 1533
14598 3288 5890 3286 3293
14599 4744 4737 4738 4742
14600 5499 5677 5673 5686
14601 4406 4405 4407 4409
14602 5177 5175 5174 5178
14603 6002 5997 6001 6008
14604 2327 2328 2326 2331
14605 457 555 456 459
14606 762 760 758 768
14607 140 145 194 143
14608 5208 5214 5209 5223
14609 2435 2443 2442 2375
14610 5924 3190 3186 3195
14611 4505 4504 4507 4511
14612 2597 2598 2178 2612
14613 5778 5777 5770 5774
14614 5857 5639 5636 5643
14615 2245 2244 2201 2248
14616 4867 4872 4847 4851
14617 3223 3285 3221 3294
14618 3283 3179 3329 3337
14619 583 559 562 568
14620 2783 2782 2781 2787
14621 5804 5803 5806 5812
14622 5814 6235 6278 5797
14623 3298 3288 3284 3306
14624 5506 5539 5540 5546
14625 743 748 749 750
14626 4746 4823 4748 4743
14627 2399 2401 2404 2402
14628 3561 3562 3560 3570
14629 5469 5485 5468 5474
14630 4051 4055 4040 4044
14631 4140 4151 4152 4147
14632 651 649 771 779
14633 1449 1463 1461 1465
14634 621 478 480 473
14635 5083 5078 5079 5085
14636 2404 2402 2403 2405
14637 5639 5870 5869 5881
14638 3687 3688 3650 3699
14639 2262 2264 2271 2275
14640 4024 4033 4022 4035
14641 2397 2395 2396 2399
14642 5874 5871 5876 5826
14643 1852 1838 1833 1854
14644 902 904 894 898
14645 537 1247 1252 545
14646 5745 5780 5743 5766
14647 5291 5770 5228 5267
14648 2056 2054 2053 2057
14649 5954 5956 5953 5963
14650 288 250 241 245
14651 3952 3938 6087 6090
14652 4029 4023 4026 4031
14653 5552 5508 5541 5546
14654 537 1245 1185 532
14655 1040 1032 982 1043
14656 4526 675 4519 681
14657 3093 3111 3112 3100
14658 3093 3112 3098 3100
14659 4937 4906 4927 4943
14660 2563 2558 2559 2560
14661 5717 5718 5721 5715
14662 6138 6268 6120 6272
14663 1993 1986 1987 1996
14664 793 788 784 794
14665 1292 1294 1295 1297
14666 1107 1104 1105 1111
14667 4793 4801 4799 4804
14668 5020 5023 5084 5028
14669 6056 6061 6057 6063
14670 4741 4748 4738 4743
14671 5817 5825 5811 5826
14672 540 537 1252 545
14673 5217 5211 5213 5223
14674 2988 2984 2985 2989
14675 4391 5862 5850 4398
14676 948 949 937 947
14677 4746 4823 4743 4776
14678 289 281 286 288
14679 4821 4832 4819 4833
14680 1085 807 1017 1172
14681 3284 3293 3285 3294
14682 2460 2462 2505 2463
14683 4738 4748 4744 4743
14684 2193 2208 2200 2219
14685 5466 5470 5468 5474
14686 838 823 833 850
14687 842 840 839 850
14688 5164 5162 5147 5166
14689 5975 5969 5971 5968
14690 958 931 930 927
14691 199 252 265 208
14692 5663 5528 5607 5661
14693 3481 3488 3486 3490
14694 1543 1545 1547 1546
14695 156 3623 3590 3600
14696 221 222 214 238
14697 1195 575 1191 581
14698 1947 1908 1948 1952
14699 4639 4638 4640 4649
14700 5024 5020 5021 5028
14701 250 241 253 243
14702 5538 5534 5535 5536
14703 2674 2666 2671 2669
14704 1136 1135 1141 1140
14705 1816 1819 1756 1827
14706 2703 2705 2700 2669
14707 4261 4295 4238 4273
14708 4838 4844 4841 4846
14709 296 299 214 238
14710 1085 1172 1017 1087
14711 1280 1515 1276 1533
14712 6112 5920 6115 6119
14713 5587 5658 5595 5727
14714 3787 3791 3795 3796
14715 359 352 353 361
14716 5846 5853 5843 5855
14717 1490 1489 1503 1493
14718 5623 5620 5624 5621
14719 461 465 423 433
14720 2629 2632 2588 2592
14721 1300 1299 1526 1518
14722 1999 2001 1600 2009
14723 622 469 661 666
14724 2109 2116 2115 2119
14725 1370 1066 1063 1060
14726 6268 6266 6120 6272
14727 5502 5677 5499 5686
14728 3300 3305 3288 3306
14729 5411 5415 5412 5420
14730 5718 5714 5591 5727
14731 200 202 207 208
14732 2424 2421 2422 2415
14733 1564 1574 1721 1576
14734 2263 2266 2267 2276
14735 1592 2062 1600 1604
14736 2379 2500 2504 2502
14737 3745 3758 3746 3770
14738 2491 2494 2492 2499
14739 690 693 57 697
14740 2114 2109 2111 2119
14741 5359 5356 5358 5365
14742 5818 5825 5817 5826
14743 6011 5976 6009 6021
14744 3092 3093 3098 3100
14745 997 1048 995 1057
14746 6259 6217 6223 6229
14747 1472 1379 1476 1478
14748 3118 3121 3117 3004
14749 1503 1505 1490 1493
14750 4716 4714 4719 4717
14751 4742 4738 4744 4743
14752 4717 4714 4719 4721
14753 3554 162 164 3558
14754 5429 5432 5428 5434
14755 2965 2848 2963 2975
14756 5452 5453 5415 5462
14757 5114 5117 4997 5116
14758 1857 1859 1856 1869
14759 1859 1858 1856 1869
14760 2 9 8 10
14761 5482 5480 5481 5489
14762 3493 3189 3188 3212
14763 3832 3828 3838 3839
14764 3634 3633 3639 3643
14765 6277 6281 6237 6236
14766 1891 1895 1876 1896
14767 6252 6249 6248 6253
14768 3977 3984 3991 3979
14769 838 933 909 920
14770 6058 6057 6059 6061
14771 3499 3496 3483 3504
14772 783 784 787 794
14773 5732 5736 5731 5741
14774 765 762 766 768
14775 5807 5815 5822 5825
14776 4953 4955 4950 4928
14777 6248 6253 6254 6252
14778 2704 2694 2691 2695
14779 4871 4842 4839 4841
14780 1901 1898 1899 1911
14781 4108 4064 4066 4077
14782 1376 1406 1370 1380
14783 3792 3790 3789 3785
14784 5432 5430 5339 5434
14785 5670 5671 5672 5644
14786 1253 1254 1255 1250
14787 469 462 634 666
14788 2316 2315 2317 2318
14789 5989 5986 5984 5993
14790 5964 5970 5974 5969
14791 817 815 811 821
14792 1382 1384 1451 1394
14793 5618 5787 5599 5798
14794 2622 2623 2625 2554
14795 3389 3390 3387 3404
14796 1051 1048 997 1057
14797 2270 2339 2272 2345
14798 6193 6195 6194 6190
14799 5771 5743 5739 5780
14800 17 1 0 26
14801 2890 2905 2904 2919
14802 5057 4875 4766 4763
14803 1122 1123 1124 1130
14804 5497 5495 5498 5560
14805 3088 3089 3091 3101
14806 376 363 382 389
14807 1737 2002 1732 2009
14808 2308 2315 2306 2318
14809 2987 2982 2986 2979
14810 4505 4502 4504 4511
14811 3928 3931 3934 3937
14812 1242 1248 1227 1241
14813 1158 1157 1144 1172
14814 5678 5679 5683 5686
14815 408 414 1347 418
14816 5008 5002 5006 5014
14817 6013 6017 6011 6021
14818 1235 1227 1248 1241
14819 5770 6149 5267 6161
14820 1319 1294 1318 1324
14821 5426 5422 5428 5434
14822 479 486 482 488
14823 1019 1027 1018 1030
14824 266 291 274 272
14825 350 339 349 346
14826 5638 5856 5636 5643
14827 817 814 812 821
14828 5004 4987 5009 5013
14829 1704 1709 1712 1716
14830 2154 2191 2248 2233
14831 4240 4252 4237 4246
14832 5817 5811 5816 5826
14833 4575 4578 4576 4579
14834 44 48 43 53
14835 1335 1345 1326 1339
14836 2007 2004 2013 2010
14837 3831 3867 3843 3839
14838 5551 5555 5560 5546
14839 2727 2729 2724 2736
14840 723 719 705 725
14841 2830 2823 2809 2826
14842 5901 5921 5900 5908
14843 5500 5502 5498 5585
14844 4054 4031 4056 3948
14845 1645 1644 1643 1646
14846 4235 5380 4239 5448
14847 3171 3172 3223 3294
14848 3403 3395 3451 3460
14849 811 809 808 794
14850 4869 4867 4874 4851
14851 4598 4596 4540 4601
14852 4836 4842 4828 4846
14853 1458 1460 1454 1464
14854 812 814 798 821
14855 469 467 466 474
14856 2730 2696 2724 2736
14857 2270 2268 2274 2276
14858 2584 2586 2587 2612
14859 5735 5731 5736 5741
14860 565 564 566 571
14861 3788 3829 3840 3839
14862 1314 518 503 529
14863 523 504 503 529
14864 3118 3123 3122 3128
14865 18 23 22 27
14866 910 1159 906 920
14867 3111 3094 3108 3100
14868 3832 3838 3867 3839
14869 5123 5119 5122 5125
14870 1414 1411 1447 1422
14871 3341 3344 3342 3349
14872 2152 2151 2155 2163
14873 3706 3672 3690 3711
14874 2543 2571 2550 2558
14875 5613 5663 5616 5628
14876 3111 3093 3094 3100
14877 4965 4972 4968 4971
14878 440 439 456 459
14879 3973 3925 3970 3979
14880 2626 2639 2550 2596
14881 3537 3616 3534 3617
14882 461 466 465 474
14883 5232 5393 5231 5336
14884 2601 2604 2599 2612
14885 2823 2830 2822 2824
14886 743 741 748 750
14887 4884 4855 4858 4860
14888 5147 5148 5297 5150
14889 2698 2702 2699 2669
14890 5903 5936 5931 5949
14891 5735 5738 5731 5741
14892 1631 1723 1722 1730
14893 4325 4405 4358 4328
14894 1005 809 992 794
14895 1977 1972 1976 1981
14896 5008 5006 5010 5014
14897 4726 4731 4723 4729
14898 819 814 817 821
14899 4766 4783 4765 4804
14900 2936 2937 2939 2938
14901 5718 5717 5719 5715
14902 2601 2599 2596 2612
14903 3016 3017 3015 3018
14904 5638 5637 5640 5643
14905 3347 3344 3368 3349
14906 2082 2086 2098 2093
14907 5721 5587 5595 5727
14908 2817 2802 2803 2806
14909 206 203 201 208
14910 2858 2854 2856 2862
14911 4317 4345 4347 4356
14912 6017 6018 6013 6015
14913 4603 4602 4606 4609
14914 124 125 190 3599
14915 5545 5539 5544 5546
14916 465 466 467 474
14917 5436 5380 5435 5448
14918 5876 3785 3786 6035
14919 5722 5723 5587 5727
14920 4953 4927 4967 4928
14921 3973 3970 3969 3979
14922 1295 1291 1292 1297
14923 3033 3034 3043 3045
14924 454 453 448 459
14925 3560 3562 3538 3570
14926 4304 4307 4306 4302
14927 2870 2963 2965 2848
14928 563 561 560 571
14929 879 857 852 874
14930 4621 5471 5463 5475
14931 2165 2177 2168 2191
14932 2702 2657 2699 2669
14933 919 910 906 920
14934 5789 5700 5598 5798
14935 6228 6217 6223 6220
14936 461 422 432 433
14937 5289 5290 5291 5294
14938 3189 3192 3191 3185
14939 3933 3934 3935 3937
14940 4378 4377 4376 4373
14941 6197 6198 6282 6217
14942 5874 5816 5871 5826
14943 6084 6082 6086 6091
14944 6199 6280 6217 6197
14945 618 551 556 557
14946 88 91 90 97
14947 2854 2858 2855 2862
14948 3887 3896 3879 3881
14949 1555 1455 1552 1456
14950 2539 2530 2535 2541
14951 6167 6165 6169 6174
14952 5520 5508 5494 5518
14953 262 263 258 265
14954 4358 4357 4318 4364
14955 3745 3742 3748 3755
14956 563 560 565 571
14957 6011 5976 5968 6009
14958 4801 4764 4765 4804
14959 5748 5759 5751 5766
14960 816 814 819 821
14961 1612 1611 1609 1617
14962 5468 5485 5483 5474
14963 1343 1348 1344 1353
14964 4989 4986 4988 5000
14965 2395 2397 2392 2399
14966 4803 4784 4751 4804
14967 5634 5672 5671 5644
14968 729 728 732 731
14969 532 558 1185 545
14970 194 178 140 181
14971 5770 5699 6149 6161
14972 956 951 957 959
14973 6022 5882 5874 6035
14974 5705 5687 5688 5706
14975 4464 4462 4460 4468
14976 5619 5609 5608 5615
14977 6152 6254 6162 6175
14978 2808 2486 2807 2820
14979 3618 3622 3617 3627
14980 5538 5539 5541 5546
14981 3393 3450 3395 3406
14982 3583 3579 3580 3586
14983 3477 3480 3484 3489
14984 3387 3419 3401 3404
14985 2472 2474 2481 2476
14986 222 231 235 238
14987 4978 4974 4979 4984
14988 4154 4306 4307 4159
14989 5412 5420 5415 5462
14990 481 482 463 488
14991 4945 4948 4951 4956
14992 462 466 461 474
14993 2475 2473 2477 2479
14994 463 482 470 488
14995 2210 2200 2208 2219
14996 5389 5457 5361 5461
14997 4051 4052 4053 4055
14998 329 238 330 334
14999 5420 5462 5412 5476
15000 2788 3020 2799 2805
15001 4620 4618 4622 4623
15002 5337 5342 5347 5338
15003 1447 1411 1409 1422
15004 3395 3403 3400 3406
15005 4455 4472 4475 4482
15006 2724 2726 2725 2736
15007 2017 2013 2016 2010
15008 1007 983 987 989
15009 2547 2628 2548 2549
15010 3208 3202 3186 3198
15011 3977 3984 3976 3991
15012 880 920 884 807
15013 6279 6284 6280 6282
15014 5816 5818 5817 5826
15015 5548 5541 5543 5552
15016 6249 6149 5699 6161
15017 6149 5294 5267 6161
15018 1948 1949 1947 1952
15019 2399 2398 2396 2400
15020 470 482 485 488
15021 2341 2323 2272 2345
15022 5734 5731 5735 5738
15023 4719 4720 4716 4717
15024 144 148 138 152
15025 4294 4291 4295 4301
15026 2545 2546 2605 2596
15027 46 94 92 96
15028 6154 6168 6157 6160
15029 3440 3444 3445 3441
15030 486 479 483 488
15031 5739 5695 5771 5783
15032 5610 5604 5603 5615
15033 2658 2668 2523 2660
15034 4783 4875 4787 4763
15035 5914 6112 5920 5919
15036 69 45 30 54
15037 5637 5638 5632 5643
15038 1349 1344 1348 1353
15039 956 953 959 928
15040 5291 5293 5276 5294
15041 782 793 784 794
15042 1587 1588 1584 1590
15043 1316 1315 1314 1324
15044 3791 3787 3788 3796
15045 3319 3322 3314 3366
15046 4872 4851 4848 4860
15047 1523 1550 1526 1520
15048 5278 5270 5276 6161
15049 4966 4963 4988 4971
15050 226 236 224 238
15051 5566 5565 5567 5569
15052 5789 5790 5700 5799
15053 3742 3070 3067 3755
15054 2751 2773 2769 2777
15055 540 533 537 545
15056 5359 5360 5361 5365
15057 4471 4400 4470 4412
15058 1805 1817 1833 1814
15059 5981 6078 3850 3851
15060 254 261 253 265
15061 6014 6013 6017 6011
15062 233 232 218 208
15063 2661 2664 2667 2669
15064 1431 1433 1427 1436
15065 3439 3437 3435 3447
15066 5601 5618 5599 5798
15067 1560 1497 1498 1501
15068 1631 1574 1630 1632
15069 248 241 288 287
15070 2495 2494 2497 2499
15071 5811 5809 5808 5807
15072 143 159 149 167
15073 5497 5496 5498 5493
15074 532 1185 537 545
15075 1494 1490 1505 1493
15076 3660 3583 3644 3670
15077 1917 1913 1914 1925
15078 323 329 330 334
15079 855 852 875 856
15080 617 658 656 667
15081 3006 2804 2802 2806
15082 5219 5233 5395 5236
15083 5264 5263 5284 5292
15084 1006 1011 1009 1003
15085 2549 2628 2548 2550
15086 252 262 260 265
15087 5998 5997 6001 6002
15088 5976 6011 5971 6017
15089 4023 4034 4031 4035
15090 1376 1370 1369 1380
15091 2965 2846 2873 2848
15092 5764 3939 4023 3951
15093 4178 4180 4179 4189
15094 275 269 267 272
15095 563 565 566 571
15096 5664 5660 5666 5661
15097 3869 3873 3874 3880
15098 4795 4798 4797 4791
15099 1457 1459 1458 1464
15100 5171 5172 5170 5173
15101 3199 3189 3493 3212
15102 3022 3026 3025 3030
15103 2025 2274 2263 2276
15104 5273 5271 5268 5269
15105 324 328 332 334
15106 5777 5775 5246 5770
15107 2417 2438 2439 2441
15108 1631 1632 1627 1617
15109 4612 4236 4232 4246
15110 5921 5899 5900 5908
15111 6241 6238 6240 6250
15112 3089 3050 3048 3101
15113 707 496 709 500
15114 3385 3386 3389 3404
15115 5760 5762 5763 5761
15116 5047 5045 5064 5056
15117 5061 5063 5086 5087
15118 1816 1818 1819 1827
15119 5552 5492 5491 5508
15120 1871 1883 1878 1896
15121 5870 5873 5869 5881
15122 4790 4719 4714 4721
15123 1914 1919 1915 1924
15124 4463 4487 4466 4468
15125 89 91 88 97
15126 3633 3631 3635 3642
15127 648 649 640 653
15128 2913 2916 2910 2905
15129 606 611 605 612
15130 5263 5264 5268 5292
15131 977 984 990 989
15132 5230 5219 5395 5236
15133 4954 4967 4965 4962
15134 5176 5170 5152 5174
15135 1245 1251 1246 1247
15136 5554 5493 5492 5560
15137 3446 3161 3147 3169
15138 4947 4952 4958 4956
15139 717 714 716 726
15140 2398 2404 2396 2400
15141 698 699 684 686
15142 3050 3089 3090 3101
15143 3927 3962 3960 3965
15144 206 205 198 208
15145 1144 1150 1152 1157
15146 2729 2731 2724 2736
15147 4177 4164 4176 4187
15148 5011 5009 5012 5013
15149 89 88 87 97
15150 2555 2226 2542 2568
15151 5804 5806 5801 5812
15152 1306 1274 1529 1533
15153 5493 5498 5497 5495
15154 1572 1630 1574 1632
15155 1340 1348 1342 1353
15156 4106 4108 4105 4077
15157 201 262 252 208
15158 2495 2493 2490 2499
15159 2571 2558 2543 2568
15160 6053 6009 6049 6032
15161 3877 3890 3878 3881
15162 1534 1469 1540 1472
15163 5974 5973 5970 5979
15164 1490 1483 1482 1493
15165 2695 2692 2691 2685
15166 1948 1944 1949 1952
15167 5781 5776 5778 5768
15168 1851 1843 1844 1855
15169 755 759 758 767
15170 2423 2375 2360 2386
15171 87 86 89 97
15172 2589 2591 2593 2586
15173 3222 3150 3153 3155
15174 5645 5583 5581 5586
15175 5206 5231 5187 5193
15176 2494 2495 2492 2499
15177 4670 4610 4590 4680
15178 5431 5427 5432 5429
15179 1294 1286 1293 1297
15180 262 201 203 208
15181 399 429 419 427
15182 3121 3118 3124 3004
15183 501 510 490 513
15184 2769 2770 2766 2777
15185 2649 2644 2642 2646
15186 5064 5058 5043 5056
15187 960 955 952 959
15188 1298 1306 1525 1533
15189 5380 5436 5381 5448
15190 1145 1158 1144 1172
15191 4947 4946 4952 4956
15192 4835 4782 4843 4788
15193 4674 4670 4590 4680
15194 5646 5656 5586 5658
15195 4823 4741 4746 4748
15196 5291 5286 5287 5289
15197 5057 5059 5058 4773
15198 2154 2176 2175 2191
15199 255 265 261 208
15200 5012 5032 5031 5042
15201 1749 1756 1752 1758
15202 5600 5786 5789 5798
15203 2557 2556 2560 2573
15204 3583 3670 3582 3599
15205 57 693 63 67
15206 3856 3864 3855 3867
15207 2396 2397 2399 2400
15208 5272 5275 5271 5266
15209 5148 5298 5297 5308
15210 2516 2517 2518 2527
15211 1356 1361 1355 1367
15212 6016 5983 6018 6013
15213 5244 5249 5275 5266
15214 4881 4879 4887 4889
15215 5678 5666 5660 5686
15216 2167 2586 2584 2612
15217 261 265 256 208
15218 6058 6057 6061 6063
15219 5468 5483 5465 5474
15220 800 818 805 821
15221 5413 5410 5428 5434
15222 811 810 819 821
15223 1082 1084 1081 1087
15224 2870 2965 2873 2848
15225 4203 4212 4193 4217
15226 3556 3549 3560 3559
15227 201 252 200 208
15228 4030 4031 4054 4035
15229 811 794 808 821
15230 3641 3633 3636 3642
15231 2490 2492 2495 2499
15232 2999 3121 3001 3004
15233 4153 4206 4290 4160
15234 3147 3445 3446 3169
15235 2159 2601 2606 2596
15236 4907 4905 4904 4914
15237 2159 2606 2156 2596
15238 384 1896 388 375
15239 44 49 47 53
15240 926 956 959 928
15241 809 1004 808 794
15242 5787 5788 5599 5798
15243 5843 5841 5844 5855
15244 1279 1291 1295 1297
15245 150 144 146 148
15246 2751 2804 3006 2818
15247 5718 5714 5721 5715
15248 2602 2601 2159 2612
15249 5358 5372 5360 5365
15250 2186 2181 2187 2190
15251 4516 4522 4521 4550
15252 5468 5465 5466 5474
15253 2482 2486 2475 2483
15254 3499 3483 3206 3504
15255 5887 5888 5890 5894
15256 4392 4396 4391 4398
15257 3300 3288 3298 3306
15258 1564 1573 1574 1576
15259 5846 5845 5843 5853
15260 3316 4140 4143 4142
15261 6001 5997 6000 6008
15262 146 144 143 152
15263 1526 1550 1552 1521
15264 160 154 155 163
15265 834 827 831 835
15266 2109 2117 2116 2119
15267 5901 5888 5884 5894
15268 5499 5673 5660 5686
15269 3186 3202 3187 3195
15270 42 1945 1935 33
15271 2588 2586 2543 2596
15272 336 367 368 347
15273 2696 2697 2425 2736
15274 5173 5172 5170 5174
15275 2424 2422 2426 2415
15276 5206 5187 5204 5193
15277 4347 4348 4350 4356
15278 2693 2685 2695 2687
15279 5673 5502 5677 5499
15280 5020 5024 5023 5028
15281 4950 4955 4953 4956
15282 2220 2154 2244 2233
15283 581 1196 1188 1198
15284 4972 4990 4968 4971
15285 6206 6199 6217 6221
15286 960 952 954 959
15287 2573 2562 2569 2570
15288 5965 5970 5973 5964
15289 5675 5680 5681 5676
15290 5487 5489 5474 5476
15291 661 664 659 660
15292 5556 5493 5554 5560
15293 5395 5232 5230 5236
15294 5270 5777 5770 6161
15295 5754 4087 5751 5755
15296 4527 4528 4537 4535
15297 5298 5296 5295 5308
15298 158 149 159 167
15299 5291 5270 5770 5267
15300 2220 2163 2226 2568
15301 913 918 905 917
15302 2176 2150 2167 2596
15303 947 949 937 944
15304 6228 6218 6217 6221
15305 5722 5587 5721 5727
15306 805 795 888 800
15307 4297 4296 4292 4314
15308 5022 5024 5021 5028
15309 6092 6086 6093 6082
15310 1752 1819 1821 1827
15311 874 873 875 877
15312 3288 3247 5889 5894
15313 2199 2211 2193 2219
15314 4944 4950 4953 4956
15315 4195 4194 4249 4259
15316 6229 6217 6223 6228
15317 2451 2450 2452 2457
15318 2888 2855 2835 2862
15319 2655 2632 2651 2592
15320 3499 3504 3206 3212
15321 3682 3674 3680 3684
15322 5813 5617 5801 5812
15323 4031 4034 4054 4035
15324 823 787 824 822
15325 4179 4185 4186 4181
15326 5291 5227 5286 5289
15327 766 759 770 768
15328 5735 5736 5739 5741
15329 3223 3291 3285 3294
15330 1990 1970 1977 1981
15331 5059 5064 5060 5061
15332 988 985 1040 989
15333 58 57 63 67
15334 5323 5231 5393 5336
15335 1894 1895 1891 1896
15336 6154 6157 6151 6161
15337 207 205 206 208
15338 5258 5257 5255 5284
15339 3310 3335 3315 3322
15340 3582 3583 3660 3670
15341 6235 5791 5814 5823
15342 3563 3544 3547 3551
15343 3890 3876 3889 3881
15344 4084 4108 4106 4077
15345 3338 3450 3393 3406
15346 975 951 971 974
15347 5482 4643 5480 4650
15348 2863 2852 2857 2850
15349 1343 1342 1348 1353
15350 2475 2472 2481 2459
15351 5889 3288 3305 3247
15352 4040 4039 4053 4051
15353 2601 2596 2159 2612
15354 1009 1081 1080 1087
15355 799 803 884 807
15356 1588 1643 1584 1590
15357 1851 1769 1778 1855
15358 2414 2411 2413 2415
15359 1780 1845 1778 1855
15360 4893 4829 4890 4831
15361 2888 2854 2855 2862
15362 1905 1910 1908 1952
15363 970 971 975 976
15364 3304 3972 3299 3307
15365 5714 5718 5721 5727
15366 6198 6195 6194 6193
15367 5580 5578 5576 5575
15368 1818 1768 1823 1827
15369 2589 2586 2588 2592
15370 2769 2773 2770 2777
15371 2420 2403 2421 2415
15372 4031 3948 4054 4034
15373 58 56 57 67
15374 4040 4038 4051 4044
15375 5513 5565 5506 5518
15376 2726 2425 2725 2736
15377 5786 5792 5789 5798
15378 1523 1511 1550 1520
15379 3587 3588 188 3596
15380 1005 1007 1006 1003
15381 6022 6024 6028 6035
15382 4175 4193 4212 4189
15383 168 311 310 180
15384 3329 3179 3332 3337
15385 85 88 90 95
15386 5297 5298 5300 5308
15387 4849 4844 4877 4860
15388 1511 1509 1512 1520
15389 1540 1536 1534 1472
15390 3672 3706 3681 3712
15391 4796 4777 4793 4804
15392 6078 3851 5981 6061
15393 4639 4640 4641 4649
15394 1034 1423 1037 1035
15395 2375 2378 2381 2386
15396 3370 3372 3373 3379
15397 812 798 802 821
15398 5926 5973 5974 5979
15399 5616 5663 5667 5628
15400 3480 3482 3484 3489
15401 3940 3955 3942 3945
15402 991 996 992 993
15403 142 138 148 152
15404 3534 3617 3616 3620
15405 3399 3385 3387 3404
15406 6282 6198 6223 6217
15407 2733 2735 2693 2736
15408 3981 3988 3982 3993
15409 4353 4352 4630 4633
15410 5930 5925 3228 5937
15411 889 880 909 920
15412 1368 1373 1374 1380
15413 3118 3122 3124 3128
15414 576 577 493 585
15415 5551 5550 5557 5558
15416 4116 4114 4108 4077
15417 4952 4949 4945 4956
15418 1772 1766 1790 1785
15419 2956 2967 2968 2959
15420 16 0 10 26
15421 241 242 239 265
15422 385 379 383 389
15423 2399 2392 2395 2402
15424 5846 5847 5851 5854
15425 5031 5032 5033 5042
15426 787 784 788 794
15427 454 439 453 459
15428 228 236 226 238
15429 782 784 792 794
15430 1298 1299 1306 1533
15431 263 198 256 208
15432 384 1871 1878 1896
15433 212 224 234 238
15434 2411 2408 2413 2415
15435 3835 3832 3830 3838
15436 304 221 301 238
15437 248 241 239 246
15438 2437 2417 2438 2432
15439 3833 3830 3827 3838
15440 4945 4949 4946 4956
15441 5814 5788 5813 5798
15442 6041 6025 6042 6044
15443 3742 3067 3748 3755
15444 3869 4465 3873 3880
15445 6067 6074 6068 6072
15446 5976 6011 5968 5971
15447 891 884 803 807
15448 799 804 803 807
15449 3541 3542 3538 3539
15450 2983 2984 2978 2980
15451 1723 1878 1882 1617
15452 3403 3451 3456 3460
15453 799 911 1145 807
15454 3357 4143 3358 4147
15455 3466 3469 3467 3476
15456 3949 3947 3986 3992
15457 4345 4348 4347 4356
15458 2967 2970 2968 2959
15459 4213 4180 4212 4189
15460 4463 4461 4485 4468
15461 6146 6110 6108 6119
15462 2767 2772 2771 2775
15463 4459 4457 4461 4482
15464 4030 4054 4052 4035
15465 1778 1845 1843 1855
15466 6215 6212 6206 6221
15467 6027 6035 3786 3797
15468 2465 2459 2461 2458
15469 5376 5361 5372 5392
15470 2141 2138 2143 1601
15471 1010 782 808 794
15472 1105 1106 1104 1107
15473 4821 4816 4815 4819
15474 3011 3006 3009 3018
15475 2578 2569 2580 2573
15476 163 159 158 149
15477 5244 5275 5274 5270
15478 4519 4529 4526 4521
15479 1614 1611 1612 1617
15480 3835 3867 3832 3838
15481 5816 5811 5810 5826
15482 6242 6231 6245 6239
15483 745 757 758 767
15484 1370 1402 1371 1406
15485 5800 5617 5623 5812
15486 2734 2732 2414 2736
15487 6253 6254 6152 6175
15488 3794 3792 3788 3839
15489 5064 5066 5058 5056
15490 2634 2635 2631 2628
15491 1024 1025 1026 1030
15492 4739 4779 4777 4788
15493 5787 5813 5788 5798
15494 564 610 601 612
15495 154 155 191 166
15496 5276 6154 6157 6151
15497 3369 3354 3355 3366
15498 6250 6241 6238 6251
15499 4235 5435 5380 5448
15500 5181 5183 5188 5185
15501 1828 1834 1831 1840
15502 4029 4028 4023 4031
15503 5598 5599 5600 5798
15504 5668 5671 5670 5628
15505 5175 4910 4909 5178
15506 5212 5219 5218 5215
15507 4176 4569 4197 4579
15508 953 950 951 959
15509 482 486 485 488
15510 2396 2395 2397 2392
15511 2395 2398 2396 2399
15512 5533 5540 5539 5535
15513 6162 6254 6134 6175
15514 2739 2738 2741 2750
15515 359 357 352 361
15516 957 971 951 956
15517 5757 5781 5776 5778
15518 5810 5871 5816 5826
15519 2341 2339 2340 2345
15520 3005 3006 2802 2806
15521 640 649 643 653
15522 5023 5024 5025 5028
15523 4737 4738 4742 4743
15524 2803 2802 2804 2806
15525 324 238 329 334
15526 2764 2765 2767 2774
15527 1316 1314 1317 1324
15528 876 852 875 855
15529 1328 1332 391 403
15530 2433 2438 2431 2441
15531 5603 5609 5610 5615
15532 3067 3068 3064 3072
15533 2091 2081 2083 2082
15534 2633 2631 2635 2632
15535 3856 3855 3832 3867
15536 5693 5228 5770 5267
15537 5764 5762 5759 5754
15538 5883 6117 6118 5892
15539 384 378 1871 1896
15540 4292 4262 4276 4314
15541 4396 4392 4381 4398
15542 3014 2962 3017 3018
15543 4739 4780 4779 4788
15544 4291 4257 4295 4301
15545 3695 3657 3654 3700
15546 6164 6136 6137 6175
15547 2554 2547 2548 2549
15548 3118 3124 3004 3128
15549 5809 5807 5811 5825
15550 1151 807 1145 1172
15551 1317 1318 1316 1324
15552 1494 1483 1490 1493
15553 762 758 759 768
15554 6221 6228 6218 6226
15555 235 222 330 231
15556 3925 3926 3973 3970
15557 2905 2906 2904 2919
15558 3537 3534 3535 3538
15559 4304 4305 4297 4314
15560 5844 5737 5827 5855
15561 4304 4280 4305 4314
15562 5496 5559 5498 5560
15563 6266 6223 6264 6230
15564 3686 3690 3672 3711
15565 3638 3633 3634 3643
15566 2266 2263 2268 2276
15567 3151 3153 3150 3155
15568 1529 1276 1532 1533
15569 1778 1843 1851 1855
15570 5389 5361 5376 5392
15571 5402 5329 5400 5407
15572 2738 2739 2498 2750
15573 5022 5029 5031 5042
15574 4875 4783 4766 4763
15575 30 34 69 54
15576 4501 754 4504 4511
15577 5431 5427 5430 5432
15578 6117 6115 6118 6119
15579 5176 5183 5170 5173
15580 843 827 847 850
15581 975 976 969 970
15582 5495 5494 5560 5518
15583 2674 2667 2666 2669
15584 802 812 815 820
15585 4628 4641 4642 4649
15586 4197 4198 4193 4202
15587 5477 5479 5478 5489
15588 4919 4886 4879 4921
15589 235 237 229 231
15590 4466 4464 4463 4468
15591 1645 1642 1644 1646
15592 2731 2733 2692 2736
15593 3011 3013 3006 3018
15594 2385 2506 2384 2501
15595 3748 3067 3072 3755
15596 2220 2231 2225 2221
15597 2539 2536 2530 2541
15598 838 924 909 933
15599 2083 2084 2082 2093
15600 663 634 631 668
15601 5844 5841 5737 5855
15602 4316 4357 4372 4364
15603 6108 6110 6112 6119
15604 3973 3969 3967 3979
15605 953 951 956 959
15606 2335 2336 2344 2328
15607 959 948 926 921
15608 1878 1877 1876 1883
15609 4290 4148 4153 4160
15610 448 449 454 459
15611 124 3660 7 3599
15612 5618 5813 5787 5798
15613 2408 2410 2413 2415
15614 3216 3224 3219 3215
15615 1483 1494 1466 1493
15616 2347 2414 2413 2415
15617 5428 5427 5429 5434
15618 5325 5323 5393 5336
15619 793 792 782 784
15620 4404 3787 3789 3784
15621 1122 1124 1127 1130
15622 5372 5361 5360 5365
15623 1796 1794 1792 1799
15624 158 154 159 163
15625 146 151 150 148
15626 5981 5980 6055 6061
15627 5412 5462 5467 5476
15628 1945 1949 1944 1952
15629 2428 2424 2426 2415
15630 5453 5451 5415 5462
15631 3959 3942 3955 3945
15632 1947 1905 1908 1952
15633 2465 2461 2459 2478
15634 3075 3848 3074 3076
15635 1265 1253 1262 1267
15636 4933 4939 4935 4938
15637 2732 2734 2735 2736
15638 289 284 250 288
15639 1310 1306 1301 1307
15640 6000 5997 6018 6008
15641 5762 5764 4090 5754
15642 2771 2455 2767 2775
15643 5693 6149 5770 5699
15644 2799 2784 2800 3020
15645 5678 5660 5673 5686
15646 217 214 221 222
15647 2751 2768 2818 2777
15648 2751 2769 2768 2777
15649 5981 6078 3849 3850
15650 3016 3014 3017 3018
15651 5746 5753 5747 4078
15652 5224 5280 5225 5286
15653 5619 5622 5616 5620
15654 2652 2655 2589 2647
15655 3120 3116 3132 3119
15656 2578 2560 2556 2573
15657 5255 5254 5282 5284
15658 1306 1529 1525 1533
15659 5274 5270 5278 6161
15660 5577 5579 5498 5580
15661 5424 5426 5422 5423
15662 918 912 914 913
15663 1838 1837 1835 1834
15664 2114 2117 2109 2119
15665 400 391 1332 403
15666 6266 6265 6267 6272
15667 859 950 953 851
15668 5290 5291 5287 5289
15669 5623 5624 5803 5626
15670 1550 1551 1556 1559
15671 331 324 332 334
15672 2416 2422 2421 2415
15673 3094 3093 3088 3100
15674 4972 4975 4977 4976
15675 6164 6163 6152 6175
15676 5249 5238 5275 5266
15677 5545 5555 5543 5546
15678 5451 5455 5450 5462
15679 3652 3635 3631 3642
15680 439 454 456 459
15681 3708 3706 3704 3712
15682 6265 6229 6259 6266
15683 2542 2226 2151 2568
15684 5295 5312 5309 5146
15685 6170 6146 6108 6119
15686 2698 2730 2731 2736
15687 5498 5559 5579 5577
15688 2210 2215 2212 2219
15689 282 281 280 290
15690 512 397 501 398
15691 646 645 643 653
15692 323 329 231 330
15693 5285 5288 5287 5290
15694 5622 5616 5667 5628
15695 790 797 783 807
15696 2011 2012 1734 2022
15697 4777 4796 4783 4804
15698 2737 2496 2455 2750
15699 5927 5973 5926 5979
15700 4215 4206 4153 4160
15701 790 838 909 920
15702 1006 1007 1011 1003
15703 288 290 282 285
15704 3376 3311 3319 3366
15705 5077 5071 5076 5075
15706 5897 5902 5899 5908
15707 6074 6067 6070 6072
15708 6056 5980 6057 6061
15709 1522 1298 1525 1533
15710 2656 2699 2702 2657
15711 6208 6211 6214 6209
15712 3927 3960 3958 6097
15713 217 222 218 235
15714 6071 6074 6070 6077
15715 873 874 872 877
15716 2395 2401 2398 2399
15717 2850 2853 2539 2861
15718 4535 4531 4534 4539
15719 1293 1314 1315 1324
15720 2803 2817 2797 2802
15721 2720 2721 2722 2723
15722 5616 5613 5612 5663
15723 5425 5339 5430 5434
15724 2882 2894 2893 2891
15725 5545 5543 5539 5546
15726 5091 5089 5087 5092
15727 854 853 852 858
15728 6251 6241 6238 6242
15729 1195 578 575 581
15730 3840 3843 3844 3852
15731 4212 4208 4213 4217
15732 248 239 241 287
15733 2439 2417 2441 2440
15734 384 1894 388 1896
15735 6241 6240 6279 6250
15736 3121 3124 3001 3004
15737 790 920 880 807
15738 1082 1081 1009 1087
15739 2770 2767 2765 2774
15740 6286 6278 6285 6287
15741 328 329 321 334
15742 2498 2496 2738 2750
15743 3563 3547 3544 3564
15744 6149 6151 5294 6161
15745 259 258 264 265
15746 1122 1148 1121 1130
15747 4108 4066 4116 4077
15748 2698 2731 2692 2736
15749 5598 5600 5789 5798
15750 2701 2704 2700 2707
15751 3835 3830 3833 3838
15752 5674 5675 5502 5500
15753 6221 6218 6217 6226
15754 5543 5555 5551 5546
15755 156 160 155 163
15756 6070 6073 6071 6077
15757 3576 3587 3621 3590
15758 5477 5481 5480 5489
15759 874 879 872 877
15760 4303 4307 4302 4017
15761 2417 2441 2440 2442
15762 2193 2211 2208 2219
15763 4476 4498 4477 4482
15764 4024 4023 4027 4035
15765 4951 4944 4953 4956
15766 2971 2987 2974 2969
15767 2403 2401 2404 2405
15768 256 215 261 208
15769 1529 1532 1530 1533
15770 4108 4084 4064 4077
15771 3463 3458 3457 3460
15772 929 845 846 848
15773 4252 4232 4237 4246
15774 501 424 398 395
15775 2732 2411 2414 2736
15776 258 263 256 265
15777 3015 2754 3013 3010
15778 291 280 281 290
15779 6120 6266 6269 6272
15780 4816 4821 4818 4819
15781 853 875 852 856
15782 274 267 266 272
15783 2171 2584 2166 2164
15784 286 281 280 282
15785 6200 6195 6187 6199
15786 5539 5543 5541 5546
15787 2586 2167 2150 2596
15788 2628 2631 2634 2624
15789 253 251 254 265
15790 2426 2422 2425 2415
15791 885 883 886 887
15792 3987 3986 3947 3992
15793 2982 2986 2983 2987
15794 6264 6266 6268 6272
15795 3012 3014 3011 3018
15796 4533 4608 4605 4536
15797 5503 5607 5530 5528
15798 1276 1515 1532 1533
15799 5749 5746 5747 4078
15800 2428 2426 2425 2415
15801 797 796 805 821
15802 3960 3953 3954 3958
15803 3457 3473 3452 3476
15804 5293 5291 5290 5294
15805 4577 4576 4578 4579
15806 1662 1752 1815 1758
15807 2648 2644 2645 2646
15808 4930 4916 4929 4920
15809 4815 4820 4821 4813
15810 4084 4065 4064 4077
15811 5203 5199 5195 5196
15812 6011 6009 6013 6021
15813 6017 6013 5997 6021
15814 2151 2220 2224 2163
15815 793 788 792 784
15816 1611 1613 1627 1617
15817 5412 5415 5451 5462
15818 6193 6197 6274 6196
15819 5717 5726 5719 5720
15820 271 267 270 277
15821 5791 5814 5792 5788
15822 4393 4392 5850 4398
15823 5619 5621 5614 5609
15824 2208 2214 2215 2219
15825 2816 2812 2810 2765
15826 3986 3988 3989 3982
15827 2964 2965 2963 2975
15828 5693 5770 5698 5699
15829 1708 1712 1718 1716
15830 6242 6241 6238 6239
15831 870 852 874 876
15832 3744 3748 3065 3072
15833 2208 2211 2214 2219
15834 2438 2437 2431 2441
15835 2296 2291 2081 2298
15836 1404 1266 1403 1263
15837 3649 3653 3648 3658
15838 5542 5547 5534 5535
15839 3764 3769 3756 3770
15840 5897 5899 5898 5908
15841 1489 1486 1487 1503
15842 843 831 827 850
15843 734 732 728 731
15844 4023 4028 4029 4026
15845 2787 2781 2783 2907
15846 2916 2913 2917 2905
15847 5847 5846 5844 5855
15848 831 843 827 834
15849 2928 2929 2838 2930
15850 2691 2692 2686 2685
15851 5290 5287 5286 5289
15852 4867 4861 4863 4865
15853 2045 2333 2341 2345
15854 4821 4832 4818 4819
15855 1989 1970 1990 1981
15856 3556 3554 3549 3559
15857 5747 5740 5746 5749
15858 4038 4040 4039 4043
15859 2438 2437 2432 2431
15860 1396 1046 1047 1058
15861 977 979 985 989
15862 5522 5523 5520 5525
15863 4989 4988 4992 5000
15864 2402 2401 2404 2403
15865 956 957 926 959
15866 3898 3871 3899 3906
15867 4833 4836 4822 4846
15868 5341 5339 5432 5430
15869 3089 3048 3091 3101
15870 2691 2694 2692 2695
15871 3333 3303 3302 3308
15872 5495 5494 5492 5560
15873 5271 5277 5275 5272
15874 5480 5330 5329 5489
15875 5293 5291 5287 5290
15876 274 279 270 277
15877 6164 6162 6136 6175
15878 4603 4606 4581 4609
15879 6167 6168 6154 6174
15880 7 125 124 3599
15881 4790 4714 4712 4721
15882 4950 4926 4953 4928
15883 255 257 261 265
15884 3376 3319 3314 3366
15885 233 237 235 232
15886 289 250 241 288
15887 4302 4009 4303 4017
15888 2621 2625 2624 2618
15889 2045 2341 2340 2345
15890 5775 5250 5246 5247
15891 2913 2911 2917 2895
15892 3673 3672 3686 3697
15893 2644 2643 2642 2646
15894 6197 6282 6280 6217
15895 3943 3940 3942 3945
15896 3540 3537 3535 3541
15897 5238 5249 5244 5266
15898 490 489 501 513
15899 246 239 260 265
15900 495 709 496 500
15901 956 971 951 953
15902 4357 4358 4359 4364
15903 3008 3011 3006 3009
15904 2738 2496 2737 2750
15905 783 787 789 791
15906 646 643 649 653
15907 6023 5874 5876 6035
15908 3588 3582 124 3599
15909 954 962 952 960
15910 3458 3455 3457 3460
15911 3835 3856 3832 3867
15912 652 4666 4652 650
15913 857 879 878 874
15914 5271 5272 5266 5269
15915 2404 2398 2401 2399
15916 5496 5556 5559 5560
15917 4404 5863 4399 4411
15918 210 196 226 197
15919 4214 4208 4210 4217
15920 3345 3343 3342 3351
15921 4176 4575 4569 4579
15922 1630 1613 1631 1627
15923 4819 4814 4816 4811
15924 6153 6165 6154 6174
15925 2220 2151 2226 2163
15926 5261 5264 5268 5263
15927 4455 4475 4457 4482
15928 5777 5270 5770 5246
15929 972 971 957 956
15930 2270 2272 2273 2276
15931 662 663 631 668
15932 2154 2248 2244 2233
15933 3930 3934 3933 3937
15934 4867 4872 4871 4847
15935 890 882 888 881
15936 3762 3758 3761 3768
15937 1019 1024 1027 1030
15938 2725 2732 2728 2736
15939 5286 5283 5282 5285
15940 4799 4801 4765 4804
15941 255 216 211 208
15942 4853 4857 4852 4856
15943 6208 6217 6218 6226
15944 1948 1908 1943 1952
15945 1955 1724 1725 1726
15946 3625 3621 3624 3629
15947 3785 3790 3793 3786
15948 5526 5529 5517 5525
15949 5428 5426 5427 5422
15950 2643 2644 2648 2646
15951 4064 4067 4066 4077
15952 5346 5432 5345 5341
15953 5887 3288 5889 5894
15954 5649 5648 5650 5651
15955 3355 3376 3369 3366
15956 877 875 852 853
15957 3135 3134 3858 3853
15958 3636 3652 3653 3642
15959 3695 3696 3657 3700
15960 4407 4400 4408 4412
15961 2403 2423 2405 2415
15962 69 70 45 54
15963 2703 2693 2735 2736
15964 2562 2572 2564 2568
15965 246 260 259 265
15966 226 224 212 238
15967 5088 5089 5087 5091
15968 2930 2928 2929 2926
15969 4717 4712 4714 4721
15970 2982 2987 2969 2979
15971 854 852 857 859
15972 6259 6263 6229 6265
15973 5428 5422 5427 5434
15974 5914 5916 5918 5919
15975 6232 6233 6236 6240
15976 5270 5777 5250 5246
15977 6164 6152 6162 6175
15978 2422 2416 2402 2415
15979 3696 3649 3648 3658
15980 532 536 558 545
15981 953 864 859 851
15982 3633 3635 3636 3642
15983 5693 6249 6149 5699
15984 1318 1315 1316 1324
15985 6017 5997 5998 6021
15986 4816 4815 4819 4813
15987 220 216 215 208
15988 4304 4277 4280 4314
15989 5664 5660 5678 5666
15990 6199 6217 6221 6220
15991 2586 2150 2543 2596
15992 5770 5693 5267 6149
15993 1679 1642 1636 1646
15994 5666 5669 5668 5686
15995 1631 1627 1613 1617
15996 2556 2572 2578 2573
15997 6285 6278 5815 5825
15998 1749 1752 1747 1758
15999 3844 3842 3841 6070
16000 3466 3473 3469 3476
16001 3930 3928 3934 3937
16002 5580 5500 5498 5585
16003 200 252 199 208
16004 2685 2691 2695 2687
16005 217 211 255 216
16006 5169 5167 5168 4941
16007 3695 3686 3696 3700
16008 5547 5542 5543 5535
16009 5225 5291 5227 5286
16010 5501 5502 5673 5499
16011 5887 5890 3288 5894
16012 6195 6198 6194 6199
16013 378 1896 384 375
16014 2461 2472 2459 2478
16015 3067 3065 3748 3072
16016 4497 4326 4499 4480
16017 4477 4475 4476 4482
16018 2575 2572 2578 2568
16019 5924 6003 5995 5938
16020 2341 2333 2323 2345
16021 5541 5534 5547 5535
16022 4887 4950 4888 4944
16023 4392 4391 5850 4398
16024 5208 5214 5084 5023
16025 3118 3131 3117 3116
16026 3758 3757 3761 3768
16027 2695 2694 2693 2701
16028 5496 5493 5556 5560
16029 4331 754 4332 4501
16030 769 707 704 780
16031 158 155 154 163
16032 2458 2465 2459 2460
16033 4051 4052 4055 4025
16034 2585 2594 2593 2586
16035 2011 2020 2012 2022
16036 4248 4249 4194 4259
16037 309 308 310 313
16038 2215 2210 2208 2219
16039 2475 2474 2480 2483
16040 2594 2589 2593 2586
16041 1878 1870 1723 1882
16042 5797 5814 6235 5791
16043 5249 5238 5242 5275
16044 5077 5071 5072 5092
16045 5275 5238 5242 5266
16046 2585 2587 2584 2586
16047 3691 3575 3701 3700
16048 2730 2697 2696 2736
16049 1151 1145 1144 1172
16050 5287 5286 5282 5285
16051 4087 5754 4090 5755
16052 2589 2591 2655 2652
16053 5497 5502 5499 5528
16054 3547 3546 3548 3552
16055 3651 3657 3644 3655
16056 2628 2624 2625 2622
16057 2435 2443 2441 2442
16058 3022 3009 3005 2806
16059 5453 5455 5451 5462
16060 4772 4775 5058 4773
16061 617 659 616 614
16062 2590 2607 2681 2680
16063 799 884 911 807
16064 6217 6228 6221 6220
16065 2381 2360 2375 2386
16066 4024 4022 4023 4035
16067 231 330 329 238
16068 1293 1315 1294 1324
16069 2424 2427 2428 2426
16070 2635 2629 2633 2632
16071 3764 3763 3756 3769
16072 5286 5227 5283 5289
16073 5343 5347 5340 5344
16074 5298 5148 5296 5308
16075 5229 5694 5226 5693
16076 2268 2263 2274 2276
16077 5290 5286 5283 5289
16078 1429 1434 1428 1436
16079 6223 6230 6228 6220
16080 1374 1375 1369 1380
16081 971 970 967 976
16082 2913 2916 2918 2910
16083 5548 5541 5547 5543
16084 5996 5994 5995 6006
16085 461 423 422 433
16086 4081 4084 4108 4106
16087 2895 2917 2913 2905
16088 324 329 328 334
16089 4204 4214 4210 4217
16090 3024 3023 2786 3031
16091 1318 1294 1315 1324
16092 5278 5277 5276 5270
16093 2608 2597 2610 2611
16094 3832 3867 3831 3839
16095 5738 5740 5746 5744
16096 3345 3342 3348 3351
16097 5477 5478 5481 5489
16098 3759 3764 3734 3769
16099 218 232 209 208
16100 4115 5333 4640 4650
16101 5250 5249 5274 5244
16102 939 949 937 948
16103 3011 3014 3016 3018
16104 5971 5968 5969 5966
16105 6264 6268 6138 6272
16106 5521 5520 5523 5525
16107 6193 6194 6198 6199
16108 1457 1552 1455 1456
16109 6264 6138 6135 6272
16110 5555 5564 5563 5561
16111 6027 6023 3786 6035
16112 786 785 816 821
16113 853 852 877 854
16114 6221 6215 6228 6226
16115 6198 6197 6199 6217
16116 5543 5541 5547 5535
16117 1144 1158 1146 1157
16118 6195 6200 6201 6199
16119 5542 5534 5532 5535
16120 5077 5071 5075 5072
16121 939 923 934 935
16122 2970 2972 2959 2973
16123 5061 5064 5066 5058
16124 376 383 379 389
16125 2220 2150 2163 2568
16126 3329 3332 3328 3337
16127 5538 5535 5540 5536
16128 909 924 894 933
16129 891 797 882 807
16130 240 239 242 265
16131 5503 5607 5528 5661
16132 2730 2724 2722 2731
16133 266 280 281 291
16134 4296 4292 4262 4294
16135 6185 6181 6202 6182
16136 3290 3284 3285 3294
16137 5275 5274 5249 5244
16138 3621 3590 3624 3629
16139 3444 3443 3440 3445
16140 6036 5807 5809 5825
16141 6227 6224 6218 6222
16142 6078 5981 6055 6061
16143 2729 2728 2732 2736
16144 283 286 282 285
16145 3535 3537 3538 3541
16146 6179 6184 6200 6187
16147 217 213 219 216
16148 2732 2725 2411 2736
16149 5250 5249 5244 5248
16150 3117 2995 3115 3131
16151 2378 2377 2383 2380
16152 2150 2596 2163 2568
16153 5746 5742 5740 5747
16154 188 153 3587 166
16155 4193 4198 4190 4202
16156 1878 1723 1631 1617
16157 3981 4050 3988 3993
16158 233 235 218 232
16159 3446 3441 3348 3351
16160 5555 5545 5561 5546
16161 4711 4709 4715 4716
16162 6134 6136 6162 6175
16163 5340 5342 5347 5343
16164 882 884 891 807
16165 3067 3064 3065 3072
16166 144 150 138 148
16167 2582 2557 2560 2573
16168 6196 6197 6274 6280
16169 5649 5680 5681 5684
16170 283 284 286 285
16171 5608 5619 5614 5609
16172 3587 153 156 166
16173 274 270 267 277
16174 4408 3787 4404 4411
16175 805 797 795 796
16176 5532 5543 5542 5535
16177 5304 5307 5366 5301
16178 6046 6029 6047 6049
16179 3652 3636 3635 3642
16180 4357 4316 4318 4364
16181 976 972 971 957
16182 5535 5541 5534 5538
16183 253 284 250 243
16184 2564 2543 2150 2568
16185 1398 1400 1404 1399
16186 4952 4945 4951 4956
16187 5539 5541 5535 5538
16188 3122 3127 3126 3128
16189 2572 2569 2578 2573
16190 5941 5903 5931 5949
16191 2692 2694 2691 2686
16192 967 976 970 969
16193 1205 1204 1206 1207
16194 1645 1636 1642 1646
16195 2460 2458 2465 2463
16196 4810 4816 4814 4812
16197 580 577 579 582
16198 2225 2567 2230 2231
16199 214 213 217 216
16200 5495 5499 5528 5497
16201 256 251 258 265
16202 2721 2727 2728 2729
16203 5665 5667 5668 5664
16204 4376 4379 4378 4373
16205 6193 6198 6197 6199
16206 153 155 156 166
16207 2438 2417 2437 2441
16208 3290 3285 3291 3294
16209 4503 4477 4498 4482
16210 3633 3632 3635 3631
16211 5617 5614 5621 5609
16212 3954 3957 3960 3958
16213 2561 2559 2563 2557
16214 3654 3657 3651 3655
16215 5780 5739 5745 5743
16216 6167 6154 6165 6174
16217 261 254 256 265
16218 2879 2891 2882 2878
16219 256 254 251 265
16220 6198 6195 6201 6199
16221 2560 2578 2580 2573
16222 3021 2993 2994 2990
16223 1497 1560 1561 1501
16224 2714 2724 2719 2723
16225 6036 6041 6037 5818
16226 814 818 816 813
16227 6261 6283 6286 6259
16228 4881 4887 4879 4886
16229 2543 2564 2571 2568
16230 6027 6024 6023 6035
16231 5201 5184 5204 5200
16232 4249 4248 4254 4259
16233 3400 3403 3399 3406
16234 4064 4065 4067 4077
16235 2633 2618 2634 2631
16236 5195 5080 5194 5196
16237 5843 5844 5846 5855
16238 6227 6218 6226 6208
16239 5800 5621 5617 5614
16240 6196 6193 6197 6199
16241 5995 3190 5924 5938
16242 4989 4992 4991 5000
16243 2459 2472 2481 2478
16244 784 794 797 821
16245 6263 6286 6261 6283
16246 2403 2402 2416 2415
16247 2703 2735 2734 2736
16248 3387 3401 3399 3404
16249 5250 5274 5777 5270
16250 5759 5754 5751 5755
16251 5275 5277 5278 5270
16252 2916 2914 2913 2918
16253 2842 2844 2843 2841
16254 1006 1008 1010 1009
16255 2635 2631 2628 2622
16256 3025 3009 3022 3030
16257 2916 2913 2911 2917
16258 4392 4394 4380 4393
16259 3708 3681 3706 3712
16260 1463 1452 1451 1461
16261 1369 1370 1060 1380
16262 4796 4793 4799 4804
16263 2896 2892 2895 2893
16264 5749 4080 4078 4079
16265 6014 6013 6011 6012
16266 4872 4867 4869 4851
16267 5278 5274 5275 5270
16268 5176 5173 5170 5174
16269 4809 4814 4816 4812
16270 5425 5427 5422 5434
16271 5683 5669 5666 5686
16272 769 704 703 780
16273 4050 4036 4037 4063
16274 1193 1196 1190 1192
16275 6178 6187 6195 6194
16276 646 652 651 649
16277 2666 2674 2671 2673
16278 5532 5543 5535 5539
16279 5897 5973 5927 5979
16280 6212 6206 6203 6215
16281 3766 3762 3761 3768
16282 274 268 270 279
16283 1249 1264 1243 1261
16284 6018 5987 5999 6016
16285 2571 2564 2572 2568
16286 6194 6187 6195 6199
16287 1061 1066 1063 1071
16288 4938 4939 5168 4941
16289 5614 5619 5608 5611
16290 6266 6267 6269 6272
16291 5775 5250 5777 5246
16292 4870 4873 4874 4869
16293 825 835 824 826
16294 229 231 329 238
16295 6183 6178 6176 6177
16296 3134 3074 3848 3853
16297 384 380 382 388
16298 4279 4278 4280 4282
16299 2610 2597 2598 2611
16300 5804 5806 5802 5801
16301 6177 6183 6181 6180
16302 2784 2799 2788 3020
16303 209 218 235 232
16304 947 937 946 944
16305 2990 3021 3020 3023
16306 823 824 829 832
16307 5282 5284 5287 5285
16308 785 792 788 784
16309 3506 3479 3511 3490
16310 3385 3389 3387 3404
16311 5535 5543 5541 5539
16312 730 735 733 729
16313 2571 2572 2575 2568
16314 1019 1027 1023 1018
16315 3933 3929 3930 3937
16316 2564 2226 2555 2568
16317 4176 4163 4578 4579
16318 909 880 790 920
16319 269 266 267 272
16320 4652 649 651 652
16321 939 937 949 944
16322 4806 4808 4809 4812
16323 4938 5168 5167 4941
16324 6187 6203 6212 6206
16325 4743 4738 4741 4740
16326 4298 4257 4295 4291
16327 1779 1780 1775 343
16328 2720 2714 2717 2723
16329 5271 5242 5263 5266
16330 5500 5498 5579 5580
16331 5535 5540 5539 5538
16332 2166 2584 2167 2586
16333 882 881 884 883
16334 5801 5617 5800 5812
16335 891 882 890 884
16336 4028 4029 4030 4031
16337 3163 3165 3347 3167
16338 2675 2677 2679 2541
16339 2731 2692 2733 2685
16340 3845 3844 3843 3852
16341 3123 3125 3122 3128
16342 2654 2655 2652 2647
16343 4457 4475 4477 4482
16344 5797 5814 5791 5788
16345 6093 6094 6095 6092
16346 4640 5333 5480 4650
16347 5242 5271 5275 5266
16348 5312 5142 5311 5309
16349 816 785 818 821
16350 6047 6040 6046 6043
16351 4930 4916 4920 4919
16352 976 968 969 972
16353 3115 3117 3131 3116
16354 936 946 937 944
16355 35 37 10 34
16356 5623 5803 5804 5812
16357 1434 1429 1432 1436
16358 2733 2731 2729 2736
16359 1369 1060 1368 1380
16360 4873 4865 4867 4869
16361 4988 4994 4992 5000
16362 3939 3938 5764 5763
16363 1122 1121 1123 1130
16364 266 270 267 274
16365 2624 2628 2631 2622
16366 2633 2635 2631 2634
16367 3122 3125 3127 3128
16368 330 231 222 238
16369 2704 2700 2694 2701
16370 3122 3118 3119 3123
16371 2630 2639 2638 2634
16372 4850 4869 4874 4851
16373 903 904 894 902
16374 3451 3448 3456 3460
16375 3541 3535 3536 3539
16376 2632 2655 2588 2592
16377 4107 4112 4094 4113
16378 4030 4052 4027 4035
16379 2892 2895 2893 2891
16380 5329 5479 5477 5489
16381 4743 4741 4746 4740
16382 2396 2397 2390 2392
16383 2416 2421 2403 2415
16384 3120 3116 3136 3132
16385 652 643 650 649
16386 5287 5272 5293 5290
16387 1429 1428 1425 1436
16388 602 564 601 612
16389 3457 3469 3473 3476
16390 377 376 379 389
16391 4108 4105 4081 4106
16392 2054 2053 2057 2063
16393 6253 6149 6249 6150
16394 257 242 243 265
16395 3550 3548 3546 3552
16396 852 950 859 851
16397 5535 5533 5532 5539
16398 5624 5625 5620 5622
16399 143 140 145 147
16400 6200 6195 6179 6187
16401 5279 5277 5276 5278
16402 4874 4873 4867 4869
16403 277 271 275 273
16404 5599 5597 5600 5785
16405 872 871 879 878
16406 151 138 150 148
16407 2474 2475 2480 2482
16408 2877 2878 2880 2521
16409 275 271 267 273
16410 2718 2714 2720 2723
16411 5491 5492 5495 5494
16412 2732 2735 2729 2736
16413 1427 1428 1434 1436
16414 2475 2480 2482 2483
16415 313 308 310 317
16416 1480 1482 1481 1484
16417 5238 5263 5242 5266
16418 5502 5500 5675 5585
16419 6080 6155 5781 6079
16420 2472 2461 2459 2458
16421 877 872 873 869
16422 6229 6218 6217 6228
16423 5080 5081 5076 5195
16424 5260 5259 5252 5257
16425 6068 6064 6066 6067
16426 2698 2697 2730 2736
16427 4038 4042 4044 4043
16428 6197 6282 6274 6280
16429 5494 5491 5492 5508
16430 857 879 854 859
16431 3441 3343 3345 3351
16432 2788 2799 2784 2785
16433 2543 2596 2150 2568
16434 6183 6178 6187 6176
16435 4772 4765 4766 4773
16436 3537 3535 3534 3540
16437 5089 5087 5086 5088
16438 1368 1374 1369 1380
16439 877 873 875 869
16440 3550 4525 3548 3552
16441 937 938 948 947
16442 4576 4577 4574 4568
16443 2435 2437 2372 2419
16444 6225 6208 6216 6219
16445 1613 1611 1614 1617
16446 6259 6218 6217 6229
16447 2721 2717 2727 2719
16448 5063 5086 5087 5088
16449 829 824 823 830
16450 6274 6273 6196 6276
16451 4734 4731 4735 4736
16452 138 4538 151 150
16453 4040 4038 4044 4043
16454 185 186 187 188
16455 2700 2693 2694 2701
16456 2397 2396 2390 2391
16457 852 950 857 859
16458 5616 5665 5667 5663
16459 2802 3022 3005 2806
16460 4814 4809 4816 4811
16461 5770 5246 5772 5775
16462 4994 4991 4992 5000
16463 5968 5958 6009 5978
16464 2584 2166 2585 2586
16465 972 967 969 976
16466 3547 3548 3551 3552
16467 2682 2685 2687 2686
16468 4713 4714 4716 4717
16469 4740 4734 4735 4736
16470 5252 5256 5260 5257
16471 275 274 267 277
16472 4528 4526 4529 4530
16473 5227 5283 5225 5286
16474 4731 4734 4737 4736
16475 2690 2695 2691 2687
16476 2624 2625 2622 2618
16477 6185 6202 6186 6182
16478 4640 5480 4643 4650
16479 2733 2729 2735 2736
16480 6066 6074 6068 6067
16481 795 888 891 882
16482 5284 5286 5282 5287
16483 4740 4737 4734 4736
16484 5800 5621 5623 5617
16485 5431 5341 5432 5430
16486 1481 1480 1484 1125
16487 211 218 209 208
16488 6181 6186 6202 6182
16489 6202 6187 6206 6203
16490 3479 3480 3511 3490
16491 2695 2704 2694 2701
16492 5593 5594 5601 5599
16493 5312 5142 5309 5146
16494 2431 2437 2435 2441
16495 147 148 142 141
16496 2406 2425 2725 2726
16497 267 274 275 272
16498 2715 2709 2712 2714
16499 823 824 835 826
16500 2970 2972 2968 2959
16501 1463 1432 1417 1449
16502 2610 2598 2603 2611
16503 2201 2244 2154 2248
16504 3122 3126 3124 3128
16505 6218 6259 6263 6229
16506 5432 5345 5341 5431
16507 5274 5250 5244 5270
16508 4304 4305 4280 4306
16509 3958 3953 3954 3956
16510 5265 5259 5261 5257
16511 2720 2721 2718 2722
16512 824 823 822 826
16513 5578 5577 5557 5574
16514 1635 1636 1634 1646
16515 975 974 973 955
16516 4737 4738 4743 4740
16517 6204 6210 6202 6205
16518 4575 4569 4197 4176
16519 6203 6184 6186 6202
16520 972 967 976 971
16521 1258 1243 1264 1261
16522 319 308 318 317
16523 2682 2683 2684 2688
16524 242 241 250 243
16525 5992 5990 5989 5986
16526 4842 4848 4891 4872
16527 2654 2655 2647 2645
16528 854 877 853 858
16529 1792 1796 1713 1794
16530 3166 3446 3162 3161
16531 3381 3385 3396 3404
16532 5728 5729 5731 5730
16533 280 269 286 282
16534 4738 4737 4734 4740
16535 866 871 872 869
16536 312 314 307 321
16537 880 889 886 887
16538 4717 4713 4712 4721
16539 240 242 239 241
16540 4739 4789 4777 4779
16541 4176 4578 4575 4579
16542 3541 3538 3535 3539
16543 3481 3480 3479 3490
16544 2645 2654 2650 2648
16545 2615 2618 2617 2613
16546 2560 2561 2557 2582
16547 652 651 4666 646
16548 3581 3654 3655 3580
16549 2701 2695 2704 2707
16550 939 943 936 944
16551 5259 5260 5261 5257
16552 5167 5169 4938 4941
16553 5662 5661 5659 5660
16554 6210 6213 6202 6205
16555 5284 5282 5255 5285
16556 4873 4870 4863 4869
16557 5059 5064 5061 5058
16558 902 894 903 900
16559 6186 6188 6185 6182
16560 2432 2439 2436 2434
16561 936 937 939 944
16562 2986 2984 2982 2983
16563 6274 6240 6236 6276
16564 3876 3877 3890 3888
16565 878 879 872 874
16566 3695 3654 3693 3700
16567 3481 3479 3488 3490
16568 882 891 795 797
16569 2722 2718 2720 2723
16570 286 280 281 289
16571 937 946 936 945
16572 2938 2937 2939 2940
16573 2431 2432 2438 2433
16574 4863 4865 4873 4869
16575 5676 5675 5583 5681
16576 6276 6196 6274 6280
16577 5594 5593 5596 5599
16578 6275 6236 6274 6234
16579 4737 4744 4739 4742
16580 310 308 319 317
16581 6261 6283 6259 6263
16582 830 861 829 858
16583 3955 3957 3942 3959
16584 6183 6179 6184 6180
16585 988 983 984 989
16586 358 352 353 359
16587 5676 5675 5582 5583
16588 6187 6179 6184 6183
16589 987 983 988 989
16590 878 872 871 874
16591 5279 5278 6156 6157
16592 988 981 987 989
16593 5426 5427 5429 5428
16594 4304 4280 4302 4306
16595 6202 6186 6204 6205
16596 643 652 646 649
16597 4814 4808 4812 4809
16598 384 1895 1894 1896
16599 4733 4731 4734 4737
16600 2418 2420 2403 2421
16601 4743 4742 4737 4736
16602 6281 6275 6277 6237
16603 939 937 938 948
16604 4870 4863 4861 4868
16605 2994 3021 2990 2991
16606 2685 2686 2691 2687
16607 2909 2912 2907 2908
16608 4713 4712 4714 4717
16609 35 10 37 8
16610 2719 2717 2714 2723
16611 4747 4739 4742 4745
16612 1753 1745 1746 1754
16613 3832 3831 3828 3839
16614 828 861 829 830
16615 2645 2650 2644 2648
16616 5254 5255 5257 5284
16617 644 630 629 633
16618 3728 3729 3676 3733
16619 6285 5815 5807 5825
16620 4600 4540 4596 4601
16621 2392 2394 2389 2388
16622 4745 4789 4777 4739
16623 2686 2682 2688 2687
16624 787 822 783 789
16625 4023 3939 3941 4026
16626 4740 4743 4737 4736
16627 4747 4739 4745 4777
16628 952 973 974 955
16629 2616 2617 2619 2614
16630 938 934 937 939
16631 2629 2651 2632 2592
16632 800 805 795 796
16633 6205 6213 6202 6207
16634 4865 4863 4867 4869
16635 4716 4715 4713 4717
16636 4865 4861 4863 4868
16637 5510 5505 5504 5509
16638 4652 649 652 650
16639 791 788 789 793
16640 828 831 829 832
16641 4635 4634 4636 4633
16642 2793 2778 2779 2780
16643 5596 5597 5594 5599
16644 2418 2438 2439 2417
16645 5694 5229 5698 5693
16646 6208 6216 6219 6214
16647 758 757 745 760
16648 2597 2608 2595 2611
16649 5402 5479 5477 5329
16650 5241 5239 5242 5238
16651 2291 2297 2300 2294
16652 2555 2231 2564 2567
16653 4866 4864 4861 4870
16654 5677 5680 5679 5682
16655 2710 2712 2717 2714
16656 2679 2677 2534 2541
16657 6195 6179 6187 6176
16658 5523 5522 5524 5525
16659 4526 4532 4529 4530
16660 3345 3348 3441 3351
16661 3889 3876 3890 3888
16662 2418 2416 2422 2421
16663 2911 2917 2895 2896
16664 5542 5534 5547 5532
16665 275 267 271 277
16666 141 145 140 147
16667 6233 6236 6237 6232
16668 881 890 882 884
16669 3984 3987 3989 3983
16670 5252 5253 5259 5260
16671 2536 2532 2530 2541
16672 6264 6268 6266 6230
16673 757 755 758 756
16674 4538 3553 151 150
16675 2418 2417 2421 2419
16676 6189 6193 6194 6190
16677 2622 2631 2624 2618
16678 943 941 936 945
16679 124 187 190 125
16680 6279 6274 6240 6241
16681 789 787 822 788
16682 266 267 270 271
16683 4630 4636 4634 4633
16684 6202 6186 6203 6204
16685 888 891 882 890
16686 4042 4038 4039 4043
16687 4715 4708 4711 4713
16688 4715 4714 4711 4716
16689 2241 2245 2244 2201
16690 4712 4711 4708 4713
16691 5599 5596 5597 5785
16692 156 155 153 163
16693 4306 4154 4148 4149
16694 6274 6236 6275 6276
16695 2823 2827 2821 2826
16696 4730 4732 4728 4727
16697 4600 4598 4540 4601
16698 3615 3616 3617 3620
16699 715 586 377 717
16700 275 277 273 278
16701 313 309 308 312
16702 242 249 240 265
16703 6275 6237 6236 6234
16704 6194 6193 6196 6199
16705 6194 6195 6178 6191
16706 2394 2389 2391 2392
16707 5257 5254 5256 5258
16708 288 292 293 287
16709 977 985 984 989
16710 814 816 819 813
16711 4732 4731 4733 4729
16712 4809 4808 4811 4814
16713 2461 2465 2458 2463
16714 6225 6208 6227 6226
16715 825 824 822 826
16716 2801 2802 3022 3005
16717 884 881 890 883
16718 4630 4634 4636 4631
16719 4864 4863 4861 4870
16720 2642 2641 2643 2644
16721 4711 4714 4715 4712
16722 2686 2688 2691 2687
16723 4808 4814 4812 4810
16724 6178 6195 6187 6176
16725 4747 4745 4749 4777
16726 5253 5252 5256 5260
16727 6048 6045 6047 6043
16728 6279 6274 6282 6280
16729 5800 5804 5802 5801
16730 4735 4746 4741 4740
16731 2231 2555 2564 2226
16732 631 663 635 634
16733 6179 6187 6176 6183
16734 5992 5990 3743 5989
16735 4657 4653 4658 4656
16736 5283 5225 5224 5227
16737 5694 5698 5229 5697
16738 4807 4812 4806 4810
16739 151 4537 4538 138
16740 698 699 700 702
16741 2709 2712 2713 2715
16742 3403 3456 3458 3460
16743 5256 5252 5251 5257
16744 2955 2956 2954 2952
16745 5508 5520 5519 5509
16746 2395 2393 2389 2392
16747 937 934 935 939
16748 885 886 889 887
16749 5494 5520 5519 5508
16750 6176 6178 6195 6191
16751 4712 4715 4711 4713
16752 5241 5238 5242 5249
16753 969 966 970 967
16754 5252 5254 5251 5257
16755 5255 5254 5257 5258
16756 6218 6222 6219 6225
16757 2548 2578 2571 2575
16758 788 789 787 791
16759 3656 3651 3644 3655
16760 963 966 969 968
16761 4726 4733 4731 4729
16762 4112 4107 4109 4113
16763 6195 6194 6190 6191
16764 4864 4861 4862 4866
16765 2231 2555 2225 2567
16766 2418 2403 2416 2421
16767 2394 2391 2389 2387
16768 4725 4723 4724 4728
16769 640 648 650 649
16770 4730 4732 4727 4729
16771 650 643 640 649
16772 4808 4812 4807 4810
16773 2532 2534 2677 2541
16774 2712 2716 2713 2715
16775 2708 2713 2711 2709
16776 4671 4653 4652 4666
16777 5224 5281 5280 5286
16778 4732 4730 4731 4729
16779 2388 2394 2389 2387
16780 988 984 985 989
16781 5256 5251 5254 5257
16782 2583 2581 2576 2580
16783 4635 4630 4634 4633
16784 3074 3073 3848 3075
16785 894 902 896 900
16786 966 963 964 968
16787 4717 4745 4721 4718
16788 4710 4708 4715 4713
16789 2235 2236 2245 2241
16790 2581 2583 2576 2577
16791 4807 4814 4808 4810
16792 1634 1636 1645 1646
16793 936 937 935 939
16794 4807 4806 4805 4810
16795 5520 5519 5522 5494
16796 2713 2708 2712 2709
16797 4666 4652 651 652
16798 5256 5254 5251 5258
16799 3617 3616 3615 3622
16800 5224 5225 5283 5286
16801 2712 2708 2713 2710
16802 4824 4820 4746 4823
16803 5497 5502 5501 5499
16804 3625 3615 3616 3622
16805 5254 5255 5251 5258
16806 2231 2555 2226 2225
16807 966 964 965 968
16808 5251 5253 5252 5256
16809 964 963 966 965
16810 5989 5990 3743 5991
16811 2712 2713 2716 2710
16812 943 940 941 942
16813 4729 4730 4731 4736
16814 5 3882 3886 6
16815 6218 6222 6225 6227
16816 2431 2429 2432 2433
16817 2934 2937 2936 2938
16818 941 943 942 945
16819 896 902 895 900
16820 4717 4710 4718 4715
16821 4810 4819 4814 4816
16822 4729 4737 4736 4731
16823 4182 4180 4184 4181
16824 4736 4739 4737 4729
16825 4789 4713 4721 4712
16826 4816 4820 4821 4815
16827 1483 1484 1479 1485
16828 266 267 280 269
16829 1798 1773 1777 1776
16830 187 153 188 186
16831 3517 3440 3443 3442
16832 875 877 869 853
16833 706 703 700 704
16834 5059 5063 5061 5060
16835 5549 5548 5554 5553
16836 5578 5581 5575 5574
16837 5282 5254 5255 5251
16838 5282 5281 5254 5251
16839 4872 4863 4869 4867
16840 4866 4870 4868 4873
16841 5012 4991 4996 5032
16842 6249 6252 6248 6247
16843 6246 6249 5693 5696
16844 5271 5277 5272 5273
16845 6156 5276 5278 5279
16846 6157 5276 6156 5279
16847 6157 5277 5279 5278
16848 5278 5271 5277 5275
16849 3941 3943 3940 3942
16850 3954 3957 3958 3956
16851 4030 4027 4029 4028
16852 5428 5431 5432 5429
16853 5423 5427 5426 5422
16854 672 647 642 641
16855 4666 642 646 4667
16856 642 4666 4514 4667
16857 4277 4302 4304 4280
16858 4294 4276 4292 4262
16859 138 4528 4537 4527
16860 1159 911 910 906
16861 785 788 787 784
16862 941 939 943 936
16863 935 939 941 936
16864 956 928 925 923
16865 973 960 955 952
16866 787 824 822 788
16867 958 929 931 927
16868 485 406 464 411
16869 1699 1696 1698 1697
16870 239 240 241 287
16871 250 280 284 289
16872 250 241 242 289
16873 219 215 220 216
16874 2196 2236 2235 2241
16875 2611 2587 2595 2597
16876 2175 2170 2169 2174
16877 2571 2586 2543 2588
16878 1723 1878 1871 1870
16879 3585 3578 3584 3574
16880 3687 3697 3696 3649
16881 5990 3747 5992 3743
16882 2577 2570 2579 2574
16883 2635 2548 2571 2622
16884 2225 2230 2221 2231
16885 3621 3616 3625 3615
16886 3445 3520 3444 3443
16887 3217 3216 3220 3218
16888 3678 3674 3677 3682
16889 3067 5991 3070 3742
16890 3651 3577 3654 3655
16891 125 2 1 7
16892 2760 2759 2757 2761
16893 2968 2959 2955 2956
16894 2539 2538 2851 2536
16895 6236 6189 6274 6234
16896 3122 3120 3123 3119
16897 6047 6053 6049 6029
16898 5970 5975 5974 5969
16899 2954 2844 2846 2952
16900 2940 3074 2939 3075
16901 2940 3074 2937 2939
16902 2361 2367 2363 2364
16903 2877 2660 2521 2517
16904 2434 2440 2439 2436
16905 2717 2725 2727 2719
16906 2718 2729 2722 2721
16907 2393 2401 2398 2395
16908 5609 5603 5516 5605
16909 5664 5660 5661 5662
16910 5522 5527 5519 5524
16911 971 967 951 965
16912 2647 2588 2655 2589
16913 2650 2641 2645 2644
16914 2832 2890 2904 2829
16915 2940 3074 3073 2937
16916 3074 2940 3073 3075
16917 4490 3884 3889 4491
16918 2298 2337 2343 2342
16919 938 945 946 937
16920 3675 3688 3694 3689
16921 4601 4599 4596 4600
16922 5309 5313 5311 5312
16923 6222 6283 6224 6218
16924 5504 5508 5538 5541
16925 191 158 155 154
16926 963 967 966 965
16927 882 886 881 883
16928 4736 4739 4742 4737
16929 2563 2560 2559 2561
16930 171 19 20 173
16931 2435 2429 2437 2431
16932 6013 6011 6012 6009
16933 4765 5058 4773 4772
16934 2990 2788 3023 3020
16935 2531 2537 2849 2861
16936 2928 2926 2923 2931
16937 2888 2899 2885 2889
16938 3323 4146 4141 3978
16939 3323 3336 4146 3978
16940 789 827 826 849
16941 580 583 562 568
16942 3288 3285 3284 3293
16943 384 1894 380 388
16944 4381 4395 4396 4366
16945 677 675 671 681
16946 5909 5955 5957 5962
16947 4154 4144 4157 4159
16948 4953 4926 4927 4928
16949 4967 4962 4953 4928
16950 384 1878 1876 1896
16951 5930 3228 5942 5937
16952 4276 4277 4304 4314
16953 1978 1990 1977 1981
16954 1772 1790 1777 1785
16955 3309 3314 3315 3322
16956 766 762 759 768
16957 376 382 383 389
16958 1046 1021 1045 1058
16959 1021 1046 1396 1058
16960 5464 5409 5412 5476
16961 3763 3764 3761 3769
16962 3761 3766 3768 3769
16963 5771 5697 5695 5691
16964 892 894 901 922
16965 892 901 894 899
16966 4074 5315 4075 5318
16967 4074 4075 5315 4070
16968 5321 4075 5315 5318
16969 5321 5315 4075 4070
16970 2685 2693 2692 2733
16971 2685 2692 2693 2695
16972 4023 4027 4030 4028
16973 4030 4027 4023 4035
16974 4030 4031 4023 4028
16975 4023 4031 4030 4035
16976 2234 2227 2233 2246
16977 2233 2227 2234 2232
16978 500 492 498 499
16979 500 498 492 497
16980 4282 4036 4010 4050
16981 4037 4036 4010 4009
16982 4037 4010 4036 4050
16983 2387 2393 2391 2389
16984 2387 2391 2393 2390
16985 2392 2391 2393 2389
16986 2392 2393 2391 2390
16987 684 689 697 688
16988 697 689 684 685
16989 132 112 120 114
16990 132 120 112 131
16991 1262 1261 1268 1249
16992 1262 1268 1261 1258
16993 1264 1268 1261 1249
16994 1264 1261 1268 1258
16995 5757 5768 5756 5779
16996 5757 5756 5768 5766
16997 5780 5768 5756 5766
16998 6194 6191 6189 6190
16999 6189 6191 6194 6192
17000 6282 6259 6264 6284
17001 6272 6259 6264 6266
17002 6272 6264 6259 6284
17003 4128 4131 4126 4121
17004 4126 4131 4128 3255
17005 295 317 297 303
17006 1670 1667 1689 1677
17007 1689 1667 1670 1668
17008 5745 5751 5766 5748
17009 5745 5766 5751 5750
17010 3483 3504 3203 3206
17011 350 1853 361 357
17012 361 1853 350 1842
17013 1942 1933 1941 1932
17014 1942 1941 1933 1934
17015 5593 5602 5594 5592
17016 5591 5602 5594 5598
17017 5591 5594 5602 5592
17018 542 544 571 560
17019 571 544 542 552
17020 920 912 909 919
17021 920 909 912 933
17022 4091 4025 4033 4022
17023 4033 4025 4091 4071
17024 1324 1312 1322 1297
17025 1324 1322 1312 1182
17026 3071 3078 3085 3084
17027 5519 5499 5522 5494
17028 5519 5522 5499 5527
17029 1212 1197 1207 1211
17030 827 1079 849 789
17031 827 849 1079 1074
17032 3428 3419 3362 3363
17033 3428 3362 3419 3425
17034 3169 3170 3168 3162
17035 3169 3168 3170 3182
17036 2124 2137 2142 2139
17037 2124 2142 2137 2149
17038 2140 2142 2137 2139
17039 2140 2137 2142 2149
17040 5724 5722 5727 5723
17041 5727 5722 5724 5717
17042 3887 3897 3905 3638
17043 3887 3905 3897 3896
17044 4410 4432 4365 4443
17045 4410 4365 4432 3777
17046 2252 2260 2261 2259
17047 2252 2261 2260 2251
17048 2622 2613 2618 2615
17049 2618 2613 2622 2631
17050 1783 375 367 347
17051 362 375 367 1791
17052 362 367 375 347
17053 2106 2112 2119 2134
17054 2106 2119 2112 2108
17055 410 464 433 411
17056 433 406 410 411
17057 410 406 433 430
17058 5560 5577 5498 5580
17059 5560 5498 5577 5559
17060 4422 4449 4452 4445
17061 4452 4449 4422 4413
17062 4452 4510 4422 4445
17063 4422 4510 4452 4413
17064 901 897 894 899
17065 901 894 897 934
17066 1177 1173 1312 1304
17067 1312 1173 1177 1182
17068 1312 1285 1177 1304
17069 1177 1285 1312 1182
17070 6203 6200 6187 6212
17071 6187 6200 6203 6184
17072 320 180 314 113
17073 4168 4300 4216 4308
17074 4168 4216 4300 4200
17075 4468 3868 3834 3880
17076 4468 3834 3868 4462
17077 3808 3421 3723 4433
17078 3808 3723 3421 3719
17079 473 619 557 624
17080 473 557 619 478
17081 5850 4388 5865 5851
17082 5865 4388 5850 4398
17083 2009 2065 2058 2060
17084 1729 1724 1705 1726
17085 1729 1705 1724 1706
17086 3866 3867 4479 3774
17087 4479 3867 3866 3865
17088 3856 3855 3860 3859
17089 3856 3860 3855 3864
17090 3860 3855 3861 3859
17091 3860 3861 3855 3864
17092 3861 3855 3137 3859
17093 3137 3855 3857 3859
17094 5946 3804 5947 3245
17095 5947 3804 5946 3775
17096 5193 5139 5165 5151
17097 5193 5165 5139 5190
17098 4242 4241 4244 4256
17099 4242 4244 4241 4245
17100 2716 2722 2723 2718
17101 2716 2723 2722 2715
17102 2714 2716 2723 2718
17103 2714 2723 2716 2715
17104 2710 2716 2714 2718
17105 4383 4649 4373 4376
17106 4383 4373 4649 4384
17107 4377 4373 4649 4376
17108 4377 4649 4373 4384
17109 3176 3183 3180 3170
17110 3180 3183 3176 3177
17111 2009 2010 2003 2000
17112 2003 2010 2009 2008
17113 4019 3240 4016 5945
17114 4019 4016 3240 4000
17115 4170 4566 4564 4559
17116 4564 4566 4170 4560
17117 4071 4068 4076 4069
17118 4071 4076 4068 4092
17119 1507 1561 1563 1560
17120 1507 1563 1561 1506
17121 1450 1409 1442 1420
17122 4584 4592 4588 4253
17123 514 529 519 515
17124 519 529 514 526
17125 357 356 361 359
17126 357 361 356 355
17127 544 571 557 552
17128 557 571 544 567
17129 2946 2952 2948 2950
17130 2949 2948 2952 2950
17131 2949 2952 2948 2951
17132 585 574 575 1198
17133 585 575 574 576
17134 1480 1120 1129 1125
17135 1480 1129 1120 1109
17136 5308 5352 5150 5363
17137 5308 5150 5352 5351
17138 1057 979 994 989
17139 1057 994 979 995
17140 377 374 726 366
17141 726 374 377 725
17142 377 717 726 725
17143 1839 1842 1855 1853
17144 1839 1855 1842 1782
17145 4434 4705 4698 4695
17146 4698 4705 4434 4438
17147 1558 1450 1507 1439
17148 1507 1450 1558 1563
17149 1324 1285 1312 1287
17150 1324 1312 1285 1182
17151 2022 2104 2023 1995
17152 2022 2023 2104 2009
17153 4447 3781 3866 4444
17154 3866 3781 4447 3771
17155 3572 3571 4558 3391
17156 4558 3571 3572 3567
17157 4558 4545 3572 3391
17158 3572 4545 4558 3567
17159 79 80 110 751
17160 110 80 79 78
17161 4928 4918 4955 4917
17162 4928 4955 4918 5070
17163 3669 3662 3659 9
17164 3669 3659 3662 3665
17165 4062 4270 4095 4224
17166 4062 4095 4270 4049
17167 6006 5999 6008 6000
17168 6006 6008 5999 6005
17169 6090 6093 6101 6086
17170 6090 6101 6093 6102
17171 4340 4341 4337 4355
17172 4340 4337 4341 4335
17173 4333 4337 4341 4355
17174 4333 4341 4337 4335
17175 5114 5115 5125 5113
17176 5114 5125 5115 5118
17177 514 520 585 574
17178 585 520 514 526
17179 585 1198 514 574
17180 514 1198 585 526
17181 1502 1507 1500 1486
17182 1500 1507 1502 1499
17183 3795 3789 3797 3792
17184 3795 3797 3789 3784
17185 3785 3797 3789 3792
17186 3785 3789 3797 3784
17187 4355 4654 4337 4662
17188 4355 4337 4654 4354
17189 1869 1884 1883 1881
17190 1883 1884 1869 1868
17191 4435 4689 4440 4695
17192 4435 4440 4689 4429
17193 1597 1596 2066 1598
17194 1597 2066 1596 2057
17195 1595 2066 1596 1598
17196 1595 1596 2066 2057
17197 3895 3884 3893 4414
17198 3895 3893 3884 3885
17199 1312 1306 1283 1310
17200 1312 1283 1306 1311
17201 137 3593 166 126
17202 166 3593 137 165
17203 166 167 137 126
17204 137 167 166 165
17205 4077 4086 4083 4088
17206 4077 4083 4086 4085
17207 1493 1488 1480 1489
17208 1493 1480 1488 1492
17209 2302 2300 2303 2343
17210 2303 2300 2302 2297
17211 40 344 1839 24
17212 40 1839 344 52
17213 2386 2513 2379 2382
17214 3543 3405 3402 3397
17215 5228 5698 5693 5770
17216 5228 5693 5698 5229
17217 2058 2059 2066 2061
17218 2058 2066 2059 2054
17219 2055 2066 2059 2061
17220 2055 2059 2066 2054
17221 667 295 655 654
17222 667 655 295 116
17223 3780 6061 3852 6070
17224 3780 3852 6061 3813
17225 5154 5152 5165 5156
17226 5154 5165 5152 5186
17227 374 377 389 366
17228 374 389 377 387
17229 1311 1312 1200 1302
17230 1311 1200 1312 1211
17231 1201 1200 1312 1302
17232 1201 1312 1200 1211
17233 1182 1183 1323 1322
17234 1323 1183 1182 526
17235 894 886 900 896
17236 894 900 886 903
17237 5572 5582 5576 5580
17238 5572 5576 5582 5583
17239 5578 5576 5582 5580
17240 5578 5582 5576 5583
17241 1924 1921 1925 1912
17242 529 1323 1321 1317
17243 1321 1323 529 507
17244 1321 506 529 1317
17245 529 506 1321 507
17246 3894 3669 3662 3665
17247 3662 3669 3894 3893
17248 2398 2405 2404 2401
17249 2404 2405 2398 2408
17250 1268 1234 1240 1216
17251 1268 1240 1234 1241
17252 2933 2781 2834 2791
17253 2805 2834 2781 2791
17254 2021 2023 2050 1966
17255 2050 2023 2021 2008
17256 419 417 418 412
17257 418 417 419 430
17258 764 763 766 765
17259 764 766 763 780
17260 4649 4111 4119 4384
17261 4649 4119 4111 4115
17262 1646 1656 1641 1660
17263 5853 5862 5865 5850
17264 5853 5865 5862 5866
17265 3476 3473 3471 3475
17266 5540 5533 5536 5535
17267 5540 5536 5533 5537
17268 2316 2312 2301 2313
17269 2316 2301 2312 2318
17270 1222 1223 1224 1217
17271 1222 1224 1223 1408
17272 1037 1043 1418 1036
17273 1037 1418 1043 1435
17274 1042 1418 1043 1036
17275 1042 1043 1418 1435
17276 488 473 463 480
17277 488 463 473 472
17278 3895 3886 3893 3885
17279 3895 3893 3886 3882
17280 6 3893 3886 3885
17281 6 3886 3893 3882
17282 1464 1405 1465 1393
17283 1464 1465 1405 1563
17284 6216 6211 6208 6213
17285 6208 6211 6216 6214
17286 3004 2997 2991 3003
17287 3004 2991 2997 2996
17288 3570 3573 3559 3567
17289 3559 3573 3570 3626
17290 4690 3569 4548 4542
17291 4690 4548 3569 4683
17292 3825 3768 3753 3196
17293 3825 3753 3768 3749
17294 3586 3726 3700 3664
17295 3700 3726 3586 3612
17296 5675 5582 5572 5585
17297 5675 5572 5582 5583
17298 3599 166 124 188
17299 3599 124 166 134
17300 185 124 166 188
17301 185 166 124 134
17302 1545 1501 1549 1504
17303 1549 1501 1545 1561
17304 5364 5355 5357 5356
17305 5364 5357 5355 5352
17306 333 312 321 314
17307 333 321 312 323
17308 569 572 558 584
17309 557 543 567 544
17310 557 567 543 487
17311 5027 5010 5007 5019
17312 5027 5007 5010 5014
17313 3520 3445 3526 3443
17314 3520 3526 3445 3485
17315 3779 3862 3924 3915
17316 3779 3924 3862 3776
17317 4909 4943 5178 4908
17318 5178 4943 4909 4941
17319 4942 4940 4943 4908
17320 4943 4940 4942 4941
17321 4909 4942 4943 4908
17322 4943 4942 4909 4941
17323 5300 5303 5308 5306
17324 5354 5308 5303 5306
17325 5354 5303 5308 5351
17326 27 113 74 66
17327 27 74 113 179
17328 4384 4373 4371 4383
17329 4384 4371 4373 4377
17330 725 389 377 379
17331 377 389 725 387
17332 2026 2038 2034 2037
17333 2026 2034 2038 2024
17334 2031 2034 2038 2037
17335 2031 2038 2034 2024
17336 5447 5441 5443 5449
17337 513 502 505 508
17338 513 505 502 528
17339 530 544 553 547
17340 530 553 544 543
17341 555 553 544 547
17342 555 544 553 543
17343 3430 3427 3432 3423
17344 3430 3432 3427 3420
17345 1241 1228 1239 1235
17346 1239 1234 1241 1235
17347 1241 1234 1239 1240
17348 1300 1301 1311 1302
17349 1311 1301 1300 1299
17350 4552 4547 4690 4542
17351 4552 4690 4547 4676
17352 4822 4813 4820 4823
17353 2453 2456 2775 2452
17354 2775 2456 2453 2764
17355 2775 2454 2453 2452
17356 2453 2454 2775 2764
17357 425 489 432 424
17358 4119 4116 4118 4100
17359 4119 4118 4116 4117
17360 1422 1042 1435 1028
17361 2119 2295 2115 2305
17362 2119 2115 2295 2299
17363 3921 3908 3905 3901
17364 3905 3908 3921 3902
17365 2119 1968 1980 1994
17366 2119 1980 1968 2107
17367 3447 3440 3438 3439
17368 3447 3438 3440 3441
17369 904 889 894 919
17370 5758 6085 6079 5761
17371 5758 6079 6085 6081
17372 685 686 697 732
17373 685 697 686 684
17374 1197 1207 1196 1186
17375 1197 1196 1207 1211
17376 1689 1691 1690 1678
17377 1689 1690 1691 1702
17378 2946 2932 2952 2954
17379 2846 2952 2932 2954
17380 3592 3600 3629 3626
17381 3629 3600 3592 3596
17382 223 208 218 217
17383 218 208 223 205
17384 218 210 223 217
17385 2078 2093 2080 2105
17386 2080 2093 2078 2076
17387 2294 2298 2291 2296
17388 2291 2298 2294 2300
17389 3824 3820 5948 3812
17390 5948 3820 3824 6004
17391 5948 6019 3824 3812
17392 3824 6019 5948 6004
17393 670 100 680 671
17394 680 681 670 671
17395 4968 4988 4971 4990
17396 4971 4988 4968 4963
17397 971 964 968 965
17398 971 968 964 972
17399 969 968 967 972
17400 967 971 968 965
17401 967 968 971 972
17402 1186 1212 1207 1209
17403 1207 1212 1186 1197
17404 1604 2058 2009 2079
17405 2025 2033 2038 2026
17406 2025 2038 2033 2029
17407 2037 2038 2033 2026
17408 2037 2033 2038 2029
17409 6111 6107 6115 6113
17410 6111 6115 6107 6119
17411 6117 6115 6107 6113
17412 6117 6107 6115 6119
17413 53 92 96 46
17414 53 96 92 65
17415 5580 5576 5574 5575
17416 5580 5574 5576 5564
17417 2275 2180 2248 2213
17418 2275 2248 2180 2330
17419 4049 4042 4044 4061
17420 4627 4356 4355 4352
17421 4355 4356 4627 4637
17422 4355 4633 4627 4352
17423 4627 4633 4355 4637
17424 1869 1884 1911 1868
17425 1911 1884 1869 1879
17426 5615 5621 5609 5610
17427 5615 5609 5621 5619
17428 6140 6143 6124 6139
17429 2319 2327 2163 2320
17430 2319 2163 2327 2160
17431 2324 2345 2329 2272
17432 2329 2345 2324 2330
17433 2329 2275 2324 2272
17434 2324 2275 2329 2330
17435 3261 3212 3504 3503
17436 3504 3212 3261 3193
17437 775 768 776 777
17438 776 768 775 752
17439 1324 1332 1338 403
17440 1324 1338 1332 1313
17441 1338 1332 1339 403
17442 1338 1339 1332 1313
17443 1339 1332 1327 403
17444 1339 1327 1332 1313
17445 1897 1887 1896 1888
17446 1897 1896 1887 1883
17447 4186 3356 4188 4181
17448 4186 4188 3356 3360
17449 641 677 679 672
17450 681 679 677 672
17451 1996 1725 1742 1987
17452 1996 1742 1725 1995
17453 3919 3866 4450 4441
17454 3919 4450 3866 3865
17455 2073 2058 2009 2065
17456 2073 2009 2058 2079
17457 5271 5261 5263 5242
17458 5271 5263 5261 5268
17459 1821 1827 1826 1820
17460 1826 1827 1821 1823
17461 1821 1825 1826 1823
17462 4160 4311 4158 4300
17463 4160 4158 4311 4159
17464 3251 3246 3306 3995
17465 3251 3306 3246 3243
17466 5672 5803 5821 5869
17467 5821 5803 5672 5626
17468 5821 5644 5672 5869
17469 5672 5644 5821 5626
17470 90 92 97 91
17471 97 92 90 96
17472 4049 4221 4095 4270
17473 4049 4095 4221 4076
17474 6284 6250 6272 6255
17475 6284 6272 6250 6287
17476 4384 4378 4649 4379
17477 4384 4649 4378 4377
17478 2932 2791 2935 2790
17479 2932 2935 2791 2946
17480 1339 1313 1330 1327
17481 1339 1330 1313 1338
17482 5424 5428 5434 5426
17483 5424 5434 5428 5410
17484 4273 4260 4266 4265
17485 4273 4266 4260 4269
17486 1996 1982 2134 1994
17487 1996 2134 1982 1983
17488 3838 3870 3880 3834
17489 3838 3880 3870 3865
17490 499 648 774 492
17491 499 774 648 639
17492 2323 2331 2321 2330
17493 2323 2321 2331 2322
17494 2320 2321 2331 2330
17495 2320 2331 2321 2322
17496 2289 2287 2257 2275
17497 2289 2257 2287 2288
17498 1715 1707 1757 1703
17499 1715 1757 1707 1729
17500 1716 1715 1710 1729
17501 1705 1707 1715 1703
17502 1705 1715 1707 1729
17503 1710 1715 1705 1729
17504 2457 2467 2499 2444
17505 2457 2499 2467 2471
17506 2512 2467 2499 2471
17507 4270 4274 4260 4265
17508 4270 4260 4274 4268
17509 5511 5514 5518 5512
17510 5518 5514 5511 5513
17511 4947 5069 4958 4957
17512 4958 5069 4947 4955
17513 1506 1473 1540 1470
17514 1506 1540 1473 1469
17515 4356 4352 4353 4355
17516 4356 4353 4352 4349
17517 588 571 563 566
17518 563 571 588 591
17519 5880 5877 5866 5875
17520 5880 5866 5877 5863
17521 5860 5866 5877 5875
17522 5860 5877 5866 5863
17523 2989 2998 3029 2977
17524 2989 3029 2998 3003
17525 488 477 458 480
17526 488 458 477 476
17527 458 477 487 480
17528 458 487 477 476
17529 487 477 450 480
17530 487 450 477 476
17531 4315 4062 4270 4309
17532 4270 4062 4315 4224
17533 11 2 9 3
17534 1241 1230 1239 1228
17535 1241 1239 1230 1240
17536 4147 4134 4146 4136
17537 4147 4146 4134 4142
17538 2776 2861 2749 2540
17539 2776 2749 2861 2876
17540 5793 5799 5791 5796
17541 5791 5799 5793 5792
17542 2961 2952 2946 2950
17543 2961 2946 2952 2954
17544 1924 1922 1925 1921
17545 1924 1925 1922 1812
17546 2527 2470 2520 2518
17547 2527 2520 2470 2903
17548 1232 1366 1231 1360
17549 1232 1231 1366 1240
17550 1218 1366 1231 1240
17551 4532 4550 4526 4521
17552 4532 4526 4550 4544
17553 4519 4526 4550 4521
17554 4519 4550 4526 4544
17555 3232 5907 3293 3238
17556 3232 3293 5907 5893
17557 5890 3293 5907 3238
17558 5890 5907 3293 5893
17559 5772 5699 5697 5698
17560 5697 5699 5772 5782
17561 3476 3405 3459 3523
17562 3476 3459 3405 3460
17563 4486 4494 4493 4485
17564 4493 4494 4486 4495
17565 1464 1452 1465 1462
17566 1464 1465 1452 1393
17567 1869 1872 1883 1885
17568 1869 1883 1872 1881
17569 4151 4183 4188 4184
17570 4151 4188 4183 4216
17571 4181 4188 4183 4184
17572 4181 4183 4188 4216
17573 4240 4256 4244 4241
17574 150 161 165 164
17575 165 161 150 144
17576 1436 1427 1426 1433
17577 1426 1427 1436 1435
17578 1426 1418 1436 1433
17579 1436 1418 1426 1435
17580 5867 4411 5880 3773
17581 5867 5880 4411 5863
17582 3784 5880 4411 3773
17583 3784 4411 5880 5863
17584 4252 4256 4244 4240
17585 4252 4244 4256 4259
17586 25 20 27 19
17587 25 27 20 179
17588 2907 2834 2781 2833
17589 2781 2834 2907 2933
17590 1728 1729 1721 1717
17591 1721 1729 1728 1741
17592 5166 5160 5159 5155
17593 5166 5159 5160 5163
17594 1217 1218 1221 1219
17595 1042 1043 1102 1036
17596 1102 1043 1042 1028
17597 1785 1777 1783 1781
17598 1785 1783 1777 1773
17599 2328 2303 2336 2343
17600 2328 2336 2303 2331
17601 65 381 388 386
17602 65 388 381 63
17603 2527 2515 2516 2512
17604 2527 2516 2515 2518
17605 3868 3872 3880 3869
17606 3868 3880 3872 3870
17607 5221 5222 5220 5223
17608 327 322 334 298
17609 334 322 327 326
17610 334 305 327 298
17611 4168 4312 4315 4242
17612 4315 4312 4168 4308
17613 4315 4225 4168 4242
17614 4168 4225 4315 4308
17615 2003 1999 2009 2000
17616 2003 2009 1999 1998
17617 4663 4668 4678 4669
17618 4663 4678 4668 4679
17619 4680 4678 4668 4669
17620 4680 4668 4678 4679
17621 5483 5478 5489 5481
17622 3731 3769 3734 3730
17623 3734 3769 3731 3759
17624 2760 2763 2762 2757
17625 2762 2763 2760 2875
17626 1388 1391 1392 1383
17627 1392 1391 1388 1407
17628 1392 1394 1388 1383
17629 1388 1394 1392 1407
17630 446 444 458 1352
17631 446 458 444 445
17632 4889 4881 4884 4887
17633 3792 3797 3786 3785
17634 3786 3797 3792 3778
17635 3146 3175 3182 3180
17636 3146 3182 3175 3155
17637 2526 2523 2668 2660
17638 2526 2668 2523 2675
17639 6281 6277 6287 6240
17640 6235 6277 6287 6278
17641 6235 6287 6277 6240
17642 2947 2943 2939 3085
17643 2947 2939 2943 2944
17644 5348 5365 5347 5359
17645 5348 5347 5365 5350
17646 5357 5347 5365 5359
17647 5357 5365 5347 5350
17648 2777 2763 2751 2762
17649 2777 2751 2763 3018
17650 2754 2751 2763 2762
17651 2754 2763 2751 3018
17652 4231 4226 4244 4219
17653 4231 4244 4226 4227
17654 4222 4244 4226 4219
17655 4222 4226 4244 4227
17656 3669 135 3597 4416
17657 3669 3597 135 11
17658 2080 2083 2081 2093
17659 4687 4665 4676 4659
17660 4687 4676 4665 4677
17661 4679 4676 4665 4659
17662 4679 4665 4676 4677
17663 5893 5943 3243 5908
17664 5893 3243 5943 3249
17665 3250 3243 5943 5908
17666 3250 5943 3243 3249
17667 4550 4519 4516 681
17668 4550 4516 4519 4521
17669 5321 5320 4075 5318
17670 5321 4075 5320 4272
17671 3322 3358 3366 3311
17672 3322 3366 3358 3364
17673 1297 1296 1294 1295
17674 1297 1294 1296 1338
17675 3265 3254 3245 3817
17676 3265 3245 3254 3262
17677 1755 1673 1688 1671
17678 1755 1688 1758 1671
17679 1758 1688 1755 1754
17680 1755 1758 1747 1671
17681 1747 1758 1755 1754
17682 3000 2989 2978 2977
17683 544 457 555 554
17684 544 555 457 543
17685 2507 2510 2513 2506
17686 2507 2513 2510 2511
17687 2487 2513 2510 2506
17688 2487 2510 2513 2511
17689 3400 3393 3406 3394
17690 3400 3406 3393 3395
17691 1806 1814 1800 1805
17692 1800 1814 1806 1813
17693 2902 2924 2920 2931
17694 2902 2920 2924 2900
17695 2375 2373 2435 2443
17696 2375 2435 2373 2386
17697 2617 2616 2613 2614
17698 2617 2613 2616 2615
17699 27 14 13 24
17700 1941 1943 1918 1952
17701 1941 1918 1943 1932
17702 5627 5615 5628 5685
17703 3606 3607 3627 3610
17704 3627 3607 3606 3612
17705 1641 1642 1646 1644
17706 1646 1642 1641 1656
17707 3599 188 3593 166
17708 1241 1263 1234 1268
17709 1297 1322 1283 1312
17710 1297 1283 1322 1338
17711 1746 1754 1758 1747
17712 1758 1754 1746 1745
17713 247 246 241 248
17714 241 246 247 244
17715 4146 4135 4144 4137
17716 4146 4144 4135 4145
17717 4920 4919 4923 4930
17718 4923 4919 4920 4924
17719 4049 4063 4279 4287
17720 4539 4532 4526 4531
17721 4539 4526 4532 4544
17722 1083 1084 1087 1077
17723 1083 1087 1084 1086
17724 3691 3690 3700 3702
17725 3711 3700 3690 3702
17726 3711 3690 3700 3686
17727 5755 4032 3951 4090
17728 3951 4032 5755 5767
17729 3951 5764 5755 4090
17730 5755 5764 3951 5767
17731 3461 3339 3342 3349
17732 3489 3736 3503 3494
17733 3489 3503 3736 3739
17734 4696 4253 4588 4592
17735 3711 3709 3704 3712
17736 2762 2757 2754 2755
17737 2762 2754 2757 2763
17738 4092 4022 4089 4091
17739 4090 4089 4022 4091
17740 1633 1641 1646 1640
17741 1633 1646 1641 1660
17742 3128 3120 3119 3123
17743 3128 3119 3120 3132
17744 3703 3711 3709 3704
17745 3709 3711 3703 3707
17746 6050 6022 6271 6041
17747 6050 6271 6022 5882
17748 5818 6271 6022 6041
17749 5818 6022 6271 5882
17750 1856 1881 1872 1607
17751 1872 1881 1856 1869
17752 5761 5769 5763 5760
17753 5763 5769 5761 6085
17754 1303 1201 1312 1302
17755 1303 1312 1201 1174
17756 4202 4581 4580 4589
17757 4202 4580 4581 4593
17758 4259 4247 4194 4248
17759 4259 4194 4247 4201
17760 6081 6091 6079 6080
17761 6081 6079 6091 5768
17762 5781 6079 6091 6080
17763 5781 6091 6079 5768
17764 5136 5166 5122 5111
17765 5104 5122 5166 5111
17766 2010 2002 2000 2009
17767 2010 2000 2002 2005
17768 2646 2681 2653 2648
17769 2653 2681 2646 2680
17770 3689 3685 3675 3679
17771 3675 3685 3689 3694
17772 2885 2897 2889 2899
17773 2889 2897 2885 2894
17774 2513 2382 2500 2379
17775 2513 2500 2382 2384
17776 2837 2838 2847 2840
17777 2837 2847 2838 2836
17778 235 228 204 210
17779 1422 1418 1042 1415
17780 1422 1042 1418 1435
17781 3838 3835 3865 3837
17782 3838 3865 3835 3864
17783 3860 3865 3835 3837
17784 3860 3835 3865 3864
17785 2544 2568 2151 2152
17786 2151 2568 2544 2542
17787 5916 5923 5921 5918
17788 5921 5923 5916 5910
17789 5921 5913 5916 5918
17790 5916 5913 5921 5910
17791 1058 1025 1385 1022
17792 1058 1385 1025 1392
17793 1743 1740 1754 1738
17794 1743 1754 1740 1674
17795 3419 3408 3370 3415
17796 1215 1240 1234 1216
17797 1234 1240 1215 1239
17798 333 307 314 321
17799 333 314 307 360
17800 2305 2301 2304 2295
17801 2305 2304 2301 2303
17802 2021 2034 2035 2036
17803 2021 2035 2034 2037
17804 4247 4592 4259 4258
17805 4247 4259 4592 4248
17806 6063 6074 6070 6072
17807 6063 6070 6074 6054
17808 5929 5935 5933 5932
17809 5933 5935 5929 6002
17810 3642 3637 3643 3666
17811 3642 3643 3637 3641
17812 833 859 854 864
17813 854 830 833 864
17814 1922 1690 1925 1920
17815 1925 1690 1922 1812
17816 2481 2483 2475 2484
17817 2481 2475 2483 2474
17818 5627 5624 5619 5621
17819 5627 5619 5624 5625
17820 5620 5619 5624 5621
17821 5620 5624 5619 5625
17822 585 575 581 1198
17823 585 581 575 577
17824 208 204 202 207
17825 208 202 204 233
17826 738 729 735 730
17827 738 735 729 732
17828 4061 4035 4055 4060
17829 4055 4035 4061 4025
17830 21 15 25 17
17831 4293 4300 4306 4290
17832 4306 4300 4293 4305
17833 5687 5705 5692 5689
17834 5687 5692 5705 5688
17835 5713 5705 5692 5688
17836 5705 5690 5692 5689
17837 5705 5692 5690 5713
17838 41 54 40 30
17839 40 54 41 53
17840 4335 4341 4330 4333
17841 4335 4330 4341 4342
17842 104 120 319 116
17843 519 524 528 522
17844 528 524 519 521
17845 431 424 402 426
17846 431 402 424 489
17847 501 424 402 489
17848 6027 6062 3780 6076
17849 6027 3780 6062 3797
17850 4971 4975 4976 4984
17851 4971 4976 4975 4972
17852 1226 1280 1508 1270
17853 1226 1508 1280 1518
17854 5629 5837 5821 5820
17855 5629 5821 5837 5655
17856 1758 1675 1811 1803
17857 1758 1811 1675 1690
17858 1804 1811 1675 1803
17859 1804 1675 1811 1690
17860 2612 2607 2586 2590
17861 2612 2586 2607 2609
17862 2586 2607 2592 2590
17863 2586 2592 2607 2609
17864 2592 2607 2681 2590
17865 2592 2681 2607 2609
17866 5650 5658 5648 5646
17867 5648 5658 5650 5657
17868 1965 1954 1995 1989
17869 1965 1995 1954 1959
17870 731 732 697 734
17871 731 697 732 690
17872 67 731 697 734
17873 67 697 731 690
17874 56 731 67 734
17875 56 67 731 690
17876 5727 5589 5721 5714
17877 5727 5721 5589 5595
17878 210 204 196 197
17879 207 196 204 197
17880 207 204 196 205
17881 653 633 630 644
17882 653 630 633 637
17883 2875 2749 2756 2762
17884 2875 2756 2749 2747
17885 2753 2756 2749 2762
17886 2527 2523 2517 2521
17887 2527 2517 2523 2541
17888 996 1002 1017 1016
17889 996 1017 1002 1003
17890 1168 1085 1172 1159
17891 1172 1085 1168 1162
17892 1172 1167 1168 1159
17893 1168 1167 1172 1162
17894 1559 1560 1563 1561
17895 2080 2081 2305 2105
17896 2080 2305 2081 2298
17897 4523 4524 4518 4679
17898 4673 4518 4524 4679
17899 4673 4524 4518 4515
17900 4971 4975 4967 4969
17901 4971 4967 4975 4984
17902 3072 3046 3071 3063
17903 3072 3071 3046 3059
17904 639 626 638 627
17905 639 638 626 499
17906 3417 3415 3363 3374
17907 759 770 777 4339
17908 777 770 759 768
17909 1102 1096 1422 1042
17910 1102 1422 1096 1094
17911 1415 1422 1096 1042
17912 1415 1096 1422 1094
17913 2788 3031 2791 2789
17914 2791 2805 2788 2789
17915 3586 3578 3576 3577
17916 3586 3576 3578 3574
17917 3584 3576 3578 3577
17918 3584 3578 3576 3574
17919 1143 1138 1062 1131
17920 1143 1062 1138 1073
17921 5126 4912 4913 4979
17922 4913 4912 5126 5127
17923 1138 1132 1142 1137
17924 1142 1132 1138 1143
17925 1050 1073 1055 1068
17926 1055 1073 1050 1056
17927 4775 5058 4763 5043
17928 4763 5058 4775 4773
17929 3701 3707 3612 3604
17930 3701 3612 3707 3711
17931 3613 3612 3707 3604
17932 3613 3707 3612 3711
17933 998 1155 1157 1152
17934 1157 1155 998 1001
17935 1157 1002 998 1152
17936 998 1002 1157 1001
17937 4076 4066 5321 4070
17938 4076 5321 4066 4100
17939 540 539 545 1252
17940 540 545 539 530
17941 4084 4081 4085 4106
17942 4078 4085 4081 4106
17943 4078 4081 4085 4080
17944 4898 4896 4860 4897
17945 4860 4889 4898 4897
17946 4898 4889 4860 4883
17947 5391 4263 4269 4267
17948 5391 4269 4263 4264
17949 4260 4269 4263 4267
17950 4260 4263 4269 4264
17951 780 768 770 776
17952 770 768 780 766
17953 4511 4510 4493 4503
17954 4493 4510 4511 4494
17955 4493 4509 4511 4503
17956 4511 4509 4493 4494
17957 863 862 850 855
17958 850 862 863 841
17959 803 796 797 801
17960 797 796 803 795
17961 1936 1932 1924 1933
17962 1936 1924 1932 1915
17963 3055 3090 3101 3050
17964 3055 3101 3090 3096
17965 3501 3498 3503 3500
17966 4314 4306 4280 4305
17967 4314 4280 4306 4311
17968 6271 6040 6050 6039
17969 6271 6050 6040 6043
17970 6046 6050 6040 6039
17971 6046 6040 6050 6043
17972 1136 1477 1142 1479
17973 1136 1142 1477 1143
17974 2541 2526 2528 2527
17975 375 1793 1781 1783
17976 2936 3029 2946 2947
17977 2946 3029 2936 3031
17978 3202 3228 3211 3229
17979 3211 3228 3202 3195
17980 1953 40 33 52
17981 33 40 1953 31
17982 342 337 346 341
17983 342 346 337 347
17984 173 172 179 171
17985 179 172 173 195
17986 695 387 381 696
17987 4557 4577 4561 4574
17988 4557 4561 4577 4563
17989 4580 4561 4577 4574
17990 4580 4577 4561 4563
17991 648 626 639 640
17992 648 639 626 499
17993 3213 3154 3276 3193
17994 3213 3276 3154 3155
17995 4150 4155 4159 4136
17996 4150 4159 4155 4149
17997 4902 4753 4788 4763
17998 4902 4788 4753 4892
17999 4057 4058 4060 4059
18000 5384 5376 5392 5389
18001 5384 5392 5376 5390
18002 2062 2060 2058 2064
18003 2058 2060 2062 2009
18004 2058 2061 2062 2064
18005 3629 3606 3627 3585
18006 3629 3627 3606 3612
18007 4340 755 759 4336
18008 4340 759 755 767
18009 1228 1227 1241 1229
18010 1228 1241 1227 1235
18011 4947 5069 4760 4763
18012 4947 4760 5069 4957
18013 4762 4760 5069 4763
18014 4762 5069 4760 4957
18015 13 40 14 32
18016 14 40 13 24
18017 390 1897 388 64
18018 390 388 1897 1880
18019 3838 3830 3828 3832
18020 3827 3828 3830 3832
18021 5441 5447 5440 5459
18022 5440 5447 5441 5442
18023 1040 989 1027 1029
18024 1040 1027 989 985
18025 1023 1027 989 1029
18026 1023 989 1027 985
18027 6005 5993 6020 5986
18028 6005 6020 5993 3818
18029 5983 6020 5993 5986
18030 5983 5993 6020 3818
18031 398 402 393 397
18032 6103 6098 6100 6116
18033 1963 1995 1965 1959
18034 1965 1995 1963 2021
18035 3882 3894 3888 3886
18036 3888 3894 3882 3890
18037 5879 5871 5869 5810
18038 5879 5869 5871 5872
18039 1531 1514 1520 1516
18040 1520 1514 1531 1513
18041 3545 3472 3568 3542
18042 3545 3568 3472 3475
18043 933 958 850 851
18044 933 850 958 927
18045 1087 1080 849 1081
18046 1087 849 1080 1079
18047 1074 1080 849 1079
18048 3461 3451 3448 3449
18049 3461 3448 3451 3460
18050 2517 2346 2526 2514
18051 2526 2346 2517 2656
18052 5364 5367 5378 5366
18053 5364 5378 5367 5365
18054 4563 4557 4608 4556
18055 4563 4608 4557 4561
18056 5042 5010 5011 5013
18057 5042 5011 5010 5029
18058 1175 1198 1176 1182
18059 1093 1097 1102 1112
18060 1093 1102 1097 1095
18061 4300 4305 4297 4293
18062 4300 4297 4305 4314
18063 2979 2975 2977 3029
18064 2979 2977 2975 3028
18065 3027 2977 2975 3029
18066 3027 2975 2977 3028
18067 512 513 402 511
18068 402 513 512 501
18069 402 397 512 511
18070 512 397 402 501
18071 6243 6251 6238 6242
18072 6243 6238 6251 6250
18073 1777 1799 1785 1788
18074 1785 1799 1777 1781
18075 2869 2867 2875 2866
18076 2869 2875 2867 2748
18077 2875 2867 2876 2866
18078 2875 2876 2867 2748
18079 2876 2864 2867 2748
18080 5108 5338 5112 5352
18081 5108 5112 5338 5109
18082 5205 5198 5204 5199
18083 5205 5204 5198 5193
18084 152 107 120 142
18085 152 120 107 108
18086 5665 5607 5661 5663
18087 5665 5661 5607 5503
18088 2862 2899 2901 2888
18089 2862 2901 2899 2902
18090 1840 1830 1835 1806
18091 1840 1835 1830 1834
18092 4221 4095 4100 4076
18093 4221 4100 4095 4229
18094 5862 4387 4398 4390
18095 5862 4398 4387 4397
18096 4395 4398 4387 4390
18097 4395 4387 4398 4397
18098 692 695 725 694
18099 692 725 695 696
18100 5014 5003 5050 5001
18101 5014 5050 5003 4970
18102 3613 3470 3476 3605
18103 3613 3476 3470 3519
18104 3806 3810 3807 3801
18105 3807 3810 3806 3822
18106 4288 4211 4300 4289
18107 4288 4300 4211 4205
18108 2513 2505 2502 2503
18109 2513 2502 2505 2504
18110 432 462 632 461
18111 432 632 462 638
18112 156 162 165 160
18113 156 165 162 3600
18114 410 485 488 464
18115 410 488 485 486
18116 3395 3460 3461 3451
18117 3461 3460 3395 3406
18118 3461 3450 3395 3451
18119 3395 3450 3461 3406
18120 5042 5019 5010 5027
18121 5042 5010 5019 5029
18122 3168 3156 3157 3159
18123 4160 4289 4211 4206
18124 4160 4211 4289 4300
18125 3196 3186 3185 3190
18126 4356 4316 4319 4317
18127 4356 4319 4316 4364
18128 4146 4135 4134 4138
18129 4146 4134 4135 4137
18130 6174 6164 6175 6163
18131 6174 6175 6164 6172
18132 5983 5993 5980 5986
18133 5980 5993 5983 6061
18134 1646 1669 1676 1689
18135 1646 1676 1669 1635
18136 3391 3552 4545 3546
18137 3391 4545 3552 3384
18138 3550 4545 3552 3546
18139 3607 3613 3610 3611
18140 3607 3610 3613 3627
18141 3602 3610 3613 3611
18142 3602 3613 3610 3627
18143 4889 4858 4881 4859
18144 4889 4881 4858 4884
18145 5326 5331 5334 5330
18146 5334 5331 5326 5328
18147 3186 3196 3195 3190
18148 3186 3195 3196 3198
18149 449 457 487 455
18150 487 457 449 459
18151 5461 5490 5420 5362
18152 5420 5490 5461 5460
18153 3198 3185 3196 3186
18154 3198 3196 3185 3194
18155 2348 2526 2370 2355
18156 2348 2370 2526 2371
18157 3752 3754 3755 3750
18158 3755 3754 3752 3900
18159 3754 3072 3755 3750
18160 3755 3072 3754 3900
18161 3754 3740 3072 3750
18162 3072 3740 3754 3900
18163 195 183 25 189
18164 195 25 183 173
18165 21 25 183 189
18166 21 183 25 173
18167 6065 6072 6069 6028
18168 6065 6069 6072 6068
18169 912 905 899 913
18170 3294 3279 3183 3270
18171 3183 3279 3294 3227
18172 5762 5769 5763 5764
18173 5763 5769 5762 5760
18174 4204 4291 4200 4251
18175 4204 4200 4291 4205
18176 6240 6233 5791 6232
18177 6240 5791 6233 6235
18178 933 962 958 954
18179 3126 3111 3128 3127
18180 334 298 300 305
18181 334 300 298 322
18182 4371 4375 4384 4374
18183 4384 4375 4371 4377
18184 612 607 601 606
18185 612 601 607 610
18186 4846 4843 4788 4835
18187 4846 4788 4843 4902
18188 5051 5049 5014 5048
18189 5051 5014 5049 5002
18190 782 810 786 792
18191 786 810 782 808
18192 821 786 782 808
18193 794 821 782 808
18194 1952 1918 1908 1943
18195 1952 1908 1918 1910
18196 5151 5145 5309 5142
18197 5151 5309 5145 5295
18198 5146 5309 5145 5142
18199 5146 5145 5309 5295
18200 1215 1240 1218 1239
18201 1218 1240 1215 1217
18202 2428 2346 2698 2697
18203 2698 2736 2428 2697
18204 5420 5434 5461 5350
18205 5420 5461 5434 5414
18206 5417 5461 5434 5350
18207 5417 5434 5461 5414
18208 617 623 625 620
18209 5769 5764 5766 5767
18210 5769 5766 5764 5762
18211 5759 5766 5764 5767
18212 5759 5764 5766 5762
18213 4626 4628 4637 4625
18214 4637 4383 4626 4625
18215 72 85 4495 4489
18216 518 517 529 516
18217 518 529 517 523
18218 2191 2187 2188 2190
18219 2191 2188 2187 2189
18220 4804 4770 4768 4771
18221 4804 4768 4770 4751
18222 1617 1873 1610 1612
18223 1617 1610 1873 1881
18224 5680 5675 5684 5677
18225 5680 5684 5675 5681
18226 5641 5684 5675 5677
18227 5641 5675 5684 5681
18228 2457 2468 2467 2447
18229 2457 2467 2468 2471
18230 210 213 217 214
18231 217 213 210 219
18232 3990 3966 4144 3978
18233 5883 5885 5892 5886
18234 5883 5892 5885 6117
18235 4017 4302 4010 4282
18236 4017 4010 4302 4009
18237 4036 4010 4302 4282
18238 4036 4302 4010 4009
18239 4663 4652 4677 4671
18240 4663 4677 4652 651
18241 4666 4677 4652 4671
18242 4666 4652 4677 651
18243 5343 5339 5347 5346
18244 5343 5347 5339 5337
18245 5350 5347 5339 5346
18246 5350 5339 5347 5337
18247 1262 1249 1265 1261
18248 1262 1265 1249 1253
18249 5132 5126 5136 5130
18250 5132 5136 5126 5131
18251 4579 4161 4187 4163
18252 4579 4187 4161 3392
18253 5980 5993 5981 5984
18254 5981 5993 5980 6061
18255 6174 6164 6165 6166
18256 6174 6165 6164 6163
18257 921 962 954 960
18258 954 962 921 933
18259 954 959 921 960
18260 921 959 954 933
18261 5315 5322 5317 5316
18262 5317 5322 5315 5321
18263 3957 3954 3965 3955
18264 3965 3954 3957 3960
18265 6113 6114 6107 6116
18266 6113 6107 6114 6109
18267 6106 6107 6114 6116
18268 6106 6114 6107 6109
18269 3227 3234 3221 3236
18270 3227 3221 3234 3293
18271 1674 1667 1666 1669
18272 1674 1665 1666 1664
18273 1666 1665 1674 1669
18274 53 65 62 64
18275 2090 2098 2066 2135
18276 2066 2098 2090 2086
18277 2066 2087 2090 2135
18278 2090 2087 2066 2086
18279 210 228 197 226
18280 210 197 228 204
18281 2318 2253 2249 2261
18282 2318 2249 2253 2306
18283 2921 2932 2907 2931
18284 5028 5216 5023 5214
18285 5028 5023 5216 5025
18286 5645 5649 5656 5648
18287 5656 5649 5645 5681
18288 5782 5691 5692 5690
18289 5782 5692 5691 5697
18290 4063 4279 4282 4036
18291 4063 4282 4279 4287
18292 5384 5392 5385 5391
18293 5383 5385 5392 5391
18294 2777 2817 2806 2819
18295 2777 2806 2817 2818
18296 1533 1528 1524 1520
18297 1533 1524 1528 1527
18298 2750 2497 2494 2499
18299 2750 2494 2497 2498
18300 355 1853 1839 1836
18301 355 1839 1853 361
18302 4131 3723 4433 3798
18303 4131 4433 3723 4126
18304 181 139 143 120
18305 181 143 139 140
18306 619 452 557 618
18307 619 557 452 478
18308 3991 3977 3997 3976
18309 3991 3997 3977 3936
18310 406 433 420 423
18311 420 433 406 430
18312 5531 5607 5528 5530
18313 5531 5528 5607 5663
18314 892 894 923 921
18315 892 923 894 922
18316 925 892 923 921
18317 925 923 892 922
18318 948 892 925 921
18319 948 925 892 922
18320 3264 3825 3265 3253
18321 3265 3825 3264 3817
18322 885 886 904 889
18323 885 904 886 903
18324 894 904 886 889
18325 894 886 904 903
18326 394 393 402 392
18327 394 402 393 398
18328 6140 6144 6124 6143
18329 6140 6124 6144 6147
18330 1200 1205 1211 1207
18331 1200 1211 1205 1202
18332 1190 1211 1205 1207
18333 1190 1205 1211 1202
18334 2345 2322 2335 2333
18335 2345 2335 2322 2331
18336 1787 1763 1785 1790
18337 1787 1785 1763 1760
18338 850 860 861 856
18339 850 861 860 839
18340 3694 3672 3686 3673
18341 3694 3686 3672 3699
18342 5573 5565 5568 5569
18343 5573 5568 5565 5563
18344 5566 5568 5565 5569
18345 5566 5565 5568 5563
18346 95 4495 90 85
18347 95 90 4495 77
18348 4234 4235 4243 5444
18349 4234 4243 4235 4237
18350 5237 5243 5241 5240
18351 5241 5243 5237 5238
18352 5241 5239 5237 5240
18353 5237 5239 5241 5238
18354 4928 4933 4930 4943
18355 4928 4930 4933 4920
18356 4923 4928 4930 4943
18357 4923 4930 4928 4920
18358 4924 4923 4928 4920
18359 3758 3753 3747 3746
18360 3747 3184 3758 3746
18361 5000 4966 4970 4986
18362 5000 4970 4966 4971
18363 2625 2621 2622 2618
18364 2625 2622 2621 2623
18365 2615 2622 2621 2618
18366 2615 2621 2622 2623
18367 3031 2791 2935 2946
18368 4914 5096 5093 4904
18369 4914 5093 5096 5097
18370 249 232 208 209
18371 249 208 232 199
18372 3783 3795 3794 3774
18373 3783 3794 3795 3778
18374 2655 2650 2654 2651
18375 2654 2650 2655 2645
18376 159 161 165 157
18377 165 161 159 160
18378 3998 4063 3993 4002
18379 3993 4063 3998 4017
18380 3509 3516 3518 3517
18381 3509 3518 3516 3508
18382 4860 4841 4847 4849
18383 4860 4847 4841 4871
18384 6141 6169 6147 6142
18385 6141 6147 6169 6172
18386 1200 1204 1203 1305
18387 653 642 641 679
18388 653 641 642 647
18389 5912 5959 5897 5909
18390 5912 5897 5959 5895
18391 2791 2790 2787 2786
18392 5193 5207 5222 5205
18393 5193 5222 5207 5230
18394 5219 5222 5207 5205
18395 5219 5207 5222 5230
18396 2527 2523 2889 2541
18397 2527 2889 2523 2877
18398 1814 1806 1833 1805
18399 1814 1833 1806 1840
18400 4605 4595 4608 4607
18401 4608 4595 4605 4536
18402 616 614 625 617
18403 4570 4554 4563 3383
18404 4570 4563 4554 4555
18405 927 846 850 841
18406 850 846 927 929
18407 5577 5557 5560 5559
18408 1897 1884 1883 1868
18409 1883 1884 1897 1880
18410 3964 3976 3997 3977
18411 3964 3997 3976 3965
18412 1454 1521 1458 1464
18413 1457 1458 1521 1464
18414 1457 1521 1458 1552
18415 6008 6013 6018 6020
18416 6008 6018 6013 5997
18417 1822 1821 1826 1820
18418 1822 1826 1821 1825
18419 334 296 299 305
18420 334 299 296 238
18421 301 334 299 305
18422 301 299 334 238
18423 304 334 301 305
18424 304 301 334 238
18425 2547 2625 2622 2628
18426 2622 2625 2547 2554
18427 2547 2622 2635 2628
18428 2547 2635 2548 2628
18429 1080 1008 1087 1079
18430 1087 1008 1080 1009
18431 3308 3293 3284 3294
18432 3308 3284 3293 3306
18433 954 928 933 959
18434 921 933 928 959
18435 5525 5494 5520 5522
18436 5520 5494 5525 5518
18437 679 668 653 637
18438 679 653 668 641
18439 630 653 668 637
18440 630 668 653 641
18441 3285 3234 3293 3286
18442 3293 3234 3285 3221
18443 2831 2805 2781 2830
18444 4852 4851 4867 4847
18445 4893 4891 4829 4831
18446 4893 4829 4891 4846
18447 4828 4829 4891 4831
18448 4828 4891 4829 4846
18449 3519 3510 3709 3513
18450 3519 3709 3510 3470
18451 5000 4997 4994 4991
18452 2596 2592 2543 2588
18453 2596 2543 2592 2638
18454 2543 2592 2571 2588
18455 2543 2571 2592 2638
18456 2571 2592 2629 2588
18457 2571 2629 2592 2638
18458 2548 2629 2571 2638
18459 6245 6258 6231 6248
18460 6231 6258 6245 6244
18461 2689 2701 2687 2700
18462 2693 2687 2701 2700
18463 2693 2701 2687 2695
18464 6119 6145 6104 6146
18465 6119 6104 6145 5923
18466 4485 4487 4496 4486
18467 4485 4496 4487 4468
18468 385 715 721 379
18469 385 721 715 722
18470 6173 6167 6170 6169
18471 6173 6170 6167 6168
18472 2239 2237 2248 2234
18473 2248 2237 2239 2238
18474 4175 4180 4189 4212
18475 4175 4189 4180 4178
18476 4238 5448 4239 5380
18477 4239 5448 4238 4245
18478 5843 5637 5853 5845
18479 5843 5853 5637 5842
18480 1616 1624 1633 1632
18481 1616 1633 1624 1622
18482 5999 5992 6006 6005
18483 3747 5992 6006 5994
18484 3747 6006 5992 6005
18485 928 851 864 953
18486 928 864 851 924
18487 3966 3984 3990 3983
18488 3990 3984 3966 3979
18489 3708 3484 3712 3477
18490 3708 3712 3484 3677
18491 3489 3712 3484 3477
18492 3489 3484 3712 3677
18493 4057 4055 4060 4058
18494 4057 4060 4055 4054
18495 2659 2662 2669 2707
18496 2669 2662 2659 2664
18497 5686 5665 5666 5661
18498 5686 5666 5665 5668
18499 5664 5666 5665 5661
18500 5664 5665 5666 5668
18501 5056 5046 5064 5047
18502 5056 5064 5046 5043
18503 233 235 228 204
18504 228 235 233 237
18505 228 229 233 204
18506 233 229 228 237
18507 4187 4177 4189 4176
18508 4175 4189 4177 4176
18509 4175 4177 4189 4178
18510 5628 5619 5615 5627
18511 5628 5615 5619 5613
18512 4285 4279 4049 4048
18513 4285 4049 4279 4287
18514 3292 3294 3287 3290
18515 3292 3287 3294 3308
18516 3284 3287 3294 3290
18517 3284 3294 3287 3308
18518 892 905 912 921
18519 912 905 892 899
18520 912 894 892 921
18521 892 894 912 899
18522 632 422 432 461
18523 632 432 422 425
18524 1329 1296 1338 1273
18525 1338 1296 1329 1331
18526 2249 2256 2261 2250
18527 2249 2261 2256 2307
18528 2989 2969 2986 2979
18529 2989 2986 2969 2974
18530 2612 2610 2607 2597
18531 2612 2607 2610 2609
18532 4722 4794 4719 4720
18533 4722 4719 4794 4793
18534 4721 4719 4722 4793
18535 2277 2261 2258 2260
18536 2258 2261 2277 2289
18537 2932 2931 2925 2929
18538 670 680 99 674
18539 3972 3925 3979 3970
18540 3979 3925 3972 3307
18541 3680 3674 3672 3684
18542 5546 5560 5549 5554
18543 5546 5549 5560 5551
18544 5550 5549 5560 5554
18545 5550 5560 5549 5551
18546 3227 3234 3239 3293
18547 3227 3239 3234 3233
18548 3101 3102 3032 3091
18549 3101 3032 3102 3042
18550 3169 3166 3446 3162
18551 3169 3446 3166 3348
18552 5111 5102 5124 5121
18553 5111 5124 5102 5106
18554 1465 1442 1449 1410
18555 1465 1449 1442 1440
18556 1443 1449 1442 1410
18557 1443 1442 1449 1440
18558 3413 3411 3418 3410
18559 3413 3418 3411 3412
18560 5973 5970 5959 5967
18561 5973 5959 5970 5965
18562 5957 5973 5959 5967
18563 5957 5959 5973 5965
18564 5979 5973 5957 5967
18565 3518 3437 3476 3462
18566 3518 3476 3437 3459
18567 3469 3476 3437 3462
18568 3469 3437 3476 3459
18569 358 24 356 359
18570 6199 6220 6200 6201
18571 5755 5747 5750 5753
18572 5755 5750 5747 5751
18573 3410 3415 3363 3413
18574 3363 3415 3410 3419
18575 3363 3418 3410 3413
18576 3410 3418 3363 3419
18577 5839 5750 5755 5766
18578 5839 5755 5750 5849
18579 4933 4941 4943 4939
18580 4943 4941 4933 4940
18581 77 93 4495 72
18582 77 4495 93 90
18583 85 4495 93 72
18584 85 93 4495 90
18585 4791 4795 4790 4797
18586 4791 4790 4795 4719
18587 4790 4795 4794 4797
18588 4790 4794 4795 4719
18589 5463 4230 4243 4236
18590 4243 4230 5463 5475
18591 4243 5438 5463 4236
18592 5463 5438 4243 5475
18593 6151 6152 6159 6150
18594 6151 6159 6152 6153
18595 1004 1010 1005 1014
18596 1004 1005 1010 794
18597 1006 1005 1010 1014
18598 1006 1010 1005 794
18599 1398 1395 1407 1399
18600 1398 1407 1395 1396
18601 2909 2782 2783 2787
18602 2783 2782 2909 2908
18603 2783 2907 2909 2787
18604 2909 2907 2783 2908
18605 2921 2918 2909 2915
18606 2321 2233 2246 2325
18607 1591 2061 2066 2055
18608 2066 2061 1591 1604
18609 2289 2254 2261 2277
18610 2289 2261 2254 1967
18611 2075 2071 2078 2070
18612 2078 2071 2075 2076
18613 2500 2513 2506 2384
18614 2506 2513 2500 2503
18615 2506 2501 2500 2384
18616 2500 2501 2506 2503
18617 2873 2761 2875 2871
18618 2873 2875 2761 2870
18619 3627 3603 3602 3622
18620 3627 3602 3603 3610
18621 1201 1179 1211 1202
18622 1201 1211 1179 1174
18623 2805 2793 2799 2778
18624 2805 2799 2793 2795
18625 2780 2799 2793 2778
18626 2780 2793 2799 2795
18627 2535 2861 2850 2539
18628 2850 2861 2535 2531
18629 3239 5903 5893 5906
18630 3239 5893 5903 5949
18631 835 833 832 823
18632 835 832 833 831
18633 2612 2603 2610 2598
18634 3988 4057 4060 4059
18635 4060 4057 3988 3985
18636 957 951 976 959
18637 957 976 951 971
18638 975 976 951 959
18639 975 951 976 971
18640 1889 1888 1897 1890
18641 3992 3976 3997 3947
18642 3992 3997 3976 3991
18643 3339 3340 3461 3342
18644 3461 3340 3339 3453
18645 179 171 180 170
18646 179 180 171 172
18647 175 180 171 170
18648 175 171 180 172
18649 27 13 22 24
18650 3535 3616 3534 3540
18651 3535 3534 3616 3620
18652 573 581 585 582
18653 573 585 581 572
18654 3515 3510 3519 3513
18655 3515 3519 3510 3505
18656 1599 1591 1603 1597
18657 1599 1603 1591 1594
18658 330 317 334 304
18659 330 334 317 313
18660 4113 4094 4098 4112
18661 4113 4098 4094 4106
18662 2415 2409 2407 2410
18663 2415 2408 2407 2405
18664 2407 2408 2415 2410
18665 813 800 814 818
18666 813 814 800 798
18667 821 814 800 818
18668 821 800 814 798
18669 4585 4581 4594 4591
18670 4585 4594 4581 4609
18671 4593 4594 4581 4591
18672 4593 4581 4594 4609
18673 3163 3347 3168 3167
18674 3163 3168 3347 3378
18675 3350 3347 3168 3378
18676 4342 4499 4452 4480
18677 4342 4452 4499 4329
18678 4804 4789 4777 4793
18679 4804 4777 4789 4779
18680 3331 3318 3322 3332
18681 3331 3322 3318 3315
18682 216 223 219 217
18683 216 219 223 220
18684 2842 2952 2846 2844
18685 2846 2932 2842 2844
18686 4484 4506 4494 4508
18687 4484 4494 4506 4483
18688 1077 837 849 1078
18689 849 837 1077 1076
18690 2568 2552 2553 2551
18691 2568 2553 2552 2162
18692 3247 5894 5885 5889
18693 3247 5885 5894 5892
18694 5886 5885 5894 5889
18695 5886 5894 5885 5892
18696 1195 1196 1191 1194
18697 1195 1191 1196 1198
18698 1102 1098 1100 1101
18699 1102 1100 1098 1095
18700 6073 6070 6066 6067
18701 6073 6066 6070 6071
18702 6074 6066 6070 6067
18703 6074 6070 6066 6071
18704 2879 2881 2882 2894
18705 2879 2882 2881 2878
18706 3305 3934 3937 3935
18707 3305 3937 3934 3931
18708 2517 2523 2526 2660
18709 2517 2526 2523 2541
18710 5930 5936 5937 5940
18711 5937 5936 5930 5932
18712 4280 4281 4287 4283
18713 4280 4287 4281 4278
18714 4804 4797 4779 4789
18715 3760 3769 3767 3759
18716 3767 3769 3760 3768
18717 6000 5992 6006 5999
18718 6000 6006 5992 5994
18719 3514 3712 3489 3477
18720 3489 3712 3514 3710
18721 5000 4996 4997 4991
18722 5000 4997 4996 4999
18723 5906 5939 3239 5903
18724 3239 5939 5906 3237
18725 5322 5304 5366 5301
18726 5322 5366 5304 5364
18727 1566 1601 1590 1568
18728 1590 1601 1566 1579
18729 1058 1020 1045 1030
18730 1058 1045 1020 1021
18731 6106 6092 6114 6094
18732 6097 6092 6114 6098
18733 6097 6114 6092 6094
18734 4160 4148 4306 4290
18735 4160 4306 4148 4149
18736 2707 2706 2669 2659
18737 2669 2706 2707 2704
18738 2421 2423 2417 2420
18739 2421 2417 2423 2442
18740 2440 2417 2423 2420
18741 2440 2423 2417 2442
18742 5643 5857 5881 5860
18743 5643 5881 5857 5639
18744 5870 5881 5857 5860
18745 5870 5857 5881 5639
18746 1279 1282 1283 1273
18747 1283 1282 1279 1278
18748 4561 4574 4609 4557
18749 4561 4609 4574 4580
18750 4602 4574 4609 4580
18751 1132 1130 1137 1123
18752 1137 1130 1132 1142
18753 3747 3751 3745 3746
18754 3745 3743 3747 3746
18755 6039 6044 6041 6037
18756 4580 4581 4603 4589
18757 4580 4603 4581 4609
18758 4808 4806 4807 4812
18759 4808 4807 4806 4805
18760 2793 2826 2778 2792
18761 2793 2778 2826 2827
18762 2823 2826 2778 2827
18763 925 939 922 948
18764 938 922 939 948
18765 5560 5502 5528 5572
18766 5560 5528 5502 5497
18767 4846 4825 4835 4826
18768 4846 4835 4825 4823
18769 4835 4825 4788 4826
18770 4835 4788 4825 4823
18771 4788 4748 4825 4823
18772 5218 5220 5223 5217
18773 5560 5550 5557 5551
18774 5560 5557 5550 5556
18775 989 994 993 990
18776 993 991 989 990
18777 989 991 993 1003
18778 710 493 568 494
18779 710 568 493 580
18780 4494 4488 4484 4486
18781 4883 4945 4889 4885
18782 4889 4945 4883 4898
18783 4342 755 4334 4332
18784 4342 4331 4334 4335
18785 4334 4331 4342 4332
18786 1456 1553 1563 1555
18787 1456 1563 1553 1437
18788 544 545 536 535
18789 536 545 544 558
18790 536 541 544 535
18791 4917 4922 4928 4918
18792 4917 4928 4922 4920
18793 4841 4860 4842 4846
18794 3864 3835 3867 3856
18795 3864 3867 3835 3838
18796 4536 4608 4545 4533
18797 769 773 780 766
18798 769 780 773 772
18799 4579 4568 4577 4576
18800 4579 4577 4568 4580
18801 2325 2323 2330 2324
18802 2325 2330 2323 2321
18803 3685 3733 3675 3679
18804 641 676 679 677
18805 641 679 676 668
18806 681 679 676 677
18807 681 676 679 668
18808 6155 5778 5784 5781
18809 6155 5784 5778 6161
18810 5735 5742 5741 5739
18811 5745 5741 5742 5739
18812 5745 5742 5741 5744
18813 3370 3409 3419 3346
18814 3370 3419 3409 3408
18815 697 699 702 700
18816 702 699 697 725
18817 4824 4846 4820 4823
18818 4846 4820 4822 4821
18819 4846 4822 4820 4823
18820 4889 4916 4915 4879
18821 4889 4915 4916 4955
18822 1085 911 1145 1160
18823 1085 1145 911 807
18824 2331 2297 2326 2301
18825 2331 2326 2297 2328
18826 245 283 251 285
18827 251 283 245 244
18828 1988 1990 1995 1989
18829 1988 1995 1990 1991
18830 2173 2171 2166 2167
18831 2379 2504 2513 2427
18832 2379 2513 2504 2500
18833 4329 4323 4327 4499
18834 4329 4327 4323 4356
18835 230 234 238 212
18836 230 238 234 227
18837 2190 2159 2157 2158
18838 4217 4214 4215 4211
18839 4079 5747 4078 5749
18840 4078 5747 4079 4082
18841 4278 4287 4285 4279
18842 4730 4731 4735 4732
18843 4735 4731 4730 4736
18844 4735 4740 4730 4732
18845 4730 4740 4735 4736
18846 4538 150 4539 3553
18847 4539 150 4538 138
18848 39 16 27 14
18849 39 27 16 26
18850 15 27 16 14
18851 15 16 27 26
18852 3031 3020 2791 3030
18853 3031 2791 3020 2788
18854 2805 2791 3020 3030
18855 2805 3020 2791 2788
18856 4568 4569 4580 4567
18857 4568 4580 4569 4579
18858 2889 2851 2862 2861
18859 2853 2851 2862 2854
18860 2853 2862 2851 2861
18861 1378 1221 1226 1214
18862 1378 1226 1221 1222
18863 5479 5402 5407 5329
18864 5407 5402 5479 5405
18865 297 623 306 294
18866 306 623 297 620
18867 3881 3876 3873 3874
18868 3881 3873 3876 3889
18869 3769 3767 3764 3766
18870 3769 3764 3767 3759
18871 6100 6099 6103 3928
18872 6103 6099 6100 6098
18873 3877 3875 3881 3878
18874 3881 3875 3877 3874
18875 2414 2349 2358 2347
18876 2358 2349 2414 2736
18877 4766 4796 4765 4783
18878 4766 4765 4796 4799
18879 4804 4765 4796 4783
18880 4804 4796 4765 4799
18881 3460 3454 3403 3405
18882 3460 3403 3454 3458
18883 5159 5162 5140 5158
18884 5159 5140 5162 5143
18885 5161 5159 5140 5158
18886 5165 5159 5161 5158
18887 2678 2530 2526 2524
18888 2678 2526 2530 2532
18889 2671 2669 2673 2674
18890 6287 6276 6279 6280
18891 6287 6279 6276 6240
18892 6274 6279 6276 6280
18893 6274 6276 6279 6240
18894 6019 6021 6060 6013
18895 6019 6060 6021 6004
18896 6020 6060 6021 6013
18897 6020 6021 6060 6004
18898 4939 4914 5170 5178
18899 268 274 266 291
18900 268 266 274 270
18901 1624 1621 1633 1626
18902 1633 1621 1624 1622
18903 3890 3881 3879 3878
18904 6095 3953 3958 3956
18905 3476 3473 3463 3471
18906 3476 3463 3473 3452
18907 3468 3463 3473 3471
18908 3468 3473 3463 3452
18909 3906 3870 3871 3875
18910 5364 5354 5352 5355
18911 5364 5352 5354 5351
18912 5876 3785 5880 5878
18913 5876 5880 3785 6035
18914 2824 2480 2821 2823
18915 1863 1862 1868 1865
18916 1868 1862 1863 1869
18917 5742 5750 5747 5746
18918 6284 6259 6287 6280
18919 6287 6259 6284 6272
18920 750 727 742 741
18921 3369 3371 3376 3375
18922 285 284 245 283
18923 285 245 284 288
18924 250 284 245 288
18925 546 530 446 553
18926 546 446 530 539
18927 543 446 530 553
18928 543 530 446 539
18929 810 821 808 786
18930 808 821 810 811
18931 5056 5088 5063 5087
18932 5056 5063 5088 5045
18933 6028 6022 6034 6025
18934 6034 6022 6028 6035
18935 6245 6258 6246 5710
18936 5476 5479 5465 5464
18937 5476 5465 5479 5489
18938 5015 5018 5027 5016
18939 5027 5018 5015 5017
18940 1430 1030 1035 1026
18941 1035 1030 1430 1435
18942 4848 4860 4878 4876
18943 3228 3187 3195 5925
18944 3228 3195 3187 3202
18945 3301 3300 3306 3305
18946 3301 3306 3300 3297
18947 5577 5580 5564 5574
18948 5564 5580 5577 5560
18949 2411 2425 2736 2725
18950 2736 2425 2411 2414
18951 4791 4792 4797 4790
18952 4791 4797 4792 4779
18953 4789 4797 4792 4790
18954 4789 4792 4797 4779
18955 3751 3745 3755 3742
18956 3751 3755 3745 3770
18957 3118 3116 3132 3131
18958 3132 3116 3118 3119
18959 944 936 945 943
18960 945 936 944 946
18961 945 942 944 943
18962 944 942 945 946
18963 3563 3561 3564 3562
18964 3563 3564 3561 3547
18965 3572 3564 3561 3562
18966 3572 3561 3564 3547
18967 2825 2824 2820 2828
18968 2820 2824 2825 2484
18969 5607 5606 5615 5612
18970 5607 5615 5606 5529
18971 5277 5272 5266 5275
18972 2935 3031 2936 2934
18973 2936 3031 2935 2946
18974 6282 6259 6217 6223
18975 6217 6259 6282 6280
18976 4073 4076 4067 4069
18977 4067 4076 4073 4072
18978 1493 1484 1483 1482
18979 1493 1483 1484 1479
18980 2796 2795 2805 2792
18981 2805 2795 2796 2799
18982 3069 3066 3071 3061
18983 3069 3071 3066 3070
18984 3827 4458 3838 4456
18985 3827 3838 4458 3833
18986 2021 1965 1962 1960
18987 1962 1965 2021 1966
18988 3879 3896 3906 3881
18989 3879 3875 3906 3871
18990 3906 3875 3879 3881
18991 5897 5903 5936 5927
18992 5936 5903 5897 5908
18993 5936 5979 5897 5927
18994 5897 5979 5936 5908
18995 1531 1520 1533 1532
18996 1533 1520 1531 1528
18997 1533 1530 1531 1532
18998 1531 1530 1533 1528
18999 1284 1309 1312 1288
19000 1284 1312 1309 1308
19001 3788 4400 3796 3787
19002 3788 3796 4400 4471
19003 6067 6025 6064 6042
19004 2080 2081 2074 2298
19005 2091 2074 2081 2298
19006 917 905 901 892
19007 917 901 905 913
19008 899 901 905 892
19009 899 905 901 913
19010 2936 2935 2938 2942
19011 2938 2935 2936 2934
19012 2743 2746 2749 2748
19013 2743 2749 2746 2745
19014 2082 2099 2100 2081
19015 2100 2099 2082 2095
19016 5153 5159 5165 5152
19017 5153 5165 5159 5157
19018 2411 2406 2425 2725
19019 2411 2425 2406 2415
19020 2459 2465 2473 2460
19021 2459 2473 2465 2478
19022 2471 2473 2465 2460
19023 2471 2465 2473 2478
19024 4852 4867 4865 4847
19025 4865 4867 4852 4873
19026 4865 4868 4852 4847
19027 4852 4868 4865 4873
19028 3851 3846 6075 3847
19029 3353 3357 3356 3352
19030 3353 3356 3357 3365
19031 4182 3356 3357 3352
19032 4182 3357 3356 3365
19033 6236 6277 6233 6237
19034 6236 6233 6277 6235
19035 3237 3230 3239 5939
19036 3237 3239 3230 3231
19037 2557 2560 2563 2561
19038 2557 2563 2560 2556
19039 1441 1447 1450 1448
19040 1450 1447 1441 1409
19041 1450 1442 1441 1448
19042 1441 1442 1450 1409
19043 4871 4842 4860 4872
19044 4860 4842 4871 4841
19045 4573 4571 4579 4578
19046 4573 4579 4571 4555
19047 4180 4183 4189 4213
19048 4180 4189 4183 4181
19049 4216 4189 4183 4213
19050 4216 4183 4189 4181
19051 5083 5082 5085 5079
19052 5085 5082 5083 5084
19053 3455 3459 3437 3469
19054 2586 2591 2592 2589
19055 2586 2592 2591 2590
19056 2655 2592 2591 2589
19057 3413 3417 3363 3414
19058 3413 3363 3417 3415
19059 4670 4668 4680 4674
19060 4680 4668 4670 4669
19061 4873 4852 4851 4867
19062 4873 4874 4851 4850
19063 4851 4874 4873 4867
19064 2161 2612 2598 2602
19065 2598 2612 2161 2178
19066 4163 4571 4579 4161
19067 4163 4579 4571 4578
19068 1019 1025 1030 1020
19069 1030 1025 1019 1024
19070 4065 4083 4077 4084
19071 4077 4083 4065 4088
19072 2879 2889 2885 2894
19073 2885 2881 2879 2894
19074 5693 5692 5698 5694
19075 5151 5140 5145 5141
19076 5151 5145 5140 5144
19077 3656 3651 3645 3644
19078 3657 3651 3645 3648
19079 3657 3645 3651 3644
19080 257 208 255 211
19081 255 208 257 265
19082 5529 5606 5516 5603
19083 5605 5606 5516 5515
19084 5605 5516 5606 5603
19085 853 852 851 856
19086 853 851 852 858
19087 850 853 851 856
19088 850 851 853 858
19089 861 853 850 856
19090 861 850 853 858
19091 1380 1379 1548 1478
19092 1683 1678 1690 1691
19093 1683 1690 1678 1682
19094 5393 5396 5397 5399
19095 5393 5397 5396 5394
19096 747 760 752 745
19097 752 760 747 761
19098 730 747 752 744
19099 730 752 747 736
19100 4898 4880 4860 4896
19101 4860 4880 4898 4883
19102 5930 5926 5936 5931
19103 5936 5926 5930 5928
19104 290 281 288 282
19105 290 288 281 291
19106 5703 5586 5658 5646
19107 5703 5658 5586 5587
19108 5275 5270 5266 5277
19109 5266 5270 5275 5244
19110 2196 2201 2241 2194
19111 2241 2201 2196 2236
19112 4803 4802 4804 4767
19113 4803 4804 4802 4797
19114 4764 4804 4802 4767
19115 2805 2801 2800 2798
19116 2805 2800 2801 3019
19117 6028 6067 6065 6072
19118 4798 4800 4797 4791
19119 4798 4797 4800 4803
19120 4804 4800 4797 4803
19121 4539 4537 4538 4535
19122 4539 4538 4537 138
19123 1397 1047 1058 1396
19124 1668 1666 1674 1667
19125 1668 1674 1666 1664
19126 5436 5441 5447 5442
19127 5447 5441 5436 5443
19128 3467 3462 3476 3469
19129 3476 3462 3467 3508
19130 5511 5514 5515 5516
19131 5515 5514 5511 5512
19132 4492 4489 4495 4491
19133 4495 4489 4492 72
19134 4495 4414 4492 4491
19135 4492 4414 4495 72
19136 4358 4359 4409 4389
19137 4409 4359 4358 4363
19138 5485 5481 5489 5484
19139 5485 5489 5481 5483
19140 3751 5991 3743 3742
19141 3751 3743 5991 5989
19142 2206 2154 2201 2170
19143 2206 2201 2154 2248
19144 1619 1638 1633 1623
19145 1633 1638 1619 1637
19146 3575 3701 3612 3601
19147 3575 3612 3701 3700
19148 2590 2680 2654 2652
19149 2568 2567 2562 2565
19150 2568 2562 2567 2564
19151 1656 1658 1660 1642
19152 1656 1660 1658 1657
19153 4715 4720 4717 4716
19154 4717 4720 4715 4718
19155 3348 3169 3350 3166
19156 3350 3169 3348 3351
19157 3350 3347 3348 3166
19158 3348 3347 3350 3351
19159 3324 4141 3978 3323
19160 3978 4141 3324 3975
19161 3324 3326 3978 3975
19162 923 939 922 925
19163 2922 2931 2932 2921
19164 2932 2931 2922 2925
19165 2932 2927 2922 2921
19166 2922 2927 2932 2925
19167 5740 5742 5741 5735
19168 5741 5742 5740 5744
19169 5741 5738 5740 5735
19170 5740 5738 5741 5744
19171 377 389 365 376
19172 365 389 377 366
19173 901 938 894 934
19174 901 894 938 922
19175 894 938 923 934
19176 894 923 938 922
19177 923 938 939 934
19178 923 939 938 922
19179 2239 2246 2248 2325
19180 2239 2248 2246 2234
19181 2233 2248 2246 2325
19182 2233 2246 2248 2234
19183 5924 5933 5938 5925
19184 5938 5933 5924 6003
19185 2586 2592 2596 2588
19186 2596 2592 2586 2612
19187 5848 5861 5853 5850
19188 5848 5853 5861 5845
19189 2265 2267 2276 2282
19190 2276 2267 2265 2269
19191 525 502 528 524
19192 528 502 525 505
19193 5588 5568 5602 5589
19194 5588 5602 5568 5569
19195 5573 5602 5568 5589
19196 5573 5568 5602 5569
19197 6037 6285 6271 6260
19198 6037 6271 6285 5825
19199 3326 3336 3327 3325
19200 5573 5604 5592 5593
19201 5573 5592 5604 5570
19202 5590 5592 5604 5593
19203 5590 5604 5592 5570
19204 4847 4851 4860 4852
19205 4860 4851 4847 4872
19206 3138 3125 3140 3139
19207 1245 537 545 1247
19208 1245 545 537 1185
19209 1256 1245 545 1247
19210 1256 545 1245 1185
19211 1251 1245 1256 1247
19212 1251 1256 1245 1185
19213 5276 6156 6161 6151
19214 5276 6161 6156 5278
19215 2129 2130 2134 2127
19216 2134 2130 2129 2112
19217 2134 2149 2129 2127
19218 2129 2149 2134 2112
19219 3967 3968 3979 3969
19220 4802 4801 4804 4764
19221 4802 4804 4801 4797
19222 4085 5852 4102 4093
19223 4085 4102 5852 5753
19224 2365 2368 2513 2366
19225 2513 2368 2365 2367
19226 2566 2555 2568 2565
19227 2566 2568 2555 2542
19228 1793 1789 1798 1797
19229 1793 1798 1789 1777
19230 1799 1788 1793 1797
19231 1799 1793 1788 1777
19232 1788 1789 1793 1797
19233 1788 1793 1789 1777
19234 5 35 10 34
19235 5 10 35 8
19236 889 880 884 887
19237 884 880 889 920
19238 3670 3644 3586 3583
19239 3670 3586 3644 3654
19240 3580 3586 3644 3583
19241 3580 3644 3586 3654
19242 669 673 680 657
19243 669 680 673 674
19244 6271 6260 6287 6262
19245 6271 6287 6260 6285
19246 6286 6287 6260 6262
19247 6286 6260 6287 6285
19248 749 746 753 84
19249 749 753 746 740
19250 5772 5774 5770 5775
19251 4848 4854 4860 4851
19252 4848 4860 4854 4878
19253 4855 4854 4860 4878
19254 2233 2223 2224 2229
19255 2233 2224 2223 2220
19256 1412 1420 1436 1431
19257 1436 1420 1412 1418
19258 1436 1433 1412 1431
19259 1412 1433 1436 1418
19260 3191 3184 3194 3185
19261 3310 3317 3322 3313
19262 3322 3317 3310 3335
19263 1872 1875 1883 1886
19264 1872 1883 1875 1874
19265 2021 1960 1963 1965
19266 2021 1963 1960 2032
19267 1366 1354 1341 1340
19268 4850 4854 4860 4855
19269 4860 4854 4850 4851
19270 4860 4856 4850 4855
19271 4255 4249 4256 4251
19272 4255 4256 4249 4250
19273 6083 6080 6091 6081
19274 6083 6091 6080 6084
19275 181 177 178 140
19276 5528 5494 5499 5495
19277 3179 3178 3183 3283
19278 3179 3183 3178 3177
19279 3435 3459 3455 3448
19280 3455 3459 3435 3437
19281 1920 1921 1925 1922
19282 1920 1925 1921 1912
19283 874 875 879 877
19284 874 879 875 876
19285 852 879 875 877
19286 852 875 879 876
19287 3125 3120 3140 3123
19288 3125 3140 3120 3138
19289 4258 4253 4259 4252
19290 4258 4259 4253 4592
19291 4248 4253 4259 4592
19292 4275 4278 4287 4285
19293 4275 4287 4278 4281
19294 852 879 854 857
19295 854 879 852 877
19296 1538 1537 1548 1536
19297 1538 1548 1537 1539
19298 6057 5983 6061 5980
19299 6061 5983 6057 6059
19300 3348 3345 3344 3342
19301 3348 3344 3345 3347
19302 4848 4860 4891 4872
19303 4891 4860 4848 4876
19304 2568 2578 2556 2572
19305 2568 2556 2578 2558
19306 2199 2217 2219 2218
19307 2219 2217 2199 2211
19308 245 244 250 241
19309 4051 4055 4061 4025
19310 4051 4061 4055 4044
19311 3133 3131 3142 3132
19312 3133 3142 3131 3129
19313 140 147 139 141
19314 140 139 147 143
19315 142 139 147 141
19316 142 147 139 143
19317 338 365 347 368
19318 338 347 365 370
19319 1529 1527 1533 1530
19320 1533 1527 1529 1525
19321 4113 4119 4111 4109
19322 2729 2724 2721 2727
19323 1866 1947 1951 1904
19324 1866 1951 1947 1946
19325 3218 3227 3226 3171
19326 4781 4787 4788 4783
19327 4788 4787 4781 4782
19328 5103 5110 5100 5106
19329 5100 5110 5103 5101
19330 952 959 950 954
19331 6215 6204 6203 6212
19332 5080 5081 5077 5076
19333 5080 5077 5081 5194
19334 1509 1524 1520 1523
19335 1520 1524 1509 1510
19336 2835 2837 2862 2855
19337 2862 2837 2835 2836
19338 4721 4790 4793 4789
19339 4721 4793 4790 4719
19340 4794 4790 4793 4719
19341 2224 2233 2228 2155
19342 5322 5299 5317 5316
19343 5883 5884 5892 5920
19344 5892 5884 5883 5886
19345 624 625 621 619
19346 615 625 621 616
19347 615 621 625 619
19348 5258 5285 5284 5255
19349 3183 3171 3178 3181
19350 5725 5726 5713 5724
19351 5713 5726 5725 5690
19352 5713 5709 5725 5724
19353 5725 5709 5713 5690
19354 4759 4763 4755 4757
19355 4754 4755 4763 4757
19356 1012 1016 1017 1015
19357 1017 1016 1012 996
19358 5874 6024 6035 6023
19359 5874 6035 6024 6022
19360 3035 3046 3045 3034
19361 3045 3046 3035 3062
19362 3497 3498 3503 3501
19363 3503 3494 3497 3501
19364 5408 5411 5420 5410
19365 5420 5411 5408 5412
19366 3171 3226 3217 3181
19367 3175 3226 3217 3153
19368 3175 3217 3226 3181
19369 4067 4074 4076 4072
19370 4076 4074 4067 4070
19371 5416 5411 5420 5415
19372 5416 5420 5411 5413
19373 5647 5653 5730 5733
19374 5647 5730 5653 5728
19375 5729 5730 5653 5733
19376 5729 5653 5730 5728
19377 2719 2725 2724 2726
19378 2719 2724 2725 2727
19379 2191 2206 2170 2154
19380 2170 2206 2191 2165
19381 2191 2169 2170 2165
19382 4162 4187 3392 4161
19383 3392 4187 4162 3412
19384 3392 3411 4162 4161
19385 4162 3411 3392 3412
19386 5605 5609 5615 5608
19387 5605 5615 5609 5603
19388 4050 4017 3993 3981
19389 4050 3993 4017 4063
19390 4813 4821 4819 4817
19391 4813 4819 4821 4815
19392 2348 2413 2371 2347
19393 2348 2371 2413 2361
19394 849 835 850 827
19395 849 850 835 823
19396 2948 2951 2930 2949
19397 2948 2930 2951 2932
19398 5670 5667 5628 5622
19399 5628 5667 5670 5668
19400 3622 3585 3627 3603
19401 3622 3627 3585 3629
19402 3881 3877 3876 3874
19403 3881 3876 3877 3890
19404 5612 5619 5615 5613
19405 5612 5615 5619 5608
19406 2872 2873 2875 2871
19407 2875 2873 2872 2845
19408 1672 1675 1758 1662
19409 1672 1758 1675 1685
19410 2668 2667 2526 2665
19411 2668 2526 2667 2674
19412 2669 2526 2667 2665
19413 2669 2667 2526 2674
19414 4774 4755 4763 4771
19415 4774 4763 4755 4759
19416 3604 3601 3612 3701
19417 3476 3459 3457 3469
19418 3476 3457 3459 3460
19419 3455 3457 3459 3469
19420 3455 3459 3457 3460
19421 2441 2439 2433 2438
19422 2432 2433 2439 2438
19423 2432 2439 2433 2436
19424 2092 2052 2066 2058
19425 2092 2066 2052 2087
19426 5286 5290 5285 5287
19427 5285 5290 5286 5283
19428 2596 2176 2163 2190
19429 2596 2163 2176 2150
19430 6037 5807 5825 6285
19431 6037 5825 5807 6036
19432 1581 1578 1590 1582
19433 4652 4655 4663 651
19434 4652 4663 4655 4657
19435 3108 3103 3100 3094
19436 3108 3100 3103 3113
19437 1934 1937 1941 1933
19438 1934 1941 1937 1938
19439 1347 1342 1353 1346
19440 1347 1353 1342 1343
19441 3211 3235 3239 3233
19442 3211 3239 3235 3229
19443 3230 3235 3239 3229
19444 876 873 874 870
19445 876 874 873 875
19446 3359 3417 3363 3361
19447 3359 3363 3417 3414
19448 4873 4850 4855 4874
19449 4855 4850 4873 4856
19450 4364 4372 4359 4357
19451 4374 4359 4372 4357
19452 1214 1355 1367 1270
19453 1367 1355 1214 1361
19454 2826 2822 2823 2809
19455 2826 2823 2822 2821
19456 2996 3000 3004 3001
19457 2996 3004 3000 2997
19458 5473 5471 5475 5463
19459 5475 5471 5473 5469
19460 6082 6157 6160 6158
19461 6160 6157 6082 6168
19462 101 106 108 107
19463 101 108 106 99
19464 288 284 286 289
19465 286 284 288 285
19466 3654 3577 3580 3581
19467 5930 5933 5937 5932
19468 5937 5933 5930 5925
19469 3828 3840 3839 3843
19470 3828 3839 3840 3829
19471 2578 2568 2571 2575
19472 2571 2568 2578 2558
19473 1659 1655 1911 1696
19474 1659 1911 1655 1860
19475 1899 1911 1655 1696
19476 1899 1655 1911 1860
19477 831 833 829 832
19478 823 833 829 830
19479 823 829 833 832
19480 4026 3943 3939 3941
19481 4026 3939 3943 3944
19482 2573 2569 2579 2570
19483 2574 2579 2569 2570
19484 2680 2654 2646 2653
19485 2680 2646 2654 2649
19486 2648 2646 2654 2653
19487 5430 5434 5427 5425
19488 5427 5434 5430 5432
19489 5635 5654 5642 5651
19490 5642 5654 5635 5842
19491 6063 6051 6057 6056
19492 3318 3156 3322 3332
19493 3318 3322 3156 3157
19494 3168 3322 3156 3332
19495 3168 3156 3322 3157
19496 1850 1853 1854 1848
19497 1850 1854 1853 1836
19498 1855 1854 1853 1848
19499 1855 1853 1854 1836
19500 699 684 697 688
19501 699 697 684 686
19502 3110 3106 3114 3002
19503 3114 3106 3110 3109
19504 1938 1935 1941 1931
19505 1938 1941 1935 1934
19506 5691 5694 5692 5687
19507 5691 5692 5694 5697
19508 1132 1131 1143 1133
19509 1132 1143 1131 1138
19510 2506 2509 2512 2503
19511 2506 2512 2509 2487
19512 264 265 251 244
19513 251 265 264 258
19514 5889 5884 5894 5886
19515 5894 5884 5889 5887
19516 1367 1366 1363 1218
19517 1231 1366 1363 1360
19518 1231 1363 1366 1218
19519 152 148 146 144
19520 5310 5324 5335 5309
19521 3347 3165 3378 3368
19522 3347 3378 3165 3163
19523 1034 1036 1043 1037
19524 1034 1043 1036 1032
19525 5182 5185 5188 5184
19526 5182 5188 5185 5181
19527 3497 3491 3503 3498
19528 3497 3503 3491 3732
19529 4254 4253 4259 4248
19530 4254 4259 4253 4252
19531 1797 1795 1799 1788
19532 1799 1795 1797 1796
19533 2383 2365 2386 2366
19534 2383 2386 2365 2362
19535 5587 5571 5656 5586
19536 5656 5571 5587 5595
19537 5656 5658 5587 5586
19538 5587 5658 5656 5595
19539 2858 2865 2847 2860
19540 2847 2865 2858 2839
19541 2847 2862 2858 2860
19542 4950 4925 4928 4921
19543 4928 4925 4950 4926
19544 2423 2375 2421 2442
19545 2423 2421 2375 2386
19546 2419 2421 2375 2442
19547 2419 2375 2421 2386
19548 5065 5067 5070 5066
19549 5065 5070 5067 5068
19550 1233 1354 1366 1232
19551 1366 1354 1233 1341
19552 1366 1240 1233 1232
19553 1233 1240 1366 1341
19554 1512 1510 1520 1509
19555 1512 1520 1510 1513
19556 5466 5464 5476 5465
19557 5476 5464 5466 5467
19558 3297 3287 3284 3298
19559 3284 3287 3297 3296
19560 3201 3204 3213 3200
19561 3201 3213 3204 3214
19562 2571 2635 2629 2548
19563 2629 2635 2571 2588
19564 1971 1972 1980 1975
19565 1971 1980 1972 1973
19566 5117 5119 5125 5118
19567 5117 5125 5119 5123
19568 425 491 432 489
19569 425 432 491 626
19570 499 432 491 489
19571 499 491 432 626
19572 1449 1465 1462 1445
19573 1462 1465 1449 1461
19574 1462 1459 1449 1445
19575 1449 1459 1462 1461
19576 2236 2245 2201 2237
19577 2201 2245 2236 2241
19578 5888 5907 5908 5904
19579 5888 5908 5907 5893
19580 5905 5908 5907 5904
19581 5905 5907 5908 5893
19582 5165 5183 5152 5186
19583 5165 5152 5183 5170
19584 5176 5152 5183 5186
19585 5176 5183 5152 5170
19586 5878 5875 5880 5873
19587 236 229 238 228
19588 2719 2721 2724 2727
19589 2724 2721 2719 2723
19590 1429 1436 1394 1451
19591 1394 1436 1429 1381
19592 1394 1382 1429 1451
19593 1429 1382 1394 1381
19594 5213 5209 5223 5211
19595 5213 5223 5209 5214
19596 3436 3449 3461 3448
19597 3436 3461 3449 3453
19598 3604 3606 3612 3601
19599 3604 3612 3606 3607
19600 5190 5186 5165 5154
19601 5190 5165 5186 5188
19602 6274 6234 6192 6273
19603 6192 6234 6274 6189
19604 5277 5272 5287 5266
19605 2246 2228 2233 2321
19606 2233 2228 2246 2227
19607 262 259 265 258
19608 265 259 262 260
19609 6273 6275 6274 6234
19610 6273 6274 6275 6276
19611 1264 1244 1246 1243
19612 1251 1264 1246 1243
19613 1249 1264 1251 1243
19614 3883 3879 3894 3887
19615 3883 3894 3879 3890
19616 3881 3894 3879 3887
19617 3881 3879 3894 3890
19618 4346 4348 4356 4349
19619 4356 4348 4346 4345
19620 3618 3533 3545 3537
19621 5340 5355 5352 5353
19622 5352 5355 5340 5357
19623 5315 5334 5310 5314
19624 5310 5334 5315 5316
19625 5310 5313 5315 5314
19626 5768 5779 5781 5776
19627 5757 5781 5779 5776
19628 208 198 220 205
19629 5205 5210 5222 5202
19630 5205 5222 5210 5212
19631 5223 5222 5210 5202
19632 5223 5210 5222 5212
19633 4898 4900 4889 4946
19634 4898 4889 4900 4897
19635 5428 5414 5434 5432
19636 5434 5414 5428 5413
19637 2515 2504 2512 2508
19638 2515 2512 2504 2516
19639 3388 4570 3392 3386
19640 3392 4570 3388 4572
19641 3931 6100 3937 3928
19642 3937 6100 3931 5885
19643 3456 3455 3460 3448
19644 3456 3460 3455 3458
19645 3310 3314 3322 3315
19646 3289 3294 3270 3282
19647 3270 3294 3289 3281
19648 3270 3283 3289 3282
19649 3289 3283 3270 3281
19650 5407 5402 5397 5400
19651 158 145 143 194
19652 143 145 158 149
19653 143 167 158 194
19654 158 167 143 149
19655 2955 2957 2961 2958
19656 2955 2961 2957 2953
19657 4344 4345 4356 4346
19658 4356 4345 4344 4343
19659 4356 4383 4344 4346
19660 4344 4383 4356 4343
19661 5303 5297 5308 5351
19662 5303 5308 5297 5300
19663 3970 3971 3979 3972
19664 5351 5354 5355 5352
19665 5355 5354 5351 5303
19666 5355 5353 5351 5352
19667 5351 5353 5355 5303
19668 5774 5773 5783 5776
19669 5783 5773 5774 5771
19670 2451 2454 2457 2452
19671 2451 2457 2454 2455
19672 2775 2457 2454 2452
19673 2775 2454 2457 2455
19674 4249 4256 4254 4250
19675 4254 4256 4249 4259
19676 1230 1233 1240 1232
19677 5730 5734 5729 5731
19678 5730 5729 5734 5733
19679 5737 5729 5734 5731
19680 4966 4961 4970 4986
19681 4970 4961 4966 4959
19682 1821 1818 1827 1819
19683 1821 1827 1818 1823
19684 2538 2541 2532 2536
19685 2532 2541 2538 2534
19686 4816 4813 4809 4815
19687 4809 4813 4816 4811
19688 4980 5115 5137 5129
19689 5137 5115 4980 5113
19690 849 847 1074 827
19691 5683 5632 5641 5631
19692 5683 5641 5632 5633
19693 1755 1688 1674 1754
19694 1674 1688 1755 1673
19695 1674 1740 1755 1754
19696 1755 1740 1674 1673
19697 455 450 487 449
19698 3309 3318 3322 3315
19699 3309 3322 3318 3157
19700 1241 1248 1263 1267
19701 1067 1137 1073 1064
19702 1073 1137 1067 1138
19703 3150 3143 3155 3149
19704 3085 3077 3071 3079
19705 3085 3071 3077 3078
19706 3081 3071 3077 3079
19707 3081 3077 3071 3078
19708 3327 3334 3336 3328
19709 3336 3334 3327 3325
19710 5983 5987 5999 5986
19711 5999 5987 5983 6016
19712 3376 3371 3379 3375
19713 3379 3371 3376 3366
19714 3379 3377 3376 3375
19715 3376 3377 3379 3366
19716 2224 2226 2220 2151
19717 3151 3143 3155 3150
19718 3151 3155 3143 3146
19719 1578 1579 1590 1566
19720 1590 1579 1578 1581
19721 2254 1961 1967 2259
19722 1967 1961 2254 1958
19723 5580 5574 5578 5575
19724 5578 5574 5580 5577
19725 2816 2769 2777 2768
19726 2816 2777 2769 2766
19727 769 766 763 765
19728 2419 2437 2442 2435
19729 2419 2442 2437 2417
19730 2441 2442 2437 2435
19731 2441 2437 2442 2417
19732 1325 1326 1339 1333
19733 1325 1339 1326 1334
19734 5700 5712 5704 5701
19735 2729 2722 2724 2731
19736 2729 2724 2722 2721
19737 6280 6259 6286 6283
19738 6286 6259 6280 6287
19739 6286 6281 6280 6283
19740 6280 6281 6286 6287
19741 2425 2724 2736 2726
19742 2736 2724 2425 2696
19743 28 41 40 30
19744 40 41 28 36
19745 3309 3165 3378 3157
19746 3309 3378 3165 3314
19747 1126 1148 1130 1121
19748 1126 1130 1148 1128
19749 5915 5912 5898 5921
19750 5915 5917 5898 5896
19751 5898 5917 5915 5921
19752 2923 2925 2931 2926
19753 2931 2925 2923 2922
19754 106 177 120 139
19755 106 120 177 104
19756 4672 4671 4663 4669
19757 4663 4671 4672 4658
19758 4663 4678 4672 4669
19759 4672 4678 4663 4658
19760 1388 1258 1269 1260
19761 1388 1269 1258 1257
19762 5170 5172 5168 5169
19763 5170 5168 5172 5171
19764 5167 5168 5172 5169
19765 5167 5172 5168 5171
19766 868 871 866 869
19767 3728 3730 3769 3735
19768 3728 3769 3730 3734
19769 3041 3036 3044 3043
19770 3041 3044 3036 3037
19771 2207 2179 2191 2168
19772 2191 2179 2207 2180
19773 2485 2486 2483 2822
19774 2485 2483 2486 2482
19775 4401 4406 4409 4389
19776 244 259 265 246
19777 265 259 244 264
19778 5269 5292 5284 5263
19779 5284 5266 5269 5263
19780 5288 5287 5284 5285
19781 5288 5284 5287 5266
19782 3636 3650 3642 3653
19783 4995 4980 5000 4976
19784 5000 4980 4995 4998
19785 3110 3105 3114 3113
19786 3114 3105 3110 2985
19787 4073 4038 4076 4051
19788 4073 4076 4038 4072
19789 4530 4535 4527 4531
19790 4527 4535 4530 4528
19791 4527 4526 4530 4531
19792 4530 4526 4527 4528
19793 6063 6052 6057 6051
19794 4934 4933 4941 4940
19795 4468 4464 4459 4460
19796 2228 2229 2233 2224
19797 2233 2229 2228 2232
19798 4846 4838 4839 4841
19799 4837 4839 4838 4841
19800 1513 1528 1520 1510
19801 1513 1520 1528 1531
19802 5061 5060 5087 5066
19803 5061 5087 5060 5063
19804 5087 5060 5056 5066
19805 5087 5056 5060 5063
19806 5056 5060 5064 5066
19807 5056 5064 5060 5063
19808 3209 3235 3202 3210
19809 3209 3202 3235 3229
19810 3211 3202 3235 3210
19811 3211 3235 3202 3229
19812 4813 4819 4811 4817
19813 4813 4811 4819 4816
19814 3129 3024 3003 2992
19815 3129 3003 3024 3130
19816 6236 6275 6281 6237
19817 6281 6275 6236 6276
19818 1233 1236 1240 1238
19819 1240 1236 1233 1230
19820 4036 4063 4049 4037
19821 4049 4063 4036 4279
19822 4049 4048 4036 4037
19823 4036 4048 4049 4279
19824 5085 5197 5194 5202
19825 5085 5194 5197 5081
19826 5195 5194 5197 5202
19827 5195 5197 5194 5081
19828 348 354 360 316
19829 348 360 354 353
19830 2970 2969 2973 2966
19831 2973 2969 2970 2972
19832 4868 4866 4861 4870
19833 4868 4861 4866 4862
19834 3906 3898 3837 3860
19835 255 253 257 243
19836 255 257 253 261
19837 265 257 253 243
19838 265 253 257 261
19839 1231 1230 1240 1232
19840 1231 1240 1230 1239
19841 1402 1398 1406 1400
19842 1402 1406 1398 1397
19843 1407 1406 1398 1400
19844 1407 1398 1406 1397
19845 3842 3846 3851 3845
19846 5611 5605 5612 5608
19847 5611 5612 5605 5606
19848 5615 5612 5605 5608
19849 5615 5605 5612 5606
19850 2446 2450 2457 2452
19851 2446 2457 2450 2447
19852 3509 3462 3518 3508
19853 3518 3462 3509 3437
19854 2641 2645 2642 2640
19855 2641 2642 2645 2644
19856 2647 2642 2645 2640
19857 1763 1770 1826 1769
19858 1826 1770 1763 1765
19859 1826 1785 1763 1769
19860 1763 1785 1826 1765
19861 288 287 281 292
19862 241 281 287 292
19863 214 301 238 299
19864 214 238 301 221
19865 936 934 935 937
19866 936 935 934 893
19867 3385 3380 3404 3381
19868 3385 3404 3380 3386
19869 1001 1157 1153 1154
19870 1153 1155 1001 1154
19871 2717 2721 2723 2719
19872 2717 2723 2721 2720
19873 580 585 577 582
19874 577 585 580 493
19875 2402 2401 2395 2399
19876 3405 3399 3397 3403
19877 5467 5451 5462 5412
19878 5467 5462 5451 5450
19879 613 625 608 615
19880 608 625 613 623
19881 608 603 613 615
19882 613 603 608 623
19883 5592 5570 5588 5590
19884 5588 5570 5592 5569
19885 5588 5591 5592 5590
19886 586 377 726 366
19887 586 726 377 717
19888 2672 2671 2669 2673
19889 2669 2671 2672 2670
19890 2669 2526 2672 2673
19891 2672 2526 2669 2670
19892 4497 4502 4511 4500
19893 4511 4502 4497 4498
19894 4837 4834 4846 4832
19895 4846 4834 4837 4838
19896 4846 4839 4837 4832
19897 4837 4839 4846 4838
19898 4192 4194 4201 4191
19899 4192 4201 4194 4195
19900 6223 6201 6217 6198
19901 6223 6217 6201 6220
19902 6199 6217 6201 6198
19903 6199 6201 6217 6220
19904 239 252 265 240
19905 239 265 252 260
19906 1173 1175 1182 1174
19907 1173 1182 1175 1176
19908 896 935 894 923
19909 934 894 935 923
19910 934 935 894 893
19911 3767 3768 3765 3766
19912 3765 3768 3767 3760
19913 303 301 305 304
19914 305 301 303 294
19915 125 1 3599 7
19916 125 3599 1 190
19917 4789 4739 4780 4779
19918 1661 1758 1752 1662
19919 1752 1758 1661 1747
19920 5958 5966 5978 5968
19921 5978 5966 5958 5956
19922 5567 5513 5573 5565
19923 5573 5513 5567 5570
19924 5344 5341 5346 5345
19925 5346 5341 5344 5343
19926 2520 2517 2527 2518
19927 2527 2517 2520 2877
19928 1248 1234 1241 1263
19929 1248 1241 1234 1235
19930 605 601 612 602
19931 605 612 601 606
19932 4009 4011 4017 4010
19933 4009 4017 4011 4012
19934 747 742 752 744
19935 752 742 747 745
19936 5119 5136 5166 5122
19937 5166 5136 5119 5134
19938 5166 5104 5119 5122
19939 6084 6087 6091 6086
19940 6084 6091 6087 6083
19941 5384 5383 5392 5390
19942 5384 5392 5383 5385
19943 1007 990 989 991
19944 3841 3844 3780 3840
19945 3841 3780 3844 6070
19946 3756 3757 3770 3763
19947 3770 3757 3756 3745
19948 4822 4819 4821 4817
19949 4821 4819 4822 4833
19950 203 198 208 206
19951 208 198 203 263
19952 2478 2472 2476 2461
19953 2478 2476 2472 2481
19954 4824 4821 4846 4834
19955 4846 4821 4824 4820
19956 211 217 208 216
19957 211 208 217 218
19958 5816 6022 5882 5874
19959 5882 6022 5816 5818
19960 5882 5826 5816 5874
19961 5816 5826 5882 5818
19962 3526 3520 3478 3485
19963 3526 3478 3520 3507
19964 2818 2815 2777 2768
19965 2818 2777 2815 2817
19966 5274 6156 6161 5278
19967 6161 6156 5274 5777
19968 5906 5902 5893 5905
19969 5906 5893 5902 5903
19970 4868 4863 4873 4870
19971 4868 4873 4863 4865
19972 2618 2634 2624 2630
19973 2618 2624 2634 2631
19974 3292 3302 3308 3333
19975 1080 1075 849 1081
19976 1080 849 1075 1074
19977 2706 2702 2669 2657
19978 2706 2669 2702 2704
19979 1619 1651 1633 1637
19980 1633 1651 1619 1620
19981 3606 3603 3627 3585
19982 3606 3627 3603 3610
19983 2220 2568 2564 2150
19984 108 101 680 99
19985 108 680 101 100
19986 670 680 101 99
19987 670 101 680 100
19988 2 7 11 1
19989 11 7 2 3
19990 1917 1902 1925 1909
19991 1925 1902 1917 1906
19992 5034 5031 5042 5022
19993 6277 6286 6278 6285
19994 55 748 750 86
19995 55 750 748 734
19996 3504 3203 3212 3207
19997 3504 3212 3203 3206
19998 3204 3212 3203 3207
19999 5250 5248 5246 5247
20000 882 807 880 884
20001 3173 3180 3182 3170
20002 3182 3180 3173 3146
20003 3060 3062 3071 3035
20004 3071 3062 3060 3061
20005 27 23 14 15
20006 22 14 23 15
20007 261 216 208 215
20008 208 216 261 255
20009 5256 5257 5261 5260
20010 5261 5257 5256 5258
20011 5261 5264 5256 5260
20012 5256 5264 5261 5258
20013 6225 6208 6218 6227
20014 6225 6218 6208 6219
20015 3393 3409 3406 3394
20016 3393 3406 3409 3338
20017 257 209 208 211
20018 1719 1870 1882 1723
20019 1719 1882 1870 1792
20020 3731 3760 3769 3732
20021 3769 3760 3731 3759
20022 4336 4340 4339 759
20023 784 805 821 797
20024 6202 6184 6187 6203
20025 6202 6187 6184 6183
20026 816 810 821 819
20027 821 810 816 786
20028 4027 4025 4035 4052
20029 4035 4025 4027 4024
20030 5276 5291 5287 5293
20031 5287 5291 5276 5277
20032 5287 5272 5276 5293
20033 5276 5272 5287 5277
20034 222 304 238 221
20035 222 238 304 330
20036 2649 2654 2652 2647
20037 2652 2654 2649 2680
20038 3224 3236 3227 3225
20039 3227 3236 3224 3233
20040 4198 4567 4202 4569
20041 2622 2548 2547 2635
20042 2547 2548 2622 2554
20043 4300 4299 4301 4288
20044 4300 4301 4299 4296
20045 4291 4301 4299 4288
20046 4291 4299 4301 4296
20047 3967 3974 3979 3968
20048 3967 3979 3974 3966
20049 3978 3979 3974 3968
20050 3978 3974 3979 3966
20051 974 950 955 951
20052 974 955 950 952
20053 959 955 950 951
20054 959 950 955 952
20055 5991 5984 5993 5989
20056 5993 5984 5991 5985
20057 4395 4401 4389 4387
20058 739 740 753 743
20059 753 740 739 4507
20060 2608 2590 2595 2593
20061 2586 2585 2590 2593
20062 2590 2585 2595 2593
20063 3836 3833 3838 3835
20064 3836 3838 3833 3834
20065 3974 4144 3978 4145
20066 3974 3978 4144 3966
20067 832 824 835 823
20068 832 835 824 825
20069 3371 3370 3379 3372
20070 3371 3379 3370 3374
20071 2195 2199 2192 2218
20072 2195 2192 2199 2202
20073 2170 2201 2192 2202
20074 2192 2201 2199 2202
20075 5953 6124 6272 6269
20076 6272 6120 5953 6269
20077 5800 5812 5804 5801
20078 5804 5812 5800 5623
20079 2166 2175 2164 2174
20080 1711 1716 1708 1794
20081 1708 1716 1711 1712
20082 1708 1713 1711 1794
20083 1711 1713 1708 1712
20084 4777 4744 4747 4739
20085 4742 4747 4744 4739
20086 4742 4744 4747 4743
20087 2402 2403 2395 2401
20088 4351 4350 4356 4333
20089 4356 4350 4351 4348
20090 4207 4196 4200 4195
20091 4207 4200 4196 4210
20092 5648 5586 5647 5646
20093 5584 5647 5586 5646
20094 5584 5586 5647 5581
20095 5258 5284 5263 5257
20096 5263 5284 5258 5264
20097 5263 5261 5258 5257
20098 5258 5261 5263 5264
20099 2391 2392 2397 2394
20100 2397 2392 2391 2390
20101 2701 2705 2707 2700
20102 2701 2707 2705 2662
20103 2669 2707 2705 2700
20104 2669 2705 2707 2662
20105 3826 3829 3839 3828
20106 6266 6228 6223 6230
20107 6223 6228 6266 6229
20108 6210 6206 6208 6215
20109 6208 6226 6210 6215
20110 6210 6226 6208 6213
20111 4488 4483 4494 4484
20112 4488 4494 4483 85
20113 5600 5594 5599 5598
20114 5599 5594 5600 5597
20115 218 223 204 205
20116 218 204 223 210
20117 196 204 223 205
20118 196 223 204 210
20119 2642 2644 2647 2645
20120 2642 2647 2644 2649
20121 6187 6212 6199 6206
20122 6187 6199 6212 6200
20123 6221 6199 6212 6206
20124 2690 2687 2701 2695
20125 2701 2687 2690 2689
20126 5978 5934 5977 5928
20127 5978 5974 5977 5975
20128 5977 5974 5978 5928
20129 2566 2559 2568 2553
20130 2566 2568 2559 2563
20131 2241 2242 2245 2235
20132 2240 2245 2242 2235
20133 3675 3676 3685 3680
20134 3675 3685 3676 3733
20135 5645 5647 5586 5581
20136 5645 5586 5647 5648
20137 3689 3688 3698 3692
20138 3689 3698 3688 3694
20139 3699 3698 3688 3692
20140 3699 3688 3698 3694
20141 199 240 265 252
20142 199 265 240 249
20143 698 701 699 735
20144 698 699 701 700
20145 697 699 701 735
20146 697 701 699 700
20147 2801 2805 2806 2802
20148 2806 2805 2801 3019
20149 2806 3022 2801 2802
20150 2801 3022 2806 3019
20151 3439 3436 3447 3435
20152 3447 3436 3439 3438
20153 3199 3499 3212 3493
20154 3212 3499 3199 3206
20155 6013 6015 6014 6017
20156 6014 6015 6013 6012
20157 1391 1390 1392 1386
20158 1391 1392 1390 1389
20159 3190 5994 3196 5995
20160 613 616 625 615
20161 613 625 616 614
20162 2710 2720 2714 2717
20163 2710 2714 2720 2718
20164 6188 6186 6207 6205
20165 6188 6207 6186 6185
20166 6202 6207 6186 6205
20167 6202 6186 6207 6185
20168 4825 4778 4788 4826
20169 4825 4788 4778 4748
20170 3507 3443 3526 3517
20171 3507 3526 3443 3520
20172 3544 3543 3539 3564
20173 3539 3543 3544 3536
20174 3539 3563 3544 3564
20175 3544 3563 3539 3536
20176 280 291 272 290
20177 280 282 272 269
20178 272 282 280 290
20179 1070 1061 1073 1067
20180 1070 1073 1061 1071
20181 1629 1569 1632 1571
20182 5653 5734 5729 5733
20183 5729 5734 5653 5737
20184 2243 2223 2233 2232
20185 2243 2233 2223 2247
20186 3289 3172 3294 3291
20187 3289 3294 3172 3281
20188 2578 2548 2558 2549
20189 2578 2558 2548 2571
20190 2550 2558 2548 2549
20191 2550 2548 2558 2571
20192 3561 3548 3547 3546
20193 5235 5220 5222 5234
20194 5235 5222 5220 5221
20195 2713 2715 2711 2709
20196 2711 2715 2713 2716
20197 2583 2574 2581 2580
20198 2574 2581 2569 2579
20199 2574 2569 2581 2580
20200 2569 2581 2573 2579
20201 2569 2573 2581 2580
20202 2573 2581 2582 2579
20203 4734 4740 4741 4738
20204 4741 4740 4734 4735
20205 3555 4535 3557 3553
20206 5720 5715 5717 5716
20207 5717 5715 5720 5719
20208 6181 6183 6186 6180
20209 6181 6186 6183 6202
20210 6184 6186 6183 6180
20211 6184 6183 6186 6202
20212 5992 5988 5987 5999
20213 5987 5988 5992 5990
20214 5987 5986 5992 5999
20215 5992 5986 5987 5990
20216 4714 4713 4715 4712
20217 4715 4713 4714 4716
20218 5089 5072 5092 5091
20219 5092 5072 5089 5071
20220 5679 5673 5686 5678
20221 5679 5686 5673 5674
20222 2683 2687 2688 2682
20223 874 873 871 870
20224 868 873 871 869
20225 2164 2177 2175 2171
20226 2164 2175 2177 2174
20227 4993 4994 5000 4995
20228 5000 4976 4993 4995
20229 4993 4976 5000 4990
20230 805 882 795 797
20231 805 795 882 888
20232 5691 5689 5692 5690
20233 5692 5689 5691 5687
20234 28 35 34 37
20235 34 35 28 30
20236 34 39 28 37
20237 28 39 34 30
20238 5650 5647 5646 5648
20239 6217 6208 6221 6226
20240 6217 6221 6208 6206
20241 6215 6221 6208 6226
20242 6215 6208 6221 6206
20243 5286 5281 5284 5282
20244 5286 5284 5281 5280
20245 5254 5284 5281 5282
20246 5254 5281 5284 5280
20247 168 176 180 310
20248 180 176 168 174
20249 4727 4723 4725 4728
20250 4727 4725 4723 4726
20251 6016 6015 6013 6018
20252 6013 6015 6016 6012
20253 2687 2683 2690 2689
20254 3879 3899 3906 3896
20255 3906 3899 3879 3871
20256 37 38 39 28
20257 3479 3478 3490 3506
20258 3479 3490 3478 3488
20259 2430 2432 2436 2434
20260 4729 4727 4723 4726
20261 4708 4715 4709 4710
20262 4709 4715 4708 4711
20263 4732 4726 4729 4733
20264 4732 4729 4726 4727
20265 4735 4732 4734 4727
20266 4734 4726 4732 4733
20267 4734 4732 4726 4727
20268 450 452 487 451
20269 450 487 452 455
20270 373 367 347 368
20271 373 347 367 362
20272 363 367 373 368
20273 363 373 367 362
20274 5550 5547 5551 5549
20275 5550 5551 5547 5542
20276 5543 5551 5547 5549
20277 5543 5547 5551 5542
20278 4788 4778 4739 4780
20279 4789 4739 4778 4780
20280 4789 4778 4739 4744
20281 4789 4745 4793 4721
20282 4789 4793 4745 4777
20283 4749 4745 4793 4777
20284 642 4512 4514 4513
20285 4516 4514 4512 4513
20286 632 627 638 626
20287 632 638 627 633
20288 4324 4497 4480 4326
20289 4324 4480 4497 4476
20290 4574 4598 4609 4557
20291 4574 4609 4598 4602
20292 3561 3549 3559 3560
20293 3561 3559 3549 3546
20294 4600 4533 4598 4605
20295 4600 4598 4533 4540
20296 966 973 967 974
20297 966 967 973 970
20298 797 880 807 790
20299 797 807 880 882
20300 4518 4590 4680 4674
20301 4518 4680 4590 4582
20302 1796 1786 1799 1795
20303 1796 1799 1786 1794
20304 659 617 661 658
20305 659 661 617 616
20306 625 661 617 658
20307 625 617 661 616
20308 655 656 667 654
20309 2604 2610 2612 2603
20310 2604 2612 2610 2609
20311 1717 1722 1729 1721
20312 1717 1729 1722 1718
20313 1730 1729 1722 1721
20314 1730 1722 1729 1718
20315 1793 1796 1799 1797
20316 1793 1799 1796 1792
20317 1675 1815 1758 1662
20318 1675 1758 1815 1803
20319 3967 3977 3979 3984
20320 3967 3979 3977 3973
20321 59 65 53 92
20322 53 65 59 62
20323 53 46 59 92
20324 59 46 53 62
20325 4538 4528 4535 4537
20326 4538 4535 4528 4530
20327 3541 3543 3539 3536
20328 3541 3539 3543 3542
20329 22 354 24 358
20330 22 24 354 18
20331 4471 4469 4479 4470
20332 4471 4479 4469 4473
20333 1936 1927 1924 1923
20334 1936 1924 1927 1940
20335 37 14 39 38
20336 37 39 14 16
20337 866 868 865 871
20338 866 865 868 867
20339 1175 1178 1189 514
20340 1189 1178 1198 514
20341 1198 1182 1178 1176
20342 5078 5072 5085 5075
20343 5078 5085 5072 5073
20344 5077 5085 5072 5075
20345 5077 5072 5085 5073
20346 4835 4845 4846 4843
20347 4835 4846 4845 4840
20348 4902 4846 4845 4843
20349 5282 5224 5286 5281
20350 5286 5224 5282 5283
20351 5724 5716 5720 5717
20352 5720 5716 5724 5725
20353 5720 5726 5724 5717
20354 5724 5726 5720 5725
20355 5583 5586 5578 5581
20356 5583 5578 5586 5576
20357 5575 5578 5586 5581
20358 5575 5586 5578 5576
20359 5555 5576 5574 5564
20360 5560 5555 5574 5564
20361 4827 4836 4846 4822
20362 4827 4846 4836 4828
20363 4888 4881 4884 4858
20364 4888 4884 4881 4887
20365 4930 4920 4934 4933
20366 4935 4934 4920 4933
20367 4935 4920 4934 4932
20368 4975 4974 4984 4973
20369 4975 4984 4974 4978
20370 5120 5163 5166 5134
20371 5120 5166 5163 5164
20372 5119 5120 5166 5134
20373 5119 5166 5120 5104
20374 4997 4995 5000 4994
20375 4997 5000 4995 4998
20376 4905 5170 4914 4907
20377 4905 4914 5170 4939
20378 5168 4935 4938 5167
20379 5168 4938 4935 4939
20380 4938 4933 4934 4935
20381 4938 4934 4933 4941
20382 5175 5155 5178 5177
20383 5175 5178 5155 4910
20384 5358 5354 5364 5356
20385 5358 5364 5354 5367
20386 5340 5338 5347 5342
20387 5340 5347 5338 5357
20388 5290 5292 5293 5288
20389 5290 5293 5292 5272
20390 5732 5739 5783 5695
20391 3977 3926 3936 3932
20392 3977 3936 3926 3973
20393 5228 5227 5225 5291
20394 5693 5289 5228 5267
20395 5693 5228 5289 5227
20396 5291 5228 5289 5267
20397 5291 5289 5228 5227
20398 3960 3953 3965 3954
20399 3960 3965 3953 6093
20400 3952 3965 3953 3954
20401 3952 3953 3965 6093
20402 5833 5737 5657 5841
20403 5654 5657 5737 5841
20404 5654 5737 5657 5653
20405 5849 5844 5855 5847
20406 5849 5855 5844 5827
20407 5831 5849 5855 5847
20408 5831 5855 5849 5827
20409 5839 5831 5849 5827
20410 4083 4081 4085 4084
20411 4083 4085 4081 4080
20412 4094 4098 4388 4093
20413 3946 4031 3948 4056
20414 3946 3948 4031 3944
20415 4077 4065 4076 4068
20416 4077 4076 4065 4067
20417 4069 4076 4065 4068
20418 4069 4065 4076 4067
20419 5315 5312 5310 5316
20420 5315 5310 5312 5313
20421 5465 5478 5489 5483
20422 5489 5478 5465 5479
20423 4640 4642 4649 4643
20424 4640 4649 4642 4641
20425 3069 3060 3071 3081
20426 3069 3071 3060 3061
20427 4499 4511 4501 4500
20428 4343 4373 4383 4371
20429 4383 4373 4343 4344
20430 4323 4321 4327 4326
20431 4330 4323 4356 4329
20432 3021 3030 3022 3019
20433 5466 5450 5462 5467
20434 5466 5462 5450 5470
20435 4601 4599 4598 4596
20436 4609 4598 4599 4596
20437 4609 4599 4598 4606
20438 5034 5039 5041 5038
20439 5034 5041 5039 5024
20440 5453 5459 5462 5456
20441 5453 5462 5459 5455
20442 5460 5462 5459 5456
20443 4583 4599 4606 4597
20444 4606 4604 4583 4597
20445 4583 4604 4606 4585
20446 640 653 644 627
20447 4519 672 681 675
20448 681 672 4519 4512
20449 4622 4611 4624 4615
20450 4622 4624 4611 4614
20451 4292 4304 4314 4276
20452 4314 4304 4292 4297
20453 5374 5390 5392 5387
20454 5374 5392 5390 5376
20455 4143 4151 4147 3357
20456 4143 4147 4151 4140
20457 3930 3927 3937 3929
20458 3930 3937 3927 3928
20459 3988 3986 3992 3985
20460 3988 3992 3986 3989
20461 3980 4144 3990 3966
20462 3980 3990 4144 4011
20463 3970 3968 3979 3971
20464 3979 3968 3970 3969
20465 3323 3336 3325 3330
20466 3325 3324 3323 3330
20467 3326 3303 3336 3304
20468 3326 3336 3303 3327
20469 5381 5384 5391 5443
20470 5391 5384 5381 5385
20471 3310 3319 3322 3314
20472 3310 3322 3319 3313
20473 3410 3408 3419 3415
20474 3410 3419 3408 3407
20475 3406 3400 3404 3399
20476 3406 3404 3400 3394
20477 3401 3404 3400 3399
20478 3401 3400 3404 3394
20479 657 655 667 98
20480 657 667 655 656
20481 278 277 276 279
20482 270 277 276 271
20483 270 276 277 279
20484 1145 804 807 1151
20485 1145 807 804 799
20486 1084 1110 1086 1082
20487 1084 1086 1110 1103
20488 996 997 1002 1000
20489 996 1002 997 994
20490 1057 1002 997 1000
20491 1057 997 1002 994
20492 5262 5238 5242 5239
20493 5262 5242 5238 5263
20494 5261 5262 5242 5239
20495 5261 5242 5262 5263
20496 5265 5262 5261 5239
20497 886 882 887 883
20498 886 887 882 880
20499 884 887 882 883
20500 884 882 887 880
20501 893 897 894 934
20502 1535 1536 1549 1537
20503 1535 1549 1536 1540
20504 1548 1549 1536 1537
20505 1548 1536 1549 1540
20506 1367 1283 1358 1325
20507 1333 1283 1358 1272
20508 1333 1358 1283 1325
20509 1376 1402 1406 1401
20510 1376 1406 1402 1370
20511 558 1188 545 572
20512 558 545 1188 1185
20513 584 545 1188 572
20514 1313 1319 1338 1331
20515 1313 1338 1319 1320
20516 1275 1291 1283 1290
20517 1275 1283 1291 1278
20518 1297 1283 1291 1290
20519 1562 1550 1549 1559
20520 1562 1549 1550 1511
20521 1458 1526 1521 1454
20522 1458 1521 1526 1552
20523 1205 1196 1190 1207
20524 1205 1190 1196 1192
20525 559 572 569 573
20526 559 569 572 558
20527 457 454 459 456
20528 457 459 454 449
20529 322 234 238 225
20530 322 238 234 224
20531 615 618 625 604
20532 615 625 618 619
20533 625 618 624 604
20534 625 624 618 619
20535 624 618 557 604
20536 624 557 618 619
20537 601 610 557 607
20538 601 618 557 551
20539 1411 1412 1422 1415
20540 1411 1422 1412 1409
20541 5619 5616 5628 5613
20542 5619 5628 5616 5622
20543 2587 2584 2173 2172
20544 2171 2173 2584 2172
20545 2171 2584 2173 2166
20546 785 805 821 784
20547 821 805 785 818
20548 990 983 989 984
20549 989 983 990 1007
20550 979 1044 1057 995
20551 1057 1044 979 1018
20552 2241 2247 2245 2242
20553 2241 2245 2247 2244
20554 2240 2245 2243 2242
20555 2240 2243 2245 2244
20556 2245 2247 2243 2242
20557 2245 2243 2247 2244
20558 1397 1065 1058 1047
20559 1397 1058 1065 1372
20560 292 270 266 268
20561 292 266 270 281
20562 291 293 266 268
20563 293 292 266 268
20564 1018 1020 1030 1045
20565 1018 1030 1020 1019
20566 220 256 208 215
20567 220 208 256 198
20568 295 318 317 319
20569 295 317 318 297
20570 104 176 120 177
20571 104 120 176 319
20572 180 176 120 319
20573 202 199 208 200
20574 242 209 208 257
20575 208 209 242 249
20576 208 265 242 257
20577 242 265 208 249
20578 2226 2220 2223 2224
20579 2266 2272 2276 2273
20580 2266 2276 2272 2269
20581 2276 2263 2038 2281
20582 2276 2038 2263 2025
20583 2024 2038 2263 2281
20584 2024 2263 2038 2025
20585 1841 1851 1854 1825
20586 1841 1854 1851 1844
20587 2603 2601 2612 2604
20588 2603 2612 2601 2602
20589 2154 2150 2163 2220
20590 2163 2150 2154 2176
20591 2163 2233 2154 2220
20592 2195 2194 2193 2197
20593 2165 2192 2170 2206
20594 2165 2170 2192 2169
20595 2175 2165 2174 2169
20596 2175 2174 2165 2177
20597 2164 2174 2165 2169
20598 2164 2165 2174 2177
20599 2153 2162 2163 2319
20600 2153 2163 2162 2152
20601 2337 2298 2080 2074
20602 2337 2080 2298 2343
20603 1579 1602 1590 1601
20604 1579 1590 1602 1583
20605 1791 1870 375 1793
20606 1791 375 1870 1871
20607 1781 375 1870 1793
20608 324 229 238 236
20609 324 238 229 329
20610 1789 1790 1788 1777
20611 1789 1788 1790 1787
20612 1785 1788 1790 1777
20613 1785 1790 1788 1787
20614 1715 1705 1716 1710
20615 1715 1716 1705 1703
20616 1709 1716 1705 1710
20617 1709 1705 1716 1703
20618 1850 1838 1840 1837
20619 1850 1840 1838 1849
20620 1864 1888 1897 1889
20621 1864 1897 1888 1862
20622 3036 2957 3044 3082
20623 3036 3044 2957 3037
20624 1584 1586 1590 1582
20625 1590 1586 1584 1587
20626 1645 1588 1646 1643
20627 1645 1646 1588 1634
20628 1676 1636 1646 1679
20629 1646 1636 1676 1635
20630 2615 2617 2619 2616
20631 2615 2619 2617 2618
20632 2624 2615 2619 2616
20633 2624 2619 2615 2618
20634 2621 2615 2624 2616
20635 2621 2624 2615 2618
20636 2576 2583 2578 2575
20637 2578 2583 2576 2580
20638 2578 2569 2574 2580
20639 2583 2574 2578 2575
20640 2578 2574 2583 2580
20641 2562 2573 2572 2556
20642 2562 2572 2573 2569
20643 2581 2560 2573 2582
20644 2581 2573 2560 2580
20645 2223 2225 2220 2226
20646 2574 2572 2578 2575
20647 2574 2578 2572 2569
20648 2247 2222 2220 2223
20649 2247 2220 2222 2221
20650 2225 2220 2222 2223
20651 2225 2222 2220 2221
20652 3584 3629 3622 3585
20653 3467 3476 3470 3466
20654 3519 3510 3476 3470
20655 3519 3476 3510 3505
20656 3467 3476 3510 3470
20657 3467 3510 3476 3505
20658 3604 3608 3613 3609
20659 3604 3613 3608 3707
20660 3512 3505 3518 3515
20661 3518 3505 3512 3508
20662 3203 3200 3212 3204
20663 3203 3212 3200 3206
20664 3487 3203 3504 3148
20665 3487 3504 3203 3483
20666 3515 3511 3518 3512
20667 3515 3518 3511 3514
20668 3479 3480 3514 3511
20669 3479 3514 3480 3477
20670 3489 3514 3480 3511
20671 3489 3480 3514 3477
20672 3184 3194 3188 3191
20673 3188 3194 3184 3762
20674 3188 3765 3184 3191
20675 3184 3765 3188 3762
20676 3832 3854 3867 3855
20677 3832 3867 3854 3831
20678 4477 4461 4482 4503
20679 4477 4482 4461 4457
20680 3636 3652 3648 3653
20681 3691 3654 3700 3693
20682 3691 3700 3654 3575
20683 3646 3647 3645 3656
20684 3651 3645 3647 3656
20685 3651 3647 3645 3648
20686 3090 3088 3101 3089
20687 3090 3101 3088 3087
20688 41 49 53 45
20689 41 53 49 44
20690 15 19 25 23
20691 15 25 19 21
20692 183 172 195 173
20693 183 195 172 182
20694 3048 3051 3101 3053
20695 3048 3101 3051 3032
20696 3017 2763 3018 2962
20697 2963 2848 2763 2962
20698 2763 2848 2963 2759
20699 3017 2963 2763 2962
20700 2763 2963 3017 2759
20701 2742 2756 2749 2753
20702 2749 2756 2742 2747
20703 2964 2962 2975 2963
20704 2964 2975 2962 3028
20705 2791 2786 2781 2789
20706 2791 2781 2786 2787
20707 2782 2786 2781 2787
20708 55 97 59 89
20709 59 56 55 89
20710 3838 3836 3865 3870
20711 3838 3865 3836 3837
20712 3865 3836 3906 3870
20713 3865 3906 3836 3837
20714 4494 4508 4511 4509
20715 4494 4511 4508 4506
20716 4502 4511 4508 4509
20717 4502 4508 4511 4506
20718 4501 4502 4511 4504
20719 4501 4511 4502 4500
20720 4475 4482 4478 4476
20721 4478 4482 4475 4472
20722 4478 4474 4475 4476
20723 4475 4474 4478 4472
20724 4471 3829 3839 3826
20725 3839 3829 4471 3788
20726 4471 3796 3839 3788
20727 4403 4411 4404 4399
20728 3863 3858 3854 3846
20729 3863 3854 3858 3855
20730 3857 3854 3858 3846
20731 3857 3858 3854 3855
20732 3076 5981 3850 5982
20733 5809 5818 5825 5817
20734 5809 5825 5818 6036
20735 5804 5808 5802 5806
20736 5804 5802 5808 5805
20737 5807 5802 5808 5806
20738 5807 5808 5802 5805
20739 5785 5791 5792 5788
20740 5785 5792 5791 5786
20741 5798 5785 5792 5788
20742 5798 5792 5785 5786
20743 5599 5785 5798 5788
20744 6052 6029 6063 6053
20745 6052 6063 6029 6069
20746 6028 6029 6063 6069
20747 6283 6218 6263 6224
20748 6283 6263 6218 6259
20749 6064 6037 6042 6044
20750 6064 6042 6037 6038
20751 6041 6042 6037 6044
20752 6041 6037 6042 6038
20753 6049 5956 5963 5958
20754 6049 5963 5956 5954
20755 6176 6180 6183 6177
20756 6183 6180 6176 6179
20757 6229 6226 6218 6228
20758 6229 6218 6226 6227
20759 6227 6263 6218 6224
20760 6227 6218 6263 6229
20761 6212 6220 6199 6221
20762 6199 6220 6212 6200
20763 6208 6207 6213 6211
20764 6208 6213 6207 6202
20765 2863 2876 2866 2859
20766 2738 2743 2750 2740
20767 2738 2750 2743 2741
20768 2749 2750 2743 2740
20769 2749 2743 2750 2741
20770 2925 2948 2932 2929
20771 2925 2932 2948 2927
20772 2513 2487 2488 2490
20773 2513 2488 2487 2511
20774 2489 2488 2487 2490
20775 2489 2487 2488 2511
20776 2533 2531 2861 2537
20777 2392 2390 2395 2393
20778 2392 2395 2390 2396
20779 2398 2395 2390 2393
20780 2398 2390 2395 2396
20781 2442 2433 2440 2436
20782 2442 2440 2433 2441
20783 2439 2440 2433 2436
20784 2439 2433 2440 2441
20785 2367 2361 2371 2348
20786 2367 2371 2361 2363
20787 2402 2392 2403 2416
20788 2402 2403 2392 2395
20789 2389 2403 2392 2416
20790 2389 2392 2403 2395
20791 2506 2385 2513 2507
20792 2506 2513 2385 2384
20793 5707 5706 5712 5708
20794 5707 5712 5706 5704
20795 5661 5660 5528 5659
20796 5527 5528 5660 5659
20797 5527 5660 5528 5499
20798 5531 5528 5529 5530
20799 5531 5529 5528 5525
20800 5526 5529 5528 5530
20801 5526 5528 5529 5525
20802 1629 1625 1632 1569
20803 1629 1632 1625 1626
20804 1633 1632 1625 1569
20805 1633 1625 1632 1626
20806 1891 1886 1883 1875
20807 1883 1886 1891 1887
20808 2617 2630 2619 2620
20809 2637 2630 2619 2624
20810 2637 2619 2630 2620
20811 4584 4585 4582 4586
20812 4584 4582 4585 4583
20813 4590 4584 4582 4586
20814 4590 4582 4584 4583
20815 4588 4590 4584 4583
20816 4074 4076 4041 4075
20817 5107 5122 5111 5124
20818 5107 5111 5122 5104
20819 5734 5827 5741 5738
20820 5734 5741 5827 5737
20821 3853 3850 3848 3849
20822 5981 3850 3848 3076
20823 5981 3848 3850 3849
20824 6077 3851 6073 6075
20825 3846 3851 6073 3842
20826 3846 6073 3851 6075
20827 512 503 513 511
20828 512 513 503 509
20829 5759 5757 5766 5756
20830 5759 5766 5757 5760
20831 927 863 850 958
20832 927 850 863 841
20833 3031 3030 2991 3021
20834 3022 3030 2991 3026
20835 3022 2991 3030 3021
20836 3487 3149 3154 3144
20837 3487 3154 3149 3148
20838 3980 3981 3990 4010
20839 5527 5528 5522 5499
20840 5527 5522 5528 5525
20841 5494 5522 5528 5499
20842 5494 5528 5522 5525
20843 6057 6053 6063 6058
20844 6057 6063 6053 6052
20845 1878 1613 1617 1631
20846 1617 1613 1878 1614
20847 3550 4535 3557 3555
20848 3550 3557 4535 4534
20849 3690 3700 3693 3691
20850 2015 2019 2021 2014
20851 5385 5380 5391 5386
20852 5385 5391 5380 5381
20853 5448 5391 5380 5386
20854 5448 5380 5391 5381
20855 604 601 557 607
20856 604 557 601 618
20857 5751 5742 5750 5747
20858 5751 5750 5742 5745
20859 1066 1370 1380 1060
20860 1066 1380 1370 1372
20861 49 46 53 50
20862 49 53 46 47
20863 5385 5382 5391 5383
20864 5385 5391 5382 5379
20865 3848 3858 3853 3847
20866 3848 3853 3858 3134
20867 1658 1653 1660 1697
20868 1658 1660 1653 1657
20869 1108 1114 1120 1115
20870 1108 1120 1114 1109
20871 1129 1114 1120 1109
20872 2476 2483 2474 2481
20873 2476 2474 2483 2480
20874 3542 3454 3568 3543
20875 3542 3568 3454 3472
20876 3405 3568 3454 3543
20877 860 840 850 839
20878 860 850 840 862
20879 631 673 668 676
20880 631 668 673 662
20881 2867 2863 2876 2866
20882 2867 2876 2863 2864
20883 3481 3495 3490 3486
20884 5457 5459 5460 5458
20885 5457 5460 5459 5456
20886 2921 2787 2932 2790
20887 2921 2932 2787 2907
20888 2791 2932 2787 2790
20889 2791 2787 2932 2907
20890 5899 5908 5904 5900
20891 4049 4037 4046 4048
20892 4043 4046 4037 4048
20893 3131 2990 3004 2995
20894 3131 3004 2990 2992
20895 3003 2990 3004 2992
20896 2913 2907 2914 2912
20897 2914 2907 2915 2912
20898 2915 2918 2907 2910
20899 2530 2528 2526 2525
20900 2530 2526 2528 2541
20901 2885 2883 2877 2884
20902 2877 2883 2885 2889
20903 2885 2879 2877 2889
20904 3138 3861 3855 3137
20905 3138 3855 3861 3864
20906 3857 3138 3855 3137
20907 3857 3855 3138 3864
20908 3141 3138 3857 3137
20909 3141 3857 3138 3864
20910 745 743 752 742
20911 745 752 743 767
20912 755 754 758 756
20913 755 758 754 767
20914 757 758 754 756
20915 757 754 758 767
20916 500 493 568 527
20917 500 568 493 494
20918 2904 2907 2919 2906
20919 2904 2919 2907 2834
20920 982 978 1029 1038
20921 982 1029 978 989
20922 1086 978 1029 989
20923 6249 6248 6245 6247
20924 6245 6248 6249 6258
20925 6245 6246 6249 6247
20926 6249 6246 6245 6258
20927 1689 1669 1577 1646
20928 1577 1674 1689 1646
20929 1373 1379 1478 1476
20930 1373 1478 1379 1380
20931 4176 4193 4187 4197
20932 4176 4187 4193 4189
20933 4202 4187 4193 4197
20934 4202 4193 4187 4189
20935 586 587 591 588
20936 586 591 587 597
20937 612 591 587 588
20938 612 587 591 597
20939 6034 3797 6028 6062
20940 6027 6028 3797 6062
20941 3337 3333 3336 3328
20942 3337 3336 3333 3270
20943 5301 5317 5299 5302
20944 5299 5317 5301 5322
20945 2348 2347 2358 2351
20946 2348 2358 2347 2371
20947 6009 6013 6019 6010
20948 6019 6013 6009 6021
20949 1550 1552 1563 1556
20950 1550 1563 1552 1521
20951 5996 6002 6006 6003
20952 5996 6006 6002 6008
20953 6007 6006 6002 6003
20954 6007 6002 6006 6008
20955 4626 4629 4637 4628
20956 4626 4637 4629 4627
20957 233 199 208 202
20958 208 199 233 232
20959 5574 5575 5555 5558
20960 5574 5555 5575 5576
20961 5551 5555 5575 5558
20962 5551 5575 5555 5576
20963 4200 4312 4301 4300
20964 4301 4312 4200 4242
20965 3690 3695 3700 3686
20966 3690 3700 3695 3693
20967 5334 5328 5335 5310
20968 5334 5335 5328 5327
20969 5324 5335 5328 5310
20970 5324 5328 5335 5327
20971 1408 1464 1269 1393
20972 1408 1269 1464 1224
20973 314 309 320 312
20974 314 320 309 180
20975 3475 3468 3545 3619
20976 3475 3545 3468 3533
20977 3618 3545 3468 3619
20978 3618 3468 3545 3533
20979 1704 1757 1771 1761
20980 1771 1757 1704 1716
20981 3294 3172 3183 3171
20982 3294 3183 3172 3281
20983 3178 3183 3172 3171
20984 3178 3172 3183 3281
20985 2379 2427 2371 2359
20986 2371 2427 2379 2513
20987 2371 2386 2379 2359
20988 2379 2386 2371 2513
20989 935 895 894 893
20990 935 894 895 896
20991 902 895 894 896
20992 3226 3216 3218 3220
20993 3226 3218 3216 3227
20994 166 126 134 195
20995 166 134 126 3593
20996 2684 2691 2683 2690
20997 2684 2683 2691 2688
20998 2687 2683 2691 2690
20999 2687 2691 2683 2688
21000 2846 2843 2932 2844
21001 2846 2932 2843 2847
21002 2842 2932 2843 2844
21003 2842 2843 2932 2847
21004 42 40 52 33
21005 52 40 42 53
21006 52 1945 42 33
21007 2513 2493 2490 2488
21008 2513 2490 2493 2512
21009 1204 1211 1203 1206
21010 1203 1211 1204 1200
21011 238 226 235 212
21012 238 235 226 228
21013 210 235 226 212
21014 210 226 235 228
21015 1323 1339 1322 1337
21016 1322 1339 1323 1338
21017 2467 2487 2499 2444
21018 2467 2499 2487 2512
21019 873 867 865 870
21020 865 867 873 868
21021 865 871 873 870
21022 873 871 865 868
21023 1557 1558 1563 1560
21024 1563 1558 1557 1554
21025 1563 1559 1557 1560
21026 1557 1559 1563 1554
21027 3548 3563 3547 3551
21028 3548 3547 3563 3561
21029 2540 2529 2861 2533
21030 2540 2861 2529 2528
21031 2531 2861 2529 2533
21032 2531 2529 2861 2528
21033 4192 4200 4195 4207
21034 4192 4195 4200 4201
21035 5397 5403 5407 5399
21036 5397 5407 5403 5402
21037 3736 3497 3503 3494
21038 3503 3497 3736 3732
21039 2161 2157 2612 2159
21040 2161 2612 2157 2183
21041 2190 2612 2157 2159
21042 2190 2157 2612 2183
21043 4696 4588 4612 4590
21044 4624 4611 4696 4612
21045 4624 4696 4611 4610
21046 4590 4696 4611 4612
21047 4590 4611 4696 4610
21048 5223 5083 5197 5209
21049 5223 5197 5083 5085
21050 3922 3902 3666 3921
21051 3922 3666 3902 3698
21052 5877 5880 5878 5875
21053 5878 5880 5877 3784
21054 6039 6026 6041 6044
21055 6039 6041 6026 6046
21056 6025 6041 6026 6044
21057 6025 6026 6041 6046
21058 4597 4604 4598 4606
21059 4598 4604 4597 4601
21060 4598 4599 4597 4606
21061 4597 4599 4598 4601
21062 175 177 181 174
21063 181 177 175 178
21064 4042 4041 4049 4046
21065 4049 4041 4042 4076
21066 3615 3622 3620 3617
21067 3615 3620 3622 3629
21068 3627 3620 3622 3617
21069 3627 3622 3620 3629
21070 4050 3988 4060 4059
21071 4060 3988 4050 3993
21072 614 623 625 617
21073 614 625 623 613
21074 5710 5706 5713 5688
21075 5710 5713 5706 5712
21076 5705 5713 5706 5688
21077 5705 5706 5713 5712
21078 2638 2550 2628 2639
21079 2628 2550 2638 2629
21080 2628 2634 2638 2639
21081 2638 2634 2628 2629
21082 152 148 143 146
21083 152 143 148 142
21084 147 143 148 146
21085 147 148 143 142
21086 4342 4334 4340 4335
21087 4342 4340 4334 755
21088 4336 4340 4334 4335
21089 4336 4334 4340 755
21090 536 538 544 541
21091 536 544 538 558
21092 560 544 538 541
21093 560 538 544 558
21094 2653 2680 2590 2681
21095 2590 2680 2653 2654
21096 2590 2592 2653 2681
21097 2653 2592 2590 2654
21098 3965 3955 3945 3959
21099 3965 3945 3955 3952
21100 5516 5517 5606 5529
21101 5606 5517 5516 5515
21102 361 353 349 352
21103 361 349 353 360
21104 22 356 24 13
21105 22 24 356 358
21106 5246 5245 5248 5244
21107 5246 5248 5245 5247
21108 2612 2638 2609 2599
21109 2612 2609 2638 2592
21110 6271 6267 6050 6043
21111 6271 6050 6267 6269
21112 6045 6050 6267 6043
21113 6045 6267 6050 6269
21114 3988 3992 4060 3985
21115 3988 4060 3992 3993
21116 2915 2909 2907 2918
21117 2915 2907 2909 2912
21118 3982 3981 3983 3980
21119 3990 3983 3981 3980
21120 1656 1660 1647 1651
21121 1380 1377 1379 1374
21122 1380 1379 1377 1548
21123 4595 4608 4545 4536
21124 4595 4545 4608 4553
21125 4204 4210 4200 4217
21126 1794 1759 1799 1786
21127 1794 1799 1759 1716
21128 385 725 387 695
21129 387 725 385 389
21130 387 381 385 695
21131 385 381 387 389
21132 4069 4051 4076 4071
21133 4076 4051 4069 4073
21134 4465 4468 3873 3880
21135 4465 3873 4468 4466
21136 4490 3873 4468 3880
21137 4490 4468 3873 4466
21138 5790 5704 5799 5707
21139 5790 5799 5704 5700
21140 5712 5799 5704 5707
21141 5712 5704 5799 5700
21142 3845 3852 3867 3854
21143 3867 3852 3845 3843
21144 3867 3831 3845 3854
21145 3845 3831 3867 3843
21146 3231 3235 3239 3230
21147 3231 3239 3235 3233
21148 4770 4755 4763 4754
21149 4770 4763 4755 4771
21150 4598 4601 4605 4608
21151 4598 4605 4601 4600
21152 4113 4110 4119 4114
21153 4113 4119 4110 4111
21154 4115 4119 4110 4114
21155 4115 4110 4119 4111
21156 2170 2175 2191 2154
21157 2170 2191 2175 2169
21158 2978 2982 2984 2983
21159 2978 2984 2982 2979
21160 5905 5899 5908 5904
21161 5905 5908 5899 5902
21162 4727 4729 4728 4730
21163 4727 4728 4729 4723
21164 4724 4728 4729 4730
21165 4724 4729 4728 4723
21166 2785 2786 2781 2782
21167 2785 2781 2786 2789
21168 3645 3647 3652 3648
21169 3645 3652 3647 3646
21170 3636 3652 3647 3648
21171 378 382 386 384
21172 386 382 378 389
21173 386 375 378 384
21174 378 375 386 389
21175 3629 3615 3625 3622
21176 3629 3625 3615 3624
21177 3637 3636 3642 3641
21178 3642 3636 3637 3650
21179 4331 4499 4511 4501
21180 4331 4511 4499 4329
21181 5284 5258 5288 5285
21182 3845 3846 3863 3854
21183 3863 3846 3845 3851
21184 3863 3852 3845 3854
21185 3845 3852 3863 3851
21186 4336 4338 4340 4337
21187 4336 4340 4338 4339
21188 895 897 894 893
21189 895 894 897 902
21190 4988 4993 5000 4990
21191 4988 5000 4993 4994
21192 643 644 653 645
21193 643 653 644 640
21194 1960 1957 1966 2032
21195 1966 1957 1960 1962
21196 1966 2021 1960 2032
21197 1960 2021 1966 1962
21198 3482 3489 3490 3495
21199 3490 3489 3482 3480
21200 3490 3481 3482 3495
21201 3482 3481 3490 3480
21202 4350 4323 4356 4330
21203 4350 4356 4323 4347
21204 847 1075 849 1074
21205 847 849 1075 836
21206 5601 5598 5599 5594
21207 5601 5599 5598 5798
21208 3302 3287 3308 3296
21209 3302 3308 3287 3292
21210 3629 3625 3584 3622
21211 3629 3584 3625 3621
21212 4323 4320 4327 4321
21213 4327 4320 4323 4319
21214 5031 5035 5042 5033
21215 5031 5042 5035 5034
21216 4776 4747 4744 4743
21217 4744 4747 4776 4777
21218 4744 4748 4776 4743
21219 4776 4748 4744 4777
21220 4074 4042 4076 4072
21221 4074 4076 4042 4041
21222 5258 5292 5284 5288
21223 5284 5292 5258 5264
21224 2581 2577 2574 2583
21225 2574 2577 2581 2579
21226 4589 4198 4202 4190
21227 4589 4202 4198 4567
21228 4204 4196 4200 4210
21229 4204 4200 4196 4251
21230 5225 5229 5227 5228
21231 5225 5227 5229 5226
21232 5693 5227 5229 5228
21233 5693 5229 5227 5226
21234 4612 4253 4696 4232
21235 4612 4696 4253 4588
21236 2012 2022 2021 2019
21237 2021 2022 2012 2020
21238 2021 2015 2012 2019
21239 2012 2015 2021 2020
21240 3647 3635 3652 3636
21241 3647 3652 3635 3646
21242 2456 2453 2457 2452
21243 2456 2457 2453 2449
21244 2446 2457 2453 2452
21245 2446 2453 2457 2449
21246 4406 4404 4411 4408
21247 4406 4411 4404 4403
21248 1653 1654 1660 1647
21249 1653 1660 1654 1657
21250 1656 1660 1654 1647
21251 1656 1654 1660 1657
21252 5771 5697 5782 5695
21253 5782 5697 5771 5772
21254 395 424 402 501
21255 395 402 424 426
21256 5768 5756 5783 5780
21257 5768 5783 5756 5779
21258 5773 5783 5756 5780
21259 5773 5756 5783 5779
21260 6259 6264 6223 6282
21261 6259 6223 6264 6266
21262 303 116 317 320
21263 303 317 116 295
21264 319 317 116 320
21265 319 116 317 295
21266 5602 5594 5601 5593
21267 5602 5601 5594 5598
21268 4217 4208 4203 4212
21269 4207 4217 4208 4203
21270 4207 4208 4217 4210
21271 1793 375 1776 1783
21272 1793 1776 375 1791
21273 367 1776 375 1783
21274 367 375 1776 1791
21275 433 410 488 464
21276 488 410 433 430
21277 3780 6070 6027 6076
21278 3841 6027 3780 6070
21279 3841 3780 6027 3793
21280 958 961 962 930
21281 958 962 961 954
21282 2 10 11 9
21283 11 10 2 0
21284 2716 2714 2712 2710
21285 2716 2712 2714 2715
21286 4592 4696 4590 4588
21287 4590 4696 4592 4586
21288 4590 4584 4592 4588
21289 4592 4584 4590 4586
21290 4463 4459 4468 4464
21291 4463 4468 4459 4461
21292 2952 2948 2932 2946
21293 2952 2932 2948 2951
21294 3564 3543 3404 3402
21295 3564 3404 3543 3568
21296 3405 3404 3543 3402
21297 3405 3543 3404 3568
21298 2834 2781 2831 2805
21299 2834 2831 2781 2833
21300 780 769 763 703
21301 780 763 769 766
21302 2618 2619 2630 2624
21303 2618 2630 2619 2617
21304 4822 4813 4821 4820
21305 4821 4813 4822 4817
21306 3317 3335 3321 3330
21307 3321 3335 3317 3322
21308 3321 3320 3317 3330
21309 3317 3320 3321 3322
21310 2952 2932 2842 2846
21311 2952 2842 2932 2951
21312 670 680 676 681
21313 676 680 670 674
21314 968 967 966 969
21315 968 966 967 965
21316 4205 4204 4217 4211
21317 4205 4217 4204 4200
21318 4216 4205 4217 4211
21319 4216 4217 4205 4200
21320 4300 4205 4216 4211
21321 4300 4216 4205 4200
21322 4649 4376 4378 4377
21323 4379 4649 4376 4378
21324 4379 4376 4649 4638
21325 2790 2934 3031 2935
21326 3031 2934 2790 2786
21327 3031 2791 2790 2935
21328 2790 2791 3031 2786
21329 1225 1218 1217 1240
21330 1225 1217 1218 1221
21331 4147 4140 4134 4136
21332 4142 4140 4147 3316
21333 4142 4147 4140 4134
21334 327 334 333 305
21335 333 334 327 326
21336 2433 2432 2430 2429
21337 2433 2430 2432 2436
21338 6277 6287 6286 6281
21339 6277 6286 6287 6278
21340 473 621 463 480
21341 463 622 473 468
21342 473 622 463 621
21343 3599 188 3596 3593
21344 3596 188 3599 3588
21345 2989 3000 2981 3002
21346 2980 2984 2989 2981
21347 2989 2984 2980 2978
21348 2989 3000 2980 2981
21349 2980 3000 2989 2978
21350 4090 4089 4092 4022
21351 4092 4089 4090 4087
21352 5220 5222 5218 5223
21353 5218 5222 5220 5233
21354 854 833 851 859
21355 854 830 851 833
21356 854 851 830 858
21357 850 851 830 833
21358 850 830 851 858
21359 5854 5851 5852 5847
21360 5854 5852 5851 4388
21361 4093 5851 5852 4388
21362 5852 5846 5851 4093
21363 5851 5846 5852 5847
21364 2830 2826 2778 2823
21365 2830 2778 2826 2792
21366 4524 4518 4516 4523
21367 4524 4516 4518 4515
21368 169 179 311 180
21369 169 311 179 18
21370 316 311 179 180
21371 316 179 311 18
21372 2062 2058 1604 2061
21373 1604 2058 2062 2009
21374 3827 3828 3838 3830
21375 3838 3828 3827 3826
21376 3895 3894 3888 3890
21377 3895 3889 3888 3885
21378 3888 3889 3895 3890
21379 3895 3886 3888 3894
21380 3888 3886 3895 3885
21381 4300 4299 4293 4297
21382 4289 4293 4300 4299
21383 4289 4300 4293 4290
21384 5244 5248 5243 5245
21385 5238 5241 5244 5249
21386 5238 5244 5241 5243
21387 5248 5244 5241 5249
21388 5248 5241 5244 5243
21389 930 958 933 962
21390 933 958 930 927
21391 786 782 794 821
21392 786 794 782 792
21393 784 785 794 821
21394 784 794 785 792
21395 785 786 794 821
21396 785 794 786 792
21397 2358 2346 2736 2428
21398 2358 2736 2346 2699
21399 2698 2736 2346 2428
21400 2698 2346 2736 2699
21401 4637 4356 4346 4383
21402 4346 4356 4637 4627
21403 4346 4626 4637 4383
21404 4637 4626 4346 4627
21405 750 730 727 728
21406 744 727 750 730
21407 744 750 727 742
21408 483 486 418 415
21409 483 418 486 488
21410 410 418 486 415
21411 410 486 418 488
21412 3983 3982 3990 3981
21413 3983 3990 3982 3989
21414 3993 3990 3982 3981
21415 3993 3982 3990 3989
21416 4923 4928 4937 4924
21417 4923 4937 4928 4943
21418 273 277 276 278
21419 276 277 273 271
21420 1081 849 1085 1076
21421 1085 849 1081 1087
21422 1085 1077 1081 1076
21423 1081 1077 1085 1087
21424 5528 5686 5502 5499
21425 5528 5572 5686 5531
21426 5686 5572 5528 5502
21427 928 933 851 954
21428 928 851 933 924
21429 894 933 923 921
21430 894 923 933 924
21431 928 923 933 921
21432 928 933 923 924
21433 4177 4189 4185 4187
21434 4177 4185 4189 4178
21435 4717 4719 4718 4721
21436 4717 4718 4719 4720
21437 4722 4718 4719 4721
21438 4722 4719 4718 4720
21439 3674 3672 3685 3680
21440 3674 3685 3672 3681
21441 5973 5957 5964 5979
21442 5973 5964 5957 5965
21443 4209 4183 4216 4215
21444 4209 4216 4183 4213
21445 4217 4209 4216 4215
21446 4217 4216 4209 4213
21447 4208 4217 4209 4213
21448 4630 4661 4633 4637
21449 4633 4661 4630 4636
21450 4631 4632 4623 4637
21451 4623 4632 4631 4636
21452 4631 4623 4661 4637
21453 4661 4623 4631 4636
21454 4630 4631 4661 4637
21455 4661 4631 4630 4636
21456 2909 2921 2907 2918
21457 2907 2921 2909 2787
21458 4696 4612 4246 4624
21459 4696 4246 4612 4232
21460 2407 2415 2423 2409
21461 2423 2415 2407 2405
21462 3347 3168 3166 3350
21463 3347 3166 3168 3167
21464 6103 6092 6116 6106
21465 6103 6116 6092 6098
21466 6114 6116 6092 6106
21467 6114 6092 6116 6098
21468 3751 3745 5992 3747
21469 3751 5992 3745 3742
21470 3743 5992 3745 3747
21471 3743 3745 5992 3742
21472 993 989 1002 994
21473 1002 989 993 1003
21474 1002 996 993 994
21475 993 996 1002 1003
21476 568 493 585 527
21477 568 585 493 580
21478 3960 6095 3953 3958
21479 3960 3953 6095 6093
21480 700 697 725 702
21481 700 725 697 701
21482 712 700 725 702
21483 712 725 700 701
21484 703 712 700 701
21485 2851 2862 2887 2889
21486 2851 2887 2862 2854
21487 2888 2887 2862 2889
21488 2888 2862 2887 2854
21489 2415 2422 2399 2402
21490 2415 2404 2399 2406
21491 2399 2404 2415 2402
21492 2425 2399 2415 2422
21493 2425 2415 2399 2406
21494 5159 5140 5165 5161
21495 5159 5165 5140 5143
21496 2824 2485 2822 2821
21497 2822 2485 2824 2483
21498 2480 2482 2485 2821
21499 2485 2482 2480 2483
21500 2824 2480 2485 2821
21501 2485 2480 2824 2483
21502 3369 3371 3366 3376
21503 3366 3371 3369 3361
21504 253 284 244 250
21505 253 244 284 283
21506 245 244 284 250
21507 245 284 244 283
21508 6025 6064 6044 6065
21509 6025 6044 6064 6042
21510 6067 6025 6065 6064
21511 6065 6025 6067 6028
21512 2081 2091 2075 2074
21513 2075 2091 2081 2083
21514 2075 2080 2081 2074
21515 2081 2080 2075 2083
21516 1712 1714 1716 1709
21517 1712 1716 1714 1718
21518 1727 1716 1714 1709
21519 1727 1714 1716 1718
21520 2022 2019 1706 1956
21521 2012 1706 2022 2019
21522 2012 2022 1706 1734
21523 2592 2591 2654 2655
21524 2592 2654 2591 2590
21525 2652 2654 2591 2655
21526 2652 2591 2654 2590
21527 5693 5692 5699 5698
21528 5693 5699 5692 5696
21529 4800 4797 4779 4804
21530 4800 4779 4797 4791
21531 4777 4739 4778 4744
21532 4778 4739 4777 4788
21533 4778 4748 4777 4744
21534 4777 4748 4778 4788
21535 2166 2584 2612 2167
21536 2612 2173 2166 2167
21537 3404 3399 3397 3405
21538 3404 3397 3399 3396
21539 5770 5772 5699 5774
21540 5699 5772 5770 5698
21541 4850 4860 4852 4856
21542 4852 4860 4850 4851
21543 4852 4873 4850 4856
21544 4850 4873 4852 4851
21545 3344 3347 3351 3349
21546 3351 3347 3344 3348
21547 3351 3342 3344 3349
21548 3344 3342 3351 3348
21549 3218 3226 3217 3171
21550 3220 3217 3226 3153
21551 3220 3226 3217 3218
21552 6215 6204 6206 6203
21553 6215 6206 6204 6210
21554 6202 6206 6204 6203
21555 6202 6204 6206 6210
21556 4790 4793 4797 4794
21557 4790 4797 4793 4789
21558 4804 4797 4793 4794
21559 4804 4793 4797 4789
21560 625 621 622 624
21561 625 622 621 616
21562 4932 4920 4929 4931
21563 4929 4934 4920 4932
21564 4920 4934 4929 4930
21565 2192 2206 2201 2170
21566 4374 4359 4364 4372
21567 4364 4359 4374 4395
21568 3577 3580 3576 3586
21569 3577 3576 3580 3581
21570 3654 3577 3586 3580
21571 3586 3577 3654 3578
21572 833 829 850 831
21573 833 850 829 830
21574 828 850 829 831
21575 828 829 850 830
21576 1364 1366 1362 1367
21577 1364 1362 1366 1360
21578 1363 1362 1366 1367
21579 1363 1366 1362 1360
21580 3108 3100 3128 3111
21581 3128 3100 3108 3109
21582 3108 3124 3128 3109
21583 3126 3128 3108 3124
21584 3126 3108 3128 3111
21585 2595 2612 2590 2608
21586 4881 4889 4877 4879
21587 4877 4889 4881 4859
21588 4877 4853 4881 4879
21589 4881 4853 4877 4859
21590 2858 2847 2837 2862
21591 2837 2847 2858 2839
21592 6196 6274 6192 6273
21593 6194 6189 6196 6193
21594 6194 6196 6189 6192
21595 6274 6196 6189 6193
21596 6274 6189 6196 6192
21597 1264 1251 1256 1249
21598 1264 1256 1251 1187
21599 5757 5781 5768 5779
21600 5768 5781 5757 5758
21601 5602 5588 5592 5569
21602 5592 5588 5602 5591
21603 5898 5915 5895 5912
21604 5895 5915 5898 5896
21605 241 281 288 287
21606 288 281 241 289
21607 1244 1264 1251 1187
21608 1251 1264 1244 1246
21609 1251 1245 1244 1187
21610 1244 1245 1251 1246
21611 1153 1155 1157 1001
21612 1153 1157 1155 1150
21613 4209 4214 4217 4208
21614 4217 4214 4209 4215
21615 4519 4512 4513 4516
21616 4513 4512 4519 4520
21617 4519 4529 4513 4520
21618 4521 4513 4519 4529
21619 4521 4519 4513 4516
21620 43 52 42 53
21621 42 52 43 1945
21622 1949 1951 52 53
21623 52 1951 1949 1945
21624 43 1949 52 53
21625 52 1949 43 1945
21626 5244 5246 5250 5248
21627 5250 5246 5244 5270
21628 22 14 27 23
21629 27 14 22 13
21630 4389 4395 4397 4401
21631 4397 4395 4389 4359
21632 2585 2595 2584 2587
21633 2593 2585 2584 2594
21634 2593 2584 2585 2595
21635 2585 2595 2586 2590
21636 2585 2586 2595 2587
21637 2612 2586 2595 2590
21638 2612 2595 2586 2587
21639 2201 2199 2195 2219
21640 2195 2199 2201 2202
21641 2195 2194 2201 2219
21642 2201 2194 2195 2202
21643 2192 2206 2219 2201
21644 2219 2206 2192 2218
21645 2219 2199 2192 2201
21646 2192 2199 2219 2218
21647 6121 6120 6124 6272
21648 6121 6124 6120 6122
21649 5953 6124 6120 6272
21650 5953 6120 6124 6122
21651 706 700 712 702
21652 706 712 700 703
21653 2166 2175 2171 2164
21654 2171 2175 2166 2167
21655 3404 3398 3396 3381
21656 3402 3404 3398 3396
21657 3402 3398 3404 3564
21658 6208 6210 6202 6206
21659 6202 6210 6208 6213
21660 2645 2646 2654 2648
21661 2654 2649 2645 2647
21662 2654 2645 2649 2646
21663 2644 2645 2649 2647
21664 2644 2649 2645 2646
21665 5977 5978 5976 5934
21666 5976 5978 5977 5975
21667 2220 2231 2226 2225
21668 2564 2226 2220 2231
21669 2564 2220 2226 2568
21670 3687 3699 3694 3688
21671 272 280 266 291
21672 266 280 272 269
21673 873 871 872 874
21674 873 872 871 869
21675 3673 3697 3694 3687
21676 3694 3697 3673 3686
21677 3696 3699 3694 3687
21678 3694 3699 3696 3686
21679 3697 3696 3694 3687
21680 3694 3696 3697 3686
21681 4732 4734 4731 4735
21682 4732 4731 4734 4733
21683 4608 4598 4533 4605
21684 4608 4533 4598 4557
21685 373 363 364 389
21686 373 364 363 368
21687 363 373 375 389
21688 363 375 373 362
21689 4718 4745 4722 4749
21690 4718 4722 4745 4721
21691 4793 4722 4745 4749
21692 4793 4745 4722 4721
21693 4512 4514 4524 642
21694 4667 4524 4514 642
21695 4667 4514 4524 4515
21696 4516 4514 4524 4512
21697 4524 4514 4516 4515
21698 4609 4598 4561 4557
21699 4609 4561 4598 4540
21700 4533 4561 4598 4557
21701 4533 4598 4561 4540
21702 975 974 967 973
21703 967 974 975 971
21704 967 970 975 973
21705 975 970 967 971
21706 5646 5653 5647 5650
21707 5653 5658 5646 5703
21708 5646 5658 5653 5650
21709 5653 5657 5658 5703
21710 5658 5657 5653 5650
21711 5728 5584 5653 5647
21712 5728 5653 5584 5703
21713 5646 5653 5584 5647
21714 5646 5584 5653 5703
21715 1175 1178 1198 1189
21716 1198 1178 1175 1176
21717 1178 1198 526 1182
21718 526 1198 1178 514
21719 4846 4845 4844 4902
21720 4846 4844 4845 4840
21721 5574 5560 5577 5557
21722 5574 5577 5560 5564
21723 5557 5551 5555 5560
21724 5555 5551 5557 5558
21725 5555 5574 5557 5560
21726 5557 5574 5555 5558
21727 5322 5301 5298 5304
21728 5322 5308 5298 5295
21729 5298 5308 5322 5304
21730 5299 5298 5322 5301
21731 5299 5322 5298 5295
21732 5290 5287 5292 5288
21733 5287 5292 5266 5269
21734 5287 5266 5292 5288
21735 5266 5292 5284 5269
21736 5266 5284 5292 5288
21737 5292 5272 5287 5290
21738 5287 5272 5292 5269
21739 5732 5739 5741 5783
21740 5732 5741 5739 5736
21741 5729 5737 5703 5833
21742 5729 5703 5737 5653
21743 5657 5703 5737 5833
21744 5657 5737 5703 5653
21745 5831 5849 5854 5839
21746 5831 5854 5849 5847
21747 4098 4388 4107 4094
21748 4098 4112 4107 4382
21749 4107 4112 4098 4094
21750 4394 4107 4098 4388
21751 4394 4098 4107 4382
21752 5462 5459 5447 5460
21753 5462 5447 5459 5455
21754 4606 4583 4582 4599
21755 4582 4583 4606 4585
21756 4606 4582 4594 4599
21757 4594 4582 4606 4585
21758 4606 4594 4609 4599
21759 4609 4594 4606 4585
21760 3325 3324 3336 3323
21761 3325 3336 3324 3326
21762 3978 3336 3324 3323
21763 3978 3324 3336 3326
21764 4545 4595 3552 3384
21765 4525 4545 3552 3550
21766 4525 3552 4545 4595
21767 5262 5261 5257 5265
21768 5262 5257 5261 5263
21769 1283 1358 1356 1367
21770 1283 1356 1358 1272
21771 1256 545 1197 584
21772 1256 1197 545 1185
21773 1188 1197 545 584
21774 1188 545 1197 1185
21775 1283 1291 1279 1297
21776 1283 1279 1291 1278
21777 557 601 564 610
21778 564 601 557 551
21779 564 571 557 610
21780 557 571 564 551
21781 2584 2173 2612 2587
21782 2584 2612 2173 2166
21783 288 292 291 293
21784 288 291 292 281
21785 266 291 292 293
21786 266 292 291 281
21787 176 120 181 180
21788 176 181 120 177
21789 2154 2163 2191 2233
21790 2191 2163 2154 2176
21791 2194 2193 2200 2219
21792 2194 2200 2193 2197
21793 2193 2195 2219 2194
21794 2219 2195 2193 2203
21795 2626 2634 2628 2639
21796 2628 2634 2626 2624
21797 2634 2630 2637 2624
21798 2634 2637 2626 2624
21799 2636 2626 2630 2637
21800 2636 2630 2626 2639
21801 2634 2630 2626 2637
21802 2634 2626 2630 2639
21803 375 1870 1880 1781
21804 375 1880 1870 1871
21805 1883 1880 1870 1781
21806 1883 1870 1880 1871
21807 166 185 155 191
21808 188 186 166 185
21809 188 166 186 153
21810 155 166 186 185
21811 155 186 166 153
21812 3196 3190 3747 5994
21813 3196 3753 3747 3758
21814 3747 3753 3196 5994
21815 3184 3747 3196 3190
21816 3184 3196 3747 3758
21817 3652 3648 3658 3645
21818 3652 3658 3648 3653
21819 3687 3699 3658 3696
21820 3658 3699 3687 3650
21821 3687 3653 3658 3650
21822 3649 3687 3658 3696
21823 3649 3658 3687 3653
21824 3017 2763 3015 3018
21825 3017 3015 2763 2759
21826 59 56 97 55
21827 59 97 56 58
21828 67 97 56 55
21829 67 56 97 58
21830 3906 3836 3871 3870
21831 3871 3837 3906 3898
21832 3906 3837 3871 3836
21833 3839 4471 4479 3796
21834 4479 4471 3839 3826
21835 5785 5798 5600 5599
21836 5785 5600 5798 5786
21837 6029 6063 6032 6028
21838 6029 6032 6063 6053
21839 6062 6032 6063 6028
21840 6062 6063 6032 6053
21841 6254 6252 6250 6251
21842 6250 6254 6134 6256
21843 6134 6254 6250 6251
21844 6250 6134 6257 6256
21845 6257 6134 6250 6251
21846 6255 6254 6250 6256
21847 6255 6250 6254 6252
21848 5660 5528 5686 5661
21849 5660 5686 5528 5499
21850 3850 3848 3084 3853
21851 3850 3084 3848 3076
21852 3851 6073 6070 6077
21853 3851 6070 6073 3842
21854 5508 5506 5505 5540
21855 5505 5506 5508 5509
21856 5508 5504 5505 5509
21857 5538 5505 5508 5504
21858 5538 5508 5505 5540
21859 3030 2991 3029 3031
21860 3030 3029 2991 3026
21861 2978 2979 2989 2984
21862 2989 2979 2978 2977
21863 3981 3990 4017 3993
21864 3981 4017 3990 4010
21865 1372 1370 1406 1380
21866 1372 1406 1370 1371
21867 4406 4411 4401 4409
21868 4406 4401 4411 4403
21869 4408 4406 4409 4411
21870 4409 4406 4408 4407
21871 1114 1120 1101 1129
21872 1114 1101 1120 1115
21873 1171 1101 1120 1129
21874 1171 1120 1101 1115
21875 3568 3454 3475 3405
21876 3568 3475 3454 3472
21877 4043 4042 4049 4046
21878 4049 4042 4043 4044
21879 4049 4037 4043 4046
21880 4043 4037 4049 4044
21881 2990 3004 2991 3003
21882 2990 2991 3004 2995
21883 2913 2907 2915 2914
21884 2915 2907 2913 2910
21885 2915 2918 2913 2914
21886 2913 2918 2915 2910
21887 2877 2885 2881 2879
21888 2881 2885 2877 2884
21889 1089 978 1101 1086
21890 1089 1101 978 1038
21891 1029 1101 978 1086
21892 1029 978 1101 1038
21893 1669 1577 1674 1689
21894 1669 1674 1577 1665
21895 6034 6035 6027 3797
21896 6027 6035 6034 6024
21897 6027 6028 6034 3797
21898 6034 6028 6027 6024
21899 3763 3770 3768 3757
21900 3768 3770 3763 3769
21901 3768 3761 3763 3757
21902 3763 3761 3768 3769
