33079
0 10436 10639 10637 10636
1 8034 8044 8045 8035
2 11418 11415 11416 11423
3 6055 6062 6057 6056
4 5153 5140 5158 5144
5 8186 8152 8219 8179
6 6880 6854 6852 6881
7 9936 9927 9929 9913
8 8747 8713 8757 8750
9 9265 9274 9266 9275
10 8408 8410 8411 8409
11 9 6 7 578
12 9704 9699 10132 9693
13 9692 9689 9701 9687
14 8750 8751 8758 8747
15 7757 7774 7771 7761
16 5796 5787 5790 5789
17 234 233 240 220
18 7983 7986 7980 7981
19 5518 5511 5519 5516
20 7439 7437 7445 7438
21 7890 7889 7896 7879
22 5780 3547 3285 5772
23 3419 3411 3428 3412
24 4870 4872 4866 4871
25 3183 3184 3211 3185
26 8099 8577 8103 8100
27 1886 1898 1889 1900
28 7370 7373 7375 7371
29 6177 6183 6178 6179
30 10256 10257 10254 10255
31 9211 9169 9170 9174
32 5432 5320 5325 5318
33 5900 5898 5894 5893
34 7961 7949 7950 7945
35 2305 2304 2278 2298
36 8193 8194 8198 8191
37 10863 10911 10905 10906
38 5476 5475 5461 5467
39 7456 7457 7452 7451
40 11144 11180 11165 11185
41 3899 3795 3747 3740
42 128 151 122 127
43 8583 8592 8593 8591
44 6235 6234 6222 6223
45 8022 8025 8020 8021
46 9791 9737 9747 9796
47 5638 5626 5637 2187
48 7840 7764 7758 7762
49 11474 11470 11475 11465
50 9626 9636 9629 9630
51 11470 11473 11466 11474
52 11322 11320 11327 11326
53 5748 5644 5749 5751
54 10476 10474 10485 10477
55 8593 8583 8689 8592
56 8305 8298 8304 8291
57 10318 10320 10326 10325
58 11221 11222 11225 11246
59 11079 11084 11075 11081
60 9480 9485 9420 9479
61 8791 8766 9851 9852
62 3797 3748 3740 3741
63 8256 8204 8253 8211
64 7991 7983 7985 7990
65 8449 8453 8464 8447
66 9767 9738 9733 9766
67 9715 9719 9714 9718
68 1834 1836 1837 1842
69 10267 10240 10303 10268
70 7333 7378 7381 7375
71 5391 5390 5381 5380
72 9767 9738 9762 9770
73 9840 9842 9843 9848
74 2736 2730 2732 2729
75 4586 4590 4587 4593
76 11188 11177 11168 11184
77 10546 10559 10550 10542
78 10663 10662 10668 10667
79 9715 9723 9711 9712
80 11327 11326 11328 11331
81 2728 2755 2733 2897
82 7404 7397 7389 7400
83 10591 10589 10592 10244
84 10267 10296 10303 10240
85 7683 7947 7686 7682
86 5418 5413 5410 5409
87 4613 4622 4614 4620
88 2648 5509 2640 2637
89 8799 8798 8804 8800
90 8656 8585 8657 8664
91 10542 10427 10558 10543
92 1876 1870 1878 1877
93 658 655 661 654
94 5525 5510 5511 5518
95 5694 5773 5758 5748
96 7877 7882 8014 8015
97 9632 9636 9631 9635
98 10614 10583 10605 10609
99 7375 7377 7361 7372
100 10621 10624 10625 5453
101 7919 7836 7901 7916
102 4427 4428 4429 4424
103 2738 2730 2731 2551
104 11672 11638 11680 11639
105 3205 2985 3207 2979
106 4463 4440 4433 4431
107 7824 7829 7827 7830
108 8311 8307 8325 8322
109 5012 5010 5006 5005
110 443 432 451 449
111 1182 1187 1191 1186
112 5615 5620 5617 5624
113 8781 8774 8778 8785
114 5358 5355 5340 5352
115 10327 10268 10319 10333
116 10654 10651 10627 10649
117 10395 10396 10372 10371
118 2883 2892 2886 2535
119 2729 2771 2751 2748
120 939 925 929 930
121 10979 10976 10967 10975
122 2870 2863 2898 2904
123 5071 5069 5044 5048
124 2793 2791 2772 2773
125 2066 2067 2074 2068
126 5047 5045 5050 5058
127 5077 5071 5072 5070
128 11001 10999 10998 11002
129 8453 8469 8464 8447
130 7452 7456 7449 7951
131 9900 8766 9893 9851
132 5524 5533 5526 5529
133 1905 1900 1906 1907
134 4993 4999 4990 4991
135 8667 8660 8662 8661
136 2807 2805 2806 2748
137 10336 10337 10338 10335
138 9770 9767 9769 9762
139 10772 10962 10769 10765
140 7717 7718 7709 7829
141 1840 1851 1856 1849
142 10394 10393 10391 10318
143 2362 2351 2353 2363
144 3894 3885 3893 3886
145 483 487 484 490
146 8851 8853 8858 8852
147 9161 9193 9197 9154
148 9908 9909 9930 9913
149 10057 10070 10058 10071
150 4941 4947 4942 4926
151 928 912 927 918
152 10361 10360 10363 10366
153 8658 8673 8685 8669
154 11471 11465 11464 11474
155 872 878 874 876
156 225 240 227 230
157 10391 10384 10390 10385
158 7891 7916 7901 7892
159 10886 10871 10867 10868
160 9812 9643 9813 9800
161 4708 4562 4705 4703
162 5434 5437 5435 5436
163 10920 10827 10926 10903
164 11586 11591 11606 11585
165 5057 5090 4979 4985
166 5229 5235 5225 5228
167 5227 10984 10983 10986
168 2240 2234 2239 2236
169 2479 2465 2464 2476
170 4554 4627 4537 4535
171 7831 7823 7812 7830
172 3908 3902 3900 3901
173 5395 5406 5403 5394
174 4665 4656 4653 4654
175 1916 1910 1913 1922
176 1561 1564 1568 1559
177 2263 2265 2330 2259
178 5057 5064 5056 5061
179 2476 2474 2461 2479
180 5240 5247 5239 5248
181 9148 9151 9158 9149
182 1850 1818 1826 1855
183 4586 4593 4587 4589
184 11113 11120 11122 11114
185 2188 2189 2192 2193
186 5297 5313 5309 5294
187 9208 9199 9188 9202
188 405 413 411 531
189 8879 8852 8873 8868
190 9130 9173 9134 9227
191 3824 3827 3823 3829
192 11455 11456 11457 11444
193 9408 9472 9410 9412
194 10011 10007 9969 10012
195 10874 10865 10863 10911
196 8373 8269 8372 8274
197 2826 2822 2830 2823
198 3678 3686 3687 3680
199 11140 11286 11148 11141
200 7473 7482 7476 7474
201 460 1086 459 1072
202 8441 8439 8442 8438
203 8164 8660 8091 8661
204 11347 11357 11354 11356
205 9688 9689 9693 9692
206 11309 11372 11313 11319
207 10641 10631 10640 10634
208 1637 1641 1638 1636
209 447 440 436 434
210 1739 1731 1733 1730
211 5253 5263 5225 5233
212 1921 2067 2069 2075
213 5232 5197 11264 11298
214 8179 8177 8219 8186
215 11379 11312 11375 11196
216 8510 8509 8508 8503
217 9798 9793 9785 9806
218 8849 8824 8844 8829
219 1056 1058 1053 1060
220 6458 6434 6465 6461
221 477 471 467 470
222 5223 5217 5214 5222
223 1238 1242 1237 1241
224 5389 5405 5388 5404
225 4854 4856 4837 4848
226 7219 7215 7216 7223
227 978 982 973 975
228 1467 1595 1590 1588
229 1162 1159 1173 1161
230 3628 3387 3382 3612
231 5726 3512 5714 5722
232 6831 6827 6826 6830
233 2309 2304 2308 2306
234 3251 3249 3264 3252
235 9905 9902 9694 9903
236 3810 3807 3812 3809
237 9258 9288 9297 9269
238 498 494 469 398
239 44 42 39 84
240 7268 7274 7272 7275
241 11197 11380 11376 11375
242 3646 3672 3673 3671
243 9206 9169 9207 9163
244 7830 7831 7821 7820
245 11286 11222 11228 11157
246 4880 4876 4873 4863
247 5358 5341 5340 5342
248 10061 10067 10050 10062
249 9497 9529 9499 9580
250 6175 6190 6193 6186
251 6617 6619 6605 6624
252 9640 9642 9641 9639
253 4111 4117 4115 4112
254 1190 1184 1189 1183
255 2796 2795 2793 2801
256 3667 3831 3668 3825
257 910 918 927 911
258 370 373 374 367
259 6175 6193 9608 9609
260 1801 1794 1802 1797
261 1532 1534 1520 1529
262 9858 9852 9854 9861
263 7273 7267 7265 7274
264 9160 9149 9195 9187
265 11303 11009 11011 11010
266 3388 3402 3375 3373
267 6376 6371 6353 6370
268 3981 3980 3977 3982
269 3447 3438 3445 3448
270 9449 9452 9455 9458
271 4965 4970 4969 4971
272 4321 4314 4322 4327
273 425 412 404 407
274 9196 9192 9198 9210
275 11357 11384 11377 11382
276 3898 3909 3903 3899
277 8908 8911 8895 8904
278 7015 6992 7012 6201
279 3468 3472 3483 3475
280 2958 2953 2951 2957
281 9612 9611 9594 9616
282 567 570 569 565
283 6219 6287 6216 6218
284 10065 10088 10063 10062
285 6900 6854 6851 6860
286 1503 1504 1361 1362
287 1416 1406 1446 1432
288 3448 3454 3452 3451
289 6164 6163 6159 6165
290 6464 6462 6466 6470
291 4322 4316 4321 4325
292 4298 4285 4300 4288
293 1385 1378 1381 1380
294 657 666 649 671
295 3734 3735 3728 3731
296 1061 1049 1046 1063
297 1589 1596 1590 1624
298 2136 2133 2130 2131
299 9535 9530 9534 9528
300 6247 6430 6431 6428
301 3378 3388 3373 3400
302 11629 11621 11609 11623
303 9633 9637 9640 9639
304 3229 3228 3226 3222
305 6333 6332 6335 6266
306 8597 8599 8601 8600
307 3798 3793 3800 3886
308 6407 6399 6409 6414
309 9814 9802 9815 9812
310 3436 3441 3437 3434
311 8208 8260 8256 8254
312 1466 1463 1512 1493
313 5896 5883 5895 5882
314 8323 8324 8327 8322
315 1497 1351 1503 1350
316 5803 5809 5396 5801
317 700 613 694 693
318 1235 1242 1237 1239
319 213 215 197 207
320 9925 9928 9921 9926
321 1579 1568 1564 1569
322 8779 8782 8777 8778
323 3388 3373 3375 3377
324 8276 8377 8275 8274
325 9659 9497 9499 9580
326 1526 1635 1519 1525
327 9957 9961 9955 9971
328 1060 1003 1011 1058
329 387 397 385 379
330 1060 1058 1061 1056
331 618 611 699 419
332 6904 6816 6822 6814
333 6036 6034 6085 6032
334 2153 2146 2028 2027
335 8854 8860 8902 8916
336 4052 4050 4048 4053
337 3183 3245 3211 3241
338 8916 8915 8914 8917
339 2784 2779 2781 2788
340 77 81 66 64
341 8928 8936 8938 8930
342 8911 8898 8912 8908
343 7906 7903 7909 7890
344 5232 5197 11298 5226
345 2587 2588 2630 2589
346 121 107 170 123
347 4661 4662 4656 4655
348 9060 9079 9072 8952
349 9414 9346 9351 9344
350 6901 6913 6815 6906
351 1157 1160 1156 1163
352 223 230 229 221
353 9006 9010 9018 9009
354 9053 9067 9056 9049
355 6021 6025 6029 6030
356 6829 6913 6815 6901
357 9541 9549 9546 9540
358 9492 9665 9490 9494
359 10572 10426 10568 10425
360 7090 7026 7024 7022
361 7297 7294 7303 7296
362 8785 8786 8795 8781
363 7927 7996 7956 7928
364 8683 8684 8689 8690
365 3175 3181 3158 3182
366 6423 6424 6428 6426
367 1159 1162 1158 1161
368 465 1089 1086 1090
369 1786 1778 1782 1775
370 9789 9788 9791 9792
371 259 266 258 268
372 220 233 240 230
373 11438 11443 11440 11439
374 2914 2927 3738 2922
375 1633 1628 1627 1551
376 1194 1203 1208 1214
377 3508 3515 3510 3516
378 2171 2178 2179 2172
379 6074 6073 6080 6075
380 6846 6870 6843 6848
381 6017 6019 5970 6020
382 5888 5882 9541 9540
383 6206 6204 6209 6210
384 3440 3438 3439 3448
385 5413 5408 5414 5410
386 10444 10438 10447 10454
387 5350 5345 5346 5344
388 2058 2049 2044 2041
389 5071 5082 5086 5084
390 5402 5801 5384 5394
391 11429 11415 11437 11420
392 11143 11142 11146 11145
393 9452 9461 9457 9459
394 10627 10650 10647 10651
395 10452 10459 10454 10453
396 10446 10448 10444 10445
397 5422 5429 5424 5432
398 8021 8027 8022 8025
399 5424 5426 5434 5421
400 1879 1883 1873 1878
401 5035 5058 5063 5047
402 5321 5316 5330 5317
403 10453 10444 10463 10459
404 7666 7662 7752 7749
405 1844 1857 1863 1859
406 10652 10654 10627 10649
407 5042 5048 5044 5069
408 5044 5051 5053 5045
409 10646 10621 5457 5456
410 2793 2812 2770 2808
411 2649 2651 2656 2655
412 4730 5025 4735 4761
413 5531 5524 5526 5530
414 8139 8122 8136 8119
415 1877 1862 1871 1873
416 11327 11322 11331 11323
417 5299 11230 11236 11235
418 1859 1858 1863 1865
419 1865 1858 1863 1862
420 5017 5018 5032 5016
421 9684 9683 9688 9691
422 10656 10659 10668 10654
423 5279 5281 5282 5286
424 10453 10450 10454 10449
425 11465 11470 11475 11328
426 5359 5356 5355 5353
427 1864 1858 1865 1862
428 5269 5273 5265 5264
429 4947 4949 4942 4926
430 5410 5418 5412 5414
431 5291 5294 5290 5296
432 1964 1970 1962 1963
433 2103 2099 2095 2127
434 5043 5049 5050 5045
435 4408 4427 4407 4428
436 5036 5030 5034 5031
437 5035 5047 5063 5031
438 1846 1845 1852 1859
439 2206 2341 2347 2209
440 8180 8181 8109 8174
441 5096 5125 5095 5102
442 11315 11372 11312 11309
443 5581 5576 5582 5570
444 5517 5520 5521 5514
445 1858 1869 1859 1867
446 10577 10434 10572 10576
447 2363 2358 2356 2357
448 5718 5731 5726 5729
449 8173 8171 8150 8168
450 8082 8187 8118 8114
451 1834 1835 1845 1841
452 11429 11434 11432 11427
453 8676 8668 8399 8663
454 11113 11116 11203 11120
455 5316 5317 5321 5320
456 8590 8592 8583 8591
457 8114 8111 8117 8046
458 1827 1820 1826 1850
459 8824 8833 8804 8803
460 8776 8814 8763 8773
461 11197 11196 11375 11192
462 8111 8110 8117 8046
463 8708 8713 8709 8711
464 8074 8065 8069 8058
465 8231 8234 8236 8230
466 8746 8738 8742 8737
467 8268 8274 8372 8269
468 8403 8397 8407 8415
469 11115 11118 11121 11124
470 9757 9758 9752 9750
471 9689 9687 9692 9686
472 9647 9644 9651 9646
473 5227 5233 5225 5235
474 8100 8103 8107 8105
475 5274 5275 5276 5263
476 11238 11284 11247 11273
477 11286 11157 11141 11140
478 8113 8132 8057 8125
479 11113 11114 11112 11117
480 8109 8181 8175 8174
481 1521 1526 1555 1519
482 8659 8676 8669 8670
483 8046 8047 8036 8111
484 4298 4294 4300 4285
485 2994 3028 3037 3036
486 11145 11206 11126 11193
487 338 348 339 351
488 5410 5408 5414 5315
489 10105 10098 10101 10099
490 11167 11183 11168 11177
491 8308 8309 8306 8311
492 11166 11486 11482 10474
493 8061 8066 8033 8068
494 9791 9795 9796 9792
495 8100 8087 8103 8098
496 2583 2577 2584 2582
497 9807 9802 9813 9800
498 9845 9794 9839 9750
499 389 400 395 398
500 9419 9479 9420 9485
501 8359 8362 8366 8360
502 8725 8697 8724 8726
503 476 446 466 472
504 790 789 783 788
505 3995 3965 3991 3996
506 8066 8025 8033 8029
507 5448 5431 5437 5430
508 429 419 428 710
509 8122 8123 8127 8125
510 9748 9746 9754 9737
511 3854 3820 3848 3850
512 8080 8074 8079 8076
513 11347 11325 11324 11350
514 8667 8167 8662 8660
515 7853 7859 7854 7858
516 7013 7012 7014 7015
517 10127 10134 10126 10133
518 7649 7650 7643 7532
519 11161 11182 11162 11155
520 8667 8167 8400 8662
521 11414 11326 11412 11322
522 8062 8061 8064 8063
523 8687 8593 8688 8682
524 9797 9792 9747 9796
525 11464 11471 11468 11477
526 8120 8115 8116 8119
527 11413 11411 11419 11403
528 11184 11177 11168 11183
529 1880 1872 1881 1878
530 8086 8197 8089 8084
531 394 400 395 397
532 8081 8074 8080 8075
533 11328 11318 11475 11308
534 8061 8060 8024 8059
535 11473 11322 11414 11340
536 9695 9669 9676 9732
537 1954 1948 1953 1957
538 8077 8076 8080 8089
539 1954 1962 1969 1965
540 11411 11425 11403 11413
541 8077 8195 8080 8075
542 11433 11434 11429 11436
543 11178 11181 11155 11182
544 6060 6137 6061 6135
545 11411 11419 11412 11414
546 8593 8595 8682 8583
547 4933 4928 4929 4925
548 5528 5534 5527 5538
549 8742 8464 8744 8736
550 3342 3365 3343 3358
551 9703 9701 9696 9692
552 8095 8096 8103 8101
553 9419 9485 9420 9424
554 7306 7309 8747 8709
555 8722 8731 8728 8714
556 8714 8731 8719 8749
557 7308 7318 7322 7307
558 2669 2566 2670 2673
559 9435 9437 9459 9442
560 2125 2126 2119 2128
561 11018 11021 11020 11016
562 10139 10145 10138 10146
563 8390 8391 8672 8384
564 10399 10403 10409 10402
565 8663 8398 8399 8395
566 8887 8782 8878 8779
567 11235 11223 11219 11218
568 5478 5503 5481 5480
569 8724 8726 8728 8731
570 7323 7375 7380 7379
571 10570 10575 10568 10572
572 8189 8191 8198 8192
573 1677 1674 1680 1676
574 8114 8187 8118 8115
575 8162 8194 8163 8184
576 11264 10883 11259 5232
577 9915 9689 9905 9693
578 8690 8684 8700 8683
579 8725 8731 8722 8749
580 11401 11409 11410 11402
581 4475 4481 4473 4479
582 4730 4761 4735 4768
583 5433 5425 5427 5424
584 1858 1864 1869 1868
585 1809 1806 1455 1808
586 7530 7532 7643 7650
587 9847 9842 9839 9838
588 1775 1778 1782 1792
589 3989 3958 3979 3978
590 8393 8385 8384 8392
591 7414 7296 7302 8754
592 9441 9435 9442 9436
593 10991 10994 10992 10986
594 9923 9915 9916 9918
595 9842 9848 9840 9847
596 9751 9757 9752 9749
597 7324 7319 7327 7374
598 7391 7420 7385 7413
599 7333 7369 7331 7372
600 1529 1525 1538 1530
601 6366 6324 8628 6370
602 8661 8666 8663 8667
603 11474 11468 11469 11464
604 8025 8027 8026 8021
605 8737 8738 8742 8736
606 8664 8666 8659 8657
607 10463 10467 10466 10459
608 1071 1072 459 1086
609 9752 9751 9759 9757
610 9731 9729 9727 9723
611 9836 9850 9834 9825
612 9736 9709 9748 9713
613 8849 8840 8848 9449
614 7392 7391 7385 7382
615 8217 8186 8215 8224
616 8040 8027 8030 8020
617 7408 7296 7414 8461
618 1473 1471 1479 1477
619 968 971 969 965
620 10159 10158 10157 10140
621 9749 9757 9752 9750
622 2622 2612 2688 2620
623 8190 8188 8180 8196
624 11194 11208 11198 11215
625 11479 11480 11485 11484
626 8436 7393 7473 7480
627 7293 7297 7301 7402
628 11114 11074 11076 11113
629 11485 11479 11481 11480
630 8663 8668 8399 8398
631 11191 11204 11317 11311
632 10673 10617 10678 10671
633 10066 10056 10046 10047
634 7876 7887 8018 7849
635 5190 11278 11263 11283
636 10717 10719 10712 10713
637 2237 2245 2240 2234
638 4769 4745 4743 4747
639 5619 5534 5528 5538
640 5424 5426 5427 5433
641 10986 10984 10985 5229
642 5456 10621 10620 10646
643 11166 11171 11482 11486
644 7399 7425 7426 7431
645 11332 11323 11344 11325
646 9899 9900 9893 9894
647 7941 7949 7945 7943
648 11158 11142 11165 11146
649 7971 7967 7969 7970
650 8418 8414 8542 8538
651 5031 5047 5063 5055
652 1840 1849 1856 1843
653 11209 11170 11207 11168
654 10887 10885 10886 10889
655 1821 1820 1827 1850
656 2721 2704 2709 2705
657 11245 11236 11246 11219
658 10319 10320 10329 10328
659 4958 4957 5089 4953
660 5433 5426 5437 5431
661 10439 11181 10445 10448
662 10243 10246 10245 10244
663 5290 5308 5293 5294
664 2639 2644 2640 2648
665 10583 10580 10608 10581
666 2537 2538 2512 2518
667 5321 5327 5324 5325
668 10701 10709 10708 10707
669 4901 4906 4890 4895
670 10416 10417 10428 10411
671 7992 7976 7997 7942
672 10458 10451 10457 10454
673 2852 2837 2842 2843
674 1864 1899 1891 1879
675 4985 5090 4979 4978
676 4937 4927 4931 4915
677 4381 4380 4384 4385
678 2761 2755 2757 2754
679 5067 5059 4980 5066
680 10910 10860 10864 10863
681 2662 2663 2664 2668
682 4942 4941 4946 4947
683 5618 5567 5565 5566
684 5638 5637 5635 5632
685 2475 2474 2469 2471
686 5052 5055 5054 5047
687 5462 4620 4614 4621
688 5009 5035 5037 5005
689 5521 5476 5483 5474
690 4956 4967 4955 4981
691 5350 5351 5346 5345
692 4964 4968 4969 4970
693 5207 5286 5206 5284
694 5200 5199 5205 5204
695 2830 2831 2846 2822
696 4704 4706 4707 4709
697 10759 10753 10757 10751
698 10922 10903 10923 10919
699 4951 5087 4953 4952
700 1857 1862 1863 1858
701 8013 8001 8018 8017
702 5314 5278 5309 5307
703 5447 5437 5436 5446
704 5432 5425 5424 5422
705 1878 1883 1882 1879
706 5409 5418 5412 5410
707 8046 8111 8036 8114
708 5428 5429 5424 5423
709 10622 10626 10623 10620
710 10280 10290 10296 10291
711 7355 7372 7361 7356
712 11245 11238 11246 11236
713 11153 11159 10653 11220
714 2508 2510 2514 2516
715 4368 4373 4369 4367
716 9670 9669 9676 9695
717 8750 8747 8758 8757
718 11450 11442 11453 11455
719 10583 10608 10605 10609
720 11173 11211 11170 11481
721 10243 10253 10246 10252
722 9731 9722 9727 9726
723 4602 4590 4587 4586
724 4982 4978 4981 4987
725 4559 4488 4495 4489
726 4914 4912 4913 4916
727 5609 5608 5610 5603
728 4976 4970 4973 4966
729 4914 4912 4916 4943
730 11248 11254 11253 11246
731 2884 2891 2886 2882
732 5480 5474 5483 5472
733 1889 1908 2821 1895
734 7946 7963 7947 7951
735 7461 7457 7467 7460
736 5525 5518 5526 5532
737 2646 5508 2637 2639
738 2715 2716 2722 2640
739 1823 2877 1822 2872
740 2828 2829 2838 2823
741 11260 11263 11280 11278
742 2637 5506 5507 2639
743 4699 4693 4689 4679
744 4969 4968 4575 4576
745 2665 2653 2642 2639
746 5496 5475 5460 5492
747 2804 2812 2808 2815
748 10510 11093 11088 10512
749 2639 2653 2642 2644
750 2671 2667 2668 2666
751 7884 7880 7885 7886
752 5529 5535 5526 5518
753 4576 4581 4578 4577
754 2673 2561 2560 2566
755 5634 2186 5637 5623
756 10399 10402 10397 10403
757 11167 11171 11166 11176
758 2284 2277 2276 5559
759 10649 11217 11235 10656
760 1979 1830 1978 1823
761 2579 2576 2578 2581
762 10654 10664 10662 10668
763 5529 5518 5511 5536
764 4709 4708 4714 4715
765 10232 10308 10229 10306
766 7335 7327 7298 7320
767 10333 10332 10319 10320
768 10748 10747 10752 10758
769 7352 7447 7351 7455
770 11127 11136 10533 11135
771 5449 5454 5457 5439
772 10325 10320 10307 10318
773 10707 10680 10677 10689
774 10472 10474 10473 10465
775 10587 10583 10588 10581
776 10566 10567 10569 10571
777 10321 10556 10319 10240
778 2915 2953 2911 2954
779 8049 8047 8050 8053
780 10589 10228 10588 10590
781 10562 10559 10558 10542
782 10453 10459 10454 10444
783 10229 10672 10674 10679
784 10638 10654 10644 10627
785 8764 8770 8763 8765
786 8714 8713 8712 8716
787 8733 8706 8707 8698
788 8739 8734 8740 8749
789 8751 8749 8750 8753
790 5525 5518 5511 5526
791 2022 2017 2014 2015
792 10625 10624 10634 10633
793 2804 2776 2793 2808
794 8780 8783 8778 8790
795 10412 10417 10419 10418
796 7906 7913 7914 7911
797 9382 9391 9350 9384
798 7412 7396 7406 7405
799 9889 8762 9896 8767
800 9677 9670 9676 9695
801 9671 8839 8844 8829
802 9842 9848 9850 9843
803 8849 8844 8846 8845
804 8866 8852 8873 8858
805 7990 7989 8009 8008
806 9732 9434 9441 9436
807 10100 10104 10107 10106
808 10413 10414 10419 10412
809 7311 7314 7325 7315
810 7311 7326 7325 7322
811 8589 8657 8108 8584
812 8384 8670 8672 8390
813 9229 9228 9227 9238
814 7333 7375 7381 7335
815 8465 8461 8471 8470
816 65 596 64 68
817 8848 8849 8846 8845
818 9486 9423 9484 9485
819 7898 7889 7896 7890
820 7857 7851 7853 7856
821 176 179 171 172
822 8928 8993 8992 8931
823 5709 5707 5711 5706
824 10257 10259 10254 10255
825 4719 4724 4725 4691
826 899 1159 1171 1162
827 8944 9061 9054 9051
828 7907 7890 7908 7909
829 2776 2812 2808 2804
830 10243 10228 10233 10242
831 7776 7759 7769 7768
832 7851 7849 7850 7855
833 7363 7361 7970 7362
834 10420 10417 10421 10429
835 2622 2620 2688 2378
836 10318 10320 10316 10311
837 2815 2804 2793 2808
838 7974 7973 7980 7972
839 7850 7852 7856 7936
840 2759 2843 2760 2758
841 10345 10334 10330 10318
842 2429 2432 2258 2255
843 4719 4658 4652 4721
844 8003 8001 8004 8002
845 7850 7849 8004 7855
846 2907 2897 2900 2728
847 5485 5486 4677 5489
848 10573 10574 10283 10571
849 10263 10278 10266 10260
850 10595 10631 10630 10594
851 10243 10242 10249 10241
852 10631 10628 10630 10594
853 5512 5474 5517 5473
854 10625 10621 10620 10626
855 10411 10417 10415 10416
856 6334 6337 6331 6335
857 10330 10318 10351 10345
858 10251 10238 10249 10253
859 7997 7991 7995 7999
860 10221 10227 10222 10226
861 10553 10561 10555 10556
862 10293 10297 10292 10294
863 10674 10590 10228 10230
864 10234 10231 10233 10239
865 7991 7998 7995 7999
866 10277 10270 10335 10275
867 10674 10229 10228 10590
868 4716 4719 4717 4718
869 7372 7378 7331 7333
870 10270 10275 10277 10273
871 10343 10275 10341 10338
872 10332 10320 10333 10334
873 2790 2785 2602 2607
874 5547 5540 5544 5548
875 7867 7859 7863 7873
876 4729 4726 4728 4725
877 10789 10790 10797 10794
878 2861 2866 2862 2867
879 4677 4692 4681 5486
880 7949 7942 7945 7960
881 2756 2740 2744 2761
882 5465 5459 5462 5466
883 10293 10297 10571 10292
884 2905 2853 2899 2897
885 2673 2566 2670 2674
886 11162 11161 11155 11153
887 2794 2798 2795 2796
888 2389 2372 2367 2635
889 2486 2491 2483 2485
890 2680 2697 2700 2681
891 10242 10228 10588 10589
892 2220 2216 2239 2222
893 10540 10547 10546 10552
894 7417 7410 7418 7412
895 2657 2661 2575 2658
896 2598 2586 2552 2603
897 10454 10459 10447 10444
898 2589 2616 2630 2587
899 8004 8001 8018 7849
900 10521 10517 10514 10515
901 7375 7376 7361 7377
902 4383 4379 4384 4380
903 2557 2551 2556 2552
904 11239 11223 11246 11236
905 10260 10269 10276 10273
906 7347 7353 7351 7344
907 4672 4658 4664 4657
908 2649 2642 2662 2653
909 4556 4589 4555 4587
910 10236 10237 10312 10319
911 5547 2183 5634 5541
912 2578 2771 2732 2571
913 9169 9163 9194 9162
914 11242 11223 11253 11246
915 2616 2611 2614 2613
916 10335 10270 10274 10275
917 2705 2712 2709 2703
918 10503 10506 10504 10501
919 2757 2755 2733 2728
920 10311 10309 10316 10317
921 10742 10741 10743 10746
922 10613 10612 10671 10617
923 7413 7412 7418 7410
924 7761 7765 7759 7758
925 4976 4962 4963 4966
926 7354 7353 7350 7351
927 8753 8749 8740 8734
928 7360 7357 7367 7349
929 1234 1228 1243 1239
930 8757 8716 8752 8713
931 7333 7335 7381 7342
932 7375 7322 7323 7324
933 2616 2611 2612 2614
934 7324 7322 7327 7319
935 952 948 957 951
936 7347 7357 7349 7344
937 7425 7398 7339 7407
938 7321 7295 7330 7329
939 2512 2510 2516 2517
940 7298 7300 7336 7292
941 2622 2392 2399 2378
942 5459 5487 5494 5492
943 2863 2869 2870 2874
944 2850 2841 2838 2839
945 8529 8537 8503 8521
946 1193 1188 1192 1185
947 8533 8531 8516 8527
948 7544 7547 7538 7546
949 1617 1572 1616 1575
950 7690 7692 7688 7691
951 9175 9177 9178 9179
952 8839 9434 8849 8829
953 998 994 990 991
954 1045 1061 1059 1057
955 9688 9828 9693 9827
956 8840 9726 9727 8839
957 9696 9695 9677 9702
958 9756 9748 9751 9712
959 9756 9712 9751 9730
960 9749 9748 9751 9756
961 7960 7996 7927 7997
962 7940 7949 7352 7939
963 9723 9730 9727 9728
964 9396 9395 9403 9401
965 8699 8690 8701 8693
966 7350 7450 7422 7354
967 7372 7378 7333 7375
968 11092 11098 11097 11090
969 7733 7602 7597 7599
970 10413 10412 10419 10418
971 10627 10652 10638 10654
972 5574 5573 5575 5551
973 11254 11250 11255 11249
974 1873 1862 1871 1858
975 7083 6976 6978 6979
976 7960 7942 7945 7952
977 10708 10701 10705 10709
978 8780 9033 9032 9049
979 10538 11127 10533 10528
980 2889 2894 2536 2887
981 9858 8791 9038 9034
982 5659 5674 5673 5656
983 2734 2757 2733 2728
984 10543 10427 10541 10542
985 10669 10739 11253 10736
986 4491 4492 4484 4485
987 5002 4913 4491 4483
988 7348 7353 7352 7347
989 9699 9698 9704 9705
990 7336 7333 7342 7335
991 11224 10656 10657 11220
992 2392 2390 2396 2393
993 10219 10221 10222 10226
994 8390 8392 8384 8383
995 10346 10360 10356 10348
996 10411 10417 10419 10412
997 7359 7358 7361 7356
998 4095 4117 4112 4094
999 2201 2213 2214 2205
1000 2461 2455 2471 2476
1001 4616 4622 4614 4613
1002 4560 4574 4563 4561
1003 5640 5605 5591 5594
1004 2651 2657 2660 2659
1005 1976 1978 1823 1979
1006 5600 5787 5796 5789
1007 2305 2311 2302 2353
1008 4484 4482 4490 4483
1009 4470 4477 4469 4476
1010 2671 2667 2672 2668
1011 2803 2811 2801 2796
1012 10739 10736 10738 10744
1013 4551 4554 4489 4559
1014 2552 2586 2615 2603
1015 2508 2881 2875 2534
1016 4986 4987 4981 4978
1017 5001 5002 4483 4993
1018 10563 10559 10565 10554
1019 4535 4489 4495 4474
1020 2213 2200 2208 2207
1021 4617 4624 4615 4623
1022 5190 11283 11263 11264
1023 4587 4589 4555 4586
1024 2601 2607 2608 2602
1025 4492 4487 4484 4485
1026 4920 4917 4923 4921
1027 5566 5564 5565 5563
1028 10662 10654 10668 10667
1029 4980 5067 5004 5059
1030 4584 4486 4585 4580
1031 3302 3308 3280 3303
1032 10435 10579 10572 10578
1033 2690 2694 2676 2712
1034 4462 4464 4463 4468
1035 2248 2231 2270 2264
1036 4462 4468 4509 4464
1037 10852 10851 10848 10808
1038 2345 2337 2339 2346
1039 4391 4373 4383 4382
1040 5566 5563 5565 5618
1041 4380 4426 4381 4419
1042 2625 2631 2622 2630
1043 5636 5562 5574 5573
1044 4902 4907 4910 4901
1045 4428 4427 4885 4424
1046 1977 1821 1827 1851
1047 4457 4917 4923 4920
1048 2887 2894 2536 2892
1049 5608 5603 5593 5610
1050 11015 11017 11019 11020
1051 10711 10717 10713 10718
1052 7393 8435 8436 7384
1053 4540 4627 4636 4631
1054 4429 4426 4385 4430
1055 11145 11151 11146 11143
1056 7960 7996 7956 7927
1057 5260 5259 5258 5262
1058 5238 5233 5239 5196
1059 8738 8453 8742 8464
1060 7467 7468 7465 7464
1061 2229 2222 2239 2235
1062 10389 10391 10371 10387
1063 4423 4381 4422 4395
1064 4473 4478 4480 4471
1065 10767 10765 10766 10492
1066 4512 4522 4543 4497
1067 11041 11034 11381 11388
1068 7293 7300 7301 7292
1069 10692 10385 10697 10390
1070 4431 4460 4467 4458
1071 8246 8240 8247 8241
1072 7554 7550 7556 7441
1073 7744 7736 7742 7740
1074 10710 10717 10758 10716
1075 10018 10017 9995 10011
1076 10863 10860 10905 10910
1077 7769 7759 7778 7761
1078 9874 9868 9872 9856
1079 10972 10979 10974 10971
1080 7544 7388 7383 7541
1081 7457 7461 7451 7460
1082 2395 2394 2398 2524
1083 8465 8468 8471 8467
1084 10013 9869 10015 10009
1085 7416 8460 7419 8463
1086 7396 7413 7406 7397
1087 8523 8521 8525 8524
1088 2914 2915 2922 3738
1089 4599 4606 4496 4539
1090 11128 11138 11135 11137
1091 10882 5250 5245 10889
1092 8790 8797 9032 8780
1093 7463 7681 7462 7682
1094 10765 10962 10769 11078
1095 8252 8531 8527 8517
1096 9204 9208 9210 9192
1097 7392 7386 7383 7382
1098 9923 9903 9920 9910
1099 7835 7717 7829 7718
1100 10748 10747 10716 10749
1101 7561 7390 7544 7388
1102 9086 9085 9094 9247
1103 98 92 94 116
1104 7589 7581 7588 7585
1105 7923 7917 7906 7915
1106 2847 2822 2846 2831
1107 7432 7429 7426 7430
1108 3614 3618 3387 3619
1109 9845 9838 9839 9794
1110 4510 4522 4509 4542
1111 9204 9206 9210 9205
1112 10385 10390 10371 10697
1113 9977 9935 9969 9864
1114 10759 10754 10859 10755
1115 2236 2234 2239 2233
1116 10391 10373 10375 10371
1117 10724 10725 10723 10726
1118 7660 7662 7664 7665
1119 7777 7781 7775 7780
1120 7777 7780 7775 7771
1121 3244 3246 3272 3265
1122 7750 7662 7666 7749
1123 10352 10357 10353 10350
1124 9675 9677 9674 9679
1125 9939 9933 9975 9935
1126 9863 9934 9878 9881
1127 8460 8445 8435 8457
1128 7830 7820 7819 7818
1129 7589 7581 7573 7588
1130 938 943 942 1252
1131 9874 9882 9886 9870
1132 7759 7757 7771 7761
1133 10156 10139 10137 10138
1134 9217 9215 9218 9219
1135 567 570 565 568
1136 7458 7450 7453 7456
1137 8790 8796 8791 8797
1138 11354 11382 11359 11367
1139 5596 5608 5593 5610
1140 7755 7749 7779 7777
1141 8001 7849 8004 7850
1142 9877 9892 9901 9909
1143 7830 7834 7824 7829
1144 9851 9852 9858 8791
1145 7750 7751 7756 7788
1146 9986 9988 9982 9987
1147 9851 9900 9857 9894
1148 9897 9895 9890 9896
1149 9218 9221 9224 9222
1150 7787 7795 7784 7794
1151 9293 9292 9296 9268
1152 9218 9252 9259 9213
1153 8003 7998 7999 8000
1154 9868 9874 9875 9866
1155 4349 4360 4365 4362
1156 7840 7839 7838 7842
1157 7944 7681 7449 7951
1158 7945 7961 7953 7946
1159 9856 9855 9860 9862
1160 8876 8772 8777 8874
1161 7682 7691 7686 7683
1162 11172 11171 11169 11167
1163 11155 11153 11156 11162
1164 10808 10804 10806 10807
1165 2583 2577 2579 2584
1166 10525 10518 10526 10516
1167 2402 2403 2406 2407
1168 2247 2418 2232 2243
1169 10331 10320 10326 10318
1170 2595 2597 2634 2593
1171 4443 4518 4446 4444
1172 2395 2401 2398 2394
1173 2616 2617 2625 2587
1174 7471 7469 7470 7462
1175 2363 2358 2362 2351
1176 2687 2237 2686 2685
1177 2661 2658 2692 2698
1178 2528 2531 2530 2522
1179 10793 10790 10792 10794
1180 10391 10393 10392 10318
1181 4468 4460 4467 4431
1182 8326 8322 8325 8318
1183 9407 9411 9420 9485
1184 7716 7833 7826 7725
1185 5401 5400 4407 4410
1186 4367 4373 4379 4376
1187 4636 4594 4635 4627
1188 2605 2607 2599 2781
1189 10393 10381 10394 10391
1190 9834 9837 9836 9830
1191 6070 6072 6078 6062
1192 4547 4540 4544 4545
1193 4540 4539 4609 4599
1194 4546 4541 4545 4540
1195 4555 4589 4553 4588
1196 2453 2432 2433 2443
1197 4396 4403 4398 4402
1198 2211 2210 2219 2215
1199 4385 4386 4398 4387
1200 5271 5273 5267 5268
1201 10324 10331 10329 10320
1202 10675 10671 10672 10678
1203 4546 4539 4544 4497
1204 10387 10386 10389 10391
1205 2595 2593 2634 2630
1206 8769 8770 8763 8764
1207 2409 2412 2407 2410
1208 2366 2372 2374 2368
1209 8967 8978 8968 9072
1210 2788 2779 2781 2787
1211 2601 2780 2781 2784
1212 2401 2395 2424 2380
1213 2380 2418 2243 2246
1214 2461 2474 2471 2470
1215 7439 7466 7445 7437
1216 4437 4438 4426 4442
1217 10735 10734 10731 10732
1218 2378 2621 2376 2381
1219 10351 10346 10352 10345
1220 2540 2538 2543 2528
1221 5388 5390 5381 5391
1222 2200 2190 2207 2212
1223 2883 2534 2535 2876
1224 4636 4540 4541 4627
1225 4506 4606 4503 4501
1226 2724 2191 2719 2182
1227 10722 10728 10731 10735
1228 9699 9698 9705 9700
1229 10786 10832 10788 10831
1230 10790 10961 10797 10794
1231 5801 5800 5808 5806
1232 2228 2263 2260 2264
1233 2372 2635 2389 2364
1234 2458 2462 2463 2455
1235 10889 10866 10871 10887
1236 2540 2539 2543 2537
1237 2419 2247 2251 2417
1238 4830 4833 4827 4832
1239 10940 10929 10939 10836
1240 10776 10783 10775 10782
1241 4375 4514 4520 4518
1242 4789 4815 4809 4810
1243 4194 3855 4184 3857
1244 10975 10976 10967 10957
1245 2218 2216 2220 2222
1246 10783 10786 10779 10780
1247 7824 7834 7827 7829
1248 4429 4426 4408 4427
1249 4425 4422 4381 4419
1250 2476 2456 2472 2457
1251 2294 2295 2293 2290
1252 11263 11278 11282 11283
1253 2328 2343 2325 2211
1254 8589 8659 8664 8658
1255 2329 2334 2331 2322
1256 10009 9869 10015 9867
1257 7934 7962 7935 7931
1258 10885 10889 10882 10888
1259 2398 2394 2397 2524
1260 4369 4373 4379 4367
1261 2588 2589 2595 2630
1262 2599 2601 2608 2603
1263 4402 4386 4398 4381
1264 4496 4606 4600 4604
1265 7909 7890 7908 7906
1266 8884 8880 8882 8875
1267 10808 10802 10805 10804
1268 7669 7598 7668 7672
1269 7672 7735 7677 7669
1270 2407 2420 2408 2256
1271 10920 10929 10926 10827
1272 7640 7637 7635 7639
1273 10842 10845 10844 10848
1274 9867 9869 10015 9875
1275 2374 2452 2451 2369
1276 10830 10837 10828 10835
1277 2630 2631 2634 2627
1278 11357 11355 11354 11382
1279 5098 5105 5104 5100
1280 7706 7717 7716 7709
1281 2635 2628 2389 2364
1282 7801 7807 7800 7798
1283 8358 8357 8364 8273
1284 8414 8420 8538 8418
1285 7775 7780 7778 7771
1286 7709 7701 7707 7708
1287 7628 7621 7627 7642
1288 7814 7810 7815 7818
1289 9693 9915 9923 9905
1290 10024 10025 9981 9980
1291 9986 9980 9982 10025
1292 7805 7789 7804 7799
1293 9930 9938 9878 9934
1294 10979 10981 10974 10980
1295 7687 7691 7692 7470
1296 7704 7699 7693 7703
1297 8296 8319 8365 8303
1298 9828 9826 9827 9684
1299 11069 11548 11554 11550
1300 10830 10929 10836 10835
1301 10728 10726 10725 10727
1302 10830 10835 10836 10838
1303 7623 7620 7621 7624
1304 10887 10890 10871 10889
1305 7606 7614 7610 7613
1306 9986 9987 9982 9980
1307 7515 7531 7516 7519
1308 7617 7609 7621 7640
1309 7567 7566 7568 7570
1310 7812 7816 7809 7800
1311 10831 10830 10904 10786
1312 7694 7740 7741 7703
1313 10832 10837 10831 10830
1314 9944 9942 9950 9941
1315 10876 10877 10907 10908
1316 8486 8500 8505 8502
1317 5262 5257 5256 5258
1318 9266 9258 9268 9269
1319 7646 7635 7647 7651
1320 9814 9812 9817 9813
1321 10120 10112 10114 10075
1322 10831 10829 10786 10827
1323 10190 10192 10196 10191
1324 7438 7566 7569 7439
1325 7801 7798 7800 7797
1326 7800 7816 7809 7813
1327 7822 7812 7809 7800
1328 11113 11086 11087 11130
1329 7606 7609 7610 7614
1330 7602 7609 7610 7605
1331 59 61 52 48
1332 7640 7600 7617 7609
1333 7717 7829 7827 7826
1334 7671 7679 7675 7676
1335 10979 10978 10975 10964
1336 11134 11113 11087 11130
1337 11247 11254 11246 11243
1338 10129 10136 10127 10131
1339 10973 11028 10974 10970
1340 11191 11204 11212 11317
1341 8349 8348 8353 8352
1342 10379 10391 10381 10371
1343 7822 7823 7809 7812
1344 7637 7588 7617 7640
1345 7812 7823 7809 7830
1346 7741 7734 7738 7739
1347 8425 8432 8426 8423
1348 7484 7485 7475 7489
1349 7383 7544 7538 7546
1350 7548 7542 7539 7543
1351 7553 7557 7564 7551
1352 10886 10857 10870 10888
1353 9816 9814 9822 9841
1354 7643 7650 7644 7530
1355 2188 2191 2192 2184
1356 10855 10857 10862 10858
1357 10974 10981 10948 10980
1358 10956 10963 10769 10789
1359 4369 4368 4372 4373
1360 5690 5693 5692 5705
1361 7445 7467 7444 7466
1362 10754 10854 10859 10855
1363 2495 2080 2087 2088
1364 7578 7582 7586 7580
1365 11244 11254 11255 11247
1366 10886 10890 10871 10887
1367 7611 7614 7628 7612
1368 10980 10981 10967 10979
1369 2407 2420 2256 2257
1370 5235 5262 5242 5240
1371 2395 2394 2380 2401
1372 8548 8550 8540 8549
1373 10848 10785 10829 10827
1374 10775 10792 10791 10799
1375 7554 7441 7556 7561
1376 11091 11092 11082 11079
1377 2378 2387 2379 2400
1378 8495 8494 8496 7488
1379 5278 5277 5307 5314
1380 4841 4835 4838 4839
1381 1850 1849 1856 1851
1382 2188 2719 2727 2191
1383 8564 8560 8262 8553
1384 2320 2312 2318 2313
1385 9159 9165 9126 9130
1386 10792 10794 10799 10783
1387 2393 2391 2396 2397
1388 4474 4536 4475 4479
1389 10808 10813 10848 10852
1390 10845 10843 10848 10842
1391 2306 5374 2308 2309
1392 2360 2358 2351 2359
1393 2345 2197 2339 2195
1394 2462 2526 2458 2527
1395 5801 5803 5808 5800
1396 11098 11092 11089 11090
1397 2338 2340 2352 5559
1398 4416 4411 4417 4408
1399 2339 2337 2340 2346
1400 2462 2455 2458 2526
1401 5354 5356 5359 5353
1402 4406 4427 4407 4408
1403 2303 2311 2302 2301
1404 4882 4904 4873 4874
1405 4813 4801 4812 4799
1406 11100 11034 11103 11042
1407 8319 8318 8326 8303
1408 5238 5196 5232 5233
1409 11017 11118 11114 11115
1410 4803 4838 4798 4799
1411 4731 5014 4739 4736
1412 5264 5267 5182 5269
1413 4420 4418 4425 4424
1414 8002 7998 7999 8003
1415 2419 2432 2422 2420
1416 7687 7691 7470 7682
1417 10973 10970 10969 11027
1418 5151 5157 5160 5167
1419 11249 11255 11251 11252
1420 3080 3083 3089 3082
1421 10920 10903 10926 10922
1422 10898 10903 10902 10897
1423 5235 5262 5263 5242
1424 10784 10788 10783 10795
1425 10957 10964 10967 10975
1426 5240 5248 5239 5260
1427 7635 7629 7631 7633
1428 8371 8377 8372 8370
1429 8342 8337 8339 8354
1430 1949 1948 1957 1951
1431 10971 10979 10974 10980
1432 5262 5260 5235 5239
1433 10924 10922 10926 10923
1434 7693 7697 7695 7704
1435 7623 7617 7621 7619
1436 2279 2301 2281 2305
1437 2257 2403 2256 2407
1438 11130 11116 11150 11193
1439 4908 4906 4899 4901
1440 8075 8074 8080 8077
1441 5239 5233 5257 5196
1442 11083 10975 10969 10978
1443 1838 1849 1840 1834
1444 8362 8374 8376 8360
1445 7556 7550 7443 7441
1446 2557 2738 2551 2739
1447 5637 5629 5635 5628
1448 5277 5349 5307 5314
1449 5288 5185 5210 11278
1450 8501 8541 8506 8528
1451 5148 5154 5147 5149
1452 2333 2336 2332 2269
1453 4794 4784 4773 4792
1454 1911 1917 1968 1915
1455 1976 1821 1823 1978
1456 4817 4820 4815 4818
1457 8514 8515 8503 8490
1458 5137 5146 5142 5147
1459 1945 1947 1933 1944
1460 1043 1045 1044 1046
1461 3759 3744 3752 3755
1462 8257 8253 8286 8211
1463 8241 8259 8248 8263
1464 4812 4815 4809 4816
1465 4092 4017 4087 4037
1466 5355 5359 5342 5357
1467 4774 4769 4747 4745
1468 5105 5101 5098 5099
1469 5180 5156 5158 5159
1470 8672 8738 8746 8737
1471 11394 11395 11392 11391
1472 11023 11021 11022 11003
1473 5321 5317 5330 5319
1474 10949 10952 11055 10944
1475 5156 5144 5145 5153
1476 5182 5184 5181 5183
1477 7392 7382 7385 7386
1478 8526 8553 8564 8258
1479 1939 1927 1923 1936
1480 4854 4840 4839 4841
1481 4803 4835 4838 4841
1482 8426 8437 8430 8425
1483 11562 11566 11567 11559
1484 10101 10119 10112 10113
1485 5182 5183 5181 5171
1486 8269 8277 8270 8268
1487 10974 10971 11006 10972
1488 11070 11067 11054 11066
1489 5018 5024 5016 5017
1490 501 496 495 502
1491 11009 11015 11302 11019
1492 5018 5019 5025 5017
1493 5166 5101 5161 5168
1494 5099 5166 5105 5101
1495 5566 5564 5581 5565
1496 5113 5116 5114 5147
1497 10075 10112 10117 10122
1498 1931 2046 1917 1926
1499 11387 11364 11575 11570
1500 1827 1850 1856 1851
1501 5797 5788 5810 5804
1502 11235 11223 11218 10656
1503 5249 5251 5240 5248
1504 4812 4815 4804 4801
1505 4626 4633 5784 5603
1506 1895 2858 2821 1889
1507 8241 8246 8249 8247
1508 10177 10056 10203 10202
1509 3790 3723 3789 3726
1510 4810 4815 4809 4813
1511 4767 4744 4759 4766
1512 7525 7524 7644 7530
1513 9600 9594 9599 9598
1514 4317 4208 4204 4315
1515 11128 11137 11131 11138
1516 5012 5005 5006 5008
1517 5114 5116 5110 5112
1518 5008 5007 4945 5012
1519 1988 1990 1987 1840
1520 4738 4734 4733 4732
1521 5356 5357 5364 5359
1522 8150 8157 8159 8149
1523 4943 4927 4942 4949
1524 2510 2507 2514 2509
1525 5364 5356 5095 5357
1526 11326 11331 11470 11328
1527 5105 5100 5098 5101
1528 10041 10034 10033 10039
1529 10807 10812 10808 10809
1530 1820 1819 1826 1818
1531 11273 11271 11277 11272
1532 11284 11273 11289 11247
1533 11487 11462 11454 11482
1534 2290 2296 2294 2295
1535 2190 2706 2710 2704
1536 4908 4903 4900 4909
1537 2713 2705 2710 2706
1538 4897 4894 4888 4895
1539 10986 10989 5227 5231
1540 4919 4915 4917 4914
1541 4963 4967 4976 4966
1542 2354 2305 2356 2309
1543 2302 2305 2281 2301
1544 5198 5102 5095 5367
1545 4812 4801 4798 4799
1546 4823 4821 4828 4740
1547 2393 2390 2396 2391
1548 10511 10510 10513 10497
1549 4821 4928 4739 5014
1550 4998 4940 4939 4946
1551 2290 2289 2294 2291
1552 11275 11278 11277 11280
1553 5279 5278 5282 5281
1554 5570 5575 5583 5571
1555 5368 5372 5370 5374
1556 4832 4827 4826 4847
1557 2042 2048 1926 2040
1558 11118 11119 11115 11018
1559 9594 9591 9598 9611
1560 2505 2532 2529 2521
1561 5247 10880 10882 5241
1562 5307 5313 5309 5314
1563 11025 11030 11024 11032
1564 9691 9683 9688 9686
1565 8298 8291 8305 8299
1566 7630 7629 7572 7636
1567 2193 2704 2710 2727
1568 8396 8410 8402 8404
1569 4824 4733 4823 4741
1570 11347 11356 11354 11360
1571 10132 9905 9693 9923
1572 11006 11007 11002 11033
1573 1289 1296 1287 1295
1574 5239 5233 5235 5262
1575 10976 10970 10975 10979
1576 10957 10963 10956 10789
1577 11078 11091 11082 11079
1578 11083 11084 11075 11079
1579 10968 10979 10966 10967
1580 10753 10758 10752 10710
1581 11143 11151 11146 11140
1582 11158 11142 11146 11143
1583 11156 11182 11165 11164
1584 11212 11204 11207 11211
1585 625 615 617 629
1586 8116 8142 8109 8121
1587 11195 11116 11199 11193
1588 11321 11323 11329 11325
1589 10084 10092 10083 10085
1590 11221 11160 11227 11154
1591 5344 5349 5277 5350
1592 11273 5302 11271 5301
1593 11232 11238 11273 5301
1594 11115 11075 11077 11114
1595 5294 5297 5291 5309
1596 11354 11353 11390 11355
1597 11140 11157 11141 11158
1598 11350 11346 11347 11355
1599 8395 8383 8404 8399
1600 8139 8119 8116 8112
1601 7303 7299 7302 7294
1602 10503 10504 10509 10520
1603 10883 10885 5247 10881
1604 10106 10039 10038 10033
1605 2474 2504 2468 2506
1606 8535 8537 8529 8521
1607 7665 7660 7661 7664
1608 10169 10172 10175 10167
1609 10137 10125 9916 9924
1610 8457 8445 8435 8439
1611 10162 10154 10157 10161
1612 7403 7395 7405 7396
1613 11045 11035 11038 11039
1614 8423 8432 8426 8424
1615 8738 8464 8742 8736
1616 5142 5134 5138 5137
1617 10139 10146 10138 10140
1618 8172 8165 8169 8166
1619 6217 6212 6213 6214
1620 8736 8734 8741 8737
1621 7451 7457 7452 7461
1622 10125 10145 10137 10139
1623 10179 10185 10181 10187
1624 9835 9830 9829 10151
1625 8131 8143 8141 8136
1626 9828 9684 9827 9688
1627 10135 10130 10127 10136
1628 7508 7505 7506 7488
1629 11102 11040 11110 11118
1630 11351 11325 11347 11333
1631 11566 11561 11564 11393
1632 9843 9834 9850 9825
1633 8146 8137 8293 8306
1634 3651 3657 3809 3652
1635 8546 8424 8538 8540
1636 11106 11201 11099 11195
1637 8174 8188 8109 8180
1638 8120 8188 8116 8115
1639 10737 11248 11253 10665
1640 11391 11390 11392 11394
1641 8298 8214 8304 8291
1642 11354 11353 11359 11390
1643 7503 7519 7512 7513
1644 11099 11201 11192 11195
1645 10473 10467 10470 10465
1646 11373 11374 11384 11380
1647 10109 10103 10101 10100
1648 8115 8112 8116 8119
1649 9921 9920 9927 9925
1650 9202 9199 9201 9208
1651 8206 8204 8211 8202
1652 9736 9713 9748 9737
1653 10105 10107 10101 10100
1654 10041 10034 10043 10036
1655 8365 8319 8344 8351
1656 10105 10100 10101 10098
1657 11375 11380 11373 11379
1658 11003 10990 11012 10995
1659 8500 8474 8483 8504
1660 11017 11117 11112 11114
1661 5100 5101 5106 5212
1662 7390 7382 7388 7387
1663 7434 7427 7442 7440
1664 8428 8423 8420 8424
1665 11318 11472 11475 11308
1666 11226 11285 11247 11222
1667 8167 8165 8172 8662
1668 10128 10134 10126 10129
1669 8669 8680 8672 8670
1670 11179 11180 11168 11184
1671 5895 5893 5898 5896
1672 8662 8165 8172 8166
1673 10704 10700 10708 10678
1674 8143 8140 8136 8139
1675 8449 8454 8447 8450
1676 8445 7419 8460 8435
1677 4732 4768 4730 4737
1678 947 948 956 953
1679 8416 8410 8415 8409
1680 9943 9950 9949 9941
1681 10996 10984 10997 10987
1682 5274 5263 5276 5228
1683 8135 8142 8145 8147
1684 11297 11305 11008 11303
1685 8349 8348 8352 8344
1686 7530 7532 7527 7524
1687 978 961 982 983
1688 3654 3667 3670 3669
1689 10204 10214 10209 10213
1690 7506 7505 7507 7488
1691 11572 11571 11577 11579
1692 8365 8367 8361 8299
1693 7736 7672 7737 7678
1694 5153 5144 5158 5156
1695 5154 5156 5158 5144
1696 1547 1545 1582 1572
1697 11119 11027 11023 11029
1698 1920 1913 1911 1919
1699 1916 1913 1911 1917
1700 8365 8296 8361 8359
1701 8218 8228 8230 8233
1702 10986 10989 10983 5227
1703 10110 10100 10101 10107
1704 10035 9820 10040 9819
1705 3684 4277 4282 4275
1706 1640 1760 1755 1665
1707 8252 8259 8527 8264
1708 10105 10116 10101 10107
1709 1722 1723 1716 1714
1710 8211 8236 8206 8202
1711 1841 1846 1835 1845
1712 11435 11433 11428 11436
1713 5033 5018 5032 5017
1714 8259 8263 8261 8258
1715 8558 8207 8209 8158
1716 11374 11392 11385 11388
1717 5043 5045 5050 5047
1718 1834 1838 1831 1832
1719 8311 8314 8325 8307
1720 6437 6436 6435 6441
1721 8271 8272 8270 8277
1722 11473 11419 11466 11422
1723 8239 8287 8242 8285
1724 11075 11081 11077 11074
1725 10117 10075 10086 10080
1726 8229 8234 8237 8231
1727 8377 8375 8376 8374
1728 10118 10116 10123 10117
1729 9944 9942 9946 9952
1730 6533 6536 6472 6483
1731 8475 8550 8540 8434
1732 8303 8299 8365 8296
1733 8336 8334 8345 8360
1734 10971 10970 10974 11028
1735 10208 10158 10202 10209
1736 1514 1507 1510 1509
1737 10162 10154 10155 10158
1738 8546 8540 8539 8547
1739 10117 10118 10093 10123
1740 10161 10153 10151 10160
1741 10181 10185 10178 10215
1742 10148 10130 10131 10142
1743 10170 10171 10164 10163
1744 8424 8432 8426 8434
1745 7522 7523 7509 7494
1746 8540 8550 8541 8549
1747 4336 4321 4327 4332
1748 7702 7700 7695 7704
1749 7628 7614 7627 7621
1750 10164 10177 10182 10187
1751 10858 10865 10864 10863
1752 10022 10024 10012 10028
1753 11119 11124 11110 11118
1754 9908 9920 9911 9927
1755 8490 8494 8503 8489
1756 8528 8535 8529 8526
1757 10163 10171 10166 10165
1758 7575 7567 7574 7565
1759 7493 7492 7497 7488
1760 8297 8213 8145 8223
1761 10970 11027 10973 11028
1762 10951 11028 10973 11027
1763 7636 7640 7573 7630
1764 11027 10969 10945 11115
1765 10159 10213 10209 10140
1766 7482 7386 7476 7546
1767 8256 8258 8261 8260
1768 7473 7480 7474 7478
1769 7474 7482 7476 7483
1770 11086 11074 11076 11097
1771 8529 8521 8503 8514
1772 102 110 103 108
1773 9532 9544 9543 9549
1774 477 532 522 524
1775 10045 10036 10046 10037
1776 9944 9952 9946 9953
1777 10187 10214 10170 10177
1778 1054 1066 1009 1062
1779 5778 5774 5773 5694
1780 10169 9199 9200 10168
1781 9806 9846 9840 9808
1782 35 27 34 31
1783 4351 4358 4352 4366
1784 9446 9437 9463 9438
1785 1073 1087 1081 1083
1786 492 477 491 487
1787 6159 6150 6162 6163
1788 443 450 452 444
1789 978 979 983 981
1790 2924 2927 2929 2931
1791 508 515 513 506
1792 537 542 534 543
1793 445 405 448 446
1794 753 745 747 757
1795 6577 6603 6578 6587
1796 10926 10924 10927 10929
1797 3214 3212 3218 3219
1798 5880 5887 5881 9558
1799 6929 6927 6931 6954
1800 10162 10153 10155 10154
1801 8493 7488 8495 8491
1802 10147 10130 10141 10139
1803 10086 10075 10081 10080
1804 478 495 494 498
1805 9413 9416 9418 9414
1806 462 1084 444 455
1807 1022 1014 1015 1019
1808 9203 9199 9200 9201
1809 387 384 382 374
1810 1552 1557 1554 1553
1811 464 465 461 489
1812 10104 10100 10105 10098
1813 1573 1564 1571 1572
1814 516 499 508 515
1815 3751 2953 3742 3731
1816 10078 10075 10076 10084
1817 9323 9328 9320 9324
1818 912 918 915 911
1819 1575 1572 1616 1571
1820 519 496 492 477
1821 3750 3744 3752 3759
1822 6478 6483 6473 6472
1823 4069 4072 4071 4070
1824 537 542 524 532
1825 7500 7518 7499 7540
1826 10091 10095 10090 10092
1827 1573 1582 1578 1572
1828 10112 10075 10117 10080
1829 6988 6985 6990 6986
1830 10104 9647 10106 10100
1831 928 924 929 923
1832 85 74 71 76
1833 3742 2957 2950 2953
1834 11361 11370 11364 11365
1835 1689 1691 1687 1694
1836 485 480 487 486
1837 708 707 701 722
1838 478 481 513 490
1839 1080 1085 455 1084
1840 405 404 401 445
1841 927 932 929 918
1842 1004 1001 1007 1000
1843 1594 1595 1588 1589
1844 9495 9528 9571 9498
1845 1633 1628 1625 1627
1846 623 634 592 626
1847 1808 1807 1813 1809
1848 1206 974 977 1200
1849 3195 3191 3189 3099
1850 2158 2165 2163 2157
1851 9818 9833 9822 9841
1852 1623 1618 1613 1603
1853 1213 1218 1210 1212
1854 8538 8540 8539 8546
1855 923 925 929 937
1856 386 387 377 379
1857 3197 3215 3221 3213
1858 3799 3798 3801 3807
1859 9252 9179 9253 9178
1860 1627 1615 1625 1632
1861 3031 3027 3036 3028
1862 9223 9213 9266 9229
1863 3707 3704 3713 3724
1864 532 525 531 542
1865 1260 1268 1263 1261
1866 3672 3674 3665 3671
1867 491 501 490 477
1868 1791 1418 1783 1443
1869 542 534 531 532
1870 3751 3731 3742 3728
1871 102 110 104 105
1872 442 450 444 462
1873 6324 6370 6366 6376
1874 2983 3035 3027 2984
1875 3902 3905 3901 3909
1876 1579 1568 1580 1578
1877 9210 9194 9211 9206
1878 7744 7720 7742 7736
1879 466 470 403 476
1880 1009 1076 1079 1012
1881 3796 3778 3797 3768
1882 1080 1083 1079 1081
1883 347 334 356 328
1884 461 463 454 456
1885 1458 1464 1461 1457
1886 3025 3023 3021 3004
1887 6352 6332 6351 6347
1888 1037 1000 1027 1036
1889 2950 2957 2951 2953
1890 3329 3353 3327 3333
1891 6671 6677 6678 6686
1892 7244 7250 7248 7243
1893 1045 914 1041 1042
1894 1033 806 1030 1026
1895 77 78 66 81
1896 394 400 397 405
1897 3522 3467 3503 3461
1898 3735 2915 3734 3738
1899 4038 4032 4060 4007
1900 6022 6024 6021 6025
1901 802 793 796 798
1902 6441 6344 6435 6437
1903 4240 4163 4234 4236
1904 3671 3664 3665 3672
1905 3495 3499 3494 3500
1906 2529 2533 2523 2532
1907 6169 6160 6163 6184
1908 9822 9824 9818 9823
1909 3740 3795 3747 3748
1910 6346 6342 6350 6343
1911 3882 3907 3869 3897
1912 9557 9561 9555 11615
1913 6130 6128 6131 6121
1914 6439 6461 6447 6457
1915 6810 6788 6800 6791
1916 3199 3203 3197 3202
1917 9489 9488 9490 9492
1918 3808 3814 3818 3813
1919 3733 3730 3732 3734
1920 9665 9492 9661 9663
1921 6036 6033 6040 6034
1922 1540 1538 1539 1541
1923 6506 6349 6498 6499
1924 9574 9573 9571 9575
1925 7636 7630 7573 7572
1926 3623 3622 3617 3614
1927 6342 6343 6349 6350
1928 9659 9497 9490 9499
1929 6473 6483 6484 6475
1930 3543 3538 3534 3533
1931 61 63 20 58
1932 6431 6247 6249 6430
1933 6078 6062 6063 6089
1934 7030 7027 7028 7043
1935 9536 9539 9538 9535
1936 3668 3674 3669 3665
1937 3563 3570 3579 3577
1938 3068 3074 3076 3069
1939 6797 6805 6799 6703
1940 1031 1038 1013 1030
1941 6474 6473 6479 6491
1942 6384 6477 6485 6482
1943 5706 5708 5695 5710
1944 3665 3674 3669 3666
1945 3944 3950 3946 3940
1946 4266 4270 4268 4265
1947 3503 3467 3527 3506
1948 6745 6756 6749 6753
1949 9579 9537 9552 9529
1950 6068 6065 6067 6066
1951 6483 6533 6480 6475
1952 3891 3886 3893 3885
1953 3885 3886 3894 3887
1954 9490 9492 9657 9661
1955 3195 3101 3094 3099
1956 4246 4237 4235 4244
1957 9664 9662 9661 9666
1958 5889 5893 5890 5895
1959 6015 6125 6107 6001
1960 4252 4251 4254 4257
1961 6239 6348 6244 6437
1962 6549 6509 6502 6500
1963 6441 6344 6508 6435
1964 387 385 384 377
1965 6552 6549 6542 6502
1966 6016 6023 6007 6014
1967 658 654 661 657
1968 6785 6805 6784 6797
1969 4354 4365 4345 4342
1970 3369 3395 3400 3371
1971 6119 6125 6015 6051
1972 3796 3778 3805 3797
1973 6172 6151 6118 6115
1974 4187 4193 4189 4188
1975 9607 9592 9620 9621
1976 5980 5986 5985 5979
1977 1053 1003 1006 1060
1978 3702 3650 3661 3663
1979 6357 6364 6360 6362
1980 4235 4228 4230 4233
1981 3299 3297 3296 3312
1982 5967 5969 5975 5970
1983 5083 5084 5089 5088
1984 4268 4232 4265 4261
1985 9755 9758 9757 9750
1986 4270 4271 4263 4255
1987 6107 6111 6108 6001
1988 5955 5961 5959 5944
1989 9540 5888 9546 9541
1990 6428 6426 6425 6423
1991 9293 9269 9297 9282
1992 9542 9550 9547 9541
1993 3808 3807 3812 3810
1994 6926 6907 6920 6912
1995 6510 6503 6504 6507
1996 4267 4271 4270 4257
1997 3857 3855 3847 3852
1998 6477 6476 6484 6473
1999 11618 9569 9557 11619
2000 6409 6414 6410 6413
2001 6386 6392 6416 6388
2002 6561 6557 6559 6562
2003 3536 3535 3543 3541
2004 638 670 640 645
2005 4208 4203 4204 4206
2006 9488 9492 9657 9490
2007 4296 4289 3680 3686
2008 6026 6023 6007 6016
2009 9551 9548 9605 9542
2010 4301 4302 4308 4307
2011 6503 6510 6501 6509
2012 6062 6074 6078 6065
2013 11515 9512 9511 11610
2014 6075 6066 6080 6065
2015 9044 9041 9035 9042
2016 1710 1725 1707 1722
2017 1017 1012 1025 1004
2018 3634 3627 3626 3636
2019 1751 1753 1749 1752
2020 5924 5925 5923 5920
2021 9659 9660 9666 9662
2022 6919 6925 6920 6905
2023 9534 9530 9571 9528
2024 5882 9540 5888 5887
2025 9546 5887 5888 9540
2026 6137 6068 6067 6138
2027 555 632 547 635
2028 6417 6414 6416 6104
2029 5072 5078 5091 5085
2030 389 379 395 397
2031 6096 6105 6099 6098
2032 7744 7710 7703 7742
2033 9618 9617 9622 9620
2034 1224 1228 1253 1264
2035 11506 11508 11504 11509
2036 1266 1235 1272 1242
2037 9494 9498 9490 9489
2038 3860 3862 3867 3866
2039 6105 6083 6098 6095
2040 1131 1194 1139 1208
2041 3736 3739 3735 3738
2042 3874 3865 3858 3859
2043 7022 7019 7024 7084
2044 6070 6083 6055 6089
2045 3701 3695 3700 3688
2046 347 341 316 343
2047 10119 10122 10112 10120
2048 9623 9621 9629 9626
2049 3784 3723 3785 3718
2050 3662 3712 3725 3661
2051 9256 9255 9258 9257
2052 7038 7043 7039 7035
2053 6127 6107 6112 6120
2054 6044 6037 6052 6042
2055 9542 9606 9605 9551
2056 6851 6900 6891 6892
2057 3796 3797 3805 3794
2058 4323 4318 4322 4325
2059 1545 1572 1617 1581
2060 468 477 467 473
2061 3489 3486 3493 3487
2062 428 710 705 707
2063 1749 1472 1748 1752
2064 3643 3641 3686 3648
2065 5495 5480 5478 5482
2066 3813 3781 3819 3774
2067 1927 1932 1928 1929
2068 6062 6065 6058 6074
2069 3815 3813 3819 3814
2070 6382 6383 6389 6385
2071 6177 6183 6173 6181
2072 4310 4305 4309 4306
2073 3639 3685 3689 3676
2074 3639 3649 3689 3685
2075 920 918 919 1045
2076 9613 6175 9608 9605
2077 2922 2914 2916 2915
2078 3660 3662 3725 3661
2079 6105 6104 6102 6103
2080 9616 9610 9609 6194
2081 625 629 617 630
2082 3759 3752 3761 3762
2083 3776 3759 3762 3771
2084 9494 9492 9493 9491
2085 6846 6841 6845 6842
2086 3903 3898 3901 3909
2087 9993 10000 9995 10002
2088 3795 3748 3740 3797
2089 3064 3059 3056 3057
2090 6909 6903 6908 6902
2091 6145 6137 6140 6134
2092 9616 9610 9612 9611
2093 7829 7834 7827 7826
2094 6466 6470 6467 6464
2095 6314 7249 7242 7246
2096 7342 7378 7333 7337
2097 6456 6401 6405 6406
2098 6181 6184 6182 6183
2099 6123 6133 6139 6075
2100 3768 3778 3779 3776
2101 478 477 469 471
2102 4351 4342 4365 4349
2103 4271 4255 4256 4264
2104 7045 6207 7000 6211
2105 3595 3593 3596 3598
2106 9620 9592 9625 9621
2107 3899 3740 3747 3910
2108 3811 3807 3800 3806
2109 6881 6854 6852 6858
2110 6456 6464 6450 6453
2111 6428 6466 6420 6427
2112 6459 6462 6466 6463
2113 6462 6459 6466 6458
2114 6247 6241 6248 6238
2115 10393 10381 10391 10375
2116 9599 9604 9598 9603
2117 6949 6943 6951 6945
2118 3599 3593 3625 3624
2119 4859 4854 4855 4858
2120 3773 3774 3777 3787
2121 6001 6111 6108 5911
2122 6400 6394 6455 6393
2123 553 557 551 554
2124 9434 9729 9727 9731
2125 3387 3389 3380 3383
2126 6332 6329 6351 6347
2127 9666 9663 9665 9661
2128 6466 6459 6423 6458
2129 3598 3624 3591 3593
2130 9597 9603 9590 9596
2131 6428 6430 6431 6429
2132 6255 6251 6257 6256
2133 4404 4402 4392 4398
2134 3500 3585 3494 3496
2135 6227 6228 6225 6232
2136 1552 1556 1553 1551
2137 6567 6615 6573 6628
2138 3526 3538 3534 3543
2139 2914 2917 2912 2913
2140 6899 6897 6890 6875
2141 1045 913 916 1064
2142 9989 10003 9998 9987
2143 3492 3469 3475 3472
2144 2925 2926 2923 2930
2145 7393 7482 7473 7480
2146 6331 6334 6335 6329
2147 3762 3776 3763 3759
2148 540 546 534 538
2149 3789 3717 3817 3723
2150 1061 1058 1059 1056
2151 804 819 811 800
2152 7030 7057 7060 7026
2153 1007 1001 1008 1000
2154 3607 3609 3629 3630
2155 1011 1003 1008 1001
2156 6656 6663 6672 6655
2157 1541 1544 1540 1542
2158 1543 1516 1515 1513
2159 6306 6309 6313 6308
2160 9868 9856 9874 9865
2161 10938 10942 10941 10934
2162 9215 9217 9213 9176
2163 0 6 4 1
2164 9987 9983 9996 9998
2165 472 467 466 476
2166 1533 1536 1513 1507
2167 1508 1507 1513 1536
2168 1407 1409 1410 1187
2169 940 936 941 945
2170 842 836 831 848
2171 1428 1420 1449 1450
2172 595 593 588 586
2173 2126 2176 2169 2177
2174 6118 6174 6151 6172
2175 1460 1455 1457 1808
2176 952 951 960 1053
2177 2983 3026 3027 3035
2178 1007 1012 1004 1025
2179 470 469 476 477
2180 7267 7266 7283 8570
2181 552 545 543 546
2182 924 925 929 923
2183 565 563 562 560
2184 9163 9164 9172 9169
2185 6269 6338 6273 6337
2186 3856 3830 3850 3825
2187 1299 1273 1275 1281
2188 1501 1496 1495 1500
2189 3066 3074 3083 3091
2190 929 932 934 935
2191 6951 6955 6945 6947
2192 1439 1442 1440 1437
2193 1626 1628 1625 1633
2194 1325 1332 1327 1328
2195 150 154 140 40
2196 180 143 148 145
2197 914 918 913 910
2198 9160 9187 10174 10165
2199 6783 6874 6782 6779
2200 1517 1505 1502 1518
2201 268 265 258 267
2202 9266 9258 9277 9268
2203 1493 1466 1795 1499
2204 1352 1353 1356 1360
2205 929 926 1229 925
2206 1511 1506 1512 1463
2207 1317 1321 1324 1453
2208 6856 6854 6857 6861
2209 3047 3061 3040 3043
2210 1497 1509 1502 1498
2211 9179 9217 9213 9252
2212 9194 9206 9210 9192
2213 35 30 34 27
2214 1347 1348 1344 1338
2215 1309 1301 1295 1303
2216 10939 10940 10942 10932
2217 6280 6284 6278 6277
2218 10028 10031 10023 10030
2219 9958 9951 9945 9953
2220 3633 3387 3628 3618
2221 1443 1445 1311 1449
2222 6400 6401 6455 6394
2223 3390 3619 3387 3618
2224 1219 1212 1422 1421
2225 7049 7038 7056 7032
2226 2918 2919 2920 2922
2227 9878 9880 9879 9881
2228 1358 1359 1360 1352
2229 1292 1291 1293 1337
2230 7806 7798 7800 7807
2231 8825 8829 8844 8824
2232 7670 7685 7690 7673
2233 1783 1781 2175 1787
2234 1439 1429 1430 1374
2235 3373 3378 3374 3388
2236 9730 9751 9759 9724
2237 6718 6684 6721 6734
2238 9635 9631 9626 9636
2239 6825 6828 6833 6824
2240 3559 3578 3508 3514
2241 3389 3403 3401 3383
2242 3701 3688 3700 4282
2243 7053 7038 7036 7049
2244 9768 9770 9767 9769
2245 7080 7071 7105 7104
2246 4366 4358 4357 4365
2247 6761 6767 6760 6763
2248 3594 3463 3597 3587
2249 2397 2545 2391 2396
2250 3071 3072 3074 3073
2251 3076 3075 3040 3074
2252 6331 6329 6335 6333
2253 2922 2924 2929 2916
2254 9528 9529 9531 9499
2255 6348 6344 6347 6352
2256 8822 8817 8815 8819
2257 164 161 155 162
2258 9612 9638 9639 9637
2259 3098 3104 3026 3096
2260 6264 6332 6266 6263
2261 7039 7038 7036 7040
2262 5685 5684 5702 5690
2263 7039 7038 7041 7043
2264 9579 9583 9587 9585
2265 6235 6234 6236 6233
2266 1300 1308 1299 1302
2267 7018 7003 6971 7004
2268 5700 5701 5697 5703
2269 7923 7926 7925 7918
2270 3312 3297 3307 3409
2271 7049 7046 7048 7056
2272 6217 6214 6213 6215
2273 9598 9615 9597 9601
2274 3493 3486 3492 3487
2275 3797 3778 3761 3768
2276 9659 9497 9580 9578
2277 3528 3530 3526 3529
2278 7062 7067 7060 7057
2279 6801 6804 6798 6802
2280 3002 3117 3114 3003
2281 4191 4189 4307 4195
2282 6710 6714 6709 6699
2283 3712 3706 3725 3661
2284 3475 3464 3469 3477
2285 6283 6284 6276 6282
2286 6464 6462 6452 6463
2287 4025 4016 4019 3846
2288 7050 7051 7052 7054
2289 2922 2927 2929 2924
2290 7065 7073 7064 7067
2291 7068 7067 7061 7064
2292 3422 3427 3430 3377
2293 9048 8887 8891 8779
2294 3177 3162 3158 3160
2295 3617 3624 3625 3593
2296 3400 3395 3391 3397
2297 3 6 7 8
2298 2134 2148 2135 2139
2299 7093 7096 7098 7094
2300 7044 7047 7045 6236
2301 6862 6854 6858 6861
2302 10300 10560 10555 10299
2303 24 16 14 23
2304 7089 7086 7093 7087
2305 3534 3533 3539 3543
2306 6862 6861 6857 6854
2307 3587 3463 3597 3470
2308 9011 9006 9007 9020
2309 7025 7022 7024 7026
2310 6325 6326 6321 6318
2311 6767 6770 6763 6779
2312 6208 6199 6301 6338
2313 3512 5718 5714 3513
2314 6200 6275 6203 6225
2315 9581 9587 9585 9579
2316 48 52 43 42
2317 7086 7083 7087 6979
2318 814 808 810 807
2319 498 478 469 494
2320 3578 3579 3514 3584
2321 958 948 957 909
2322 3852 3830 3850 3856
2323 6865 6869 6850 6863
2324 6815 6814 6819 6823
2325 152 151 127 149
2326 541 543 533 542
2327 3801 3799 3803 3794
2328 3385 3380 3386 3383
2329 4306 4313 4309 4310
2330 3665 3672 3668 3674
2331 7241 7246 7242 7249
2332 6473 6476 6479 6491
2333 6484 6478 6483 6473
2334 9113 9121 9112 9118
2335 1308 1281 1279 1299
2336 3409 3297 3406 3405
2337 5725 5719 5683 5723
2338 3287 3292 3293 3296
2339 414 419 710 428
2340 7241 7248 7240 7244
2341 3626 3631 3561 3426
2342 7076 7080 7104 7070
2343 6906 6913 6904 6911
2344 9578 9497 9580 9579
2345 6868 6870 6867 6865
2346 6785 6607 6812 6813
2347 3747 3749 3910 3740
2348 11605 11596 11606 11585
2349 6684 6683 6718 6688
2350 6950 6948 6976 6952
2351 11096 11082 11080 11091
2352 3109 3111 3108 3106
2353 3526 3527 3521 3520
2354 7060 7022 7023 7026
2355 9666 9659 9661 9665
2356 6745 6762 6749 6756
2357 1658 1655 1656 1661
2358 44 154 39 40
2359 6931 6938 6933 6935
2360 6860 6840 6851 6900
2361 6955 6959 6953 6949
2362 3122 3128 3130 3114
2363 9574 9561 9565 9569
2364 44 45 47 48
2365 3538 3535 3543 3536
2366 3563 3571 3562 3602
2367 3448 3453 3451 3445
2368 6971 6968 6970 6977
2369 3417 3424 3428 3414
2370 3032 3031 3039 3037
2371 5690 5713 5702 5685
2372 5713 5709 5715 5708
2373 3037 3032 3029 3087
2374 6839 6860 6847 6840
2375 8600 8651 8596 8572
2376 9231 9226 9233 9230
2377 10156 10157 10152 10161
2378 6661 6658 6692 6696
2379 69 75 67 73
2380 3412 3414 3415 3428
2381 6977 6974 7019 6978
2382 3498 3501 3496 3601
2383 3584 3578 3559 3514
2384 1779 1785 1780 1784
2385 1163 1157 1106 1156
2386 809 797 813 807
2387 1322 1331 1325 1332
2388 6808 6703 6799 6805
2389 2915 2953 2954 2958
2390 2063 2059 2490 2062
2391 3066 3091 3053 3057
2392 947 962 954 950
2393 179 174 166 164
2394 1050 1074 1075 1046
2395 1353 1337 1342 1301
2396 3009 3023 3004 3008
2397 2175 2172 2181 2180
2398 9090 9074 9371 9091
2399 4 30 3 28
2400 10146 10213 9941 10144
2401 7468 7578 7464 7577
2402 9098 9107 9099 9101
2403 3024 3015 3021 3023
2404 9075 9079 9060 9073
2405 1322 1320 1316 1319
2406 630 623 617 626
2407 7687 7689 7692 7688
2408 1224 1259 1253 1228
2409 9250 9223 9265 9229
2410 1724 1640 1754 1715
2411 1425 1449 1326 1324
2412 9034 9032 9039 9041
2413 7131 7128 7133 7130
2414 7840 7842 7838 7866
2415 3043 3051 3040 3049
2416 7902 7904 7906 7903
2417 1018 1024 1025 1016
2418 148 144 146 143
2419 99 591 608 610
2420 9149 9151 9158 9195
2421 917 918 941 910
2422 849 847 1141 851
2423 3077 3075 3040 3055
2424 9243 9247 9372 9239
2425 139 150 146 153
2426 2990 2998 2980 2992
2427 144 121 143 147
2428 5068 5071 5072 5082
2429 1810 1771 1777 1807
2430 3047 3050 3040 3048
2431 2929 2960 2923 2961
2432 9352 9345 9350 9344
2433 122 121 147 124
2434 3103 3104 3026 3098
2435 3297 3407 3299 3295
2436 10145 9922 9919 10143
2437 9069 9059 9063 9067
2438 8500 8501 8504 8505
2439 1733 1772 1767 1770
2440 1791 1443 1789 1800
2441 9173 9165 9130 9167
2442 2965 2966 2963 2971
2443 9075 9079 9073 9080
2444 629 631 625 624
2445 1232 1228 1259 1229
2446 1667 1672 1664 1671
2447 1798 1499 1795 1802
2448 1214 1216 1210 1199
2449 591 595 79 586
2450 3745 3751 3742 3746
2451 2950 2949 2951 2955
2452 920 1051 1052 1045
2453 1016 1004 1025 1018
2454 80 101 79 100
2455 83 71 66 72
2456 1539 1491 1538 1486
2457 633 587 634 626
2458 2935 2936 3079 2947
2459 3678 3686 3680 3643
2460 1319 1320 1358 1322
2461 1463 1465 1462 1466
2462 1062 1010 1009 1054
2463 6212 6216 6228 6217
2464 6214 6217 6228 6230
2465 2000 2011 2156 2010
2466 4110 4140 4135 4111
2467 9529 9537 9586 9579
2468 6348 6352 6347 6332
2469 6640 6625 6620 6632
2470 3469 3463 3468 3470
2471 7249 7247 7239 7248
2472 6230 6234 6236 6217
2473 778 786 702 785
2474 3020 3038 3039 3033
2475 2925 2930 2923 3000
2476 2916 2958 2960 2929
2477 6993 7013 6992 6998
2478 6314 6299 6289 6311
2479 6933 6930 6931 6935
2480 6346 6343 6351 6347
2481 9666 9662 9661 9659
2482 556 568 564 557
2483 7099 7107 6918 6922
2484 6247 6238 6248 6246
2485 6330 6334 6336 6331
2486 6331 6329 6328 6334
2487 6958 6962 6960 6938
2488 6285 6286 6284 6262
2489 3167 3168 3166 3164
2490 5660 5680 5655 5686
2491 5830 5826 5834 5832
2492 3731 3735 3728 3751
2493 3173 3172 3176 3180
2494 10124 10133 10126 10132
2495 145 172 180 143
2496 602 584 601 605
2497 3511 3507 3510 3508
2498 10263 10281 10260 10255
2499 1172 1180 906 1171
2500 1124 1126 2003 2155
2501 379 387 377 385
2502 3416 3410 3573 3408
2503 1666 1665 1670 1662
2504 1802 1794 1817 1795
2505 6366 8635 8628 8639
2506 1779 2170 2177 2126
2507 854 850 844 855
2508 1790 1789 1782 1792
2509 8908 8904 8895 8890
2510 1763 1758 1756 1757
2511 370 367 384 375
2512 9748 9713 9720 9746
2513 632 545 625 631
2514 1201 1203 1194 1197
2515 7844 7839 7840 7846
2516 9394 9090 9385 9371
2517 271 189 185 184
2518 6333 6331 6337 6335
2519 8689 8691 8687 8686
2520 5995 5993 5998 5992
2521 1208 1183 1209 1132
2522 8197 8191 8198 8189
2523 1639 1693 1646 1644
2524 1118 1122 1117 1120
2525 1196 1131 1137 1135
2526 782 783 787 784
2527 9098 9104 9099 9107
2528 9030 9010 9018 9019
2529 9484 9482 9476 9475
2530 1193 1185 1421 1188
2531 94 116 120 98
2532 230 227 222 223
2533 1103 1093 1186 1096
2534 1408 1406 1405 1404
2535 854 851 848 850
2536 1416 1420 1446 1406
2537 9308 9305 9309 9314
2538 847 851 848 838
2539 3102 3098 3119 3097
2540 1093 1146 1100 1101
2541 9248 9241 9249 9086
2542 8872 8867 8882 8873
2543 1135 1131 1137 1130
2544 3435 3440 3436 3434
2545 5671 5678 5673 5659
2546 44 84 39 88
2547 1135 1195 1142 1196
2548 3516 3559 3508 3514
2549 591 586 608 585
2550 3173 3180 3101 3094
2551 3017 3104 3035 3103
2552 2963 2971 3868 2970
2553 6275 6225 6200 6272
2554 846 968 973 965
2555 605 604 601 602
2556 1449 1447 1324 1453
2557 3117 3116 3115 3443
2558 3008 3023 3004 3002
2559 91 275 90 95
2560 1112 1108 1107 1113
2561 8787 8766 8765 8790
2562 7918 7917 7906 7923
2563 227 226 222 223
2564 3220 3216 3214 3215
2565 3450 3449 3445 3447
2566 3178 3146 3170 3174
2567 280 283 102 108
2568 8954 8953 9019 8964
2569 1186 1187 1191 1409
2570 9063 9065 9073 9059
2571 6779 6874 6873 6870
2572 2178 2181 2179 2172
2573 9362 9030 9018 9358
2574 7845 7919 7837 7841
2575 8780 8783 8790 8797
2576 1408 1407 1415 1410
2577 3316 3322 3318 3323
2578 9090 9385 9071 8974
2579 9160 9149 9156 9195
2580 1325 1322 1318 1316
2581 9052 9056 9055 9048
2582 9102 9065 9066 9073
2583 9035 9036 9044 9042
2584 6182 6177 6183 6178
2585 9072 8952 8944 9060
2586 8968 8978 8970 9072
2587 8878 8885 8777 8782
2588 8778 8785 8765 8790
2589 8790 8766 8791 8787
2590 6612 6614 6605 6613
2591 1414 1397 1409 1382
2592 6587 6568 6577 6603
2593 11136 11128 11135 11127
2594 3162 3160 3167 3159
2595 3414 3406 3412 3415
2596 1134 847 1140 1141
2597 7988 7991 7981 7977
2598 146 145 132 148
2599 1188 1187 1410 1192
2600 9047 9064 9053 9049
2601 143 172 180 177
2602 3034 3090 3016 3053
2603 345 346 337 355
2604 3413 3411 3415 3428
2605 1790 1789 1783 1782
2606 41 150 140 40
2607 155 163 264 161
2608 88 86 87 82
2609 6623 6638 6630 6618
2610 1135 849 1141 1142
2611 3159 3160 3158 3162
2612 3100 3093 3206 3207
2613 3404 3289 3436 3437
2614 5672 5660 5654 5681
2615 5759 5733 5763 5760
2616 3522 3520 3527 3456
2617 6927 6946 7131 6944
2618 9534 9572 9573 9571
2619 3274 3350 3302 3279
2620 6928 7134 7191 6930
2621 8695 8692 8694 8690
2622 6200 6269 6208 6275
2623 6965 6964 6961 7097
2624 5705 5713 5715 5702
2625 139 153 146 148
2626 9514 9504 9518 9502
2627 6999 7002 7000 6996
2628 3506 3464 3503 3467
2629 5991 5994 5997 5992
2630 6345 6342 6364 6350
2631 7891 7879 7898 7889
2632 6888 6859 6881 6858
2633 829 826 821 820
2634 3882 3885 3894 3887
2635 3837 3833 3841 3937
2636 9503 9504 9500 9501
2637 8928 8930 8929 8926
2638 6596 6591 6595 6599
2639 4088 4089 4081 4054
2640 6719 6688 6728 6718
2641 6523 5964 5957 6512
2642 6656 6665 6654 6664
2643 6357 6365 6358 6330
2644 7712 7715 7709 7714
2645 7284 7279 7285 7281
2646 7183 7141 7175 7180
2647 6578 6586 6576 6577
2648 11626 11621 11630 11625
2649 3106 3111 3108 3110
2650 3359 3335 3356 3364
2651 7144 7141 7142 7145
2652 269 262 241 240
2653 7199 6627 6571 6633
2654 3543 3538 3537 3535
2655 177 148 143 147
2656 6933 6930 6935 6932
2657 6734 6735 6721 6718
2658 3515 3533 3518 3534
2659 9893 9898 8762 8764
2660 3278 3277 3284 3285
2661 3293 3287 3290 3292
2662 3176 3172 3175 3180
2663 3400 3371 3395 3402
2664 6603 6612 6622 6617
2665 5725 5685 5690 5683
2666 247 206 217 200
2667 3277 5769 5761 3281
2668 7891 7888 7898 7879
2669 5725 5726 5721 5719
2670 6307 6327 6320 7258
2671 5727 5729 5725 5728
2672 7274 7270 7273 7267
2673 5718 3542 3512 5726
2674 6736 6737 6738 6732
2675 11491 11493 11492 11495
2676 5655 5660 5659 5672
2677 6696 6694 6697 6693
2678 10309 10306 10676 10308
2679 7137 7143 7135 7117
2680 3313 3338 3314 3322
2681 6641 6644 6643 6629
2682 6618 6623 6615 6630
2683 7893 7884 7880 7887
2684 6800 6805 6799 6797
2685 6671 6685 6678 6681
2686 5689 5684 5680 5682
2687 175 176 171 169
2688 1121 2155 1125 1126
2689 5700 5684 5681 5689
2690 5695 5699 5694 5778
2691 751 745 746 752
2692 4114 4111 4113 4133
2693 7173 7175 7148 7182
2694 5760 5771 5762 5768
2695 8415 8397 8409 8410
2696 3268 3194 3273 3169
2697 8955 8954 8957 8965
2698 6576 6593 6668 6655
2699 4140 4144 4141 4136
2700 7916 7891 7900 7903
2701 8945 8942 8947 8943
2702 263 241 264 163
2703 3035 3026 3027 3030
2704 3400 3403 3389 3402
2705 6583 6581 6576 6577
2706 1408 1404 1405 1407
2707 6661 6658 6657 6692
2708 6668 6584 6675 6673
2709 101 93 94 98
2710 7210 7233 7208 7211
2711 6983 7216 7223 7219
2712 6615 6568 6622 6617
2713 9324 9328 9325 9323
2714 5734 5833 5732 5733
2715 6933 6645 6642 6939
2716 4065 4060 4059 4066
2717 7187 7193 7192 7188
2718 7250 7264 7243 7217
2719 6688 6719 6691 6657
2720 7915 7910 7911 7912
2721 3313 3322 3314 3318
2722 6671 6681 6678 6670
2723 6685 6683 6691 6657
2724 8902 8860 8905 8916
2725 6606 6693 6697 6695
2726 7675 7680 7665 7676
2727 7907 7913 7908 7906
2728 1391 1378 1390 1395
2729 6590 6576 6591 6594
2730 6728 6719 6691 6688
2731 3140 3132 3154 3150
2732 2179 2172 2174 2171
2733 6693 6694 6697 6695
2734 8852 8853 8858 8866
2735 3311 3305 3280 3276
2736 6688 6683 6685 6682
2737 5751 5750 5745 5749
2738 7175 7151 7148 7182
2739 6662 6658 6654 6660
2740 3353 3336 3328 3361
2741 6569 6563 6594 6565
2742 263 163 264 155
2743 7898 7889 7890 7891
2744 8852 8850 8851 8853
2745 8994 8984 8982 8992
2746 5834 5737 5739 5733
2747 1387 1368 2064 1364
2748 3432 3439 3434 3438
2749 8925 8920 8926 8919
2750 8914 8853 8859 8921
2751 1382 1379 1385 1378
2752 4055 4062 4054 4056
2753 1379 1403 1377 1382
2754 1381 1373 1365 1367
2755 1146 1150 1091 1100
2756 3147 3148 3143 3145
2757 8872 8876 8882 8867
2758 8876 8772 8874 8865
2759 7879 7875 7880 7878
2760 1364 1387 1388 1380
2761 1364 1369 1365 1388
2762 7906 7915 7911 7912
2763 847 850 848 851
2764 6125 6016 6002 6015
2765 172 179 171 174
2766 8872 8877 8883 8876
2767 2153 2147 2028 2146
2768 8999 8984 8994 9001
2769 116 103 113 92
2770 1148 1145 1143 1153
2771 3148 3149 3144 3145
2772 9072 8952 8968 8944
2773 9729 9730 9727 9723
2774 1176 1180 1174 1173
2775 9019 9010 9031 9030
2776 1415 1408 1412 1407
2777 218 215 216 209
2778 2018 2015 2037 2032
2779 3189 3186 3188 3193
2780 123 107 170 115
2781 7889 7903 7900 7891
2782 8998 8934 8997 8993
2783 1105 1107 1104 1108
2784 2132 2135 2133 2139
2785 3287 3288 3318 3322
2786 1146 1150 1151 1148
2787 1401 1393 1394 1392
2788 1403 2173 1377 1382
2789 2000 2153 2156 2028
2790 4241 4236 4234 4237
2791 2022 2015 2014 2019
2792 2032 2038 2030 2037
2793 9006 9009 9018 9011
2794 8987 8990 8983 8986
2795 9396 9405 9403 9395
2796 2019 2020 2023 2024
2797 3267 3188 3246 3192
2798 1177 1163 1110 1113
2799 8768 8814 8763 8776
2800 7407 7428 7339 7425
2801 8924 8936 8925 8920
2802 7214 7250 7243 7217
2803 6567 6572 6565 6570
2804 863 866 864 867
2805 3322 3338 3314 3287
2806 8846 8849 8830 8824
2807 7161 7151 7153 7165
2808 3181 3161 3158 3162
2809 1140 1134 1136 1133
2810 1777 1778 1775 1810
2811 9428 9429 9417 9433
2812 11635 11639 11672 11642
2813 1395 1382 1377 2173
2814 8940 8934 8909 8928
2815 3146 3174 3178 3149
2816 8931 8934 8909 8993
2817 1752 1471 1748 1476
2818 8940 8928 8909 8939
2819 2162 2099 2163 2157
2820 1101 1150 1151 1146
2821 2179 2181 2174 2172
2822 8847 8848 8846 8845
2823 9013 9009 9008 8983
2824 3217 3967 3227 3973
2825 9452 9461 9459 9437
2826 9431 9426 9425 9429
2827 2131 2100 2093 2130
2828 791 799 797 796
2829 818 833 845 828
2830 9732 8839 8829 9434
2831 9427 9429 9424 9428
2832 1099 1095 1125 1094
2833 1110 1113 1107 1108
2834 1122 1128 1114 1127
2835 3200 3198 3203 2976
2836 9357 9361 9396 9358
2837 848 836 835 838
2838 9361 9364 9358 9357
2839 829 970 846 821
2840 209 200 217 215
2841 3868 2963 3902 2971
2842 8848 9458 8849 9449
2843 9434 9435 9441 9436
2844 8778 8781 8777 8774
2845 8787 8796 8790 8795
2846 9097 9080 9073 9102
2847 9075 9080 9073 9076
2848 3240 3242 3238 3243
2849 1690 1692 1689 1694
2850 94 126 118 125
2851 3195 3191 3188 3189
2852 216 208 207 214
2853 3269 3234 3243 3270
2854 373 366 371 364
2855 9812 9802 9815 9810
2856 3240 3243 3238 3239
2857 442 450 441 444
2858 273 275 680 277
2859 6565 6581 6594 6569
2860 3325 3323 3317 3319
2861 3257 3252 3247 3270
2862 7144 7128 7145 7142
2863 11507 11505 9503 11509
2864 8624 8619 8626 8620
2865 6699 6803 6710 6714
2866 3283 3282 3278 3309
2867 5746 5762 5747 5735
2868 3100 3096 3093 2987
2869 3352 3353 3142 3328
2870 6586 6583 6576 6577
2871 11519 11529 11518 11493
2872 3190 3191 3188 3195
2873 8442 8484 8441 8478
2874 7113 7117 7115 7114
2875 9557 9561 9565 9555
2876 7255 7289 7206 7275
2877 6740 6708 6742 6720
2878 5648 5644 5646 5643
2879 7284 7287 7281 7291
2880 7268 7267 7272 7274
2881 7289 7255 7290 7275
2882 6291 6311 6299 6297
2883 3230 3234 3243 3228
2884 7269 7270 8573 8575
2885 96 91 90 95
2886 9665 9659 9490 9499
2887 6834 6830 6825 6827
2888 7186 7192 7181 7187
2889 9522 9516 9513 9502
2890 7267 7266 8570 8599
2891 7275 7277 7272 7276
2892 805 808 810 806
2893 3964 3968 3952 3974
2894 9498 9527 9571 9495
2895 9488 9492 9489 9491
2896 3940 3985 3941 3924
2897 9659 9578 9580 9660
2898 6542 6552 6540 6548
2899 11657 11608 11647 11648
2900 3967 3974 3966 3973
2901 7120 7117 7112 7114
2902 5712 3509 5707 5709
2903 7156 7158 7164 7157
2904 6329 6346 6350 6351
2905 7268 7267 7279 7284
2906 5912 6000 5995 6003
2907 6535 6025 6480 6021
2908 11630 11632 11631 11629
2909 4039 4031 4040 4029
2910 6598 6599 6595 6591
2911 8601 8600 8596 8597
2912 11507 11509 9507 11511
2913 5918 5921 5917 5915
2914 6007 6006 6013 6009
2915 9498 9528 9496 9495
2916 11678 11675 11679 11684
2917 11511 11509 11510 11508
2918 136 153 140 135
2919 11618 9570 11619 11620
2920 6752 6766 6749 6758
2921 11629 11625 11630 11621
2922 6955 6949 6953 6951
2923 2200 2189 2204 2198
2924 3960 3975 3952 3953
2925 3095 3097 3101 3094
2926 6981 7219 6983 7221
2927 6641 6642 6643 6644
2928 6649 6647 6631 6651
2929 6646 6647 6643 6649
2930 4268 4272 4269 4262
2931 9535 9528 9534 9536
2932 3507 5783 5707 3551
2933 6812 6616 6811 6813
2934 4132 4133 4136 4142
2935 11611 11618 11610 11616
2936 804 799 797 791
2937 700 603 694 613
2938 2985 2979 2977 2986
2939 3222 3223 3226 3229
2940 705 709 703 707
2941 3270 3234 3233 3247
2942 11499 11588 11586 11492
2943 616 621 601 605
2944 370 373 658 655
2945 605 584 601 616
2946 1778 1792 1810 1814
2947 11351 11325 11338 11348
2948 428 429 707 702
2949 3955 3960 3952 3956
2950 105 103 113 116
2951 364 370 658 363
2952 6487 6383 6496 6381
2953 1729 1735 1754 1717
2954 733 863 858 736
2955 4096 4101 4099 4011
2956 815 1026 1028 806
2957 9314 9315 9309 9308
2958 604 597 603 601
2959 3235 3245 3244 3241
2960 9373 9369 9338 9341
2961 2952 2951 2968 2956
2962 2966 2972 2965 2967
2963 2958 2954 2952 2951
2964 9136 9145 9157 9138
2965 249 258 246 252
2966 681 680 598 688
2967 1311 1803 1796 1800
2968 440 443 449 432
2969 9752 9758 9690 9682
2970 1811 1807 1810 1813
2971 777 771 775 770
2972 258 266 211 265
2973 289 312 295 304
2974 9152 9138 9150 9157
2975 8688 8673 8658 8595
2976 832 830 831 839
2977 1092 1099 1094 1102
2978 624 631 625 545
2979 10132 9699 10126 9693
2980 842 836 848 838
2981 8780 9049 9032 9047
2982 9670 9728 9695 9685
2983 5289 5439 5458 5445
2984 9903 9906 9905 9902
2985 9696 9670 9695 9685
2986 9849 9842 9844 9839
2987 9439 9732 9695 9443
2988 192 213 188 189
2989 3289 3433 3325 3436
2990 282 96 108 90
2991 3252 3255 3251 3249
2992 701 724 718 773
2993 1110 1144 1170 1178
2994 1757 1762 1756 1763
2995 9767 9766 9733 9760
2996 8840 9450 9449 9448
2997 9341 9334 9338 9342
2998 2142 2143 2148 2152
2999 1677 1689 1680 1674
3000 9332 9336 9312 9340
3001 9444 9438 9447 9440
3002 9026 9014 9011 9027
3003 2096 2122 2113 2098
3004 6838 6847 6836 6844
3005 7281 7279 7278 7284
3006 541 412 411 628
3007 3434 3433 3436 3435
3008 2983 3093 3096 2987
3009 8072 8073 8062 8071
3010 4034 4029 4020 4040
3011 6482 6481 6485 6036
3012 3509 3513 5714 5716
3013 8596 8651 8647 8572
3014 670 674 671 665
3015 1701 1706 1690 1681
3016 8601 8597 6315 8599
3017 218 209 212 211
3018 9681 9896 9889 9895
3019 3273 3268 3250 3266
3020 3243 3239 3240 3262
3021 5726 5725 5721 5714
3022 211 266 212 218
3023 863 869 858 736
3024 1588 1593 1664 1672
3025 3993 3988 3982 3998
3026 3976 3993 3977 3982
3027 3220 3185 3214 3184
3028 290 293 307 284
3029 3196 3862 3201 3863
3030 873 881 872 880
3031 3993 3998 3982 3996
3032 7183 7181 7185 7187
3033 8573 8572 8597 8568
3034 3271 3272 3266 3265
3035 824 819 875 800
3036 748 774 746 752
3037 11268 10754 11262 10751
3038 886 865 864 892
3039 731 732 756 764
3040 3217 3218 3210 3967
3041 733 736 858 794
3042 3897 3907 3898 3887
3043 742 745 747 753
3044 694 698 697 679
3045 827 824 818 817
3046 2970 2976 3198 2965
3047 770 768 776 771
3048 3217 3223 3210 3211
3049 1053 1003 949 1006
3050 4439 4902 4896 4907
3051 3858 3865 3873 3864
3052 3749 3743 3740 3741
3053 4048 4075 4042 4043
3054 4197 4205 4200 4201
3055 2120 1779 1767 2129
3056 5070 5074 5077 5071
3057 9776 9782 9781 9775
3058 362 361 351 350
3059 8423 8424 8414 8420
3060 9771 9788 9762 9765
3061 293 284 302 307
3062 8201 8204 8203 8206
3063 9768 9770 9739 9767
3064 11414 11421 11416 11413
3065 783 781 784 780
3066 11473 11470 11466 11419
3067 9738 9734 9733 9735
3068 8666 8668 8659 8663
3069 361 354 351 350
3070 1730 1739 1738 1732
3071 1741 1768 1731 1758
3072 3512 3517 3510 3533
3073 1706 1703 1690 1714
3074 658 364 661 373
3075 4009 4005 4123 4097
3076 9840 9848 9843 9841
3077 2124 2120 2119 2118
3078 4279 4285 4277 4280
3079 651 658 657 650
3080 5783 3555 5776 3551
3081 387 383 385 397
3082 1600 1599 1589 1587
3083 327 326 329 324
3084 5970 6006 6010 6011
3085 670 662 665 664
3086 6550 6545 6537 6543
3087 404 405 407 412
3088 2998 2984 2988 2982
3089 1474 1469 1476 1468
3090 1701 1703 1690 1706
3091 2955 2957 2951 2950
3092 6559 6561 6554 6551
3093 875 878 817 824
3094 791 819 804 800
3095 3974 3219 3218 3970
3096 719 726 721 722
3097 3229 3228 3222 3223
3098 1724 1760 1754 1640
3099 9329 9321 9319 9327
3100 272 274 289 276
3101 8641 6538 8634 6544
3102 7187 7193 7186 7192
3103 3858 3864 3953 3866
3104 653 726 669 704
3105 751 772 746 714
3106 775 773 767 766
3107 8635 8640 8634 8630
3108 3226 3227 3995 3965
3109 788 790 779 783
3110 5717 5713 5714 5716
3111 820 828 825 818
3112 270 263 260 261
3113 9744 9720 9717 9713
3114 428 429 427 435
3115 777 775 767 770
3116 473 477 472 475
3117 415 417 419 420
3118 5968 5990 5979 5973
3119 3977 3993 3979 3982
3120 1608 1629 1603 1618
3121 397 400 395 389
3122 9840 9847 9838 9842
3123 398 392 388 389
3124 3804 3793 3801 3794
3125 392 393 389 399
3126 733 857 858 863
3127 4014 4006 4196 4012
3128 3889 3806 3893 3891
3129 817 824 818 819
3130 4165 4166 4162 4161
3131 4015 4017 4082 4091
3132 4305 4302 4295 4308
3133 11587 11603 11604 11597
3134 3551 3555 5776 3547
3135 8635 8639 6366 6375
3136 10513 10498 10511 10497
3137 718 722 721 724
3138 807 808 810 805
3139 6528 6536 6532 6526
3140 4049 4050 4048 4052
3141 97 93 98 92
3142 7264 7243 7240 7248
3143 3304 3292 3287 3296
3144 5725 5713 5685 5721
3145 3829 3828 3823 3889
3146 4193 4189 3644 3671
3147 1031 1034 1027 1036
3148 4214 4218 4215 4217
3149 3645 3686 3685 3641
3150 3829 3889 3824 3806
3151 6324 8598 6318 6315
3152 3897 3907 3887 3882
3153 498 398 469 400
3154 708 702 701 707
3155 3887 3888 3895 3898
3156 3849 3834 3848 3853
3157 4041 4033 4035 4040
3158 405 404 402 401
3159 3771 3776 3779 3762
3160 4302 4290 4295 4289
3161 3566 3564 3560 3561
3162 6026 6051 6050 6023
3163 5079 5071 5044 5080
3164 6539 6545 6544 6538
3165 6349 6380 6498 6340
3166 5912 6111 6001 5911
3167 9543 9544 9540 9549
3168 5995 5912 5907 6000
3169 4088 4063 4054 4043
3170 6911 6908 6909 6903
3171 7267 7271 7272 7269
3172 7214 7250 7215 7216
3173 5986 5989 5987 5982
3174 9490 9497 9496 9499
3175 9495 9527 9571 9523
3176 4289 3643 3686 3648
3177 10377 10809 10807 10850
3178 9494 9491 9489 9492
3179 3109 3106 3108 3105
3180 5911 5912 5995 6001
3181 3114 3116 3109 3115
3182 6016 6023 6014 6051
3183 7013 7012 7007 7014
3184 11481 11485 11310 11479
3185 9507 11507 9503 11509
3186 6306 6308 6303 6304
3187 3890 3889 3893 3891
3188 3887 3907 3894 3882
3189 3571 3610 3608 3602
3190 3886 3896 3894 3887
3191 9492 9494 9490 9489
3192 4150 4157 4139 4176
3193 4196 4201 4199 4014
3194 4197 4203 4205 4202
3195 11609 11614 11610 11607
3196 6538 6543 6539 6545
3197 5982 5988 5980 5986
3198 9558 9559 9553 9554
3199 4100 4094 4093 4098
3200 152 44 39 88
3201 11613 11596 11609 11621
3202 5920 11652 11649 11637
3203 413 407 405 412
3204 6024 6536 6531 6535
3205 3845 3875 3836 3821
3206 6531 6020 6017 6530
3207 6374 6377 6367 6541
3208 5088 5087 5089 5083
3209 11681 11675 11677 11674
3210 5944 8607 5955 5961
3211 6051 6119 6014 6015
3212 6019 5970 5978 6011
3213 6543 6545 6540 6555
3214 665 674 671 666
3215 3953 3956 3952 3960
3216 11655 11649 11651 5925
3217 6782 6767 6779 6770
3218 6539 6544 8636 8634
3219 1878 1870 1873 1877
3220 8583 8585 8589 8582
3221 4087 4091 4089 4082
3222 4015 3839 4016 4023
3223 11503 11508 11504 11506
3224 8650 8572 8644 8651
3225 5971 5964 5957 6523
3226 4091 4084 4089 4082
3227 4097 4131 4123 4009
3228 5959 5963 5958 5951
3229 6515 6514 6511 6520
3230 6544 6538 8634 6539
3231 4059 4066 4122 4127
3232 3095 3097 3102 3101
3233 11626 11586 11625 11624
3234 8109 8121 8135 8181
3235 3225 3222 3226 3228
3236 11581 11597 11582 11682
3237 4085 3929 4072 4083
3238 247 258 211 265
3239 11583 11584 11581 11587
3240 7283 7267 8569 7282
3241 8205 8201 8235 8200
3242 5868 5875 5867 5870
3243 4017 4028 4087 4037
3244 5696 5644 5748 5694
3245 359 360 356 355
3246 8633 8649 8648 8646
3247 8650 8653 8644 8572
3248 11654 11657 11647 11648
3249 5761 3281 3275 3277
3250 7273 8599 6323 7266
3251 11493 11497 11492 11495
3252 5968 5986 5979 5990
3253 8634 6544 8636 8637
3254 7265 6317 6323 6316
3255 11586 11606 11626 11621
3256 8568 8599 8597 8573
3257 11594 11593 11588 11499
3258 4253 4251 4254 4249
3259 11606 11596 11621 11585
3260 8620 8621 8645 8622
3261 1858 1862 1871 1857
3262 4121 4129 4128 4126
3263 3339 3365 3362 3340
3264 7235 7262 7212 7205
3265 4182 4175 4172 4162
3266 3878 3881 3871 3879
3267 4162 4165 4172 4182
3268 7248 7259 7240 7264
3269 8630 8632 8633 8637
3270 4086 3839 4015 4023
3271 11626 11631 11628 11625
3272 7136 7238 7135 7236
3273 11485 11472 11310 11479
3274 5073 5077 5076 5070
3275 5088 4952 4978 4953
3276 5936 5945 5931 5926
3277 4065 4057 4059 4060
3278 5774 5777 5762 5771
3279 5675 5678 5677 5668
3280 5947 5950 5944 5949
3281 4076 4050 4048 4049
3282 4060 4002 4059 4066
3283 5670 5678 5671 5669
3284 4103 4101 4104 4100
3285 335 331 334 328
3286 3844 3875 3836 3845
3287 4148 4146 4154 4157
3288 5968 5973 5979 5965
3289 4027 4025 4026 4019
3290 8606 8604 8607 8603
3291 4136 4140 4135 4141
3292 4056 4037 4087 4028
3293 5069 5068 5082 5071
3294 6349 6505 6498 6380
3295 8596 8638 8647 8651
3296 4157 4181 4158 4173
3297 4230 4246 4235 4233
3298 4048 4044 4045 4043
3299 4002 4005 4123 4009
3300 6014 6051 6043 6119
3301 3983 3982 3917 3984
3302 1751 1753 1766 1749
3303 5883 5882 5877 5889
3304 4317 4319 4320 4318
3305 4193 4195 4189 4188
3306 6110 6002 6003 6001
3307 6534 6483 6478 6472
3308 6447 6445 6444 6454
3309 1857 1858 1863 1859
3310 5425 5432 5325 5318
3311 4994 4981 4967 4963
3312 5082 5068 5081 5072
3313 5068 5070 5072 5071
3314 5079 5075 5044 5071
3315 5089 5090 4984 4978
3316 5071 5082 5084 5085
3317 5085 5081 5084 5083
3318 5060 5045 5056 5044
3319 5085 5082 5084 5081
3320 2849 2863 2847 2868
3321 11340 11421 11416 11414
3322 5078 5076 5077 5072
3323 5070 5077 5076 5072
3324 5079 5074 5075 5071
3325 5092 4958 4957 5089
3326 5077 5071 5078 5072
3327 5080 5077 5079 5071
3328 1847 1859 1845 1844
3329 5317 5410 5320 5315
3330 5279 5286 5282 5280
3331 5072 5082 5085 5081
3332 5071 5082 5085 5072
3333 5078 5080 5085 5071
3334 5078 5071 5085 5072
3335 4981 4986 4956 4963
3336 5545 2715 2722 2640
3337 4952 4951 4955 4956
3338 5082 5071 5048 5069
3339 5086 5071 5048 5082
3340 5045 5049 5056 5044
3341 5085 5071 5086 5084
3342 1877 1885 1873 1879
3343 9805 9774 9801 9799
3344 5305 5425 5325 5323
3345 5307 5343 5326 5311
3346 1570 1565 1568 1564
3347 2862 2866 2847 2868
3348 5078 5094 5093 5085
3349 5086 5071 5044 5048
3350 5044 5042 5049 5048
3351 11164 11144 11165 11142
3352 8068 8060 8069 8061
3353 5085 5071 5044 5086
3354 5085 5080 5044 5071
3355 5086 5080 5044 5085
3356 1877 1879 1873 1878
3357 5346 5281 5277 5279
3358 6003 6002 5995 6001
3359 5618 5563 5615 5624
3360 2111 2109 1711 2112
3361 1905 1900 1907 1908
3362 5430 5431 5424 5429
3363 5431 5426 5424 5433
3364 2832 2823 2838 2833
3365 2849 2847 2846 2851
3366 1893 1900 1889 1908
3367 1879 1885 1876 1877
3368 1873 1872 1881 1875
3369 1873 1870 1871 1877
3370 1879 1884 1876 1885
3371 11466 11469 11464 11474
3372 5865 5860 5855 5862
3373 1899 1884 1879 1885
3374 1864 1899 1879 1885
3375 8085 8083 8089 8106
3376 5431 5426 5437 5424
3377 11335 11345 11338 11339
3378 1873 1883 1881 1878
3379 5410 5320 5412 5318
3380 5325 5318 5321 5319
3381 1876 1877 1878 1879
3382 5430 5431 5437 5424
3383 5415 5413 5414 5418
3384 1872 1870 1873 1878
3385 8065 8060 8024 8061
3386 1877 1864 1873 1885
3387 1879 1885 1873 1864
3388 1879 1864 1873 1858
3389 1862 1864 1873 1877
3390 1862 1858 1873 1864
3391 5429 5418 5419 5414
3392 1873 1878 1881 1872
3393 5413 5408 5410 5409
3394 5311 5306 5326 5307
3395 5411 5418 5421 5412
3396 11329 11333 11332 11330
3397 11334 11343 11341 11335
3398 5412 5418 5421 5422
3399 8583 8581 8582 8578
3400 9469 9482 9475 9468
3401 8594 8591 8582 8583
3402 8106 8076 8079 8073
3403 5426 5437 5436 5438
3404 5430 5429 5424 5428
3405 9845 9750 9755 9794
3406 2833 2823 2819 2832
3407 5317 5315 5320 5316
3408 11463 11404 11410 11469
3409 8094 8164 8091 8661
3410 5312 5303 5306 5308
3411 11326 11322 11331 11327
3412 5324 5417 5322 5320
3413 5414 5419 5432 5420
3414 11350 11346 11324 11347
3415 5437 5441 5436 5438
3416 5415 5418 5419 5423
3417 5310 5327 5326 5323
3418 8040 8020 8038 8027
3419 5410 5418 5414 5413
3420 11487 11449 11483 11451
3421 9872 9875 9868 9874
3422 1826 1819 1825 1818
3423 8194 8182 8198 8192
3424 5419 5415 5416 5418
3425 5414 5418 5416 5415
3426 5419 5418 5416 5414
3427 5410 5414 5412 5320
3428 5437 5426 5434 5424
3429 5414 5429 5432 5419
3430 1881 1868 1883 1873
3431 1858 1864 1868 1879
3432 1866 1858 1868 1873
3433 1866 1875 1860 1873
3434 11335 11322 11341 11334
3435 8117 8112 8119 8122
3436 4952 4953 4956 4981
3437 5420 5417 5320 5414
3438 5414 5315 5320 5410
3439 1864 1879 1891 1868
3440 5437 5451 5436 5440
3441 1866 1873 1860 1858
3442 11331 11328 11475 11470
3443 5334 5329 5340 5331
3444 8101 8070 8062 8102
3445 5314 5311 5349 5307
3446 5342 5347 5344 5348
3447 1839 1836 1833 1832
3448 5432 5420 5320 5414
3449 5449 5439 5457 5447
3450 2640 5509 5545 5520
3451 5443 5438 5444 5439
3452 10410 10411 10412 10417
3453 5427 5437 5441 5433
3454 5431 5441 5440 5437
3455 5449 5452 10621 5453
3456 5427 5437 5438 5441
3457 5358 5352 5340 5334
3458 1879 1883 1868 1873
3459 1873 1858 1868 1879
3460 5422 5418 5424 5429
3461 5317 5410 5318 5320
3462 5412 5409 5411 5418
3463 10444 10438 10454 10453
3464 10470 10467 10447 10466
3465 5422 5432 5412 5429
3466 5414 5429 5412 5432
3467 5422 5429 5412 5418
3468 5414 5418 5412 5429
3469 5320 5432 5412 5318
3470 5320 5414 5412 5432
3471 11432 11399 11398 11425
3472 1904 1900 1903 1899
3473 1848 1849 1854 1855
3474 5424 5426 5421 5422
3475 10624 5453 10621 5452
3476 1883 1880 1881 1878
3477 4994 4990 4982 4997
3478 5424 5422 5421 5418
3479 11455 11451 11454 11450
3480 11427 11399 11406 11432
3481 10465 10464 10466 10473
3482 5432 5433 5424 5425
3483 5419 5418 5424 5423
3484 5429 5418 5424 5419
3485 5419 5423 5424 5429
3486 1902 1899 1901 1879
3487 10462 10452 10463 10459
3488 1902 1882 1883 1879
3489 4979 4978 4987 4985
3490 5448 5431 5440 5437
3491 5289 5439 5445 5444
3492 8411 8404 8410 8408
3493 4787 4789 4786 4811
3494 11144 11206 11205 11185
3495 5426 5437 5438 5427
3496 11220 10656 11218 11223
3497 1896 1898 1886 1900
3498 5453 5454 5457 5449
3499 5447 5446 5449 5437
3500 1883 1891 1902 1879
3501 1902 1879 1891 1899
3502 5422 5426 5427 5424
3503 5424 5425 5427 5422
3504 2639 5508 2637 5506
3505 5441 5438 5444 5443
3506 1855 1827 1826 1850
3507 5433 5426 5427 5437
3508 10641 10645 10644 10637
3509 10449 10450 10454 10451
3510 8048 8020 8038 8034
3511 5442 5427 5305 5303
3512 1819 1888 1825 1818
3513 5447 5446 5456 5449
3514 4953 5087 5089 5088
3515 5437 5440 5436 5441
3516 5436 5437 5435 5446
3517 9818 9841 9822 9814
3518 1845 1849 1854 1848
3519 5290 5289 5299 5295
3520 11239 11217 11235 11233
3521 10625 10621 10626 10624
3522 10437 10441 10639 10653
3523 10436 10441 10440 10639
3524 1893 1902 1891 1899
3525 1893 1900 1904 1899
3526 1887 1892 1888 1864
3527 5437 5426 5436 5434
3528 11402 11432 11406 11399
3529 5447 5443 5436 5451
3530 5443 5440 5436 5451
3531 5443 5441 5436 5440
3532 5438 5441 5436 5443
3533 5452 5451 5449 5450
3534 5439 5436 5447 5443
3535 5452 5453 5449 5451
3536 10453 10449 10454 10452
3537 5436 5437 5449 5451
3538 5447 5437 5449 5436
3539 5436 5451 5449 5447
3540 5450 5451 5449 5448
3541 5453 5449 5457 5456
3542 5440 5448 5449 5451
3543 5437 5448 5449 5440
3544 5440 5451 5449 5437
3545 5447 5451 5449 5443
3546 10621 5453 5457 5456
3547 5449 5447 5457 5456
3548 5439 5443 5449 5454
3549 5447 5443 5449 5439
3550 1900 1899 1886 1896
3551 5004 5067 5003 5059
3552 4978 4953 4984 5089
3553 4959 4953 4960 4956
3554 4953 5087 5088 4952
3555 4956 4951 4955 4954
3556 5092 5085 5093 5089
3557 1885 1884 1886 1899
3558 5089 4953 4984 4958
3559 2892 2891 2886 2887
3560 5084 5088 5090 5089
3561 9690 9692 9696 9686
3562 5089 5094 4984 5090
3563 1896 1899 1886 1884
3564 2838 2850 2846 2830
3565 5083 5085 5089 5084
3566 4579 4577 4582 4482
3567 1887 1900 1889 1893
3568 2830 2823 2838 2829
3569 4985 5057 5066 4979
3570 1897 1898 1896 1900
3571 1891 1892 1887 1864
3572 2478 2491 2475 2477
3573 2862 2868 2847 2863
3574 1899 1885 1887 1886
3575 1899 1864 1887 1885
3576 10669 10739 10736 10738
3577 1864 1899 1887 1891
3578 1891 1899 1887 1893
3579 1899 1900 1887 1893
3580 1886 1900 1887 1899
3581 5086 5057 5056 5061
3582 5085 5080 5094 5086
3583 5093 5085 5094 5089
3584 5085 5089 5090 5094
3585 5094 5086 5090 5085
3586 5084 5085 5090 5086
3587 5089 5085 5090 5084
3588 1886 1900 1889 1887
3589 5318 5323 5319 5325
3590 4576 4575 4578 4563
3591 5089 5088 4978 4953
3592 5090 5088 4978 5089
3593 11169 11171 11166 11167
3594 8307 8311 8306 8309
3595 5432 5420 5325 5320
3596 1834 1849 1845 1838
3597 2648 5509 2722 2640
3598 1850 1818 1855 1848
3599 2665 2666 2668 2667
3600 5066 5057 4980 4979
3601 8048 8034 8038 8050
3602 5044 5042 5045 5049
3603 5043 5049 5045 5042
3604 5057 5090 5061 5086
3605 5094 5086 5061 5090
3606 5066 5059 4980 5057
3607 1987 1836 1989 1949
3608 4984 5090 4985 4978
3609 5458 5454 5439 5457
3610 4978 4953 4986 4984
3611 5057 5090 4985 5061
3612 5094 4985 4984 5090
3613 5033 5036 5032 5018
3614 1890 2858 2860 1828
3615 1822 1819 2860 1829
3616 2849 2853 2898 2904
3617 10437 10441 10653 11159
3618 5304 5427 5442 5303
3619 11310 11472 11308 11465
3620 1866 1869 1868 1858
3621 8560 8558 8212 8552
3622 5323 5303 5305 5425
3623 8083 8085 8103 8106
3624 4178 4150 4157 4152
3625 4991 4999 4990 4995
3626 1888 1887 1894 1892
3627 2827 2864 2859 2858
3628 1856 1850 1855 1849
3629 5444 5441 5442 5438
3630 5444 5438 5442 5304
3631 5438 5427 5442 5304
3632 5438 5441 5442 5427
3633 1890 1887 1894 1888
3634 1890 1889 1894 1887
3635 1893 1887 1894 1889
3636 1894 1891 1892 1887
3637 10627 10646 10620 10621
3638 2827 2822 2859 2831
3639 5308 5313 5312 5294
3640 4976 4967 4971 4966
3641 2827 2866 2831 2859
3642 4992 4997 4982 4990
3643 5307 5313 5311 5306
3644 5325 5320 5324 5321
3645 2380 2421 2441 2383
3646 5303 5427 5305 5425
3647 1824 1826 1825 1818
3648 1867 1861 1859 1858
3649 5433 5425 5305 5427
3650 1990 1851 1856 1840
3651 11428 11433 11432 11434
3652 11337 11334 11335 11343
3653 5325 5420 5324 5320
3654 5319 5327 5325 5323
3655 5321 5320 5324 5322
3656 8047 8111 8046 8110
3657 1865 1869 1859 1858
3658 5328 5316 5330 5321
3659 5319 5318 5321 5317
3660 1869 1864 1865 1892
3661 5325 5319 5321 5327
3662 5320 5317 5321 5318
3663 11350 11333 11347 11325
3664 5325 5320 5321 5318
3665 8084 8076 8089 8083
3666 1847 1844 1845 1831
3667 5047 5045 5062 5054
3668 1892 1864 1865 1888
3669 1869 1858 1865 1864
3670 5321 5327 5337 5324
3671 9782 9784 9775 9777
3672 8191 8193 8084 8197
3673 5065 5035 5003 5058
3674 5086 5061 5056 5060
3675 2869 2873 2874 2862
3676 5060 5044 5056 5086
3677 5046 5043 5050 5047
3678 5048 5086 5056 5044
3679 8270 8277 8281 8267
3680 5049 5058 5050 5045
3681 5030 5036 5033 5031
3682 5048 5044 5056 5049
3683 5059 5064 5065 5058
3684 5330 5319 5333 5321
3685 5045 5044 5060 5053
3686 5060 5045 5062 5056
3687 5045 5058 5056 5049
3688 5060 5079 5053 5044
3689 5086 5080 5060 5044
3690 8075 8189 8077 8195
3691 5055 5047 5038 5031
3692 5047 5046 5034 5050
3693 5031 5030 5034 5046
3694 4798 4796 4804 4812
3695 5358 5347 5334 5341
3696 5332 5319 5333 5330
3697 5047 5045 5054 5052
3698 4998 4983 4992 4997
3699 1845 1847 1848 1859
3700 6808 6703 6704 6799
3701 5031 5046 5034 5047
3702 5009 5035 5005 5003
3703 5065 5058 5003 5059
3704 1831 1834 1845 1838
3705 1863 1859 1847 1844
3706 5047 5058 5062 5045
3707 4989 5004 4939 4980
3708 5033 5030 5032 5036
3709 5056 5045 5062 5058
3710 5063 5058 5062 5047
3711 11329 11325 11324 11321
3712 1847 1838 1845 1849
3713 1831 1838 1845 1847
3714 5065 5035 5009 5003
3715 5009 5063 5041 5035
3716 5056 5064 5059 5058
3717 4987 4979 4982 4978
3718 5033 5031 5041 5040
3719 2717 2715 2723 5548
3720 10706 10688 10702 10746
3721 5050 5047 5035 5034
3722 1845 1849 1848 1847
3723 5277 5344 5343 5349
3724 1847 1863 1848 1859
3725 1865 1859 1848 1863
3726 2706 2705 2710 2704
3727 5050 5058 5035 5047
3728 5037 5033 5041 5022
3729 5033 5031 5040 5039
3730 5034 5047 5035 5031
3731 5060 5064 5061 5056
3732 5056 5058 5062 5064
3733 4948 4912 4940 4943
3734 5065 5059 5003 5067
3735 5006 5010 5037 5005
3736 5057 5064 5059 5056
3737 5308 5294 5312 5293
3738 5613 5604 5588 5608
3739 5059 5057 5066 5064
3740 2508 2879 2872 2875
3741 4976 4970 4971 4977
3742 5011 5007 4944 5004
3743 4945 4925 4941 5007
3744 4943 4912 4916 4948
3745 8094 8090 8092 8088
3746 1823 2877 2872 1979
3747 1975 1821 1976 1978
3748 4979 5066 4988 4980
3749 11239 11233 11236 11234
3750 5031 5034 5037 5035
3751 5003 5005 5011 5007
3752 4918 4485 4469 4476
3753 5064 5067 5066 5059
3754 1990 1840 1989 1987
3755 2535 2537 2541 2542
3756 5035 5058 5065 5063
3757 5062 5065 5064 5058
3758 2867 2880 2873 2878
3759 5142 5135 5138 5134
3760 5017 5019 5028 5022
3761 4947 4925 4941 4945
3762 5285 5346 5201 5279
3763 4730 4736 5013 4731
3764 5637 5633 5635 5631
3765 10402 10535 10532 10528
3766 2187 2185 2202 2192
3767 10746 10741 10702 10706
3768 5344 5350 5277 5346
3769 5003 5009 5011 5005
3770 5004 5003 5011 5007
3771 5004 5067 5011 5003
3772 2659 2667 2655 2668
3773 4759 4760 5023 4757
3774 5008 5007 5012 5005
3775 5011 5005 5012 5007
3776 5009 5012 5011 5005
3777 4763 4752 4766 4744
3778 4742 4834 4824 4734
3779 5029 5025 5013 5019
3780 2541 2534 2512 2537
3781 5037 5035 5041 5031
3782 4742 4734 4824 4741
3783 5039 5021 5040 5033
3784 5020 5021 5033 5017
3785 1838 1834 1839 1832
3786 5027 5017 5023 5028
3787 5017 5021 5033 5022
3788 5033 5022 5037 5019
3789 5037 5031 5041 5033
3790 5063 5031 5041 5035
3791 4563 4581 4578 4576
3792 5097 5104 5200 5100
3793 5005 5010 5037 5009
3794 5019 5010 5037 5006
3795 5031 5036 5037 5034
3796 1990 1851 1840 1988
3797 1823 1830 1822 2877
3798 2709 2727 2710 2704
3799 5022 5010 5037 5019
3800 11435 11436 11428 11429
3801 5029 4735 5013 5025
3802 5018 5019 5033 5036
3803 5017 5019 5033 5018
3804 5017 5022 5033 5019
3805 5022 5040 5021 5033
3806 5033 5019 5037 5036
3807 5309 5313 5308 5294
3808 5037 5009 5041 5035
3809 1839 1951 1833 1836
3810 1840 1836 1839 1834
3811 5310 5323 5326 5306
3812 5350 5281 5277 5346
3813 5033 5036 5037 5031
3814 1987 1840 1989 1836
3815 4757 4760 5023 5024
3816 1832 1834 1839 1836
3817 1834 1838 1839 1840
3818 5017 5024 5025 5018
3819 1833 1951 1949 1836
3820 1948 1951 1949 1833
3821 8217 8186 8219 8177
3822 4760 4746 4759 4748
3823 5279 5281 5277 5278
3824 5131 5127 5125 5128
3825 5341 5347 5339 5343
3826 5363 5359 5367 5348
3827 1988 1998 1980 1992
3828 1949 1951 1987 1836
3829 1839 1836 1987 1951
3830 1840 1836 1987 1839
3831 1989 1836 1952 1949
3832 5016 5024 5023 5017
3833 5350 5345 5344 5348
3834 5358 5360 5334 5362
3835 1952 1836 1950 1949
3836 1837 1952 1842 1836
3837 5110 5116 5115 5112
3838 5279 5286 5285 5281
3839 5205 5285 5201 5206
3840 5282 5292 5297 5278
3841 1827 1821 1830 1820
3842 5208 5100 5106 5211
3843 5204 5104 5200 5097
3844 4301 4190 4191 4195
3845 5192 5190 11281 11264
3846 5364 5359 5366 5365
3847 5357 5356 5355 5359
3848 5358 5359 5342 5355
3849 3405 3413 3415 3407
3850 5358 5348 5342 5359
3851 5345 5342 5344 5348
3852 3280 3282 3311 3276
3853 5355 5353 5358 5359
3854 8124 8127 8136 8122
3855 1856 1977 1827 1851
3856 5442 5304 5293 5444
3857 8404 8398 8402 8395
3858 5334 5333 5338 5336
3859 1865 1848 1853 1824
3860 2831 2847 2859 2866
3861 5358 5341 5342 5347
3862 5358 5347 5342 5348
3863 5326 5327 5339 5332
3864 5360 5363 5362 5358
3865 5359 5361 5358 5363
3866 5348 5363 5358 5362
3867 5348 5359 5358 5363
3868 5281 5349 5350 5277
3869 5347 5348 5358 5362
3870 5282 5278 5314 5281
3871 1848 1849 1855 1850
3872 5187 5222 5221 5191
3873 1848 1859 1853 1845
3874 5357 5359 5342 5348
3875 5309 5292 5278 5297
3876 5278 5280 5279 5282
3877 1854 1848 1853 1845
3878 5283 5292 5282 5280
3879 11170 11209 11207 11175
3880 5297 5278 5314 5282
3881 11329 11323 11332 11325
3882 1841 1843 1854 1834
3883 5343 5349 5311 5307
3884 1989 1840 1843 1836
3885 1989 1842 1952 1836
3886 1849 1834 1843 1840
3887 1834 1836 1843 1840
3888 1834 1842 1843 1836
3889 1988 1998 1977 1975
3890 1821 1851 1977 1975
3891 10015 9873 9869 10013
3892 1988 1851 1977 1990
3893 1975 1851 1977 1988
3894 10466 10465 10470 10467
3895 11170 11172 11168 11209
3896 3581 3583 3582 3576
3897 1850 1851 1827 1821
3898 11210 11206 11205 11208
3899 4992 4983 4982 4997
3900 11296 11294 11288 11291
3901 11290 11285 11288 11289
3902 5281 5278 5314 5277
3903 1848 1818 1824 1865
3904 5277 5349 5343 5307
3905 5506 2638 2639 5508
3906 1819 1828 1825 1890
3907 5308 5291 5309 5294
3908 10437 10441 10436 10639
3909 2494 1982 1986 2087
3910 5303 5304 5312 5442
3911 11245 11222 11246 11247
3912 11223 11217 11235 11239
3913 10444 10448 10447 10438
3914 5321 5328 5333 5330
3915 5297 5278 5309 5314
3916 5314 5313 5309 5297
3917 1850 1820 1826 1818
3918 11220 11160 11153 11159
3919 10439 10443 10436 10437
3920 10546 10565 10550 10559
3921 5293 5304 5312 5308
3922 8104 8103 8105 8102
3923 5297 5298 5291 5292
3924 11234 11230 11233 11236
3925 1895 2864 2827 2858
3926 11239 11223 11236 11235
3927 1849 1834 1854 1843
3928 1890 1828 1895 2858
3929 1854 1856 1855 1849
3930 5337 5321 5335 5333
3931 11156 11142 11165 11158
3932 5300 5299 11231 11236
3933 11453 11442 11452 11455
3934 5293 5442 5312 5304
3935 6976 6979 6950 6952
3936 5295 5289 5293 5290
3937 5304 5289 5293 5444
3938 1888 1890 1825 1894
3939 1819 1890 1825 1888
3940 1888 1818 1824 1825
3941 1892 1825 1894 1888
3942 1855 1818 1824 1848
3943 5308 5304 5312 5303
3944 5312 5308 5306 5313
3945 5347 5349 5343 5344
3946 5308 5309 5306 5313
3947 5307 5313 5306 5309
3948 8164 8161 8166 8094
3949 8670 8663 8399 8383
3950 1888 1892 1824 1865
3951 1865 1818 1824 1888
3952 5337 5321 5333 5327
3953 5310 5306 5326 5311
3954 1834 1849 1854 1845
3955 1845 1841 1854 1834
3956 5334 5362 5338 5347
3957 5333 5328 5331 5330
3958 1855 1853 1854 1848
3959 5306 5312 5310 5303
3960 5325 5310 5305 5323
3961 5323 5303 5310 5305
3962 5306 5303 5310 5323
3963 5337 5322 5335 5321
3964 11348 11349 11338 11352
3965 1861 1852 1867 1859
3966 5362 5347 5334 5358
3967 8396 8397 8403 8410
3968 5334 5341 5340 5358
3969 5329 5328 5331 5333
3970 5333 5330 5331 5332
3971 1865 1859 1853 1848
3972 1865 1869 1853 1859
3973 451 438 432 439
3974 1853 1859 1852 1845
3975 1867 1853 1869 1859
3976 5343 5332 5326 5339
3977 1680 1681 1675 1689
3978 5319 5327 5333 5321
3979 5332 5327 5333 5319
3980 5334 5352 5340 5329
3981 5342 5355 5340 5358
3982 11165 11126 11146 11144
3983 5355 5353 5352 5358
3984 5338 5347 5339 5334
3985 5334 5347 5339 5341
3986 1835 1842 1841 1834
3987 5331 5333 5334 5329
3988 5332 5333 5334 5331
3989 5331 5341 5334 5332
3990 5362 5336 5360 5334
3991 5339 5349 5311 5343
3992 5334 5331 5340 5341
3993 11341 11323 11331 11322
3994 5343 5311 5339 5326
3995 11308 11465 11475 11328
3996 5334 5333 5339 5338
3997 5334 5341 5339 5332
3998 5333 5337 5339 5338
3999 5333 5327 5339 5337
4000 5332 5333 5339 5334
4001 5332 5327 5339 5333
4002 11414 11419 11422 11413
4003 8448 8455 8447 8452
4004 11484 11480 11477 11479
4005 8114 8115 8117 8111
4006 8053 8055 8050 8056
4007 11323 11320 11321 11327
4008 8128 8138 8136 8137
4009 7636 7640 7630 7635
4010 11343 11336 11337 11334
4011 10652 10656 10653 10654
4012 11403 11404 11422 11407
4013 11415 11420 11413 11421
4014 11423 11415 11416 11421
4015 11183 11167 11168 11179
4016 11340 11343 11341 11334
4017 8677 8387 8678 8670
4018 11434 11407 11406 11427
4019 11322 11334 11340 11341
4020 11477 11483 11476 11478
4021 9713 9720 9717 9714
4022 8053 8047 8050 8055
4023 11424 11427 11432 11425
4024 11429 11433 11428 11434
4025 11429 11436 11428 11433
4026 8661 8094 8092 8091
4027 8097 8099 8103 8098
4028 11322 11320 11323 11327
4029 9753 9752 9759 9690
4030 8660 8666 8656 8661
4031 11241 11273 11272 11237
4032 1706 1707 1722 1710
4033 1867 1860 1861 1858
4034 8745 8671 8737 8735
4035 788 431 779 790
4036 8098 8085 8103 8096
4037 11418 11342 11423 11416
4038 9790 9775 9787 9788
4039 8076 8073 8106 8083
4040 8199 8169 8184 8162
4041 10111 10115 10080 10112
4042 9337 9339 9386 9338
4043 9787 9786 9789 9788
4044 8591 8595 8593 8583
4045 8178 8185 8148 8163
4046 8174 8183 8176 8182
4047 11331 11326 11473 11322
4048 8657 8585 8589 8664
4049 8172 8167 8400 8171
4050 9458 9442 9441 9435
4051 8088 8085 8090 8087
4052 11323 11322 11341 11335
4053 8170 8173 8149 8168
4054 8110 8112 8117 8122
4055 11317 11311 11312 11191
4056 8591 8590 8581 8583
4057 8661 8164 8662 8094
4058 8172 8165 8168 8169
4059 8730 8726 8728 8727
4060 9708 9713 9709 9707
4061 1756 1762 1755 1761
4062 11308 11318 11314 11309
4063 8172 8171 8168 8165
4064 1653 1641 1659 1654
4065 4744 4746 4758 4743
4066 8119 8112 8139 8122
4067 9720 9730 9729 9712
4068 9684 9826 9844 9828
4069 9715 9712 9711 9714
4070 11424 11426 11432 11427
4071 11473 11331 11470 11326
4072 11184 11181 11183 11179
4073 8694 8689 8685 8684
4074 8150 8168 8149 8173
4075 8113 8119 8131 8122
4076 8189 8192 8198 8190
4077 9809 9802 9801 9803
4078 7363 7367 7366 7359
4079 8662 8164 8166 8094
4080 8182 8190 8198 8192
4081 8398 8667 8395 8663
4082 8143 8142 8116 8121
4083 11334 11342 11416 11340
4084 8140 8142 8139 8143
4085 8127 8125 8131 8122
4086 8583 8585 8582 8594
4087 8078 8036 8045 8035
4088 8077 8076 8089 8084
4089 8077 8074 8080 8076
4090 8143 8119 8116 8139
4091 8172 8396 8401 8400
4092 8050 8047 8041 8055
4093 8399 8398 8404 8395
4094 11465 11470 11464 11474
4095 8139 8142 8116 8143
4096 8185 8170 8148 8163
4097 8153 8155 8151 8156
4098 8173 8171 8168 8172
4099 8178 8192 8176 8182
4100 11390 11382 11359 11354
4101 9463 9471 9465 9470
4102 8093 8161 8088 8094
4103 8178 8182 8176 8183
4104 8666 8398 8668 8663
4105 8194 8192 8198 8191
4106 429 786 702 427
4107 8075 8082 8081 8078
4108 8193 8191 8198 8197
4109 8052 8047 8053 8110
4110 9809 9779 9803 9801
4111 8173 8172 8401 8171
4112 11479 11472 11310 11465
4113 7330 7328 7317 7321
4114 11350 11325 11329 11333
4115 8115 8112 8119 8117
4116 8061 8024 8033 8025
4117 8118 8188 8120 8115
4118 8046 8036 8045 8078
4119 8118 8187 8196 8188
4120 9752 9753 9759 9751
4121 8667 8660 8661 8666
4122 8082 8187 8075 8195
4123 8198 8190 8196 8189
4124 8113 8110 8117 8122
4125 9434 8840 9727 8839
4126 8111 8112 8117 8110
4127 8661 8395 8662 8667
4128 8383 8670 8386 8399
4129 8689 8682 8588 8583
4130 11400 11402 11443 11401
4131 8747 8751 8758 8748
4132 10039 10034 10033 10106
4133 10480 10474 10485 10476
4134 7324 7328 7327 7322
4135 8040 8043 8042 8038
4136 8586 8587 8579 8583
4137 11465 11472 11471 11479
4138 8669 8671 8672 8680
4139 9686 9689 9688 9692
4140 8046 8110 8055 8047
4141 8053 8047 8055 8110
4142 9670 9687 9685 9696
4143 8670 8676 8399 8663
4144 8167 8165 8662 8164
4145 8383 8663 8399 8395
4146 11486 10474 11166 10486
4147 11308 11472 11475 11465
4148 8110 8053 8113 8055
4149 7802 7725 7822 7833
4150 8683 8682 8689 8684
4151 11173 11480 11169 11488
4152 11310 11472 11314 11308
4153 9678 9681 8835 9674
4154 11484 11173 11488 11480
4155 8118 8115 8117 8114
4156 9750 9758 9839 9845
4157 8189 8187 8196 8195
4158 8118 8195 8196 8187
4159 10208 10155 10202 10158
4160 8188 8187 8196 8190
4161 8189 8190 8196 8187
4162 8199 8161 8166 8162
4163 8188 8115 8118 8187
4164 8662 8165 8166 8164
4165 11169 11489 11482 11171
4166 8161 8165 8164 8166
4167 8046 8118 8117 8114
4168 8387 8670 8386 8383
4169 8174 8183 8177 8176
4170 8111 8115 8117 8112
4171 8749 8725 8739 8735
4172 8736 8737 8741 8742
4173 8161 8193 8199 8093
4174 8161 8162 8199 8193
4175 8162 8194 8199 8193
4176 8198 8193 8199 8194
4177 8199 8197 8093 8193
4178 8661 8660 8662 8164
4179 8167 8164 8662 8660
4180 8558 8158 8209 8160
4181 8600 8650 8651 8572
4182 9696 9687 9685 9686
4183 8384 8394 8746 8738
4184 8190 8188 8174 8180
4185 8672 8671 8681 8680
4186 8162 8194 8184 8199
4187 8167 8171 8172 8165
4188 8113 8053 8125 8057
4189 4192 4194 4184 4187
4190 7846 7766 7848 7842
4191 11182 11180 11179 11184
4192 8172 8662 8400 8167
4193 9846 9806 9811 9808
4194 8412 8408 8411 8409
4195 8166 8165 8169 8162
4196 9819 9823 9652 9817
4197 8110 8122 8125 8123
4198 8110 8053 8125 8113
4199 8113 8122 8125 8110
4200 11481 11480 11173 11485
4201 8110 8052 8125 8053
4202 8110 8123 8125 8052
4203 8408 8410 8409 8396
4204 8162 8184 8163 8169
4205 8408 8383 8385 8392
4206 11315 11311 11312 11317
4207 1471 1752 1748 1472
4208 8143 8141 8136 8137
4209 8139 8119 8136 8143
4210 11140 11158 11146 11143
4211 11232 11231 11238 5300
4212 8447 8468 8464 8467
4213 11310 11308 11314 11311
4214 8113 8122 8131 8125
4215 11311 11204 11317 11316
4216 8132 8125 8131 8127
4217 8120 8196 8180 8188
4218 8117 8120 8119 8115
4219 7542 7545 7539 7538
4220 11288 11284 11287 11289
4221 8182 8196 8198 8190
4222 4178 4180 4176 4179
4223 8220 8225 8235 8200
4224 8396 8410 8409 8397
4225 7411 7413 7385 7420
4226 7339 7332 7338 7341
4227 8389 8388 8408 8383
4228 9812 9800 9813 9802
4229 10152 10161 9837 10156
4230 8387 8392 8390 8383
4231 8548 8420 8546 8424
4232 8399 8388 8386 8383
4233 8389 8383 8408 8392
4234 11019 11017 11014 11112
4235 7452 7951 7449 7681
4236 7951 7681 7463 7947
4237 11126 11185 11128 11129
4238 11158 11156 11163 11165
4239 11191 11208 11212 11204
4240 7551 7557 7556 7553
4241 7841 7836 7838 7860
4242 8395 8404 8408 8396
4243 8395 8383 8408 8404
4244 8404 8383 8408 8388
4245 8396 8404 8408 8410
4246 11190 11185 11126 11129
4247 11311 11310 11316 11314
4248 11204 11310 11316 11311
4249 11481 11310 11316 11204
4250 11214 11185 11205 11206
4251 11311 11308 11314 11309
4252 11481 11485 11316 11310
4253 11316 11472 11314 11310
4254 8143 8137 8136 8140
4255 11260 11289 11287 11277
4256 8404 8395 8402 8396
4257 11211 11481 11207 11170
4258 11260 11282 11287 11296
4259 11196 11312 11192 11191
4260 9646 9643 9650 9812
4261 11487 11478 11482 11451
4262 8433 8434 8475 8426
4263 8409 8413 8412 8408
4264 8397 8172 8396 8401
4265 7434 7435 7442 7430
4266 11316 11212 11211 11204
4267 4983 4979 4982 4988
4268 8141 8127 8128 8133
4269 11314 11317 11316 11311
4270 11309 11311 11315 11314
4271 8208 8254 8256 8204
4272 10783 10782 10776 10785
4273 11309 11311 11312 11315
4274 8131 8133 8132 8127
4275 9822 9814 9817 9818
4276 8412 8388 8411 8408
4277 8543 8538 8539 8544
4278 1594 1596 1595 1589
4279 9840 9846 9838 9847
4280 9701 9689 9694 9687
4281 8178 8184 8163 8194
4282 8143 8142 8146 8140
4283 8177 8174 8175 8183
4284 4266 4233 4268 4245
4285 7419 7393 7384 8435
4286 8448 8454 8447 8455
4287 11194 11200 11192 11191
4288 3418 3442 3440 3452
4289 8301 8293 8145 8297
4290 8116 8121 8109 8120
4291 11384 11379 11383 11373
4292 11347 11346 11354 11355
4293 8172 8169 8168 8173
4294 11314 11319 11315 11309
4295 11364 11361 11369 11370
4296 8440 8437 8443 8438
4297 11309 11372 11319 11315
4298 8141 8131 8136 8127
4299 11142 11144 11146 11145
4300 7975 7941 7978 7942
4301 11219 11223 11221 11218
4302 11373 11374 11378 11384
4303 8124 8138 8136 8128
4304 11387 11359 11369 11364
4305 8131 8119 8136 8122
4306 11338 11335 11344 11345
4307 5189 5191 5192 5196
4308 11348 11325 11347 11351
4309 8146 8137 8306 8144
4310 8403 8396 8401 8397
4311 11333 11313 11330 11329
4312 8137 8141 8136 8128
4313 8158 8160 8153 8154
4314 8396 8410 8403 8402
4315 8190 8182 8176 8192
4316 8131 8122 8136 8127
4317 11338 11325 11344 11323
4318 11196 11312 11375 11192
4319 11352 11351 11338 11348
4320 725 716 721 723
4321 6033 6037 6044 6030
4322 11350 11325 11324 11329
4323 8209 8210 8205 8203
4324 8150 8173 8401 8171
4325 11333 11313 11329 11350
4326 8400 8171 8401 8172
4327 11327 11323 11329 11321
4328 11341 11335 11344 11323
4329 8128 8141 8136 8127
4330 8124 8128 8136 8127
4331 11313 11319 11330 11309
4332 11318 11309 11330 11319
4333 8174 8182 8176 8190
4334 11329 11325 11332 11333
4335 8127 8122 8124 8123
4336 11344 11352 11351 11338
4337 11318 11308 11330 11309
4338 11318 11328 11330 11308
4339 11338 11351 11344 11325
4340 11313 11333 11330 11319
4341 11338 11323 11344 11335
4342 8252 8241 8244 8248
4343 11329 11327 11332 11323
4344 11331 11323 11332 11327
4345 11331 11318 11475 11328
4346 11330 11318 11332 11328
4347 11330 11327 11332 11329
4348 11319 11332 11333 11330
4349 11330 11328 11332 11327
4350 11331 11327 11332 11328
4351 10394 10326 10393 10318
4352 8402 8395 8400 8396
4353 8395 8667 8400 8662
4354 8216 8213 8214 8222
4355 5666 5657 5689 5704
4356 8178 8185 8163 8184
4357 8180 8182 8174 8190
4358 8180 8183 8181 8174
4359 8120 8188 8109 8116
4360 8121 8180 8181 8109
4361 8120 8180 8109 8188
4362 9800 9802 9799 9807
4363 4187 3664 3671 3672
4364 1744 1743 1742 1747
4365 9818 9824 9819 9823
4366 8173 8169 8168 8170
4367 8179 8185 8148 8178
4368 8192 8182 8178 8194
4369 8559 8551 8561 8556
4370 4777 4779 4772 4773
4371 8170 8169 8168 8163
4372 8109 8142 8135 8121
4373 8162 8168 8165 8169
4374 10033 10041 10040 10035
4375 9646 9812 9821 9653
4376 8415 8410 8403 8397
4377 8182 8185 8183 8178
4378 8194 8182 8178 8184
4379 9783 9785 9777 9801
4380 8163 8149 8168 8170
4381 5367 5345 5198 5351
4382 4744 4748 4759 4746
4383 10101 10115 10112 10116
4384 8181 8183 8175 8174
4385 9646 9812 9817 9821
4386 9821 9814 9817 9822
4387 8135 8181 8175 8109
4388 8217 8224 8215 8218
4389 8178 8183 8179 8185
4390 11360 11348 11358 11362
4391 8176 8183 8179 8178
4392 8177 8183 8179 8176
4393 8405 8415 8407 8397
4394 661 373 710 655
4395 1695 1641 1693 1637
4396 8154 8160 8209 8158
4397 9779 9783 9777 9801
4398 9846 9785 9811 9806
4399 9790 9773 9775 9780
4400 9813 9802 9814 9812
4401 9804 9802 9812 9810
4402 11443 11402 11446 11409
4403 8078 8065 8045 8081
4404 9805 9799 9801 9807
4405 11222 11221 11227 11157
4406 9802 9807 9801 9799
4407 8179 8185 8152 8148
4408 9806 9846 9838 9840
4409 9813 9807 9814 9802
4410 9808 9802 9814 9807
4411 9750 9794 9747 9755
4412 9794 9792 9797 9793
4413 10060 10036 10043 10034
4414 9815 9809 9810 9802
4415 9808 9802 9815 9814
4416 9808 9811 9815 9802
4417 9685 9753 9759 9690
4418 9794 9793 9797 9798
4419 9797 9792 9784 9793
4420 9838 9793 9798 9806
4421 9840 9841 9816 9848
4422 9814 9808 9816 9815
4423 9841 9808 9816 9814
4424 10046 10056 10208 10048
4425 10125 9916 10124 9832
4426 9832 9916 10124 9827
4427 3837 4086 3930 3937
4428 9840 9846 9816 9808
4429 9840 9808 9816 9841
4430 9797 9845 9755 9794
4431 9794 9838 9798 9845
4432 9752 9758 9682 9750
4433 9794 9793 9798 9838
4434 9847 9838 9839 9845
4435 1653 1639 1662 1645
4436 9752 9683 9690 9753
4437 9839 9682 9844 9849
4438 710 706 705 709
4439 9838 9806 9798 9846
4440 9798 9847 9845 9838
4441 9682 9683 9690 9752
4442 9722 9723 9711 9715
4443 9737 9713 9748 9746
4444 9795 9792 9791 9788
4445 11448 11447 11446 11443
4446 8114 8187 8075 8082
4447 8058 8073 8079 8076
4448 9780 9774 9773 9777
4449 8077 8084 8089 8197
4450 9809 9811 9801 9802
4451 8664 8585 8589 8594
4452 8733 8698 8735 8725
4453 9805 9807 9801 9808
4454 9802 9808 9801 9807
4455 8594 8585 8589 8583
4456 9785 9806 9801 9811
4457 9805 9808 9801 9806
4458 8036 8047 8045 8034
4459 9738 9735 9733 9766
4460 9811 9808 9801 9802
4461 9811 9806 9801 9808
4462 9805 9774 9777 9801
4463 9780 9774 9777 9805
4464 9785 9782 9783 9777
4465 9780 9805 9777 9806
4466 9801 9806 9777 9805
4467 9785 9784 9777 9793
4468 9778 9782 9775 9777
4469 9780 9806 9777 9793
4470 9785 9806 9777 9801
4471 9785 9793 9777 9806
4472 8197 8191 8077 8084
4473 9777 9780 9775 9773
4474 9784 9795 9775 9792
4475 9790 9793 9775 9792
4476 9790 9780 9775 9793
4477 9777 9793 9775 9780
4478 9777 9784 9775 9793
4479 9792 9793 9775 9784
4480 9790 9773 9787 9775
4481 8674 8675 8685 8669
4482 8676 8670 8659 8663
4483 9787 9788 9789 9790
4484 9781 9775 9788 9776
4485 9714 9709 9711 9708
4486 9781 9795 9788 9775
4487 8689 8691 8692 8687
4488 9771 9795 9772 9788
4489 9792 9790 9788 9775
4490 9792 9790 9789 9788
4491 9775 9795 9788 9792
4492 8040 8027 8038 8042
4493 8098 8087 8103 8085
4494 9795 9788 9791 9772
4495 9762 9738 9766 9735
4496 9407 9485 9420 9480
4497 9740 9742 9745 9738
4498 8743 8753 8740 8734
4499 9771 9764 9765 9762
4500 9343 9344 9410 9472
4501 9535 9530 9528 9531
4502 9671 9669 9676 9672
4503 8845 8837 8842 8841
4504 9740 9791 9745 9737
4505 832 839 873 830
4506 9788 9771 9762 9772
4507 9742 9746 9744 9740
4508 9343 9347 9346 9344
4509 9708 9713 9714 9709
4510 9742 9738 9740 9741
4511 8583 8581 8578 8577
4512 8100 8577 8103 8578
4513 9762 9767 9766 9738
4514 9713 9707 9740 9736
4515 9739 9738 9767 9770
4516 1711 1725 1707 1713
4517 8062 8102 8064 8073
4518 9791 9788 9738 9772
4519 9482 9473 9475 9461
4520 9735 9791 9766 9762
4521 2105 2109 2104 2107
4522 9786 9788 9762 9789
4523 1718 2112 1711 2109
4524 8096 8102 8101 8073
4525 9762 9789 9766 9786
4526 4123 4131 4122 4002
4527 1710 1709 1706 1707
4528 8044 8081 8045 8065
4529 11470 11326 11419 11473
4530 11419 11403 11466 11422
4531 9762 9791 9766 9789
4532 1723 1717 1714 1715
4533 9762 9761 9769 9764
4534 9767 9768 9769 9761
4535 8023 8061 8025 8024
4536 9767 9761 9769 9762
4537 9791 9789 9762 9788
4538 8068 8061 8064 8062
4539 9770 9738 9762 9772
4540 9788 9772 9762 9738
4541 9791 9738 9762 9735
4542 9791 9788 9762 9738
4543 8688 8595 8658 8682
4544 8584 8585 8589 8657
4545 9761 9767 9760 9762
4546 9766 9762 9760 9767
4547 9786 9762 9760 9766
4548 8083 8106 8103 8096
4549 8030 8032 8029 8027
4550 11431 11430 11428 11435
4551 8096 8073 8101 8095
4552 8086 8085 8090 8088
4553 8096 8085 8103 8083
4554 8583 8591 8582 8581
4555 8046 8047 8045 8036
4556 11429 11427 11432 11426
4557 11432 11433 11406 11434
4558 8095 8073 8101 8072
4559 8578 8587 8582 8583
4560 8101 8102 8103 8070
4561 8665 8676 8659 8668
4562 4075 4078 4068 4043
4563 5870 5874 5867 11661
4564 11401 11402 11404 11399
4565 8195 8187 8075 8189
4566 8682 8593 8688 8595
4567 11484 11468 11471 11477
4568 8670 8677 8669 8678
4569 8080 8197 8195 8077
4570 8582 8587 8589 8583
4571 7321 7328 7311 7322
4572 11431 11435 11428 11429
4573 8821 8809 8810 8811
4574 8061 8044 8035 8065
4575 8022 8027 8020 8025
4576 8084 8083 8089 8086
4577 11423 11417 11418 11415
4578 11184 11185 11205 11188
4579 8025 8024 8033 8044
4580 8091 8094 8092 8088
4581 11405 11409 11408 11402
4582 9751 9712 9724 9730
4583 8106 8102 8103 8096
4584 8059 8060 8062 8061
4585 8688 8682 8658 8689
4586 8686 8592 8687 8689
4587 8101 8102 8062 8073
4588 8101 8073 8062 8072
4589 8026 8025 8029 8027
4590 1881 1874 1875 1872
4591 11464 11471 11477 11479
4592 8659 8673 8658 8669
4593 8071 8058 8062 8059
4594 8106 8102 8096 8073
4595 8106 8073 8096 8083
4596 8095 8098 8103 8096
4597 8061 8060 8062 8058
4598 8099 8100 8103 8098
4599 8095 8097 8103 8098
4600 8019 8021 8020 8025
4601 8101 8096 8103 8102
4602 8059 8058 8062 8060
4603 8079 8081 8069 8074
4604 8071 8073 8062 8058
4605 8024 8044 8035 8061
4606 11442 11444 11455 11450
4607 11445 11402 11446 11443
4608 11432 11425 11398 11424
4609 11445 11409 11446 11402
4610 11402 11409 11443 11401
4611 11463 11467 11439 11443
4612 8061 8059 8024 8023
4613 11432 11434 11406 11427
4614 11432 11399 11402 11398
4615 11443 11441 11439 11476
4616 8023 8019 8020 8025
4617 11427 11420 11429 11434
4618 11436 11431 11429 11435
4619 11473 11326 11414 11322
4620 11399 11425 11432 11427
4621 8041 8050 8038 8034
4622 11400 11402 11401 11399
4623 11432 11402 11406 11405
4624 11471 11479 11464 11465
4625 11443 11401 11439 11400
4626 11405 11433 11406 11432
4627 11427 11415 11429 11420
4628 8043 8050 8038 8041
4629 11431 11437 11436 11429
4630 8749 8731 8739 8725
4631 11441 11476 11444 11451
4632 10262 10255 10263 10259
4633 11402 11409 11406 11405
4634 11235 10649 5458 11229
4635 11429 11426 11432 11428
4636 11428 11434 11432 11429
4637 11434 11437 11420 11429
4638 11419 11413 11414 11411
4639 11467 11468 11476 11463
4640 8025 8024 8020 8023
4641 11334 11336 11416 11342
4642 11443 11447 11446 11445
4643 11399 11398 11400 11402
4644 11443 11409 11439 11401
4645 11443 11400 11439 11438
4646 11463 11468 11476 11477
4647 11443 11476 11439 11463
4648 11466 11474 11464 11470
4649 8034 8044 8035 8025
4650 11415 11429 11437 11417
4651 11427 11420 11413 11415
4652 11414 11419 11412 11326
4653 11422 11403 11466 11404
4654 8032 8026 8031 8029
4655 8061 8065 8035 8024
4656 8660 8661 8656 8091
4657 11445 11402 11408 11409
4658 8709 8713 8750 8712
4659 11404 11402 11410 11407
4660 6025 6039 6035 6030
4661 11401 11402 11410 11404
4662 11421 11473 11422 11414
4663 11427 11399 11407 11406
4664 11399 11402 11407 11406
4665 11422 11404 11466 11469
4666 11410 11401 11439 11409
4667 11410 11406 11407 11402
4668 11484 11479 11477 11471
4669 8052 8047 8049 8053
4670 11141 11158 11146 11140
4671 11413 11421 11416 11415
4672 11449 11451 11444 11476
4673 11478 11483 11476 11451
4674 8042 8030 8040 8027
4675 11322 11334 11414 11340
4676 11439 11443 11440 11441
4677 11407 11420 11413 11427
4678 8025 8024 8035 8020
4679 8025 8044 8035 8024
4680 8025 8020 8035 8034
4681 11414 11334 11416 11340
4682 11420 11423 11421 11415
4683 8704 8726 8730 8729
4684 11419 11326 11414 11473
4685 11427 11407 11403 11413
4686 11427 11399 11403 11407
4687 11407 11399 11403 11402
4688 11404 11402 11403 11399
4689 11407 11402 11403 11404
4690 11425 11427 11403 11413
4691 11425 11399 11403 11427
4692 8755 8751 8759 8756
4693 9737 9713 9746 9740
4694 8078 8074 8081 8075
4695 10581 10583 10609 10608
4696 11594 11580 11499 11624
4697 8195 8189 8077 8197
4698 8197 8189 8077 8191
4699 8075 8082 8078 8114
4700 11320 11322 11412 11326
4701 8676 8665 8659 8673
4702 8114 8046 8078 8036
4703 8114 8082 8078 8046
4704 11414 11413 11422 11421
4705 8106 8083 8089 8076
4706 8086 8083 8089 8085
4707 11473 11419 11422 11414
4708 10454 10461 10447 10459
4709 8034 8035 8045 8036
4710 11449 11451 11476 11483
4711 8708 7305 7306 7309
4712 8088 8093 8086 8161
4713 8193 8161 8086 8093
4714 8197 8193 8086 8093
4715 8084 8193 8086 8197
4716 8722 8710 8712 8714
4717 1754 1761 1755 1760
4718 1640 1639 1646 1647
4719 11419 11403 11422 11413
4720 11407 11413 11422 11403
4721 8668 8676 8659 8663
4722 11478 11484 11488 11480
4723 8056 8041 8055 8050
4724 7308 7309 7306 7307
4725 8025 8044 8040 8034
4726 1890 1889 1895 1894
4727 11224 11160 11221 11220
4728 8048 8034 8050 8049
4729 8034 8047 8050 8049
4730 8578 8100 8108 8580
4731 8658 8689 8685 8688
4732 8673 8676 8669 8659
4733 10656 10649 11218 11235
4734 8065 8074 8081 8078
4735 8678 8680 8669 8670
4736 8584 8585 8657 8656
4737 8064 8073 8079 8058
4738 8089 8085 8090 8086
4739 8089 8093 8197 8086
4740 8086 8088 8090 8093
4741 8578 8587 8589 8582
4742 9715 9729 9731 9723
4743 8408 8392 8385 8413
4744 8676 8677 8669 8670
4745 8087 8091 8584 8092
4746 8090 8087 8092 8088
4747 9406 9362 9025 9018
4748 8689 8683 8588 8682
4749 11484 11477 11478 11483
4750 11443 11441 11444 11440
4751 8664 8668 8665 8659
4752 8034 8020 8038 8040
4753 8711 8713 8712 8714
4754 5296 5291 5300 5290
4755 8078 8035 8045 8065
4756 8044 8065 8045 8035
4757 8661 8091 8657 8656
4758 8092 8091 8657 8661
4759 8656 8666 8657 8661
4760 8664 8666 8657 8656
4761 8091 8584 8657 8656
4762 8092 8584 8657 8091
4763 8657 8663 8661 8666
4764 9713 9714 9717 9716
4765 8102 8107 8106 8103
4766 8046 8041 8045 8047
4767 8063 8061 8068 8067
4768 9724 9730 9723 9728
4769 8682 8587 8586 8583
4770 8034 8047 8041 8050
4771 8063 8070 8064 8062
4772 8085 8106 8107 8103
4773 8092 8107 8108 8087
4774 8045 8047 8041 8034
4775 8074 8058 8079 8076
4776 8090 8085 8107 8087
4777 8715 8713 8714 8716
4778 10631 10626 10644 10627
4779 11484 11480 11478 11477
4780 8464 8449 8738 8453
4781 2861 2866 2859 2862
4782 10476 10478 10481 10482
4783 8040 8045 8041 8034
4784 7395 7293 7401 7402
4785 4270 4265 4261 4268
4786 10439 11178 10445 11181
4787 11155 11161 10437 11153
4788 8061 8044 8033 8024
4789 8020 8025 8040 8034
4790 10568 10426 10424 10425
4791 8041 8034 8038 8040
4792 11468 11477 11463 11464
4793 11230 5299 5458 11235
4794 10462 10465 10466 10463
4795 11469 11467 11410 11463
4796 11468 11464 11463 11469
4797 11464 11466 11463 11469
4798 11404 11469 11463 11466
4799 10438 10443 10436 10439
4800 8020 8027 8030 8025
4801 8020 8025 8030 8040
4802 9709 9713 9714 9748
4803 11468 11483 11476 11477
4804 8022 8020 8038 8048
4805 8022 8027 8038 8020
4806 11444 11441 11450 11442
4807 7322 7319 7374 7373
4808 4993 4992 4990 4999
4809 11449 11476 11444 11441
4810 4992 4997 4990 4999
4811 11167 11172 11168 11170
4812 4966 4970 4973 4972
4813 10463 10459 10466 10462
4814 11476 11449 11443 11441
4815 11476 11467 11443 11449
4816 11463 11467 11443 11476
4817 8714 8718 8728 8717
4818 11410 11463 11439 11404
4819 11410 11404 11439 11401
4820 11467 11463 11439 11410
4821 7890 7903 7909 7889
4822 10439 11161 10437 11155
4823 11444 11451 11450 11441
4824 11444 11443 11448 11441
4825 11444 11450 11457 11455
4826 11441 11440 11442 11444
4827 5445 11235 10649 5458
4828 11444 11447 11448 11443
4829 11449 11441 11448 11443
4830 11444 11441 11448 11449
4831 8029 8025 8033 8030
4832 9747 9737 9754 9796
4833 8079 8074 8069 8058
4834 11444 11447 11457 11448
4835 8065 8074 8069 8081
4836 11443 11409 11446 11439
4837 11439 11467 11446 11443
4838 10602 10609 10605 10608
4839 8682 8583 8689 8593
4840 8061 8058 8068 8060
4841 8026 8027 8029 8032
4842 8030 8027 8029 8025
4843 8452 8468 8447 8467
4844 9435 9437 9442 9438
4845 11444 11456 11457 11447
4846 8032 8027 8031 8026
4847 8103 8102 8104 8070
4848 8595 8583 8658 8682
4849 8079 8089 8080 8076
4850 8658 8682 8685 8689
4851 9455 9450 9454 9453
4852 9714 9712 9711 9709
4853 8749 8734 8753 8751
4854 1209 1217 1190 1207
4855 8061 8065 8069 8044
4856 9736 9707 9740 9734
4857 8716 8713 8721 8715
4858 1772 1784 1767 1770
4859 11459 11455 11453 10479
4860 8580 8103 8105 8104
4861 8682 8583 8586 8588
4862 8578 8585 8589 8584
4863 8689 8592 8687 8593
4864 8066 8061 8033 8025
4865 8725 8731 8724 8722
4866 8030 8044 8040 8025
4867 9753 9724 9759 9751
4868 9732 9443 9439 9436
4869 8108 8087 8107 8100
4870 8087 8584 8108 8092
4871 8100 8103 8105 8580
4872 8062 8058 8068 8061
4873 8061 8066 8068 8067
4874 8061 8060 8069 8065
4875 8579 8103 8580 8104
4876 8582 8585 8589 8578
4877 8068 8063 8064 8061
4878 8062 8070 8064 8102
4879 8689 8593 8687 8682
4880 8103 8087 8107 8085
4881 8577 8583 8579 8578
4882 8578 8100 8580 8103
4883 10612 10582 10586 10583
4884 9451 9473 9452 9461
4885 8065 8060 8069 8058
4886 8688 8689 8685 8694
4887 8577 8103 8580 8579
4888 8577 8578 8580 8103
4889 8579 8578 8580 8577
4890 8579 8587 8580 8583
4891 8578 8583 8580 8587
4892 8579 8583 8580 8578
4893 8589 8584 8108 8578
4894 8578 8580 8108 8589
4895 8064 8069 8068 8058
4896 8068 8058 8069 8060
4897 8100 8087 8107 8103
4898 8714 8749 8750 8722
4899 8580 8587 8589 8578
4900 8062 8058 8064 8068
4901 8694 8675 8695 8685
4902 8062 8073 8064 8058
4903 8842 8824 8846 8843
4904 8689 8682 8685 8684
4905 8690 8693 8692 8691
4906 8690 8699 8692 8693
4907 1775 1776 1770 1780
4908 8105 8108 8107 8100
4909 8106 8064 8102 8073
4910 8689 8690 8692 8691
4911 8689 8684 8692 8690
4912 8698 8697 8725 8726
4913 8694 8684 8685 8690
4914 8687 8682 8688 8689
4915 8092 8584 8108 8657
4916 8914 8922 8923 8917
4917 8672 8671 8737 8745
4918 8669 8673 8685 8674
4919 9452 9437 9459 9435
4920 8688 8674 8694 8685
4921 8692 8684 8694 8690
4922 9709 9713 9736 9707
4923 8688 8673 8685 8658
4924 8692 8689 8694 8684
4925 8685 8690 8695 8694
4926 8665 8673 8658 8659
4927 8665 8595 8658 8673
4928 8589 8583 8658 8594
4929 8595 8594 8658 8583
4930 8589 8594 8658 8664
4931 8658 8587 8682 8583
4932 8664 8665 8658 8659
4933 8740 8731 8739 8749
4934 8706 8698 8732 8726
4935 9720 9712 9714 9748
4936 10438 10451 10442 10454
4937 9756 9712 9720 9748
4938 9754 9747 9749 9737
4939 9329 9313 9307 9308
4940 9797 9795 9784 9792
4941 9772 9791 9745 9738
4942 9737 9740 9746 9745
4943 9791 9737 9796 9745
4944 9441 9732 8829 9434
4945 9740 9738 9745 9791
4946 9727 9730 9732 9728
4947 9754 9755 9749 9747
4948 9739 9742 9741 9738
4949 9329 9326 9307 9313
4950 9475 9474 9476 9477
4951 2100 2103 2096 2102
4952 9755 9794 9747 9797
4953 9469 9468 9475 9462
4954 9754 9737 9749 9748
4955 9755 9757 9749 9750
4956 9738 9791 9740 9735
4957 9747 9755 9749 9750
4958 9797 9794 9747 9792
4959 9796 9792 9747 9791
4960 9743 9713 9740 9744
4961 9734 9735 9740 9736
4962 9734 9738 9740 9735
4963 9740 9713 9746 9744
4964 9736 9713 9737 9740
4965 9719 9715 9731 9718
4966 7337 7344 7349 7357
4967 7307 7309 7306 7305
4968 9729 9730 9723 9712
4969 9753 9686 9690 9685
4970 9748 9713 9714 9720
4971 9740 9791 9737 9735
4972 9740 9735 9737 9736
4973 9687 9692 9696 9701
4974 9770 9745 9742 9738
4975 9313 9304 9307 9308
4976 9485 9483 9476 9484
4977 9484 9481 9476 9482
4978 9755 9796 9797 9747
4979 9436 9443 9441 9732
4980 5819 5805 5797 5804
4981 9327 9326 9307 9329
4982 9724 9712 9723 9730
4983 9745 9754 9746 9737
4984 8847 8828 8827 8846
4985 9727 9728 9732 9669
4986 9756 9757 9751 9749
4987 9746 9756 9720 9748
4988 8931 8993 8992 8934
4989 8773 8765 8763 8770
4990 9711 9708 9710 9714
4991 9749 9748 9756 9754
4992 9692 9687 9696 9686
4993 8840 9449 9434 9731
4994 8849 8829 8844 8839
4995 9731 8840 9727 9434
4996 9723 9722 9727 9731
4997 8679 8671 8698 8685
4998 7368 7370 7372 7369
4999 8669 8680 8679 8671
5000 7376 7377 7364 7361
5001 8031 8027 8037 8026
5002 8704 8729 8703 8726
5003 8685 8669 8679 8671
5004 8675 8669 8679 8685
5005 8975 8959 8963 8966
5006 9715 9712 9714 9729
5007 9748 9712 9714 9709
5008 9723 9712 9715 9729
5009 8843 8803 8804 8800
5010 9729 9712 9714 9720
5011 8700 8697 8696 8684
5012 9715 9729 9714 9719
5013 9722 9715 9710 9721
5014 9714 9715 9710 9711
5015 9716 9719 9718 9714
5016 7309 7317 7310 7316
5017 9711 9715 9710 9722
5018 9729 9717 9720 9714
5019 9717 9743 9744 9713
5020 8679 8695 8675 8685
5021 8698 8671 8707 8733
5022 11478 11451 11487 11483
5023 8714 8726 8728 8722
5024 8726 8697 8724 8723
5025 8679 8685 8698 8705
5026 8726 8697 8696 8700
5027 8032 8027 8037 8031
5028 8700 8684 8696 8683
5029 8725 8726 8724 8731
5030 8701 8699 8700 8690
5031 8702 8699 8700 8701
5032 9432 9429 9427 9428
5033 8726 8723 8696 8697
5034 8711 8714 8712 8710
5035 8702 8701 8700 8704
5036 10542 10543 10558 10562
5037 8840 8839 8838 9726
5038 8844 8838 8842 8845
5039 9436 9435 9442 9438
5040 8724 8731 8728 8722
5041 8714 8722 8750 8712
5042 8733 8671 8735 8698
5043 11194 11195 11192 11201
5044 8704 8726 8700 8706
5045 8704 8701 8700 8703
5046 8703 8726 8700 8704
5047 8698 8726 8700 8697
5048 8706 8726 8700 8698
5049 8702 8706 8704 8700
5050 8698 8697 8700 8684
5051 8685 8684 8700 8690
5052 8690 8699 8700 8695
5053 8698 8705 8700 8706
5054 8685 8705 8700 8698
5055 8698 8684 8700 8685
5056 8685 8695 8700 8705
5057 8685 8690 8700 8695
5058 8037 8026 8028 8031
5059 8038 8043 8051 8050
5060 8468 8455 8452 8447
5061 8671 8733 8735 8745
5062 8456 8450 8449 8385
5063 7309 7308 7311 7322
5064 10453 10459 10463 10452
5065 11444 11451 11460 11450
5066 11182 11185 11165 11180
5067 2846 2850 2848 2851
5068 11455 11456 11459 11457
5069 11458 11456 11459 11455
5070 10476 10478 10479 11455
5071 11284 11245 11247 11285
5072 11461 11457 11460 11455
5073 11455 11458 10479 11459
5074 11455 10478 10479 11458
5075 11454 11450 11453 11455
5076 8830 8824 8833 8846
5077 11444 11449 11460 11451
5078 7422 7450 7453 7458
5079 2857 2854 2852 2856
5080 11457 11450 11460 11455
5081 11455 11450 11460 11451
5082 5886 5900 5896 5899
5083 7399 7431 7426 7432
5084 11444 11450 11460 11457
5085 1732 1738 2118 2124
5086 8038 8027 8039 8042
5087 7356 7358 7361 7355
5088 10418 10417 10419 10421
5089 7372 7369 7331 7357
5090 8737 8735 8741 8745
5091 8698 8679 8707 8671
5092 8672 8745 8681 8671
5093 635 566 636 558
5094 8725 8733 8739 8735
5095 10501 10506 10504 10502
5096 8422 8456 8385 8421
5097 11230 11235 5458 11229
5098 8054 8057 8126 8053
5099 8739 8743 8740 8734
5100 10436 10451 10442 10438
5101 8704 8732 8730 8726
5102 9435 9452 9458 9459
5103 9669 8839 8829 9732
5104 8749 8735 8739 8734
5105 8838 9726 9725 8840
5106 8468 8472 8471 8467
5107 8719 8749 8752 8714
5108 7310 7309 8747 7306
5109 8465 8464 8466 8468
5110 7292 7295 7301 7297
5111 10563 10560 10579 10553
5112 10435 10429 10430 10426
5113 8747 7316 8757 8713
5114 7442 7427 7433 7440
5115 10400 10398 10422 10412
5116 9696 9687 9677 9670
5117 7974 7973 7975 7976
5118 10476 10478 10482 10479
5119 10482 10477 10481 10476
5120 10440 10451 10442 10436
5121 10485 10479 10480 10476
5122 10485 10477 10482 10476
5123 10411 10417 10428 10398
5124 10438 10443 10442 10436
5125 8729 8726 8730 8727
5126 8814 8823 8813 8772
5127 10487 10482 10485 10477
5128 10481 10477 10484 10483
5129 10481 10482 10484 10477
5130 10413 10477 10484 10414
5131 10483 10477 10484 10413
5132 8721 8713 8720 8715
5133 10422 10414 10400 10412
5134 8715 8716 8714 8717
5135 11344 11333 11332 11325
5136 7315 7326 7325 7311
5137 7322 7319 7373 7318
5138 7311 7314 7315 7313
5139 7322 7328 7311 7326
5140 8710 8723 8714 8722
5141 8698 8733 8732 8725
5142 8809 8803 8811 8805
5143 9449 9718 9719 9731
5144 8716 8718 8714 8717
5145 8840 8837 9725 8838
5146 8795 8797 8796 8790
5147 9453 9473 9452 9451
5148 7306 7309 8709 8708
5149 7327 7320 7335 7319
5150 8722 8731 8714 8749
5151 8724 8722 8714 8723
5152 8726 8722 8714 8724
5153 8724 8723 8714 8726
5154 8727 8726 8728 8714
5155 8726 8698 8732 8725
5156 7309 8713 8709 8708
5157 8712 8711 8709 8713
5158 8722 8726 8728 8724
5159 9723 9722 9731 9715
5160 8716 8719 8752 8714
5161 8842 8841 8846 8845
5162 7309 8713 8747 8709
5163 8728 8719 8718 8714
5164 8824 8846 8804 8833
5165 8714 8717 8728 8727
5166 8709 8713 8747 8750
5167 7309 7316 8747 8713
5168 7310 7316 8747 7309
5169 9902 9701 9694 9673
5170 8009 8008 8011 8016
5171 7374 7375 7335 7327
5172 8750 8749 8752 8753
5173 7313 7309 7315 7311
5174 8752 8750 8757 8713
5175 8725 8731 8732 8726
5176 8712 8713 8752 8716
5177 8750 8713 8752 8712
5178 8750 8714 8752 8749
5179 8740 8752 8719 8749
5180 8750 8712 8752 8714
5181 8716 8714 8752 8712
5182 9449 8840 8848 9450
5183 9731 9726 9727 8840
5184 9729 9715 9731 9719
5185 9449 9448 9731 8840
5186 9715 9722 9731 9721
5187 9452 9473 9457 9461
5188 9397 9429 9432 9398
5189 1207 1214 1208 1215
5190 9499 9581 9580 9529
5191 9721 9722 9731 9726
5192 9429 9405 9398 9397
5193 9451 9461 9460 9473
5194 9433 9398 9432 9429
5195 9460 9473 9475 9474
5196 9407 9409 9420 9424
5197 9424 9411 9409 9413
5198 9451 9450 9452 9453
5199 9731 8840 9725 9726
5200 9731 9726 9725 9721
5201 9449 9450 9452 9448
5202 9451 9448 9452 9450
5203 9317 9440 9307 9326
5204 9753 9683 9690 9686
5205 9732 9729 9730 9727
5206 9842 9843 9850 9825
5207 7436 7434 7442 7440
5208 2092 2096 2113 2091
5209 9422 9419 9420 9424
5210 9329 9308 9307 9310
5211 9407 9411 9466 9412
5212 832 881 873 839
5213 9468 9461 9462 9437
5214 8839 9727 9732 9669
5215 8383 8670 8390 8387
5216 9672 9677 9676 9674
5217 9671 8829 8844 8825
5218 7128 7133 7130 7132
5219 9313 9326 9307 9304
5220 8839 9434 9732 9727
5221 9670 9669 9695 9728
5222 8835 8825 9674 8760
5223 9732 9728 9695 9669
5224 8318 8307 8302 8295
5225 9693 9691 9828 9688
5226 9850 9842 9844 9849
5227 2152 2146 2142 2143
5228 8400 8403 8402 8396
5229 9685 9686 9690 9696
5230 9750 9758 9682 9839
5231 9828 9826 9825 9836
5232 11114 11118 11121 11115
5233 9834 9836 9825 9830
5234 9843 9834 9825 9830
5235 9669 8839 9671 8829
5236 9697 9304 9445 9306
5237 9828 9825 9844 9850
5238 9850 9825 9844 9842
5239 7954 7957 7961 7956
5240 9825 9828 9844 9826
5241 9691 9686 9688 9692
5242 9847 9842 9849 9839
5243 9706 9700 10128 9699
5244 7406 7403 7405 7396
5245 10128 9706 10126 10134
5246 9849 9845 9847 9839
5247 9909 9914 9930 9913
5248 10153 10154 10162 10161
5249 9682 9758 9849 9839
5250 9828 9849 9850 9844
5251 9693 9689 9905 9692
5252 97 95 607 91
5253 9753 9685 9759 9724
5254 9695 9728 9759 9685
5255 9724 9728 9759 9730
5256 9685 9728 9759 9724
5257 10128 9699 10126 9706
5258 9844 9828 9691 9684
5259 9691 9828 9688 9684
5260 7961 7957 7962 7956
5261 7454 7459 7435 7424
5262 9844 9684 9691 9682
5263 9844 9682 9691 9849
5264 8834 8825 8835 8826
5265 9691 9758 9849 9682
5266 9682 9683 9691 9690
5267 9684 9683 9691 9682
5268 9917 9689 9694 9905
5269 9690 9683 9691 9686
5270 9696 9703 9698 9697
5271 9696 9692 9698 9703
5272 10127 10133 10126 10124
5273 9828 9836 9827 9826
5274 9924 9918 9920 9923
5275 8755 8736 8466 8465
5276 9827 9836 9832 9826
5277 8132 8126 8057 8125
5278 9892 9904 9890 9897
5279 1755 1760 1745 1665
5280 9905 9701 9694 9902
5281 7419 8463 8435 7411
5282 7423 7430 7426 7429
5283 7399 7398 7403 7395
5284 9693 9688 9915 9689
5285 9700 9698 9705 9305
5286 9827 9688 9915 9693
5287 7343 7300 7340 7336
5288 9408 9343 9410 9472
5289 5425 5412 5422 5432
5290 10727 10725 10729 10724
5291 10373 10376 10371 10374
5292 9951 9959 10199 10200
5293 8050 8056 8054 8053
5294 7872 7873 7865 7863
5295 9826 9836 9831 9825
5296 8421 8413 8385 8422
5297 9650 9813 9817 9812
5298 8393 8456 8394 8385
5299 7409 7412 7405 7395
5300 8672 8384 8746 8738
5301 7680 7678 7679 7675
5302 11254 11250 11249 11248
5303 7300 7402 7401 7293
5304 7864 7871 7865 7862
5305 8796 8789 8787 9852
5306 11089 11093 11088 10491
5307 10532 10539 10537 10530
5308 10533 11136 10507 11135
5309 8738 8449 8384 8394
5310 8449 8453 8447 8454
5311 8394 8385 8384 8393
5312 2868 2849 2851 2847
5313 8385 8394 8449 8456
5314 8408 8413 8421 8409
5315 8450 8456 8449 8454
5316 8742 8394 8453 8738
5317 8469 8468 8464 8447
5318 7451 7456 7448 7452
5319 7950 7944 7449 7951
5320 8672 8391 8746 8384
5321 8394 8453 8738 8449
5322 11188 11190 11189 11185
5323 10750 10757 10751 11252
5324 11316 11204 11211 11481
5325 8467 8462 8471 8461
5326 11260 11277 11287 11282
5327 8392 8422 8393 8385
5328 11199 11120 11203 11116
5329 8456 8453 8394 8449
5330 8456 8450 8385 8421
5331 11123 11115 11077 11114
5332 8127 8125 8129 8132
5333 8448 8452 8447 8451
5334 11191 11200 11212 11208
5335 8435 7411 7384 7419
5336 11200 11317 11196 11191
5337 10125 10139 10137 10156
5338 11485 11211 11173 11481
5339 8450 8454 8447 8448
5340 11254 11250 10737 10740
5341 8125 8053 8126 8057
5342 2620 2681 2612 2688
5343 7463 7462 7452 7461
5344 8128 8127 8130 8133
5345 11238 11245 11247 11284
5346 8467 8451 8447 8452
5347 7455 7447 7351 7450
5348 1960 1955 1956 1954
5349 11175 11211 11207 11170
5350 8464 8468 8465 8467
5351 8408 8413 8385 8421
5352 11209 11214 11188 11205
5353 7387 7400 7389 7397
5354 4994 4995 4967 4990
5355 11174 11488 11173 11169
5356 7120 7230 7232 7236
5357 8385 8394 8384 8449
5358 8681 8679 8680 8671
5359 8737 8745 8746 8672
5360 2847 2862 2859 2866
5361 8744 8756 8743 8736
5362 9434 8840 8849 9449
5363 9135 9137 9309 9316
5364 8390 8383 8384 8670
5365 8745 8739 8733 8735
5366 8385 8383 8384 8392
5367 8390 8670 8672 8680
5368 7412 7396 7405 7395
5369 7310 7294 7330 7295
5370 7338 7428 7421 7425
5371 2184 2191 2186 2182
5372 10612 10616 10617 10613
5373 11174 11171 11489 11169
5374 2764 2760 2758 2763
5375 11161 11159 10437 11153
5376 7336 7334 7343 7342
5377 8736 8734 8743 8741
5378 10669 10736 10666 10738
5379 7988 7991 7990 7981
5380 241 238 240 234
5381 11235 11233 11236 11239
5382 9395 9006 9430 9431
5383 8756 8736 8466 8755
5384 8735 8734 8741 8739
5385 8737 8734 8741 8735
5386 8465 8736 8466 8464
5387 7907 7906 7908 7890
5388 8919 8915 8916 8920
5389 8736 8734 8756 8743
5390 8734 8736 8756 8755
5391 8758 8748 7299 8747
5392 4895 4894 4898 4897
5393 11177 11187 11183 11184
5394 8466 8736 8744 8464
5395 8469 8742 8453 8464
5396 8734 8751 8756 8753
5397 8755 8751 8756 8734
5398 7421 7422 7424 7429
5399 11179 11184 11168 11183
5400 10467 10474 10470 11166
5401 10617 10582 10671 10673
5402 10672 10590 10674 10673
5403 11230 11233 11236 11235
5404 10574 10577 10567 10571
5405 8195 8198 8196 8189
5406 10678 10671 10704 10700
5407 10627 10650 10644 10631
5408 5298 5302 5292 5283
5409 10705 10701 10698 10699
5410 10637 10451 10440 10436
5411 11142 11144 11165 11146
5412 10397 11176 11166 10486
5413 10736 10669 10666 10664
5414 11141 11286 11228 11157
5415 10404 10535 10402 10528
5416 11179 11182 11178 11180
5417 11184 10404 11183 10528
5418 11227 11224 11160 11221
5419 1895 1893 1894 1889
5420 11245 11219 11246 11222
5421 2881 2883 2876 2534
5422 10736 10737 11253 10665
5423 10655 10644 10645 10639
5424 11223 11248 10665 11253
5425 10656 11217 11235 11223
5426 10649 10651 10648 11217
5427 2507 1979 2872 2879
5428 10689 10691 10682 10686
5429 11260 11268 11256 11257
5430 2855 2905 2857 2853
5431 10651 10649 10656 11217
5432 10660 10651 10659 10656
5433 11488 11480 11169 11478
5434 10651 10654 10656 10649
5435 10660 11217 10656 11223
5436 10651 10659 10656 10654
5437 11177 11171 11172 11167
5438 10404 10528 11184 11186
5439 11213 11208 11207 11212
5440 11236 5300 11238 11231
5441 7807 7799 7798 7801
5442 11189 11185 11184 11188
5443 11189 10404 11187 11184
5444 11186 11185 11184 11189
5445 4735 4736 5013 4730
5446 11235 11217 10648 11233
5447 11219 11235 11236 11223
5448 10402 10528 11183 10404
5449 11167 11183 10446 11179
5450 11176 11187 10406 11183
5451 4986 4958 4984 4953
5452 11228 11225 11227 11222
5453 10404 10403 11183 10402
5454 11236 5299 11231 11230
5455 10656 10654 10652 10649
5456 8748 7294 7299 7310
5457 11183 10403 10397 10402
5458 11179 11181 11178 11182
5459 7123 7138 7147 7146
5460 5280 5292 5302 5283
5461 10634 10627 10626 10625
5462 5458 5454 5457 10649
5463 11177 11176 11167 11183
5464 10543 10542 10541 10549
5465 10703 10666 10736 10738
5466 10668 10663 10666 10662
5467 10243 10247 10246 10253
5468 11187 10403 10406 11183
5469 11184 11187 11183 10404
5470 2868 2831 2866 2847
5471 4882 4910 4867 4904
5472 11166 10397 10446 11167
5473 10223 10226 10267 10281
5474 5300 5295 5299 11236
5475 11167 11177 11168 11172
5476 10648 11235 11229 10649
5477 5455 5449 5456 5446
5478 5506 5518 5502 5501
5479 11169 11173 11170 11480
5480 10657 10654 10655 10653
5481 11481 11480 11170 11173
5482 11238 5300 5301 11232
5483 5298 5292 5301 5291
5484 2871 2877 1822 2865
5485 10441 10655 10639 10653
5486 2508 2507 2514 2510
5487 5299 5445 5458 11235
5488 4983 4988 4982 4997
5489 1820 1819 1829 1826
5490 11184 11188 11205 11168
5491 11162 11182 11156 11155
5492 5296 5301 5291 5298
5493 11188 11185 11205 11214
5494 11210 11214 11205 11206
5495 5295 5300 5290 5296
5496 11169 11174 11170 11173
5497 10533 10538 10532 10539
5498 11130 11131 11087 11132
5499 11167 11176 11166 10397
5500 11237 11234 11240 11238
5501 11210 11208 11205 11207
5502 10479 11461 10480 11453
5503 11153 11162 11154 11156
5504 11144 11185 11205 11180
5505 11169 11478 11482 11488
5506 11223 11225 11246 11221
5507 11153 11220 11154 11160
5508 11156 11182 11164 11155
5509 11153 11160 11154 11162
5510 10466 10459 10447 10461
5511 11172 11175 11209 11170
5512 5302 5298 5301 11273
5513 11218 11223 11221 11220
5514 11154 11220 11221 11160
5515 5544 2715 5548 5545
5516 11178 11182 11164 11180
5517 11212 11208 11207 11204
5518 11151 11141 11146 11140
5519 11169 11167 11170 11172
5520 11272 11232 11237 11273
5521 5301 5296 5300 11238
5522 11220 11223 11221 11224
5523 11209 11210 11205 11207
5524 1975 1821 1978 1977
5525 11169 11172 11170 11174
5526 11175 11173 11211 11170
5527 11211 11204 11207 11481
5528 11155 11182 11164 11178
5529 11172 11188 11177 11168
5530 5205 5206 5201 5202
5531 11032 11033 11029 11028
5532 11210 11208 11207 11213
5533 11143 11151 11150 11145
5534 11214 11206 11126 11185
5535 1957 1958 1953 1954
5536 5301 5296 5291 5300
5537 11243 11239 11242 11246
5538 11285 11284 11288 11289
5539 11247 11238 11240 11246
5540 11246 11236 11240 11239
5541 11288 11289 11287 11260
5542 9652 9823 9655 9817
5543 11231 11234 11238 11236
5544 11246 11243 11240 11247
5545 5191 5190 11264 5197
5546 11009 11016 11020 11010
5547 11222 11157 11227 11228
5548 11023 11027 11018 11021
5549 11168 11209 11205 11207
5550 11188 11209 11205 11168
5551 11180 11185 11205 11184
5552 11180 11184 11205 11168
5553 11127 10538 10533 11136
5554 5199 5346 5201 5285
5555 11156 11164 11165 11142
5556 7262 7260 7255 7209
5557 11016 11015 11020 11018
5558 11194 11201 11202 11195
5559 2062 2493 2492 2490
5560 11273 11272 11277 11279
5561 10803 10359 10807 10372
5562 11288 11294 11292 11293
5563 11273 5301 11271 11232
5564 8448 8451 8458 8452
5565 11383 11372 11373 11379
5566 11245 11222 11247 11285
5567 11283 11297 11282 11263
5568 2236 2683 2686 2684
5569 5053 5075 5044 5079
5570 4833 4908 4899 4900
5571 11234 11239 11240 11236
5572 11234 11236 11240 11238
5573 11246 11238 11240 11236
5574 11144 11185 11126 11206
5575 11144 11206 11126 11145
5576 11225 11221 11227 11222
5577 11226 11222 11228 11285
5578 11238 11245 11246 11247
5579 11221 11154 11227 11157
5580 10565 10554 10540 10564
5581 11285 11222 11228 11286
5582 11214 11185 11126 11190
5583 11160 11163 11227 11154
5584 11252 11255 11251 11268
5585 7194 7189 7130 7134
5586 10745 10740 10756 10742
5587 10729 10732 10731 10734
5588 1991 1949 1957 1951
5589 11146 11144 11126 11145
5590 11247 11243 11244 11254
5591 11186 11185 11127 11184
5592 11184 10528 11127 11186
5593 11129 11185 11127 11186
5594 11128 11185 11127 11129
5595 11246 11226 11247 11222
5596 7410 8462 7416 8463
5597 11141 11157 11163 11158
5598 11232 11238 11237 11273
5599 11223 11219 11246 11236
5600 2874 2880 2882 2876
5601 11246 11249 11248 11254
5602 11158 11157 11163 11154
5603 10745 10739 10741 10744
5604 11219 11221 11246 11222
5605 11219 11223 11246 11221
5606 11239 11242 11246 11223
5607 11141 11227 11163 11157
5608 11144 11164 11165 11180
5609 11182 11180 11165 11164
5610 11157 11154 11227 11163
5611 11158 11154 11163 11156
5612 11162 11156 11163 11154
5613 10395 10803 10372 10396
5614 11237 11231 11234 11238
5615 2514 2517 2516 2510
5616 10611 10618 10670 10663
5617 2861 2867 2862 2873
5618 2699 2696 2692 2695
5619 11237 11238 11241 11273
5620 11240 11238 11241 11237
5621 11240 11247 11241 11238
5622 11273 11238 11241 11247
5623 1981 1976 1983 1975
5624 7679 7675 7676 7680
5625 1973 1967 1974 2066
5626 4945 5011 5012 5007
5627 2880 2883 2882 2876
5628 5559 5556 5550 5557
5629 4730 5025 5013 4735
5630 4925 5007 4945 5008
5631 4950 4927 4915 4943
5632 4939 4980 4983 4989
5633 11525 11530 11526 11524
5634 4949 4948 4942 4943
5635 4943 4949 4950 4927
5636 5590 5573 5574 5551
5637 4943 4914 4915 4950
5638 5555 5551 5575 5573
5639 5632 5597 5590 5638
5640 4937 4930 4931 4927
5641 4946 4941 4939 4944
5642 2078 2072 2071 2077
5643 2507 2879 2872 2508
5644 4994 4990 4981 4982
5645 5638 5629 5635 5637
5646 4925 4947 4941 4926
5647 2871 2872 1822 2877
5648 2891 2884 2887 2885
5649 5626 2187 2186 5637
5650 5617 5620 5616 5622
5651 1823 1979 2872 2507
5652 5468 5464 5611 5463
5653 2867 2869 2862 2873
5654 2879 2878 2872 2875
5655 4941 5004 4944 5007
5656 4476 4487 4470 4494
5657 4926 4949 4942 4927
5658 5001 4483 4482 4991
5659 2879 2881 2875 2508
5660 2878 2881 2880 2875
5661 5615 5624 5617 5618
5662 5112 5120 5118 5099
5663 2869 2862 2874 2863
5664 4941 5007 4944 4945
5665 5625 5620 5624 5617
5666 2699 2695 2692 2698
5667 5624 5566 5618 5563
5668 4947 4944 4945 4941
5669 4447 5803 4453 4444
5670 5632 5638 5590 5636
5671 2867 2880 2869 2873
5672 2640 5502 2637 5509
5673 4999 5002 5001 4993
5674 2203 2197 2194 2196
5675 4943 4914 4950 4916
5676 5583 5570 5582 5578
5677 1978 1821 1823 1830
5678 4946 4948 4940 4942
5679 2646 2648 2637 5508
5680 4985 4988 4987 4979
5681 4915 4921 4931 4937
5682 5586 5585 5580 5578
5683 4913 4912 5002 4916
5684 2865 2871 2860 1822
5685 2872 2878 2871 2875
5686 1993 1992 1994 1999
5687 4948 4943 4940 4942
5688 11285 11284 11289 11247
5689 5574 5565 5570 5562
5690 5617 5614 5616 5620
5691 4944 5004 4939 4989
5692 4988 4989 4983 4980
5693 10698 10611 10613 10618
5694 1830 1821 1823 1820
5695 4944 4941 4939 5004
5696 4988 4980 4983 4979
5697 4942 4941 4939 4946
5698 4942 4946 4939 4940
5699 1976 1979 1823 2507
5700 1829 1820 1822 1819
5701 1830 1820 1822 1829
5702 1823 1820 1822 1830
5703 2877 1829 1830 1822
5704 2860 2858 2861 2864
5705 11486 11489 11171 11482
5706 1829 1819 2860 1828
5707 4998 4940 5000 4992
5708 4944 5067 5011 5004
5709 2904 2863 2898 2849
5710 1890 1828 2860 1819
5711 5527 5534 5529 5538
5712 2861 2858 2859 2864
5713 4939 4998 4983 4940
5714 5634 5628 5633 5627
5715 2869 2866 2867 2862
5716 4998 4940 4992 4983
5717 2864 1828 2860 2858
5718 4948 4912 5000 4940
5719 5000 4916 5002 4912
5720 4992 4940 5000 4912
5721 2865 2878 2867 2871
5722 2872 2877 2871 2878
5723 4980 5067 4989 5004
5724 4992 4912 5000 4993
5725 4981 4953 4956 4986
5726 4939 4989 4983 4998
5727 2876 2873 2874 2880
5728 1829 2865 2860 1822
5729 4992 4993 5000 4999
5730 5620 5615 5617 5614
5731 2865 2871 2861 2860
5732 2860 2864 2861 2865
5733 2867 2864 2865 2861
5734 10438 10451 10450 10436
5735 2871 2865 2861 2867
5736 6978 7085 7083 6979
5737 11679 11685 11677 11640
5738 4711 4564 4712 4708
5739 5000 4997 4998 4992
5740 5620 5614 5616 5619
5741 4993 4999 4991 5001
5742 4573 4565 4583 4580
5743 5616 5614 5528 5619
5744 4994 4999 4995 4990
5745 2861 2867 2873 2871
5746 4982 4987 4981 4994
5747 10529 10532 10537 10530
5748 2906 2905 2898 2899
5749 2862 2868 2863 2869
5750 2871 2867 2873 2878
5751 2870 2882 2884 2874
5752 2871 2878 2873 2875
5753 2719 2191 2188 2182
5754 5624 5625 5617 5618
5755 4913 4993 5002 4912
5756 5518 5536 5519 5511
5757 5616 5619 5528 5538
5758 10675 10707 10708 10680
5759 11341 11332 11331 11323
5760 5000 4912 5002 4993
5761 2723 2716 2718 2725
5762 5001 4483 4490 4482
5763 2715 5520 2640 5545
5764 2703 2721 2709 2705
5765 4483 4993 4991 5001
5766 5787 5589 5600 5599
5767 11104 11109 11105 11101
5768 2650 2654 2725 2716
5769 4709 4705 4707 4704
5770 2650 2707 2725 2654
5771 5633 5634 5546 5630
5772 5630 5634 5546 5547
5773 5545 2715 2723 2722
5774 5001 4991 4482 4996
5775 4913 4993 4483 5002
5776 11486 11176 10486 11166
5777 5394 5402 5403 5384
5778 4571 4573 4572 4565
5779 4027 4025 4019 3855
5780 4965 4970 4971 4966
5781 7320 7319 7327 7322
5782 5001 4995 4999 4991
5783 4977 4970 4971 4577
5784 4977 4577 4576 4970
5785 10627 10654 10644 10650
5786 4490 4492 4584 4484
5787 4970 4965 4969 4964
5788 2861 2864 2859 2866
5789 1905 2823 2819 2820
5790 2673 2672 2674 2668
5791 2822 2823 2821 2820
5792 4987 4988 4982 4979
5793 5619 5621 5538 5616
5794 5534 5621 5539 5538
5795 10699 10670 10698 10703
5796 4994 4990 4967 4981
5797 2909 2907 2908 2900
5798 4909 4870 4865 4868
5799 11098 11096 11089 11091
5800 10649 11217 10648 11235
5801 5498 2638 5506 5508
5802 2839 2838 2846 2835
5803 4973 4961 4962 4966
5804 6995 6999 7001 6998
5805 4995 4967 4971 4976
5806 2841 2828 2829 2838
5807 2830 2822 2838 2823
5808 5505 5517 5521 5474
5809 2833 2823 2838 2822
5810 5516 5510 5515 5518
5811 2841 2840 2838 2839
5812 2851 2847 2846 2831
5813 10645 10637 10440 10639
5814 11454 11461 11453 10480
5815 1529 1542 1541 1540
5816 2760 2844 2843 2759
5817 10445 11181 10446 10448
5818 10445 11179 10446 11181
5819 10650 10651 10627 10654
5820 2447 2420 2432 2445
5821 10455 10458 10456 10451
5822 10443 11161 10437 10439
5823 11486 10480 11454 10474
5824 10473 10474 10470 10467
5825 10470 10474 10475 10477
5826 10440 10443 10441 10436
5827 11178 11179 10445 11181
5828 1890 2858 1895 1889
5829 10442 10454 10447 10438
5830 10484 10477 10475 10414
5831 11169 11171 11482 11166
5832 10399 10403 10397 10401
5833 11176 11183 10397 11167
5834 11488 11478 11482 11487
5835 10415 10423 10424 10426
5836 10333 10224 10319 10332
5837 2835 2839 2848 2846
5838 10637 10643 10642 10641
5839 10397 10447 10470 10467
5840 10406 10403 10397 11183
5841 10406 10401 10405 10397
5842 11176 10406 10397 11183
5843 10446 10397 10467 10448
5844 10656 10649 10652 11218
5845 11220 10656 10652 11218
5846 11455 11459 11453 11461
5847 11166 10397 10467 10446
5848 10450 10451 10635 10636
5849 10445 10448 10444 10438
5850 11159 10655 10441 10653
5851 11220 10656 10653 10652
5852 10657 10656 10653 11220
5853 10437 11159 10653 11153
5854 10465 10467 10466 10463
5855 10471 10476 10472 11452
5856 11155 11181 10439 11161
5857 10443 10441 10436 10437
5858 11487 11451 11454 11460
5859 11488 11489 11482 11169
5860 10636 10436 10450 10451
5861 11155 11178 10439 11181
5862 11487 11489 11462 11482
5863 11159 10657 10653 11220
5864 11482 11451 11454 11487
5865 10443 11181 11161 10439
5866 10446 10448 10467 10444
5867 10439 10448 10438 10443
5868 10634 10627 10644 10626
5869 10471 10476 10473 10472
5870 11183 11181 10446 11179
5871 11486 10474 11454 11482
5872 10397 11183 10446 11167
5873 1905 2820 2819 1897
5874 1895 2827 2821 2858
5875 9765 9781 9771 9788
5876 2827 2822 2821 2859
5877 2859 2858 2821 2827
5878 4994 4986 4987 4981
5879 5538 5534 5529 5539
5880 1897 1900 1905 1898
5881 2821 2823 1905 2820
5882 4986 4978 4981 4953
5883 4952 4953 4981 4978
5884 10410 10417 10415 10411
5885 2820 2823 2833 2822
5886 4995 4991 4967 4990
5887 5533 5534 5529 5527
5888 10623 10650 10647 10626
5889 5524 5531 5526 5533
5890 1897 1898 1905 2820
5891 4953 4986 4960 4956
5892 4981 4952 4955 4956
5893 4964 4954 4966 4965
5894 4965 4970 4966 4964
5895 4957 4960 4959 4953
5896 8164 8088 8161 8094
5897 4576 4970 4974 4975
5898 4956 4954 4955 4966
5899 4966 4962 4956 4961
5900 4963 4962 4956 4966
5901 4966 4954 4955 4965
5902 4966 4967 4956 4963
5903 4981 4963 4956 4967
5904 4952 4951 4956 4953
5905 4966 4967 4955 4956
5906 4966 4965 4955 4967
5907 5455 10621 5456 5449
5908 2821 2820 1905 1898
5909 2821 1889 1905 1908
5910 1900 1908 1905 1889
5911 1889 1898 1905 1900
5912 2821 1898 1905 1889
5913 2833 2820 2819 2823
5914 1907 1903 1904 1900
5915 10436 10639 10440 10637
5916 10453 10438 10454 10450
5917 10627 10621 10620 10625
5918 11453 11455 11452 10476
5919 5453 5449 5456 10621
5920 5453 10627 10625 10621
5921 10445 10448 10438 10439
5922 10639 10654 10638 10653
5923 10468 10469 10412 10410
5924 4166 4240 4163 4229
5925 10621 5454 5457 5453
5926 10627 10621 5457 10646
5927 5454 10621 5457 10627
5928 11229 10649 5457 10646
5929 5458 10649 5457 11229
5930 5454 10649 10627 5457
5931 10627 10646 5457 10649
5932 11460 11455 11454 11461
5933 10653 10655 10639 10654
5934 11460 11451 11454 11455
5935 10589 10581 10588 10583
5936 11462 11460 11487 11454
5937 11462 11486 11454 11482
5938 10653 10654 10638 10652
5939 10476 10474 10473 10472
5940 10464 10472 10473 10465
5941 10480 11462 11486 11454
5942 11455 11461 11453 11454
5943 10635 10450 10449 10451
5944 10465 10474 10473 10467
5945 10634 10626 10641 10631
5946 10476 10477 10473 10474
5947 10464 10471 10473 10472
5948 10633 10632 10634 10637
5949 10658 10629 10630 10631
5950 10450 10438 10454 10451
5951 10632 10636 10637 10633
5952 11452 10476 10472 11453
5953 10467 10459 10463 10444
5954 10479 10480 10472 11453
5955 11453 10476 10472 11455
5956 10479 11455 10472 10476
5957 11453 11455 10472 10479
5958 10480 10476 10472 10474
5959 10479 10476 10472 10480
5960 11454 10480 10472 10474
5961 11453 10480 10472 11454
5962 10462 10464 10466 10465
5963 10467 10459 10447 10466
5964 10635 10636 10637 10632
5965 10451 10636 10637 10635
5966 10636 10451 10637 10436
5967 10637 10451 10455 10456
5968 1907 2826 2825 1905
5969 10625 10624 10626 10634
5970 10663 10668 10666 10670
5971 10586 10583 10615 10612
5972 10629 10626 10628 10631
5973 10319 10239 10315 10236
5974 2835 2837 2848 2839
5975 10633 10624 10634 10632
5976 10467 10448 10447 10444
5977 10638 10625 10634 10633
5978 10627 10625 10634 10638
5979 10468 10466 10469 10461
5980 10637 10456 10440 10451
5981 10458 10447 10442 10454
5982 1905 2821 2826 2823
5983 1908 2821 2826 1905
5984 2821 2827 2826 2822
5985 2821 2822 2826 2823
5986 2826 2823 2825 1905
5987 5491 5475 5496 5492
5988 2825 2823 2824 1905
5989 2825 1906 1907 1905
5990 5455 10621 10620 5456
5991 10619 10621 10620 5455
5992 10627 10651 10647 10649
5993 10613 10610 10616 10611
5994 10636 10637 10641 10644
5995 10620 10619 10622 10621
5996 10620 10621 10622 10626
5997 10631 10650 10629 10626
5998 10644 10633 10641 10636
5999 10590 10582 10593 10673
6000 10636 10633 10641 10637
6001 10627 10650 10631 10626
6002 10631 10629 10630 10628
6003 10620 10626 10623 10625
6004 10627 10625 10623 10626
6005 10620 10625 10623 10627
6006 10634 10637 10641 10633
6007 10627 10649 10647 10646
6008 10626 10650 10647 10627
6009 10646 10648 11229 10649
6010 2836 2837 2834 2839
6011 10626 10627 10647 10623
6012 10620 10647 10646 10627
6013 10595 10644 10630 10641
6014 10629 10623 10628 10626
6015 10622 10626 10628 10623
6016 10243 10247 10245 10246
6017 5443 5445 5454 5439
6018 10648 10649 10647 10651
6019 10643 10440 10645 10637
6020 10599 10614 10606 10605
6021 10442 10451 10458 10454
6022 10634 10633 10641 10644
6023 10470 10477 10475 10487
6024 10644 10626 10641 10634
6025 11166 10474 10470 10486
6026 11166 10397 10470 10467
6027 11166 10486 10470 10397
6028 10639 10654 10644 10638
6029 10638 10627 10644 10634
6030 10467 10444 10447 10459
6031 10614 10584 10606 10583
6032 10473 10474 10475 10470
6033 10473 10477 10475 10474
6034 10400 10398 10470 10401
6035 10548 10514 10540 10552
6036 10485 10474 10470 10477
6037 10485 10477 10470 10487
6038 10399 10401 10470 10398
6039 10397 10401 10470 10399
6040 10485 10486 10470 10474
6041 10405 10400 10487 10470
6042 10397 10405 10470 10401
6043 10461 10466 10460 10468
6044 10485 10405 10487 10470
6045 10397 10486 10470 10405
6046 10645 10639 10644 10637
6047 10634 10633 10644 10638
6048 10639 10638 10644 10633
6049 10644 10631 10641 10626
6050 10631 10650 10658 10629
6051 10662 10644 10654 10667
6052 10636 10639 10644 10633
6053 10637 10639 10644 10636
6054 10641 10637 10640 10642
6055 10461 10470 10447 10466
6056 7333 7375 7335 7371
6057 10641 10634 10640 10637
6058 10468 10475 10412 10469
6059 10644 10650 10658 10631
6060 10614 10583 10606 10605
6061 10457 10461 10458 10454
6062 10454 10459 10460 10461
6063 10461 10459 10460 10466
6064 10484 10487 10475 10477
6065 10466 10468 10469 10475
6066 10487 10414 10484 10469
6067 10470 10487 10469 10400
6068 10475 10414 10469 10484
6069 10475 10470 10469 10473
6070 10475 10473 10469 10466
6071 10475 10484 10469 10487
6072 10475 10487 10469 10470
6073 10470 10466 10469 10465
6074 10473 10465 10469 10466
6075 10470 10465 10469 10473
6076 10475 10414 10412 10469
6077 10286 10281 10282 10287
6078 10430 10578 10435 10426
6079 10667 10662 10661 10663
6080 10469 10411 10412 10410
6081 10414 10477 10412 10413
6082 10475 10477 10412 10414
6083 10469 10414 10412 10400
6084 10469 10398 10412 10411
6085 10470 10398 10412 10469
6086 10470 10400 10412 10398
6087 10469 10400 10412 10470
6088 9596 9603 9599 9601
6089 10645 10441 10655 10639
6090 10644 10631 10630 10641
6091 2647 2645 2665 2639
6092 10240 10321 10323 10319
6093 10658 10644 10630 10595
6094 10658 10631 10630 10644
6095 10654 10650 10658 10644
6096 10667 10654 10658 10644
6097 10667 10659 10658 10654
6098 10595 10641 10630 10631
6099 2758 2843 2760 2856
6100 10603 10602 10605 10595
6101 2673 2566 2674 2561
6102 10597 10640 10595 10596
6103 10641 10640 10595 10597
6104 10641 10631 10595 10640
6105 10641 10661 10597 10595
6106 2838 2822 2846 2833
6107 5524 5533 5529 5527
6108 5530 5532 5526 5531
6109 5502 5506 5507 2637
6110 2848 2855 2853 2849
6111 2855 2849 2848 2851
6112 2829 2850 2841 2838
6113 10666 10664 10668 10662
6114 5502 5506 2637 5508
6115 2838 2833 2846 2835
6116 2838 2830 2846 2822
6117 2830 2851 2850 2846
6118 2837 2839 2835 2834
6119 2182 5547 2183 5634
6120 2716 2654 2722 2644
6121 2639 2648 2640 2637
6122 11217 11242 11239 11223
6123 2838 2833 2835 2832
6124 2832 2834 2835 2838
6125 5509 5502 2637 5508
6126 4576 4577 4575 4969
6127 2839 2850 2848 2846
6128 4618 4623 4619 4616
6129 2838 2834 2835 2839
6130 2846 2851 2848 2849
6131 2839 2850 2846 2838
6132 4971 4970 4969 4577
6133 4976 4996 4977 4971
6134 4966 4970 4971 4976
6135 4966 4967 4971 4965
6136 4995 4991 4971 4967
6137 5518 5535 5526 5532
6138 10601 10595 10603 10599
6139 10605 10598 10606 10599
6140 5544 5500 5535 5520
6141 4977 4973 4976 4970
6142 4969 4968 4576 4970
6143 10559 10563 10575 10553
6144 4576 4577 4578 4575
6145 2648 5509 2637 5508
6146 4548 4573 4580 4565
6147 4569 4570 4564 4563
6148 10601 10597 10604 10595
6149 4563 4576 4567 4568
6150 4991 4995 4971 4996
6151 6953 7092 6950 6959
6152 4977 4577 4971 4996
6153 4482 4996 4971 4577
6154 4482 4991 4971 4996
6155 5474 5512 5517 5513
6156 4575 4561 4578 4563
6157 5518 5532 5525 5497
6158 4970 4577 4576 4969
6159 4977 4581 4576 4577
6160 4977 4970 4576 4975
6161 5496 5467 5460 5475
6162 5525 5530 5526 5523
6163 5524 5523 5526 5530
6164 5533 5535 5526 5529
6165 5525 5532 5526 5497
6166 5530 5497 5526 5532
6167 5525 5497 5526 5530
6168 4564 4708 4566 4572
6169 4581 4975 4977 4576
6170 4575 4968 4574 4576
6171 5526 5518 5511 5529
6172 5502 5518 5517 5501
6173 4568 4581 4563 4576
6174 5473 5478 5471 5472
6175 5511 5510 5516 5518
6176 2646 2638 2639 2645
6177 2652 2651 2656 2649
6178 4708 4705 4566 4710
6179 4574 4575 4563 4561
6180 4576 4575 4563 4574
6181 4708 4705 4710 4709
6182 8775 8884 8781 8774
6183 5547 5537 5546 5543
6184 2758 2754 2753 2752
6185 5472 5475 5483 5478
6186 2639 2648 2637 2646
6187 2905 2853 2898 2899
6188 5500 5545 5509 5520
6189 2692 2699 2693 2696
6190 2843 2836 2842 2752
6191 2843 2837 2842 2836
6192 5501 5502 5504 5517
6193 2650 2654 2656 2707
6194 4572 4708 4566 4715
6195 2639 2645 2665 2646
6196 2637 2644 2640 2639
6197 5499 5498 5506 5508
6198 4654 4657 4651 4653
6199 5499 5497 5506 5498
6200 5509 5506 5500 5520
6201 5497 5532 5506 5518
6202 5499 5532 5506 5497
6203 5500 5532 5506 5499
6204 5532 5535 5506 5518
6205 5500 5535 5506 5532
6206 3478 3475 3492 3480
6207 10610 10616 10611 10607
6208 5502 5501 5507 5506
6209 5508 2638 2639 2646
6210 2837 2836 2843 2839
6211 2837 2848 2843 2852
6212 2837 2839 2843 2848
6213 2665 2647 2668 2666
6214 2742 2740 2741 2744
6215 10431 10426 10558 10578
6216 2752 2842 2758 2754
6217 2752 2843 2758 2842
6218 5544 5500 5520 5545
6219 2669 2668 2664 2663
6220 10658 10644 10604 10667
6221 2842 2755 2758 2754
6222 2842 2852 2758 2755
6223 2843 2852 2758 2842
6224 2642 2665 2662 2653
6225 2648 2653 2639 2644
6226 2646 2653 2665 2639
6227 4578 4561 4565 4563
6228 2642 2641 2643 2639
6229 2639 2644 2642 2637
6230 2815 2818 2816 2813
6231 4572 4565 4566 4564
6232 5479 5478 5490 5489
6233 5502 5509 5520 5506
6234 2776 2774 2773 2793
6235 2726 2723 2724 2718
6236 8391 8394 8746 8384
6237 4638 4726 4646 4648
6238 5474 5478 5473 5472
6239 2640 2644 2722 2648
6240 5499 5509 5508 5506
6241 4578 4565 4583 4571
6242 4491 4913 4485 4483
6243 5519 5518 5520 5536
6244 5500 5535 5520 5506
6245 5495 5480 5483 5478
6246 5502 5518 5520 5516
6247 5519 5516 5520 5518
6248 5545 2640 2722 5509
6249 4919 4915 4921 4917
6250 5506 5518 5520 5502
6251 5506 5535 5520 5518
6252 5529 5518 5520 5535
6253 5536 5518 5520 5529
6254 4578 4563 4571 4581
6255 4565 4563 4571 4578
6256 5466 5459 5462 4620
6257 4719 4657 4652 4658
6258 4571 4568 4581 4563
6259 5476 5474 5521 5517
6260 5505 5503 5504 5517
6261 4553 4588 4558 4552
6262 11246 11254 11253 11243
6263 4709 4705 4710 4707
6264 4654 4658 4652 4657
6265 5513 5476 5517 5474
6266 4718 4707 4717 4706
6267 2639 2637 2642 2641
6268 4564 4565 4566 4562
6269 4717 4718 4720 4707
6270 4571 4563 4564 4570
6271 4560 4562 4564 4703
6272 4677 5486 4681 5489
6273 4571 4565 4564 4563
6274 4562 4560 4564 4561
6275 4563 4561 4564 4560
6276 4565 4561 4564 4563
6277 4562 4561 4564 4565
6278 5520 5516 5517 5502
6279 5502 5516 5517 5518
6280 5515 5513 5517 5512
6281 5474 5478 5517 5473
6282 4724 4694 4691 4723
6283 5513 5514 5517 5476
6284 5514 5519 5517 5520
6285 5514 5513 5517 5519
6286 2796 2801 2793 2808
6287 5520 5519 5517 5516
6288 5513 5516 5517 5519
6289 5516 5513 5517 5515
6290 5515 5518 5517 5516
6291 5476 5472 5483 5474
6292 5517 5503 5480 5505
6293 5507 2639 2641 2637
6294 4564 4562 4708 4703
6295 5478 5479 5482 5481
6296 2639 2647 2668 2665
6297 5495 5478 5483 5475
6298 5476 5475 5483 5472
6299 17 23 35 18
6300 4708 4703 4705 4704
6301 5493 5485 5487 5489
6302 5505 5517 5504 5502
6303 5488 5472 5477 5478
6304 11342 11421 11423 11416
6305 5471 5478 5477 5472
6306 5517 5478 5480 5503
6307 5517 5474 5480 5478
6308 5505 5474 5480 5517
6309 5474 5472 5480 5478
6310 2664 2657 2651 2659
6311 5486 5484 5489 5485
6312 2662 2668 2643 2663
6313 5481 5480 5482 5478
6314 2642 2639 2643 2662
6315 2639 2668 2643 2662
6316 5485 5484 5489 5488
6317 2570 2771 2769 2568
6318 2674 2566 2563 2561
6319 10607 10663 10667 10661
6320 4557 4572 4573 4566
6321 2793 2776 2771 2812
6322 2672 2668 2673 2671
6323 2764 2760 2856 2758
6324 2758 2763 2762 2761
6325 2753 2756 2761 2740
6326 2571 2771 2570 2568
6327 2756 2753 2761 2754
6328 2758 2754 2761 2753
6329 2755 2754 2761 2758
6330 2651 2668 2659 2655
6331 2698 2699 2689 2692
6332 2843 2839 2844 2845
6333 2742 2740 2744 2756
6334 2642 2639 2662 2665
6335 2668 2665 2662 2639
6336 2655 2653 2662 2665
6337 10589 10241 10587 10242
6338 5348 5351 5350 5345
6339 2668 2667 2662 2665
6340 2655 2667 2662 2668
6341 2655 2665 2662 2667
6342 2658 2651 2657 2660
6343 4664 4672 4645 4658
6344 2674 2668 2669 2673
6345 2768 2566 2570 2568
6346 2565 2576 2563 2566
6347 4680 4678 4690 4613
6348 2673 2674 2670 2669
6349 4505 4522 4512 4497
6350 5548 2717 2183 2724
6351 2744 2756 2729 2742
6352 2767 2774 2771 2768
6353 2664 2668 2670 2672
6354 2669 2668 2670 2664
6355 2669 2674 2670 2668
6356 2672 2668 2670 2674
6357 5517 5514 5521 5476
6358 5482 5478 5490 5479
6359 5482 5478 5495 5488
6360 4704 4708 4709 4705
6361 4709 4713 4714 4708
6362 4642 4658 4645 4638
6363 5488 5484 5489 5477
6364 5477 5478 5489 5488
6365 10520 10519 10509 10503
6366 2670 2672 2659 2664
6367 2657 2670 2675 2659
6368 5490 5488 5493 5485
6369 5490 5485 5493 5489
6370 4690 4678 4688 4613
6371 2815 2795 2793 2804
6372 4572 4565 4573 4566
6373 4718 4719 4717 4721
6374 4573 4565 4548 4566
6375 4701 4695 4694 4696
6376 5495 5490 5482 5488
6377 4710 4566 4557 4549
6378 4694 4693 4691 4692
6379 5482 5488 5490 5478
6380 5489 5478 5490 5488
6381 4694 4692 4691 4723
6382 4564 4562 4566 4708
6383 5489 5488 5490 5485
6384 4678 5489 5487 5485
6385 4689 4678 4690 4679
6386 4702 4699 4725 4694
6387 4708 4562 4566 4705
6388 2664 2668 2651 2662
6389 2801 2817 2815 2811
6390 2741 2742 2748 2743
6391 4709 4715 4710 4708
6392 4677 5489 4678 5485
6393 5608 5606 5613 5604
6394 5495 5488 5491 5493
6395 10514 10521 10548 10307
6396 4548 4573 4585 4580
6397 2808 2776 2793 2812
6398 2770 2812 2805 2808
6399 2573 2695 2698 2661
6400 5472 5478 5483 5480
6401 5480 5521 5483 5474
6402 2715 2716 2723 2722
6403 2573 2675 2575 2572
6404 2804 2814 2815 2795
6405 2664 2668 2659 2651
6406 2664 2672 2659 2668
6407 2182 5547 2717 2183
6408 3341 3301 3349 3347
6409 2655 2653 2649 2662
6410 2654 2644 2649 2653
6411 5476 5514 5521 5522
6412 10409 10402 10531 10399
6413 2651 2655 2649 2668
6414 2662 2668 2649 2655
6415 2651 2668 2649 2662
6416 2761 2754 2757 2756
6417 2729 2744 2757 2756
6418 2761 2756 2757 2744
6419 5493 5485 5491 5487
6420 10503 10501 10505 10506
6421 10736 10665 10669 10664
6422 4564 4571 4572 4565
6423 4564 4708 4572 4712
6424 4712 4715 4714 4708
6425 4710 4715 4566 4708
6426 5493 5488 5491 5485
6427 2650 2644 2649 2654
6428 4572 4570 4571 4564
6429 5472 5478 5491 5475
6430 5488 5478 5491 5472
6431 5495 5475 5491 5478
6432 5495 5478 5491 5488
6433 5691 5693 5690 5727
6434 5483 5476 5467 5475
6435 4683 5489 4682 5479
6436 4679 4678 4690 4680
6437 5573 5555 5569 5575
6438 7956 7994 7960 7954
6439 2907 2908 2900 2899
6440 2548 2579 2551 2583
6441 4580 4565 4583 4578
6442 4491 5001 5002 4483
6443 2649 2654 2656 2650
6444 5496 5483 5467 5475
6445 2885 2899 2901 2908
6446 4726 4588 4616 4618
6447 4710 4715 4557 4566
6448 5492 5466 5494 5459
6449 2691 2707 2702 2652
6450 5465 5466 5469 5492
6451 5467 5522 5461 5476
6452 4720 4557 4552 4710
6453 2729 2744 2747 2757
6454 2552 2548 2549 2555
6455 2659 2661 2675 2657
6456 11254 11248 11253 10737
6457 2661 2660 2658 2657
6458 4550 4548 4551 4558
6459 2736 2771 2732 2737
6460 5468 5463 5469 5460
6461 6181 6184 6174 6160
6462 5491 5492 5496 5494
6463 5491 5495 5496 5475
6464 2698 2695 2692 2661
6465 5547 5627 5546 5537
6466 5634 5627 5546 5547
6467 5487 5491 5494 5492
6468 5487 5493 5494 5491
6469 4667 4724 4725 4719
6470 4548 4566 4557 4573
6471 4549 4566 4557 4548
6472 5487 5489 4687 5493
6473 2774 2776 2771 2793
6474 4622 4680 4616 4618
6475 5462 4621 4615 5602
6476 10595 10630 10604 10601
6477 2649 2650 2656 2652
6478 2716 2644 2722 2640
6479 10068 10071 10070 10067
6480 5542 5514 5461 5522
6481 2689 2691 2711 2702
6482 4996 4482 4582 4577
6483 4578 4577 4582 4579
6484 4578 4581 4582 4577
6485 2650 2707 2656 2652
6486 5522 5514 5461 5476
6487 5461 5475 5460 5467
6488 4583 4581 4582 4578
6489 4580 4578 4583 4579
6490 4582 4579 4583 4578
6491 2652 2660 2656 2651
6492 4486 4580 4584 4579
6493 2649 2655 2656 2653
6494 2649 2653 2656 2654
6495 5547 5543 5546 5542
6496 2899 2908 2885 2906
6497 2551 2552 2731 2556
6498 4559 4550 4493 4488
6499 2852 2855 2853 2848
6500 5539 5535 5544 5540
6501 5543 5536 5544 5537
6502 2448 2445 2453 2446
6503 5536 5538 5544 5537
6504 5529 5539 5544 5538
6505 5548 2715 2723 5545
6506 5529 5535 5544 5539
6507 5520 5535 5544 5529
6508 5536 5519 5544 5520
6509 5543 5519 5544 5536
6510 5542 5514 5544 5543
6511 5542 5522 5544 5514
6512 5520 5522 5521 5514
6513 2898 2906 2884 2870
6514 5520 5529 5544 5536
6515 5538 5536 5544 5529
6516 5519 5514 5544 5520
6517 5543 5514 5544 5519
6518 11246 11243 11253 11242
6519 7992 7986 7997 7976
6520 2551 2739 2738 2732
6521 10548 10307 10540 10514
6522 10557 10548 10540 10564
6523 2852 2897 2857 2755
6524 10407 10427 10541 10433
6525 10675 10679 10678 10672
6526 2857 2897 2733 2755
6527 2729 2757 2747 2734
6528 2734 2764 2733 2757
6529 2744 2746 2747 2761
6530 10552 10514 10540 10547
6531 2852 2855 2857 2853
6532 2853 2897 2857 2852
6533 10718 10761 10711 10760
6534 10240 10239 10319 10236
6535 10543 10433 10541 10427
6536 7994 7997 7993 7996
6537 7336 7334 7342 7333
6538 7568 7567 7579 7566
6539 10431 10543 10558 10427
6540 1810 1771 1775 1777
6541 10586 10673 10593 10582
6542 10748 10742 10752 10747
6543 10562 10542 10550 10559
6544 10332 10320 10312 10319
6545 6969 6986 6988 6991
6546 10495 10499 10491 10493
6547 10536 10541 10531 10529
6548 10739 10745 10740 10737
6549 10421 10420 10418 10417
6550 10706 10709 10701 10702
6551 7960 7952 7945 7961
6552 10254 10226 10222 10227
6553 10325 10318 10307 10517
6554 10571 10555 10567 10553
6555 10577 10579 10567 10570
6556 7349 7347 7348 7360
6557 10559 10563 10553 10554
6558 2757 2755 2764 2733
6559 2758 2755 2764 2761
6560 7853 7867 7854 7859
6561 8386 8389 8387 8383
6562 10569 10572 10568 10425
6563 10578 10426 10558 10568
6564 10318 10313 10386 10388
6565 2729 2757 2734 2730
6566 2551 2732 2738 2730
6567 10316 10310 10315 10308
6568 7988 7970 7987 7363
6569 2570 2768 2569 2566
6570 10617 10612 10671 10582
6571 10546 10551 10544 10550
6572 2730 2757 2734 2728
6573 10501 10502 10507 10506
6574 10229 10590 10674 10672
6575 5632 5592 5590 5597
6576 10676 10679 10675 10672
6577 10311 10384 10317 10318
6578 10575 10559 10558 10562
6579 2761 2755 2764 2757
6580 10236 10310 10315 10319
6581 10308 10232 10234 10315
6582 10575 10578 10558 10572
6583 10584 10583 10614 10585
6584 10661 10597 10604 10607
6585 10265 10264 10261 10255
6586 10602 10595 10603 10601
6587 10553 10563 10575 10579
6588 2801 2796 2799 2798
6589 10644 10658 10604 10595
6590 10561 10556 10553 10554
6591 10244 10589 10592 10245
6592 10554 10563 10553 10561
6593 10431 10433 10543 10427
6594 10295 10294 10280 10297
6595 10295 10297 10280 10282
6596 10674 10593 10673 10590
6597 10232 10234 10228 10229
6598 10563 10559 10575 10562
6599 10567 10571 10566 10292
6600 10252 10250 10243 10253
6601 10293 10555 10567 10571
6602 2761 2763 2764 2758
6603 2843 2845 2854 2839
6604 10573 10577 10572 10576
6605 2764 2757 2747 2761
6606 2744 2761 2747 2757
6607 10555 10553 10560 10561
6608 10571 10292 10567 10293
6609 10426 10434 10435 10429
6610 10230 10232 10231 10228
6611 10232 10229 10228 10674
6612 4694 4727 4725 4702
6613 10344 10338 10342 10340
6614 10283 10574 10298 10571
6615 10253 10243 10249 10251
6616 10289 10287 10288 10282
6617 2761 2746 2745 2744
6618 7974 7981 7979 7980
6619 8955 8954 8965 8953
6620 10429 10417 10430 10426
6621 7322 7328 7327 7320
6622 10589 10583 10584 10585
6623 2406 2409 2466 2405
6624 10267 10290 10303 10296
6625 10570 10571 10569 10567
6626 2762 2746 2745 2761
6627 10616 10607 10663 10611
6628 10282 10297 10285 10295
6629 10228 10230 10243 10231
6630 10242 10230 10243 10228
6631 10569 10570 10568 10572
6632 10242 10243 10245 10589
6633 10589 10583 10588 10587
6634 10580 10583 10587 10581
6635 7980 7972 7979 7974
6636 10555 10553 10571 10560
6637 10614 10586 10585 10583
6638 7369 7368 7355 7372
6639 4664 4657 4662 4672
6640 10569 10570 10572 10571
6641 10603 10595 10605 10599
6642 10594 10595 10601 10630
6643 10247 10238 10253 10249
6644 10242 10230 10245 10243
6645 10589 10243 10245 10244
6646 10570 10577 10572 10571
6647 10589 10230 10245 10242
6648 10242 10589 10588 10587
6649 10242 10243 10589 10241
6650 10228 10230 10589 10242
6651 10228 10590 10589 10230
6652 10592 10589 10584 10585
6653 10293 10297 10298 10571
6654 10430 10417 10421 10426
6655 10423 10425 10424 10426
6656 2873 2880 2869 2874
6657 10570 10579 10572 10577
6658 10570 10571 10567 10577
6659 10571 10553 10567 10560
6660 10571 10560 10567 10574
6661 10575 10579 10567 10553
6662 10570 10579 10567 10575
6663 10553 10579 10567 10560
6664 7373 7322 7375 7374
6665 7348 7360 7345 7366
6666 10615 10583 10614 10609
6667 10435 10426 10572 10434
6668 10435 10434 10572 10577
6669 10573 10574 10572 10577
6670 10571 10574 10572 10573
6671 10571 10577 10572 10574
6672 10435 10579 10577 10572
6673 10575 10572 10558 10568
6674 10570 10575 10572 10579
6675 10578 10579 10572 10575
6676 10431 10427 10558 10426
6677 10430 10429 10421 10417
6678 10591 10589 10584 10592
6679 7998 8000 8016 7995
6680 10568 10572 10558 10578
6681 10589 10581 10592 10588
6682 2857 2755 2856 2852
6683 10589 10585 10592 10583
6684 10581 10583 10592 10585
6685 10589 10583 10592 10581
6686 7375 7377 7380 7376
6687 2852 2755 2856 2758
6688 10617 10582 10586 10612
6689 10562 10578 10558 10575
6690 8889 8891 8878 8779
6691 10435 10426 10568 10572
6692 10435 10578 10568 10426
6693 10572 10578 10568 10435
6694 10673 10582 10586 10617
6695 8017 7998 8016 8008
6696 7988 7974 7987 7970
6697 10432 10417 10428 10416
6698 10433 10427 10428 10407
6699 10583 10582 10586 10581
6700 10581 10585 10586 10583
6701 2758 2755 2856 2764
6702 2856 2733 2764 2755
6703 2843 2852 2854 2856
6704 10601 10600 10602 10595
6705 7309 7308 7322 7307
6706 10432 10427 10428 10433
6707 10421 10417 10432 10416
6708 10589 10590 10593 10230
6709 10586 10581 10593 10585
6710 10592 10585 10593 10581
6711 10586 10582 10593 10581
6712 10588 10589 10593 10592
6713 10588 10590 10593 10589
6714 10581 10588 10593 10592
6715 10581 10590 10582 10593
6716 2843 2852 2856 2758
6717 10595 10658 10604 10630
6718 10600 10595 10601 10594
6719 10595 10599 10601 10597
6720 10583 10582 10609 10612
6721 10581 10582 10609 10583
6722 2845 2856 2760 2843
6723 10661 10667 10604 10644
6724 2760 2844 2845 2843
6725 7048 7002 7055 7046
6726 2843 2848 2854 2852
6727 2852 2848 2854 2855
6728 2850 2855 2854 2848
6729 10595 10597 10604 10661
6730 10607 10667 10604 10661
6731 10610 10607 10604 10599
6732 10611 10604 10610 10607
6733 10595 10661 10604 10644
6734 10609 10612 10615 10583
6735 10613 10610 10612 10616
6736 10597 10599 10604 10607
6737 10601 10599 10604 10597
6738 2839 2848 2854 2843
6739 2839 2850 2854 2848
6740 2841 2854 2845 2839
6741 10609 10602 10605 10603
6742 10415 10426 10424 10416
6743 10416 10417 10415 10426
6744 10615 10599 10607 10605
6745 10598 10599 10605 10596
6746 10609 10615 10605 10614
6747 10603 10599 10605 10610
6748 10595 10596 10605 10597
6749 10599 10597 10605 10596
6750 10595 10597 10605 10599
6751 10615 10609 10605 10612
6752 10603 10612 10605 10609
6753 10610 10607 10605 10615
6754 10610 10599 10605 10607
6755 10610 10612 10605 10603
6756 10615 10612 10605 10610
6757 10428 10432 10424 10427
6758 10416 10432 10424 10428
6759 10558 10427 10424 10426
6760 10558 10426 10424 10568
6761 10416 10421 10424 10432
6762 10421 10426 10424 10430
6763 10431 10426 10424 10427
6764 10430 10426 10424 10431
6765 10421 10417 10424 10426
6766 10416 10417 10424 10421
6767 10416 10426 10424 10417
6768 10431 10427 10424 10432
6769 7310 7316 7299 8747
6770 7363 7359 7970 7361
6771 7971 7348 7345 7366
6772 7995 7997 7993 7991
6773 7981 7983 7979 7980
6774 7335 7375 7381 7327
6775 7299 7294 7330 7310
6776 7319 7318 7322 7308
6777 7319 7308 7322 7321
6778 7879 7875 7877 7880
6779 7362 7363 7987 7970
6780 7355 7372 7356 7369
6781 7320 7321 7322 7328
6782 7319 7321 7322 7320
6783 7322 7308 7311 7321
6784 7321 7317 7311 7328
6785 7306 7308 7311 7309
6786 7321 7308 7311 7306
6787 7310 7317 7311 7321
6788 7310 7309 7311 7317
6789 7306 7310 7311 7321
6790 7306 7309 7311 7310
6791 7327 7319 7335 7374
6792 7316 7330 7317 7310
6793 7988 7974 7980 7981
6794 7312 8713 7313 7311
6795 7326 7317 7328 7311
6796 8870 8867 8866 8864
6797 7311 7309 7315 7317
6798 8865 8869 8870 8872
6799 10747 10712 10710 10716
6800 7314 7312 7313 7311
6801 7309 8713 7313 7316
6802 7311 8713 7313 7309
6803 7327 7342 7381 7335
6804 7375 7371 7333 7372
6805 7298 7320 7336 7335
6806 8720 8713 7313 7312
6807 8720 8721 7313 8713
6808 7375 7377 7372 7378
6809 7374 7322 7375 7324
6810 7371 7373 7375 7374
6811 7375 7376 7380 7379
6812 7325 7326 7323 7322
6813 7323 7324 7380 7375
6814 7324 7322 7323 7326
6815 7374 7322 7324 7319
6816 7968 7973 7969 7970
6817 8750 8753 8758 8751
6818 7371 7369 7333 7372
6819 9811 9783 9809 9801
6820 7374 7371 7335 7375
6821 7375 7371 7372 7370
6822 7369 7370 7372 7371
6823 8747 8748 7299 7310
6824 7357 7378 7331 7372
6825 7349 7366 7367 7360
6826 7324 7374 7327 7375
6827 8758 8752 8753 8750
6828 7381 7377 7380 7375
6829 7329 7327 7328 7320
6830 2915 2931 2927 3738
6831 7463 7461 7452 7457
6832 7426 7432 7427 7400
6833 6299 6313 6311 6314
6834 7344 7353 7349 7347
6835 7372 7369 7357 7356
6836 7841 7839 7838 7836
6837 7361 7377 7364 7365
6838 10404 10538 10535 10528
6839 7970 7973 7974 7968
6840 7298 7292 7336 7320
6841 8813 8823 8865 8772
6842 10428 10417 10422 10398
6843 10432 10417 10422 10428
6844 10412 10411 10422 10419
6845 10412 10398 10422 10411
6846 10411 10417 10422 10419
6847 10411 10398 10422 10417
6848 7338 7332 7350 7341
6849 7354 7450 7422 7458
6850 10399 10398 10408 10401
6851 4636 4594 4627 4541
6852 7352 7353 7351 7347
6853 10422 10433 10432 10428
6854 10407 10433 10408 10428
6855 10407 10398 10408 10399
6856 10428 10398 10408 10407
6857 10422 10398 10408 10428
6858 7342 7378 7381 7333
6859 7293 7297 7402 7409
6860 7407 7343 7340 7339
6861 7335 7298 7342 7336
6862 7949 7950 7945 7943
6863 7351 7353 7350 7344
6864 7337 7333 7342 7334
6865 7359 7360 7367 7366
6866 7320 7292 7329 7298
6867 7295 7292 7329 7320
6868 7321 7295 7329 7320
6869 7320 7328 7329 7321
6870 7310 7295 7330 7321
6871 7321 7317 7330 7310
6872 9672 9669 9676 9670
6873 9677 9703 9701 9696
6874 8826 8824 8834 8825
6875 9672 9670 9676 9677
6876 9677 9673 9672 9670
6877 9457 9452 9455 9453
6878 8824 8843 8804 8846
6879 9674 9671 9676 9672
6880 8849 9441 8829 9434
6881 9445 9443 9444 9439
6882 8829 8824 8825 8831
6883 7981 7977 7991 7976
6884 7964 7656 7965 7959
6885 7331 7334 7337 7332
6886 8810 8803 8834 8826
6887 7332 7341 7337 7344
6888 8865 8813 8822 8823
6889 8850 8853 8866 8870
6890 1180 905 906 1171
6891 7304 7297 7303 7296
6892 8813 8802 8862 8815
6893 9674 8835 9678 8825
6894 7970 7971 7975 7969
6895 8839 8840 8849 9434
6896 9457 9453 9456 9473
6897 9903 9917 9694 9905
6898 7671 7679 7676 7674
6899 9670 9687 9677 9673
6900 9452 9453 9457 9473
6901 9434 9435 9458 9441
6902 2003 1120 1121 2155
6903 8803 8833 8834 8824
6904 8886 8891 8887 8878
6905 8843 8841 8846 8842
6906 9449 9452 9458 9435
6907 9449 9434 9458 8849
6908 9449 9435 9458 9434
6909 8798 8841 8846 8843
6910 1173 1180 1174 1171
6911 9452 9450 9455 9453
6912 9455 9459 9458 9452
6913 9449 9450 9455 9452
6914 8848 9450 9455 9449
6915 7911 7912 7914 7906
6916 9455 8847 9454 9450
6917 8838 8837 8845 8840
6918 8845 8838 8842 8837
6919 8848 9450 8845 8847
6920 8848 8840 8845 9450
6921 8848 8849 8845 8840
6922 8838 8839 8845 8844
6923 8838 8840 8845 8839
6924 8849 8839 8845 8840
6925 8844 8839 8845 8849
6926 8806 8846 8832 8804
6927 9904 9907 9903 9902
6928 8857 8853 8858 8851
6929 8919 8907 8925 8916
6930 8808 8804 8809 8805
6931 1998 1984 1983 1980
6932 7906 7923 7908 7918
6933 6615 6621 6622 6568
6934 8787 8795 8790 8785
6935 8802 8799 8801 8805
6936 8849 8824 8846 8844
6937 8842 8845 8846 8844
6938 8842 8844 8846 8824
6939 8008 7989 8009 8007
6940 8846 8833 8832 8804
6941 8907 8923 8925 8916
6942 8805 8803 8811 8800
6943 62 54 58 61
6944 8843 8798 8804 8846
6945 7334 7341 7337 7332
6946 8806 8808 8807 8804
6947 8800 8798 8804 8843
6948 8810 8833 8834 8803
6949 7344 7331 7337 7332
6950 8803 8843 8804 8824
6951 8832 8827 8828 8846
6952 8930 8920 8929 8926
6953 7423 7429 7424 7430
6954 8803 8800 8805 8804
6955 8802 8799 8805 8800
6956 8808 8804 8805 8807
6957 8804 8800 8805 8799
6958 9852 8796 8791 8787
6959 9407 9412 9466 9408
6960 8876 8865 8874 8867
6961 7363 7977 7988 7970
6962 8916 8920 8925 8919
6963 8861 8864 8869 8863
6964 8805 8800 8811 8802
6965 8013 7849 8018 8001
6966 8916 8907 8903 8919
6967 8834 8830 8831 8824
6968 2020 2024 2019 2022
6969 9681 9889 9675 9895
6970 8804 8803 8809 8805
6971 8804 8833 8809 8803
6972 8779 8891 8878 8887
6973 7937 7931 7933 7930
6974 8803 8824 8834 8826
6975 8825 8824 8834 8831
6976 1732 2120 1740 2124
6977 8854 8818 8819 8869
6978 8778 8774 8773 8785
6979 10256 10255 10254 10227
6980 8877 8902 8883 8906
6981 8930 8928 8927 8931
6982 4984 4987 4986 4978
6983 7950 7963 7961 7946
6984 8809 8803 8810 8811
6985 8812 8811 8810 8803
6986 8812 8803 8810 8826
6987 7942 7976 7997 7978
6988 7357 7331 7337 7344
6989 7357 7378 7337 7331
6990 7333 7334 7337 7331
6991 7331 7378 7337 7333
6992 7349 7378 7337 7357
6993 7360 7357 7349 7347
6994 7968 7970 7969 7967
6995 7954 7952 7960 7961
6996 7950 7944 7940 7449
6997 7943 7950 7940 7949
6998 7324 7381 7380 7375
6999 7358 7967 7970 7966
7000 10538 10528 10532 10535
7001 7348 7347 7345 7360
7002 7346 7347 7345 7348
7003 7939 7348 7345 7971
7004 7939 7346 7345 7348
7005 7367 7365 7361 7359
7006 7367 7377 7378 7361
7007 7372 7377 7361 7378
7008 7359 7360 7361 7367
7009 7359 7356 7361 7360
7010 8680 8675 8678 8669
7011 7357 7372 7361 7378
7012 7356 7372 7361 7357
7013 7360 7357 7361 7367
7014 7360 7356 7361 7357
7015 7367 7357 7361 7378
7016 8813 8811 8820 8821
7017 7986 7994 7992 7997
7018 7974 7973 7972 7968
7019 7967 7966 7968 7970
7020 7361 7365 7363 7359
7021 8766 8771 8765 8790
7022 8771 8766 9893 9900
7023 7366 7971 7977 7970
7024 8877 8886 8878 8890
7025 7363 7361 7362 7365
7026 7364 7365 7362 7361
7027 7359 7358 7970 7361
7028 7359 7967 7970 7358
7029 7366 7359 7970 7363
7030 7345 7366 7970 7971
7031 7345 7971 7970 7967
7032 7360 7359 7970 7366
7033 7360 7967 7970 7359
7034 7345 7967 7970 7360
7035 7345 7360 7970 7366
7036 7882 8013 8015 7877
7037 4595 4590 4593 4587
7038 7888 7849 7851 7855
7039 7974 7976 7975 7977
7040 7937 7852 7862 7930
7041 10280 10281 10296 10290
7042 8858 8853 8859 8854
7043 7990 7987 7981 7989
7044 7963 7959 7964 7957
7045 2582 2573 2698 2575
7046 7949 7939 7940 7943
7047 7970 7973 7975 7974
7048 7879 7876 7877 7875
7049 7864 7747 7746 7865
7050 7969 7973 7975 7970
7051 7867 7866 7838 7861
7052 7997 7977 7978 7976
7053 10254 10255 10269 10281
7054 10342 10347 10352 10340
7055 10225 10294 10280 10295
7056 7674 7670 7676 7671
7057 8889 8891 8779 9048
7058 10571 10297 10298 10283
7059 7898 7888 7880 7879
7060 2065 1387 1368 2064
7061 7981 7982 7979 7983
7062 7977 7970 7975 7974
7063 7876 7849 7888 7887
7064 8924 8920 8925 8917
7065 7981 7986 7980 7976
7066 7890 7879 7896 7880
7067 7974 7976 7980 7973
7068 7990 7983 7985 7981
7069 7997 7986 7993 7991
7070 10287 10262 10286 10281
7071 7905 7889 7890 7878
7072 7887 7849 7888 7855
7073 10267 10281 10263 10290
7074 8986 8984 8983 8987
7075 7988 7974 7981 7987
7076 7988 7987 7981 7990
7077 10267 10281 10269 10263
7078 10282 10297 10284 10285
7079 10281 10226 10222 10254
7080 10254 10259 10260 10255
7081 7876 7887 7888 7879
7082 7760 7764 7840 7842
7083 8002 8001 8004 7850
7084 7927 7929 7928 7956
7085 7977 7971 7975 7970
7086 7904 7915 7906 7903
7087 7980 7976 7977 7981
7088 2574 2675 2575 2657
7089 7981 7988 7977 7980
7090 7980 7974 7977 7976
7091 8011 8009 8010 8015
7092 8002 8003 7936 8004
7093 4547 4541 4636 4540
7094 7981 7976 7991 7986
7095 7983 7990 7991 7981
7096 7981 7986 7991 7983
7097 7988 7974 7977 7980
7098 8009 8008 8015 8011
7099 10234 10231 10228 10233
7100 7988 7970 7977 7974
7101 8850 8853 8852 8866
7102 7951 7681 7947 7944
7103 8865 8872 8870 8867
7104 8872 8869 8870 8854
7105 1391 2028 1392 2147
7106 9701 9704 9905 9692
7107 8815 8802 8862 8801
7108 7906 7889 7890 7905
7109 8852 8856 8858 8851
7110 8864 8863 8870 8869
7111 8805 8809 8820 8811
7112 8812 8811 8821 8810
7113 7981 7989 8009 7990
7114 8814 8811 8821 8812
7115 8927 8930 8929 8928
7116 8931 8996 8992 8984
7117 3818 3801 3812 3808
7118 7888 7891 7899 7892
7119 8984 8997 8992 8993
7120 8872 8876 8883 8882
7121 10548 10523 10521 10514
7122 5502 5521 5505 5517
7123 8819 8872 8854 8869
7124 7916 7917 7918 7919
7125 8536 8534 8528 8541
7126 7991 7976 7997 7986
7127 11617 11620 11632 11616
7128 7869 7852 7862 7937
7129 7856 7850 7853 7852
7130 7863 7867 7853 7859
7131 7941 7975 7978 7971
7132 7977 7971 7978 7975
7133 7975 7976 7978 7977
7134 7942 7976 7978 7975
7135 7941 7971 7978 7939
7136 7348 7939 7978 7971
7137 6791 6795 6788 6792
7138 7862 7871 7865 7863
7139 7861 7858 7860 7854
7140 7348 7347 7352 7346
7141 7851 7850 7853 7856
7142 8885 8876 8777 8884
7143 7871 7869 7863 7862
7144 7963 7946 7948 7953
7145 7934 7938 7864 7931
7146 7961 7946 7963 7953
7147 7955 7957 7961 7954
7148 7951 7681 7452 7463
7149 7939 7941 7943 7949
7150 8821 8814 8813 8811
7151 8823 8814 8813 8821
7152 8862 8801 8861 8815
7153 8805 8802 8815 8801
7154 8820 8813 8815 8811
7155 8820 8811 8815 8805
7156 8811 8802 8815 8805
7157 8813 8802 8815 8811
7158 8870 8863 8866 8850
7159 8805 8820 8817 8815
7160 8820 8808 8809 8805
7161 8816 8805 8817 8815
7162 8869 8871 8870 8854
7163 7909 7906 7908 7903
7164 8872 8860 8902 8854
7165 9486 9485 9484 9483
7166 8917 8916 8923 8914
7167 8931 8928 8927 8992
7168 8982 8987 8983 8984
7169 8915 8920 8919 8918
7170 11177 11189 11187 11184
7171 8772 8823 8865 8876
7172 2022 2025 2037 2020
7173 8864 8861 8869 8862
7174 8815 8862 8869 8861
7175 9008 9010 9017 9016
7176 8916 8907 8905 8902
7177 8815 8813 8869 8862
7178 7882 7877 7881 7884
7179 8876 8822 8823 8865
7180 8815 8869 8819 8818
7181 7997 7999 7995 7996
7182 8854 8871 8914 8916
7183 8819 8816 8817 8815
7184 8867 8864 8870 8865
7185 8994 8984 8992 8993
7186 8984 8992 8979 8981
7187 8777 8774 8773 8778
7188 8900 8912 8913 8892
7189 8984 8982 8981 8983
7190 8903 8916 8902 8907
7191 8869 8813 8865 8862
7192 8869 8862 8865 8864
7193 8927 8992 8979 8931
7194 1098 1119 1092 1099
7195 8865 8864 8870 8869
7196 8872 8869 8822 8865
7197 8869 8813 8822 8865
7198 8819 8815 8822 8869
7199 8869 8815 8822 8813
7200 8820 8813 8822 8815
7201 7679 7680 7743 7678
7202 8872 8876 8867 8865
7203 8854 8853 8914 8870
7204 7899 7888 7898 7891
7205 7861 7841 7842 7838
7206 8870 8864 8866 8863
7207 10295 10251 10217 10225
7208 8916 8871 8914 8915
7209 10254 10255 10260 10269
7210 8867 8868 8875 8882
7211 8920 8916 8925 8917
7212 8858 8855 8857 8851
7213 7892 7916 7901 7836
7214 8870 8871 8914 8854
7215 1382 1403 1407 1379
7216 7906 7904 7911 7915
7217 8859 8914 8923 8916
7218 7888 7851 7899 7894
7219 7995 7996 7993 7997
7220 8915 8920 8917 8916
7221 7869 7856 7853 7852
7222 7866 7760 7757 7758
7223 7898 7901 7899 7891
7224 7918 7901 7900 7916
7225 8854 8853 8859 8914
7226 7901 7891 7900 7916
7227 8012 8013 8009 8008
7228 7912 7925 7914 7908
7229 10222 10269 10267 10281
7230 9049 9048 9046 8780
7231 166 174 156 164
7232 8925 8916 8923 8917
7233 8908 8877 8906 8902
7234 8867 8882 8875 8874
7235 8866 8853 8858 8870
7236 565 561 563 560
7237 8870 8853 8858 8854
7238 8916 8854 8859 8914
7239 8916 8860 8859 8854
7240 8857 8859 8858 8853
7241 7926 7918 7924 7919
7242 8859 8905 8860 8916
7243 8928 8934 8909 8931
7244 8880 8882 8875 8868
7245 8868 8852 8873 8866
7246 8782 8884 8885 8777
7247 7905 7902 7906 7903
7248 8016 8003 8000 7998
7249 8883 8877 8885 8876
7250 8788 8795 8787 8785
7251 7672 7737 7678 7679
7252 8854 8860 8873 8872
7253 8860 8858 8859 8854
7254 145 166 180 174
7255 8868 8866 8873 8867
7256 8870 8872 8873 8867
7257 8854 8870 8873 8858
7258 8854 8872 8873 8870
7259 8870 8866 8873 8858
7260 8870 8867 8873 8866
7261 8882 8876 8874 8867
7262 8873 8867 8882 8868
7263 8911 8904 8908 8903
7264 8903 8907 8908 8911
7265 8902 8904 8908 8877
7266 7783 7775 7787 7784
7267 8017 8001 8018 8004
7268 8903 8904 8908 8902
7269 8902 8907 8908 8903
7270 2025 2020 2034 2037
7271 8872 8860 8883 8902
7272 8902 8877 8883 8872
7273 7917 7915 7923 7921
7274 7937 7931 7862 7938
7275 6301 6298 6292 6300
7276 8015 8012 8014 8013
7277 8006 8016 7995 8009
7278 7935 7962 7964 7965
7279 9032 8791 9038 8797
7280 7877 8013 8014 8012
7281 6695 6610 6697 6606
7282 10219 10226 10222 10220
7283 2608 2603 2592 2600
7284 8015 8009 8014 8012
7285 10263 10255 10260 10259
7286 7916 7917 7919 7837
7287 7912 7923 7906 7915
7288 7836 7916 7919 7837
7289 7856 7870 7869 7853
7290 7880 7895 7885 7896
7291 4664 4662 4654 4656
7292 7919 7917 7924 7837
7293 8783 8781 8782 8778
7294 7993 7983 7985 7991
7295 7921 7924 7923 7917
7296 7889 7900 7909 7890
7297 8790 8787 8791 8796
7298 7658 7659 7657 7934
7299 7888 7892 7899 7851
7300 7837 7917 7924 7922
7301 10222 10281 10267 10226
7302 7134 6930 7194 7191
7303 9930 9914 9878 9938
7304 7887 7888 7880 7893
7305 7881 7882 8014 7877
7306 3670 3675 3669 3674
7307 7906 7903 7890 7889
7308 9852 9861 8791 8796
7309 10350 10347 10352 10348
7310 7658 7964 7655 7656
7311 8006 8005 8010 8009
7312 7884 7877 7883 7880
7313 7851 7855 7894 7888
7314 8008 8007 8009 8012
7315 7935 7931 7933 7938
7316 7917 7903 7906 7915
7317 7899 7891 7901 7892
7318 7836 7892 7860 7901
7319 7878 7879 7890 7880
7320 10251 10243 10249 10250
7321 7875 8013 7877 8012
7322 7900 7903 7918 7916
7323 7884 7876 7882 7877
7324 3339 5825 3344 5826
7325 7889 7903 7909 7900
7326 7914 7912 7908 7906
7327 7889 7905 7906 7903
7328 7761 7765 7758 7760
7329 7406 7412 7418 7413
7330 9549 9562 9540 9563
7331 7908 7925 7918 7923
7332 6234 6229 6232 6230
7333 7887 7894 7855 7888
7334 8001 8008 7998 8017
7335 7983 7982 7984 7981
7336 10255 10259 10262 10265
7337 10281 10255 10263 10262
7338 7915 7904 7911 7910
7339 7899 7893 7898 7888
7340 1364 1387 1380 2031
7341 1387 1389 1388 1383
7342 8004 8003 8017 8001
7343 7876 7849 8018 8013
7344 7906 7913 7908 7914
7345 7891 7889 7890 7900
7346 7887 7879 7880 7888
7347 7893 7888 7880 7898
7348 7877 7876 7882 8013
7349 7876 8013 7877 7875
7350 7915 7910 7912 7920
7351 7984 7981 7985 7983
7352 7984 7985 8009 8006
7353 7916 7917 7906 7918
7354 7916 7903 7906 7917
7355 7918 7903 7906 7916
7356 7998 7990 8009 8008
7357 7985 7981 8009 7990
7358 8006 8005 8009 7984
7359 7984 7981 8009 7985
7360 7881 7877 7883 7884
7361 7891 7900 7890 7898
7362 8016 7998 8009 8008
7363 7991 7990 8009 7998
7364 7985 7990 8009 7991
7365 8017 8013 8015 8018
7366 7991 7998 8009 7995
7367 8006 7985 8009 7995
7368 7985 7993 8009 7995
7369 7991 7993 8009 7985
7370 7991 7995 8009 7993
7371 7906 7912 7908 7923
7372 7880 7879 7896 7898
7373 7878 7889 7890 7879
7374 7918 7903 7908 7906
7375 7890 7897 7896 7909
7376 7890 7880 7896 7895
7377 10269 10281 10260 10263
7378 8015 8013 8014 7877
7379 3343 3345 3346 3344
7380 7882 7887 8018 7876
7381 7907 7890 7909 7897
7382 7890 7895 7896 7897
7383 8009 8012 8015 8013
7384 10231 10228 10233 10243
7385 7880 7896 7885 7886
7386 7898 7879 7896 7889
7387 8011 8017 8016 8008
7388 7880 7879 7884 7877
7389 7880 7887 7884 7879
7390 8009 8013 8015 8008
7391 7882 8018 8015 8013
7392 8017 8008 8015 8013
7393 7879 7876 7884 7877
7394 7879 7887 7884 7876
7395 8018 8013 7882 7876
7396 8006 8009 8010 8011
7397 4673 4658 4672 4657
7398 10281 10262 10286 10261
7399 7886 7898 7893 7880
7400 8014 8015 8010 8009
7401 7884 7880 7883 7885
7402 5502 5521 5517 5520
7403 10220 10226 10225 10219
7404 10282 10281 10280 10287
7405 10289 10282 10288 10284
7406 10318 10334 10330 10320
7407 6210 6233 6207 6231
7408 10332 10334 10314 10320
7409 10335 10341 10338 10336
7410 10255 10226 10281 10254
7411 4664 4658 4645 4642
7412 10327 10268 10333 10277
7413 10308 10232 10229 10234
7414 10295 10252 10225 10294
7415 10265 10255 10261 10262
7416 2817 2811 2813 2815
7417 10255 10226 10254 10227
7418 10223 10220 10267 10226
7419 10265 10258 10264 10255
7420 10257 10260 10271 10254
7421 10260 10269 10271 10254
7422 2607 2609 2608 2602
7423 10676 10229 10306 10679
7424 10255 10262 10281 10261
7425 10262 10266 10265 10259
7426 2748 2743 2769 2770
7427 10277 10343 10279 10275
7428 10319 10310 10312 10236
7429 2744 2748 2751 2750
7430 4828 4830 4891 4825
7431 10248 10250 10249 10243
7432 2808 2812 2805 2810
7433 10222 10226 10267 10220
7434 2748 2744 2751 2729
7435 10293 10555 10299 10297
7436 10269 10255 10260 10281
7437 11209 11213 11210 11207
7438 7998 8003 8001 8017
7439 4671 4696 4667 4670
7440 7447 7450 7455 7448
7441 10348 10345 10347 10352
7442 10273 10270 10276 10277
7443 2580 2732 2579 2578
7444 7850 8002 7936 8004
7445 2576 2572 2574 2566
7446 7956 7954 7960 7961
7447 2582 2695 2698 2573
7448 2810 2809 2805 2808
7449 2815 2801 2793 2795
7450 5490 5489 4683 5479
7451 10253 10247 10249 10243
7452 4645 4658 4646 4638
7453 10285 10297 10284 10283
7454 10243 10241 10249 10248
7455 4722 4588 4555 4552
7456 2769 2768 2569 2570
7457 2801 2810 2808 2811
7458 2748 2770 2769 2805
7459 4616 4623 4614 4622
7460 2798 2796 2799 2795
7461 2773 2793 2768 2772
7462 4662 4665 4654 4656
7463 2813 2810 2812 2815
7464 2801 2795 2799 2796
7465 2792 2794 2793 2791
7466 4664 4658 4642 4659
7467 4665 4666 4655 4662
7468 4679 4693 4681 4677
7469 4727 4646 4673 4725
7470 2582 2546 2698 2695
7471 2798 2800 2801 2796
7472 2811 2810 2815 2801
7473 4714 4715 4718 4709
7474 2815 2812 2808 2810
7475 10314 10320 10313 10312
7476 2794 2792 2793 2795
7477 2811 2797 2808 2796
7478 2808 2801 2793 2815
7479 2804 2792 2795 2793
7480 2775 2771 2778 2732
7481 2768 2568 2578 2767
7482 2768 2773 2770 2793
7483 2657 2675 2575 2661
7484 2810 2801 2808 2815
7485 2811 2796 2808 2801
7486 2571 2561 2572 2566
7487 2786 2804 2816 2779
7488 4694 4724 4725 4727
7489 2565 2566 2563 2562
7490 2815 2799 2801 2795
7491 4662 4657 4669 4672
7492 7950 7943 7944 7946
7493 4663 4659 4656 4664
7494 4670 4696 4667 4695
7495 4654 4657 4653 4665
7496 4665 4657 4669 4662
7497 4655 4662 4656 4665
7498 4665 4655 4653 4656
7499 4662 4676 4664 4672
7500 2815 2813 2816 2812
7501 4666 4675 4662 4665
7502 4665 4675 4669 4674
7503 4674 4668 4669 4665
7504 4669 4676 4675 4662
7505 4662 4675 4669 4665
7506 4643 4639 4644 4640
7507 4660 4662 4661 4655
7508 4673 4696 4727 4667
7509 4696 4695 4694 4667
7510 4726 4725 4686 4680
7511 2805 2771 2769 2748
7512 4656 4659 4654 4664
7513 2728 2735 2731 2900
7514 4588 4557 4558 4552
7515 4724 4667 4725 4727
7516 4664 4658 4654 4657
7517 2811 2809 2810 2808
7518 2562 2566 2563 2669
7519 4700 4695 4694 4701
7520 2793 2792 2773 2776
7521 4683 4677 4681 5489
7522 2574 2572 2575 2675
7523 2795 2796 2793 2794
7524 4664 4657 4654 4662
7525 4664 4659 4654 4658
7526 2805 2770 2769 2771
7527 4662 4657 4654 4665
7528 2793 2791 2773 2792
7529 4670 4668 4667 4671
7530 4671 4668 4667 4669
7531 4665 4657 4667 4669
7532 4669 4668 4667 4665
7533 4673 4657 4667 4658
7534 4684 4685 4681 4682
7535 4672 4657 4667 4673
7536 4669 4657 4667 4672
7537 4687 5487 4688 4678
7538 10295 10225 10296 10280
7539 2570 2568 2769 2768
7540 10260 10278 10273 10276
7541 2768 2566 2568 2567
7542 4718 4721 4725 4719
7543 4591 4726 4596 4588
7544 4651 4654 4652 4657
7545 2736 2729 2732 2771
7546 2742 2729 2748 2771
7547 4555 4556 4553 4589
7548 4549 4710 4552 4557
7549 2599 2780 2781 2601
7550 2574 2561 2563 2566
7551 4597 4589 4592 4588
7552 2774 2773 2770 2768
7553 2774 2793 2770 2773
7554 2670 2566 2563 2674
7555 2772 2773 2766 2768
7556 2561 2570 2560 2566
7557 2769 2743 2569 2768
7558 4718 4724 4691 4723
7559 2768 2568 2767 2766
7560 2674 2561 2574 2572
7561 2770 2768 2769 2771
7562 5454 5451 5443 5449
7563 2568 2567 2765 2768
7564 2750 2748 2749 2744
7565 2568 2768 2765 2766
7566 2766 2768 2765 2772
7567 2572 2561 2574 2566
7568 4700 4701 4694 4698
7569 4639 4659 4641 4642
7570 2748 2742 2769 2743
7571 4687 4690 4689 4678
7572 2547 2552 2615 2550
7573 2742 2744 2748 2729
7574 2568 2578 2571 2771
7575 2744 2742 2748 2741
7576 4594 4609 4595 4627
7577 2564 2566 2565 2562
7578 2576 2566 2571 2572
7579 4723 4714 4691 4718
7580 4691 4694 4725 4699
7581 4651 4657 4652 4719
7582 4718 4706 4717 4716
7583 4702 4698 4699 4694
7584 2771 2742 2769 2748
7585 4710 4715 4720 4557
7586 4718 4719 4725 4691
7587 4700 4698 4694 4697
7588 2770 2743 2769 2768
7589 4696 4667 4694 4724
7590 4720 4721 4725 4718
7591 4689 4698 4685 4693
7592 4717 4721 4720 4718
7593 2793 2812 2771 2770
7594 4707 4706 4718 4709
7595 5494 5459 4688 5487
7596 4727 4696 4724 4667
7597 4689 4683 4687 4681
7598 4687 4678 4689 4681
7599 4681 4679 4689 4693
7600 4724 4727 4694 4696
7601 4652 4719 4716 4651
7602 4709 4715 4720 4710
7603 4652 4721 4717 4719
7604 4716 4652 4717 4719
7605 4718 4719 4691 4724
7606 5487 5459 4688 4613
7607 4691 4724 4725 4694
7608 4720 4718 4725 4715
7609 4727 4667 4725 4673
7610 4613 4678 4688 5487
7611 2768 2568 2769 2771
7612 4726 4715 4557 4720
7613 7874 7842 7760 7866
7614 4692 4693 4681 4694
7615 4692 4677 4681 4693
7616 4685 4698 4681 4693
7617 4694 4693 4681 4698
7618 4685 4684 4681 4698
7619 4683 5489 4681 4682
7620 4682 4685 4681 4683
7621 4684 4697 4681 4698
7622 4694 4698 4681 4697
7623 4691 4699 4725 4679
7624 10268 10277 10276 10270
7625 4679 4677 4681 4678
7626 4714 4713 4718 4723
7627 4714 4709 4718 4713
7628 4681 4678 4689 4679
7629 4707 4709 4720 4710
7630 2577 2572 2575 2574
7631 4718 4715 4720 4709
7632 4699 4679 4691 4693
7633 5487 4678 4687 5489
7634 2774 2793 2771 2770
7635 2657 2670 2574 2675
7636 4698 4693 4691 4694
7637 4698 4699 4691 4693
7638 4694 4699 4691 4698
7639 10822 10938 10818 10825
7640 2577 2573 2582 2575
7641 4681 4693 4689 4685
7642 2566 2560 2569 2570
7643 4718 4709 4720 4707
7644 4618 4588 4596 4726
7645 2577 2584 2582 2573
7646 2768 2774 2771 2770
7647 5490 4687 4683 5489
7648 4681 4677 4687 4678
7649 4683 4677 4687 4681
7650 4683 5489 4687 4677
7651 4678 4677 4687 5489
7652 2779 2776 2804 2782
7653 2732 2767 2578 2580
7654 4725 4714 4715 4718
7655 4667 4658 4725 4673
7656 4719 4721 4725 4658
7657 4719 4658 4725 4657
7658 4667 4657 4725 4658
7659 4719 4657 4725 4667
7660 2576 2581 2577 2572
7661 2670 2674 2563 2574
7662 2670 2674 2574 2675
7663 2767 2768 2771 2578
7664 2578 2768 2771 2568
7665 4726 4588 4722 4552
7666 2675 2674 2574 2572
7667 2574 2566 2563 2576
7668 2669 2566 2563 2670
7669 2674 2561 2563 2574
7670 2564 2567 2565 2566
7671 2568 2566 2565 2567
7672 2570 2566 2565 2568
7673 2806 2810 2809 2805
7674 2565 2578 2576 2571
7675 2570 2571 2565 2566
7676 2576 2566 2565 2571
7677 2570 2568 2565 2571
7678 10296 10304 10240 10302
7679 2732 2571 2581 2578
7680 2788 2790 2607 2785
7681 10304 10301 10302 10296
7682 10293 10294 10295 10297
7683 4593 4589 4586 4588
7684 10296 10238 10235 10251
7685 2749 2807 2806 2748
7686 2573 2661 2575 2675
7687 10301 10298 10299 10297
7688 4725 4721 4726 4658
7689 2734 2730 2736 2729
7690 10285 10297 10301 10295
7691 10282 10285 10284 10289
7692 10300 10560 10561 10555
7693 2680 2694 2700 2697
7694 10282 10287 10288 10286
7695 10282 10287 10280 10289
7696 10225 10216 10217 10220
7697 10251 10216 10217 10225
7698 10249 10235 10233 10238
7699 10298 10297 10285 10283
7700 10555 10561 10300 10556
7701 10243 10250 10251 10253
7702 10243 10242 10233 10249
7703 10225 10220 10217 10223
7704 10253 10250 10251 10252
7705 10233 10238 10235 10239
7706 10223 10226 10225 10220
7707 10291 10285 10301 10282
7708 10299 10555 10300 10296
7709 2812 2807 2777 2805
7710 10219 10216 10225 10220
7711 10218 10223 10296 10225
7712 10251 10216 10225 10250
7713 10251 10250 10225 10252
7714 10290 10287 10280 10281
7715 10253 10295 10225 10251
7716 10253 10252 10225 10295
7717 10251 10252 10225 10253
7718 10251 10218 10235 10296
7719 2746 2751 2750 2744
7720 2578 2732 2579 2581
7721 2729 2744 2751 2747
7722 10263 10269 10276 10260
7723 10217 10223 10218 10225
7724 10560 10555 10299 10571
7725 10293 10297 10299 10298
7726 2607 2601 2608 2599
7727 2748 2805 2777 2807
7728 2748 2771 2777 2805
7729 2770 2805 2777 2771
7730 2770 2812 2777 2805
7731 2771 2812 2777 2770
7732 2581 2576 2578 2571
7733 2777 2748 2751 2771
7734 2616 2618 2903 2615
7735 10295 10282 10301 10285
7736 2577 2573 2575 2572
7737 10287 10291 10290 10280
7738 10302 10299 10300 10296
7739 5327 5311 5310 5326
7740 10289 10282 10291 10280
7741 10233 10247 10243 10249
7742 5432 5305 5433 5425
7743 10231 10239 10238 10233
7744 10237 10218 10224 10240
7745 10233 10247 10249 10238
7746 10571 10293 10299 10298
7747 10571 10555 10299 10293
7748 10574 10299 10298 10571
7749 10267 10290 10296 10281
7750 10267 10281 10296 10223
7751 10280 10282 10296 10295
7752 10291 10282 10296 10280
7753 10301 10282 10296 10291
7754 10301 10295 10296 10282
7755 10225 10281 10296 10280
7756 10251 10295 10296 10253
7757 10251 10253 10296 10238
7758 10217 10251 10296 10218
7759 10217 10295 10296 10251
7760 10225 10217 10296 10218
7761 10225 10295 10296 10217
7762 10328 10331 10330 10320
7763 10301 10297 10296 10295
7764 10225 10226 10296 10281
7765 10223 10226 10296 10225
7766 10223 10281 10296 10226
7767 2749 2807 2748 2750
7768 2737 2751 2736 2771
7769 10293 10297 10296 10555
7770 10295 10297 10296 10293
7771 10299 10555 10296 10297
7772 10299 10297 10296 10301
7773 2816 2789 2788 2783
7774 4589 4558 4559 4553
7775 10268 10240 10224 10223
7776 10240 10218 10224 10223
7777 2700 2697 2693 2696
7778 10240 10223 10268 10267
7779 10302 10305 10304 10240
7780 2747 2736 2751 2729
7781 2751 2729 2736 2771
7782 10296 10223 10240 10267
7783 7783 7785 7790 7788
7784 10237 10235 10240 10236
7785 10235 10239 10240 10236
7786 10218 10223 10240 10296
7787 10300 10296 10240 10302
7788 1827 1978 1821 1977
7789 10218 10235 10240 10237
7790 10218 10296 10240 10235
7791 10235 10238 10240 10239
7792 10296 10238 10240 10235
7793 10300 10556 10240 10555
7794 10300 10555 10240 10296
7795 8873 8883 8882 8872
7796 4638 4588 4586 4722
7797 10327 10333 10319 10328
7798 4642 4663 4664 4659
7799 4613 4622 4690 4680
7800 4729 4699 4686 4725
7801 4726 4725 4729 4686
7802 2699 2695 2698 2546
7803 4720 4721 4726 4725
7804 2574 2576 2577 2572
7805 4639 4658 4642 4638
7806 4557 4720 4552 4726
7807 4690 4699 4689 4679
7808 10333 10320 10328 10334
7809 4690 4680 4686 4679
7810 4555 4588 4553 4552
7811 4648 4645 4646 4638
7812 4720 4721 4722 4726
7813 4639 4659 4642 4658
7814 10318 10320 10330 10331
7815 4725 4679 4686 4680
7816 4699 4679 4686 4725
7817 4497 4502 4512 4504
7818 4500 4513 4498 4502
7819 4720 4726 4722 4552
7820 7709 7717 7707 7706
7821 2699 2695 2546 2696
7822 4535 4540 4537 4538
7823 4729 4727 4702 4725
7824 5605 5604 5594 5611
7825 4586 4588 4555 4722
7826 4556 4589 4627 4554
7827 2602 2784 2601 2607
7828 2732 2767 2580 2775
7829 2767 2732 2578 2771
7830 4501 4539 4496 4606
7831 3209 3202 3204 3208
7832 4638 4647 4645 4642
7833 4644 4610 4602 4590
7834 4726 4721 4638 4658
7835 4722 4721 4638 4726
7836 4726 4588 4638 4722
7837 4726 4648 4638 4588
7838 2781 2607 2599 2601
7839 2812 2804 2816 2815
7840 2784 2607 2781 2601
7841 7857 7855 7894 7851
7842 2778 2781 2780 2784
7843 10296 10304 10303 10240
7844 4672 4649 4676 4664
7845 7449 7950 7455 7940
7846 10316 10320 10315 10310
7847 2243 2240 2246 2241
7848 4638 4658 4646 4726
7849 4728 4726 4646 4725
7850 4725 4658 4646 4673
7851 4726 4658 4646 4725
7852 10314 10320 10312 10332
7853 10268 10267 10276 10303
7854 2775 2732 2778 2780
7855 2774 2771 2778 2775
7856 2774 2776 2778 2771
7857 2816 2804 2782 2779
7858 2812 2804 2782 2816
7859 2732 2771 2782 2737
7860 2778 2771 2782 2732
7861 9901 9877 9857 9894
7862 2776 2771 2782 2778
7863 2776 2812 2782 2771
7864 2812 2776 2782 2804
7865 2777 2782 2812 2771
7866 10269 10273 10272 10270
7867 10273 10271 10260 10269
7868 10290 10276 10263 10267
7869 10269 10270 10276 10273
7870 10267 10270 10268 10276
7871 10263 10267 10276 10269
7872 10335 10277 10341 10333
7873 8002 7852 7936 7930
7874 7892 7851 7858 7899
7875 10273 10279 10275 10277
7876 8883 8886 8885 8877
7877 2658 2660 2691 2652
7878 4599 4606 4600 4496
7879 10319 10327 10305 10240
7880 10319 10320 10312 10310
7881 10303 10277 10276 10268
7882 10303 10240 10327 10268
7883 10676 10308 10306 10229
7884 10530 10505 10545 10503
7885 10256 10259 10257 10255
7886 7941 7942 7945 7949
7887 7755 7781 7751 7777
7888 10328 10334 10341 10333
7889 8785 8786 8788 8795
7890 10333 10336 10334 10341
7891 7751 7781 7790 7783
7892 2783 2782 2788 2816
7893 2785 2607 2788 2784
7894 2788 2607 2781 2784
7895 4586 4589 4555 4588
7896 2785 2782 2784 2788
7897 2616 2587 2625 2630
7898 10347 10342 10352 10345
7899 10305 10240 10323 10319
7900 10319 10237 10312 10332
7901 2589 2592 2595 2590
7902 2598 2600 2586 2603
7903 2732 2778 2784 2782
7904 2732 2780 2784 2778
7905 2784 2737 2739 2732
7906 2778 2779 2784 2782
7907 10350 10340 10352 10347
7908 7950 7943 7946 7945
7909 10515 10519 10514 10523
7910 7696 7614 7611 7612
7911 10312 10320 10313 10310
7912 3559 3511 3516 3508
7913 2782 2779 2788 2816
7914 2784 2779 2788 2782
7915 4601 4598 4640 4602
7916 2603 2601 2598 2599
7917 4588 4589 4592 4593
7918 5633 5627 5546 5634
7919 2242 2237 2245 2240
7920 4535 4540 4538 4536
7921 2732 2780 2551 2784
7922 4647 4610 4650 4644
7923 4642 4647 4644 4638
7924 4643 4602 4601 4640
7925 4598 4602 4586 4640
7926 4597 4588 4619 4589
7927 9095 9078 9076 9088
7928 4645 4650 4649 4642
7929 10727 10734 10733 10729
7930 10352 10330 10351 10345
7931 2555 2548 2554 2551
7932 4540 4535 4479 4536
7933 4608 4606 4605 4599
7934 4602 4590 4607 4587
7935 4598 4602 4587 4586
7936 4638 4639 4644 4642
7937 4640 4639 4644 4638
7938 4726 4588 4591 4648
7939 4553 4556 4554 4589
7940 4728 4648 4646 4726
7941 5459 4613 4620 4688
7942 4638 4648 4586 4588
7943 4588 4648 4586 4593
7944 4640 4602 4586 4644
7945 4638 4640 4586 4644
7946 4602 4590 4586 4644
7947 2736 2730 2738 2732
7948 4638 4647 4586 4648
7949 4644 4647 4586 4638
7950 4590 4647 4586 4644
7951 2735 2730 2731 2738
7952 4627 4559 4495 4554
7953 2547 2549 2615 2552
7954 2900 2908 2901 2899
7955 2552 2583 2550 2547
7956 4622 4686 4690 4680
7957 4688 4622 4690 4613
7958 2555 2586 2552 2598
7959 2736 2739 2737 2732
7960 9376 9373 9374 9369
7961 2547 2582 2550 2546
7962 4591 4597 4592 4588
7963 4686 4680 4618 4726
7964 2711 2703 2712 2690
7965 2552 2584 2550 2583
7966 2193 2190 2710 2704
7967 2661 2658 2698 2575
7968 10313 10320 10311 10310
7969 2728 2730 2731 2735
7970 2552 2603 2615 2559
7971 2616 2682 2612 2611
7972 2573 2661 2698 2575
7973 8940 8933 8934 8928
7974 7924 7918 7923 7917
7975 2720 2707 2702 2708
7976 2580 2554 2548 2551
7977 2583 2584 2551 2552
7978 2603 2601 2552 2598
7979 4518 4464 4511 4509
7980 7592 7595 7599 7591
7981 10743 10741 10702 10746
7982 2579 2584 2551 2583
7983 2547 2582 2583 2550
7984 2552 2548 2583 2549
7985 10324 10319 10322 10320
7986 2732 2554 2775 2580
7987 10321 10556 10564 10557
7988 4725 4714 4718 4691
7989 2549 2583 2552 2547
7990 2550 2582 2583 2584
7991 2584 2573 2695 2582
7992 2582 2550 2546 2695
7993 4686 4596 4729 4726
7994 2378 2392 2399 2393
7995 2784 2739 2551 2732
7996 2554 2598 2551 2780
7997 2552 2598 2551 2555
7998 2554 2555 2551 2598
7999 2580 2579 2551 2548
8000 2580 2732 2551 2579
8001 2581 2584 2551 2579
8002 2579 2732 2551 2581
8003 2615 2616 2613 2611
8004 2889 2894 2887 2888
8005 10322 10320 10307 10325
8006 2784 2780 2551 2601
8007 10318 10311 10386 10313
8008 2598 2601 2551 2780
8009 2552 2601 2551 2598
8010 10305 10303 10304 10240
8011 10390 10384 10317 10683
8012 10224 10237 10319 10332
8013 10327 10240 10319 10268
8014 10328 10333 10319 10320
8015 10323 10329 10305 10319
8016 10300 10556 10321 10240
8017 10667 10654 10668 10659
8018 2700 2696 2693 2699
8019 10224 10240 10319 10237
8020 10236 10237 10319 10240
8021 7961 7950 7946 7945
8022 10318 10311 10316 10317
8023 10268 10224 10319 10333
8024 10268 10240 10319 10224
8025 7748 7773 7746 7865
8026 10329 10319 10324 10320
8027 2557 2738 2556 2551
8028 2615 2547 2613 2549
8029 2739 2601 2784 2551
8030 2552 2601 2557 2551
8031 10505 10508 10545 10503
8032 9558 5925 5922 11655
8033 2734 2738 2736 2730
8034 10391 10384 10385 10387
8035 8680 8391 8681 8672
8036 10692 10682 10686 10683
8037 10321 10324 10323 10319
8038 10524 10519 10515 10523
8039 10348 10346 10352 10356
8040 2701 2682 2681 2697
8041 2549 2585 2613 2615
8042 10345 10391 10351 10346
8043 10318 10384 10386 10311
8044 10391 10346 10379 10351
8045 2733 2735 2734 2728
8046 10321 10556 10557 10319
8047 10325 10393 10326 10318
8048 2451 2447 2445 2453
8049 10313 10320 10318 10311
8050 10313 10314 10318 10320
8051 10388 10314 10318 10313
8052 10692 10687 10686 10691
8053 7928 7996 8000 7999
8054 10522 10527 10526 10516
8055 10382 10376 10372 10371
8056 5622 5619 5620 5616
8057 2342 2324 2344 2349
8058 10314 10334 10318 10320
8059 10391 10346 10345 10388
8060 2690 2694 2693 2700
8061 3961 3957 3958 3951
8062 10521 10392 10325 10517
8063 11223 10660 10669 10656
8064 10386 10388 10391 10318
8065 10390 10391 10317 10384
8066 5573 5590 5574 5636
8067 4559 4488 4489 4550
8068 5600 5610 5596 5593
8069 2682 2701 2611 2553
8070 3572 3570 3563 3571
8071 2588 2627 2595 2594
8072 7840 7866 7758 7760
8073 10722 10728 10714 10731
8074 10387 10386 10391 10384
8075 10318 10384 10391 10386
8076 10533 11135 10507 10501
8077 2559 2558 2615 2552
8078 4587 4589 4627 4556
8079 10725 10726 10724 10727
8080 10839 10496 10489 10840
8081 4474 4489 4495 4488
8082 2889 2536 2544 2390
8083 2547 2550 2615 2553
8084 2182 2191 2186 2183
8085 10859 10854 10861 10855
8086 2553 2546 2547 2550
8087 10375 10382 10381 10371
8088 2895 2894 2889 2888
8089 2728 2730 2735 2734
8090 5590 5551 5601 5598
8091 4544 4481 4542 4536
8092 2546 2696 2701 2699
8093 4589 4630 4635 4627
8094 2701 2696 2700 2699
8095 7929 7935 7965 7962
8096 5612 5465 5606 5607
8097 2701 2697 2700 2696
8098 2546 2553 2701 2696
8099 10706 10709 10702 10688
8100 10679 10672 10676 10229
8101 2701 2681 2700 2697
8102 4605 4600 4603 4598
8103 4633 4637 4634 4626
8104 2714 2212 2207 2706
8105 2618 2619 2615 2616
8106 2558 2619 2559 2615
8107 10691 10687 10686 10690
8108 10686 10684 10689 10690
8109 4625 4633 4626 5603
8110 2545 2391 2396 2390
8111 4472 4488 4495 4494
8112 4627 4631 4540 4629
8113 10366 10369 10368 10363
8114 4465 4460 4466 4459
8115 4599 4606 4605 4600
8116 4542 4466 4509 4461
8117 5597 5594 5640 5591
8118 4462 4468 4463 4460
8119 4535 4627 4537 4540
8120 2379 2238 2242 2377
8121 5789 5589 5600 5787
8122 5600 5595 5599 5589
8123 4536 4481 4542 4475
8124 4435 4464 4443 4440
8125 4475 4481 4461 4473
8126 4630 4636 4635 4627
8127 4540 4539 4537 4538
8128 4602 4587 4607 4605
8129 4554 4556 4537 4627
8130 2552 2585 2555 2549
8131 2611 2547 2613 2615
8132 7719 7678 7743 7680
8133 2615 2553 2611 2547
8134 2615 2616 2611 2553
8135 7859 7870 7853 7863
8136 4540 4539 4599 4537
8137 2612 2701 2682 2681
8138 2616 2682 2611 2553
8139 2611 2546 2547 2553
8140 2588 2592 2595 2589
8141 2617 2615 2587 2616
8142 10336 10341 10342 10334
8143 10391 10371 10375 10381
8144 2630 2616 2622 2625
8145 2615 2617 2585 2613
8146 10391 10388 10345 10318
8147 10318 10314 10345 10334
8148 4497 4504 4512 4505
8149 2599 2603 2608 2600
8150 2608 2605 2607 2599
8151 4537 4627 4599 4540
8152 4556 4627 4599 4537
8153 4556 4587 4599 4627
8154 2592 2600 2588 2591
8155 4635 4627 4594 4589
8156 4635 4592 4597 4589
8157 7468 7578 7472 7465
8158 1633 1635 1628 1551
8159 4606 4603 4605 4600
8160 10345 10318 10351 10391
8161 4607 4612 4611 4605
8162 4627 4540 4609 4599
8163 4541 4540 4609 4627
8164 4605 4599 4607 4608
8165 4599 4539 4608 4606
8166 4609 4539 4608 4599
8167 10391 10318 10351 10394
8168 4609 4599 4595 4627
8169 4607 4609 4608 4599
8170 4600 4587 4605 4599
8171 4598 4587 4605 4600
8172 4598 4602 4605 4587
8173 10091 10095 10094 10090
8174 4590 4611 4610 4602
8175 10345 10342 10330 10334
8176 2599 2600 2608 2606
8177 10388 10314 10345 10318
8178 10394 10330 10331 10318
8179 4605 4601 4602 4598
8180 4605 4587 4607 4599
8181 4607 4587 4595 4599
8182 4595 4592 4594 4589
8183 4627 4589 4595 4594
8184 4587 4627 4595 4599
8185 4587 4589 4595 4627
8186 4587 4593 4595 4589
8187 5791 5785 5793 5784
8188 10342 10328 10330 10334
8189 2592 2608 2604 2603
8190 7802 7799 7801 7797
8191 10328 10320 10330 10334
8192 2585 2586 2587 2615
8193 7743 7678 7737 7679
8194 2680 2681 2687 2679
8195 10366 10359 10367 10361
8196 10731 10727 10729 10734
8197 2601 2604 2602 2608
8198 2615 2617 2587 2585
8199 2616 2623 2625 2617
8200 10022 10016 10012 10008
8201 7778 7794 7776 7769
8202 10391 10388 10389 10346
8203 2608 2610 2592 2604
8204 2615 2619 2589 2616
8205 2615 2616 2589 2587
8206 2592 2600 2589 2588
8207 2592 2603 2589 2600
8208 2615 2586 2589 2603
8209 2587 2586 2589 2615
8210 2586 2600 2589 2603
8211 2586 2588 2587 2589
8212 7721 7728 7726 7722
8213 10391 10386 10389 10388
8214 7764 7767 7766 7760
8215 7761 7758 7759 7757
8216 2378 2387 2389 2379
8217 10334 10347 10345 10342
8218 8797 9039 9038 9032
8219 10336 10342 10340 10347
8220 5080 5061 5094 5086
8221 7858 7851 7853 7857
8222 10349 10347 10350 10348
8223 7692 7690 7668 7671
8224 7747 7748 7746 7865
8225 10385 10391 10371 10390
8226 8796 8788 8787 8789
8227 10348 10356 10350 10355
8228 7791 7756 7790 7788
8229 10340 10337 10338 10336
8230 10347 10336 10339 10340
8231 10342 10353 10344 10340
8232 7842 7861 7838 7866
8233 10401 10409 10408 10399
8234 7691 7685 7690 7670
8235 7869 7852 7853 7863
8236 2381 2626 2622 2623
8237 10348 10356 10352 10350
8238 7919 7845 7837 7924
8239 9905 9692 9704 9693
8240 10660 10656 10668 10669
8241 6953 7092 6959 6957
8242 7746 7864 7745 7747
8243 7790 7788 7756 7751
8244 7952 7955 7953 7961
8245 7719 7720 7743 7678
8246 7719 7722 7726 7720
8247 10028 10014 10016 10010
8248 9886 9888 9876 9884
8249 7868 7863 7865 7873
8250 8780 9049 9047 9046
8251 1084 1023 452 1020
8252 7859 7874 7873 7867
8253 7946 7950 7951 7944
8254 10814 10806 10811 10808
8255 7726 7680 7667 7719
8256 7751 7783 7790 7788
8257 8773 8770 8763 8776
8258 7746 7749 7752 7745
8259 10731 10727 10725 10729
8260 4513 4502 4512 4497
8261 10818 10821 10822 10816
8262 9038 9040 9885 9034
8263 7930 7932 7937 7936
8264 7409 7297 7402 7304
8265 7471 7457 7467 7461
8266 7964 7658 7934 7935
8267 7868 7874 7757 7866
8268 7685 7691 7684 7686
8269 8778 8785 8773 8765
8270 7858 7894 7899 7851
8271 8790 8785 8765 8787
8272 2915 2957 2953 2958
8273 8888 8890 8878 8891
8274 7415 8462 7416 7410
8275 7657 7964 7655 7658
8276 7961 7957 7964 7962
8277 6661 6692 6657 6719
8278 8898 8911 8892 8895
8279 7860 7892 7854 7858
8280 9861 8791 9038 9858
8281 8789 9861 9852 8796
8282 7856 8004 7855 7850
8283 7850 7855 7856 7851
8284 7962 7965 7929 7957
8285 8882 8885 8884 8876
8286 7867 7874 7868 7866
8287 7853 7858 7854 7851
8288 7850 7852 7936 8002
8289 7841 7837 7845 7839
8290 7932 8002 7936 7930
8291 7932 8003 7936 8002
8292 7458 7455 7354 7450
8293 7848 7841 7846 7842
8294 8003 8002 7932 7999
8295 7837 7839 7841 7836
8296 7219 7215 7250 7216
8297 7999 7930 8002 7932
8298 7837 7836 7841 7919
8299 8882 8876 8884 8874
8300 7748 7871 7872 7865
8301 1439 1433 1430 1429
8302 6944 7129 6946 7131
8303 7867 7861 7854 7859
8304 9858 9851 9854 9852
8305 8908 8904 8890 8877
8306 8884 8874 8775 8875
8307 9870 9879 9866 9865
8308 8882 8874 8884 8875
8309 8780 8797 9032 9033
8310 7863 7873 7868 7867
8311 7860 7899 7901 7892
8312 7847 7919 7845 7841
8313 9675 9673 9672 9677
8314 9905 9689 9694 9701
8315 8796 9038 9861 8791
8316 8961 8975 8963 8966
8317 7862 7869 7863 7852
8318 7947 7682 7463 7686
8319 7447 7940 7455 7352
8320 7936 7852 7937 7930
8321 7930 7932 7933 7937
8322 7937 7938 7933 7931
8323 8764 8770 8765 8771
8324 7938 7931 7934 7935
8325 9862 9858 9885 9882
8326 3291 3287 3293 3288
8327 7892 7851 7854 7858
8328 7934 7962 7964 7935
8329 7935 7659 7934 7938
8330 1446 1420 1419 1406
8331 7424 7430 7435 7423
8332 9851 9857 9858 9853
8333 3304 3306 3311 3296
8334 1374 1366 1430 1367
8335 8954 8953 8964 8965
8336 8774 8786 8781 8775
8337 10720 10717 10713 10719
8338 7846 7839 7840 7842
8339 7842 7764 7840 7846
8340 7932 7999 7927 7928
8341 7425 7428 7421 7429
8342 8875 8881 8775 8884
8343 7857 7859 7870 7853
8344 7957 7965 7959 7964
8345 8795 8781 8778 8785
8346 6993 7013 7015 6992
8347 8906 8890 8886 8877
8348 9900 9898 9899 9893
8349 8785 8786 8781 8774
8350 8814 8772 8776 8823
8351 9852 8787 8791 8766
8352 10090 10082 10087 10081
8353 8771 8766 8765 8764
8354 9857 9880 9853 9877
8355 8775 8884 8774 8874
8356 8821 8776 8823 8814
8357 9049 8784 9048 8780
8358 8952 8950 8951 8944
8359 9046 9048 8779 8780
8360 8876 8874 8777 8884
8361 7743 7736 7737 7678
8362 7803 7798 7804 7786
8363 8788 8796 8787 8795
8364 9414 9411 9409 9412
8365 8781 8786 8792 8775
8366 7841 7846 7839 7845
8367 9857 9877 9853 9894
8368 8788 8786 8793 8795
8369 9934 9932 9939 9935
8370 7787 7790 7781 7783
8371 8789 8788 8794 8796
8372 8796 8793 8795 8788
8373 11305 11299 11304 11297
8374 8877 8890 8878 8888
8375 9033 8783 8784 8780
8376 8762 8769 8761 8764
8377 7760 7842 7840 7866
8378 9892 9897 9891 9899
8379 8878 8876 8777 8885
8380 7614 7625 7627 7621
8381 7930 7931 7862 7937
8382 8878 8782 8777 8779
8383 8889 9046 9052 9048
8384 8884 8774 8777 8781
8385 8780 8783 8779 8778
8386 8967 8977 8968 8978
8387 8889 9048 8779 9046
8388 8885 8886 8878 8877
8389 9900 8766 9851 8791
8390 10162 10140 10157 10158
8391 7688 7684 7690 7691
8392 8774 8884 8777 8874
8393 8770 8768 8769 8763
8394 7578 7582 7577 7468
8395 9900 9851 9893 9894
8396 8791 8797 9032 8790
8397 9034 8791 9038 9032
8398 9892 9897 9890 9891
8399 9902 9907 9903 9906
8400 9907 9897 9890 9904
8401 9907 9895 9902 9890
8402 10509 10520 10524 10519
8403 7691 7685 7670 7686
8404 7760 7774 7874 7757
8405 7691 7463 7471 7682
8406 8783 8795 8778 8790
8407 7956 7929 7957 7962
8408 3294 3404 3289 3295
8409 9857 9894 9853 9851
8410 7954 7992 7994 7960
8411 8778 8776 8770 8773
8412 8776 8814 8773 8772
8413 8780 9048 8779 8784
8414 8887 8885 8886 8878
8415 7941 7942 7949 7978
8416 8795 8785 8778 8790
8417 8885 8877 8878 8876
8418 9701 9692 9905 9689
8419 8771 8766 8764 9893
8420 9893 9898 8764 8771
8421 8782 8781 8777 8778
8422 9699 9692 9704 9698
8423 8784 8783 8779 8780
8424 8778 8783 8779 8782
8425 5296 5293 5294 5290
8426 7751 7781 7783 7775
8427 8821 8812 8768 8814
8428 9351 9346 9352 9344
8429 7545 7542 7562 7541
8430 9697 9703 9702 9696
8431 6950 6948 6952 6949
8432 7842 7839 7838 7841
8433 8768 8812 8763 8814
8434 9673 9687 9677 9701
8435 9681 8760 9889 8767
8436 8826 8760 8835 8836
8437 8774 8874 8777 8772
8438 8955 8977 8968 8966
8439 2173 1382 1403 2174
8440 9387 9389 9350 9382
8441 8890 8904 8888 8877
8442 8888 8891 8878 8889
8443 8776 8772 8773 8777
8444 7391 7382 7389 7397
8445 7765 7764 7758 7760
8446 8777 8772 8773 8774
8447 8765 8770 8773 8778
8448 8763 8769 8761 8768
8449 8767 8760 9889 8762
8450 9702 9439 9445 9697
8451 7341 7428 7350 7338
8452 7871 7872 7865 7863
8453 7399 7395 7403 7396
8454 9892 9899 9891 9894
8455 7465 7461 7471 7467
8456 7334 7341 7339 7343
8457 7942 7992 7960 7997
8458 7866 7861 7867 7874
8459 7422 7458 7424 7429
8460 10533 10528 10532 10538
8461 7772 7774 7771 7757
8462 7747 7871 7865 7864
8463 10354 10355 10360 10348
8464 2721 2718 2720 2726
8465 7942 7952 7960 7992
8466 7658 7659 7934 7935
8467 7958 7959 7963 7955
8468 7868 7873 7865 7773
8469 7348 7346 7352 7939
8470 9934 9864 9935 9940
8471 8911 8898 8892 8912
8472 7873 7874 7868 7867
8473 8754 8748 8759 8755
8474 7978 7939 7949 7941
8475 7868 7774 7757 7874
8476 7963 7957 7964 7961
8477 7686 7951 7463 7947
8478 7538 7545 7539 7547
8479 7997 7992 7960 7994
8480 7448 7449 7455 7447
8481 7760 7761 7757 7758
8482 7773 7872 7873 7865
8483 7931 7927 7933 7930
8484 7927 7933 7932 7928
8485 8759 8754 7302 8748
8486 7870 7869 7853 7863
8487 7836 7860 7854 7838
8488 7836 7892 7854 7860
8489 7838 7860 7854 7861
8490 7838 7861 7854 7867
8491 7962 7956 7960 7961
8492 7927 7956 7960 7962
8493 7337 7343 7341 7334
8494 7996 7960 7994 7997
8495 10287 10263 10281 10290
8496 7846 7843 7844 7839
8497 7845 7837 7843 7839
8498 7343 7334 7340 7339
8499 9891 9896 9890 9889
8500 8760 8826 8761 8836
8501 8764 9898 8762 8769
8502 7945 7952 7953 7961
8503 7840 7760 7758 7764
8504 7947 7946 7948 7963
8505 7436 7438 7443 7437
8506 7343 7298 7300 7336
8507 7659 7938 7864 7934
8508 7422 7428 7421 7338
8509 7934 7659 7745 7864
8510 7599 7595 7602 7597
8511 7955 7957 7963 7961
8512 7955 7959 7963 7957
8513 10207 10215 10178 10206
8514 7953 7955 7963 7961
8515 7866 7874 7757 7760
8516 7938 7871 7864 7862
8517 7862 7931 7864 7938
8518 7657 7659 7745 7934
8519 7472 7578 7583 7465
8520 7471 7462 7470 7682
8521 7659 7747 7745 7864
8522 7428 7458 7354 7422
8523 7944 7946 7947 7951
8524 7682 7947 7463 7681
8525 3805 3747 3804 3795
8526 8767 8762 8761 8760
8527 8836 8812 8761 8768
8528 5302 5298 5292 5301
8529 6209 6211 6206 6210
8530 10689 10686 10677 10707
8531 7603 7609 7601 7602
8532 7354 7428 7422 7350
8533 9941 10213 9943 10144
8534 10695 10730 10733 10696
8535 9756 9759 9730 9751
8536 7780 7761 7778 7771
8537 11194 11201 11192 11200
8538 7757 7868 7772 7774
8539 7950 7943 7940 7944
8540 7462 7463 7471 7461
8541 11080 11091 11082 11078
8542 7683 7691 7686 7684
8543 7772 7780 7771 7774
8544 7773 7774 7772 7868
8545 7865 7773 7772 7868
8546 7746 7773 7772 7865
8547 7964 7963 7655 7959
8548 7463 7681 7452 7462
8549 9948 9926 9947 9922
8550 8033 8069 8044 8061
8551 7948 7947 7686 7683
8552 7948 7963 7686 7947
8553 7958 7963 7686 7948
8554 7948 7684 7683 7686
8555 7655 7963 7686 7959
8556 7655 7959 7686 7685
8557 7958 7684 7686 7685
8558 7959 7958 7686 7685
8559 7963 7958 7686 7959
8560 9043 9884 9887 9883
8561 7765 7758 7763 7759
8562 7772 7780 7777 7771
8563 11096 10492 11089 11091
8564 10431 10562 10578 10558
8565 9895 9889 9890 9896
8566 8767 8760 8761 8836
8567 7664 7666 7665 7662
8568 7424 7459 7435 7430
8569 7445 7466 7444 7437
8570 11215 11212 11200 11208
8571 10744 10746 10706 10741
8572 11194 11208 11215 11200
8573 2630 2632 2593 2634
8574 7453 7459 7454 7424
8575 7329 7295 7301 7292
8576 7348 7949 7978 7939
8577 10535 10403 10404 10402
8578 7447 7449 7455 7940
8579 8835 8760 9674 9681
8580 7407 7398 7340 7401
8581 8826 8812 8836 8810
8582 4711 4714 4713 4708
8583 7449 7452 7448 7456
8584 7940 7346 7352 7447
8585 7940 7939 7352 7346
8586 7451 7457 7454 7453
8587 7550 7551 7556 7553
8588 7950 7352 7455 7940
8589 7463 7456 7457 7452
8590 7301 7295 7303 7297
8591 7410 7412 7417 7408
8592 7416 8462 8472 8463
8593 7417 7412 7405 7409
8594 9678 8825 9676 9674
8595 2301 2280 2292 2279
8596 7341 7332 7350 7344
8597 7432 7429 7431 7426
8598 8836 8826 8761 8812
8599 8461 7296 7414 8754
8600 8470 8754 8759 8755
8601 7395 7293 7402 7409
8602 7293 7300 7340 7401
8603 7427 7423 7434 7430
8604 8767 8769 8761 8762
8605 7422 7429 7421 7428
8606 7304 7301 7303 7297
8607 7407 7341 7343 7339
8608 10678 10617 10704 10671
8609 7344 7353 7350 7341
8610 7429 7431 7426 7425
8611 9697 9439 9445 9304
8612 7293 7292 7301 7297
8613 9336 9341 9334 9338
8614 7448 7450 7455 7456
8615 7456 7449 7455 7448
8616 7395 7398 7401 7293
8617 7428 7431 7429 7425
8618 8461 8754 7414 8470
8619 8810 8768 8821 8812
8620 9893 9898 9891 8762
8621 10371 10696 10395 10385
8622 9889 8762 9891 9896
8623 9917 9689 9905 9915
8624 9909 9904 9912 9908
8625 8768 8812 8761 8763
8626 8760 8826 8835 8825
8627 9891 9897 9890 9896
8628 8764 8769 8761 8763
8629 8834 8836 8810 8826
8630 9675 9677 9672 9674
8631 9897 9895 9907 9890
8632 9349 9351 9357 9353
8633 9695 9439 9702 9697
8634 9732 9443 9676 9695
8635 9696 9701 9677 9687
8636 2245 2380 2242 2246
8637 7339 7428 7338 7425
8638 7302 7296 7303 7294
8639 9701 9687 9694 9673
8640 9702 9306 9703 9697
8641 9439 9440 9445 9304
8642 9693 9692 9704 9699
8643 9919 10145 10137 9924
8644 9894 9899 9891 9893
8645 9698 9692 9704 9703
8646 9896 8762 9891 9898
8647 9899 9898 9891 9893
8648 10135 10148 10147 10130
8649 9899 9896 9897 9891
8650 9937 9936 9931 9932
8651 9904 9907 9902 9890
8652 9143 9145 9144 9135
8653 9929 9930 9936 9913
8654 9902 9673 9675 9701
8655 9696 9670 9677 9695
8656 9700 9699 9706 9705
8657 9006 9018 9395 9405
8658 4582 4977 4996 4577
8659 9443 8829 9441 9732
8660 9677 9701 9675 9673
8661 9426 9396 9429 9431
8662 10129 10134 9144 10128
8663 9679 9676 9677 9674
8664 7407 7431 7425 7398
8665 2105 1718 1705 1711
8666 9136 10128 9144 9135
8667 9681 9889 9674 9675
8668 9695 9443 9702 9439
8669 9697 9696 9702 9695
8670 8829 9732 9676 9669
8671 9895 9679 9680 9675
8672 9697 9304 9306 9305
8673 9703 9705 9704 9698
8674 9705 9698 9306 9305
8675 9030 8962 9031 9019
8676 1664 1663 1669 1656
8677 9698 9697 9306 9305
8678 9698 9703 9306 9697
8679 1747 1745 1746 1742
8680 9702 9676 9443 9695
8681 9902 9701 9675 9680
8682 9895 9902 9675 9680
8683 9679 9681 9674 9675
8684 9895 9890 9675 9902
8685 9895 9889 9675 9890
8686 9681 8760 9674 9889
8687 9439 9440 9444 9445
8688 9408 9412 9467 9472
8689 9357 9363 9402 9404
8690 9439 9443 9444 9436
8691 9439 9436 9444 9440
8692 9441 9444 9443 9436
8693 9436 9438 9444 9440
8694 9442 9438 9444 9436
8695 9671 8829 9676 9669
8696 8825 9671 9676 9674
8697 8825 8829 9676 9671
8698 7410 7411 7418 7413
8699 8465 8461 8470 8754
8700 7425 7431 7399 7398
8701 7341 7334 7339 7332
8702 7414 7408 7304 7296
8703 7409 7296 7304 7408
8704 8754 7296 7302 7294
8705 7297 7296 7304 7409
8706 8755 8465 8470 8754
8707 8466 8465 8470 8755
8708 7336 7300 7340 7292
8709 7341 7428 7338 7339
8710 7409 7395 7405 7402
8711 7453 7458 7424 7422
8712 7421 7429 7426 7425
8713 7399 7432 7426 7400
8714 10408 10399 10409 10407
8715 7399 7431 7403 7398
8716 8472 8451 8460 8463
8717 7423 7429 7426 7421
8718 10379 10346 10371 10358
8719 7304 7408 7417 7409
8720 7339 7398 7340 7407
8721 7401 7398 7340 7293
8722 7343 7336 7340 7334
8723 7293 7292 7340 7300
8724 8758 8751 8759 8748
8725 8755 8748 8759 8751
8726 7294 8748 7302 8754
8727 7299 8748 7302 7294
8728 7300 7407 7343 7340
8729 7330 7294 7303 7295
8730 7297 7295 7303 7294
8731 7453 7457 7454 7459
8732 7350 7428 7422 7338
8733 7351 7450 7350 7354
8734 7430 7423 7434 7435
8735 8465 8467 8471 8461
8736 10946 10954 10947 10948
8737 7352 7347 7351 7346
8738 7352 7346 7351 7447
8739 7354 7352 7353 7351
8740 7455 7450 7351 7354
8741 8457 8460 8458 8451
8742 10503 10519 10509 10508
8743 7430 7432 7427 7426
8744 11127 10528 10538 11186
8745 7415 7410 7417 7408
8746 7434 7436 7442 7437
8747 7412 7413 7406 7396
8748 10501 10533 10530 10539
8749 10534 10508 10551 10545
8750 7409 7408 7417 7412
8751 7382 7387 7389 7397
8752 7587 7581 7589 7585
8753 8472 7415 8471 8462
8754 7421 7429 7424 7423
8755 11129 11128 11136 11127
8756 7451 7460 7454 7457
8757 7401 7431 7407 7398
8758 7415 7418 7417 7410
8759 7401 7395 7403 7398
8760 7416 7411 7418 7410
8761 8462 7410 7415 7408
8762 8471 8462 7415 8461
8763 8471 7414 8470 8461
8764 8461 7408 7415 7414
8765 8461 8462 7415 7408
8766 7410 8463 7416 7411
8767 7404 7396 7406 7397
8768 7417 7414 7415 7408
8769 7423 7430 7427 7426
8770 7456 7451 7453 7457
8771 7459 7456 7458 7453
8772 7448 7456 7453 7450
8773 7451 7456 7453 7448
8774 7459 7429 7430 7424
8775 7453 7459 7424 7458
8776 7616 7697 7614 7615
8777 7579 7566 7577 7582
8778 7403 7432 7431 7399
8779 11136 11138 11135 11128
8780 10711 10760 10710 10717
8781 7441 7388 7446 7561
8782 7441 7440 7443 7446
8783 7554 7551 7556 7550
8784 7454 7459 7444 7435
8785 7396 7397 7404 7400
8786 7399 7400 7404 7432
8787 7399 7396 7404 7400
8788 7403 7396 7404 7399
8789 8462 8451 8472 8463
8790 8467 8452 8472 8451
8791 7468 7582 7577 7439
8792 8467 8462 8472 8471
8793 8467 8451 8472 8462
8794 10493 10497 10511 10498
8795 10492 11096 10491 10499
8796 7437 7436 7442 7443
8797 10688 10709 10702 10684
8798 10677 10680 10676 10681
8799 10533 10501 10507 10539
8800 4123 4096 4093 4097
8801 4368 4371 4515 4370
8802 10742 10739 10741 10745
8803 11080 10962 10765 11078
8804 10547 10551 10544 10546
8805 10490 10494 10525 10374
8806 11240 11244 11241 11247
8807 10516 10520 10524 10527
8808 10531 10535 10537 10532
8809 10547 10519 10545 10508
8810 10544 10547 10545 10551
8811 10680 10678 10708 10675
8812 10551 10547 10545 10508
8813 10703 10705 10698 10699
8814 2849 2868 2904 2863
8815 10503 10506 10509 10504
8816 11135 10502 10507 10501
8817 6844 6846 6855 6841
8818 10656 10660 10668 10659
8819 7795 7787 7789 7796
8820 10310 10234 10236 10315
8821 2718 2724 2719 2717
8822 11250 11254 10737 11248
8823 7434 7430 7442 7427
8824 10526 10527 10488 10516
8825 10708 10700 10705 10701
8826 10736 10744 10703 10738
8827 10705 10701 10699 10706
8828 10669 10656 10668 10664
8829 8470 7302 8759 8754
8830 5915 5840 5902 5914
8831 10671 10672 10678 10673
8832 10503 10501 10530 10505
8833 10505 10509 10508 10503
8834 10706 10709 10705 10701
8835 5465 5460 5469 5463
8836 9165 9168 9180 9166
8837 10319 10320 10557 10322
8838 10308 10311 10309 10316
8839 10537 10549 10536 10529
8840 10325 10318 10517 10392
8841 2693 2691 2711 2689
8842 10371 10380 10372 10382
8843 10719 10714 10712 10713
8844 10741 10745 10746 10742
8845 10707 10680 10675 10677
8846 10505 10507 10506 10501
8847 10690 10687 10686 10684
8848 10565 10554 10546 10540
8849 11136 11139 10507 11135
8850 10743 10747 10748 10749
8851 10743 10746 10702 10688
8852 10683 10681 10309 10317
8853 10236 10239 10315 10234
8854 10321 10319 10557 10322
8855 10702 10685 10743 10688
8856 9204 9190 9202 9208
8857 10685 10687 10690 10684
8858 10685 10684 10690 10688
8859 10408 10536 10433 10407
8860 2902 2910 2903 2901
8861 10742 10739 10745 10740
8862 10682 10686 10677 10689
8863 10760 10761 10711 10755
8864 2499 2498 2503 2496
8865 2712 2708 2709 2703
8866 2680 2697 2679 2694
8867 10561 10321 10300 10556
8868 10385 10683 10384 10390
8869 10318 10384 10317 10391
8870 10683 10681 10677 10309
8871 10311 10320 10316 10310
8872 5459 4613 4614 4620
8873 10319 10310 10315 10320
8874 10677 10681 10676 10309
8875 10517 10522 10515 10521
8876 10391 10518 10517 10392
8877 10392 10318 10517 10391
8878 10522 10392 10517 10518
8879 11242 10660 10669 11223
8880 10529 10531 10537 10532
8881 10704 10700 10705 10708
8882 10616 10704 10617 10613
8883 2868 2870 2904 2863
8884 10522 10518 10515 10516
8885 10522 10516 10515 10524
8886 10536 10541 10529 10549
8887 10514 10519 10547 10523
8888 10521 10524 10522 10515
8889 10692 10682 10683 10390
8890 10682 10390 10317 10683
8891 10521 10517 10307 10514
8892 10523 10514 10552 10547
8893 10517 10518 10515 10522
8894 4495 4472 4479 4474
8895 10563 10578 10562 10575
8896 10523 10521 10514 10515
8897 4916 4914 4918 4913
8898 10613 10704 10698 10618
8899 10524 10520 10515 10519
8900 10516 10520 10515 10524
8901 10523 10519 10547 10508
8902 9045 9118 9111 9117
8903 2325 2330 2331 2225
8904 10686 10684 10707 10689
8905 10679 10681 10306 10676
8906 10689 10684 10707 10709
8907 2910 2893 2888 2901
8908 2882 2869 2880 2874
8909 10699 10744 10738 10703
8910 2888 2910 2903 2895
8911 10565 10559 10546 10554
8912 2707 2650 2702 2652
8913 5604 5463 5611 5605
8914 10552 10565 10546 10540
8915 10521 10325 10307 10517
8916 10554 10556 10564 10561
8917 2905 2908 2907 2899
8918 10307 10322 10557 10320
8919 10548 10322 10557 10307
8920 10548 10325 10322 10307
8921 11253 11223 10669 10665
8922 5459 4620 4614 5462
8923 10557 10307 10540 10548
8924 10222 10269 10281 10254
8925 8733 8731 8732 8725
8926 10681 10317 10316 10309
8927 10683 10686 10677 10682
8928 10306 10316 10315 10308
8929 10309 10306 10308 10316
8930 9769 9772 9770 9762
8931 10306 10674 10679 10229
8932 10406 10486 11176 10397
8933 10676 10680 10675 10679
8934 10409 10535 10531 10402
8935 9744 9741 9742 9740
8936 10565 10561 10563 10554
8937 10542 10549 10544 10541
8938 10541 10433 10536 10407
8939 10557 10556 10564 10554
8940 10551 10544 10534 10545
8941 10676 10677 10675 10680
8942 2694 2697 2693 2700
8943 2733 2897 2907 2728
8944 10550 10549 10544 10542
8945 10531 10535 10532 10402
8946 10552 10564 10565 10540
8947 10564 10554 10540 10557
8948 2853 2855 2904 2849
8949 2680 2694 2676 2700
8950 10741 10744 10699 10706
8951 10550 10542 10544 10546
8952 10547 10551 10546 10552
8953 10698 10611 10618 10670
8954 5055 5041 5063 5031
8955 10617 10613 10704 10671
8956 10705 10700 10698 10701
8957 10409 10407 10531 10536
8958 10505 10501 10530 10539
8959 10529 10536 10537 10531
8960 10669 10664 10668 10666
8961 10544 10549 10529 10541
8962 10700 10671 10704 10613
8963 10536 10407 10531 10541
8964 10409 10399 10531 10407
8965 11253 10665 10669 10736
8966 10532 10539 10530 10533
8967 10529 10530 10534 10545
8968 11242 11223 10669 11253
8969 10529 10530 10537 10534
8970 10530 10505 10534 10545
8971 10503 10508 10545 10519
8972 2717 5544 2715 5548
8973 10708 10689 10680 10707
8974 10700 10675 10708 10678
8975 10700 10707 10701 10708
8976 10549 10551 10550 10544
8977 10667 10670 10668 10663
8978 10529 10544 10534 10549
8979 10545 10544 10534 10529
8980 9550 9552 9533 9545
8981 10670 10703 10738 10666
8982 2876 2882 2886 2883
8983 6958 6954 6945 6955
8984 10618 10611 10613 10616
8985 2876 2883 2886 2535
8986 2887 2891 2886 2884
8987 5540 5548 5545 5544
8988 10699 10670 10703 10738
8989 10701 10702 10699 10706
8990 10741 10706 10699 10702
8991 10699 10741 10738 10744
8992 10739 10744 10738 10741
8993 10613 10700 10698 10704
8994 2857 2853 2905 2897
8995 2851 2904 2855 2849
8996 2906 2904 2870 2898
8997 5544 5543 5547 5542
8998 5605 5463 5611 5464
8999 10705 10704 10698 10700
9000 10705 10618 10703 10698
9001 5544 5537 5547 5543
9002 2690 2702 2689 2711
9003 11011 11021 11013 11010
9004 2884 2898 2885 2906
9005 2899 2906 2885 2898
9006 7729 7788 7791 7723
9007 2192 2191 2186 2184
9008 5547 5542 5546 5630
9009 2708 2720 2721 2703
9010 2905 2897 2899 2907
9011 5548 2717 2724 2723
9012 4485 4483 4484 4491
9013 5465 5462 5606 5607
9014 2905 2904 2898 2853
9015 5616 5627 5547 5537
9016 5541 5621 5547 5539
9017 2884 2906 2885 2891
9018 2891 2870 2882 2884
9019 5547 5540 5539 5544
9020 5538 5537 5547 5544
9021 5538 5616 5547 5537
9022 5621 5616 5547 5538
9023 5539 5538 5547 5544
9024 5539 5621 5547 5538
9025 2691 2658 2689 2692
9026 2656 2691 2660 2652
9027 2692 2658 2689 2698
9028 2735 2909 2731 2900
9029 2660 2692 2661 2658
9030 2720 2650 2702 2707
9031 2870 2863 2884 2898
9032 2870 2874 2884 2863
9033 1578 1583 1579 1577
9034 5634 5628 5637 5633
9035 4583 4579 4584 4580
9036 4553 4552 4558 4549
9037 4479 4472 4475 4474
9038 2717 2724 2182 2183
9039 2724 2191 2182 2183
9040 2885 2908 2901 2893
9041 4680 4622 4616 4613
9042 5603 4633 5784 5610
9043 2183 5541 5623 5634
9044 5623 5622 5634 5621
9045 5617 5628 5634 5627
9046 2184 5634 2182 2186
9047 2184 5637 2186 2187
9048 5621 5541 5634 5623
9049 5547 5541 5634 5621
9050 5616 5621 5634 5622
9051 5547 5621 5634 5616
9052 5616 5622 5634 5617
9053 5547 5616 5634 5627
9054 5617 5627 5634 5616
9055 4624 4632 4625 4615
9056 4554 4589 4559 4553
9057 5492 5459 5465 5466
9058 4918 4914 4469 4913
9059 2201 2209 2206 2214
9060 3367 3371 3366 3368
9061 5634 5631 5630 5633
9062 4920 4917 4921 4915
9063 7302 7304 7303 7296
9064 4918 4913 4469 4485
9065 5635 5632 5636 5638
9066 5383 5388 5382 5387
9067 4486 4484 4584 4492
9068 4492 4487 4486 4484
9069 4484 4483 4490 4491
9070 8433 8482 8444 8473
9071 5639 5605 5611 5464
9072 4558 4548 4551 4549
9073 2717 2723 2718 2724
9074 4558 4550 4559 4551
9075 4484 4579 4490 4482
9076 4582 4482 4490 4579
9077 9401 9433 9417 9429
9078 5612 5463 5611 5604
9079 2899 2897 2900 2907
9080 4582 4584 4583 4579
9081 4484 4579 4584 4490
9082 4486 4579 4584 4484
9083 5607 5462 5606 5602
9084 4632 5602 4615 4621
9085 4471 4477 4469 4470
9086 2717 2715 2718 2723
9087 4633 5609 5610 5603
9088 2690 2699 2693 2689
9089 4558 4549 4551 4553
9090 2728 2735 2900 2907
9091 995 956 996 992
9092 2723 2715 2718 2716
9093 5542 5547 5470 5630
9094 5464 5542 5470 5630
9095 5461 5542 5470 5464
9096 5461 5522 5470 5542
9097 4585 4486 4550 4580
9098 4585 4580 4550 4548
9099 4585 4583 4584 4580
9100 4474 4535 4479 4495
9101 4487 4488 4494 4493
9102 4471 4477 4917 4469
9103 5463 5465 5606 5612
9104 4618 4588 4616 4619
9105 5464 5463 5468 5460
9106 5470 5464 5468 5461
9107 5470 5467 5522 5461
9108 5460 5461 5468 5464
9109 5460 5467 5468 5461
9110 2727 2704 2709 2721
9111 2711 2707 2708 2702
9112 4551 4554 4559 4553
9113 2725 2707 2720 2708
9114 2650 2707 2720 2725
9115 4620 4623 4622 4614
9116 2726 2725 2720 2708
9117 2718 2725 2720 2726
9118 2689 2699 2693 2692
9119 4551 4553 4559 4558
9120 5469 5467 5468 5460
9121 2182 2717 2719 2724
9122 2738 2551 2731 2556
9123 2700 2699 2693 2690
9124 5469 5494 5496 5492
9125 4628 4634 4625 4624
9126 5613 5594 5588 5604
9127 5460 5492 5469 5496
9128 5465 5492 5469 5460
9129 4618 4680 4616 4726
9130 4557 4549 4558 4552
9131 4557 4548 4558 4549
9132 4559 4550 4489 4551
9133 4621 4624 4623 4615
9134 4623 4614 4615 4617
9135 2223 2220 2229 2222
9136 4550 4548 4558 4585
9137 4616 4623 4617 4614
9138 2900 2909 2901 2908
9139 4624 4619 4623 4617
9140 4619 4589 4617 4630
9141 4619 4623 4617 4616
9142 4619 4588 4617 4589
9143 4616 4588 4617 4619
9144 4614 4621 4615 5462
9145 4623 4621 4615 4614
9146 2713 2709 2710 2705
9147 2718 2726 2719 2724
9148 2902 2909 2901 2900
9149 2731 2909 2902 2900
9150 10840 10841 10839 10849
9151 2708 2720 2703 2702
9152 5639 5547 5634 5630
9153 5466 4621 4620 5462
9154 5462 5602 5607 4621
9155 5462 5466 5607 5465
9156 5612 5466 5469 5465
9157 5463 5465 5612 5469
9158 4474 4536 4479 4535
9159 5634 5640 5639 5631
9160 2731 2552 2902 2556
9161 2731 2556 2902 2909
9162 2702 2708 2711 2703
9163 2708 2726 2721 2720
9164 2556 2552 2902 2558
9165 2558 2552 2902 2615
9166 2689 2690 2711 2693
9167 2618 2558 2903 2615
9168 2558 2910 2903 2902
9169 2910 2909 2901 2902
9170 2910 2908 2893 2901
9171 4536 4543 4542 4544
9172 4550 4486 4493 4488
9173 4585 4486 4493 4550
9174 4487 4488 4493 4486
9175 4486 4492 4493 4487
9176 5612 5604 5606 5463
9177 4494 4487 4472 4488
9178 5468 5639 5611 5464
9179 5630 5631 5639 5605
9180 5634 5631 5639 5630
9181 550 564 551 549
9182 4476 4491 4918 4485
9183 1584 1578 1582 1583
9184 4540 4495 4479 4535
9185 4546 4540 4544 4539
9186 5464 5630 5639 5605
9187 5470 5630 5639 5464
9188 7960 7996 7994 7956
9189 5603 5610 5784 5593
9190 4476 4485 4469 4470
9191 4472 4494 4470 4487
9192 11211 11213 11175 11207
9193 2901 2893 2888 2885
9194 4535 4627 4495 4554
9195 2888 2901 2903 2910
9196 2185 2189 2192 2184
9197 4628 4624 4625 4615
9198 2338 5558 2337 2340
9199 4894 4920 4924 4922
9200 4923 4457 4480 4471
9201 4628 4629 4625 4634
9202 4479 4536 4475 4481
9203 4459 4473 4461 4481
9204 2895 2888 2889 2890
9205 5631 5605 5640 5639
9206 9701 9906 9680 9902
9207 5631 5634 5637 5633
9208 2895 2893 2894 2888
9209 4617 4624 4628 4615
9210 5638 5568 5574 5567
9211 2902 2615 2903 2558
9212 4495 4493 4494 4488
9213 2876 2874 2886 2882
9214 5628 5618 5637 5629
9215 2212 2190 2207 2706
9216 4617 4630 4628 4624
9217 4627 4631 4628 4630
9218 4617 4589 4628 4630
9219 4629 4631 4628 4627
9220 4462 4466 4509 4468
9221 2690 2700 2676 2694
9222 10498 10489 10488 10493
9223 2618 2910 2895 2903
9224 4627 4630 4628 4589
9225 4634 4631 4628 4629
9226 5607 5613 5609 5606
9227 5609 5606 5613 5608
9228 5612 5604 5613 5606
9229 5597 5595 5591 5592
9230 4632 5602 4625 4615
9231 5603 5602 4625 4632
9232 4632 4634 4624 4625
9233 5603 4632 4625 4633
9234 4473 4481 4459 4480
9235 5606 5602 5609 5607
9236 5608 5602 5609 5606
9237 5603 5602 5609 5608
9238 5603 4632 5609 5602
9239 5607 4632 4621 5602
9240 4474 4488 4495 4472
9241 4489 4535 4495 4554
9242 4489 4554 4495 4559
9243 5125 5131 5130 5103
9244 11009 11015 11019 11020
9245 2193 2191 2192 2188
9246 5909 5906 5903 5907
9247 4634 4633 4626 4625
9248 5605 5604 5591 5594
9249 2895 2888 2890 2903
9250 5580 5559 2276 5586
9251 5593 5589 5588 5596
9252 5609 5596 5610 5608
9253 5599 5598 5795 5787
9254 4625 4629 4626 4634
9255 2903 2616 2890 2618
9256 10512 10502 11088 10510
9257 4534 4522 4531 4518
9258 5598 5592 5601 5590
9259 5599 5592 5601 5598
9260 2903 2618 2890 2895
9261 2400 2396 2397 2393
9262 2304 5374 2306 2309
9263 2680 2681 2679 2697
9264 4479 4472 4473 4475
9265 2679 2694 2678 2680
9266 2676 2680 2678 2694
9267 2677 2680 2678 2676
9268 4918 4477 4476 4469
9269 2683 2706 2677 2714
9270 2676 2677 2713 2678
9271 2712 2678 2694 2676
9272 5578 5570 5582 5576
9273 2676 2712 2713 2705
9274 5622 5626 5637 5625
9275 10693 10685 10723 10724
9276 5596 5608 5588 5593
9277 5595 5589 5588 5592
9278 10650 10659 10651 10654
9279 2184 5634 2186 5637
9280 11098 11091 11089 11092
9281 4481 4478 4480 4473
9282 2184 2189 2192 2188
9283 5590 5592 5601 5597
9284 4822 4928 4929 4934
9285 5637 5628 5635 5633
9286 4494 4472 4470 4478
9287 5592 5597 5632 5591
9288 4473 4479 4478 4472
9289 4494 4479 4495 4472
9290 2840 2845 2844 2839
9291 5588 5595 5591 5594
9292 5637 5631 5635 5632
9293 2721 2726 2727 2719
9294 11095 11098 11089 11090
9295 5631 5605 5591 5640
9296 5588 5594 5591 5604
9297 4476 4485 4470 4487
9298 4478 4473 4470 4471
9299 5596 5589 5588 5595
9300 4478 4472 4470 4473
9301 4492 4494 4493 4487
9302 4487 4492 4476 4485
9303 4471 4477 4470 4478
9304 5584 2339 2197 5575
9305 5592 5595 5591 5588
9306 4919 4914 4917 4469
9307 2727 2724 2191 2719
9308 5613 5608 5588 5596
9309 2719 2704 2188 2727
9310 2188 2191 2184 2182
9311 2884 2882 2886 2874
9312 2709 2704 2710 2705
9313 10526 10525 10488 10494
9314 2727 2721 2709 2726
9315 2708 2726 2709 2721
9316 2703 2708 2709 2721
9317 2893 2885 2887 2888
9318 2893 2891 2887 2885
9319 2192 2184 2186 2187
9320 2888 2894 2887 2893
9321 4466 4461 4542 4481
9322 5617 5628 5637 5634
9323 5617 5618 5637 5628
9324 5637 5623 5626 5622
9325 5617 5622 5637 5625
9326 5634 5622 5637 5617
9327 5617 5625 5637 5618
9328 5574 5562 5570 5569
9329 4435 4464 4436 4443
9330 5793 5785 5794 5786
9331 2188 2190 2189 2193
9332 2727 2188 2193 2704
9333 2629 2631 2630 2622
9334 5568 5567 5638 5625
9335 4915 4914 4919 4950
9336 1696 1699 1694 1697
9337 8673 8677 8674 8669
9338 4457 4471 4923 4917
9339 5785 5784 5791 5789
9340 5638 5626 5625 5637
9341 8419 8412 8417 8409
9342 5565 5562 5638 5629
9343 5565 5618 5638 5567
9344 5625 5618 5638 5637
9345 5625 5567 5638 5618
9346 4933 4934 4929 4928
9347 5629 5618 5638 5565
9348 5637 5618 5638 5629
9349 2882 2892 2891 2886
9350 2184 2185 2187 2192
9351 5637 2185 5638 2187
9352 5597 5640 5632 5591
9353 5638 5562 5636 5629
9354 2216 2233 2217 2683
9355 5597 5637 5638 5632
9356 5637 5631 5632 5640
9357 5591 5640 5632 5631
9358 2892 2536 2886 2535
9359 2892 2887 2886 2536
9360 1477 1487 1473 1478
9361 10456 10442 10440 10451
9362 5551 5555 5575 5552
9363 4491 4913 4918 4485
9364 2612 2621 2622 2614
9365 5638 5629 5636 5635
9366 5574 2197 2196 2194
9367 4918 4914 4919 4469
9368 4919 4916 4950 4914
9369 4919 4469 4917 4477
9370 4931 4894 4888 4922
9371 2518 2517 2513 2512
9372 10365 10363 10367 10361
9373 4923 4919 4921 4917
9374 2397 2545 2530 2391
9375 5576 5564 5570 5581
9376 5571 5565 5570 5574
9377 4461 4466 4509 4462
9378 2214 2205 2206 2201
9379 5569 5575 5570 5574
9380 2687 2679 2686 2680
9381 4923 4465 4480 4457
9382 5593 5789 5600 5791
9383 4458 4920 4457 4924
9384 2528 2538 2520 2522
9385 4458 4460 4467 4465
9386 4458 4920 4924 4894
9387 5805 5804 5806 5800
9388 10500 10768 10839 10495
9389 11274 11278 11277 11275
9390 2234 2685 2236 2237
9391 4540 4631 4528 4629
9392 4480 4471 4459 4473
9393 4822 4821 4828 4825
9394 2185 2189 2202 2192
9395 5232 5191 5192 11264
9396 2202 2187 2196 2185
9397 5638 5565 5574 5562
9398 5638 5636 5574 5590
9399 2541 2537 2512 2518
9400 5638 5567 5574 5565
9401 2218 2208 2214 2210
9402 5558 5555 5549 5556
9403 5638 2196 5574 5568
9404 5636 5638 5574 5562
9405 2512 2538 2513 2518
9406 2193 2189 2204 2190
9407 2714 2710 2212 2706
9408 2202 2203 2194 2196
9409 2196 2185 2194 2202
9410 5160 5112 5099 5120
9411 5792 5797 5805 5790
9412 4949 4937 4950 4927
9413 4457 4920 4923 4924
9414 4458 4465 4457 4460
9415 2210 2209 2214 2215
9416 2203 2197 2195 2194
9417 6835 6792 6832 6795
9418 10504 10510 10512 10513
9419 2512 2517 2513 2510
9420 4887 4938 4936 4930
9421 5599 5796 5600 5787
9422 2193 2190 2212 2710
9423 2204 2190 2212 2193
9424 2190 2706 2212 2710
9425 5551 5590 5601 5574
9426 10290 10304 10303 10296
9427 5792 5789 5790 5785
9428 4465 4458 4457 4924
9429 4528 4629 4637 4523
9430 5638 5601 5597 5590
9431 5796 5789 5790 5792
9432 2678 2677 2686 2680
9433 4395 4422 4394 4381
9434 4917 4471 4923 4477
9435 2389 2386 2378 2631
9436 2424 2418 2415 2425
9437 5554 5561 5813 5820
9438 4431 4460 4463 4468
9439 4522 4481 4466 4542
9440 4465 4460 4459 4457
9441 4465 4457 4459 4480
9442 4480 4457 4459 4471
9443 4480 4477 4923 4471
9444 2687 2685 2686 2679
9445 5558 5556 5559 5554
9446 2212 2213 2207 2200
9447 5557 5554 5559 5556
9448 4440 4468 4463 4464
9449 5786 4626 4637 5793
9450 10730 10696 10372 10733
9451 4383 4392 4391 4382
9452 4891 4822 4825 4889
9453 5787 5589 5599 5598
9454 5818 5817 5813 5810
9455 2706 2677 2714 2713
9456 5592 5589 5599 5595
9457 5598 5589 5599 5592
9458 5795 5553 5817 5788
9459 11135 11138 11139 11137
9460 10495 10492 10491 10499
9461 2425 2418 2415 2419
9462 2202 2205 2204 2198
9463 2194 2202 2198 2203
9464 2204 2202 2198 2189
9465 2194 5638 2185 2196
9466 2202 2185 2198 2189
9467 2194 2185 2198 2202
9468 10489 10494 10490 10496
9469 2244 2378 2688 2620
9470 4924 4894 4898 4458
9471 2212 2204 2200 2190
9472 2213 2204 2200 2212
9473 2205 2204 2200 2213
9474 2198 2204 2200 2205
9475 7157 7159 7197 7156
9476 2200 2189 2190 2204
9477 4534 4529 4522 4533
9478 2714 2677 2683 2684
9479 2451 2454 2453 2446
9480 2217 2208 2218 2216
9481 5555 5552 5558 5575
9482 5793 5610 5791 5784
9483 5560 5552 5561 5553
9484 8830 8848 8849 8846
9485 4424 4418 4875 4420
9486 4443 4518 4448 4446
9487 5790 5785 5798 5792
9488 5784 5593 5791 5789
9489 5784 5610 5791 5593
9490 2213 2205 2201 2200
9491 5561 5552 5813 5553
9492 5593 5589 5600 5789
9493 5593 5596 5600 5589
9494 2212 2217 2714 2207
9495 4461 4481 4466 4459
9496 9250 9244 9245 9240
9497 2681 2688 2687 2679
9498 4626 4633 5793 5784
9499 2201 2198 2200 2205
9500 4466 4480 4465 4459
9501 2223 2220 2219 2221
9502 4510 4522 4543 4512
9503 4466 4460 4462 4459
9504 2234 2684 2236 2685
9505 2683 2684 2236 2233
9506 4459 4461 4462 4466
9507 4466 4468 4462 4460
9508 8492 7491 8479 8491
9509 5801 5809 5808 5803
9510 4437 4418 4426 4419
9511 5796 5787 5795 5788
9512 5787 5553 5795 5788
9513 2211 2215 2343 2209
9514 2345 2195 2339 2337
9515 2221 2230 2227 2223
9516 5560 5553 5795 5598
9517 5553 5787 5795 5598
9518 2213 2200 2201 2208
9519 5791 5789 5792 5785
9520 5796 5791 5600 5789
9521 4637 4631 4634 4629
9522 10774 10775 10763 10791
9523 5599 5560 5795 5598
9524 5560 5574 5575 5551
9525 2428 2432 2430 2422
9526 2217 2222 2233 2216
9527 5807 5800 5808 5802
9528 5796 5788 5790 5787
9529 5804 5790 5797 5788
9530 5812 2284 5823 5824
9531 5559 2350 2284 2352
9532 2207 2213 2217 2208
9533 2207 2216 2208 2217
9534 2683 2714 2217 2207
9535 2198 2205 2199 2203
9536 5795 5561 5817 5553
9537 2198 2203 2199 2194
9538 2195 2194 2199 2203
9539 2195 5574 2194 2197
9540 2337 2346 2345 2341
9541 2342 2346 2337 2341
9542 5575 5552 5560 5551
9543 5553 5551 5560 5552
9544 5796 5788 5797 5790
9545 5598 5551 5560 5553
9546 5601 5551 5560 5598
9547 4896 4894 4898 4895
9548 4545 4540 4544 4546
9549 4431 4468 4463 4440
9550 8396 8662 8395 8400
9551 2231 2230 2224 2228
9552 5817 5788 5813 5810
9553 5818 5811 5810 5814
9554 4833 4827 4832 4847
9555 5553 5817 5813 5561
9556 2342 2341 2347 2346
9557 5820 5814 5554 5812
9558 2236 2685 2686 2237
9559 5805 5790 5797 5804
9560 5806 5804 5815 5800
9561 2505 2521 2499 2506
9562 2540 2528 2522 2538
9563 2195 2197 2339 5575
9564 5809 5803 5396 4453
9565 4451 4443 4449 4442
9566 2218 2210 2219 2220
9567 4451 4444 4449 4443
9568 2612 2701 2611 2682
9569 2455 2461 2526 2462
9570 10766 10492 10495 10767
9571 2263 2227 2260 2259
9572 2206 2199 2345 2341
9573 5556 5552 5558 5555
9574 4895 4906 4890 4897
9575 2349 2348 2344 2342
9576 5393 5392 5388 5389
9577 2210 2215 2211 2209
9578 2236 2684 2686 2685
9579 4626 5784 5793 5786
9580 5800 5798 5805 5804
9581 5804 5798 5805 5790
9582 5792 5790 5805 5798
9583 5818 5822 5819 5811
9584 5810 5814 5813 5818
9585 2242 2380 2243 2246
9586 4532 4525 4531 4524
9587 4896 4895 4898 4907
9588 5817 5553 5813 5788
9589 4901 4902 4904 4910
9590 4456 4426 4430 4442
9591 4429 4424 4425 4427
9592 4931 4922 4888 4938
9593 2453 2447 2435 2432
9594 4467 4458 4896 4431
9595 4543 4522 4544 4497
9596 2240 2241 2239 2235
9597 5815 5800 5801 5806
9598 10767 10765 10772 10766
9599 10726 10719 10725 10712
9600 5402 5815 5384 5801
9601 2634 2636 2635 2632
9602 2224 2231 2229 2230
9603 4443 4468 4440 4464
9604 4518 4522 4531 4525
9605 4543 4538 4544 4536
9606 5350 5347 5348 5344
9607 4467 4440 4468 4431
9608 7250 7264 7248 7243
9609 2224 2230 2223 2228
9610 2221 2210 2220 2219
9611 2521 2532 2526 2470
9612 2464 2467 2463 2465
9613 10870 10886 10867 10857
9614 4510 4512 4518 4522
9615 2338 2346 2348 2340
9616 4909 4903 4900 4860
9617 5819 5804 5815 5806
9618 5554 5552 5813 5561
9619 4408 4426 4452 4411
9620 2526 2533 2527 2462
9621 9821 9823 9822 9817
9622 2214 2219 2218 2210
9623 2210 2201 2214 2209
9624 2341 2199 2345 2195
9625 5821 5814 5823 5816
9626 2338 2348 2344 2350
9627 2301 2305 2287 2308
9628 2231 2270 2264 2228
9629 4439 4431 4432 4440
9630 4433 4440 4432 4431
9631 4453 5803 4449 4444
9632 4896 4458 4898 4894
9633 4907 4897 4906 4895
9634 2291 2308 2295 2290
9635 4467 4431 4896 4439
9636 4907 4902 4896 4895
9637 2300 2308 2291 2299
9638 11247 11273 11289 11241
9639 5797 5817 5810 5788
9640 2206 2203 2345 2199
9641 5820 5817 5561 5813
9642 11483 11488 11487 11478
9643 4896 4467 4898 4458
9644 5818 5814 5813 5820
9645 5820 5814 5813 5554
9646 4907 4902 4895 4901
9647 4901 4906 4895 4907
9648 2209 2215 2206 2214
9649 2424 2418 2426 2380
9650 5550 5558 5580 5549
9651 2532 2461 2526 2470
9652 2520 2521 2529 2523
9653 5797 5804 5810 5819
9654 5818 5819 5810 5811
9655 5819 5804 5810 5815
9656 5815 5811 5810 5819
9657 4439 4432 4896 4902
9658 4439 4431 4896 4432
9659 11018 11017 11115 11118
9660 4922 4898 4924 4894
9661 2528 2519 2520 2538
9662 5558 2337 2340 2339
9663 4895 4897 4890 4888
9664 2203 2197 2345 2195
9665 5554 5552 5558 5556
9666 2337 2341 2345 2195
9667 2203 2195 2345 2199
9668 2208 2201 2214 2210
9669 2208 2213 2214 2201
9670 5561 5552 5558 5554
9671 5575 5561 5560 5552
9672 2310 2355 2311 2309
9673 5189 5191 5188 5192
9674 2199 2209 2341 2206
9675 2205 2199 2206 2201
9676 9 12 6 10
9677 2206 2209 2347 2215
9678 2284 2277 5559 2352
9679 2343 2215 2347 2209
9680 2481 2482 2489 2469
9681 2361 2358 2354 2360
9682 7548 7535 7543 7517
9683 4852 4865 4849 4861
9684 5391 5380 5381 5385
9685 2343 2341 2209 2347
9686 2211 2328 2226 2325
9687 2286 2292 2285 2287
9688 2340 2337 2338 2346
9689 2342 2346 2338 2337
9690 5554 5812 5559 5820
9691 5557 5812 5559 5554
9692 528 530 544 537
9693 2523 2533 2526 2532
9694 2263 2269 2260 2264
9695 2348 2340 2352 2338
9696 2211 2221 2226 2219
9697 10781 10786 10779 10904
9698 4775 4771 4770 4773
9699 11247 11254 11255 11249
9700 2520 2522 2529 2528
9701 2523 2522 2529 2520
9702 2537 2538 2543 2540
9703 10755 10761 10856 10855
9704 2530 2391 2545 2540
9705 2522 2540 2530 2528
9706 7598 7593 7689 7692
9707 10693 10724 10723 10726
9708 2520 2521 2505 2529
9709 2519 2529 2528 2520
9710 2520 2498 2505 2521
9711 2520 2519 2505 2498
9712 2976 2978 2975 2972
9713 2458 2406 2459 2463
9714 10866 10871 10868 10869
9715 5213 5211 5209 5215
9716 5265 5170 5183 5182
9717 10862 10858 10864 10856
9718 11091 11098 11082 11092
9719 11080 11091 10765 10492
9720 7427 7400 7433 7387
9721 2531 2524 2530 2522
9722 7633 7629 7630 7635
9723 11083 11078 11085 11079
9724 10499 10768 10500 10495
9725 2512 2541 2516 2534
9726 2883 2534 2541 2535
9727 8205 8225 8200 8235
9728 11078 11091 10765 11080
9729 11091 10492 11080 11096
9730 10755 10754 10859 10855
9731 11281 11278 11280 11263
9732 10488 10493 10511 10498
9733 10969 11084 11075 11083
9734 10755 10855 10859 10761
9735 11281 5190 11263 11264
9736 10750 10752 10756 10740
9737 7591 7590 7586 7583
9738 10931 10817 10938 10921
9739 10761 10759 10859 10755
9740 11020 11027 11021 11018
9741 10748 10747 10758 10716
9742 10526 10516 10488 10525
9743 11092 11081 11082 11079
9744 5197 5232 11264 5191
9745 10766 10767 10495 10768
9746 11295 11306 11301 11302
9747 2525 2524 2531 2522
9748 8770 8790 8778 8765
9749 11081 11074 11079 11092
9750 10883 11266 10881 10880
9751 2524 2540 2530 2522
9752 10856 10755 10711 10761
9753 10862 10865 10864 10858
9754 2444 2380 2426 2418
9755 2390 2539 2544 2545
9756 4408 4426 4411 4427
9757 2544 2536 2542 2539
9758 2391 2524 2530 2397
9759 2391 2394 2397 2393
9760 10786 10830 10904 10828
9761 2523 2533 2531 2525
9762 11083 10964 11085 10956
9763 10849 10762 10839 10768
9764 5248 5247 10882 5241
9765 10970 10978 10975 10979
9766 2390 2536 2544 2539
9767 10492 11080 10767 10765
9768 2399 2393 2400 2378
9769 7583 7590 7586 7472
9770 10848 10844 10847 10827
9771 10827 10834 10829 10848
9772 2327 2312 2322 2313
9773 7462 7461 7471 7469
9774 7565 7567 7579 7568
9775 10860 10720 10713 10715
9776 10527 10516 10511 10488
9777 10506 11139 10512 10502
9778 7599 7586 7587 7591
9779 2529 2523 2531 2522
9780 2525 2522 2531 2523
9781 10710 10713 10711 10717
9782 10856 10761 10711 10718
9783 2525 2395 2423 2398
9784 2525 2524 2398 2531
9785 2525 2395 2398 2524
9786 10760 10717 10711 10718
9787 10491 10492 11089 11096
9788 7472 7469 7583 7590
9789 10715 10714 10721 10720
9790 10495 10492 10499 10767
9791 10359 10396 10372 10803
9792 4910 4906 4908 4901
9793 2229 2235 2239 2241
9794 10359 10807 10810 10806
9795 10840 10849 10839 10496
9796 10497 10510 10491 10493
9797 10715 10720 10713 10714
9798 2401 2397 2398 2394
9799 2626 2625 2622 2623
9800 2240 2246 2241 2235
9801 10710 10760 10758 10717
9802 8170 8173 8159 8149
9803 7354 7341 7428 7350
9804 2545 2539 2543 2540
9805 10728 10726 10719 10725
9806 10767 11096 11080 10492
9807 10359 10372 10810 10807
9808 10372 10377 10378 10807
9809 10489 10494 10488 10490
9810 10489 10496 10490 10840
9811 10695 10697 10696 10733
9812 10768 10496 10500 10839
9813 10762 10849 10839 10841
9814 2530 2398 2397 2524
9815 2684 2678 2686 2685
9816 2391 2540 2530 2524
9817 10723 10712 10716 10726
9818 7671 7677 7674 7668
9819 2524 2394 2397 2391
9820 10371 10358 10372 10380
9821 10525 10518 10373 10526
9822 10711 10860 10856 10718
9823 10719 10714 10713 10720
9824 10720 10860 10713 10718
9825 7011 7008 7010 7009
9826 10768 10766 10839 10495
9827 10768 10762 10839 10766
9828 7719 7663 7667 7721
9829 10526 10374 10373 10525
9830 10712 10719 10725 10714
9831 10537 10409 10535 10531
9832 10498 10494 10488 10489
9833 7596 7599 7669 7733
9834 2619 2630 2589 2616
9835 11139 10502 11088 10512
9836 10493 10499 10491 10497
9837 10748 10745 10756 10742
9838 2541 2543 2542 2537
9839 2390 2539 2545 2391
9840 11254 10750 11250 10740
9841 10493 10500 10498 10489
9842 10498 10527 10511 10488
9843 2391 2539 2545 2540
9844 11010 11016 11020 11021
9845 10497 10500 10498 10493
9846 10500 10495 10493 10499
9847 10495 10500 10489 10839
9848 10493 10500 10489 10495
9849 10500 10496 10489 10839
9850 10500 10494 10498 10489
9851 7776 7759 7778 7769
9852 7765 7770 7767 7761
9853 10516 10518 10526 10522
9854 7388 7440 7446 7387
9855 2542 2545 2544 2539
9856 10693 10727 10694 10724
9857 10690 10694 10691 10687
9858 11284 11273 11287 11289
9859 2496 2498 2502 2511
9860 11135 10502 11139 10507
9861 2624 2622 2629 2616
9862 2629 2618 2624 2616
9863 7436 7440 7442 7443
9864 10712 10726 10723 10725
9865 10763 10770 10773 10774
9866 9863 9934 9881 9940
9867 10728 10714 10725 10719
9868 2392 2390 2896 2396
9869 10747 10710 10752 10758
9870 2889 2894 2544 2536
9871 9973 9979 9971 9972
9872 10371 10696 10372 10395
9873 10379 10391 10371 10346
9874 10389 10396 10371 10358
9875 11254 10750 11255 11250
9876 11135 11137 11139 10502
9877 10512 10497 10513 10510
9878 8208 8207 8210 8212
9879 10493 10510 10511 10497
9880 10527 10520 10511 10516
9881 2622 2630 2629 2616
9882 10691 10695 10687 10694
9883 2896 2889 2544 2390
9884 2544 2396 2896 2390
9885 10695 10730 10729 10733
9886 10382 10379 10381 10371
9887 10694 10687 10693 10724
9888 10511 10527 10513 10520
9889 2890 2889 2896 2392
9890 2890 2895 2896 2889
9891 10525 10490 10488 10494
9892 2392 2889 2896 2390
9893 10509 10527 10524 10520
9894 10755 10754 10751 10759
9895 3205 3202 3209 3203
9896 2537 2535 2541 2534
9897 2511 2517 2515 2510
9898 2892 2544 2894 2536
9899 5574 5568 5572 5567
9900 10491 11096 11089 11093
9901 10710 10760 10753 10758
9902 2537 2538 2518 2543
9903 11260 11269 11261 11268
9904 7550 7438 7443 7436
9905 10511 10504 10513 10510
9906 10685 10687 10693 10690
9907 10724 10687 10693 10685
9908 7468 7439 7464 7466
9909 10511 10520 10513 10504
9910 10509 10504 10513 10520
9911 10504 10506 10512 10502
9912 10504 10502 10512 10510
9913 10710 10717 10716 10712
9914 10497 11093 10491 10510
9915 10726 10749 10716 10723
9916 10716 10747 10758 10710
9917 10743 10688 10749 10746
9918 10693 10685 10749 10723
9919 10743 10723 10747 10749
9920 10685 10688 10749 10743
9921 10749 10746 10748 10743
9922 11117 11116 11113 11120
9923 10747 10743 10748 10742
9924 10746 10742 10748 10743
9925 11250 10756 10745 10740
9926 10752 10742 10756 10740
9927 10716 10719 10726 10712
9928 10747 10723 10716 10749
9929 8549 8546 8547 8540
9930 7454 7435 7444 7466
9931 7392 7482 7546 7386
9932 7384 7394 7473 7393
9933 2530 2543 2528 2540
9934 11094 11090 11086 11097
9935 10760 10755 10753 10759
9936 10710 10711 10753 10760
9937 10755 10760 10753 10711
9938 10753 10750 10757 10751
9939 2542 2883 2541 2535
9940 2543 2539 2542 2537
9941 2537 2539 2542 2535
9942 2536 2892 2542 2535
9943 2535 2539 2542 2536
9944 2076 2071 2081 2068
9945 10755 10759 10751 10753
9946 2881 2541 2883 2534
9947 11090 11137 11088 11095
9948 11139 11137 11088 10502
9949 11095 11093 11088 11089
9950 11090 11095 11088 11089
9951 10491 11093 11088 10510
9952 11303 11009 11301 11306
9953 5284 5280 5288 5287
9954 11015 11016 11020 11009
9955 2503 2498 2502 2496
9956 9877 9909 9901 9914
9957 10754 11262 10751 10759
9958 10753 10750 10752 10757
9959 10753 10758 10757 10752
9960 11098 11093 11095 11089
9961 10752 10748 10756 10742
9962 10512 11095 11093 11088
9963 11137 11139 11088 11095
9964 11019 11015 11014 11017
9965 1799 1778 1814 1792
9966 10156 9831 9837 10152
9967 11255 11250 11252 11249
9968 7389 7382 7390 7387
9969 7745 7749 7752 7662
9970 7391 7404 7406 7397
9971 11095 11137 11094 11090
9972 8457 8451 8458 8448
9973 8463 8460 8435 8457
9974 7432 7400 7433 7427
9975 8459 8437 8458 8448
9976 7389 7392 7390 7382
9977 7464 7468 7465 7578
9978 7416 8463 7419 7411
9979 7389 7387 7433 7400
9980 10679 10673 10678 10672
9981 11076 11113 11122 11114
9982 1811 1813 1810 1814
9983 7406 7420 7391 7413
9984 8475 8550 8476 8540
9985 8137 8143 8146 8140
9986 7464 7460 7467 7466
9987 7411 7413 7420 7418
9988 7686 7951 7947 7963
9989 7416 7420 7418 7411
9990 7406 7413 7391 7397
9991 11129 11138 11136 11128
9992 7393 8445 8436 8435
9993 7466 7435 7444 7437
9994 11526 11522 11525 11520
9995 7388 7441 7446 7440
9996 7728 7732 7731 7722
9997 7581 7565 7579 7568
9998 7568 7566 7579 7582
9999 7598 7672 7669 7734
10000 11036 11040 11046 11102
10001 7569 7468 7445 7439
10002 5114 5151 5157 5160
10003 7556 7438 7443 7550
10004 7580 7582 7577 7578
10005 7467 7460 7465 7461
10006 7554 7557 7556 7551
10007 11112 11152 11150 11149
10008 8454 8431 8429 8450
10009 7783 7784 7787 7789
10010 8463 7419 8435 8460
10011 10040 9823 10038 9819
10012 11216 11130 11133 11126
10013 7683 7691 7687 7682
10014 1766 1749 1753 1806
10015 11199 11108 11104 11195
10016 7442 7437 7444 7435
10017 11097 11082 11098 11092
10018 11092 11074 11097 11081
10019 7550 7436 7443 7441
10020 7569 7438 7556 7553
10021 8414 8409 8416 8415
10022 7552 7557 7555 7551
10023 7566 7438 7569 7553
10024 7483 7546 7482 7476
10025 7710 7699 7742 7706
10026 7807 7799 7801 7808
10027 11072 11073 11056 11070
10028 7466 7454 7467 7444
10029 7636 7635 7630 7629
10030 7564 7557 7552 7551
10031 9932 9930 9934 9938
10032 10826 10820 10825 10822
10033 7689 7598 7668 7669
10034 8425 8450 8429 8431
10035 10961 10959 10960 10958
10036 7558 7532 7527 7559
10037 4464 4440 4435 4463
10038 7568 7581 7587 7580
10039 9967 9978 9969 9970
10040 7477 7547 7539 7549
10041 9928 9929 9931 9936
10042 7383 7546 7476 7386
10043 8322 8307 8325 8318
10044 11130 11116 11203 11113
10045 8319 8323 8348 8351
10046 8441 8446 8442 8439
10047 7554 7555 7562 7557
10048 7621 7625 7627 7623
10049 7743 7719 7726 7720
10050 7629 7646 7636 7635
10051 7671 7690 7668 7674
10052 7542 7563 7543 7548
10053 7439 7566 7569 7582
10054 7394 7386 7473 7482
10055 7555 7557 7554 7551
10056 7472 7465 7583 7469
10057 8438 8439 8442 8440
10058 7561 7443 7446 7441
10059 11131 11086 11087 11094
10060 7812 7816 7800 7801
10061 7554 7542 7562 7555
10062 10129 10134 10126 10127
10063 7492 7494 7509 7495
10064 9919 10145 9921 9922
10065 10204 10211 10205 10214
10066 614 619 611 613
10067 9165 9126 9130 9167
10068 10145 9922 10143 10146
10069 9908 9903 9911 9920
10070 10214 10177 10205 10204
10071 6928 7134 6930 6927
10072 11115 11075 10945 11077
10073 8426 8434 8475 8424
10074 7584 7583 7586 7578
10075 9922 9941 10143 10146
10076 10351 10356 10352 10346
10077 10147 10150 10149 10141
10078 10144 10146 10143 9941
10079 7479 8484 8477 7478
10080 10096 10069 10068 10065
10081 8544 8547 8546 8539
10082 7478 8484 8477 8441
10083 4259 4260 4258 4361
10084 9941 10146 9922 9947
10085 9999 9994 10002 9993
10086 5231 5276 5263 5228
10087 5011 5065 5009 5003
10088 10145 9947 9926 9922
10089 11121 11104 11105 11117
10090 10131 10136 10127 10130
10091 10132 9706 10126 9699
10092 9921 9920 9925 9924
10093 9835 9834 9829 9830
10094 9892 9904 9912 9909
10095 10148 10150 10141 10142
10096 7554 7541 7562 7542
10097 10134 10136 10127 10129
10098 9913 9909 9912 9908
10099 10157 10139 10156 10138
10100 9831 9830 9837 10152
10101 9927 9910 9925 9920
10102 10132 9905 9704 9693
10103 9912 9904 9911 9908
10104 9924 9919 9921 9918
10105 9927 9920 9929 9908
10106 9924 9918 9921 9920
10107 10145 9926 9921 9922
10108 9904 9903 9911 9908
10109 9927 9921 9929 9920
10110 9911 9913 9912 9908
10111 9912 9907 9911 9904
10112 9918 9917 9923 9915
10113 9905 9915 9923 9917
10114 9917 9903 9923 9905
10115 9923 9917 9920 9903
10116 9918 9917 9920 9923
10117 9910 9905 9923 9903
10118 9924 10145 9921 9919
10119 9870 9863 9866 9879
10120 9930 9913 9929 9908
10121 7384 7393 7473 8436
10122 9892 9897 9912 9904
10123 9971 9961 9968 9979
10124 9936 9929 9932 9930
10125 7801 7816 7800 7807
10126 10851 10841 10771 10764
10127 9932 9936 9931 9929
10128 9927 9908 9929 9913
10129 8791 9852 9858 9861
10130 7786 7784 7795 7793
10131 9757 9690 9759 9752
10132 9977 9978 9969 9967
10133 6161 6169 6160 6166
10134 9065 9059 9063 9069
10135 7580 7579 7577 7582
10136 9911 9906 9910 9903
10137 9920 9903 9911 9910
10138 9928 9921 9931 9929
10139 9925 9928 9927 9921
10140 7582 7570 7568 7566
10141 7736 7672 7734 7737
10142 6400 6389 6415 6387
10143 9942 9922 9948 9941
10144 7553 7438 7556 7550
10145 9928 9922 9931 9921
10146 9874 9865 9866 9868
10147 9882 9862 9854 9865
10148 9947 9941 9948 9922
10149 9901 9880 9857 9877
10150 9904 9907 9911 9903
10151 9926 9922 9928 9921
10152 9927 9921 9928 9929
10153 9937 9942 9931 9948
10154 7559 7535 7543 7563
10155 7602 7605 7610 7738
10156 7470 7590 7472 7692
10157 7611 7609 7627 7614
10158 9913 9938 9914 9930
10159 1448 1451 1446 1432
10160 9968 9961 9954 9976
10161 7614 7607 7604 7625
10162 7581 7568 7575 7565
10163 9936 9927 9928 9929
10164 10007 10011 9969 9864
10165 10348 10355 10360 10356
10166 9928 9937 9936 9931
10167 2624 2392 2399 2622
10168 7471 7465 7472 7469
10169 9948 9942 9931 9922
10170 9948 9922 9931 9928
10171 9967 9935 9969 9977
10172 9930 9936 9938 9932
10173 7657 7964 7658 7934
10174 9032 9034 9039 9038
10175 9937 9933 9931 9942
10176 9932 9933 9931 9937
10177 7441 7541 7561 7554
10178 7541 7441 7561 7388
10179 7541 7388 7561 7544
10180 7467 7464 7465 7460
10181 10884 10888 10885 10881
10182 10807 10383 10378 10372
10183 9937 9975 9939 9933
10184 7441 7436 7443 7440
10185 4422 4420 4425 4423
10186 7445 7437 7443 7438
10187 7388 7387 7446 7390
10188 7468 7466 7445 7439
10189 7561 7541 7562 7554
10190 7544 7562 7561 7541
10191 7830 7816 7809 7812
10192 7569 7553 7570 7566
10193 7567 7566 7570 7553
10194 7567 7553 7570 7564
10195 7564 7553 7570 7557
10196 7570 7556 7557 7553
10197 7799 7798 7801 7797
10198 7621 7640 7641 7617
10199 7569 7443 7556 7438
10200 10978 10964 11083 10975
10201 7467 7472 7471 7465
10202 7593 7470 7692 7590
10203 7568 7581 7580 7579
10204 7579 7582 7580 7568
10205 7577 7439 7464 7468
10206 7569 7439 7445 7438
10207 7437 7435 7442 7434
10208 8873 8856 8858 8852
10209 7439 7582 7577 7566
10210 7682 7463 7471 7462
10211 7446 7389 7390 7387
10212 7444 7457 7459 7454
10213 7433 7404 7389 7400
10214 7442 7446 7443 7440
10215 7775 7776 7778 7787
10216 7427 7387 7433 7440
10217 3300 3292 3301 3348
10218 7678 7671 7672 7679
10219 7433 7430 7432 7427
10220 7446 7440 7433 7387
10221 7669 7596 7689 7598
10222 7464 7466 7467 7468
10223 9979 9976 9968 9978
10224 7471 7682 7470 7691
10225 7460 7454 7467 7466
10226 7460 7457 7467 7454
10227 7469 7461 7471 7465
10228 7701 7700 7695 7702
10229 7694 7738 7610 7613
10230 10696 10385 10371 10697
10231 7777 7749 7751 7755
10232 7680 7663 7667 7719
10233 7584 7580 7586 7587
10234 7703 7699 7742 7710
10235 2372 2364 2389 2366
10236 10828 10827 10904 10903
10237 9857 9899 9901 9894
10238 9878 9914 9877 9880
10239 10371 10387 10395 10396
10240 7687 7470 7692 7593
10241 7692 7471 7472 7470
10242 7690 7674 7670 7673
10243 7806 7816 7807 7800
10244 10900 10844 10847 10893
10245 9869 9868 9873 9875
10246 7688 7683 7684 7691
10247 8457 8448 8458 8437
10248 7384 7386 7473 7394
10249 8446 8440 8442 8439
10250 1554 1582 1552 1553
10251 1540 1535 1537 1534
10252 9875 9871 10015 9867
10253 7591 7595 7599 7594
10254 10380 10379 10371 10358
10255 7591 7584 7587 7592
10256 10842 10732 10808 10735
10257 9937 9942 9952 9933
10258 9940 9864 9863 9934
10259 7771 7776 7778 7775
10260 7472 7578 7586 7583
10261 7750 7755 7751 7749
10262 7801 7812 7822 7800
10263 7777 7781 7751 7775
10264 7786 7785 7799 7789
10265 1299 1308 1275 1302
10266 7590 7470 7472 7469
10267 7590 7591 7586 7598
10268 7471 7469 7472 7470
10269 7804 7798 7799 7786
10270 7591 7592 7587 7599
10271 7592 7584 7587 7585
10272 7582 7587 7586 7580
10273 9939 9936 9937 9932
10274 7585 7580 7587 7581
10275 9909 9914 9877 9878
10276 8429 8425 8430 8437
10277 7586 7468 7582 7578
10278 7744 7740 7742 7703
10279 2248 2247 2251 2419
10280 7716 7725 7826 7724
10281 7584 7580 7587 7585
10282 7697 7616 7614 7698
10283 1373 1376 1374 1372
10284 7397 7382 7385 7391
10285 9935 9932 9939 9933
10286 9883 9037 9043 9884
10287 7611 7614 7695 7697
10288 7384 7394 7385 7386
10289 7599 7594 7598 7591
10290 7789 7791 7790 7785
10291 7660 7662 7665 7663
10292 10029 10023 10020 10028
10293 7598 7472 7586 7590
10294 7640 7589 7573 7588
10295 7604 7601 7603 7609
10296 7600 7602 7601 7609
10297 7640 7575 7573 7589
10298 7541 7545 7538 7544
10299 7675 7663 7665 7680
10300 7594 7593 7598 7590
10301 7591 7594 7598 7590
10302 7692 7590 7598 7593
10303 9934 9938 9939 9932
10304 7723 7722 7729 7721
10305 7665 7676 7661 7660
10306 7392 7382 7383 7390
10307 7390 7388 7383 7544
10308 7587 7591 7586 7584
10309 7583 7584 7586 7591
10310 7584 7578 7586 7580
10311 3475 3464 3459 3469
10312 8435 8445 8436 8439
10313 7704 7700 7693 7699
10314 7794 7768 7792 7776
10315 9874 9870 9866 9865
10316 10018 10011 10012 10016
10317 9933 9932 9939 9937
10318 9940 9934 9939 9935
10319 7726 7722 7730 7720
10320 7721 7722 7729 7728
10321 9894 9899 9901 9892
10322 9909 9914 9878 9930
10323 9037 9884 9999 9043
10324 9882 9880 9879 9853
10325 9940 9871 9863 9864
10326 9962 9965 9961 9963
10327 11125 11027 10945 11115
10328 9934 9938 9878 9881
10329 9912 9909 9901 9892
10330 9894 9892 9901 9877
10331 9914 9912 9913 9909
10332 9853 9851 9854 9858
10333 9882 9870 9865 9879
10334 10346 10360 10358 10356
10335 9854 9861 9855 9862
10336 9853 9882 9854 9865
10337 9862 9865 9874 9856
10338 9854 9862 9856 9865
10339 9855 9862 9856 9854
10340 9860 9874 9872 9856
10341 9879 9853 9865 9882
10342 9872 9875 9873 9868
10343 9857 9882 9858 9853
10344 9882 9858 9854 9862
10345 9881 9863 9879 9878
10346 9097 9100 9063 9110
10347 1424 1420 1449 1428
10348 9067 9059 9063 9064
10349 3204 3220 3216 3187
10350 9070 9110 9063 9100
10351 9877 9880 9879 9878
10352 9853 9880 9879 9877
10353 9880 9870 9882 9879
10354 9881 9870 9879 9863
10355 9853 9858 9854 9882
10356 9858 9861 9854 9862
10357 7777 7749 7779 7746
10358 9852 9861 9855 9854
10359 2378 2621 2620 2376
10360 9852 8789 9855 9861
10361 7720 7736 7743 7678
10362 9861 9885 9862 9858
10363 9883 9882 9885 9858
10364 9855 8789 9859 9861
10365 9861 8794 8796 8789
10366 1292 1285 1295 1291
10367 9868 9866 9875 9869
10368 7777 7772 7779 7780
10369 7745 7747 7752 7746
10370 9863 9870 9866 9871
10371 9981 9985 9984 9980
10372 10000 9876 9888 9993
10373 8777 8823 8776 8772
10374 9035 9047 9041 9064
10375 9049 9064 9041 9047
10376 10574 10579 10560 10567
10377 9034 9032 9041 9035
10378 9035 9032 9041 9047
10379 9049 9047 9041 9032
10380 4542 4522 4509 4466
10381 7746 7772 7779 7777
10382 11058 11059 11055 11054
10383 9882 9884 9886 9870
10384 9042 9039 9041 9034
10385 9034 9883 9042 9040
10386 9034 9036 9042 9883
10387 9034 9035 9042 9036
10388 9041 9035 9042 9034
10389 9040 9883 9885 9034
10390 9038 9034 9885 9858
10391 9883 9858 9885 9034
10392 7776 7784 7794 7787
10393 10371 10385 10395 10387
10394 7678 7675 7680 7719
10395 9040 9043 9887 9883
10396 7663 7750 7667 7721
10397 9036 9883 9043 9042
10398 9036 9037 9043 9883
10399 9882 9870 9874 9865
10400 9865 9862 9874 9882
10401 7666 7663 7665 7662
10402 7721 7750 7756 7788
10403 4496 4501 4498 4539
10404 9993 9884 9876 9888
10405 9886 9884 9876 9870
10406 9993 9871 9876 9870
10407 9887 9884 9886 9883
10408 9887 9885 9040 9883
10409 9883 9882 9886 9885
10410 9883 9884 9886 9882
10411 9993 9884 9999 9994
10412 7660 7657 7664 7662
10413 9993 9888 9999 9884
10414 9037 9994 9999 9884
10415 10011 9864 9867 9871
10416 7687 7689 7593 7692
10417 9863 9871 9867 9864
10418 9866 9871 9867 9863
10419 7833 7823 7822 7812
10420 7784 7786 7795 7789
10421 7646 7650 7643 7649
10422 9993 9870 9876 9884
10423 7737 7736 7744 7741
10424 10379 10346 10358 10356
10425 9876 9871 9875 9870
10426 9876 9874 9886 9870
10427 10024 9980 10030 10025
10428 9869 9866 9875 9867
10429 9866 9871 9875 9867
10430 9866 9870 9875 9871
10431 9874 9870 9875 9866
10432 9985 9983 9984 9980
10433 2396 2393 2399 2392
10434 7750 7755 7756 7751
10435 7675 7663 7680 7719
10436 7663 7750 7666 7667
10437 7673 7655 7661 7670
10438 7797 7785 7799 7798
10439 7730 7720 7742 7744
10440 7790 7755 7781 7751
10441 7790 7783 7789 7785
10442 7750 7663 7666 7662
10443 7795 7805 7796 7789
10444 7765 7762 7763 7758
10445 7786 7785 7789 7783
10446 7783 7784 7789 7786
10447 7792 7784 7794 7776
10448 6283 6274 6271 6275
10449 7544 7562 7541 7545
10450 2386 2622 2399 2378
10451 6825 6824 6833 6832
10452 7746 7773 7779 7772
10453 7775 7776 7787 7784
10454 7783 7781 7787 7775
10455 552 631 543 545
10456 7672 7737 7679 7677
10457 10729 10694 10724 10695
10458 4499 4502 4500 4498
10459 7781 7779 7780 7777
10460 10920 10903 10922 10896
10461 7750 7721 7727 7667
10462 7756 7721 7727 7750
10463 7869 7936 7856 7852
10464 7786 7798 7799 7785
10465 7735 7672 7737 7734
10466 7721 7719 7726 7667
10467 7721 7722 7726 7719
10468 7788 7721 7729 7756
10469 7788 7723 7729 7721
10470 7723 7797 7802 7725
10471 7799 7797 7791 7785
10472 7788 7785 7791 7723
10473 7790 7785 7791 7788
10474 7723 7785 7791 7797
10475 7689 7692 7668 7598
10476 7667 7665 7666 7663
10477 7705 7713 7702 7712
10478 7698 7705 7702 7704
10479 7596 7598 7669 7599
10480 7685 7670 7686 7655
10481 7692 7687 7688 7691
10482 7596 7593 7689 7598
10483 7675 7660 7665 7663
10484 7597 7599 7596 7733
10485 7594 7597 7595 7599
10486 7598 7599 7596 7594
10487 7759 7761 7769 7765
10488 5915 5847 5840 5914
10489 7689 7692 7688 7668
10490 7733 7599 7669 7734
10491 7598 7734 7669 7599
10492 7692 7671 7668 7672
10493 7691 7685 7684 7690
10494 7692 7672 7668 7598
10495 7692 7690 7671 7691
10496 7666 7727 7667 7750
10497 7676 7660 7665 7675
10498 10808 10735 10848 10842
10499 1374 1366 1431 1429
10500 10362 10360 10363 10361
10501 2592 2596 2595 2590
10502 10392 10518 10373 10391
10503 10366 10360 10363 10355
10504 7658 7659 7664 7657
10505 7752 7659 7747 7745
10506 7750 7749 7754 7755
10507 7666 7749 7754 7750
10508 7752 7662 7664 7745
10509 7756 7754 7755 7750
10510 2588 2630 2595 2627
10511 4515 4516 4517 4513
10512 6757 6753 6749 6756
10513 4995 4963 4994 4967
10514 7763 7769 7765 7759
10515 7781 7778 7787 7775
10516 7771 7759 7778 7776
10517 7771 7761 7778 7759
10518 2630 2627 2634 2595
10519 7655 7658 7661 7657
10520 7657 7745 7664 7662
10521 7657 7659 7664 7745
10522 7655 7660 7657 7661
10523 7664 7657 7661 7658
10524 7670 7660 7661 7676
10525 7664 7660 7661 7657
10526 7673 7676 7674 7670
10527 4608 4506 4612 4606
10528 3366 3370 3367 3007
10529 3421 3429 3418 3420
10530 3503 3522 3502 3527
10531 829 825 826 820
10532 7753 7755 7754 7749
10533 7746 7749 7753 7752
10534 7779 7748 7773 7746
10535 7779 7749 7753 7746
10536 7153 7171 7165 7167
10537 11641 11681 11642 11640
10538 2628 2627 2634 2631
10539 10692 10696 10695 10697
10540 4375 4367 4374 4514
10541 10387 10391 10371 10385
10542 10361 10358 10360 10366
10543 2593 2589 2630 2595
10544 7690 7671 7691 7670
10545 5786 5784 5793 5785
10546 10359 10358 10366 10380
10547 10360 10355 10366 10356
10548 10786 10827 10904 10831
10549 10360 10356 10366 10358
10550 10366 10379 10380 10358
10551 10803 10359 10806 10807
10552 8809 8832 8833 8804
10553 7741 7736 7744 7740
10554 2413 2453 2445 2447
10555 4856 4831 4836 4832
10556 10842 10843 10808 10732
10557 7830 7832 7821 7831
10558 2372 2375 2374 2368
10559 10816 10815 10819 10820
10560 10356 10368 10357 10355
10561 7677 7671 7679 7672
10562 2627 2631 2625 2630
10563 4524 4523 4544 4529
10564 2620 2238 2244 2378
10565 2625 2628 2626 2631
10566 4498 4501 4497 4539
10567 2379 2245 2242 2238
10568 2614 2623 2621 2622
10569 2634 2594 2595 2627
10570 4371 4514 4374 4367
10571 2628 2627 2633 2634
10572 4544 4543 4542 4522
10573 2621 2378 2620 2622
10574 2059 2062 2060 2078
10575 7635 7638 7630 7633
10576 2684 2677 2686 2678
10577 10709 10690 10689 10684
10578 4241 4229 4234 4240
10579 4367 4514 4368 4371
10580 4367 4371 4368 4373
10581 4503 4507 4506 4501
10582 2235 2233 2239 2234
10583 4499 4501 4498 4496
10584 235 225 240 227
10585 4498 4513 4497 4502
10586 4606 4503 4501 4539
10587 7747 7753 7752 7746
10588 4546 4539 4497 4503
10589 4461 4475 4542 4481
10590 4503 4539 4497 4501
10591 4540 4536 4544 4538
10592 4540 4539 4546 4609
10593 4540 4629 4528 4523
10594 9551 9614 9552 9606
10595 4498 4502 4497 4501
10596 2400 2394 2379 2393
10597 4501 4502 4497 4504
10598 4505 4503 4546 4497
10599 4503 4501 4497 4504
10600 4543 4510 4542 4522
10601 10940 10929 10932 10939
10602 4448 4531 4446 4518
10603 4543 4497 4544 4538
10604 10694 10733 10697 10695
10605 2678 2679 2686 2685
10606 2238 2687 2620 2244
10607 2626 2631 2622 2625
10608 4529 4522 4544 4524
10609 7789 7804 7799 7786
10610 2678 2680 2686 2679
10611 2688 2679 2685 2687
10612 2242 2237 2238 2245
10613 4514 4512 4518 4510
10614 2616 2623 2617 2614
10615 2222 2233 2239 2235
10616 4528 4540 4544 4547
10617 4529 4523 4544 4528
10618 4528 4523 4544 4540
10619 4544 4479 4481 4536
10620 4523 4626 4637 5786
10621 2229 2224 2241 2231
10622 4468 4464 4518 4509
10623 4530 5786 5794 5799
10624 5791 5794 5793 5785
10625 4631 4547 4636 4540
10626 2379 2380 2242 2245
10627 2614 2616 2622 2612
10628 4447 4531 4532 4525
10629 5803 5802 5808 5800
10630 5798 5785 5794 5792
10631 2378 2626 2622 2381
10632 5798 5799 5794 5785
10633 2220 2222 2239 2229
10634 4368 4514 4515 4371
10635 4497 4522 4544 4505
10636 4497 4505 4544 4546
10637 4545 4505 4546 4544
10638 4505 4522 4544 4526
10639 4533 4526 4544 4522
10640 4533 4545 4547 4544
10641 4528 4533 4547 4544
10642 4533 4522 4544 4529
10643 4538 4539 4544 4540
10644 4497 4539 4544 4538
10645 2216 2683 2236 2233
10646 2245 2238 2379 2244
10647 5799 5786 5794 5785
10648 2399 2387 2386 2378
10649 4629 4626 4637 4523
10650 4629 4634 4637 4626
10651 2243 2418 2232 2246
10652 2234 2233 2236 2684
10653 7626 7614 7621 7625
10654 4530 4528 4637 4523
10655 2236 2233 2239 2216
10656 4510 4522 4518 4509
10657 4524 5786 4530 5799
10658 4523 4524 4530 4529
10659 2622 2682 2688 2612
10660 4523 5786 4530 4524
10661 4637 5786 4530 4523
10662 4532 5794 5807 5799
10663 5799 4524 4532 4530
10664 4509 4510 4511 4518
10665 2620 2621 2622 2612
10666 2616 2682 2622 2612
10667 2381 2378 2384 2382
10668 2397 2394 2400 2393
10669 2224 2222 2229 2235
10670 2222 2216 2239 2233
10671 2244 2685 2234 2237
10672 2687 2244 2237 2685
10673 2890 2392 2624 2622
10674 2683 2677 2686 2684
10675 2221 2220 2229 2223
10676 2244 2238 2379 2378
10677 2238 2687 2244 2237
10678 2392 2890 2624 2896
10679 2620 2238 2378 2376
10680 4433 4463 4435 4440
10681 4515 4514 4517 4371
10682 2378 2631 2622 2626
10683 10023 10031 10025 10030
10684 2378 2631 2386 2622
10685 2890 2616 2624 2618
10686 2622 2616 2624 2890
10687 2624 2895 2896 2890
10688 10734 10733 10729 10730
10689 10389 10387 10371 10396
10690 10724 10687 10695 10694
10691 10695 10691 10692 10697
10692 10695 10691 10687 10692
10693 10389 10346 10371 10391
10694 10358 10346 10371 10389
10695 10496 10840 10377 10490
10696 10732 10730 10807 10734
10697 10373 10518 10371 10391
10698 10525 10518 10371 10373
10699 10373 10376 10375 10371
10700 10373 10374 10371 10525
10701 10725 10728 10731 10714
10702 10371 10396 10372 10358
10703 10376 10383 10382 10372
10704 10801 10803 10372 10395
10705 10359 10358 10372 10396
10706 10807 10730 10802 10801
10707 10899 10896 10922 10903
10708 10801 10395 10372 10696
10709 10730 10801 10372 10696
10710 10732 10730 10802 10807
10711 10813 10809 10852 10808
10712 10729 10694 10695 10733
10713 10380 10358 10372 10359
10714 10728 10735 10734 10731
10715 10696 10697 10372 10733
10716 10371 10697 10372 10696
10717 10371 10376 10372 10374
10718 10525 10374 10372 10490
10719 10371 10374 10372 10525
10720 10494 10377 10374 10490
10721 10807 10801 10802 10804
10722 2417 2418 2247 2243
10723 10849 10841 10850 10840
10724 10372 10374 10377 10490
10725 10808 10807 10811 10812
10726 10372 10730 10807 10801
10727 10730 10733 10807 10734
10728 10372 10733 10807 10730
10729 10801 10803 10807 10372
10730 10801 10804 10807 10803
10731 10490 10372 10807 10377
10732 10377 10840 10807 10490
10733 2364 2384 2389 2366
10734 10365 10815 10364 10361
10735 224 227 226 222
10736 2322 2313 2318 2358
10737 2223 2230 2229 2221
10738 2222 2224 2229 2223
10739 2223 2224 2229 2230
10740 2383 2379 2385 2380
10741 2635 2633 2634 2628
10742 2247 2241 2243 2232
10743 2364 2628 2370 2635
10744 10842 10731 10732 10735
10745 2444 2388 2426 2380
10746 10805 10804 10814 10808
10747 10806 10367 10810 10359
10748 10721 10715 10722 10714
10749 10377 10809 10378 10807
10750 2476 2464 2479 2461
10751 10377 10840 10850 10807
10752 10496 10850 10377 10840
10753 10802 10804 10808 10807
10754 5612 5468 5611 5463
10755 10807 10372 10810 10383
10756 7606 7607 7604 7614
10757 10850 10807 10808 10809
10758 10732 10734 10808 10735
10759 10807 10734 10808 10732
10760 10843 10802 10808 10732
10761 10807 10732 10808 10802
10762 10721 10847 10735 10722
10763 10850 10851 10808 10841
10764 10904 10895 10901 10897
10765 10967 10979 10966 10965
10766 2436 2447 2435 2448
10767 2380 2395 2424 2418
10768 10850 10841 10808 10840
10769 10850 10840 10808 10807
10770 4518 4466 4468 4509
10771 2246 2235 2224 2241
10772 2229 2235 2241 2224
10773 2240 2235 2239 2234
10774 4443 4464 4511 4518
10775 4511 4514 4367 4443
10776 2400 2393 2379 2378
10777 2380 2394 2379 2401
10778 2400 2401 2379 2394
10779 2380 2401 2379 2388
10780 4532 5802 4447 4525
10781 5802 5803 4447 4444
10782 4444 4525 4447 5802
10783 4447 5802 5808 5803
10784 2236 2237 2240 2234
10785 4446 4444 4451 4443
10786 2380 2377 2416 2383
10787 4436 4464 4511 4443
10788 4388 4416 4409 4408
10789 4524 4522 4531 4529
10790 2635 2631 2389 2628
10791 5807 4447 4532 5802
10792 5805 5800 5807 5798
10793 5802 5798 5807 5800
10794 5794 5798 5807 5799
10795 5802 5799 5807 5798
10796 5799 4525 4532 4524
10797 5802 4525 4532 5799
10798 5807 5802 4532 5799
10799 4518 4514 4511 4443
10800 4412 4408 4411 4410
10801 4443 4518 4445 4448
10802 2325 2328 2329 2324
10803 10806 10808 10814 10804
10804 4510 4514 4511 4518
10805 4446 4518 4531 4525
10806 4447 4444 4446 4525
10807 4518 4525 4446 4444
10808 4524 4525 4531 4522
10809 2245 2237 2238 2244
10810 4527 4448 4445 4518
10811 2383 2377 2382 2379
10812 2416 2418 2243 2380
10813 2416 2421 2417 2418
10814 2379 2376 2238 2377
10815 4858 4869 4868 4855
10816 4518 4527 4534 4522
10817 2416 2380 2243 2242
10818 4526 4534 4527 4522
10819 2380 2377 2242 2416
10820 4376 4377 4379 4367
10821 8940 8936 8938 8928
10822 4860 4867 4909 4903
10823 2453 2443 2433 2437
10824 10827 10848 10833 10834
10825 4511 4443 4367 4436
10826 2379 2376 2377 2382
10827 2376 2379 2238 2378
10828 2269 2267 2263 2265
10829 4519 4512 4520 4514
10830 5041 5010 5009 5037
10831 4526 4520 4505 4522
10832 4527 4375 4520 4518
10833 4443 4377 4375 4367
10834 4371 4516 4517 4515
10835 4443 4518 4375 4445
10836 4443 4514 4375 4518
10837 4367 4514 4375 4443
10838 2626 2378 2389 2384
10839 2451 2443 2450 2442
10840 4394 4380 4396 4402
10841 2372 2370 2635 2364
10842 4375 4519 4520 4514
10843 7600 7592 7601 7602
10844 4504 4508 4507 4502
10845 4445 4377 4375 4443
10846 4453 5808 5809 5803
10847 2447 2427 2445 2413
10848 10366 10361 10367 10363
10849 2626 2631 2389 2378
10850 2382 2378 2384 2379
10851 4502 4504 4519 4512
10852 4455 4446 4451 4443
10853 10365 10361 10367 10815
10854 2635 2373 2372 2367
10855 4520 4504 4505 4512
10856 4518 4514 4520 4512
10857 4518 4522 4520 4527
10858 4518 4512 4520 4522
10859 4505 4522 4520 4512
10860 4513 4512 4517 4515
10861 4513 4502 4517 4512
10862 4519 4374 4517 4514
10863 4371 4514 4517 4374
10864 4519 4521 4508 4517
10865 4512 4514 4517 4515
10866 4512 4502 4517 4519
10867 4519 4514 4517 4512
10868 2381 2626 2384 2378
10869 2632 2631 2635 2634
10870 10359 10380 10810 10372
10871 2634 2631 2635 2628
10872 2365 2444 2374 2442
10873 5977 5987 6010 5969
10874 2371 2372 2365 2364
10875 2389 2368 2367 2372
10876 2383 2380 2385 2441
10877 2379 2382 2385 2384
10878 2379 2383 2385 2382
10879 2389 2386 2387 2378
10880 2384 2378 2389 2379
10881 2384 2379 2389 2366
10882 5689 5692 5665 5666
10883 2373 2367 2368 2372
10884 10843 10802 10805 10808
10885 2385 2384 2366 2379
10886 10807 10804 10806 10803
10887 4445 4455 4450 4443
10888 2365 2372 2366 2364
10889 2384 2365 2385 2366
10890 2385 2379 2366 2380
10891 2388 2380 2366 2379
10892 2628 2631 2389 2626
10893 10842 10735 10847 10722
10894 1116 1112 1113 1108
10895 10921 10827 10920 10846
10896 10827 10895 10896 10844
10897 10813 10811 10812 10808
10898 2449 2365 2374 2442
10899 10015 9873 9875 9869
10900 10850 10852 10809 10808
10901 7634 7635 7631 7633
10902 10806 10807 10811 10808
10903 10810 10807 10811 10806
10904 2433 2453 2435 2432
10905 10364 10820 10819 10815
10906 10808 10851 10848 10841
10907 10919 10903 10898 10897
10908 10814 10806 10823 10811
10909 10820 10365 10823 10815
10910 10367 10815 10823 10365
10911 10820 10815 10823 10816
10912 10810 10823 10367 10806
10913 10806 10815 10823 10367
10914 10806 10816 10814 10823
10915 10367 10370 10369 10365
10916 7741 7740 7744 7703
10917 10817 10814 10825 10824
10918 7706 7709 7716 7711
10919 10022 10028 10019 10023
10920 7797 7725 7822 7802
10921 10811 10808 10824 10814
10922 2311 2357 2356 2358
10923 2380 2418 2444 2441
10924 7819 7818 7815 7810
10925 2369 2366 2444 2374
10926 10816 10818 10825 10822
10927 10931 10818 10934 10938
10928 10825 10820 10816 10822
10929 10933 10818 10934 10931
10930 10814 10818 10817 10825
10931 10823 10814 10825 10816
10932 10836 10929 10939 10835
10933 10820 10825 10816 10823
10934 2413 2436 2447 2414
10935 10837 10838 10830 10832
10936 2401 2426 2388 2380
10937 10828 10827 10833 10834
10938 2385 2380 2444 2441
10939 2366 2380 2444 2385
10940 11159 11162 11160 11153
10941 2385 2365 2444 2366
10942 10830 10834 10828 10837
10943 2228 2230 2264 2231
10944 5470 5544 5547 5542
10945 2365 2366 2374 2444
10946 2365 2372 2374 2366
10947 4371 4378 4373 4376
10948 4374 4378 4521 4371
10949 2407 2403 2404 2257
10950 4374 4367 4376 4371
10951 4373 4371 4376 4367
10952 2332 2265 2335 2330
10953 2419 2432 2428 2422
10954 2416 2418 2417 2243
10955 592 594 587 634
10956 10911 10864 10865 10863
10957 10858 10874 10867 10865
10958 4521 4517 4374 4371
10959 2380 2421 2383 2416
10960 10903 10897 10919 10899
10961 4451 4443 4442 4455
10962 2270 2271 2248 2264
10963 4396 4394 4398 4397
10964 7603 7595 7597 7602
10965 10842 10843 10848 10808
10966 2241 2232 2231 2224
10967 5402 5801 5394 5809
10968 5391 5385 5388 5392
10969 4446 4453 4451 4444
10970 4441 4432 4905 4434
10971 4909 4849 4900 4857
10972 4443 4450 4442 4455
10973 3546 3543 3539 3545
10974 4413 4410 5407 5404
10975 4422 4418 4425 4420
10976 400 396 399 389
10977 4437 4438 4442 4435
10978 4847 4856 4836 4832
10979 4414 4415 4411 4410
10980 4429 4427 4408 4428
10981 4388 4429 4385 4430
10982 4443 4377 4442 4450
10983 4438 4436 4442 4435
10984 4443 4435 4442 4436
10985 2284 2283 2278 2305
10986 4379 4436 4442 4438
10987 4367 4377 4442 4443
10988 4379 4377 4442 4367
10989 4367 4436 4442 4379
10990 4367 4443 4442 4436
10991 10845 10846 10848 10843
10992 10813 10808 10848 10824
10993 4403 4397 4401 4396
10994 2186 5634 2182 2183
10995 10846 10805 10848 10843
10996 10808 10843 10848 10805
10997 10846 10817 10848 10805
10998 10824 10808 10848 10814
10999 10824 10814 10848 10817
11000 10814 10805 10848 10817
11001 10814 10808 10848 10805
11002 2419 2248 2255 2251
11003 7716 7834 7717 7829
11004 10830 10827 10828 10834
11005 10828 10830 10904 10827
11006 10831 10830 10786 10832
11007 10846 10817 10827 10848
11008 2419 2407 2408 2256
11009 10827 10844 10896 10845
11010 10876 10875 10907 10877
11011 10995 10999 10998 11001
11012 2425 2418 2419 2427
11013 10845 10846 10827 10848
11014 10773 10767 10772 10766
11015 10896 10845 10920 10827
11016 10903 10896 10920 10827
11017 10922 10903 10926 10923
11018 10909 10898 10901 10897
11019 10909 10917 10901 10915
11020 10845 10848 10827 10844
11021 11079 11078 11085 11082
11022 10889 10890 10871 10891
11023 10961 10789 10797 10796
11024 4385 4388 4389 4390
11025 4381 4386 4398 4385
11026 2269 2267 2264 2263
11027 4883 4418 4875 4424
11028 10794 10961 10797 10798
11029 10788 10831 10787 10786
11030 2257 2254 2255 2256
11031 10908 10909 10907 10917
11032 7623 7624 7621 7626
11033 7697 7698 7695 7702
11034 10830 10829 10831 10827
11035 10837 10835 10830 10838
11036 10837 10829 10831 10830
11037 10827 10834 10830 10829
11038 7626 7625 7621 7623
11039 10903 10828 10781 10904
11040 10902 10897 10901 10898
11041 10830 10835 10828 10929
11042 10827 10845 10920 10846
11043 2453 2440 2435 2454
11044 10828 10786 10781 10904
11045 7607 7616 7608 7614
11046 10921 10929 10833 10938
11047 10925 10924 10928 10926
11048 7619 7620 7621 7623
11049 8416 8418 8417 8414
11050 10921 10929 10920 10827
11051 10929 10827 10833 10828
11052 10785 10827 10786 10829
11053 10927 10931 10932 10929
11054 10831 10785 10787 10786
11055 10979 10958 10967 10976
11056 10201 10196 10199 10200
11057 10903 10899 10904 10897
11058 10977 10979 10972 10971
11059 10913 10916 10915 10909
11060 10831 10827 10904 10830
11061 10875 10867 10874 10878
11062 10871 10872 10867 10868
11063 10961 10958 10960 10790
11064 5260 5240 5235 5239
11065 2413 2436 2448 2447
11066 7704 7699 7712 7700
11067 10998 11003 11012 10995
11068 10896 10899 10904 10903
11069 10903 10827 10904 10896
11070 10899 10895 10904 10897
11071 10789 10794 10791 10792
11072 10899 10896 10904 10895
11073 10827 10895 10904 10896
11074 10904 10903 10902 10781
11075 10854 10857 10884 10861
11076 2263 2230 2264 2228
11077 10961 10965 10966 10979
11078 10790 10961 10794 10960
11079 10918 10898 10909 10917
11080 10905 10893 10892 10715
11081 10878 10870 10867 10865
11082 10993 11005 10987 11004
11083 7607 7614 7608 7626
11084 10893 10721 10715 10722
11085 2232 2270 2419 2247
11086 2417 2418 2419 2247
11087 2247 2418 2419 2232
11088 5822 5815 5384 5402
11089 2361 2355 2354 2358
11090 2271 2267 2264 2269
11091 2255 2420 2429 2432
11092 2409 2412 2411 2407
11093 5500 5544 5535 5540
11094 2419 2427 2408 2425
11095 2249 2269 2250 2267
11096 2255 2249 2253 2252
11097 2271 2269 2264 2270
11098 2267 2269 2266 2265
11099 2268 2269 2266 2267
11100 4962 4959 4960 4956
11101 2470 2461 2526 2455
11102 5232 5196 5191 5195
11103 2425 2405 2402 2415
11104 2521 2523 2526 2532
11105 2429 2420 2422 2432
11106 2453 2451 2446 2445
11107 2271 2254 2255 2269
11108 2255 2269 2249 2271
11109 2427 2447 2420 2408
11110 4437 4419 4426 4438
11111 5396 5809 5394 5801
11112 2259 2226 2331 2225
11113 4408 4429 4430 4426
11114 2523 2533 2527 2526
11115 2255 2249 2250 2253
11116 4426 4419 4380 4438
11117 10938 10817 10833 10921
11118 2249 2248 2252 2255
11119 4438 4379 4426 4442
11120 4389 4430 4388 4385
11121 5806 5822 5402 5815
11122 5818 5823 5821 5814
11123 4442 4426 4405 4452
11124 2419 2420 2408 2427
11125 4883 4874 4875 4905
11126 5374 5378 5369 5372
11127 2411 2414 2413 2408
11128 10903 10929 10828 10827
11129 4412 4410 4411 4415
11130 2435 2432 2434 2433
11131 2268 2267 2250 2269
11132 4414 5406 5407 4410
11133 4413 4410 4414 5407
11134 4413 4415 4414 4410
11135 4456 4426 4452 4408
11136 4425 4421 4423 4420
11137 2425 2407 2408 2419
11138 2451 2447 2453 2432
11139 4381 4419 4394 4380
11140 4427 4426 4425 4429
11141 4426 4427 4425 4424
11142 4422 4419 4425 4418
11143 4426 4418 4425 4419
11144 4424 4418 4425 4426
11145 4456 4442 4452 4426
11146 2419 2420 2255 2256
11147 4425 4419 4381 4426
11148 4402 4381 4398 4394
11149 2305 5374 5368 2304
11150 4412 4408 4417 4411
11151 2447 2427 2420 2445
11152 2270 2256 2248 2271
11153 2256 2270 2248 2419
11154 11097 11082 11092 11081
11155 2271 2269 2249 2267
11156 4403 4400 4402 4396
11157 2249 2255 2250 2269
11158 10938 10822 10818 10934
11159 2420 2257 2255 2256
11160 2255 2248 2252 2251
11161 2256 2254 2255 2271
11162 2419 2270 2248 2247
11163 2419 2256 2255 2248
11164 2248 2231 2247 2270
11165 2270 2231 2247 2232
11166 2256 2420 2408 2419
11167 2256 2248 2249 2255
11168 2256 2271 2249 2248
11169 2255 2271 2249 2256
11170 2249 2264 2248 2271
11171 4408 4426 4430 4456
11172 4381 4422 4394 4419
11173 2433 2428 2443 2432
11174 4438 4379 4380 4426
11175 2431 2430 2434 2432
11176 4456 4450 4455 4442
11177 4388 4409 4390 4385
11178 2252 2255 2258 2253
11179 2429 2255 2258 2252
11180 2429 2255 2422 2420
11181 2255 2419 2422 2420
11182 2251 2419 2422 2255
11183 10935 10937 10930 10932
11184 2450 2453 2437 2443
11185 2417 2422 2251 2419
11186 2422 2432 2430 2429
11187 10924 10920 10926 10922
11188 2418 2422 2421 2417
11189 10817 10827 10833 10921
11190 1175 1180 1173 1179
11191 4399 4369 4382 4393
11192 4408 4429 4385 4388
11193 2451 2432 2453 2443
11194 4380 4402 4393 4396
11195 4416 4430 4456 4408
11196 4430 4408 4388 4429
11197 4408 4388 4385 4409
11198 4417 4408 4409 4416
11199 4393 4380 4382 4402
11200 4402 4394 4398 4396
11201 4425 4385 4429 4426
11202 10938 10931 10921 10929
11203 4380 4426 4385 4381
11204 4402 4400 4393 4396
11205 4385 4387 4389 4386
11206 4390 4387 4389 4385
11207 10834 10824 10813 10848
11208 4380 4381 4402 4394
11209 8969 8978 8970 8968
11210 2449 2451 2450 2442
11211 4383 4380 4384 4381
11212 2411 2414 2408 2412
11213 4385 4426 4384 4430
11214 7617 7600 7622 7609
11215 2433 2432 2434 2430
11216 2437 2453 2435 2433
11217 2448 2440 2454 2435
11218 4395 4398 4394 4397
11219 2453 2448 2435 2447
11220 4404 4387 4398 4386
11221 2442 2385 2365 2444
11222 4392 4386 4398 4402
11223 4404 4386 4398 4392
11224 4380 4426 4384 4385
11225 4381 4385 4384 4383
11226 2447 2443 2428 2432
11227 4379 4373 4383 4376
11228 4376 4391 4378 4373
11229 4385 4386 4383 4381
11230 2444 2442 2451 2374
11231 10828 10835 10833 10929
11232 4376 4384 4383 4379
11233 4426 4442 4384 4430
11234 4379 4426 4384 4380
11235 4379 4442 4384 4426
11236 4379 4377 4384 4442
11237 2447 2432 2451 2443
11238 10938 10929 10934 10931
11239 4369 4379 4382 4393
11240 4369 4373 4382 4379
11241 4372 4382 4399 4369
11242 4393 4379 4382 4380
11243 4383 4379 4382 4373
11244 4380 4379 4382 4383
11245 4380 4381 4382 4402
11246 4383 4381 4382 4380
11247 1843 1990 1856 1840
11248 4383 4386 4382 4381
11249 4402 4381 4382 4386
11250 10921 10827 10833 10929
11251 10928 10927 10930 10932
11252 2421 2441 2428 2418
11253 10932 10927 10936 10931
11254 7237 7230 7235 7231
11255 2453 2440 2439 2435
11256 2453 2448 2454 2435
11257 2429 2432 2431 2258
11258 2430 2432 2431 2429
11259 10927 10926 10928 10924
11260 10827 10817 10833 10848
11261 10848 10817 10833 10824
11262 2433 2435 2438 2434
11263 2433 2437 2438 2435
11264 2439 2435 2438 2453
11265 2437 2453 2438 2435
11266 5496 5493 5495 5491
11267 2446 2444 2445 2451
11268 7802 7729 7791 7723
11269 7606 7614 7604 7609
11270 10938 10824 10833 10817
11271 10001 9987 9986 9996
11272 2453 2447 2413 2448
11273 7834 7717 7829 7835
11274 10846 10817 10921 10827
11275 10939 10932 10942 10936
11276 7615 7616 7607 7614
11277 2476 2474 2471 2461
11278 2428 2447 2445 2443
11279 2451 2443 2445 2447
11280 2428 2432 2445 2447
11281 2451 2442 2445 2443
11282 2444 2442 2445 2451
11283 2419 2432 2445 2428
11284 2428 2418 2445 2419
11285 2419 2418 2445 2427
11286 2442 2444 2445 2441
11287 2441 2443 2428 2445
11288 2428 2441 2445 2418
11289 2444 2418 2445 2441
11290 5391 5402 5384 5403
11291 2445 2420 2432 2419
11292 10013 10016 10014 10009
11293 9986 10025 10030 9980
11294 7791 7797 7802 7723
11295 7830 7810 7824 7823
11296 10899 10903 10922 10919
11297 7604 7609 7603 7606
11298 10825 10817 10938 10818
11299 10000 9993 9995 10017
11300 10833 10939 10938 10929
11301 10925 10924 10926 10923
11302 10924 10929 10926 10921
11303 10920 10921 10926 10929
11304 10924 10921 10926 10920
11305 7605 7606 7603 7609
11306 7831 7823 7824 7834
11307 10927 10929 10932 10926
11308 10927 10926 10932 10928
11309 10932 10934 10936 10939
11310 10921 10927 10924 10929
11311 10934 10929 10932 10931
11312 10938 10934 10932 10939
11313 10938 10929 10932 10934
11314 10939 10929 10932 10938
11315 7709 7829 7707 7717
11316 10932 10931 10936 10934
11317 10927 10931 10935 10936
11318 7585 7592 7589 7587
11319 7713 7712 7709 7702
11320 7722 7730 7724 7731
11321 7712 7700 7702 7704
11322 10943 10936 10942 10932
11323 10936 10932 10935 10927
11324 10015 10018 10016 10011
11325 7610 7614 7611 7615
11326 10858 10870 10862 10865
11327 7576 7557 7564 7570
11328 9867 9871 10015 10011
11329 10930 10927 10935 10932
11330 7714 7710 7711 7709
11331 7730 7722 7724 7720
11332 10942 10940 10943 10932
11333 10016 10007 10012 10008
11334 7712 7703 7710 7699
11335 9986 9988 10032 9982
11336 7697 7698 7702 7704
11337 7717 7714 7709 7715
11338 7713 7715 7709 7712
11339 7704 7705 7702 7712
11340 10017 10011 10015 9871
11341 7717 7715 7709 7718
11342 7743 7720 7744 7736
11343 10798 10794 10799 10797
11344 7696 7698 7695 7697
11345 9944 9952 9950 9942
11346 7587 7602 7599 7592
11347 7818 7810 7819 7830
11348 7797 7801 7822 7800
11349 7626 7614 7625 7607
11350 10015 10011 10016 10007
11351 7832 7834 7829 7835
11352 7737 7743 7744 7736
11353 10015 10007 10016 10009
11354 7832 7831 7829 7834
11355 1307 1337 1293 1291
11356 7701 7702 7695 7696
11357 7738 7694 7740 7741
11358 9998 10005 9997 10003
11359 7830 7823 7809 7810
11360 6851 6892 6852 6858
11361 10007 9867 10015 10011
11362 7564 7557 7560 7552
11363 10009 10010 10016 10014
11364 9954 9971 9955 9961
11365 7738 7613 7739 7605
11366 7536 7520 7521 7531
11367 9867 10011 10007 9864
11368 7704 7697 7695 7702
11369 10030 10032 10031 10025
11370 7572 7636 7575 7573
11371 7723 7722 7732 7729
11372 7610 7609 7611 7614
11373 7605 7609 7610 7606
11374 9986 9980 9996 9987
11375 10017 10001 10018 9995
11376 8166 8093 8094 8161
11377 7830 7818 7809 7816
11378 7832 7831 7830 7829
11379 7830 7820 7821 7819
11380 9302 9297 9301 9300
11381 7820 7831 7818 7830
11382 10002 9888 9999 9993
11383 7829 7709 7707 7708
11384 7707 7829 7827 7717
11385 7831 7834 7830 7829
11386 7708 7829 7827 7707
11387 7810 7830 7811 7819
11388 7639 7637 7635 7638
11389 7479 8485 8479 8477
11390 7576 7567 7574 7575
11391 7827 7830 7828 7824
11392 9876 9993 10017 9871
11393 4245 4230 4246 4239
11394 10004 9291 9121 10006
11395 10007 10009 10015 9867
11396 7697 7613 7694 7610
11397 7694 7703 7693 7740
11398 7613 7614 7610 7615
11399 7619 7620 7618 7639
11400 10030 10024 10012 9980
11401 9977 9864 9969 10011
11402 7140 7137 7144 7138
11403 7704 7700 7695 7693
11404 7601 7609 7622 7600
11405 9987 9980 9996 9983
11406 7589 7585 7600 7592
11407 7732 7723 7802 7725
11408 2959 2974 2969 2989
11409 10030 9980 9996 9986
11410 7559 7532 7527 7535
11411 7487 7490 7507 7488
11412 578 576 575 577
11413 9975 9933 9967 9935
11414 7524 7532 7643 7530
11415 4177 4182 4172 4165
11416 7811 7819 7815 7810
11417 7602 7592 7601 7595
11418 11267 11269 11261 11265
11419 1346 1337 1294 1345
11420 7709 7706 7710 7711
11421 7709 7712 7710 7706
11422 7717 7711 7716 7709
11423 7830 7810 7809 7818
11424 7712 7699 7710 7706
11425 7703 7740 7742 7699
11426 7738 7733 7605 7739
11427 10030 10016 10018 10012
11428 7816 7820 7817 7812
11429 10010 10009 10016 10007
11430 10498 10526 10527 10488
11431 7730 7720 7724 7742
11432 8910 8912 8909 8939
11433 7723 7725 7732 7722
11434 7542 7555 7563 7562
11435 7588 7600 7640 7589
11436 7696 7614 7695 7611
11437 7735 7741 7739 7734
11438 7739 7733 7735 7734
11439 10856 10863 10858 10864
11440 7737 7736 7741 7734
11441 7807 7817 7808 7801
11442 10656 10665 10664 10669
11443 7732 7725 7724 7722
11444 7732 7722 7724 7731
11445 10020 10023 10019 10028
11446 7640 7588 7617 7600
11447 7730 7743 7726 7720
11448 7797 7802 7822 7801
11449 7833 7801 7812 7822
11450 7834 7833 7826 7829
11451 10008 10022 9970 10012
11452 9985 9980 9982 9987
11453 1294 1292 1293 1337
11454 3615 3593 3591 3624
11455 10012 10018 9996 10011
11456 9981 10025 9982 9980
11457 10029 10026 10028 10020
11458 7799 7807 7798 7804
11459 10012 9980 9996 10030
11460 7696 7697 7695 7614
11461 10341 10344 10343 10338
11462 7716 7725 7724 7732
11463 4950 4921 4919 4915
11464 10028 10024 10012 10030
11465 9964 9966 10024 9979
11466 9268 9292 9296 9267
11467 9295 9116 9108 9292
11468 10010 10028 10026 10020
11469 9457 9454 9456 9453
11470 10189 10199 10196 10195
11471 7544 7547 7545 7538
11472 9987 9983 9985 9980
11473 10030 10025 10023 10024
11474 10030 10024 10023 10028
11475 10030 10032 10025 9986
11476 9953 9950 9951 9944
11477 10018 9986 10030 9996
11478 10025 10032 9982 9986
11479 9300 9258 9272 9264
11480 9272 9258 9278 9264
11481 9297 9269 9272 9258
11482 9291 9292 9294 9293
11483 34 16 23 32
11484 9273 9277 9276 9265
11485 9940 10011 9871 9864
11486 10018 10011 9995 9996
11487 10003 9987 9996 9998
11488 10023 10025 10022 10024
11489 10016 10010 10008 10028
11490 10023 10024 10022 10028
11491 10028 10016 10012 10022
11492 7820 7812 7818 7831
11493 10022 10025 9966 10024
11494 10199 9951 10195 10189
11495 9967 9976 9946 9975
11496 10016 10007 10008 10010
11497 9974 10023 10022 10019
11498 10020 10021 10019 10023
11499 9981 10024 9966 10025
11500 10016 10011 10012 10007
11501 10020 10028 10008 10010
11502 10019 10028 10008 10020
11503 4023 3937 4086 3841
11504 10019 10022 10008 10028
11505 10016 10028 10008 10022
11506 7603 7609 7602 7605
11507 7568 7589 7587 7581
11508 1869 1824 1892 1865
11509 10030 10018 9996 10012
11510 7603 7605 7602 7597
11511 10019 10022 9970 10008
11512 7716 7706 7826 7717
11513 7571 7564 7574 7576
11514 9968 9978 9967 9970
11515 1799 1803 1800 1796
11516 9966 10024 9979 10022
11517 7829 7833 7826 7716
11518 7602 7733 7738 7599
11519 7844 7764 7846 7840
11520 9993 10002 9995 9997
11521 7611 7614 7627 7628
11522 10002 9994 9997 9993
11523 10012 10022 9979 10024
11524 9970 10022 9979 10012
11525 10012 9978 9979 9970
11526 1279 1323 1299 1321
11527 8537 8510 8503 8524
11528 9979 9970 9972 10022
11529 10019 10022 9972 9970
11530 7444 7430 7442 7435
11531 9974 10022 9972 10019
11532 1272 1265 1243 1235
11533 7592 7595 7602 7599
11534 7493 7492 7509 7495
11535 9976 9961 9954 9953
11536 7602 7733 7605 7738
11537 7742 7706 7724 7710
11538 7710 7730 7724 7742
11539 9975 9935 9967 9977
11540 10017 9871 9995 10011
11541 10017 9993 9995 9871
11542 1310 1306 1307 1309
11543 10189 10191 10196 10199
11544 9955 9961 9958 9954
11545 7831 7834 7824 7830
11546 9977 9939 9975 9935
11547 9971 9961 9954 9968
11548 9979 9972 9968 9971
11549 9979 9970 9968 9972
11550 9978 9970 9968 9979
11551 9935 9864 9977 9940
11552 9946 9953 9954 9944
11553 9962 9958 9963 9961
11554 9964 9976 9962 9961
11555 9979 9976 9978 9964
11556 4127 4131 4066 4122
11557 9970 9978 9969 10012
11558 9975 9978 9977 9967
11559 9978 9968 9967 9976
11560 7704 7703 7693 7694
11561 7694 7697 7693 7704
11562 7699 7740 7693 7703
11563 9189 9190 9196 9187
11564 4696 4702 4727 4694
11565 10012 10008 9969 9970
11566 10012 10007 9969 10008
11567 9997 10002 9995 10003
11568 10001 10018 9995 9996
11569 5795 5797 5796 5788
11570 10003 10001 9995 9996
11571 10003 10000 10002 9995
11572 9997 10003 9995 9998
11573 9996 9998 9995 10003
11574 7693 7738 7610 7694
11575 7724 7706 7826 7716
11576 7694 7697 7610 7693
11577 7563 7555 7559 7560
11578 9949 9951 9950 9943
11579 7717 7829 7826 7716
11580 7822 7725 7826 7833
11581 7739 7694 7613 7738
11582 7734 7740 7736 7741
11583 9948 9941 9950 9942
11584 7834 7823 7826 7833
11585 7833 7823 7826 7822
11586 10196 10200 10197 10195
11587 9946 9976 9954 9953
11588 9923 9925 9910 9920
11589 8479 8485 8480 8477
11590 10342 10338 10341 10336
11591 7711 7706 7724 7716
11592 7711 7730 7731 7724
11593 7710 7706 7724 7711
11594 7571 7532 7643 7558
11595 7636 7629 7572 7646
11596 2407 2411 2409 2425
11597 7518 7517 7511 7519
11598 7589 7592 7600 7602
11599 7570 7564 7576 7567
11600 10774 10782 10763 10775
11601 7589 7585 7588 7600
11602 7640 7637 7630 7635
11603 2558 2909 2910 2902
11604 5369 5374 5368 5375
11605 7695 7610 7611 7697
11606 7501 7507 7503 7504
11607 10663 10607 10667 10611
11608 11115 11019 11114 11017
11609 11033 11006 10947 10954
11610 7698 7697 7696 7614
11611 7589 7581 7575 7573
11612 7697 7615 7611 7614
11613 7610 7615 7611 7697
11614 8508 8509 8499 8494
11615 7641 7621 7639 7642
11616 7696 7702 7695 7698
11617 7644 7650 7645 7530
11618 8537 8510 8507 8503
11619 7621 7642 7641 7627
11620 7622 7617 7621 7623
11621 7622 7609 7621 7617
11622 7830 7823 7824 7831
11623 7707 7717 7827 7706
11624 7617 7619 7641 7621
11625 3736 3734 2914 3738
11626 7641 7619 7639 7621
11627 7519 7517 7511 7520
11628 7701 7702 7707 7700
11629 7709 7702 7707 7701
11630 7712 7700 7707 7702
11631 7709 7706 7707 7712
11632 7709 7712 7707 7702
11633 7699 7700 7707 7712
11634 7712 7706 7707 7699
11635 7826 7706 7827 7717
11636 7824 7823 7827 7834
11637 7826 7834 7827 7823
11638 7827 7829 7828 7830
11639 7708 7829 7828 7827
11640 2468 2504 2497 2499
11641 7828 7830 7825 7824
11642 7652 7650 7653 7654
11643 7824 7830 7811 7810
11644 7825 7830 7811 7824
11645 10873 10890 10871 10872
11646 7643 7646 7647 7650
11647 7619 7620 7639 7621
11648 10944 11030 11055 11054
11649 7641 7640 7635 7639
11650 10948 10980 10947 10974
11651 7604 7614 7627 7609
11652 7625 7614 7627 7604
11653 7494 7523 7509 7495
11654 7621 7622 7627 7609
11655 7623 7622 7627 7621
11656 7622 7604 7627 7609
11657 7622 7625 7623 7627
11658 7652 7635 7651 7650
11659 7643 7530 7644 7524
11660 7809 7810 7814 7818
11661 7813 7818 7816 7809
11662 9952 9948 9950 9942
11663 7638 7634 7633 7635
11664 7639 7619 7638 7618
11665 7634 7639 7635 7638
11666 7639 7637 7638 7619
11667 7619 7617 7639 7637
11668 7641 7617 7639 7619
11669 7640 7617 7639 7641
11670 7640 7637 7639 7617
11671 7648 7644 7647 7650
11672 10886 10884 10857 10888
11673 7632 7635 7631 7634
11674 7635 7637 7630 7638
11675 7643 7650 7647 7644
11676 8508 8494 8505 8486
11677 7552 7557 7560 7555
11678 7642 7641 7635 7639
11679 7646 7651 7647 7653
11680 7618 7639 7634 7638
11681 10795 10784 10799 10794
11682 10957 10958 10967 10965
11683 7646 7650 7649 7653
11684 9968 9976 9946 9967
11685 7642 7635 7651 7652
11686 7642 7641 7651 7635
11687 10187 10173 10184 10172
11688 7528 7531 7516 7515
11689 7490 7489 7486 7485
11690 7650 7532 7533 7530
11691 10193 10199 10189 9945
11692 10592 10230 10245 10589
11693 7576 7568 7570 7567
11694 7651 7635 7636 7646
11695 7522 7521 7519 7523
11696 7559 7563 7543 7555
11697 7558 7524 7527 7532
11698 7559 7535 7527 7514
11699 7534 7654 7533 7650
11700 10969 11027 10945 10973
11701 8474 8481 8504 8476
11702 8262 8263 8264 8258
11703 7651 7650 7653 7652
11704 7533 7654 7653 7650
11705 7627 7640 7641 7621
11706 7581 7565 7575 7573
11707 7653 7651 7647 7650
11708 7520 7514 7515 7531
11709 7576 7564 7574 7567
11710 7489 7510 7484 7485
11711 9954 9953 9945 9944
11712 7632 7635 7648 7631
11713 7588 7637 7573 7640
11714 7630 7640 7573 7637
11715 7576 7649 7574 7571
11716 7573 7565 7575 7572
11717 7568 7567 7575 7565
11718 5091 5093 5092 5085
11719 7539 7549 7499 7477
11720 7636 7653 7651 7646
11721 7557 7563 7560 7555
11722 7563 7545 7548 7542
11723 7640 7575 7636 7573
11724 9951 9944 9945 9953
11725 9952 9942 9946 9933
11726 7571 7649 7574 7646
11727 11075 10969 10945 11084
11728 8514 8521 8503 8515
11729 9945 10199 10189 9951
11730 9968 9976 9954 9946
11731 9975 9933 9946 9967
11732 9952 9933 9946 9975
11733 7509 7488 7507 7492
11734 10196 10211 10215 10190
11735 10200 9960 10199 10201
11736 7542 7555 7543 7563
11737 11118 11040 11110 11119
11738 9271 9267 9277 9268
11739 10170 10177 10164 10187
11740 9196 9191 9198 9192
11741 9958 10194 9956 10193
11742 10211 10190 10196 10191
11743 10197 10201 10196 10198
11744 2611 2546 2553 2701
11745 8428 8434 8424 8548
11746 9954 9961 9958 9953
11747 9958 9962 9959 9953
11748 9955 9956 10193 9958
11749 10946 11032 11029 10944
11750 9958 9955 9945 10193
11751 10194 10191 10193 10199
11752 9943 9941 9949 10213
11753 9958 9954 9945 9955
11754 10167 10168 10169 10183
11755 10199 9958 9945 10193
11756 10193 10191 10189 10199
11757 9953 9954 9945 9958
11758 10200 9960 9959 10199
11759 10215 10186 10181 10185
11760 9949 10146 10213 9941
11761 10149 10146 10147 10140
11762 9947 9950 9948 9941
11763 9184 9180 9175 9181
11764 10189 10214 10210 9943
11765 9958 9951 9953 9959
11766 7129 6946 7131 7133
11767 10211 10191 10196 10189
11768 9900 9858 9851 9857
11769 10215 10190 10206 10212
11770 7477 7483 7475 7474
11771 10182 10172 10169 10167
11772 10215 10186 10185 10196
11773 10148 10136 10131 10130
11774 1583 1554 1553 1582
11775 9212 9208 9211 9210
11776 11410 11446 11409 11439
11777 10179 10187 10181 10182
11778 7479 8485 8477 8484
11779 10215 10196 10214 10211
11780 10206 10215 10178 10205
11781 9201 10176 9209 9208
11782 10202 10056 10203 10048
11783 8258 8263 8264 8259
11784 10197 10214 10185 10196
11785 9951 9958 9945 10199
11786 10184 10172 10169 10182
11787 9210 9192 9198 9194
11788 9207 9206 9210 9169
11789 9275 9250 9265 9251
11790 9191 9189 9196 9195
11791 9175 9168 9166 9180
11792 10198 10185 10186 10196
11793 10185 10196 10214 10215
11794 10196 10189 10214 10211
11795 9943 10213 10210 10144
11796 8442 8482 8478 8473
11797 7536 7534 7531 7537
11798 8433 8438 8473 8444
11799 10215 10211 10205 10190
11800 10196 10195 10214 10189
11801 8474 8476 8504 8501
11802 7484 7483 7475 7477
11803 10214 10213 10210 9943
11804 5283 5297 5282 5292
11805 9950 9941 9943 9944
11806 7538 7547 7539 7477
11807 9950 9944 9943 9951
11808 11102 11118 11110 11105
11809 9951 9945 9943 10189
11810 9951 9944 9943 9945
11811 7474 7483 7475 7481
11812 8212 8260 8210 8208
11813 9197 9191 9195 9153
11814 9951 10189 9943 10195
11815 8500 8474 8504 8501
11816 10195 10189 9943 10214
11817 4815 4811 4814 4810
11818 10189 10211 10210 10214
11819 10046 10037 10208 10045
11820 10165 10141 10163 10150
11821 10938 10822 10934 10941
11822 9829 9820 9818 9824
11823 11111 11040 11110 11102
11824 10144 10213 10159 10146
11825 1525 1484 1520 1485
11826 8417 8411 8416 8409
11827 10210 10213 10159 10144
11828 9091 9085 9371 9372
11829 10159 10158 10209 10204
11830 7552 7560 7571 7558
11831 7552 7564 7571 7560
11832 7558 7560 7571 7532
11833 7576 7560 7571 7564
11834 11101 11102 11107 11109
11835 7649 7560 7532 7571
11836 7650 7534 7531 7533
11837 7535 7543 7517 7514
11838 7559 7535 7514 7543
11839 7575 7565 7574 7572
11840 7572 7636 7574 7575
11841 7572 7646 7574 7636
11842 7649 7575 7576 7574
11843 7636 7646 7574 7649
11844 7535 7560 7563 7559
11845 7558 7532 7559 7560
11846 7560 7552 7559 7558
11847 7560 7555 7559 7552
11848 8498 8494 8499 8495
11849 7501 7506 7507 7502
11850 7533 7534 7531 7536
11851 7519 7516 7512 7513
11852 7530 7525 7526 7645
11853 7558 7532 7643 7524
11854 8508 8494 8499 8498
11855 7571 7646 7643 7649
11856 7649 7532 7643 7571
11857 10951 10945 11125 11027
11858 8508 8502 8505 8503
11859 11039 11036 11046 11045
11860 7531 7537 7521 7536
11861 7519 7522 7509 7518
11862 7531 7514 7515 7527
11863 7648 7650 7645 7644
11864 7530 7525 7645 7644
11865 8492 7496 7491 7488
11866 7653 7650 7647 7646
11867 7651 7635 7647 7650
11868 10179 10182 10181 10183
11869 7648 7650 7647 7635
11870 7648 7635 7647 7631
11871 7635 7629 7647 7631
11872 7635 7646 7647 7629
11873 7493 7488 7509 7492
11874 7515 7531 7519 7520
11875 7520 7531 7519 7521
11876 7514 7517 7531 7520
11877 7497 7492 7496 7488
11878 7517 7514 7531 7535
11879 7509 7492 7507 7494
11880 7533 7530 7531 7650
11881 7527 7535 7531 7514
11882 7531 7527 7515 7528
11883 10183 10180 10181 10179
11884 7533 7532 7531 7530
11885 7527 7530 7531 7532
11886 7527 7532 7531 7535
11887 7532 7536 7533 7531
11888 8283 8281 8289 8277
11889 8516 8517 8519 8520
11890 7519 7515 7512 7516
11891 7931 7927 7962 7933
11892 7530 7529 7528 7531
11893 7530 7525 7528 7529
11894 7527 7530 7528 7531
11895 7524 7530 7528 7527
11896 7524 7525 7528 7530
11897 8491 7491 7486 7487
11898 7528 7529 7516 7531
11899 8336 8343 8340 8341
11900 7494 7518 7510 7509
11901 7519 7523 7509 7522
11902 10882 10890 10888 10889
11903 7521 7522 7519 7520
11904 10885 10889 10887 5250
11905 5228 5230 5229 5231
11906 7519 7520 7512 7515
11907 7517 7522 7520 7519
11908 10774 10791 10763 10770
11909 10946 10952 10954 10953
11910 7530 7529 7526 7525
11911 7505 8493 7487 7488
11912 8528 8541 8506 8536
11913 8486 8502 8505 8508
11914 10165 10150 10163 10171
11915 10797 10963 10965 10961
11916 5236 10992 5231 10991
11917 10862 10856 10864 10761
11918 5304 5290 5308 5293
11919 10886 10884 10888 10885
11920 10866 5251 10887 10889
11921 5258 5254 5256 5259
11922 10770 10796 10769 10772
11923 11084 10964 11085 11083
11924 10789 10796 10791 10794
11925 5266 5275 5265 5273
11926 5162 5156 5151 5167
11927 10970 10978 10979 10980
11928 10967 10981 10968 10979
11929 10876 10875 10877 10871
11930 10950 10944 10946 11029
11931 10781 10780 10779 10786
11932 2492 2478 2491 2493
11933 2068 2079 2086 2074
11934 11083 10978 10969 11084
11935 4893 4908 4906 4899
11936 10881 10882 5247 10880
11937 2492 2478 2477 2491
11938 10908 10877 10907 10909
11939 2359 2313 2318 2312
11940 10871 10872 10868 10878
11941 5243 5248 5240 5245
11942 2350 2352 2353 2284
11943 5730 3545 5731 3542
11944 10906 10907 10874 10877
11945 5247 5233 5239 5238
11946 5239 5240 5235 5233
11947 5260 5257 5239 5262
11948 2356 2305 2353 2311
11949 2477 2480 2479 2475
11950 2322 2323 2320 2334
11951 2363 2358 2317 2318
11952 10873 10872 10877 10878
11953 10877 10878 10914 10879
11954 10888 10889 10886 10885
11955 10879 10873 10877 10878
11956 2225 2230 2227 2221
11957 5539 5533 5534 5529
11958 2362 2352 2353 2350
11959 5611 5613 5612 5604
11960 2318 2362 2358 2316
11961 1757 1759 1764 1758
11962 5250 10889 10887 5251
11963 2312 2313 2320 2322
11964 4434 4437 4883 4441
11965 10770 10766 10773 10772
11966 10887 10889 10886 10890
11967 10888 10890 10886 10889
11968 10888 10890 10871 10886
11969 10876 10871 10868 10875
11970 10783 10794 10799 10784
11971 2315 2333 2322 2327
11972 4878 4879 4876 4881
11973 2521 2523 2532 2529
11974 10961 10966 10797 10798
11975 10967 10978 10980 10979
11976 10906 10909 10912 10894
11977 10911 10877 10874 10865
11978 10904 10895 10900 10901
11979 10960 10790 10793 10794
11980 10873 10891 10871 10890
11981 10793 10778 10783 10777
11982 10720 10860 10910 10715
11983 10887 10886 10868 10871
11984 10870 10861 10888 10857
11985 8055 8117 8113 8110
11986 10975 10964 10967 10979
11987 5233 5196 5232 5195
11988 10976 10958 10967 10957
11989 10963 10967 10965 10957
11990 10790 10789 10797 10961
11991 10977 10959 10961 10958
11992 10790 10957 10961 10958
11993 10965 10958 10961 10957
11994 10967 10979 10961 10958
11995 10965 10979 10961 10967
11996 10967 10958 10961 10965
11997 10979 10976 10961 10958
11998 10977 10976 10961 10979
11999 10977 10958 10961 10976
12000 10790 10789 10961 10957
12001 10789 10796 10961 10963
12002 10965 10957 10961 10963
12003 10789 10963 10961 10957
12004 5231 10992 10986 10991
12005 10869 10871 10868 10876
12006 10872 10888 10890 10871
12007 10870 10888 10871 10886
12008 10871 10872 10877 10873
12009 10871 10878 10877 10872
12010 10902 10903 10901 10897
12011 10794 10790 10792 10789
12012 2415 2405 2402 2527
12013 10794 10784 10783 10795
12014 10961 10965 10797 10966
12015 11083 11079 11085 11084
12016 10779 10783 10776 10787
12017 10794 10796 10797 10789
12018 2348 2352 2362 2350
12019 10909 10877 10907 10913
12020 10917 10912 10894 10901
12021 10848 10735 10847 10842
12022 10867 10865 10874 10878
12023 10875 10878 10874 10877
12024 10915 10916 10901 10909
12025 10909 10917 10908 10918
12026 10844 10722 10842 10847
12027 10783 10780 10779 10777
12028 10877 10913 10909 10914
12029 10827 10844 10900 10895
12030 10866 10887 10868 10871
12031 2362 2350 2353 2351
12032 10917 10912 10909 10894
12033 10910 10860 10905 10715
12034 10877 10878 10874 10865
12035 10795 10794 10799 10800
12036 10913 10878 10914 10877
12037 10916 10914 10909 10913
12038 10848 10851 10764 10841
12039 10898 10897 10909 10917
12040 10893 10895 10894 10900
12041 5054 5063 5062 5047
12042 10906 10913 10911 10909
12043 2464 2461 2463 2462
12044 10886 10870 10867 10871
12045 10792 10794 10783 10793
12046 5388 5373 5382 5372
12047 10906 10909 10911 10912
12048 10793 10777 10783 10792
12049 10877 10871 10868 10878
12050 10875 10871 10868 10877
12051 10877 10878 10868 10875
12052 10871 10870 10867 10872
12053 10868 10872 10867 10878
12054 10778 10780 10783 10777
12055 10787 10788 10783 10784
12056 10786 10788 10783 10787
12057 10904 10897 10901 10903
12058 10902 10898 10901 10909
12059 10904 10903 10901 10902
12060 10787 10782 10784 10783
12061 10775 10799 10791 10774
12062 4434 4418 4883 4437
12063 10800 10794 10799 10798
12064 10894 10892 10893 10900
12065 10905 10715 10892 10910
12066 10893 10721 10722 10847
12067 10909 10897 10901 10917
12068 10392 10375 10393 10391
12069 10909 10916 10901 10902
12070 10894 10897 10917 10901
12071 10785 10827 10776 10786
12072 10911 10906 10863 10874
12073 10783 10784 10799 10777
12074 10783 10777 10799 10792
12075 9100 9119 9070 9110
12076 10877 10913 10911 10906
12077 10792 10794 10791 10799
12078 10785 10787 10776 10783
12079 10783 10787 10779 10786
12080 10763 10762 10771 10773
12081 10772 10765 10770 10766
12082 10907 10913 10906 10909
12083 10907 10877 10906 10913
12084 10770 10791 10769 10796
12085 10878 10872 10867 10870
12086 10909 10917 10906 10907
12087 10909 10894 10906 10917
12088 10763 10762 10773 10770
12089 10774 10794 10791 10796
12090 10901 10895 10900 10894
12091 10904 10827 10900 10895
12092 10912 10917 10909 10915
12093 10875 10877 10874 10907
12094 10774 10799 10791 10794
12095 10860 10718 10864 10856
12096 10779 10787 10776 10786
12097 10785 10786 10776 10787
12098 10786 10904 10776 10779
12099 10786 10827 10776 10904
12100 10911 10906 10874 10877
12101 5250 5247 10885 10882
12102 10764 10762 10771 10763
12103 10913 10865 10878 10877
12104 2338 2342 2344 2348
12105 10910 10911 10905 10863
12106 10912 10894 10905 10906
12107 10777 10792 10775 10799
12108 10785 10771 10782 10764
12109 10841 10762 10771 10764
12110 8769 8771 8770 8764
12111 10776 10779 10775 10783
12112 10777 10783 10775 10779
12113 10783 10784 10775 10782
12114 10777 10784 10775 10783
12115 10799 10782 10774 10775
12116 10799 10784 10775 10777
12117 5397 5404 5400 5395
12118 10772 11080 10962 10765
12119 10956 11078 11085 11083
12120 7576 7557 7560 7564
12121 10910 10912 10892 10905
12122 10848 10842 10847 10844
12123 10858 10857 10862 10870
12124 10900 10827 10847 10844
12125 10867 10870 10858 10865
12126 10763 10782 10771 10764
12127 10775 10782 10763 10776
12128 10771 10774 10782 10763
12129 10791 10796 10770 10774
12130 10867 10857 10858 10870
12131 10772 10774 10773 10770
12132 2523 2525 2527 2533
12133 3343 3349 3344 3346
12134 10912 10906 10905 10911
12135 2531 2423 2398 2525
12136 5392 5405 5388 5389
12137 10785 10851 10764 10848
12138 2342 2343 2349 2347
12139 10763 10782 10764 10776
12140 10827 10785 10764 10848
12141 10776 10785 10764 10827
12142 11277 11289 11287 11273
12143 10776 10782 10764 10785
12144 4522 4481 4542 4544
12145 10894 10892 10905 10893
12146 10892 10900 10847 10893
12147 4097 4099 4013 4096
12148 10720 10892 10721 10715
12149 10766 10762 10773 10768
12150 10770 10762 10773 10766
12151 10841 10849 10771 10762
12152 10857 10855 10861 10854
12153 10964 10962 11085 10956
12154 11085 11080 11082 11078
12155 10956 10962 10769 10963
12156 10789 10796 10769 10791
12157 2506 2521 2470 2532
12158 10956 11078 10769 10962
12159 10861 10857 10862 10855
12160 10963 10796 10769 10789
12161 11081 11074 11075 11079
12162 1777 1814 1810 1813
12163 10772 10765 10769 10770
12164 10956 10962 11085 11078
12165 10442 10448 10443 10438
12166 11126 11193 11130 11145
12167 10963 10957 10956 10964
12168 10975 10964 10956 10957
12169 11083 10964 10956 10975
12170 10856 10855 10862 10858
12171 10856 10761 10862 10855
12172 10862 10859 10861 10855
12173 10718 10761 10864 10856
12174 2476 2472 2471 2475
12175 4909 4860 4900 4849
12176 2262 2269 2261 2336
12177 2232 2241 2243 2246
12178 4734 4756 4750 4738
12179 2462 2532 2461 2526
12180 2342 2346 2348 2338
12181 2360 2358 2354 2351
12182 2352 2338 2350 2348
12183 5557 2272 2284 2283
12184 5559 2272 2284 5557
12185 2263 2230 2227 2225
12186 2423 2525 2415 2395
12187 2211 2215 2328 2343
12188 5372 5374 5368 5369
12189 2211 2225 2325 2226
12190 2343 2215 2328 2347
12191 2395 2424 2415 2423
12192 2320 2322 2318 2321
12193 2395 2418 2415 2424
12194 9886 9862 9885 9882
12195 1672 1474 1467 1595
12196 2343 2347 2328 2349
12197 2326 2312 2329 2322
12198 2485 2482 2469 2491
12199 2221 2225 2226 2227
12200 2325 2331 2226 2225
12201 2346 2349 2347 2342
12202 2460 2456 2459 2463
12203 2463 2456 2459 2455
12204 4883 4434 4875 4418
12205 5557 5812 2284 5559
12206 5557 2283 2284 5812
12207 5822 5811 5821 5380
12208 2284 2283 5824 5812
12209 2406 2403 2404 2407
12210 2463 2455 2459 2458
12211 5819 5811 5822 5815
12212 5376 5390 5381 5388
12213 5396 5406 5394 5809
12214 5380 5816 5821 5390
12215 4441 4432 4911 4905
12216 2264 2269 2260 2270
12217 2415 2419 2402 2425
12218 2228 2230 2227 2263
12219 5821 5391 5822 5380
12220 4910 4901 4903 4904
12221 4908 4901 4903 4910
12222 2316 2324 2329 2349
12223 5806 5809 5808 5801
12224 5801 5806 5402 5815
12225 4424 4426 4883 4418
12226 4444 4451 4449 4453
12227 4452 4451 4449 4442
12228 5816 5811 5821 5814
12229 2223 2230 2227 2228
12230 4451 4454 4452 4449
12231 2226 2215 2328 2211
12232 5388 5386 5381 5382
12233 5380 5811 5821 5816
12234 10934 10821 10822 10818
12235 4426 4441 4883 4437
12236 5372 5376 5381 5382
12237 2349 2343 2324 2328
12238 10024 9978 9964 9979
12239 4449 4453 5396 5803
12240 4441 4439 4911 4432
12241 5384 5380 5391 5385
12242 2227 2219 2226 2221
12243 2423 2525 2527 2415
12244 4433 4432 4441 4434
12245 4433 4440 4441 4432
12246 5407 5404 5400 5397
12247 5816 5812 5823 5824
12248 5812 5814 5823 5820
12249 5559 5823 5820 5812
12250 4437 4433 4441 4434
12251 4440 4442 4443 4435
12252 4442 4435 4441 4437
12253 4435 4433 4441 4437
12254 4435 4440 4441 4433
12255 4449 4454 5396 4453
12256 5812 5816 5823 5814
12257 6703 6697 6701 6695
12258 2325 2328 2324 2343
12259 2423 2533 2527 2525
12260 5824 5816 5375 5823
12261 5818 5814 5821 5811
12262 2225 2263 2259 2227
12263 4874 4905 4883 4882
12264 2463 2457 2460 2456
12265 2325 2330 2326 2331
12266 4424 4428 4886 4885
12267 4437 4418 4883 4426
12268 2271 2260 2261 2269
12269 2405 2423 2527 2415
12270 2405 2533 2462 2527
12271 2263 2228 2260 2227
12272 2262 2271 2261 2269
12273 5376 5388 5381 5382
12274 5234 5232 5226 5233
12275 8681 8746 8745 8672
12276 5388 5383 5382 5373
12277 4432 4902 4911 4905
12278 4432 4439 4911 4902
12279 10380 10383 10810 10372
12280 4902 4904 4911 4905
12281 4902 4910 4911 4904
12282 5822 5811 5384 5815
12283 5380 5811 5384 5822
12284 2348 2316 2349 2344
12285 5395 5394 5403 5385
12286 2335 2330 2334 2332
12287 4452 4454 4405 4449
12288 4442 4452 4405 4449
12289 2332 2326 2330 2334
12290 5405 5385 5386 5395
12291 5407 4410 5400 5404
12292 2405 2462 2458 2527
12293 5397 4410 5400 5407
12294 5393 5388 5376 5377
12295 5384 5822 5391 5380
12296 5395 5406 5397 5404
12297 2325 2324 2329 2326
12298 4858 4869 4855 4859
12299 4883 4905 4875 4434
12300 5821 5375 5390 5816
12301 2271 2269 2262 2254
12302 4884 4886 4880 4872
12303 4410 5397 5400 4406
12304 2458 2403 2459 2406
12305 5401 5404 5398 5400
12306 4866 4862 4864 4861
12307 4874 4905 4882 4904
12308 4911 4904 4882 4905
12309 4909 4870 4867 4865
12310 5396 4454 5397 5406
12311 4410 5406 5397 4454
12312 2406 2462 2405 2466
12313 2328 2331 2226 2325
12314 5391 5402 5822 5384
12315 2407 2425 2402 2419
12316 11264 11270 11259 10883
12317 2458 2527 2402 2405
12318 2261 2259 2335 2265
12319 2265 2263 2260 2259
12320 2265 2269 2260 2263
12321 4427 4883 4885 4424
12322 2225 2263 2330 2259
12323 2259 2331 2330 2225
12324 5407 5404 5389 4413
12325 2405 2425 2402 2407
12326 2256 2407 2402 2419
12327 2256 2403 2402 2407
12328 2326 2330 2334 2331
12329 5394 5384 5403 5385
12330 5391 5385 5403 5384
12331 5404 5406 5403 5395
12332 5402 5406 5809 5394
12333 4870 4872 4884 4866
12334 4883 4911 4882 4905
12335 4434 4441 4883 4905
12336 5395 5394 5397 5406
12337 5396 5406 5397 5394
12338 2406 2410 2467 2466
12339 5369 5380 5381 5390
12340 5406 4410 5397 5407
12341 5407 5404 5397 5406
12342 5393 5392 5376 5388
12343 4405 4410 4406 5397
12344 4405 4426 4406 4411
12345 4408 4410 4406 4411
12346 4411 4426 4406 4427
12347 5397 4454 4405 4410
12348 4452 4426 4405 4411
12349 5396 4454 4405 5397
12350 5396 4449 4405 4454
12351 4410 4454 4405 4414
12352 4414 4452 4454 4405
12353 2466 2462 2464 2463
12354 5403 5385 5405 5395
12355 5403 5395 5405 5404
12356 4411 4427 4406 4408
12357 4405 4411 4406 4414
12358 4410 4414 4406 4411
12359 4405 4414 4406 4410
12360 4424 4420 4878 4421
12361 4875 4420 4878 4424
12362 4406 4410 4407 5400
12363 10381 10351 10394 10391
12364 5403 5392 5405 5385
12365 2490 2492 2062 2488
12366 5390 5378 5369 5375
12367 4868 4871 4870 4865
12368 2465 2476 2463 2464
12369 5368 5374 2306 2304
12370 4406 4408 4407 4410
12371 4410 5404 5401 5400
12372 5405 5404 5389 5407
12373 2269 2265 2332 2333
12374 4867 4908 4909 4903
12375 5374 5377 5378 5376
12376 2326 2324 2329 2312
12377 5388 5374 5376 5377
12378 4878 4875 4881 4874
12379 4886 4885 4881 4424
12380 4878 4424 4881 4875
12381 6664 6659 6653 6679
12382 4875 4883 4881 4874
12383 4424 4883 4881 4875
12384 4885 4883 4881 4424
12385 2404 2406 2459 2403
12386 2311 2358 2356 2354
12387 1741 1773 1768 1765
12388 2260 2265 2261 2269
12389 2269 2265 2333 2266
12390 2467 2463 2406 2466
12391 2314 2358 2361 2360
12392 2259 2265 2261 2260
12393 4856 4858 4857 4854
12394 2458 2403 2406 2402
12395 2407 2405 2406 2402
12396 2405 2409 2425 2407
12397 2405 2458 2406 2402
12398 4620 5494 5466 5459
12399 2328 2349 2329 2324
12400 2314 2358 2360 2313
12401 2334 2336 2322 2323
12402 2335 2331 2334 2330
12403 2333 2336 2335 2332
12404 5387 5388 5382 5386
12405 2330 2265 2335 2259
12406 2315 2327 2322 2313
12407 2314 2315 2322 2313
12408 2313 2358 2322 2314
12409 2261 2269 2335 2336
12410 2265 2269 2335 2261
12411 2269 2265 2335 2332
12412 2332 2336 2335 2269
12413 2464 2467 2466 2463
12414 5374 5379 5378 5377
12415 2334 2327 2322 2332
12416 2305 5375 5368 5374
12417 4860 4861 4849 4865
12418 2351 2284 2350 2353
12419 2305 2283 2304 5824
12420 2320 2313 2318 2322
12421 2470 2455 2471 2461
12422 2333 2332 2322 2327
12423 2326 2327 2322 2334
12424 2326 2312 2322 2327
12425 5368 5374 5370 2306
12426 2318 2358 2317 2319
12427 2491 2475 2469 2485
12428 11485 11471 11472 11479
12429 2334 2331 2322 2326
12430 2335 2336 2322 2334
12431 2335 2333 2322 2336
12432 2335 2332 2322 2333
12433 2334 2332 2322 2335
12434 4848 4856 4847 4857
12435 5390 5392 5391 5388
12436 4884 4886 4885 4880
12437 2316 2312 2329 2324
12438 4881 4874 4876 4878
12439 5386 5395 5398 5405
12440 5400 5404 5398 5395
12441 5388 5404 5386 5387
12442 5405 5404 5398 5386
12443 5405 5395 5398 5404
12444 5405 5404 5386 5388
12445 4868 4857 4858 4855
12446 1931 2046 1926 2048
12447 4854 4858 4857 4855
12448 5261 5249 5240 5248
12449 5392 5405 5386 5388
12450 5392 5385 5386 5405
12451 5388 5385 5386 5392
12452 5374 5388 5372 5373
12453 2305 5374 2304 2309
12454 5398 5401 5399 5404
12455 2316 2312 2320 2329
12456 5386 5404 5399 5387
12457 5398 5404 5399 5386
12458 5369 5376 5381 5372
12459 5168 5219 5106 5212
12460 4881 4874 4880 4876
12461 4886 4880 4881 4885
12462 11093 10499 10497 10491
12463 2309 5374 2308 2310
12464 4867 4884 4882 4866
12465 4882 4885 4883 4880
12466 4883 4874 4880 4881
12467 4883 4882 4880 4874
12468 4885 4883 4880 4881
12469 4845 4859 4854 4846
12470 2036 2010 1393 2156
12471 5388 5374 5372 5376
12472 4880 4882 4873 4874
12473 5388 5385 5381 5386
12474 5376 5388 5382 5372
12475 4880 4874 4873 4876
12476 2321 2323 2320 2322
12477 4882 4866 4873 4867
12478 5369 5390 5381 5376
12479 4880 4884 4866 4882
12480 8285 8253 8286 8257
12481 4867 4903 4873 4904
12482 5380 5390 5369 5816
12483 4880 4876 4863 4877
12484 4867 4904 4873 4882
12485 2529 2533 2531 2523
12486 2326 2331 2329 2325
12487 4866 4880 4873 4863
12488 4866 4882 4873 4880
12489 5378 5376 5369 5372
12490 4904 4910 4867 4903
12491 5374 5375 5369 5378
12492 5390 5378 5376 5369
12493 5375 5816 5369 5390
12494 5375 5824 5369 5816
12495 5376 5374 5372 5378
12496 5391 5385 5381 5388
12497 4869 4855 4865 4868
12498 2309 5374 2310 5379
12499 2298 2287 2278 2305
12500 2287 2292 2279 2301
12501 2307 5374 2308 2306
12502 4830 4827 4893 4889
12503 5378 5374 2309 5379
12504 10378 10812 10383 10807
12505 2309 2310 2308 2311
12506 2783 2812 2782 2816
12507 2312 2322 2320 2329
12508 2322 2331 2329 2326
12509 2356 2351 2353 2305
12510 2363 2357 2317 2358
12511 2363 2351 2353 2356
12512 2305 5378 5375 5374
12513 5824 2284 2305 2283
12514 2463 2455 2476 2456
12515 2344 2312 2359 2316
12516 2324 2349 2316 2344
12517 2305 2283 2278 2304
12518 5120 5157 5160 5114
12519 2308 2306 2300 2307
12520 2078 2089 2071 2083
12521 5559 2277 2276 5586
12522 4374 4377 4367 4375
12523 2279 2287 2285 2292
12524 2290 2291 2294 2296
12525 2316 2312 2318 2320
12526 2360 2358 2318 2313
12527 2316 2359 2318 2312
12528 2316 2358 2318 2359
12529 2360 2359 2318 2358
12530 4860 4867 4865 4909
12531 2351 2354 2356 2363
12532 2318 2358 2319 2322
12533 2318 2322 2319 2321
12534 8745 8739 8735 8741
12535 2311 2297 2356 2357
12536 2293 2290 2286 2288
12537 2316 2344 2362 2359
12538 2351 2358 2362 2359
12539 2359 2358 2362 2316
12540 2484 2491 2490 2483
12541 2479 2465 2476 2480
12542 4816 4812 4808 4809
12543 2354 2358 2363 2351
12544 1933 1935 1934 1932
12545 2354 2355 2311 2358
12546 2309 2355 2311 2354
12547 2081 2089 2088 2082
12548 2474 2476 2471 2475
12549 2363 2354 2356 2358
12550 2476 2473 2457 2472
12551 2296 2311 2295 2308
12552 2311 2309 2356 2305
12553 2354 2305 2351 2356
12554 2477 2480 2475 2478
12555 2354 2309 2356 2311
12556 2351 2359 2362 2350
12557 4864 4866 4861 4863
12558 2318 2362 2363 2358
12559 2359 2344 2362 2350
12560 2348 2350 2362 2344
12561 2472 2473 2485 2475
12562 2304 5824 5368 2305
12563 5375 5824 5368 5369
12564 2305 5824 5368 5375
12565 10884 10853 10854 10861
12566 2476 2456 2471 2472
12567 2476 2455 2471 2456
12568 4863 4866 4860 4873
12569 4867 4903 4860 4873
12570 4860 4863 4861 4866
12571 4873 4866 4860 4867
12572 4856 4831 4842 4836
12573 4848 4855 4857 4849
12574 2299 2306 2300 2308
12575 2460 2406 2463 2459
12576 2291 2290 2295 2296
12577 5256 5273 5255 5271
12578 5372 5374 5371 5370
12579 5372 5373 5371 5374
12580 5365 5130 5364 5126
12581 2304 2309 2308 2305
12582 4866 4860 4865 4861
12583 2287 2301 2279 2305
12584 5690 5687 5688 5682
12585 5370 5374 2307 2306
12586 5371 5374 2307 5370
12587 2722 2725 2716 2723
12588 2311 2305 2308 2309
12589 4845 4859 4858 4854
12590 4860 4866 4865 4867
12591 4743 4745 4744 4747
12592 4855 4852 4848 4850
12593 4867 4866 4865 4870
12594 4855 4865 4849 4852
12595 2284 2272 2278 2283
12596 2296 2311 2303 2295
12597 2301 2311 2302 2305
12598 4847 4848 4836 4856
12599 2069 2067 2070 2075
12600 4812 4796 4804 4816
12601 4861 4862 4852 4865
12602 2285 2292 2280 2279
12603 4865 4868 4855 4909
12604 2060 2063 2062 2059
12605 2046 1920 1917 1921
12606 2308 2299 2290 2291
12607 2483 2490 2056 2073
12608 2485 2491 2483 2482
12609 2296 2297 2303 2311
12610 2311 2297 2303 2356
12611 2296 2308 2295 2291
12612 8430 8434 8433 8426
12613 5244 5243 5242 5240
12614 2472 2475 2469 2471
12615 4837 4850 4839 4854
12616 4855 4852 4849 4848
12617 4899 4827 4893 4833
12618 2308 2290 2298 2287
12619 5256 5254 5255 5259
12620 11018 11119 11115 11027
12621 4909 4865 4849 4855
12622 10419 10432 10421 10417
12623 2290 2288 2293 2294
12624 2288 2289 2294 2290
12625 2482 2483 2073 2490
12626 2491 2482 2490 2483
12627 4801 4803 4798 4799
12628 2356 2302 2303 2311
12629 10950 10952 10946 10944
12630 5582 5586 5578 5585
12631 10758 10756 10752 10748
12632 2488 2482 2073 2490
12633 5782 5710 5711 5706
12634 2040 2048 1926 2046
12635 2483 2484 2056 2490
12636 11574 11542 11572 11537
12637 4852 4853 4850 4855
12638 10213 10195 9949 9943
12639 4768 4732 4730 4761
12640 2059 2055 2057 2054
12641 4854 4855 4848 4850
12642 2474 2506 2468 2470
12643 4816 4796 4808 4812
12644 4836 4856 4837 4842
12645 4814 4801 4815 4813
12646 4855 4909 4857 4849
12647 2468 2481 2497 2504
12648 2279 2305 2278 2287
12649 2292 2295 2301 2287
12650 2295 2311 2301 2308
12651 4909 4860 4849 4865
12652 2485 2475 2469 2472
12653 2308 2306 2298 2299
12654 2308 2304 2298 2306
12655 2287 2305 2298 2308
12656 2303 2311 2301 2295
12657 2292 2293 2287 2286
12658 4835 4834 4842 4805
12659 2308 2311 2301 2305
12660 4849 4848 4847 4857
12661 11148 11286 11292 11293
12662 2279 2272 2278 2284
12663 2308 2299 2298 2290
12664 2305 2304 2298 2308
12665 2279 2305 2281 2284
12666 4774 4772 4745 4808
12667 2279 2284 2278 2305
12668 4893 4891 4830 4889
12669 4900 4857 4847 4833
12670 2286 2293 2287 2290
12671 4854 4855 4857 4848
12672 4848 4856 4857 4854
12673 4833 4909 4908 4900
12674 4742 4797 4805 4834
12675 2295 2290 2287 2293
12676 2308 2295 2287 2301
12677 2308 2290 2287 2295
12678 4731 4740 4823 4733
12679 2504 2506 2499 2468
12680 6339 6334 6336 6298
12681 2059 2054 2057 2056
12682 2279 2285 2273 2280
12683 4833 4827 4847 4900
12684 1974 1967 1968 2067
12685 2279 2280 2273 2274
12686 4850 4854 4837 4848
12687 4849 4857 4847 4900
12688 2305 2282 2284 2353
12689 2083 2078 2073 2071
12690 8332 8333 8336 8337
12691 2083 2488 2073 2078
12692 2282 2305 2281 2302
12693 10883 5247 5232 10880
12694 11264 5232 11259 5192
12695 5166 5169 5168 5161
12696 11298 5197 11264 11283
12697 2474 2504 2489 2468
12698 2281 2284 2276 2274
12699 5236 5233 5234 5231
12700 5243 10889 5240 5244
12701 2274 2284 2276 5559
12702 4823 4829 4828 4825
12703 2089 2487 2082 2083
12704 2274 5580 2276 2275
12705 2471 2474 2468 2470
12706 2469 2474 2468 2471
12707 2040 2049 2047 2041
12708 5245 10889 5240 5243
12709 5243 5241 5240 5248
12710 11005 11007 11002 11004
12711 5194 5196 5257 5195
12712 5240 5233 5239 5247
12713 5256 5273 5271 5274
12714 5223 5217 5222 5195
12715 5113 5133 5108 5116
12716 5212 5215 5106 5211
12717 11286 11285 11293 11228
12718 1960 1962 1969 1954
12719 5232 10883 11259 5238
12720 11297 11305 11300 11298
12721 11042 11046 11107 11036
12722 8428 8434 8432 8424
12723 10986 10993 10987 10990
12724 10970 10978 10969 10975
12725 11010 11009 11011 11020
12726 10974 11028 11006 10971
12727 11094 11090 11131 11086
12728 11297 11298 11300 11264
12729 11012 11003 11022 11021
12730 5250 10889 10882 10885
12731 5247 10883 5232 5238
12732 5238 5233 5232 5247
12733 1425 1330 1454 1324
12734 11130 11145 11150 11151
12735 8491 8500 8479 8492
12736 10970 10973 10969 10978
12737 10979 10970 10971 10976
12738 7477 7549 7499 7484
12739 10883 10880 10881 5247
12740 2502 2511 2500 2496
12741 5192 5232 11259 5238
12742 5235 5240 5242 5243
12743 10979 10976 10971 10977
12744 10980 10970 10971 10979
12745 5168 5169 5163 5161
12746 2493 2490 2491 2492
12747 11003 11004 11001 11002
12748 5260 5261 5262 5240
12749 5248 5261 5260 5240
12750 5259 5261 5262 5260
12751 5274 5254 5271 5256
12752 5266 5182 5183 5184
12753 5233 5243 5241 5240
12754 5244 10889 5245 5243
12755 5246 10891 5245 10889
12756 5244 5246 5245 10889
12757 5242 5237 5231 5235
12758 5242 5235 5231 5263
12759 5248 5250 5245 10882
12760 5240 5260 5235 5262
12761 10890 10889 5245 10891
12762 10944 10952 10953 10949
12763 10971 10980 10974 10970
12764 10978 10970 10974 10980
12765 10978 10973 10974 10970
12766 5243 5248 5245 5241
12767 10882 5241 5245 5248
12768 2492 2488 2491 2489
12769 2062 2493 2490 2063
12770 2469 2482 2489 2491
12771 5235 5233 5256 5262
12772 5194 5252 5253 5257
12773 5195 5196 5257 5233
12774 2058 2054 2044 2055
12775 5271 5273 5269 5267
12776 5245 5250 5240 10889
12777 5248 5250 5240 5245
12778 5250 5251 5240 10889
12779 5248 5251 5240 5250
12780 2468 2469 2489 2474
12781 5247 5241 5240 5233
12782 5248 5241 5240 5247
12783 2468 2481 2489 2469
12784 2504 2481 2489 2468
12785 2469 2475 2489 2474
12786 2491 2475 2489 2469
12787 5256 5252 5253 5274
12788 2491 2477 2492 2489
12789 2489 2481 2488 2482
12790 2489 2477 2474 2475
12791 6275 6273 6269 6208
12792 5255 5273 5272 5271
12793 11006 11028 10947 10954
12794 5233 5195 5253 5257
12795 5271 5254 5255 5256
12796 5269 5264 5265 5182
12797 5239 5233 5262 5257
12798 11006 11033 11032 11028
12799 10974 10972 11006 11007
12800 11033 10974 11006 11007
12801 10888 10884 10857 10861
12802 2398 2424 2401 2395
12803 10991 10994 10986 10993
12804 11004 11005 11001 11002
12805 5229 10984 5227 10986
12806 5252 5254 5256 5258
12807 11000 11002 11026 10999
12808 5275 5273 5256 5274
12809 8042 8037 8032 8027
12810 2074 2076 2086 2068
12811 10946 10952 10953 10944
12812 8360 8336 8366 8345
12813 5236 10992 5237 5231
12814 10974 11028 10947 11006
12815 5270 5273 5182 5269
12816 11545 11544 11546 11533
12817 11004 11007 11002 11006
12818 5258 5259 5256 5262
12819 5235 5262 5256 5263
12820 5263 5275 5256 5274
12821 11002 11033 11032 11006
12822 11069 11071 11072 11073
12823 11003 11006 11004 11002
12824 5235 5237 5231 5236
12825 8896 8890 8888 8891
12826 11069 11061 11062 11065
12827 5252 5274 5256 5254
12828 11058 11051 11053 11048
12829 5263 5233 5256 5235
12830 7747 7938 7871 7864
12831 10989 10993 10991 10986
12832 11001 11003 10987 11004
12833 10990 11004 10993 10987
12834 5174 5176 5173 5172
12835 5174 5182 5183 5177
12836 10986 10989 5231 10991
12837 5234 10991 5236 5231
12838 5164 5169 5163 5170
12839 5257 5252 5256 5258
12840 2076 2078 2089 2071
12841 5272 5273 5270 5271
12842 1932 2048 1926 1928
12843 5268 5274 5253 5252
12844 5257 5195 5253 5194
12845 5176 5169 5167 5162
12846 5221 5207 5210 5190
12847 5257 5252 5253 5256
12848 10989 5234 5227 5231
12849 11070 11066 11054 11056
12850 5268 5273 5253 5274
12851 4924 4467 4465 4458
12852 11025 11002 10998 10999
12853 5268 5254 5271 5274
12854 5271 5273 5268 5274
12855 5274 5263 5228 5253
12856 11030 11032 11026 11031
12857 2052 2061 2060 2058
12858 5263 5233 5253 5256
12859 5256 5274 5253 5263
12860 5262 5257 5253 5256
12861 5262 5233 5253 5257
12862 5256 5233 5253 5262
12863 5583 5578 5586 5558
12864 5253 5273 5267 5264
12865 5268 5273 5267 5253
12866 5270 5273 5269 5271
12867 5215 5212 5106 5219
12868 5267 5273 5269 5264
12869 2050 2053 2049 2051
12870 8330 8335 8336 8331
12871 10982 10988 11298 5226
12872 5285 5286 5201 5206
12873 5162 5172 5151 5156
12874 5231 5235 5228 5263
12875 10986 5231 5227 5229
12876 5230 10986 10985 5229
12877 5147 5157 5114 5146
12878 5231 5235 5229 5228
12879 11003 10998 11022 11024
12880 5228 5263 5225 5253
12881 5228 5235 5225 5263
12882 5253 5233 5225 5195
12883 5225 5227 5224 5233
12884 11029 11032 11024 11030
12885 11283 5197 11264 5190
12886 5253 5195 5193 5194
12887 3348 3359 3300 3314
12888 11555 11550 11554 11553
12889 11029 11028 11024 11032
12890 5174 5183 5176 5171
12891 11002 10999 11025 11026
12892 10983 10989 10982 5226
12893 11069 11549 11062 11061
12894 11001 10997 10987 10996
12895 11001 10999 11000 10996
12896 11544 11560 11546 11533
12897 11026 11032 11025 11002
12898 11002 11003 10998 11001
12899 11030 11032 11025 11026
12900 10055 10054 10058 10052
12901 1997 1991 1993 1992
12902 11070 11047 11056 11052
12903 5168 5170 5163 5169
12904 4738 4742 4741 4734
12905 5232 5195 5224 5233
12906 5225 5233 5224 5195
12907 5161 5169 5163 5164
12908 11032 11006 11025 11002
12909 5226 11307 11298 5232
12910 5227 5235 5225 5229
12911 4996 4490 4582 4482
12912 10983 10989 5226 5227
12913 4780 4752 4745 4753
12914 5226 10989 10982 10988
12915 11003 10990 10995 10987
12916 11003 11013 11021 11012
12917 8285 8255 8257 8242
12918 11001 11003 10998 10995
12919 531 413 411 541
12920 11036 11102 11046 11107
12921 9979 9957 9971 9961
12922 4751 4778 4752 4745
12923 11001 10987 10995 10996
12924 11001 11003 10995 10987
12925 5263 5235 5225 5233
12926 10998 11003 11022 11012
12927 10996 10999 10995 11001
12928 5231 5234 5227 5233
12929 5231 5235 5227 5229
12930 5231 5233 5227 5235
12931 10990 10989 10983 10986
12932 10987 10986 10983 10984
12933 10996 10987 10983 10984
12934 10995 10987 10983 10996
12935 10990 10987 10983 10995
12936 10990 10986 10983 10987
12937 10998 11025 11024 11002
12938 10998 11002 11024 11003
12939 11002 11028 11024 11003
12940 11032 11006 11024 11025
12941 11032 11028 11024 11006
12942 11002 11006 11024 11028
12943 11025 11006 11024 11002
12944 5232 5197 5226 5224
12945 11283 11297 11264 11298
12946 11307 10989 5234 5226
12947 11047 11038 11068 11063
12948 11003 11024 11022 11023
12949 5224 5227 5226 5233
12950 5224 5233 5226 5232
12951 5227 10989 5226 5234
12952 5227 5234 5226 5233
12953 5234 5232 11307 5226
12954 11029 11028 11023 11024
12955 11029 11027 11023 11028
12956 11010 11013 11011 11008
12957 11023 11016 11022 11021
12958 11028 11021 11027 11023
12959 11024 11028 11023 11003
12960 5152 5157 5119 5116
12961 1935 1932 2048 1934
12962 5168 5105 5166 5101
12963 5120 5116 5119 5157
12964 5160 5167 5161 5162
12965 10093 10087 10089 10086
12966 11120 11116 11104 11117
12967 10988 11307 11298 5226
12968 10990 10989 10982 10983
12969 11012 11013 10982 10990
12970 10988 10990 10989 10982
12971 11012 10990 10982 10995
12972 10983 10995 10982 10990
12973 5572 5567 5571 5574
12974 5209 5217 5216 5213
12975 5252 5193 5194 5253
12976 5212 5211 5106 5100
12977 4796 4755 4750 4756
12978 2066 1965 1973 1967
12979 5165 5170 5218 5264
12980 5193 5268 5223 5253
12981 5267 5253 5223 5268
12982 5193 5253 5223 5195
12983 5100 5101 5105 5106
12984 5147 5116 5114 5157
12985 5147 5146 5114 5113
12986 4803 4835 4798 4838
12987 2481 2482 2083 2488
12988 2487 2481 2083 2488
12989 2490 2057 2056 2059
12990 4797 4834 4835 4805
12991 4829 4826 4825 4823
12992 4780 4752 4778 4745
12993 2488 2490 2073 2078
12994 2056 2072 2059 2054
12995 4805 4803 4801 4806
12996 4608 4546 4539 4609
12997 2056 2073 2059 2072
12998 4835 4834 4837 4842
12999 1928 2048 1926 2042
13000 1388 1368 1387 1364
13001 4813 4815 4812 4801
13002 1938 1930 1913 1924
13003 4842 4834 4837 4836
13004 4819 4807 4801 4820
13005 5574 5567 5571 5565
13006 4780 4781 4808 4772
13007 4824 4829 4823 4826
13008 5586 5558 5587 5583
13009 4799 4800 4813 4801
13010 2083 2482 2073 2488
13011 2071 2078 2073 2072
13012 4836 4848 4837 4856
13013 7401 7431 7398 7403
13014 7302 7304 7296 7414
13015 11345 11337 11339 11335
13016 2056 2490 2059 2073
13017 2041 2049 2044 2040
13018 4831 4834 4842 4836
13019 4742 4842 4831 4834
13020 4646 4672 4673 4658
13021 2059 2072 2058 2054
13022 4364 4355 4363 4356
13023 4851 4854 4839 4850
13024 4843 4846 4845 4841
13025 4839 4854 4841 4837
13026 4839 4837 4841 4835
13027 5014 4928 4932 5008
13028 4846 4841 4854 4845
13029 4842 4835 4841 4837
13030 4842 4845 4856 4841
13031 4837 4854 4841 4856
13032 4837 4856 4841 4842
13033 4843 4846 4841 4844
13034 2073 2490 2059 2078
13035 2060 2063 2059 2061
13036 2073 2078 2059 2072
13037 2059 2077 2078 2060
13038 2060 2077 2052 2058
13039 4816 4815 4804 4812
13040 4841 4802 4840 4838
13041 4806 4844 4803 4807
13042 4841 4842 4803 4835
13043 4805 4835 4803 4842
13044 11186 11190 11185 11189
13045 4841 4843 4803 4842
13046 4843 4805 4806 4803
13047 2044 2049 2045 2042
13048 4772 4809 4808 4774
13049 4839 4840 4838 4841
13050 4798 4812 4804 4801
13051 2040 2049 2042 2048
13052 2070 2067 2068 2075
13053 4802 4803 4799 4838
13054 1946 1945 1939 1944
13055 4798 4805 4804 4797
13056 4772 4781 4808 4809
13057 4805 4803 4798 4801
13058 4819 4801 4804 4815
13059 1931 2048 1926 1932
13060 3396 3062 3394 3051
13061 4786 4810 4773 4775
13062 4819 4807 4806 4801
13063 4805 4835 4798 4803
13064 4804 4806 4805 4801
13065 4817 4820 4819 4815
13066 1924 1930 1913 1931
13067 4805 4797 4798 4835
13068 4787 4782 4786 4788
13069 1933 1935 1932 1947
13070 4808 4772 4745 4780
13071 4798 4801 4804 4805
13072 4816 4819 4804 4815
13073 2072 2054 2041 2058
13074 4322 4316 4314 4321
13075 4798 4797 4804 4796
13076 2077 2072 2041 2058
13077 4789 4816 4809 4815
13078 4784 4790 4773 4792
13079 4630 4634 4631 4628
13080 984 981 979 995
13081 5218 5170 5163 5219
13082 5137 5147 5142 5134
13083 5183 5169 5164 5170
13084 2041 2054 2044 2058
13085 2042 2040 2044 2049
13086 2058 2045 2055 2044
13087 5137 5140 5142 5146
13088 5183 5182 5165 5177
13089 5181 5171 5179 5176
13090 5182 5177 5178 5269
13091 5171 5183 5176 5182
13092 5269 5270 5178 5182
13093 5162 5156 5167 5179
13094 11047 11066 11054 11049
13095 5273 5275 5265 5274
13096 5264 5274 5253 5273
13097 5183 5266 5265 5182
13098 5266 5273 5265 5182
13099 5182 5273 5265 5269
13100 5174 5175 5173 5176
13101 2048 2050 1934 2046
13102 5165 5183 5164 5170
13103 2053 2049 2058 2052
13104 8177 8175 8217 8186
13105 5170 5182 5165 5183
13106 5264 5267 5165 5182
13107 5182 5170 5165 5264
13108 5269 5177 5165 5182
13109 5182 5267 5165 5269
13110 5171 5182 5176 5181
13111 5174 5183 5171 5164
13112 5164 5183 5171 5169
13113 2058 2047 2041 2077
13114 2052 2047 2050 2049
13115 2058 2047 2077 2052
13116 5114 5151 5146 5157
13117 5108 5116 5115 5110
13118 2075 2047 2070 2069
13119 5163 5165 5164 5170
13120 2047 2040 2046 2049
13121 2048 2049 2046 2040
13122 8018 7855 8004 7849
13123 5162 5174 5172 5176
13124 5120 5157 5114 5116
13125 5174 5182 5176 5183
13126 5174 5175 5176 5178
13127 8368 8376 8366 8362
13128 5174 5178 5176 5177
13129 5182 5177 5176 5178
13130 5174 5177 5176 5182
13131 5174 5164 5176 5162
13132 5171 5164 5176 5174
13133 5171 5169 5176 5164
13134 5162 5164 5176 5169
13135 2050 2048 2051 2049
13136 5176 5162 5167 5179
13137 11539 11553 11552 11550
13138 5156 5172 5145 5173
13139 8332 8330 8345 8337
13140 5154 5149 5142 5147
13141 5131 5127 5132 5118
13142 5179 5156 5180 5176
13143 5176 5172 5156 5173
13144 5179 5176 5180 5181
13145 1997 1995 1969 1991
13146 5167 5156 5151 5157
13147 7419 7411 7384 7420
13148 5153 5156 5151 5172
13149 5153 5172 5145 5156
13150 5156 5172 5179 5162
13151 5176 5172 5179 5156
13152 5176 5162 5179 5172
13153 5140 5144 5145 5141
13154 5153 5144 5145 5140
13155 5142 5144 5143 5150
13156 11560 11563 11567 11559
13157 5116 5147 5113 5133
13158 5147 5146 5113 5137
13159 5186 5190 5188 5191
13160 5154 5144 5142 5149
13161 5117 5152 5119 5116
13162 2591 2595 2594 2588
13163 5152 5116 5148 5147
13164 8276 8377 8378 8275
13165 5152 5116 5147 5157
13166 1913 1916 1911 1910
13167 4780 4772 4745 4778
13168 8377 8375 8370 8371
13169 4816 4809 4808 4781
13170 2046 1920 1931 1917
13171 11047 11049 11054 11048
13172 1936 1927 1943 1944
13173 4774 4770 4769 4772
13174 5179 5156 5158 5180
13175 4804 4797 4756 4796
13176 3684 3681 4282 4277
13177 5144 5140 5139 5141
13178 5157 5146 5158 5151
13179 5151 5156 5158 5157
13180 1945 1947 1944 1946
13181 5142 5140 5138 5144
13182 5153 5156 5158 5151
13183 5148 5154 5152 5147
13184 5142 5137 5138 5140
13185 5140 5146 5158 5142
13186 5142 5144 5158 5140
13187 5154 5144 5158 5142
13188 5147 5154 5158 5142
13189 5147 5152 5158 5154
13190 5147 5157 5158 5152
13191 5147 5146 5158 5157
13192 5142 5146 5158 5147
13193 5138 5140 5139 5144
13194 1941 1946 1945 1939
13195 5154 5144 5155 5156
13196 5158 5156 5155 5159
13197 5154 5156 5155 5158
13198 5142 5144 5150 5149
13199 5154 5144 5150 5155
13200 5154 5149 5150 5144
13201 5138 5135 5143 5136
13202 5142 5135 5143 5138
13203 5139 5138 5143 5136
13204 5138 5144 5143 5142
13205 5139 5144 5143 5138
13206 9949 10146 9941 9947
13207 1944 1927 1939 1936
13208 1940 1944 1939 1936
13209 1944 1937 1943 1936
13210 5578 5582 5585 5577
13211 1934 1931 2048 2046
13212 1945 1933 1939 1944
13213 2042 2043 1928 2048
13214 1923 1925 1924 1922
13215 1960 1955 1954 1959
13216 2046 2040 1917 1926
13217 4782 4784 4788 4785
13218 1915 1966 1963 1909
13219 1938 1945 1930 1924
13220 4782 4784 4771 4786
13221 1923 1927 1924 1925
13222 1911 1918 1963 1972
13223 4810 4786 4789 4811
13224 4813 4815 4809 4812
13225 4794 4818 4817 4789
13226 1941 1945 1924 1939
13227 4792 4788 4794 4784
13228 4782 4784 4786 4788
13229 4789 4816 4781 4809
13230 2048 1929 2043 1928
13231 4793 4790 4791 4784
13232 4793 4788 4792 4784
13233 4779 4776 4777 4772
13234 4788 4783 4787 4782
13235 4786 4784 4789 4788
13236 4793 4785 4788 4784
13237 2041 2077 2070 2072
13238 1930 1914 1938 1913
13239 5819 5805 5804 5806
13240 1932 1927 1928 1939
13241 1913 1926 1917 1916
13242 4771 4784 4773 4786
13243 4932 5014 4739 4928
13244 1928 1925 1924 1927
13245 4814 4815 4810 4813
13246 5167 5169 5161 5162
13247 5102 5364 5130 5125
13248 4792 4777 4790 4773
13249 4792 4795 4794 4788
13250 4771 4786 4773 4775
13251 4810 4784 4789 4786
13252 4794 4788 4789 4784
13253 8166 8093 8161 8199
13254 4816 4815 4789 4817
13255 4787 4789 4788 4786
13256 1944 1927 1932 1939
13257 4732 4754 4748 4768
13258 1932 1934 1933 1931
13259 1939 1933 1932 1944
13260 5110 5107 5115 5108
13261 4792 4795 4788 4793
13262 8284 8275 8283 8277
13263 4754 4767 4753 4748
13264 4779 4794 4781 4773
13265 1939 1945 1924 1933
13266 4768 4732 4761 4748
13267 4834 4797 4734 4742
13268 2047 2041 2069 2040
13269 2305 2282 2281 2284
13270 8216 8224 8215 8222
13271 5556 5558 5550 5549
13272 1939 1927 1924 1923
13273 4786 4784 4773 4810
13274 4789 4794 4773 4781
13275 4789 4784 4773 4794
13276 4809 4789 4773 4781
13277 4775 4810 4773 4809
13278 4789 4810 4773 4784
13279 4809 4810 4773 4789
13280 1928 1927 1924 1939
13281 11566 11569 11559 11562
13282 1926 1925 1924 1928
13283 1926 1932 1924 1931
13284 1932 1939 1924 1933
13285 1932 1933 1924 1931
13286 1926 1928 1924 1932
13287 1939 1932 1924 1928
13288 1916 1922 1913 1925
13289 1924 1925 1913 1922
13290 5123 5356 5364 5354
13291 1924 1931 1913 1926
13292 1926 1925 1913 1924
13293 1916 1925 1913 1926
13294 4779 4781 4772 4773
13295 4774 4770 4772 4775
13296 4773 4775 4772 4770
13297 4781 4809 4772 4773
13298 4774 4775 4772 4809
13299 4773 4809 4772 4775
13300 1911 1916 1915 1910
13301 4750 4755 4749 4754
13302 1972 1967 1968 1974
13303 1913 1931 1917 1926
13304 5134 5147 5133 5137
13305 5204 5097 5200 5198
13306 8521 8527 8516 8512
13307 5099 5105 5118 5098
13308 5133 5147 5113 5137
13309 5167 5120 5157 5160
13310 4748 4753 4744 4767
13311 2066 1967 1974 2067
13312 5219 5170 5163 5168
13313 2069 2047 2070 2041
13314 1996 1991 1997 1992
13315 11064 11065 11070 11067
13316 5104 5100 5097 5098
13317 5364 5367 5366 5359
13318 5124 5109 5122 5127
13319 5124 5127 5122 5125
13320 1911 1910 1915 1909
13321 1913 1931 1920 1917
13322 1931 1919 1930 1913
13323 5151 5167 5160 5162
13324 5264 5219 5170 5218
13325 5166 5167 5161 5160
13326 11275 11280 11277 11279
13327 2068 2067 2074 2075
13328 5208 5211 5202 5200
13329 5165 5264 5218 5267
13330 2075 1974 1921 2067
13331 5161 5101 5163 5168
13332 5116 5120 5112 5114
13333 7727 7729 7728 7721
13334 8348 8319 8344 8346
13335 5294 5298 5296 5291
13336 5102 5366 5130 5364
13337 11351 11348 11356 11347
13338 5162 5169 5161 5164
13339 5220 5267 5218 5264
13340 5267 5220 5223 5253
13341 2089 2086 2076 2081
13342 2074 1973 1974 2066
13343 5267 5220 5218 5223
13344 4766 4744 4759 4763
13345 4808 4816 4755 4796
13346 4816 4780 4781 4808
13347 2046 1917 2069 1921
13348 2046 2040 2069 1917
13349 4741 4831 4829 4824
13350 2047 2040 2069 2046
13351 2071 2072 2070 2077
13352 2077 2041 2070 2047
13353 5285 5279 5201 5286
13354 2077 2076 2070 2071
13355 2418 2422 2428 2421
13356 4738 4750 4732 4754
13357 1932 1943 1929 1927
13358 4749 4745 4753 4780
13359 2081 2079 2086 2068
13360 5028 4735 5029 5025
13361 8222 8213 8214 8223
13362 4742 4797 4734 4756
13363 11471 11475 11472 11465
13364 1915 1909 1963 1911
13365 4756 4797 4750 4796
13366 4734 4797 4750 4756
13367 4821 4934 4739 4928
13368 5574 5562 5569 5573
13369 4756 4754 4755 4750
13370 4772 4776 4745 4778
13371 2066 1965 1993 1973
13372 4945 5008 4932 4925
13373 4733 4732 4737 4738
13374 10750 11250 10740 10756
13375 4738 4734 4732 4750
13376 4745 4808 4749 4747
13377 5026 5017 5023 5027
13378 4743 4747 4744 4746
13379 8231 8228 8229 8234
13380 4750 4796 4749 4755
13381 4755 4796 4749 4808
13382 2076 2071 2068 2070
13383 5206 5209 5202 5205
13384 5201 5286 5284 5206
13385 4925 5008 4932 4928
13386 2513 2498 2502 2519
13387 2514 2507 1985 2509
13388 2075 2076 2068 2070
13389 11119 11027 11018 11023
13390 11279 11260 11277 11289
13391 11302 11015 11014 11019
13392 5128 5132 5131 5127
13393 4925 4926 4929 4933
13394 1999 1997 1993 1992
13395 10853 10884 10883 10881
13396 5220 5223 5214 5218
13397 11356 11348 11358 11360
13398 5163 5101 5212 5168
13399 5163 5168 5212 5219
13400 5213 5202 5203 5209
13401 5211 5215 5208 5209
13402 11281 5192 5188 5190
13403 5204 5198 5200 5199
13404 4750 4754 4748 4732
13405 5208 5211 5106 5215
13406 2079 2066 2074 2068
13407 2079 2084 2074 2066
13408 4898 4439 4467 4896
13409 5212 5101 5106 5168
13410 5222 5216 5213 5221
13411 5185 5186 5210 5190
13412 11276 11278 11280 11281
13413 1920 1918 1919 1911
13414 5232 5238 5192 5196
13415 5211 5214 5212 5215
13416 2507 1976 1985 2509
13417 5222 5216 5221 5191
13418 5220 5215 5219 5214
13419 5212 5218 5163 5219
13420 5215 5219 5214 5212
13421 11270 10884 10883 10853
13422 5218 5219 5214 5220
13423 5215 5217 5213 5214
13424 5113 5116 5108 5110
13425 1988 1975 1980 1998
13426 5200 5199 5202 5205
13427 1992 1988 1996 1987
13428 1990 1998 1977 1988
13429 5199 5285 5201 5205
13430 1987 1988 1996 1990
13431 10036 10034 10033 10041
13432 2066 2067 1974 2074
13433 8219 8225 8151 8152
13434 10796 10799 10774 10794
13435 11095 11138 11094 11137
13436 9650 9812 9817 9646
13437 5160 5120 5099 5166
13438 5161 5166 5099 5101
13439 5160 5166 5099 5161
13440 9784 9781 9782 9775
13441 1971 1974 1973 1967
13442 1917 1916 1915 1911
13443 1973 1965 1971 1967
13444 11119 11124 11115 11027
13445 5096 5102 5097 5103
13446 5111 5098 5118 5103
13447 8882 8879 8873 8868
13448 5025 5019 5028 5017
13449 11333 11383 11319 11313
13450 11293 11285 11288 11290
13451 8303 8325 8302 8318
13452 5367 5359 5364 5357
13453 5114 5113 5110 5116
13454 5061 5066 4985 5057
13455 4454 5809 5406 5396
13456 11549 11548 11069 11550
13457 1919 1913 1911 1914
13458 4753 4745 4744 4752
13459 1919 1912 1914 1911
13460 5103 5127 5118 5111
13461 5131 5127 5118 5103
13462 5882 5883 5895 5889
13463 5110 5112 5115 5109
13464 5132 5129 5115 5127
13465 5109 5107 5115 5110
13466 5109 5127 5115 5107
13467 5119 5116 5115 5117
13468 5119 5129 5117 5115
13469 5111 5127 5115 5109
13470 5109 5112 5115 5111
13471 5132 5127 5115 5118
13472 5119 5120 5115 5116
13473 5132 5120 5115 5119
13474 5118 5120 5115 5132
13475 5112 5120 5115 5118
13476 5112 5116 5115 5120
13477 5111 5112 5115 5118
13478 5118 5127 5115 5111
13479 4767 4768 4761 4748
13480 1917 1913 1911 1920
13481 2069 1921 1968 2067
13482 5021 5028 5022 5017
13483 8295 8294 8302 8298
13484 4836 4831 4824 4826
13485 4821 4740 4823 4731
13486 1911 1912 1963 1918
13487 4755 4753 4780 4749
13488 8221 8213 8215 8222
13489 4759 4767 4761 4748
13490 4752 4745 4744 4751
13491 4769 4772 4745 4774
13492 4760 4758 4759 4746
13493 4745 4808 4747 4774
13494 4808 4780 4749 4755
13495 4745 4780 4749 4808
13496 1917 1921 1968 2069
13497 1970 1971 1962 1963
13498 4768 4765 4767 4761
13499 1974 2067 1968 1921
13500 5121 5123 5125 5364
13501 1911 1972 1968 1920
13502 1911 1920 1968 1917
13503 1917 1920 1968 1921
13504 1972 1921 1974 1968
13505 4749 4754 4748 4750
13506 4753 4754 4748 4749
13507 1949 1951 1991 1987
13508 8241 8248 8249 8246
13509 4746 4747 4744 4749
13510 4749 4747 4744 4745
13511 4821 5014 4739 4731
13512 2505 2498 2503 2499
13513 10212 10196 10215 10190
13514 5559 5587 5586 5558
13515 4744 4746 4759 4758
13516 4749 4748 4744 4746
13517 4749 4753 4744 4748
13518 4749 4745 4744 4753
13519 1972 1970 1918 1963
13520 1915 1911 1963 1968
13521 1968 1966 1963 1915
13522 1963 1966 1961 1909
13523 4759 4748 4761 4760
13524 8217 8175 8215 8186
13525 1971 1967 1963 1972
13526 1968 1967 1963 1966
13527 8154 8160 8153 8156
13528 1968 1911 1963 1972
13529 1968 1972 1963 1967
13530 1961 1963 1962 1966
13531 1961 1966 1962 1958
13532 5208 5211 5200 5100
13533 1958 1962 1953 1954
13534 5281 5346 5285 5279
13535 1958 1961 1953 1962
13536 5363 5359 5366 5367
13537 1958 1966 1962 1967
13538 1963 1967 1962 1966
13539 1958 1967 1962 1965
13540 1963 1971 1962 1967
13541 1965 1967 1962 1971
13542 1956 1962 1960 1954
13543 5123 5364 5095 5125
13544 11260 11278 11282 11263
13545 4767 4748 4759 4744
13546 11469 11407 11422 11404
13547 4762 4766 4764 4759
13548 4761 4759 4765 4767
13549 4733 4737 4730 4731
13550 5097 5102 5198 5204
13551 4767 4764 4766 4759
13552 8218 8224 8215 8216
13553 8216 8222 8215 8213
13554 5126 5125 5130 5364
13555 4737 4735 4768 4730
13556 4757 5024 5023 5016
13557 4832 4836 4826 4831
13558 4733 4732 4730 4737
13559 1957 1949 1954 1948
13560 4950 4927 4937 4915
13561 4760 4758 4757 4759
13562 4737 4740 4731 4733
13563 5029 5019 5013 5006
13564 1991 1949 1954 1957
13565 4762 4764 5023 4759
13566 5026 4764 5027 5023
13567 5027 4765 5028 5023
13568 4765 4759 5023 4764
13569 5017 5025 5023 5028
13570 5017 5024 5023 5025
13571 4865 4853 4862 4852
13572 4760 4759 5023 4761
13573 4761 5024 5023 4760
13574 5025 4765 5023 5028
13575 5025 5024 5023 4761
13576 4761 4765 5023 5025
13577 4761 4759 5023 4765
13578 1957 1965 1954 1991
13579 1957 1958 1954 1965
13580 1962 1965 1954 1958
13581 5123 5125 5095 5096
13582 5109 5127 5124 5111
13583 5365 5130 5366 5364
13584 4892 4889 4893 4890
13585 6019 6023 6007 6026
13586 8297 8223 8145 8301
13587 4218 4216 4217 4214
13588 1969 1991 1995 1954
13589 5354 5356 5364 5359
13590 5348 5359 5367 5357
13591 5107 5127 5122 5109
13592 8289 8285 8286 8242
13593 429 437 786 427
13594 5348 5357 5367 5345
13595 5364 5354 5121 5123
13596 5125 5103 5130 5102
13597 5123 5356 5095 5364
13598 5103 5127 5125 5131
13599 5124 5123 5125 5121
13600 8217 8220 8219 8224
13601 5121 5124 5122 5125
13602 1971 1960 1970 1962
13603 5191 5187 5186 5221
13604 8218 8224 8216 8233
13605 1954 1949 1959 1955
13606 1954 1965 1969 1991
13607 1999 1992 1980 1998
13608 10101 10107 10121 10110
13609 1965 1991 1997 1969
13610 8226 8234 8300 8227
13611 10105 10115 10101 10116
13612 8222 8233 8232 8216
13613 5126 5131 5130 5125
13614 8146 8142 8145 8140
13615 1956 1970 1960 1962
13616 1980 1999 1994 1992
13617 11313 11383 11377 11357
13618 5102 5125 5095 5364
13619 5366 5364 5102 5367
13620 11277 11278 11282 11260
13621 11197 11201 11192 11099
13622 8230 8233 8235 8220
13623 5006 5010 5029 5019
13624 1991 1992 1996 1987
13625 5204 5367 5102 5198
13626 5124 5123 5096 5125
13627 1947 1944 1932 1933
13628 5357 5198 5095 5367
13629 1995 1952 1959 1949
13630 4826 4831 4824 4829
13631 1971 1965 1969 1962
13632 5095 5097 5096 5102
13633 1989 1996 1990 1987
13634 5098 5096 5097 5103
13635 5102 5103 5096 5125
13636 5124 5127 5096 5111
13637 5125 5127 5096 5124
13638 10151 9830 9837 9835
13639 5125 5103 5096 5127
13640 5111 5127 5096 5103
13641 1949 1987 1995 1989
13642 5102 5104 5204 5097
13643 5104 5098 5097 5103
13644 1991 1987 1995 1949
13645 1991 1949 1995 1954
13646 1954 1949 1995 1959
13647 5364 5357 5095 5367
13648 5102 5364 5095 5367
13649 1992 1998 1996 1988
13650 1991 1987 1996 1995
13651 5287 5286 5284 5280
13652 11302 11306 11301 11009
13653 5201 5203 5202 5206
13654 11281 11278 11263 5190
13655 5285 5351 5199 5346
13656 5198 5351 5199 5204
13657 5198 5345 5199 5351
13658 5346 5351 5199 5345
13659 1973 1969 1971 1965
13660 5204 5208 5205 5200
13661 5208 5100 5200 5104
13662 2088 2080 2086 2081
13663 11263 11258 11280 11281
13664 10883 11270 10853 11266
13665 4389 4383 4384 4385
13666 5208 5200 5202 5205
13667 5205 5351 5204 5199
13668 2504 2501 2487 2497
13669 1993 2084 1994 2079
13670 1999 2084 1994 1993
13671 5013 4736 5015 5014
13672 1965 1991 1993 1997
13673 1997 1973 1993 1965
13674 2084 2079 1993 2066
13675 11289 11273 11277 11279
13676 5202 5206 5203 5209
13677 11263 11297 11296 11299
13678 5208 5209 5202 5211
13679 5205 5209 5202 5208
13680 5199 5205 5201 5202
13681 5206 5216 5207 5203
13682 5209 5216 5203 5213
13683 11271 11275 11274 11277
13684 11260 11256 11289 11279
13685 5203 5206 5284 5207
13686 2412 2407 2408 2411
13687 4736 5029 4735 5013
13688 1997 2084 1999 1993
13689 2084 2066 1993 1973
13690 4887 4929 4936 4822
13691 2495 1982 2087 2080
13692 5288 11274 11277 5302
13693 11276 11274 11275 11278
13694 5014 5008 4932 5015
13695 2282 2284 2276 2281
13696 4731 4737 4730 4736
13697 2279 2280 2274 2281
13698 5022 5029 5010 5019
13699 4765 4761 4735 5025
13700 4731 4736 5013 5014
13701 5028 5025 5029 5019
13702 4933 4945 4932 4925
13703 5013 5014 5015 5006
13704 5013 5006 5015 5029
13705 8051 8056 8054 8050
13706 5008 5012 5015 5006
13707 5006 5014 5015 5008
13708 4922 4920 4931 4894
13709 4922 4937 4938 4931
13710 4821 4731 4739 4740
13711 4935 4930 4937 4927
13712 5571 5581 5570 5565
13713 11008 10988 11298 10982
13714 5581 5564 5570 5565
13715 2508 2879 2514 2507
13716 2513 2517 2511 2510
13717 5578 5558 5580 5586
13718 4889 4887 4891 4822
13719 4915 4920 4931 4921
13720 5585 5579 5580 5577
13721 5549 5575 5578 5569
13722 4926 4947 4933 4925
13723 4922 4921 4931 4920
13724 4821 4928 4822 4934
13725 5558 5575 5549 5555
13726 4825 4891 4828 4822
13727 4938 4930 4888 4931
13728 5581 5583 5571 5570
13729 2274 2275 2273 5579
13730 2495 2080 2088 2082
13731 4906 4892 4893 4890
13732 2501 2496 2500 2495
13733 5582 5576 5577 5578
13734 4901 4906 4899 4890
13735 4888 4887 4892 4890
13736 4932 4928 4933 4925
13737 5575 5571 5584 5583
13738 2689 2652 2658 2691
13739 4926 4933 4935 4929
13740 4929 4930 4935 4926
13741 4926 4927 4935 4949
13742 4930 4927 4935 4926
13743 4935 4947 4933 4926
13744 5575 5572 5574 2197
13745 5572 5575 5571 5584
13746 4931 4937 4938 4930
13747 4922 4894 4888 4897
13748 6283 6218 6216 6287
13749 4737 4741 4740 4733
13750 5574 5573 5569 5575
13751 2274 5559 2276 5580
13752 4669 4673 4672 4667
13753 5575 5572 5571 5574
13754 5217 5214 5222 5213
13755 2196 5638 2185 2187
13756 6300 6297 6291 6299
13757 5566 5571 5567 5565
13758 5574 5575 5570 5571
13759 4899 4906 4893 4890
13760 10720 10892 10715 10910
13761 8181 8147 8121 8135
13762 5558 5584 5575 2339
13763 5569 5575 5578 5570
13764 5559 5587 5558 2340
13765 4888 4938 4892 4887
13766 5569 5555 5549 5575
13767 2506 2521 2499 2470
13768 5578 5558 5583 5575
13769 5578 5575 5583 5570
13770 5585 2275 5580 5579
13771 5549 5558 5578 5575
13772 2520 2498 2513 2519
13773 2520 2519 2513 2538
13774 2538 2519 2513 2518
13775 5587 5559 5586 2277
13776 5195 5187 5191 5222
13777 5578 5549 5580 5558
13778 4938 4930 4887 4888
13779 4929 4930 4936 4935
13780 4899 4889 4893 4827
13781 4826 4830 4825 4827
13782 4887 4930 4936 4929
13783 4934 4822 4936 4929
13784 5559 5558 5550 5556
13785 4822 4887 4891 4936
13786 6980 7216 7251 7008
13787 5559 5557 5550 2272
13788 2281 2275 2280 2274
13789 4832 4829 4831 4826
13790 5558 5559 5580 5586
13791 5585 5577 5580 5578
13792 5550 5559 5580 5558
13793 4899 4890 4893 4889
13794 4897 4888 4892 4890
13795 5224 5197 5191 5232
13796 2280 2275 2273 2274
13797 4741 4829 4823 4824
13798 4900 4827 4899 4833
13799 4834 4742 4824 4831
13800 5582 5586 5583 5578
13801 4738 4734 4741 4733
13802 2504 2481 2497 2487
13803 4903 4908 4899 4901
13804 2505 2498 2499 2521
13805 4900 4908 4899 4903
13806 4892 4936 4891 4887
13807 4890 4887 4892 4889
13808 4891 4889 4892 4887
13809 5407 5403 5405 5404
13810 4741 4733 4823 4740
13811 5580 2275 2274 5579
13812 5558 5584 5583 5575
13813 2506 2470 2499 2468
13814 5550 5559 2274 5580
13815 5550 2272 2274 5559
13816 2284 2272 2274 2279
13817 2284 5559 2274 2272
13818 2281 2284 2274 2279
13819 4934 4891 4936 4822
13820 4741 4734 4824 4733
13821 4832 4830 4826 4827
13822 4832 4847 4826 4836
13823 5216 5213 5221 5203
13824 11118 11124 11115 11119
13825 11241 11273 11279 11272
13826 2085 2080 2087 1982
13827 2494 1982 2087 2495
13828 11149 11140 11147 11151
13829 5232 5196 5192 5191
13830 2088 2487 2501 2082
13831 4889 4830 4825 4891
13832 4836 4834 4824 4831
13833 4889 4827 4825 4830
13834 4828 4739 4740 4821
13835 4825 4821 4828 4823
13836 4822 4934 4828 4821
13837 4829 4830 4825 4826
13838 11015 11017 11020 11018
13839 5232 5195 5191 5224
13840 7752 7754 7666 7749
13841 5217 5223 5214 5220
13842 2071 2089 2081 2083
13843 11295 11019 11306 11302
13844 5188 5190 11276 11281
13845 2517 2519 2518 2513
13846 2081 2089 2082 2083
13847 5195 5193 5222 5223
13848 2085 2088 2087 2080
13849 2076 2089 2081 2071
13850 5221 5190 5186 5191
13851 2503 2506 2505 2499
13852 11303 11009 11306 11011
13853 2080 2079 2086 2081
13854 2081 2068 2086 2076
13855 8557 8415 8407 8405
13856 5187 5193 5222 5195
13857 10883 10853 10881 11266
13858 11303 11305 11304 11297
13859 2082 2080 2088 2081
13860 11265 11260 11263 11269
13861 5216 5191 5190 5221
13862 11475 11473 11331 11470
13863 5221 5207 5203 5210
13864 2513 2517 2502 2511
13865 2080 2079 2085 2086
13866 1982 1994 2085 2080
13867 1994 2079 2085 2080
13868 1994 2084 2085 2079
13869 10988 11300 11305 11298
13870 2499 2496 2503 2497
13871 11288 11293 11292 11285
13872 7479 7489 7486 8485
13873 11194 11195 11202 11199
13874 11196 11191 11192 11200
13875 8419 8409 8414 8423
13876 2509 1981 1985 1986
13877 11113 11117 11112 11116
13878 11101 11102 11109 11105
13879 11297 11305 11298 11008
13880 11021 11016 11018 11023
13881 11008 11305 11298 10988
13882 8146 8140 8145 8293
13883 8322 8317 8325 8311
13884 1978 1975 1983 1976
13885 11020 11017 11115 11018
13886 11012 11021 11010 11013
13887 10112 10116 10121 10101
13888 11022 11016 11010 11021
13889 11022 11021 11010 11012
13890 11263 11300 11264 11297
13891 11283 11297 11263 11264
13892 11013 11305 11011 11008
13893 11013 10988 11008 10982
13894 11012 11013 11008 10982
13895 11010 11013 11008 11012
13896 1980 1999 1984 1994
13897 2087 2495 2500 2494
13898 2501 2497 2503 2496
13899 11264 5191 5192 5190
13900 11262 11269 11261 11267
13901 11266 11270 11264 10883
13902 10880 11264 5232 10883
13903 11264 11307 5232 11298
13904 2497 2504 2503 2499
13905 1892 1868 1869 1864
13906 2507 1979 1985 1976
13907 11262 10754 11269 11267
13908 11020 11306 11019 11009
13909 11269 11270 11265 11267
13910 11303 11010 11011 11008
13911 11008 11305 11011 11303
13912 11017 11117 11114 11118
13913 11281 11264 11263 11258
13914 4237 4246 4235 4241
13915 11293 11226 11228 11285
13916 5187 5194 5193 5195
13917 5191 5195 5189 5187
13918 5191 5196 5189 5195
13919 5194 5195 5189 5196
13920 2511 2498 2502 2513
13921 11117 11120 11113 11114
13922 2087 2501 2500 2495
13923 2497 2496 2501 2495
13924 2082 2487 2501 2497
13925 2052 2061 2058 2053
13926 2088 2082 2501 2495
13927 2497 2495 2501 2082
13928 11270 10884 10853 10854
13929 11097 11092 11086 11074
13930 5192 5191 5188 5190
13931 2518 2516 2517 2512
13932 11259 11264 11258 11270
13933 11267 10859 10759 10754
13934 11269 10854 11270 11267
13935 11011 11304 11306 11303
13936 10854 11267 10754 10859
13937 3731 2912 3732 2914
13938 11279 11241 11289 11273
13939 10853 11270 11265 11266
13940 11267 10853 11270 11265
13941 1986 1981 1984 1982
13942 11090 11092 11086 11097
13943 2502 2505 2519 2498
13944 11275 11279 11277 11272
13945 1976 1981 1983 1985
13946 1980 1975 1983 1998
13947 2502 2515 2500 2511
13948 11269 10854 11267 10754
13949 11101 11116 11104 11195
13950 11281 5190 11276 11278
13951 11290 11247 11226 11285
13952 11294 11290 11293 11288
13953 2510 2509 2515 2511
13954 11193 11145 11150 11130
13955 11263 11266 11265 11270
13956 8478 8441 8473 8477
13957 11258 11264 11263 11270
13958 11258 11270 11263 11269
13959 11265 11269 11263 11270
13960 11094 11137 11131 11090
13961 11149 11151 11150 11143
13962 11302 11019 11014 11152
13963 7383 7546 7538 7476
13964 11286 11285 11292 11293
13965 2511 2494 2515 2500
13966 1753 1460 1455 1488
13967 1983 1980 1984 1981
13968 5288 11278 11277 11274
13969 1981 1982 1986 2494
13970 11262 11268 11261 11269
13971 9347 9344 9352 9346
13972 10757 11252 11262 10751
13973 11276 5190 5185 11278
13974 1981 1980 1984 1982
13975 5188 5185 11276 5190
13976 2087 1984 2085 1982
13977 2876 2881 2534 2875
13978 11368 11360 11361 11367
13979 2511 2509 2515 2494
13980 5185 11278 5288 11274
13981 11260 11268 11257 11269
13982 11274 11271 11277 5302
13983 5288 5283 5302 11277
13984 11280 11263 11257 11258
13985 1976 1981 1985 2509
13986 11260 11269 11257 11263
13987 7846 7841 7839 7842
13988 11263 11269 11257 11258
13989 2879 2516 2881 2508
13990 2085 1982 1984 1994
13991 11280 11260 11277 11279
13992 11247 11251 11249 11255
13993 11260 11263 11257 11280
13994 9646 9650 9652 9817
13995 5704 5692 5705 5690
13996 11296 11291 11288 11260
13997 11262 11268 11251 11261
13998 11252 11268 11262 10751
13999 5221 5190 5210 5186
14000 11268 11252 11262 11251
14001 11094 11138 11131 11137
14002 11279 11256 11289 11241
14003 10441 11161 11159 10437
14004 5185 5190 5210 11278
14005 2508 2510 2516 2512
14006 11276 11278 11275 11280
14007 2512 2534 2516 2508
14008 2881 2508 2516 2534
14009 1983 1986 1985 1981
14010 2510 2509 2514 2515
14011 1985 1978 1983 1976
14012 8432 8429 8431 8425
14013 8438 8439 8440 8437
14014 8460 8451 8457 8463
14015 11256 11257 11279 11260
14016 11280 11260 11279 11257
14017 11244 11241 11289 11256
14018 1980 1994 1984 1982
14019 11244 11247 11289 11241
14020 11255 11244 11289 11256
14021 11255 11247 11289 11244
14022 11256 11268 11289 11255
14023 11260 11268 11289 11256
14024 11251 11255 11289 11268
14025 11289 11261 11251 11268
14026 11291 11289 11290 11288
14027 1981 1975 1983 1980
14028 1983 1977 1998 1975
14029 11280 11278 11277 11260
14030 9574 9568 9565 9573
14031 11273 5302 11277 11271
14032 2509 2494 1986 2515
14033 2509 1981 1986 2494
14034 1986 2500 2515 2494
14035 1985 2515 2514 2509
14036 11148 11151 11147 11140
14037 11282 11263 11296 11260
14038 11306 11294 11295 11301
14039 2085 1999 2084 1994
14040 11149 11152 11150 11151
14041 5288 5283 5280 5302
14042 8769 8836 8767 8761
14043 11112 11152 11149 11014
14044 8316 8317 8322 8311
14045 9755 9758 9750 9845
14046 5207 5190 11278 5210
14047 5207 5203 5210 5284
14048 11260 11296 11287 11288
14049 5283 11277 11273 5302
14050 11304 11303 11301 11306
14051 11152 11019 11014 11112
14052 5287 11278 11277 5288
14053 5210 5287 5288 11278
14054 11306 11009 11302 11019
14055 11193 11194 11198 11199
14056 11297 11303 11296 11304
14057 11301 11294 11296 11304
14058 11299 11297 11296 11304
14059 8436 7480 7473 7478
14060 11282 11297 11296 11263
14061 11301 11304 11296 11303
14062 11260 11299 11263 11296
14063 8200 8225 8151 8219
14064 11379 11372 11375 11312
14065 11304 11291 11294 11296
14066 8417 8420 8419 8414
14067 11148 11140 11147 11286
14068 11019 11017 11112 11114
14069 11114 11152 11113 11112
14070 9146 9129 9124 9127
14071 11301 11294 11288 11296
14072 11191 11208 11194 11200
14073 11140 11151 11149 11143
14074 8149 8173 8159 8150
14075 11113 11116 11150 11130
14076 11112 11116 11150 11113
14077 8310 8137 8308 8138
14078 11112 11113 11150 11152
14079 11147 11286 11292 11148
14080 11301 11294 11292 11288
14081 8424 8432 8428 8423
14082 2627 2587 2588 2630
14083 11152 11014 11147 11149
14084 11152 11302 11147 11014
14085 11148 11152 11295 11147
14086 11149 11151 11147 11152
14087 7893 7884 7886 7880
14088 11302 11152 11147 11295
14089 11147 11148 11292 11295
14090 11301 11295 11292 11294
14091 11295 11293 11148 11292
14092 11302 11295 11292 11301
14093 11147 11295 11292 11302
14094 8147 8143 8121 8142
14095 11215 11210 11213 11208
14096 8265 8357 8237 8227
14097 10159 10140 10138 10146
14098 11202 11198 11215 11194
14099 8437 8448 8459 8429
14100 11199 11116 11203 11193
14101 8503 8524 8511 8525
14102 11199 11195 11104 11116
14103 8142 8121 8147 8135
14104 10113 10120 10119 10112
14105 7419 7394 7420 7384
14106 11117 11116 11104 11101
14107 8146 8140 8293 8137
14108 11163 11146 11141 11158
14109 11094 11132 11087 11131
14110 11104 11195 11108 11101
14111 11194 11193 11198 11206
14112 7482 7480 7474 7473
14113 1503 1498 1351 1497
14114 7546 7547 7538 7476
14115 7545 7542 7539 7548
14116 7483 7480 7481 7474
14117 7547 7483 7477 7476
14118 11133 11130 11132 11126
14119 11195 11193 11199 11194
14120 11131 11138 11132 11128
14121 11131 11126 11132 11130
14122 11097 11087 11076 11086
14123 11194 11206 11198 11208
14124 11210 11208 11198 11206
14125 10154 10161 10152 10157
14126 10042 10116 10059 10107
14127 7394 7392 7385 7386
14128 11129 11126 11132 11128
14129 11126 11193 11216 11130
14130 11198 11193 11216 11206
14131 11131 11128 11132 11126
14132 11210 11216 11214 11206
14133 11126 11206 11216 11193
14134 11214 11206 11216 11126
14135 8432 8427 8428 8423
14136 8425 8423 8431 8432
14137 8421 8423 8431 8425
14138 8423 8421 8431 8427
14139 8421 8450 8431 8456
14140 8425 8450 8431 8421
14141 8422 8431 8456 8421
14142 7391 7413 7385 7397
14143 7420 7394 7385 7384
14144 7411 7420 7385 7384
14145 10132 9693 10124 9923
14146 8425 8437 8429 8448
14147 8448 8450 8429 8425
14148 8448 8454 8429 8450
14149 8441 8484 8477 8478
14150 11132 11134 11087 11130
14151 8438 8437 8430 8426
14152 8446 8439 8436 8445
14153 7383 7541 7538 7544
14154 7388 7390 7383 7382
14155 11129 11133 11132 11126
14156 11115 10969 10945 11075
14157 7473 7386 7476 7482
14158 7481 7484 7483 7475
14159 7480 7481 7474 7478
14160 8426 8438 8433 8430
14161 11130 11086 11087 11131
14162 8458 8445 8460 8457
14163 8457 8439 8440 8445
14164 8457 8437 8440 8439
14165 8458 8437 8440 8457
14166 7390 7546 7544 7383
14167 7546 7386 7383 7392
14168 8458 8443 8440 8437
14169 10565 10562 10550 10559
14170 11134 11130 11203 11113
14171 8446 7393 8445 8436
14172 7480 7478 8436 8446
14173 8425 8432 8430 8426
14174 8443 8437 8430 8438
14175 8444 8430 8433 8438
14176 11191 11317 11196 11312
14177 11130 11193 11203 11116
14178 11216 11193 11203 11130
14179 11198 11203 11216 11193
14180 8473 8482 8474 8481
14181 8474 8481 8476 8473
14182 8541 8540 8476 8550
14183 8491 8494 8495 8493
14184 10048 10056 10203 10049
14185 7489 7481 7479 7475
14186 8548 8424 8540 8434
14187 8414 8417 8416 8409
14188 7542 7545 7538 7541
14189 8446 7478 8441 8484
14190 8159 8160 8153 8157
14191 11539 11547 11550 11546
14192 8446 8439 8441 8436
14193 8436 7478 8441 8446
14194 11077 11084 11081 11075
14195 11113 11086 11076 11087
14196 11113 11074 11076 11086
14197 10043 10042 10059 10034
14198 11550 11563 11567 11552
14199 7476 7483 7477 7474
14200 7481 8485 7489 7479
14201 11076 11123 11077 11114
14202 11076 11081 11097 11074
14203 11087 11122 11076 11113
14204 11203 11122 11134 11113
14205 7538 7547 7477 7476
14206 8230 8201 8235 8236
14207 4597 4618 4619 4588
14208 11076 11114 11077 11074
14209 11075 11074 11077 11114
14210 8442 8484 8446 8441
14211 7543 7548 7540 7539
14212 11043 11035 11038 11045
14213 11117 11118 11121 11114
14214 11106 11195 11099 11101
14215 11114 11120 11121 11117
14216 8442 8441 8473 8478
14217 11120 11123 11122 11114
14218 8305 8291 8300 8292
14219 10162 10158 10157 10154
14220 11114 11115 11121 11123
14221 8475 8434 8540 8424
14222 11111 11102 11046 11040
14223 8484 7478 7479 7481
14224 7479 8485 7486 8479
14225 8318 8295 8302 8303
14226 11052 11048 11053 11040
14227 7480 8484 7481 7478
14228 8548 8550 8434 8540
14229 8473 8478 8474 8482
14230 7474 7481 7479 7478
14231 7475 7481 7479 7474
14232 8234 8238 8237 8231
14233 8477 8478 8474 8473
14234 8365 8326 8303 8319
14235 4168 4165 4169 4167
14236 8558 8552 8209 8212
14237 9832 9836 9831 9826
14238 8492 8494 8495 8491
14239 8506 8501 8504 8476
14240 7520 7517 7511 7514
14241 11117 11118 11105 11121
14242 11117 11102 11105 11118
14243 11069 11073 11072 11070
14244 11057 11059 11058 11054
14245 11099 11101 11100 11106
14246 11117 11101 11105 11102
14247 11106 11101 11108 11195
14248 11565 11563 11567 11550
14249 11345 11341 11343 11335
14250 8561 8538 8539 8543
14251 11105 11117 11104 11101
14252 11391 11359 11394 11387
14253 8312 8315 8313 8310
14254 8548 8546 8540 8424
14255 11056 11070 11057 11054
14256 8205 8225 8156 8200
14257 10214 10177 10209 10170
14258 10035 10160 10040 9820
14259 8475 8481 8476 8550
14260 8541 8549 8547 8540
14261 8210 8204 8256 8206
14262 10949 10944 11055 11054
14263 8128 8141 8144 8137
14264 11058 11048 11053 11054
14265 8442 8444 8473 8438
14266 8442 8438 8473 8441
14267 11105 11124 11121 11118
14268 10209 10170 10163 10149
14269 8473 8433 8475 8438
14270 8426 8438 8475 8433
14271 10152 10154 10151 10161
14272 8475 8473 8476 8481
14273 8473 8481 8475 8433
14274 8550 8433 8434 8475
14275 11068 11070 11052 11047
14276 8292 8367 8305 8299
14277 8301 8304 8302 8297
14278 8201 8202 8236 8230
14279 11562 11557 11559 11558
14280 8512 8521 8514 8515
14281 10045 10066 10046 10060
14282 7131 7128 7129 7133
14283 9818 9820 9819 9824
14284 8551 8538 8539 8561
14285 10147 10146 10139 10140
14286 10153 10161 10151 10154
14287 8538 8546 8539 8544
14288 1079 1082 1017 1012
14289 10156 10125 9832 10137
14290 10147 10130 10139 10135
14291 9923 9918 9916 9924
14292 10037 10153 10162 10044
14293 8545 8543 8563 8539
14294 10160 10162 10161 10153
14295 10146 10213 10159 10140
14296 10112 10099 10111 10115
14297 10155 10158 10208 10162
14298 8363 8227 8237 8357
14299 10112 10115 10117 10116
14300 10037 10153 10155 10162
14301 10134 10132 9706 10126
14302 1741 1773 1772 1768
14303 10184 10182 10181 10187
14304 10157 10140 10138 10159
14305 10143 10146 10138 10145
14306 10125 10130 10127 10135
14307 10139 10140 10138 10157
14308 10148 10130 10141 10147
14309 10139 10130 10125 10135
14310 10136 10133 10134 10127
14311 10135 10133 10127 10125
14312 10209 10170 10164 10163
14313 10139 10145 10137 10138
14314 10142 10130 10141 10148
14315 10139 10140 10141 10147
14316 10147 10140 10141 10149
14317 1634 1631 1633 1626
14318 10147 10145 10135 10139
14319 9832 9827 10124 9836
14320 10125 9924 10137 10145
14321 10144 10146 10138 10143
14322 10159 10146 10138 10144
14323 10132 9693 10126 10124
14324 9923 9693 10124 9915
14325 10160 9820 10151 9835
14326 10157 10161 10156 10139
14327 9916 10125 10124 9924
14328 1495 1493 1795 1499
14329 10139 10135 10125 10145
14330 9848 9834 9850 9843
14331 8160 8551 8558 8555
14332 10124 9828 9836 9827
14333 10127 10133 10124 10125
14334 9916 9924 10124 9923
14335 9923 9915 10124 9916
14336 9916 10137 9832 10125
14337 10138 10145 10137 10143
14338 9919 10143 10137 10145
14339 9919 9924 9916 9918
14340 10137 9924 9916 9919
14341 9916 9915 10124 9827
14342 9693 9827 10124 9915
14343 10133 9923 10132 10124
14344 10125 10133 10124 9924
14345 9825 9836 9831 9830
14346 9843 9830 9829 9834
14347 8233 8236 8234 8230
14348 464 489 461 488
14349 10109 10100 10101 10110
14350 9829 9834 9833 9843
14351 9833 9829 9818 9824
14352 1809 1766 1753 1806
14353 10160 10153 10151 9820
14354 9835 10161 9837 10151
14355 10151 10161 9837 10152
14356 10156 10125 9837 9832
14357 643 645 640 637
14358 9831 9836 9837 9830
14359 8413 8427 8422 8421
14360 8427 8421 8419 8423
14361 9655 9653 9654 9646
14362 8421 8409 8419 8423
14363 8421 8413 8419 8409
14364 10151 10152 9837 9830
14365 10151 9820 9829 9835
14366 9843 9841 9833 9829
14367 9843 9848 9833 9841
14368 9822 9815 9821 9814
14369 10139 9837 10161 10156
14370 4395 4398 4381 4394
14371 9831 9832 9837 9836
14372 10156 9832 9837 9831
14373 9833 9835 9834 9829
14374 9816 9833 9848 9841
14375 9822 9824 9833 9818
14376 8256 8254 8253 8204
14377 7540 7549 7499 7539
14378 9654 9648 9649 9646
14379 9829 9820 9824 9835
14380 9833 9841 9818 9829
14381 8417 8409 8414 8419
14382 10111 10112 10080 10075
14383 10936 10933 10934 10931
14384 8557 8538 8542 8414
14385 1753 1460 1809 1455
14386 1624 1626 1625 1631
14387 382 404 418 402
14388 8419 8423 8414 8420
14389 8405 8397 8414 8415
14390 10486 10480 11486 10474
14391 11378 11384 11377 11373
14392 8405 8397 8407 8406
14393 8415 8397 8414 8409
14394 9815 9812 9821 9814
14395 11354 11367 11359 11361
14396 8424 8546 8538 8420
14397 8170 8149 8159 8155
14398 7540 7518 7499 7549
14399 8319 8321 8323 8318
14400 8553 8258 8262 8564
14401 8407 8405 8556 8557
14402 8561 8562 8539 8552
14403 8414 8424 8538 8420
14404 11315 11383 11379 11372
14405 8559 8552 8561 8551
14406 8202 8238 8236 8231
14407 11375 11099 11376 11197
14408 10075 10111 10072 10080
14409 9823 9818 9817 9819
14410 11375 11379 11373 11372
14411 11192 11099 11375 11197
14412 11375 11380 11376 11373
14413 8323 8322 8327 8326
14414 8134 8128 8310 8312
14415 8216 8233 8232 8226
14416 11373 11380 11376 11374
14417 8214 8222 8232 8216
14418 11373 11383 11377 11372
14419 1515 1518 1514 1516
14420 11315 11372 11379 11312
14421 11196 11201 11200 11192
14422 11564 11566 11562 11561
14423 6929 6927 6928 6931
14424 8759 7299 8758 8748
14425 11313 11372 11383 11319
14426 8310 8313 8311 8315
14427 8315 8314 8311 8310
14428 11360 11356 11354 11367
14429 8148 8170 8155 8149
14430 8218 8220 8217 8224
14431 8313 8317 8316 8311
14432 2359 2313 2360 2318
14433 11362 11368 11358 11360
14434 8315 8144 8314 8310
14435 8144 8128 8310 8134
14436 8144 8137 8310 8128
14437 8138 8128 8310 8137
14438 8185 8155 8152 8148
14439 11042 11381 11041 11034
14440 11353 11355 11354 11346
14441 4998 4988 4989 4983
14442 8555 8157 8158 8160
14443 8542 8415 8557 8414
14444 11358 11349 11362 11348
14445 8302 8318 8325 8307
14446 7900 7896 7909 7890
14447 8206 8235 8205 8201
14448 8181 8186 8221 8175
14449 8557 8405 8556 8551
14450 8217 8224 8219 8186
14451 9812 9643 9650 9813
14452 10099 10115 10101 10105
14453 8221 8213 8147 8135
14454 8220 8224 8218 8233
14455 9822 9818 9817 9823
14456 8538 8405 8557 8551
14457 8414 8405 8557 8538
14458 8414 8415 8557 8405
14459 9651 9647 10106 10104
14460 1312 1803 1804 1797
14461 9821 9810 9653 9812
14462 8407 8401 8406 8397
14463 4402 4399 4382 4393
14464 8298 8299 8303 8295
14465 8221 8135 8215 8213
14466 8563 8561 8562 8539
14467 11395 11391 11394 11387
14468 6132 6129 6122 6131
14469 8159 8157 8555 8160
14470 9655 9646 9647 9652
14471 9644 9643 9650 9646
14472 8135 8181 8221 8175
14473 8155 8148 8151 8152
14474 6137 6066 6060 6065
14475 7491 7490 7486 7487
14476 1487 1491 1489 1482
14477 8146 8141 8143 8137
14478 8175 8183 8186 8177
14479 8177 8183 8186 8179
14480 8159 8150 8406 8157
14481 8297 8223 8214 8213
14482 8150 8173 8406 8401
14483 8159 8173 8406 8150
14484 8173 8405 8159 8406
14485 8401 8173 8406 8397
14486 8406 8157 8555 8159
14487 8556 8405 8555 8551
14488 8551 8159 8405 8555
14489 8159 8405 8555 8406
14490 11368 11356 11358 11360
14491 11347 11355 11354 11357
14492 11356 11348 11360 11347
14493 8553 8562 8564 8560
14494 11395 11369 11575 11387
14495 11354 11367 11361 11360
14496 11350 11333 11357 11347
14497 11347 11355 11357 11350
14498 11313 11333 11357 11350
14499 5808 5805 5806 5800
14500 11351 11357 11333 11347
14501 11549 11061 11069 11548
14502 8302 8305 8303 8298
14503 11383 11373 11377 11384
14504 11313 11372 11377 11383
14505 8231 8234 8230 8228
14506 8308 8310 8306 8137
14507 8144 8137 8306 8310
14508 8308 8311 8306 8310
14509 8310 8314 8306 8144
14510 8301 8314 8306 8307
14511 8314 8311 8306 8307
14512 8314 8310 8306 8311
14513 11350 11313 11377 11357
14514 11357 11355 11377 11350
14515 11357 11382 11377 11355
14516 11378 11355 11377 11382
14517 11357 11384 11383 11377
14518 11384 11378 11377 11382
14519 381 386 377 379
14520 11386 11390 11359 11353
14521 9653 9648 9646 9812
14522 8301 8146 8145 8293
14523 8175 8135 8215 8221
14524 11382 11356 11367 11354
14525 8301 8146 8293 8306
14526 8149 8155 8153 8159
14527 8318 8296 8303 8319
14528 9819 9820 10040 9824
14529 8295 8299 8303 8296
14530 11386 11390 11391 11359
14531 11382 11355 11390 11378
14532 11354 11355 11390 11382
14533 11368 11360 11363 11361
14534 8559 8551 8558 8552
14535 10107 10034 10059 10042
14536 8293 8306 8294 8301
14537 8307 8301 8294 8306
14538 8159 8157 8153 8149
14539 8294 8301 8297 8293
14540 8158 8157 8153 8160
14541 8153 8148 8151 8155
14542 8210 8203 8209 8207
14543 8233 8228 8230 8234
14544 8212 8207 8209 8558
14545 8264 8259 8527 8258
14546 1618 1615 1613 1614
14547 9647 9646 9654 9649
14548 8218 8233 8216 8228
14549 8147 8213 8145 8135
14550 8318 8321 8323 8320
14551 9651 9652 10106 9647
14552 9645 9644 9651 9647
14553 8363 8357 8356 8292
14554 8208 8203 8210 8207
14555 8152 8179 8151 8219
14556 8147 8223 8145 8213
14557 1959 1950 1955 1949
14558 11047 11063 11068 11070
14559 8147 8142 8145 8146
14560 8155 8160 8153 8159
14561 4195 4216 4190 4188
14562 1613 1603 1599 1623
14563 8156 8160 8153 8155
14564 3186 3245 3183 3246
14565 9646 9650 9651 9652
14566 8200 8156 8151 8225
14567 8221 8224 8222 8215
14568 8186 8175 8215 8221
14569 8154 8151 8200 8156
14570 8152 8148 8151 8179
14571 3442 3436 3437 3404
14572 9821 9812 9817 9814
14573 11387 11386 11556 11391
14574 8200 8225 8219 8220
14575 8220 8225 8219 8224
14576 8225 8186 8152 8219
14577 3825 3831 3856 3830
14578 5326 5319 5323 5327
14579 1653 1648 1638 1641
14580 9652 9817 9655 9646
14581 9821 9646 9655 9817
14582 9647 9655 9654 9646
14583 10185 10187 10179 10177
14584 9646 9652 9651 9647
14585 9646 9644 9651 9650
14586 8319 8321 8346 8348
14587 1600 1606 1591 1594
14588 10100 10104 10105 10107
14589 8201 8203 8205 8206
14590 979 984 995 992
14591 9649 10108 9654 9647
14592 10108 9647 10102 10100
14593 10117 10116 10123 10122
14594 10100 10098 10104 9645
14595 8156 8160 8209 8154
14596 11386 11359 11391 11387
14597 10039 10043 10041 10034
14598 9647 9645 10104 9651
14599 10100 9645 10104 9647
14600 8210 8204 8206 8203
14601 8210 8258 8256 8260
14602 8553 8552 8554 8562
14603 8547 8540 8539 8541
14604 493 498 392 494
14605 10033 10041 10035 10036
14606 1631 1630 1625 1624
14607 11387 11569 11575 11395
14608 10100 9647 9656 10108
14609 10106 9647 9656 10100
14610 9652 9647 9656 10106
14611 9652 9655 9656 9647
14612 447 405 448 445
14613 9656 9654 10108 9647
14614 9336 9341 9340 9334
14615 8233 8220 8230 8218
14616 10944 11029 11051 11055
14617 10043 10034 10059 10060
14618 8541 8547 8554 8539
14619 10110 10108 10109 10100
14620 10100 10106 10110 9656
14621 10107 10106 10110 10100
14622 8295 8296 8303 8318
14623 11577 11560 11567 11559
14624 5915 5921 5917 5919
14625 8134 8141 8128 8133
14626 8212 8262 8560 8553
14627 8368 8363 8364 8356
14628 8304 8298 8302 8297
14629 8160 8552 8209 8558
14630 8533 8531 8527 8526
14631 11422 11474 11469 11466
14632 8160 8555 8558 8158
14633 10915 10911 10913 10909
14634 1918 1964 1912 1963
14635 8292 8367 8356 8363
14636 11393 11391 11392 11395
14637 10210 10211 10204 10214
14638 8298 8299 8305 8303
14639 8216 8233 8226 8228
14640 8562 8552 8554 8539
14641 8209 8203 8205 8154
14642 8230 8202 8236 8231
14643 8231 8238 8279 8202
14644 8278 8238 8279 8231
14645 10101 10116 10121 10107
14646 8291 8292 8305 8299
14647 11570 11364 11575 11371
14648 8303 8367 8365 8299
14649 8220 8200 8235 8201
14650 8204 8203 8210 8208
14651 8227 8292 8300 8291
14652 11392 11378 11385 11394
14653 11574 11542 11579 11572
14654 8227 8291 8300 8226
14655 11391 11561 11556 11387
14656 1575 1577 1617 1572
14657 8831 8849 8829 8824
14658 8291 8226 8232 8300
14659 8154 8158 8209 8207
14660 8234 8228 8226 8233
14661 8229 8228 8226 8234
14662 8229 8234 8226 8227
14663 11575 11387 11369 11364
14664 11387 11570 11575 11569
14665 11371 11364 11366 11570
14666 11557 11561 11569 11556
14667 5189 5186 5188 5191
14668 8295 8307 8302 8294
14669 11099 11197 11103 11376
14670 11393 11391 11395 11561
14671 11566 11569 11562 11561
14672 11569 11557 11562 11561
14673 11556 11561 11569 11387
14674 11371 11365 11366 11364
14675 8206 8203 8205 8210
14676 11100 11106 11103 11099
14677 8318 8320 8323 8322
14678 8295 8298 8302 8303
14679 5146 5153 5158 5151
14680 10090 10075 10086 10117
14681 8224 8235 8233 8220
14682 11551 11069 11071 11550
14683 11394 11390 11392 11378
14684 11359 11367 11369 11361
14685 11562 11569 11559 11557
14686 8348 8351 8344 8319
14687 11367 11394 11382 11359
14688 11394 11359 11369 11387
14689 11369 11371 11575 11364
14690 11558 11563 11559 11562
14691 11576 11569 11559 11566
14692 11391 11387 11395 11561
14693 11569 11561 11395 11387
14694 11395 11561 11566 11393
14695 10045 10060 10046 10036
14696 8562 8560 8553 8552
14697 8214 8216 8232 8226
14698 8206 8202 8236 8201
14699 11390 11359 11394 11391
14700 11390 11382 11394 11359
14701 11390 11378 11394 11382
14702 11359 11361 11369 11364
14703 11197 11106 11201 11099
14704 11099 11376 11103 11100
14705 11376 11034 11103 11100
14706 11106 11101 11100 11107
14707 11107 11102 11100 11036
14708 8479 7491 7486 8491
14709 8559 8555 8558 8551
14710 8551 8538 8561 8557
14711 2556 2735 2909 2731
14712 8291 8214 8232 8226
14713 8234 8232 8233 8226
14714 8230 8220 8235 8201
14715 4740 4736 4737 4731
14716 11035 11034 11042 11041
14717 8319 8321 8348 8323
14718 8353 8351 8352 8348
14719 11101 11102 11100 11107
14720 8154 8156 8205 8209
14721 8258 8526 8527 8264
14722 1086 456 459 1071
14723 11043 11389 11038 11035
14724 8316 8327 8324 8322
14725 8562 8552 8561 8559
14726 8294 8307 8302 8301
14727 10122 10112 10117 10116
14728 8560 8552 8562 8559
14729 8207 8203 8209 8154
14730 8222 8304 8223 8214
14731 8304 8214 8232 8291
14732 8200 8156 8205 8154
14733 8297 8214 8304 8298
14734 8297 8223 8304 8214
14735 8556 8551 8561 8557
14736 8210 8207 8209 8212
14737 11107 11103 11042 11100
14738 11035 11036 11042 11034
14739 8200 8203 8154 8205
14740 8543 8557 8561 8538
14741 8294 8297 8302 8298
14742 8294 8301 8302 8297
14743 8269 8271 8270 8277
14744 8539 8545 8554 8563
14745 8539 8547 8554 8545
14746 8561 8552 8539 8551
14747 4728 4596 4591 4726
14748 8320 8307 8322 8318
14749 8320 8309 8322 8307
14750 8311 8307 8322 8309
14751 11374 11378 11385 11392
14752 11374 11384 11385 11378
14753 11394 11396 11385 11392
14754 11043 11037 11038 11389
14755 11041 11045 11042 11035
14756 11389 11388 11396 11393
14757 11395 11393 11396 11392
14758 8323 8329 8348 8351
14759 11388 11392 11396 11393
14760 11385 11392 11396 11388
14761 4501 4604 4606 4496
14762 11034 11376 11103 11381
14763 8322 8318 8326 8323
14764 7402 7417 7405 7409
14765 11103 11380 11381 11376
14766 8210 8260 8256 8208
14767 8544 8542 8543 8538
14768 11042 11036 11100 11034
14769 8418 8546 8420 8538
14770 11035 11034 11041 11388
14771 11389 11388 11041 11396
14772 11035 11388 11041 11389
14773 11047 11052 11054 11056
14774 6111 6003 6001 6110
14775 8795 8792 8781 8786
14776 8323 8318 8326 8319
14777 1630 1633 1631 1625
14778 10160 10153 10035 10044
14779 11042 11107 11100 11036
14780 8327 8325 8326 8322
14781 8314 8317 8315 8311
14782 11381 11396 11041 11388
14783 11388 11374 11381 11385
14784 11388 11034 11381 11374
14785 11376 11380 11381 11374
14786 11376 11374 11381 11034
14787 9796 9772 9795 9791
14788 10064 10059 10123 10118
14789 8527 8531 8516 8517
14790 9819 10033 10040 10035
14791 8563 8562 8554 8539
14792 10040 10044 10160 10035
14793 8529 8514 8503 8489
14794 8212 8260 8553 8210
14795 8278 8267 8282 8273
14796 8212 8552 8553 8560
14797 8553 8209 8552 8212
14798 8290 8241 8242 8243
14799 10103 10119 10109 10101
14800 8358 8372 8378 8369
14801 10107 10106 10039 10110
14802 10107 10034 10039 10106
14803 9819 9652 10038 10033
14804 10039 9656 10110 10106
14805 10036 10041 10035 10044
14806 10038 10041 10040 10033
14807 10160 9820 10035 10153
14808 10044 10037 10035 10036
14809 10044 10153 10035 10037
14810 10040 9819 10038 10033
14811 9819 9823 10038 9652
14812 10038 9655 9656 9652
14813 4740 4829 4828 4823
14814 10106 9652 10038 9656
14815 10033 9652 10038 10106
14816 10202 10204 10205 10177
14817 10060 10066 10046 10047
14818 10122 10075 10090 10117
14819 3060 3025 3063 3058
14820 10046 10056 10048 10049
14821 10080 10115 10117 10112
14822 10107 10034 10042 10039
14823 10077 10085 10079 10076
14824 8541 8547 8534 8554
14825 10204 10177 10202 10209
14826 1454 1449 1324 1452
14827 10042 10107 10121 10116
14828 8245 8241 8244 8252
14829 8526 8531 8527 8264
14830 8248 8241 8244 8259
14831 11029 11030 10944 11032
14832 8554 8530 8532 8526
14833 11035 11036 11045 11042
14834 11039 11036 11045 11035
14835 8491 8486 8492 8494
14836 8204 8206 8211 8256
14837 9162 9171 9168 9169
14838 8319 8323 8351 8326
14839 8562 8530 8563 8554
14840 11041 11389 11043 11035
14841 8481 8483 8482 8474
14842 11569 11561 11566 11395
14843 8208 8204 8256 8210
14844 8526 8530 8564 8554
14845 8534 8554 8528 8541
14846 7487 8493 8491 7488
14847 8371 8373 8372 8377
14848 8253 8202 8279 8211
14849 11533 11535 11539 11536
14850 11550 11547 11549 11546
14851 11043 11389 11397 11037
14852 11397 11395 11566 11393
14853 11047 11048 11054 11052
14854 8292 8299 8361 8367
14855 8365 8299 8361 8296
14856 11396 11393 11397 11389
14857 8300 8367 8305 8292
14858 8528 8507 8529 8537
14859 8258 8553 8262 8260
14860 4832 4857 4847 4856
14861 8334 8374 8376 8375
14862 8227 8292 8363 8300
14863 8227 8357 8363 8292
14864 11027 11028 10950 10951
14865 8343 8336 8366 8360
14866 8507 8536 8537 8528
14867 8381 8362 8368 8369
14868 8554 8553 8564 8526
14869 8554 8562 8564 8553
14870 8229 8227 8237 8234
14871 8265 8227 8237 8229
14872 8300 8237 8363 8227
14873 8252 8518 8250 8517
14874 8370 8377 8376 8374
14875 11569 11570 11576 11571
14876 10121 10109 10119 10101
14877 3856 3825 3668 3831
14878 11575 11570 11576 11569
14879 11393 11397 11564 11566
14880 8241 8239 8246 8240
14881 11563 11560 11567 11552
14882 8275 8377 8378 8372
14883 8521 8533 8516 8527
14884 8344 8360 8366 8345
14885 11389 11037 11564 11397
14886 11397 11393 11564 11389
14887 11576 11570 11578 11571
14888 11577 11552 11567 11560
14889 11576 11571 11559 11569
14890 8365 8319 8359 8344
14891 8365 8296 8359 8319
14892 6012 6006 6004 6008
14893 10101 10099 10112 10115
14894 11578 11570 11573 11571
14895 11366 11578 11371 11570
14896 8238 8231 8278 8237
14897 8237 8229 8278 8265
14898 8231 8229 8278 8237
14899 8272 8288 8281 8277
14900 8211 8202 8279 8238
14901 8361 8367 8356 8292
14902 1606 1609 1594 1600
14903 8335 8334 8376 8375
14904 10101 10119 10121 10112
14905 9189 9187 9196 9195
14906 10095 10090 10093 10094
14907 3350 3303 3279 3351
14908 8356 8369 8364 8368
14909 1519 1484 1635 1628
14910 10045 10056 10208 10046
14911 10080 10075 10081 10072
14912 8362 8356 8368 8369
14913 8280 8267 8282 8278
14914 10087 10090 10081 10086
14915 10097 10093 10065 10096
14916 10083 10073 10076 10077
14917 10123 10121 10122 10116
14918 10112 10116 10122 10121
14919 10075 10112 10122 10120
14920 10119 10122 10121 10112
14921 8269 8277 8268 8274
14922 10041 10045 10044 10036
14923 389 378 395 379
14924 10084 10092 10091 10083
14925 11539 11532 11547 11545
14926 8277 8267 8280 8281
14927 10122 10094 10123 10093
14928 10122 10075 10091 10090
14929 10120 10091 10122 10075
14930 8275 8277 8284 8276
14931 10081 10073 10083 10082
14932 10091 10084 10076 10075
14933 9847 9850 9849 9842
14934 7487 7488 8491 7491
14935 11576 11571 11577 11559
14936 11559 11558 11560 11563
14937 10092 10083 10090 10091
14938 3440 3451 3441 3438
14939 10081 10073 10076 10083
14940 10083 10085 10076 10084
14941 1568 1580 1570 1569
14942 10083 10084 10076 10091
14943 4260 4364 4274 4355
14944 10078 10085 10084 10076
14945 10091 10090 10076 10083
14946 10091 10075 10076 10090
14947 10072 10073 10076 10081
14948 10081 10075 10076 10072
14949 10083 10090 10076 10081
14950 10081 10086 10076 10075
14951 10090 10086 10076 10081
14952 10090 10075 10076 10086
14953 1489 1492 1483 1491
14954 6114 6116 6118 6172
14955 8510 8503 8511 8509
14956 8338 8355 8341 8337
14957 8272 8277 8281 8270
14958 8241 8255 8246 8239
14959 8360 8362 8366 8376
14960 11069 11061 11064 11060
14961 8379 8382 8381 8376
14962 8510 8524 8511 8503
14963 8290 8287 8289 8241
14964 11063 11037 11044 11060
14965 8343 8376 8381 8380
14966 8373 8274 8372 8377
14967 8376 8377 8378 8379
14968 8284 8277 8289 8290
14969 8336 8334 8376 8335
14970 11039 11048 11052 11040
14971 8378 8369 8364 8358
14972 8334 8360 8376 8374
14973 8369 8356 8364 8358
14974 8281 8288 8287 8277
14975 8280 8281 8283 8277
14976 8252 8249 8250 8251
14977 11573 11579 11578 11571
14978 8370 8377 8374 8375
14979 11550 11548 11565 11563
14980 8261 8255 8246 8241
14981 8345 8337 8347 8332
14982 8517 8520 8516 8518
14983 8372 8370 8378 8369
14984 8252 8251 8250 8518
14985 8211 8253 8286 8279
14986 8256 8259 8257 8261
14987 8256 8260 8261 8254
14988 8270 8267 8266 8277
14989 8270 8277 8266 8268
14990 11560 11558 11544 11563
14991 11538 11536 11543 11537
14992 8336 8376 8343 8380
14993 8352 8343 8340 8336
14994 11579 11574 11572 11571
14995 11545 11533 11546 11539
14996 8241 8248 8252 8249
14997 11545 11539 11546 11547
14998 11537 11535 11542 11572
14999 11550 11565 11568 11567
15000 11572 11559 11577 11571
15001 8331 8333 8336 8330
15002 8527 8521 8514 8512
15003 11544 11563 11546 11560
15004 11533 11532 11539 11545
15005 11534 11532 11539 11533
15006 11533 11536 11539 11534
15007 11565 11564 11567 11562
15008 11542 11537 11543 11535
15009 11536 11535 11543 11537
15010 11542 11535 11543 11536
15011 11539 11535 11540 11536
15012 8334 8335 8336 8330
15013 11541 11535 11540 11542
15014 10825 10811 10824 10814
15015 8252 8259 8264 8250
15016 11536 11542 11541 11543
15017 11553 11539 11552 11541
15018 8332 8337 8336 8330
15019 11542 11536 11541 11535
15020 11562 11564 11567 11566
15021 11540 11560 11577 11572
15022 8380 8336 8341 8343
15023 11546 11563 11552 11560
15024 11540 11541 11552 11539
15025 11551 11550 11071 11554
15026 11540 11533 11552 11560
15027 11562 11563 11567 11565
15028 11542 11535 11540 11572
15029 11541 11536 11540 11535
15030 8330 8333 8336 8332
15031 11539 11536 11540 11541
15032 11572 11560 11577 11559
15033 11535 11560 11540 11572
15034 11550 11563 11552 11546
15035 11559 11563 11567 11562
15036 11546 11548 11550 11563
15037 11533 11535 11540 11539
15038 11533 11560 11540 11535
15039 11069 11061 11065 11064
15040 11069 11063 11044 11060
15041 11539 11533 11552 11540
15042 8261 8248 8263 8241
15043 11546 11548 11549 11550
15044 8512 8521 8515 8513
15045 8336 8330 8345 8334
15046 11546 11539 11552 11550
15047 11546 11533 11552 11539
15048 11546 11560 11552 11533
15049 8549 8506 8550 8541
15050 11554 11550 11071 11069
15051 8503 8509 8508 8494
15052 8248 8259 8250 8263
15053 8283 8273 8282 8277
15054 11033 10974 10947 11006
15055 8344 8345 8352 8349
15056 11069 11060 11064 11063
15057 11565 11037 11060 11568
15058 8340 8345 8352 8336
15059 8503 8502 8505 8507
15060 11567 11576 11577 11559
15061 8360 8344 8366 8359
15062 8261 8259 8241 8263
15063 11066 11063 11047 11070
15064 8379 8377 8378 8276
15065 8342 8337 8354 8355
15066 8266 8358 8273 8357
15067 8241 8239 8242 8255
15068 8266 8267 8273 8277
15069 8287 8277 8289 8281
15070 8564 8531 8530 8526
15071 8368 8365 8367 8361
15072 8266 8357 8273 8265
15073 8237 8265 8273 8357
15074 8266 8265 8273 8267
15075 8278 8267 8273 8265
15076 8278 8265 8273 8237
15077 8275 8372 8378 8358
15078 8240 8288 8241 8287
15079 8239 8240 8241 8287
15080 8512 8517 8516 8252
15081 8241 8288 8290 8287
15082 8380 8376 8381 8382
15083 8490 8489 8487 8494
15084 8283 8277 8289 8284
15085 8274 8377 8275 8372
15086 8276 8274 8275 8277
15087 8287 8288 8289 8277
15088 8268 8274 8275 8372
15089 8268 8277 8275 8274
15090 8268 8372 8275 8358
15091 8253 8254 8257 8255
15092 8512 8521 8513 8516
15093 8253 8255 8257 8285
15094 8266 8277 8275 8268
15095 8273 8277 8275 8266
15096 8273 8266 8275 8358
15097 8268 8358 8275 8266
15098 8289 8241 8242 8290
15099 10061 10060 10066 10064
15100 8534 8526 8528 8554
15101 8527 8517 8516 8512
15102 8280 8285 8286 8289
15103 7475 7484 7499 7485
15104 7517 7514 7540 7511
15105 11064 11069 11072 11070
15106 8290 8277 8289 8288
15107 8345 8337 8349 8347
15108 8376 8370 8381 8377
15109 8290 8288 8289 8287
15110 10177 10214 10209 10204
15111 8258 8564 8264 8262
15112 8376 8362 8381 8374
15113 8369 8374 8381 8362
15114 10068 10071 10067 10069
15115 8376 8374 8381 8370
15116 8370 8374 8381 8369
15117 11551 11550 11554 11555
15118 8289 8287 8242 8241
15119 8252 8248 8250 8249
15120 8360 8376 8366 8343
15121 10166 10163 10164 10171
15122 8518 8252 8516 8517
15123 8257 8242 8286 8285
15124 8514 8527 8529 8521
15125 8369 8370 8378 8381
15126 8275 8364 8273 8358
15127 8376 8334 8343 8360
15128 8336 8334 8343 8376
15129 8336 8360 8343 8334
15130 8255 8261 8257 8241
15131 8376 8379 8378 8381
15132 8277 8280 8282 8283
15133 8381 8377 8378 8376
15134 8241 8261 8257 8259
15135 8253 8256 8257 8254
15136 8250 8259 8264 8263
15137 8516 8521 8519 8533
15138 8381 8364 8378 8369
15139 8381 8370 8378 8377
15140 8372 8377 8378 8370
15141 8241 8287 8242 8239
15142 8255 8239 8242 8285
15143 8289 8285 8242 8287
15144 8356 8357 8364 8358
15145 8356 8363 8364 8357
15146 8282 8237 8238 8278
15147 8359 8344 8366 8365
15148 8486 8493 8487 8494
15149 7653 7532 7533 7650
15150 8283 8280 8289 8281
15151 8280 8287 8285 8289
15152 8368 8362 8366 8361
15153 8366 8381 8343 8376
15154 8527 8526 8529 8535
15155 6050 6052 6037 6042
15156 8517 8264 8250 8252
15157 8258 8526 8264 8564
15158 8252 8259 8512 8527
15159 8277 8267 8282 8280
15160 8273 8267 8282 8277
15161 8361 8356 8368 8362
15162 8361 8367 8368 8356
15163 8381 8376 8368 8362
15164 8253 8211 8257 8256
15165 8355 8350 8353 8349
15166 10355 10368 10363 10366
15167 8278 8279 8282 8280
15168 8278 8238 8282 8279
15169 8261 8254 8257 8256
15170 11551 11069 11073 11071
15171 8349 8355 8354 8337
15172 8255 8241 8257 8242
15173 8261 8255 8257 8254
15174 10062 10067 10050 10051
15175 8286 8238 8211 8279
15176 8471 8466 8468 8465
15177 8279 8280 8286 8282
15178 11039 11040 11052 11046
15179 11567 11565 11568 11564
15180 8359 8361 8366 8362
15181 8359 8365 8366 8361
15182 8510 8505 8507 8503
15183 11043 11037 11044 11038
15184 8527 8517 8512 8252
15185 8344 8345 8349 8347
15186 11056 11073 11057 11070
15187 8344 8346 8349 8348
15188 8347 8346 8349 8344
15189 11043 11568 11044 11037
15190 8338 8355 8342 8341
15191 11037 11564 11568 11565
15192 11037 11397 11568 11564
15193 11067 11064 11066 11070
15194 8352 8355 8353 8349
15195 8530 8533 8532 8526
15196 8333 8337 8338 8336
15197 11066 11067 11054 11049
15198 11554 11061 11071 11060
15199 11554 11567 11552 11550
15200 8501 8507 8502 8528
15201 8349 8345 8340 8337
15202 8338 8337 8341 8336
15203 8341 8355 8340 8337
15204 8345 8344 8352 8366
15205 8349 8337 8340 8355
15206 11552 11553 11554 11550
15207 11069 11061 11554 11548
15208 11550 11565 11554 11568
15209 11550 11548 11554 11565
15210 8341 8337 8340 8336
15211 11060 11548 11554 11061
15212 11060 11565 11554 11548
15213 11568 11565 11554 11060
15214 11069 11061 11071 11554
15215 11069 11060 11071 11061
15216 11070 11063 11068 11072
15217 11070 11064 11066 11063
15218 11064 11069 11070 11065
15219 8338 8337 8342 8355
15220 8345 8330 8340 8337
15221 8336 8330 8340 8345
15222 8336 8337 8340 8330
15223 7479 7475 7486 7489
15224 10171 10172 10164 10166
15225 7501 7509 7507 7498
15226 10204 10213 10209 10159
15227 11063 11038 11044 11037
15228 11068 11038 11044 11063
15229 11064 11063 11072 11069
15230 11070 11063 11072 11064
15231 11068 11063 11044 11069
15232 8344 8348 8352 8351
15233 11047 11048 11052 11039
15234 11052 11045 11068 11039
15235 8494 8490 8488 8487
15236 11069 11060 11044 11071
15237 11047 11039 11052 11068
15238 11060 11037 11044 11568
15239 11070 11066 11056 11047
15240 11039 11038 11068 11047
15241 11039 11045 11068 11038
15242 8342 8338 8339 8337
15243 11039 11040 11046 11036
15244 8349 8345 8352 8340
15245 11068 11043 11044 11038
15246 8366 8351 8365 8344
15247 8505 8486 8497 8500
15248 11072 11063 11068 11069
15249 8492 8500 8497 8486
15250 10182 10167 10169 10183
15251 8336 8345 8352 8366
15252 10089 10065 10093 10088
15253 8535 8526 8528 8534
15254 8487 8493 8488 8494
15255 8523 8521 8524 8522
15256 8349 8348 8350 8353
15257 8252 8259 8244 8512
15258 10210 10213 10204 10159
15259 10059 10061 10118 10064
15260 8264 8531 8527 8252
15261 8243 8241 8244 8245
15262 8242 8241 8244 8243
15263 8250 8248 8244 8259
15264 8252 8248 8244 8250
15265 8250 8259 8244 8252
15266 8528 8537 8529 8535
15267 10944 11029 11055 11030
15268 11119 11029 10950 11027
15269 7487 7485 7498 7490
15270 8244 8252 8513 8245
15271 8512 8252 8513 8244
15272 8516 8252 8513 8512
15273 8184 8170 8185 8163
15274 8366 8381 8376 8368
15275 10070 10180 10179 10058
15276 10118 10059 10123 10116
15277 2425 2423 2405 2415
15278 7498 7505 7507 7501
15279 8487 8489 8503 8494
15280 10064 10042 10123 10059
15281 10042 10116 10123 10059
15282 10093 10117 10088 10118
15283 10059 10060 10064 10043
15284 10061 10060 10064 10059
15285 10093 10086 10088 10117
15286 8490 8489 8503 8514
15287 10086 10117 10093 10090
15288 10117 10122 10093 10090
15289 10123 10122 10093 10117
15290 10093 10086 10089 10088
15291 11056 11066 11054 11047
15292 9871 9881 9940 9863
15293 10061 10062 10065 10067
15294 11380 11385 11374 11384
15295 1521 1522 1549 1555
15296 10090 10094 10091 10122
15297 10118 10093 10065 10088
15298 10088 10062 10065 10118
15299 10061 10064 10065 10118
15300 10118 10062 10065 10061
15301 10065 10123 10118 10064
15302 8523 8521 8522 8519
15303 10094 10097 10093 10095
15304 10123 10065 10118 10093
15305 10065 10123 10064 10096
15306 10199 9960 9959 9958
15307 8516 8521 8523 8519
15308 10063 10067 10065 10062
15309 8833 8828 8830 8846
15310 10155 10162 10208 10037
15311 10064 10067 10061 10065
15312 8524 8521 8503 8537
15313 10067 10064 10066 10068
15314 10096 10069 10065 10097
15315 11053 11110 11111 11040
15316 10167 10164 10182 10172
15317 10050 10061 10047 10067
15318 10182 10177 10179 10187
15319 8519 8520 8523 8516
15320 7496 7488 8496 7497
15321 10177 10208 10056 10202
15322 1537 1534 1536 1540
15323 8533 8521 8535 8527
15324 8535 8521 8529 8527
15325 8527 8526 8535 8533
15326 1493 1500 1495 1496
15327 10140 10149 10163 10141
15328 10050 10053 10057 10052
15329 10051 10057 10067 10050
15330 10037 10044 10045 10036
15331 10061 10060 10047 10066
15332 10044 10208 10162 10037
15333 10056 10049 10046 10047
15334 10155 10037 10208 10048
15335 10208 10056 10202 10048
15336 10066 10067 10047 10061
15337 10050 10067 10047 10057
15338 10057 10049 10047 10052
15339 10056 10049 10047 10057
15340 10052 10050 10047 10057
15341 10209 10158 10202 10204
15342 10060 10036 10045 10043
15343 4768 4738 4737 4732
15344 10057 10066 10056 10070
15345 11054 11048 11053 11052
15346 8532 8526 8534 8554
15347 10048 10155 10202 10208
15348 10048 10037 10208 10046
15349 7500 7519 7503 7509
15350 10944 11029 10950 11051
15351 10159 10140 10209 10158
15352 7615 7606 7613 7614
15353 10209 10162 10208 10158
15354 8535 8532 8533 8526
15355 8493 7505 7508 7488
15356 11111 11105 11109 11102
15357 8478 8485 8484 8477
15358 11029 11049 11055 11030
15359 11111 11107 11046 11102
15360 10149 10140 10209 10213
15361 3219 3202 3215 3221
15362 8687 8694 8692 8689
15363 7485 7489 7486 7475
15364 8476 8550 8506 8541
15365 7510 7490 7498 7485
15366 7490 7485 7486 7487
15367 10149 10150 10163 10141
15368 11054 11056 11058 11057
15369 8528 8507 8506 8501
15370 8529 8528 8502 8507
15371 11055 11029 11051 11048
15372 8491 8500 8492 8486
15373 8329 8324 8327 8323
15374 8348 8323 8328 8329
15375 8477 8474 8480 8479
15376 8480 8474 8483 8500
15377 8479 8500 8480 8492
15378 10209 10149 10163 10140
15379 11067 11050 11054 11049
15380 10184 10183 10181 10182
15381 9546 9550 9549 9541
15382 8488 8493 7508 8494
15383 8535 8524 8537 8521
15384 7488 8494 7508 8493
15385 8503 8524 8525 8521
15386 10184 10187 10181 10188
15387 11119 11027 10950 11124
15388 5567 5624 5566 5618
15389 8529 8507 8503 8537
15390 8529 8489 8503 8502
15391 8502 8507 8503 8529
15392 11051 11029 10950 11119
15393 10948 10954 10955 10946
15394 11049 11048 11058 11054
15395 10949 11054 11055 11059
15396 11048 11029 11051 11119
15397 11031 11032 10944 11030
15398 11031 11030 10944 11050
15399 11049 11030 10944 11054
15400 11049 11050 10944 11030
15401 11054 11050 10944 11049
15402 11029 11028 10950 11027
15403 11051 11040 11053 11048
15404 11054 11049 11055 11058
15405 11054 11030 11055 11049
15406 11049 11048 11055 11058
15407 11049 11029 11055 11048
15408 10757 10760 10758 10753
15409 11046 11053 11111 11040
15410 10974 10973 10947 11028
15411 11119 11040 11051 11048
15412 11110 11040 11051 11119
15413 10946 11032 11033 11029
15414 10951 11028 10946 11033
15415 10950 11028 10946 10951
15416 11029 11028 10946 10950
15417 11029 11033 10946 11028
15418 10948 10974 10947 10946
15419 10170 10172 10187 10164
15420 10973 10980 10978 10974
15421 7490 7488 7487 7491
15422 8477 8478 8480 8474
15423 8487 8494 8508 8486
15424 8503 8494 8508 8487
15425 7515 7520 7511 7514
15426 8502 8489 8508 8486
15427 8503 8489 8508 8502
15428 8487 8489 8508 8503
15429 8487 8486 8508 8489
15430 7492 7488 7507 7490
15431 7511 7519 7500 7518
15432 8493 8494 8495 7488
15433 7507 7502 7504 7501
15434 7501 7505 7507 7506
15435 7477 7484 7499 7475
15436 8492 8491 8495 7488
15437 8486 8494 8491 8493
15438 7511 7519 7503 7500
15439 7504 7519 7503 7513
15440 8476 8541 8506 8501
15441 7922 7845 7924 7837
15442 5535 5531 5533 5526
15443 8501 8507 8505 8502
15444 8502 8500 8505 8501
15445 10149 10171 10170 10163
15446 11077 11125 10945 11115
15447 5674 5663 5678 5653
15448 8491 7488 8492 7491
15449 8499 8494 8496 8495
15450 8505 8498 8497 8494
15451 8492 8486 8497 8494
15452 8505 8494 8497 8486
15453 623 584 616 626
15454 7509 7518 7500 7519
15455 7511 7515 7512 7520
15456 7498 7485 7500 7510
15457 7510 7509 7500 7498
15458 7510 7518 7500 7509
15459 8479 8474 8480 8500
15460 8497 8504 8505 8500
15461 8495 7488 8496 7496
15462 7511 7520 7512 7519
15463 7504 7507 7503 7519
15464 7498 7490 7507 7487
15465 7487 7505 7507 7498
15466 7487 7488 7507 7505
15467 7509 7510 7507 7498
15468 7509 7494 7507 7510
15469 7498 7510 7507 7490
15470 7511 7519 7512 7503
15471 10953 10946 10955 10954
15472 8353 8328 8329 8348
15473 7507 7501 7503 7509
15474 7507 7509 7503 7519
15475 7509 7498 7503 7500
15476 7509 7501 7503 7498
15477 11033 10951 10954 10946
15478 10164 10172 10167 10166
15479 11033 11028 10954 10951
15480 11006 11028 10954 11033
15481 10973 10954 10947 11028
15482 10946 11033 10947 10954
15483 10946 10974 10947 11033
15484 11115 11124 11125 11027
15485 7517 7543 7540 7514
15486 7539 7548 7540 7549
15487 7518 7511 7540 7500
15488 8483 8478 8482 8474
15489 7517 7548 7540 7543
15490 8479 8485 7486 7491
15491 2609 2602 2604 2608
15492 7518 7517 7540 7511
15493 7518 7548 7549 7540
15494 7510 7518 7499 7500
15495 7549 7510 7518 7499
15496 7510 7485 7499 7484
15497 7500 7485 7499 7510
15498 10066 10057 10047 10067
15499 10210 10214 10204 10213
15500 10536 10543 10433 10541
15501 10141 10150 10165 10142
15502 10214 10211 10205 10215
15503 10205 10177 10203 10202
15504 10209 10177 10164 10170
15505 9190 9208 9196 9188
15506 1540 1538 1532 1539
15507 10187 10172 10182 10164
15508 7860 7919 7841 7836
15509 10181 10179 10178 10185
15510 10181 10180 10178 10179
15511 10056 10179 10177 10058
15512 7549 7510 7499 7484
15513 10052 10049 10058 10057
15514 10052 10054 10058 10049
15515 10268 10335 10333 10277
15516 10070 10057 10058 10056
15517 10182 10183 10169 10184
15518 10188 10185 10187 10181
15519 10203 10049 10058 10054
15520 10203 10177 10058 10056
15521 10056 10049 10058 10203
15522 10056 10057 10058 10049
15523 10206 10054 10178 10207
15524 3015 3022 3016 3024
15525 10205 10190 10206 10215
15526 10179 10058 10178 10177
15527 9203 9199 9201 9202
15528 10179 10177 10178 10185
15529 10206 10205 10178 10203
15530 10179 10180 10178 10058
15531 10182 10187 10184 10172
15532 10187 10173 10188 10184
15533 10167 9199 10169 10168
15534 9190 9192 9196 9208
15535 1256 1248 1249 1251
15536 9127 9335 9124 9146
15537 10178 10055 10207 10054
15538 10206 10203 10178 10054
15539 10058 10054 10178 10203
15540 10214 10185 10178 10177
15541 10215 10185 10178 10214
15542 10058 10203 10178 10177
15543 10205 10177 10178 10203
15544 10205 10214 10178 10177
15545 10215 10214 10178 10205
15546 9169 9206 9194 9163
15547 9163 9169 9207 9164
15548 9179 9177 9252 9176
15549 10174 9160 9196 9187
15550 9202 9208 9190 9188
15551 1523 1524 1521 1526
15552 625 632 630 627
15553 9218 9217 9213 9215
15554 10174 9188 9196 9208
15555 9202 9205 9201 9203
15556 9204 9205 9201 9202
15557 9184 9186 9175 9217
15558 2955 2958 2951 2957
15559 1529 1534 1523 1535
15560 9196 9192 9210 9208
15561 3622 3620 3614 3621
15562 1073 1066 1069 1074
15563 9201 9199 9200 10169
15564 2943 2947 2945 2944
15565 45 154 47 136
15566 1752 1471 1479 1472
15567 1252 943 1221 939
15568 1543 1516 1513 1544
15569 8363 8273 8364 8357
15570 9202 9204 9210 9201
15571 1032 1037 1005 1029
15572 2939 3000 2995 3087
15573 1484 1485 1525 1490
15574 2857 2854 2855 2852
15575 4452 4416 4456 4408
15576 945 944 940 936
15577 1063 1058 1059 1061
15578 918 911 914 915
15579 9665 9580 9659 9499
15580 1520 1529 1523 1526
15581 553 552 540 551
15582 1530 1542 1529 1531
15583 9201 9199 10175 9208
15584 3717 3784 3789 3815
15585 1530 1542 1541 1529
15586 1813 1808 1811 1807
15587 518 519 491 492
15588 9226 9227 9233 9234
15589 10173 10172 10175 10169
15590 4363 4353 4356 4355
15591 9197 9193 9198 9191
15592 1541 1538 1530 1529
15593 1536 1534 1532 1540
15594 9187 10142 9160 9149
15595 1529 1540 1532 1534
15596 816 808 1030 1033
15597 1519 1484 1520 1525
15598 1045 1047 1059 1061
15599 1223 1222 1227 1229
15600 1361 1363 1360 1359
15601 1458 1492 1483 1461
15602 1526 1635 1525 1527
15603 918 911 910 914
15604 1061 1056 1059 1057
15605 11331 11340 11341 11322
15606 1532 1540 1533 1536
15607 1539 1540 1533 1532
15608 9201 9208 10175 10176
15609 405 401 403 466
15610 9201 10176 10175 10169
15611 11058 11052 11056 11054
15612 1630 1632 1625 1615
15613 9252 9254 9253 9179
15614 1635 1519 1546 1555
15615 9201 10169 10175 9199
15616 10167 9199 10175 10169
15617 10174 9208 10175 9188
15618 9151 9189 9195 9149
15619 932 933 935 929
15620 1532 1538 1486 1539
15621 10066 10043 10064 10060
15622 9165 9168 9166 9161
15623 1455 1488 1456 1472
15624 1525 1485 1520 1538
15625 9127 9133 9374 9370
15626 9130 9227 9134 9129
15627 9227 9226 9233 9231
15628 1457 1456 1461 1458
15629 1229 1230 1231 1232
15630 1551 1628 1546 1635
15631 9165 9173 9180 9167
15632 2924 2931 2929 2928
15633 1532 1539 1486 1533
15634 1550 1547 1549 1552
15635 1025 1004 1007 1018
15636 1056 1064 952 913
15637 4567 4570 4569 4563
15638 958 917 940 909
15639 1539 1486 1459 1492
15640 1539 1533 1459 1486
15641 909 948 940 958
15642 2347 2345 2346 2341
15643 927 910 941 918
15644 1526 1522 1524 1521
15645 9129 9226 9134 9133
15646 9168 9182 9175 9171
15647 0 581 578 574
15648 2960 2956 2959 2961
15649 1060 1058 1053 1003
15650 1046 1043 1039 1040
15651 566 565 559 564
15652 1252 943 939 938
15653 9248 9251 9249 9241
15654 543 553 552 540
15655 3783 3782 3787 3784
15656 1045 1047 1052 1048
15657 920 922 919 918
15658 546 551 540 552
15659 543 545 533 546
15660 1083 1076 1065 1073
15661 541 543 631 533
15662 8636 6539 6511 6544
15663 2777 2750 2751 2748
15664 544 554 553 540
15665 3732 3734 3728 3731
15666 443 444 441 450
15667 436 404 447 434
15668 3749 3745 3906 3904
15669 2922 2915 2927 3738
15670 411 410 628 412
15671 620 410 628 615
15672 624 615 628 410
15673 2915 2957 3751 2953
15674 948 951 955 957
15675 9862 9859 9861 9855
15676 6804 6799 6803 6798
15677 624 410 628 411
15678 585 593 591 586
15679 2933 2929 2931 2928
15680 556 552 553 551
15681 952 1064 916 913
15682 23 16 18 25
15683 9165 9180 9228 9176
15684 540 552 543 546
15685 3697 3695 3696 3701
15686 1051 1047 1052 1045
15687 545 547 552 632
15688 549 551 538 546
15689 3724 3720 3725 3706
15690 2913 2917 2918 2922
15691 4354 4353 4356 4363
15692 3723 3718 3789 3717
15693 3704 3710 3713 3711
15694 2914 2911 2912 2917
15695 1065 1069 1067 1073
15696 2916 2915 2929 2922
15697 3739 3738 3737 3735
15698 920 1045 919 1051
15699 569 583 577 570
15700 1057 914 1041 1045
15701 3685 3698 3649 3689
15702 911 918 927 912
15703 3074 3072 3083 3091
15704 1057 1045 1041 1043
15705 1073 1046 1069 1070
15706 1796 1799 1792 1789
15707 2928 2931 2933 2934
15708 1068 1073 1072 1067
15709 540 536 535 537
15710 502 498 499 495
15711 914 1042 1045 915
15712 915 918 1045 914
15713 3391 3062 3065 3051
15714 2763 2747 2761 2764
15715 2935 3070 3079 3071
15716 545 547 548 552
15717 2927 3738 2932 3739
15718 1073 1071 1086 1072
15719 1547 1548 1573 1582
15720 914 913 919 1045
15721 1045 1047 1043 1059
15722 572 565 559 566
15723 919 913 916 1045
15724 1060 1063 1061 1058
15725 1059 1057 1043 1045
15726 913 914 1057 1045
15727 1 0 578 574
15728 1064 1045 1057 1061
15729 1064 913 1057 1045
15730 1064 1056 1057 913
15731 1061 1056 1057 1064
15732 548 551 546 552
15733 548 549 546 551
15734 548 552 546 545
15735 531 541 411 533
15736 1009 1066 1079 1076
15737 1063 1059 1055 1046
15738 9189 9187 9195 9149
15739 1577 1581 1617 1572
15740 540 546 538 551
15741 3740 3749 3910 3904
15742 1050 1074 1046 1049
15743 3641 3640 3648 3643
15744 5232 5241 10880 5247
15745 1634 1628 1635 1484
15746 1045 1047 1046 1043
15747 1050 1049 1046 1048
15748 1074 1066 1046 1062
15749 631 545 533 543
15750 1043 1047 1046 1059
15751 1048 1047 1046 1045
15752 1048 1049 1046 1047
15753 3806 3798 3800 3891
15754 1059 1047 1046 1061
15755 1061 1049 1047 1046
15756 1059 1061 1046 1063
15757 1045 1043 1044 1041
15758 1041 1042 1044 1045
15759 544 554 540 530
15760 3730 3734 3729 3732
15761 1069 1046 1039 1070
15762 1073 1076 1065 1066
15763 549 550 538 551
15764 3687 3688 3700 3695
15765 1073 1074 1069 1046
15766 1070 1046 1039 1040
15767 538 539 535 540
15768 2911 2915 3731 2953
15769 2973 2949 2964 3905
15770 498 477 469 478
15771 3738 2915 3734 2914
15772 3737 3738 3766 3735
15773 9940 9938 9939 9934
15774 3750 3744 3746 3743
15775 3757 3734 3729 3758
15776 2926 2928 2924 2930
15777 5888 5884 5882 5887
15778 2915 2911 3731 2914
15779 9637 9611 9639 9612
15780 3751 2915 3731 3735
15781 3751 2953 3731 2915
15782 2913 2914 3732 2912
15783 3733 2914 3732 2913
15784 3734 2914 3732 3733
15785 8152 8156 8225 8151
15786 3728 3732 3729 3734
15787 3746 3751 3742 3728
15788 10 578 6 9
15789 3751 3738 2915 3735
15790 3482 3475 3483 3492
15791 1787 1785 1786 1781
15792 3586 3611 3607 3598
15793 3732 3734 3731 2914
15794 2915 2914 3731 3734
15795 3735 2915 3731 3734
15796 543 546 533 534
15797 1559 1558 1561 1564
15798 465 1089 464 1086
15799 6434 6427 6419 6420
15800 439 431 438 432
15801 3464 3505 3506 3503
15802 3765 3764 3759 3760
15803 3597 3594 3589 3470
15804 3782 3775 3787 3781
15805 788 1021 1015 439
15806 461 456 454 459
15807 1073 1066 1065 1069
15808 1619 1617 1614 1616
15809 3728 3734 3729 3735
15810 2787 2607 2605 2781
15811 3758 3734 3729 3730
15812 1046 1043 1040 1044
15813 443 1019 451 432
15814 540 538 534 535
15815 453 463 455 456
15816 526 529 524 527
15817 528 530 537 529
15818 3758 3734 3760 3757
15819 3765 3766 3760 3737
15820 3735 3737 3760 3766
15821 3757 3746 3760 3744
15822 3729 3734 3760 3735
15823 3757 3734 3760 3729
15824 3764 3766 3760 3765
15825 3750 3744 3760 3746
15826 3728 3757 3760 3729
15827 3729 3735 3760 3728
15828 11650 11655 11649 11651
15829 3728 3746 3760 3757
15830 3751 3735 3760 3766
15831 3746 3751 3760 3750
15832 3728 3751 3760 3746
15833 3728 3735 3760 3751
15834 529 524 537 528
15835 1529 1525 1520 1538
15836 1046 1074 1069 1066
15837 2975 2967 2965 2972
15838 526 529 528 524
15839 544 542 528 537
15840 543 540 537 544
15841 533 542 531 541
15842 1635 1555 1546 1551
15843 1087 1078 1073 1088
15844 3774 3778 3767 3776
15845 1065 1073 1067 1071
15846 483 482 481 490
15847 1075 1078 1073 1077
15848 1077 1078 1073 1087
15849 1083 1077 1076 1073
15850 1075 1074 1073 1046
15851 1077 1074 1073 1075
15852 1051 1061 1047 1045
15853 1083 1073 1065 1081
15854 1062 1066 1073 1074
15855 1062 1077 1074 1073
15856 1076 1066 1073 1062
15857 1039 1046 1055 1043
15858 1059 1043 1055 1046
15859 1010 1054 1001 1009
15860 542 543 533 534
15861 1062 1063 1055 1046
15862 1583 1554 1582 1584
15863 1046 1066 1055 1062
15864 3220 3218 3219 3214
15865 1069 1046 1055 1039
15866 1069 1066 1055 1046
15867 1073 1081 1071 1065
15868 537 540 534 535
15869 537 543 534 540
15870 546 540 534 543
15871 1055 1066 1054 1062
15872 815 806 1033 1026
15873 1070 1073 1068 1069
15874 444 443 1020 452
15875 1067 1073 1072 1071
15876 1067 1069 1068 1073
15877 532 525 524 477
15878 1073 1087 1071 1081
15879 1063 1011 1054 1058
15880 532 535 522 537
15881 535 537 532 534
15882 6509 6505 6549 6502
15883 1081 456 455 1085
15884 537 542 532 534
15885 532 537 522 524
15886 8498 8492 8494 8495
15887 482 483 484 490
15888 3767 3776 3773 3774
15889 1555 1519 1546 1521
15890 9307 9327 9319 9317
15891 528 525 526 524
15892 532 542 524 525
15893 528 542 524 537
15894 2952 2951 2956 2958
15895 464 1086 461 465
15896 1073 1087 1086 1071
15897 1090 1089 1086 1087
15898 1088 1087 1086 1073
15899 1088 1090 1086 1087
15900 521 527 519 504
15901 1081 456 1086 1071
15902 1071 1087 1086 1081
15903 1081 1085 1086 456
15904 1081 1087 1086 1083
15905 463 456 1086 1085
15906 1089 463 464 1086
15907 1081 1083 1086 1085
15908 457 461 485 454
15909 523 537 524 522
15910 537 535 522 536
15911 3896 3907 3894 3887
15912 1013 1014 1015 1021
15913 3760 3750 3759 3744
15914 3764 3750 3759 3760
15915 3774 3779 3778 3776
15916 3760 3744 3755 3757
15917 3759 3744 3755 3760
15918 425 412 426 404
15919 3760 3756 3755 3759
15920 3756 3760 3755 3758
15921 3757 3758 3755 3760
15922 1589 1600 1588 1594
15923 1023 1082 1017 1020
15924 466 476 403 405
15925 1081 1083 1079 1065
15926 461 488 485 473
15927 102 108 103 280
15928 3749 3750 3745 3743
15929 3746 3743 3745 3750
15930 4989 4946 4998 4939
15931 3750 3751 3745 3746
15932 3749 3751 2957 3745
15933 3751 2957 3742 2953
15934 3745 2957 3742 3751
15935 3793 3896 3886 3888
15936 6298 6365 6290 6297
15937 1084 444 1020 452
15938 1020 1023 1016 1017
15939 405 412 411 413
15940 1084 1080 444 455
15941 3868 2971 3902 3908
15942 1486 1538 1485 1491
15943 3910 3906 2955 3905
15944 542 413 525 531
15945 1062 1063 1054 1055
15946 1010 1063 1011 1054
15947 1063 1059 1054 1055
15948 1063 1058 1054 1059
15949 1076 1010 1012 1009
15950 1062 1066 1009 1076
15951 452 443 1020 1019
15952 1082 1083 1079 1080
15953 520 496 521 519
15954 441 445 447 448
15955 472 446 442 474
15956 533 534 531 542
15957 1076 1066 1079 1065
15958 1456 1455 1460 1488
15959 1085 1082 1084 1080
15960 1081 1085 1080 1083
15961 624 533 411 541
15962 1083 1076 1079 1065
15963 1082 1076 1012 1079
15964 533 541 624 631
15965 9447 9438 9317 9440
15966 1633 1634 1626 1628
15967 1635 1526 1519 1555
15968 1525 1529 1520 1526
15969 11460 11448 11449 11444
15970 1582 1572 1573 1547
15971 1519 1484 1525 1635
15972 1635 1628 1546 1519
15973 440 441 447 449
15974 1574 1582 1573 1548
15975 1525 1519 1526 1520
15976 1520 1534 1523 1529
15977 1634 1525 1490 1484
15978 9985 9983 9989 9984
15979 1556 1528 1555 1557
15980 1527 1531 1530 1526
15981 1526 1519 1523 1520
15982 5167 5171 5176 5179
15983 1568 1564 1565 1559
15984 1526 1519 1521 1523
15985 1529 1524 1535 1523
15986 1527 1531 1526 1528
15987 1532 1529 1520 1538
15988 9169 9206 9211 9194
15989 2606 2592 2591 2600
15990 1633 1635 1634 1628
15991 3672 3857 4187 3664
15992 1604 1607 1600 1603
15993 6332 6264 6266 6333
15994 1579 1584 1583 1578
15995 1632 1617 1627 1615
15996 1632 1581 1627 1617
15997 3684 4275 4282 3688
15998 1581 1572 1582 1545
15999 1617 1581 1627 1545
16000 1267 1220 1213 1262
16001 1581 1551 1627 1545
16002 492 489 487 518
16003 1616 1571 1612 1575
16004 1582 1581 1577 1572
16005 1546 1555 1552 1551
16006 1552 1548 1550 1547
16007 1552 1547 1549 1545
16008 1552 1545 1549 1546
16009 3372 3375 3377 3455
16010 1521 1555 1549 1546
16011 1552 1546 1549 1555
16012 10197 10201 10200 10196
16013 1581 1553 1551 1552
16014 1582 1553 1583 1581
16015 1546 1551 1552 1545
16016 1582 1547 1552 1545
16017 1551 1556 1635 1555
16018 1545 1581 1552 1582
16019 1545 1551 1552 1581
16020 460 457 461 458
16021 523 524 518 522
16022 459 457 454 461
16023 461 475 454 463
16024 526 520 521 519
16025 1621 1619 1618 1620
16026 445 446 401 405
16027 3724 3726 3727 3713
16028 6507 6497 6440 6504
16029 478 490 513 494
16030 527 519 524 526
16031 3771 3776 3767 3768
16032 524 525 519 477
16033 526 525 519 524
16034 524 477 492 522
16035 519 477 492 524
16036 524 518 492 519
16037 524 522 492 518
16038 3783 3786 3787 3782
16039 1308 1277 1275 1304
16040 463 1086 461 464
16041 459 457 461 460
16042 459 460 461 1086
16043 492 496 491 477
16044 463 456 461 1086
16045 459 1086 461 456
16046 377 375 376 384
16047 479 487 484 483
16048 370 367 374 384
16049 3767 3778 3796 3768
16050 3727 3723 3790 3726
16051 519 477 520 496
16052 519 525 520 477
16053 3699 3712 3690 3713
16054 3768 3771 3779 3762
16055 3775 3776 3773 3767
16056 490 514 513 515
16057 521 527 526 519
16058 3756 3759 3753 3755
16059 3755 3759 3753 3752
16060 3786 3776 3775 3769
16061 3791 3787 3790 3792
16062 3790 3787 3789 3723
16063 1010 1009 1001 1004
16064 3754 3759 3753 3756
16065 3771 3759 3772 3776
16066 3753 3754 3772 3759
16067 3753 3759 3772 3771
16068 3695 3690 3694 3677
16069 3786 3769 3770 3776
16070 379 378 395 385
16071 520 477 501 496
16072 6346 6343 6350 6351
16073 3777 3787 3792 3788
16074 3771 3776 3770 3769
16075 3772 3776 3770 3771
16076 3780 3776 3779 3777
16077 526 520 519 525
16078 3776 3778 3767 3768
16079 501 477 491 496
16080 751 774 752 746
16081 3784 3723 3789 3787
16082 502 504 521 496
16083 502 504 496 503
16084 631 545 624 533
16085 3776 3769 3767 3775
16086 516 500 499 515
16087 9546 9550 9541 9547
16088 521 501 502 496
16089 3769 3776 3767 3771
16090 483 487 490 491
16091 473 454 485 461
16092 614 619 612 611
16093 492 475 477 473
16094 461 475 473 454
16095 461 488 473 475
16096 3891 3885 3893 3890
16097 492 519 491 496
16098 468 479 487 485
16099 485 479 487 480
16100 11108 11201 11195 11202
16101 479 480 484 487
16102 461 458 485 486
16103 457 458 485 461
16104 473 488 485 492
16105 487 468 483 479
16106 518 492 491 487
16107 485 486 487 461
16108 485 492 487 473
16109 485 473 487 468
16110 468 473 487 477
16111 492 477 487 473
16112 485 488 487 492
16113 461 488 487 485
16114 488 489 487 492
16115 461 489 487 488
16116 9594 9611 9598 9616
16117 490 482 481 514
16118 1582 1572 1577 1578
16119 391 493 392 494
16120 493 499 508 516
16121 499 503 495 500
16122 516 500 515 517
16123 1575 1571 1612 1558
16124 490 496 495 501
16125 1564 1569 1575 1579
16126 477 468 467 471
16127 481 490 478 483
16128 471 483 478 490
16129 3725 3713 3726 3724
16130 491 483 471 490
16131 483 487 471 468
16132 491 487 471 483
16133 487 477 471 468
16134 491 477 471 487
16135 9977 10012 10011 9969
16136 4283 4284 3700 4282
16137 494 505 391 493
16138 471 491 478 477
16139 490 491 478 471
16140 490 477 478 491
16141 495 490 498 478
16142 495 501 498 490
16143 4286 4285 4283 4277
16144 494 495 493 498
16145 490 477 498 478
16146 490 501 498 477
16147 3683 3693 3695 3692
16148 498 398 400 392
16149 499 495 508 515
16150 3693 3691 3695 3692
16151 3661 3655 3660 3662
16152 516 515 508 517
16153 6929 6938 6931 6935
16154 497 499 498 493
16155 490 495 513 494
16156 506 515 507 509
16157 1574 1582 1578 1573
16158 517 511 512 508
16159 3676 3686 3678 3641
16160 478 490 494 495
16161 394 405 383 403
16162 513 515 507 506
16163 516 510 511 493
16164 3643 3641 3678 3686
16165 6075 6073 6080 6123
16166 11186 11190 11129 11185
16167 508 515 506 509
16168 516 511 508 493
16169 498 495 493 499
16170 493 495 508 499
16171 517 509 515 508
16172 481 514 513 490
16173 513 514 507 515
16174 490 515 513 495
16175 505 508 513 506
16176 508 495 513 515
16177 493 505 513 494
16178 508 505 513 493
16179 508 493 513 495
16180 494 495 513 493
16181 1561 1559 1568 1562
16182 1570 1564 1568 1569
16183 2050 2046 2049 2047
16184 2579 2576 2581 2577
16185 1616 1575 1619 1617
16186 3749 3743 3741 3750
16187 1571 1558 1575 1564
16188 4285 4278 4282 4277
16189 1573 1561 1578 1574
16190 1563 1569 1576 1575
16191 1561 1564 1571 1573
16192 1573 1572 1578 1564
16193 1468 1743 1750 1673
16194 1561 1564 1578 1568
16195 1573 1564 1578 1561
16196 1563 1569 1575 1566
16197 1561 1558 1571 1564
16198 1564 1566 1575 1569
16199 450 1084 452 444
16200 386 397 387 379
16201 6384 6476 6485 6477
16202 1579 1584 1578 1580
16203 494 398 392 391
16204 1579 1576 1569 1575
16205 1571 1564 1575 1572
16206 1578 1579 1575 1577
16207 1578 1564 1575 1579
16208 1578 1572 1575 1564
16209 1577 1572 1575 1578
16210 1079 1012 1017 1009
16211 1576 1577 1619 1575
16212 1575 1563 1619 1576
16213 1632 1629 1622 1615
16214 1062 1049 1046 1074
16215 1007 1011 1008 1001
16216 6176 6172 6180 6173
16217 474 462 442 453
16218 1616 1575 1612 1619
16219 474 477 475 472
16220 1577 1621 1576 1619
16221 442 462 444 455
16222 398 494 392 498
16223 1608 1618 1603 1605
16224 1622 1615 1619 1617
16225 1617 1577 1619 1622
16226 1617 1575 1619 1577
16227 1618 1610 1611 1614
16228 469 477 470 471
16229 1599 1598 1600 1603
16230 3748 3749 3740 3741
16231 497 498 392 493
16232 510 497 392 493
16233 4664 4649 4642 4645
16234 3887 3896 3895 3888
16235 406 409 407 405
16236 5913 5892 5889 5891
16237 405 476 403 394
16238 394 476 403 470
16239 467 477 476 472
16240 3869 3865 3874 3859
16241 467 477 472 473
16242 3774 3773 3802 3813
16243 1551 1632 1581 1627
16244 1634 1484 1626 1628
16245 6173 6117 6116 6118
16246 633 627 634 635
16247 10275 10272 10270 10274
16248 404 405 406 407
16249 3781 3774 3813 3773
16250 3821 3828 3823 3826
16251 6253 6252 6255 6254
16252 463 1085 455 456
16253 462 463 455 453
16254 1081 1085 455 1080
16255 1622 1617 1632 1615
16256 423 426 618 420
16257 1010 1011 1001 1054
16258 3795 3888 3747 3804
16259 377 387 374 384
16260 6352 6344 6437 6348
16261 3767 3774 3796 3778
16262 3774 3773 3796 3802
16263 3774 3767 3796 3773
16264 3750 3744 3741 3752
16265 3750 3743 3741 3744
16266 6436 6433 6441 6443
16267 3742 3745 2950 2957
16268 470 477 476 467
16269 2490 2057 2484 2056
16270 454 463 453 456
16271 472 474 453 475
16272 475 473 453 472
16273 475 454 453 473
16274 474 463 462 453
16275 454 475 453 463
16276 476 470 394 469
16277 472 474 476 446
16278 1608 1604 1605 1603
16279 501 520 476 477
16280 520 525 476 477
16281 469 498 476 477
16282 400 498 476 469
16283 525 409 520 476
16284 531 525 476 413
16285 531 532 476 525
16286 477 525 476 532
16287 400 501 408 476
16288 501 477 476 498
16289 1551 1546 1627 1545
16290 1551 1628 1627 1546
16291 420 404 426 410
16292 1653 1651 1662 1638
16293 1802 1794 1795 1798
16294 1004 1009 1017 1012
16295 1474 1595 1590 1467
16296 1746 1750 1747 1743
16297 9330 9336 9322 9331
16298 789 816 781 1013
16299 1588 1595 1590 1589
16300 1631 1626 1625 1633
16301 2763 2759 2760 2758
16302 1467 1588 1672 1595
16303 592 584 585 590
16304 1762 1755 1745 1742
16305 451 1021 439 1015
16306 1627 1632 1625 1633
16307 1769 1765 1768 1773
16308 1646 1760 1724 1640
16309 1636 1641 1638 1648
16310 1480 1482 1487 1473
16311 1596 1631 1475 1624
16312 1631 1475 1624 1470
16313 1593 1595 1672 1588
16314 1470 1626 1624 1631
16315 453 462 442 455
16316 452 1019 1020 1023
16317 472 474 442 453
16318 452 449 450 443
16319 408 409 405 476
16320 597 604 599 602
16321 4185 4186 4019 4184
16322 7834 7812 7831 7823
16323 476 400 405 408
16324 476 413 405 531
16325 476 409 405 413
16326 383 405 402 403
16327 467 470 466 476
16328 401 446 466 405
16329 1597 1600 1591 1587
16330 1473 1471 1481 1479
16331 3795 3899 3747 3888
16332 441 443 449 440
16333 3829 3889 3823 3824
16334 4312 4313 4309 4306
16335 3886 3896 3887 3888
16336 3749 2957 3906 3745
16337 2949 3905 2955 3906
16338 413 407 409 405
16339 405 446 466 476
16340 3812 3800 3811 3807
16341 3810 3814 3653 3816
16342 407 424 406 404
16343 3898 3907 3895 3887
16344 3801 3798 3800 3807
16345 6077 6045 6069 6076
16346 377 367 372 380
16347 3639 3663 3675 3650
16348 3502 3504 3495 3497
16349 6110 6111 6112 6107
16350 1693 1715 1646 1721
16351 3852 3851 3849 3854
16352 8960 8963 8962 8953
16353 614 615 612 620
16354 420 433 419 415
16355 1603 1607 1600 1609
16356 1619 1615 1614 1617
16357 3829 3806 3893 3889
16358 469 398 394 400
16359 383 394 395 397
16360 405 476 394 400
16361 469 400 394 476
16362 383 404 402 405
16363 1619 1616 1611 1612
16364 395 398 388 389
16365 405 401 402 403
16366 385 397 395 379
16367 379 396 389 390
16368 2448 2445 2413 2453
16369 3798 3799 3801 3793
16370 3673 4193 3671 4187
16371 377 367 374 372
16372 656 654 710 655
16373 666 651 659 660
16374 404 405 397 406
16375 394 405 397 383
16376 397 408 406 405
16377 4972 4975 4974 4970
16378 398 391 388 392
16379 383 397 395 385
16380 383 404 397 387
16381 383 405 397 404
16382 9958 9963 9960 9959
16383 397 396 389 379
16384 399 390 393 389
16385 370 373 369 374
16386 364 658 661 651
16387 3877 3872 3879 3871
16388 392 399 389 400
16389 389 378 388 395
16390 400 398 389 392
16391 3831 3672 3668 3856
16392 394 398 395 400
16393 1618 1614 1611 1619
16394 1614 1616 1611 1619
16395 1613 1610 1598 1603
16396 1623 1615 1613 1618
16397 1623 1596 1589 1624
16398 1619 1615 1618 1614
16399 1618 1614 1613 1610
16400 1622 1615 1618 1619
16401 1622 1629 1618 1615
16402 1621 1622 1618 1619
16403 1605 1621 1608 1618
16404 1598 1603 1599 1613
16405 1624 1630 1623 1596
16406 1625 1615 1623 1630
16407 1625 1630 1623 1624
16408 1618 1610 1613 1603
16409 1618 1629 1623 1615
16410 1589 1600 1594 1609
16411 1609 1630 1596 1623
16412 1630 1615 1623 1629
16413 1589 1587 1588 1600
16414 1629 1607 1608 1603
16415 1623 1618 1603 1629
16416 1623 1629 1603 1609
16417 659 666 652 651
16418 3893 3896 3894 3886
16419 404 445 416 401
16420 370 655 369 373
16421 3975 3969 3953 3866
16422 402 404 416 401
16423 3749 3743 3904 3740
16424 1609 1596 1589 1623
16425 1607 1602 1604 1600
16426 4190 4195 4301 4214
16427 93 606 91 97
16428 5167 5171 5169 5176
16429 1589 1595 1590 1596
16430 377 375 384 367
16431 1601 1606 1592 1591
16432 1638 1641 1639 1653
16433 1609 1603 1589 1600
16434 1609 1623 1589 1603
16435 1599 1603 1589 1623
16436 1600 1603 1589 1599
16437 416 404 434 445
16438 590 584 585 602
16439 1755 1665 1745 1742
16440 821 970 846 965
16441 9336 9333 9334 9331
16442 9378 9242 9380 9370
16443 1640 1693 1646 1639
16444 1600 1599 1597 1598
16445 1693 1641 1639 1637
16446 1592 1594 1593 1591
16447 404 445 447 434
16448 1600 1602 1591 1606
16449 790 431 779 437
16450 1587 1599 1597 1600
16451 639 641 725 638
16452 402 383 382 404
16453 1663 1667 1664 1671
16454 1588 1587 1591 1600
16455 1588 1600 1591 1594
16456 1588 1594 1591 1593
16457 418 404 416 402
16458 384 385 376 377
16459 661 655 710 654
16460 5897 5898 5894 6177
16461 385 378 376 379
16462 4342 4344 4343 4339
16463 385 379 376 377
16464 4209 4216 4210 4212
16465 6360 6362 6354 6359
16466 4214 4216 4190 4195
16467 434 415 420 416
16468 380 386 372 377
16469 3677 3689 3694 3676
16470 1677 1683 1680 1685
16471 670 637 665 662
16472 6089 6070 6078 6062
16473 619 700 611 613
16474 384 367 374 377
16475 416 404 420 434
16476 384 374 369 382
16477 417 655 419 369
16478 3856 3664 3847 3857
16479 387 383 382 385
16480 387 404 382 383
16481 387 385 382 384
16482 3945 3944 3947 3942
16483 3315 3164 3166 3168
16484 384 370 369 374
16485 434 433 420 415
16486 1746 1743 1667 1673
16487 3866 3860 3953 3858
16488 2978 2996 2980 2990
16489 6437 6436 6441 6443
16490 420 422 419 423
16491 781 816 814 808
16492 624 615 629 628
16493 1013 1021 1015 788
16494 2965 2971 2963 2970
16495 3893 3885 3892 3890
16496 1199 1250 1198 1205
16497 1474 1467 1590 1469
16498 2973 2955 2968 2949
16499 430 431 438 437
16500 660 654 653 657
16501 3829 3892 3828 3889
16502 623 621 622 616
16503 3859 3882 3874 3869
16504 4196 4012 4036 4198
16505 3526 3521 3538 3536
16506 3908 3898 3901 3897
16507 785 778 701 702
16508 9542 5900 6179 5894
16509 6557 6492 6486 6562
16510 799 803 797 796
16511 411 541 628 624
16512 4994 4999 4990 4997
16513 6352 6344 6441 6437
16514 1188 1187 1192 1184
16515 1018 1004 1007 1000
16516 2950 2949 2955 3906
16517 420 417 419 369
16518 1021 1014 1015 1022
16519 1020 1019 1016 1023
16520 1035 1029 1028 1026
16521 421 423 713 419
16522 628 631 629 624
16523 2950 3745 3906 2957
16524 637 670 665 645
16525 425 404 426 420
16526 9322 9315 9312 9336
16527 416 415 420 418
16528 416 418 420 404
16529 415 417 420 418
16530 1624 1596 1590 1475
16531 440 445 447 441
16532 422 425 423 420
16533 425 404 420 424
16534 418 382 420 404
16535 369 418 420 417
16536 1471 1468 1748 1476
16537 382 418 420 369
16538 1469 1468 1471 1476
16539 424 404 420 387
16540 369 374 420 382
16541 382 387 420 404
16542 374 387 420 382
16543 626 627 617 630
16544 10005 10002 9997 10003
16545 369 655 419 373
16546 369 374 419 420
16547 369 373 419 374
16548 373 422 421 419
16549 420 374 419 422
16550 1808 1809 1460 1455
16551 1480 1490 1487 1482
16552 1673 1476 1750 1468
16553 1479 1471 1481 1472
16554 1750 1751 1744 1748
16555 1028 1032 963 1029
16556 2974 2966 2968 2969
16557 984 981 983 979
16558 1673 1467 1667 1672
16559 1467 1469 1474 1468
16560 1468 1673 1474 1467
16561 1672 1474 1673 1467
16562 1469 1475 1590 1474
16563 1776 1784 1770 1780
16564 1469 1470 1590 1475
16565 1624 1475 1590 1470
16566 1476 1468 1748 1750
16567 1468 1743 1748 1750
16568 9137 9140 9139 9145
16569 978 979 981 977
16570 1814 1793 1810 1811
16571 1480 1626 1478 1634
16572 9139 9145 9316 9137
16573 10323 10300 10321 10240
16574 1473 1470 1478 1480
16575 1461 1456 1489 1483
16576 1750 1752 1751 1748
16577 1477 1470 1478 1473
16578 1749 1752 1748 1751
16579 1586 1587 1585 1591
16580 9378 9369 9375 9376
16581 9314 9316 9309 9315
16582 1447 1449 1324 1445
16583 999 938 989 936
16584 10615 10617 10612 10616
16585 1479 1472 1481 1488
16586 1313 1798 1804 1805
16587 9332 9322 9312 9336
16588 961 965 973 968
16589 2050 2053 2052 2049
16590 596 595 588 64
16591 1029 1032 963 964
16592 1487 1473 1481 1479
16593 845 852 844 853
16594 1201 1204 1203 1197
16595 9341 9370 9374 9369
16596 9111 9115 9112 9099
16597 11653 11657 11612 11647
16598 9677 9680 9679 9675
16599 9143 9700 9309 9135
16600 9137 9135 9138 9145
16601 9338 9333 9334 9336
16602 1486 1492 1483 1459
16603 9315 9329 9322 9310
16604 9127 9133 9131 9128
16605 994 993 990 1248
16606 9143 9135 9316 9145
16607 1460 1456 1457 1455
16608 1217 1212 1207 1210
16609 1455 1749 1806 1753
16610 1455 1472 1753 1488
16611 1455 1809 1753 1806
16612 1752 1472 1753 1749
16613 1488 1752 1479 1472
16614 1806 1807 1809 1774
16615 1808 1807 1809 1806
16616 1816 1811 1812 1794
16617 1037 1005 1029 1002
16618 9143 9135 9144 10128
16619 9138 9135 9136 9145
16620 9231 9236 9233 9227
16621 9128 9133 9374 9127
16622 1489 1479 1487 1481
16623 1490 1485 1480 1484
16624 630 622 629 617
16625 3637 3635 3628 3614
16626 1477 1487 1479 1473
16627 1489 1492 1461 1483
16628 8823 8820 8821 8813
16629 9216 9238 9215 9229
16630 1484 1634 1480 1490
16631 940 958 953 944
16632 5344 5341 5343 5347
16633 2981 2988 2979 2987
16634 2880 2873 2878 2875
16635 1490 1478 1634 1480
16636 9187 10165 9160 10142
16637 9247 9381 9372 9091
16638 1022 1019 1015 451
16639 9208 9210 9212 9209
16640 1461 1488 1489 1456
16641 559 547 558 555
16642 917 944 958 940
16643 1458 1459 1483 1492
16644 9136 9150 9157 9148
16645 9149 10142 9156 10131
16646 9144 9136 9157 9155
16647 9167 9173 9132 9130
16648 1456 1458 1483 1461
16649 1486 1491 1483 1492
16650 2993 2925 2991 3000
16651 125 86 128 127
16652 993 997 990 987
16653 1457 1460 1461 1456
16654 624 615 625 629
16655 3851 3838 3849 3853
16656 1463 1466 1462 1493
16657 1478 1475 1631 1470
16658 9211 9194 9198 9169
16659 1487 1473 1478 1480
16660 447 450 449 441
16661 1456 1488 1481 1472
16662 1489 1483 1482 1491
16663 1491 1485 1482 1490
16664 1491 1486 1482 1485
16665 1483 1486 1482 1491
16666 1482 1485 1480 1490
16667 1634 1484 1480 1626
16668 1023 1012 1025 1017
16669 440 434 447 445
16670 1080 1082 1017 1079
16671 1489 1482 1481 1487
16672 1489 1488 1481 1456
16673 1473 1469 1477 1470
16674 1475 1470 1477 1469
16675 1473 1471 1477 1469
16676 1476 1469 1477 1471
16677 1474 1477 1476 1469
16678 877 874 858 870
16679 1487 1482 1481 1473
16680 1626 1470 1478 1631
16681 1480 1470 1478 1626
16682 949 1053 959 951
16683 1004 1010 1007 1001
16684 1009 1012 1004 1010
16685 1011 1058 1001 1054
16686 441 450 449 443
16687 451 1019 1015 432
16688 564 551 555 556
16689 404 412 411 405
16690 429 419 435 428
16691 1011 1003 1001 1058
16692 1020 1082 1017 1080
16693 442 446 448 474
16694 476 448 405 446
16695 616 621 613 601
16696 1016 1014 1022 1019
16697 404 410 411 412
16698 451 438 449 432
16699 445 446 448 441
16700 6194 6197 6198 6195
16701 448 462 450 442
16702 441 442 448 450
16703 446 442 448 441
16704 1084 1080 1020 444
16705 1084 1082 1020 1080
16706 10833 10837 10835 10828
16707 430 432 438 431
16708 632 629 631 625
16709 11652 11644 11650 11649
16710 605 603 621 601
16711 960 952 957 951
16712 430 434 436 440
16713 1016 1014 1018 1024
16714 788 439 1015 431
16715 438 435 436 430
16716 623 626 616 617
16717 1024 1014 1022 1016
16718 1011 1006 1008 1003
16719 1016 1019 1022 1023
16720 1038 1033 816 1030
16721 1019 443 451 452
16722 2949 3905 2973 2955
16723 1008 1006 1002 1003
16724 451 432 1015 439
16725 1000 1018 1036 1007
16726 1017 1004 1025 1016
16727 949 1003 1002 1006
16728 404 412 426 410
16729 8835 8767 8836 8760
16730 3898 3897 3908 3907
16731 1028 967 963 1032
16732 617 615 622 629
16733 1747 1750 1744 1743
16734 2969 2956 2968 2974
16735 2987 2983 2981 2988
16736 951 947 955 950
16737 2955 2958 2956 2951
16738 3906 2957 2955 2950
16739 3904 3749 3910 3906
16740 777 770 767 782
16741 3903 3904 3910 3906
16742 3533 3538 3537 3543
16743 1022 1025 1024 1016
16744 956 947 955 948
16745 3745 3743 3904 3749
16746 3910 2957 2955 3906
16747 9588 9590 9589 9587
16748 1029 1005 964 1002
16749 1023 1017 1025 1016
16750 3898 3899 3895 3909
16751 3904 3899 3910 3740
16752 3803 3796 3805 3794
16753 6080 6065 6078 6074
16754 3903 3899 3910 3904
16755 3903 3909 3910 3899
16756 3903 3905 3910 3909
16757 3906 3905 3910 3903
16758 2954 2953 2951 2958
16759 1064 957 960 952
16760 3013 3019 3018 3014
16761 2974 2971 2973 2966
16762 65 596 588 64
16763 3809 3658 3812 3810
16764 3677 3688 3687 3695
16765 3647 3644 3645 3638
16766 2951 2949 2968 2955
16767 3640 3642 3648 3643
16768 81 79 595 77
16769 622 623 616 617
16770 1000 1001 1008 1003
16771 547 545 625 632
16772 632 627 625 547
16773 595 586 588 64
16774 564 560 559 548
16775 913 910 916 909
16776 949 1006 959 1053
16777 9455 9459 9452 9457
16778 629 620 628 615
16779 2952 2956 2968 2969
16780 1014 1038 1031 1024
16781 3006 3012 3010 3007
16782 801 775 771 769
16783 2955 3909 3910 3905
16784 612 420 618 426
16785 2973 2966 2968 2974
16786 5722 5719 5721 5726
16787 1008 1000 1002 1037
16788 949 1006 1002 1005
16789 10213 10170 10214 10209
16790 1008 1003 1002 1000
16791 961 965 969 966
16792 1036 1008 1037 1000
16793 1036 1025 1007 1018
16794 630 627 617 625
16795 972 950 954 966
16796 950 962 954 966
16797 977 986 981 985
16798 3412 3424 3414 3428
16799 2972 2974 2967 2966
16800 1002 1005 964 949
16801 1029 1032 964 1005
16802 6385 6491 6479 6476
16803 68 67 64 65
16804 3080 2941 3029 3087
16805 70 573 65 579
16806 2951 2955 2968 2956
16807 2966 2973 2964 2971
16808 962 966 969 954
16809 3578 3558 3552 3550
16810 4219 4220 4215 4202
16811 1002 1037 1027 1029
16812 2971 2973 2964 3902
16813 1031 1034 1030 1026
16814 592 587 585 584
16815 8556 8406 8555 8405
16816 1208 1215 1209 1207
16817 616 623 605 584
16818 573 579 589 65
16819 849 976 1142 974
16820 6372 6378 6354 6379
16821 617 615 614 622
16822 6731 6728 6720 6729
16823 2969 2966 2967 2974
16824 2974 2989 2967 2969
16825 2974 2971 2966 2972
16826 946 942 999 938
16827 9328 9323 9343 9325
16828 602 604 601 597
16829 1746 1747 1742 1743
16830 9639 9634 9636 9633
16831 796 803 795 802
16832 1035 1026 1027 1029
16833 2998 2990 2980 2996
16834 2978 2986 2977 2980
16835 981 977 980 978
16836 128 127 118 125
16837 10276 10279 10278 10273
16838 3908 3868 3900 3902
16839 3908 3897 3900 3870
16840 982 961 973 968
16841 2974 2959 2969 2956
16842 602 590 608 585
16843 1035 1026 1028 815
16844 617 622 614 616
16845 3908 3870 3900 3868
16846 9810 9803 9804 9802
16847 2973 3905 2964 3902
16848 2893 2906 2891 2885
16849 616 622 614 621
16850 1035 967 815 1028
16851 1035 1032 1028 1029
16852 10985 10987 10997 10984
16853 3099 3191 3189 3092
16854 855 851 854 850
16855 277 273 686 680
16856 600 609 607 599
16857 210 208 207 216
16858 3198 2962 3201 2970
16859 2973 2966 2964 2968
16860 1029 1037 1027 1035
16861 2975 2972 2965 2976
16862 688 607 598 600
16863 2970 2972 2976 2965
16864 2972 2966 2965 2971
16865 3901 3897 3900 3908
16866 3870 2971 2970 3868
16867 1014 1024 1031 1018
16868 3905 3909 3902 2973
16869 5918 5910 5921 5908
16870 1030 1038 1013 816
16871 3908 2973 2971 3902
16872 1035 1034 1027 1026
16873 1031 1026 1027 1034
16874 619 611 618 612
16875 2968 2949 2964 2973
16876 2966 2971 2964 2963
16877 3902 2963 2964 2971
16878 1002 1000 1027 1037
16879 618 620 619 612
16880 697 603 698 694
16881 1024 1034 1038 1031
16882 1018 1024 1031 1036
16883 426 410 612 420
16884 808 806 1030 1033
16885 620 615 612 410
16886 3819 3815 3817 3787
16887 432 431 1015 439
16888 619 699 618 611
16889 1000 1018 1027 1036
16890 1031 1036 1027 1018
16891 1033 1026 1030 1034
16892 3908 3909 3901 3898
16893 789 1038 816 1013
16894 6844 6860 6847 6839
16895 10233 10236 10234 10239
16896 622 615 614 620
16897 801 769 771 795
16898 1031 1038 1030 1034
16899 6275 6273 6274 6269
16900 687 688 680 681
16901 3939 3948 3942 3943
16902 1021 1038 1013 1014
16903 420 435 419 433
16904 364 373 658 370
16905 439 437 438 431
16906 614 621 613 616
16907 603 601 613 621
16908 614 619 613 621
16909 3902 3909 3901 3908
16910 1021 789 788 1013
16911 975 982 973 855
16912 618 713 423 419
16913 3903 3909 3901 3905
16914 1031 1014 1013 1038
16915 6050 6042 6022 6023
16916 790 439 788 431
16917 789 439 1021 788
16918 8232 8305 8304 8291
16919 440 432 438 430
16920 436 440 438 430
16921 449 432 438 440
16922 620 410 612 426
16923 8831 8835 8834 8825
16924 620 619 612 614
16925 4035 4211 4036 4213
16926 692 685 695 676
16927 420 434 436 433
16928 430 433 436 434
16929 435 433 436 430
16930 419 420 618 612
16931 419 423 618 420
16932 612 611 618 419
16933 680 686 678 677
16934 3198 2976 3200 2975
16935 3870 3868 3863 3861
16936 3974 3968 3975 3970
16937 9597 9591 9598 9596
16938 3878 3832 3844 3875
16939 3958 3950 3961 3951
16940 3890 3889 3892 3893
16941 3908 3869 3907 3897
16942 3869 3894 3907 3882
16943 6434 6433 6419 6443
16944 6488 6492 6493 6486
16945 4271 4274 4273 4264
16946 6804 6810 6800 6791
16947 3883 3885 3894 3882
16948 6327 7252 6320 7258
16949 771 813 803 768
16950 1735 1729 1754 1761
16951 5721 5719 5683 5725
16952 6328 6334 6330 6331
16953 6328 6345 6364 6350
16954 6009 6006 6013 6008
16955 6329 6346 6351 6347
16956 6312 7247 6307 7239
16957 4258 4319 4359 4320
16958 6434 6433 6442 6439
16959 6508 6344 6351 6343
16960 6842 6845 6745 6837
16961 9579 9581 9586 9529
16962 6343 6344 6351 6347
16963 3105 3126 3109 3122
16964 98 93 94 92
16965 6371 6378 6354 6372
16966 7011 7017 6984 7009
16967 6324 8601 8628 8598
16968 11608 11614 11657 11607
16969 124 117 122 121
16970 3991 3992 3990 3996
16971 7022 7019 7021 7024
16972 4271 4255 4264 4263
16973 2961 2930 2923 2929
16974 4021 4029 4022 4018
16975 6247 6241 6255 6248
16976 6255 6251 6256 6246
16977 3824 3806 3811 3829
16978 6348 6332 6263 6352
16979 4306 4311 4312 4313
16980 6261 6257 6258 6260
16981 6251 6238 6255 6253
16982 4263 4273 4264 4271
16983 3810 3816 3818 3814
16984 3891 3798 3800 3886
16985 3907 3909 3908 3898
16986 3428 3564 3429 3424
16987 3818 3813 3803 3808
16988 3799 3807 3801 3808
16989 3799 3794 3801 3793
16990 3794 3795 3804 3793
16991 3809 3807 3811 3806
16992 3888 3899 3895 3898
16993 3886 3793 3800 3896
16994 3402 3389 3400 3388
16995 3807 3809 3811 3812
16996 6154 6145 6141 6140
16997 3793 3888 3804 3896
16998 3795 3888 3804 3793
16999 6846 6855 6864 6869
17000 3804 3895 3896 3888
17001 3892 3894 3883 3885
17002 3910 3895 3747 3899
17003 3747 3899 3895 3888
17004 9579 9529 9580 9581
17005 6437 6421 6244 6239
17006 4532 4529 4524 4531
17007 6340 6343 6341 6349
17008 6349 6343 6341 6508
17009 9586 9529 9535 9537
17010 5897 5893 5894 5898
17011 6501 6503 6504 6510
17012 6347 6344 6351 6352
17013 6428 6426 6242 6425
17014 9537 9589 9539 9586
17015 6639 6651 6631 6647
17016 6611 6604 6656 6665
17017 6151 6115 6146 6132
17018 6048 6120 6054 6121
17019 6905 6912 6920 6907
17020 9571 9527 9565 9523
17021 9545 9606 9552 9579
17022 9573 9572 9565 9571
17023 9613 6193 9608 6175
17024 9586 9531 9529 9581
17025 9665 9492 9490 9661
17026 4225 4223 4226 4228
17027 6502 6505 6498 6506
17028 9499 9494 9498 9490
17029 6350 6335 6329 6351
17030 6482 6477 6485 6481
17031 6386 6388 6416 6408
17032 9635 9630 9626 9628
17033 9529 9533 9552 9545
17034 9529 9545 9552 9579
17035 6038 6041 6034 6076
17036 6488 6557 6558 6492
17037 4276 4279 4294 4285
17038 6407 6415 6416 6386
17039 6185 6193 9613 6175
17040 9596 9591 9593 9583
17041 6131 6142 6139 6124
17042 9535 9529 9536 9537
17043 9613 9605 9608 9606
17044 9658 9659 9662 9660
17045 9617 9658 9662 9660
17046 9605 6183 6185 6175
17047 9551 9606 9552 9545
17048 9582 9660 9584 9578
17049 6110 6107 6112 6127
17050 9497 9529 9580 9579
17051 9489 9498 9496 9495
17052 6438 6440 6432 6433
17053 6260 6257 6259 6261
17054 9583 9579 9614 9606
17055 6263 6332 6266 6352
17056 9586 9531 9535 9529
17057 6900 6899 6891 6892
17058 6832 6746 6792 6751
17059 6751 6790 6750 6746
17060 6438 6439 6444 6442
17061 9608 9606 9614 9613
17062 6774 6778 6773 6779
17063 6778 6771 6774 6777
17064 6339 6338 6301 6292
17065 9583 9606 9614 9608
17066 11613 11596 11612 11607
17067 9575 9538 9577 9534
17068 6846 6871 6864 6870
17069 6531 6018 6017 6020
17070 9533 9529 9536 9528
17071 6782 6848 6770 6779
17072 9659 9660 9580 9666
17073 9583 9592 9582 9591
17074 6433 6438 6442 6439
17075 9609 9615 9608 9591
17076 6796 6755 6751 6754
17077 9322 9336 9332 9331
17078 6194 6198 6196 6195
17079 9583 9578 9584 9579
17080 9658 9659 9661 9662
17081 6333 6329 6335 6332
17082 9531 9498 9530 9528
17083 5940 5945 5958 5927
17084 9535 9528 9536 9529
17085 7045 6233 6211 7044
17086 9528 9529 9535 9531
17087 9575 9536 9534 9528
17088 9583 9579 9587 9588
17089 2763 2747 2746 2761
17090 6335 6329 6351 6332
17091 6266 6351 6352 6332
17092 4806 4844 4843 4803
17093 2997 3000 2991 2961
17094 6925 6912 6920 6905
17095 9573 9534 9571 9575
17096 9575 9564 9532 9571
17097 6009 6016 6013 6007
17098 11658 9561 11615 9555
17099 3564 3429 3424 3426
17100 6484 6476 6479 6473
17101 6345 6342 6350 6346
17102 6328 6329 6350 6334
17103 6346 6329 6350 6328
17104 7005 7014 7007 7012
17105 6513 6519 6512 6515
17106 6346 6328 6350 6345
17107 6334 6364 6350 6328
17108 9528 9575 9571 9534
17109 6380 6342 6340 6349
17110 9498 9499 9496 9528
17111 9690 9692 9686 9691
17112 6794 6835 6792 6796
17113 6850 6854 6852 6853
17114 6924 6923 6917 6919
17115 6999 6993 6996 6994
17116 7793 7804 7795 7786
17117 9571 9572 9565 9527
17118 6350 6335 6334 6329
17119 9519 9491 9526 9525
17120 6206 6204 6201 6209
17121 7097 6964 6959 7092
17122 9798 9784 9785 9793
17123 2048 2051 1935 1934
17124 6826 6829 6815 6901
17125 9490 9498 9496 9489
17126 6944 7129 6942 6946
17127 7083 6976 6979 6950
17128 4213 4041 4036 4035
17129 6559 6534 6472 6526
17130 2481 2082 2497 2487
17131 5992 5994 5997 5998
17132 9573 9577 9534 9575
17133 6007 5970 6011 6006
17134 6380 6342 6373 6340
17135 6716 6713 6714 6702
17136 6328 6334 6365 6330
17137 9497 9529 9496 9499
17138 9574 9577 9576 9573
17139 7270 8576 8573 8575
17140 9524 9516 9513 9522
17141 7005 6314 6289 7242
17142 9568 9574 9565 9569
17143 3434 3431 3435 3432
17144 7965 7658 7656 7964
17145 6629 6633 6627 6641
17146 4144 4177 4176 4171
17147 9499 9529 9496 9528
17148 5904 5912 5907 5995
17149 4308 4195 4218 4301
17150 6349 6342 6340 6343
17151 6349 6351 6350 6343
17152 8746 8741 8745 8737
17153 6054 6130 6079 6121
17154 9661 9659 9490 9665
17155 9571 9528 9532 9575
17156 7112 7143 7117 7135
17157 9526 9491 9489 9494
17158 9490 9499 9496 9498
17159 9530 9527 9572 9571
17160 9498 9528 9571 9530
17161 10123 10096 10093 10094
17162 9495 9527 9489 9498
17163 9498 9526 9527 9489
17164 6380 6340 6369 6498
17165 6120 6107 6112 6109
17166 5103 5105 5104 5098
17167 9490 9661 9657 9659
17168 9658 9659 9657 9661
17169 11629 11617 11609 11630
17170 6507 6503 6499 6506
17171 6506 6510 6507 6503
17172 6350 6380 6349 6342
17173 6499 6503 6498 6506
17174 6506 6508 6349 6499
17175 11657 11607 11647 11608
17176 878 827 881 817
17177 6501 6510 6504 6489
17178 6558 6492 6560 6500
17179 9515 9519 9517 9516
17180 4248 4222 4207 4231
17181 6341 6435 6499 6508
17182 4249 4203 4204 4208
17183 6508 6343 6341 6344
17184 4190 4188 4191 4195
17185 6500 6509 6502 6503
17186 6341 6508 6499 6349
17187 6508 6344 6341 6435
17188 5923 11637 5916 5920
17189 9549 9563 9540 9543
17190 6051 6042 6050 6023
17191 9532 9528 9544 9533
17192 9550 9533 9544 9545
17193 11615 11608 9555 9557
17194 3871 3880 3878 3938
17195 9533 9529 9544 9545
17196 9533 9528 9544 9529
17197 9555 9561 9556 9560
17198 9564 9571 9543 9532
17199 9532 9563 9549 9543
17200 5907 5913 5904 5909
17201 6016 6051 6014 6015
17202 9540 9544 9541 9549
17203 9544 9532 9543 9528
17204 9571 9528 9543 9532
17205 11617 11614 11610 11609
17206 6370 8598 6318 6324
17207 6058 6065 6060 6074
17208 6018 6020 6531 6024
17209 4102 4100 4104 4161
17210 4291 4327 4299 4293
17211 6042 6037 6050 6030
17212 4233 4268 4232 4265
17213 6042 6030 6044 6037
17214 6049 6047 6073 6077
17215 6113 5892 6117 5890
17216 5893 5882 9541 5888
17217 5921 5878 5910 5918
17218 9489 9491 9517 9487
17219 4241 4247 4243 4237
17220 11515 9512 11610 11609
17221 6007 6006 6011 6013
17222 5931 5930 5929 5856
17223 6007 6026 6011 6019
17224 6114 6172 6118 6115
17225 8134 8141 8144 8128
17226 6121 6128 6131 6129
17227 6015 6119 6107 6125
17228 2894 2896 2895 2889
17229 2621 2381 2622 2623
17230 9487 9519 9517 9515
17231 5890 5913 6113 5892
17232 5913 5892 5890 5889
17233 5882 5893 5896 5888
17234 5889 5893 5895 5882
17235 5908 5910 5877 5918
17236 6044 6042 6052 6046
17237 6168 6156 6188 6187
17238 9544 9545 9541 9550
17239 9544 9550 9541 9549
17240 4881 4877 4879 4876
17241 5900 5896 5893 5888
17242 6002 5993 5998 5995
17243 9551 9547 9548 9542
17244 6502 6506 6498 6503
17245 6019 6020 6017 6018
17246 6016 6002 6015 5993
17247 6435 6441 6432 6508
17248 6502 6500 6552 6549
17249 5889 5892 5890 5893
17250 2388 2400 2401 2379
17251 9526 9519 9517 9491
17252 6349 6340 6498 6341
17253 9526 9491 9517 9489
17254 6173 6172 6118 6116
17255 6473 6472 6474 6478
17256 6349 6341 6498 6499
17257 8480 7491 8485 8479
17258 6040 6037 6038 6033
17259 6488 6486 6493 6490
17260 4252 4317 4254 4249
17261 6015 6002 6001 5993
17262 6383 6476 6385 6382
17263 6068 6075 6136 6137
17264 6174 6180 6160 6158
17265 6063 6065 6067 6062
17266 6041 6034 6082 6085
17267 11648 11652 11647 11654
17268 3421 3429 3420 3430
17269 6506 6503 6502 6509
17270 6501 6509 6500 6503
17271 6558 6557 6560 6492
17272 6202 6301 6296 6209
17273 7678 7671 7679 7675
17274 6560 6549 6552 6500
17275 6492 6488 6500 6558
17276 6492 6501 6500 6488
17277 6501 6492 6500 6509
17278 3675 3656 3659 3669
17279 4016 3846 4025 3851
17280 6349 6505 6506 6498
17281 6534 6561 6554 6559
17282 4584 4493 4585 4486
17283 6562 6560 6561 6557
17284 10513 10498 10527 10511
17285 6560 6509 6549 6500
17286 9545 9606 9542 9551
17287 3723 3718 3717 3721
17288 3652 3655 3659 3653
17289 3831 3827 3822 3651
17290 4270 4271 4255 4257
17291 6562 6534 6478 6559
17292 4026 4023 4018 4025
17293 779 437 427 786
17294 4110 4111 4106 4114
17295 6536 6483 6533 6535
17296 3830 3672 3831 3856
17297 3656 3655 3661 3662
17298 3558 3578 3552 3559
17299 3519 3533 3542 3543
17300 3495 3499 3514 3494
17301 3653 3658 3659 3652
17302 3129 3103 3017 3127
17303 6974 7004 7019 7018
17304 153 154 140 150
17305 4307 3640 3644 4189
17306 3424 3560 3417 3564
17307 11664 11671 11663 11666
17308 3651 3827 3822 3824
17309 4304 4220 4215 4303
17310 3405 3412 3406 3415
17311 6806 6714 6704 6716
17312 3490 3493 3487 3491
17313 3421 3430 3420 3422
17314 3824 3657 3651 3827
17315 3813 3774 3803 3802
17316 5896 5882 5895 5893
17317 3812 3808 3801 3807
17318 3855 3846 4184 3847
17319 3526 3523 3534 3502
17320 5923 5920 5917 5924
17321 10362 10365 10364 10361
17322 3669 3666 3675 3656
17323 3560 3575 3417 3565
17324 9541 9545 9542 9550
17325 3420 3452 3454 3425
17326 3027 2984 3036 3028
17327 3822 3827 3823 3824
17328 3522 3520 3521 3527
17329 160 179 180 166
17330 4317 4208 4315 4254
17331 11661 11671 11663 11668
17332 3796 3802 3803 3774
17333 4313 4291 4310 4306
17334 4312 4204 4315 4311
17335 3822 3826 3823 3827
17336 6381 6494 6496 6487
17337 6487 6494 6446 6381
17338 5893 5895 5897 5890
17339 4223 4099 4011 4221
17340 6400 6389 6387 6390
17341 3455 3430 3420 3425
17342 3570 3568 3577 3562
17343 4253 4257 4265 4261
17344 3421 3427 3426 3430
17345 3564 3561 3424 3560
17346 4220 4206 4312 4304
17347 3512 3513 5714 3509
17348 6507 6499 6504 6432
17349 3500 3505 3501 3497
17350 6008 5992 6012 6013
17351 6030 6042 6022 6050
17352 4224 4199 4200 4222
17353 4244 4232 4268 4262
17354 3672 3673 3671 4187
17355 4262 4232 4268 4261
17356 4205 4208 4206 4203
17357 3456 3520 3527 3525
17358 3716 3662 3725 3660
17359 4206 4315 4312 4204
17360 3809 3806 3811 3824
17361 5912 6003 6001 6111
17362 4253 4251 4265 4257
17363 3515 3499 3514 3495
17364 4100 4095 4161 4102
17365 3984 3922 3917 3983
17366 7158 6569 6564 6563
17367 3533 3543 3537 3542
17368 4020 4186 4019 4185
17369 11657 11612 11647 11607
17370 4244 4269 4262 4268
17371 4233 4231 4250 4265
17372 4244 4232 4246 4268
17373 7661 7656 7658 7655
17374 4231 4261 4253 4265
17375 4013 4221 4014 4011
17376 4246 4269 4247 4244
17377 4040 4029 4020 4022
17378 4233 4231 4265 4232
17379 4266 4270 4265 4267
17380 4266 4233 4265 4268
17381 4304 4206 4312 4204
17382 3815 3784 3787 3781
17383 3641 3639 3676 3685
17384 3793 3798 3800 3801
17385 4948 4998 4946 4940
17386 11380 11385 11381 11374
17387 4184 4186 4019 4027
17388 3672 3664 3668 3856
17389 3831 3826 3830 3822
17390 4320 4317 4254 4252
17391 3671 3638 3644 3646
17392 3836 3842 3848 3834
17393 355 349 338 337
17394 4214 4218 4301 4303
17395 4210 4211 4035 4213
17396 4189 4195 4191 4188
17397 6015 6125 6001 6002
17398 4188 4192 4187 4193
17399 3672 3664 3856 3857
17400 4306 4291 4310 4305
17401 4195 4192 4216 4188
17402 3831 3830 3825 3822
17403 3855 3846 3847 3852
17404 3656 3650 3675 3663
17405 6002 5993 5995 6001
17406 3645 3639 3647 3638
17407 5335 5338 5337 5333
17408 428 435 427 433
17409 4299 4291 4293 4297
17410 4195 4218 4301 4214
17411 3831 3674 3670 3668
17412 5856 5851 5854 5855
17413 6137 6135 6134 6144
17414 3665 3664 3668 3672
17415 4189 4187 3671 4193
17416 10058 10053 10055 10052
17417 3677 3682 3679 3688
17418 4202 4220 4215 4304
17419 4204 4202 4304 4206
17420 4191 4302 4307 3642
17421 3679 3678 3687 3681
17422 6140 6145 6141 6138
17423 6137 6133 6140 6134
17424 3651 3831 3667 3822
17425 3825 3822 3667 3831
17426 3810 3816 3653 3658
17427 3648 4296 3686 4289
17428 3645 3649 3647 3639
17429 6559 6557 6474 6562
17430 4211 4217 4215 4219
17431 4265 4253 4250 4251
17432 4231 4253 4250 4265
17433 3835 3832 3836 3844
17434 6075 6065 6080 6074
17435 4202 4211 4215 4219
17436 4241 4236 4237 4243
17437 4206 4203 4202 4205
17438 4220 4206 4202 4219
17439 4304 4206 4202 4220
17440 4219 4206 4202 4205
17441 6502 6549 6542 6505
17442 4250 4231 4248 4253
17443 4207 4249 4203 4248
17444 4249 4207 4208 4253
17445 4250 4253 4248 4251
17446 4249 4251 4248 4253
17447 4303 4218 4215 4214
17448 4220 4218 4215 4303
17449 4220 4217 4219 4215
17450 6524 6530 6527 6516
17451 6488 6492 6486 6557
17452 6050 6023 6022 6026
17453 6028 6025 6022 6030
17454 6028 6024 6027 6022
17455 6535 6025 6021 6024
17456 6022 6025 6021 6030
17457 6486 6562 6474 6557
17458 6026 6028 6027 6022
17459 6028 6030 6022 6050
17460 6562 6478 6474 6559
17461 4202 4219 4197 4211
17462 11639 11646 11641 11642
17463 6547 6541 6538 6540
17464 4226 4228 4224 4231
17465 6559 6478 6472 6534
17466 6533 6526 6472 6536
17467 6536 6526 6472 6534
17468 4198 4201 4197 4196
17469 6543 6545 6538 6540
17470 6523 5971 5972 5957
17471 5864 5860 5854 5865
17472 5892 5912 5891 5913
17473 6113 5911 6108 6111
17474 6535 6483 6480 6025
17475 6374 6375 6367 6377
17476 6096 6106 6102 6084
17477 6113 5912 6111 5892
17478 6098 6089 6099 6100
17479 5884 5888 5882 5896
17480 6018 6024 6531 6535
17481 6508 6507 6432 6499
17482 6483 6535 6480 6533
17483 6110 6111 6107 6001
17484 6125 6110 6107 6001
17485 6159 6163 6162 6165
17486 4194 4186 4192 4184
17487 3641 3639 3685 3645
17488 3856 3857 3847 3852
17489 4224 4221 4222 4228
17490 36 30 34 35
17491 6029 6021 6480 6025
17492 5888 5884 5886 5896
17493 5883 5882 5896 5884
17494 5885 5888 5884 5886
17495 3644 3640 3645 3638
17496 6382 6383 6387 6389
17497 3807 3798 3800 3806
17498 3652 3657 3809 3658
17499 6559 6478 6474 6472
17500 3684 3688 4282 3681
17501 5890 6116 5894 6117
17502 6084 6106 6105 6096
17503 6123 6131 6124 6121
17504 5897 5893 5898 5895
17505 6051 6023 6043 6042
17506 6014 6023 6043 6051
17507 6056 6062 6057 6058
17508 6059 6058 6057 6062
17509 6043 6048 6052 6046
17510 6060 6065 6061 6137
17511 6051 6126 6052 6119
17512 6053 6049 6077 6047
17513 6472 6483 6475 6533
17514 6473 6483 6475 6472
17515 6486 6474 6495 6491
17516 4318 4315 4311 4316
17517 5897 6116 5894 5890
17518 6111 6114 6112 6108
17519 9542 9548 9605 6179
17520 5897 5890 5894 5893
17521 6035 6030 6039 6033
17522 6137 6133 6134 6075
17523 6089 6100 6055 6062
17524 6032 6031 6036 6034
17525 6048 6119 6126 6120
17526 7039 7056 7036 7038
17527 6033 6045 6038 6034
17528 6041 6076 6082 6034
17529 6136 6139 6140 6137
17530 6115 6112 6129 6118
17531 6053 6048 6054 6049
17532 6052 6054 6048 6126
17533 6181 6173 6180 6174
17534 8594 8665 8595 8658
17535 5900 5896 5899 5898
17536 6386 6392 6388 6382
17537 6121 6120 6054 6128
17538 6161 6181 6184 6182
17539 6172 6151 6146 6174
17540 6047 6046 6053 6049
17541 6179 6183 9605 6173
17542 6036 6481 6035 6031
17543 6949 6943 6948 6951
17544 6145 6147 6148 6142
17545 6059 6065 6061 6060
17546 6383 6381 6390 6496
17547 6479 6491 6495 6474
17548 6493 6486 6495 6487
17549 6050 6039 6028 6030
17550 6174 6183 6181 6173
17551 6485 6477 6484 6481
17552 6047 6045 6077 6053
17553 6047 6045 6053 6044
17554 1746 1670 1666 1745
17555 6029 6031 6035 6481
17556 6482 6384 6392 6485
17557 6151 6172 6146 6115
17558 9677 9680 9675 9701
17559 6107 6111 6112 6108
17560 6107 6119 6126 6125
17561 6444 6440 6497 6438
17562 6071 6045 6069 6077
17563 6174 6173 6180 6172
17564 3645 3640 3648 3641
17565 6118 6112 6117 6114
17566 8791 8771 9900 8766
17567 6487 6491 6495 6496
17568 6401 6414 6403 6404
17569 3652 3658 3809 3810
17570 6160 6158 6153 6174
17571 5900 9548 9547 9542
17572 6473 6475 6484 6477
17573 6084 6093 6091 6090
17574 8244 8257 8259 8241
17575 6382 6476 6485 6384
17576 6031 6033 6036 6034
17577 6082 6076 6088 6069
17578 6137 6075 6139 6133
17579 6434 6443 6419 6427
17580 6446 6487 6490 6494
17581 6481 6031 6036 6482
17582 6493 6497 6510 6489
17583 3601 3458 3498 3501
17584 4311 4204 4315 4317
17585 3810 3808 3818 3812
17586 4305 4303 4308 4309
17587 4253 4257 4254 4251
17588 4325 4316 4320 4318
17589 3640 4189 4307 3642
17590 4298 4293 4300 4294
17591 6146 6174 6158 6180
17592 4319 4318 4323 4325
17593 3648 4296 4289 4295
17594 3647 3674 3646 3638
17595 4291 4290 4310 4305
17596 6495 6492 6562 6486
17597 3679 3682 3684 3688
17598 4319 4317 4320 4252
17599 4252 4258 4254 4320
17600 3674 3671 3646 3638
17601 3649 3675 3647 3639
17602 3648 4302 4295 4289
17603 2985 3203 3205 3209
17604 4291 4290 4293 4297
17605 3640 3671 3644 4189
17606 4319 4252 4320 4258
17607 3638 3640 3645 3641
17608 3651 3824 3809 3657
17609 3665 3666 3638 3674
17610 3665 3674 3638 3671
17611 3642 4189 4307 4191
17612 4310 4290 4295 4305
17613 3642 4289 3648 3643
17614 4534 4529 4531 4522
17615 3827 3811 3829 3824
17616 4305 4290 4295 4302
17617 3716 3662 3660 3653
17618 3713 3714 3727 3724
17619 6384 6382 6388 6392
17620 3655 3653 3660 3662
17621 3686 3641 3676 3685
17622 4271 4258 4255 4257
17623 6149 6145 6143 6144
17624 3687 3695 3694 3677
17625 6076 6045 6069 6034
17626 3644 3648 3645 3640
17627 3639 3638 3645 3641
17628 4301 4305 4308 4302
17629 2491 2488 2490 2482
17630 3467 3525 3465 3456
17631 3653 3658 3652 3810
17632 4283 3687 4281 4282
17633 6033 6030 6039 6037
17634 4218 4309 4308 4303
17635 3372 3422 3420 3430
17636 3639 3663 3689 3649
17637 4311 4314 4316 4313
17638 6501 6490 6493 6489
17639 2956 2961 2997 2959
17640 3813 3802 3803 3808
17641 6383 6381 6387 6390
17642 4294 4329 4328 4288
17643 4305 4301 4308 4303
17644 10642 10456 10643 10637
17645 3653 3814 3716 3816
17646 4311 4318 4316 4314
17647 3009 3012 3010 3006
17648 3675 3638 3647 3639
17649 4252 4257 4254 4258
17650 4261 4262 4270 4268
17651 6390 6381 6393 6454
17652 3810 3814 3818 3808
17653 4305 4303 4309 4306
17654 4314 4306 4291 4313
17655 4254 4208 4253 4249
17656 6246 6237 6245 6238
17657 4316 4312 4315 4311
17658 6208 6199 6203 6202
17659 4218 4303 4308 4301
17660 4259 4271 4257 4258
17661 6399 6401 6395 6396
17662 3468 3463 3457 3587
17663 4320 4315 4254 4317
17664 4304 4303 4309 4220
17665 9639 9611 9594 9612
17666 4252 4249 4254 4251
17667 6482 6031 6036 6032
17668 6876 7079 7077 7078
17669 4270 4261 4263 4262
17670 4312 4306 4309 4304
17671 4312 4304 4309 4220
17672 4318 4315 4316 4320
17673 3785 3723 3719 3718
17674 4255 4261 4263 4270
17675 3652 3657 3670 3651
17676 3668 3674 3670 3669
17677 3426 3427 3626 3631
17678 3505 3501 3497 3498
17679 4264 4256 4260 4355
17680 4295 4307 4308 4302
17681 4307 4193 4195 4189
17682 3669 3674 3675 3666
17683 3651 3654 3670 3652
17684 3650 3666 3675 3639
17685 4306 4303 4309 4304
17686 5493 4688 4687 5487
17687 3655 3654 3659 3656
17688 3667 3668 3670 3669
17689 3667 3831 3670 3668
17690 3651 3667 3670 3654
17691 3651 3831 3670 3667
17692 3827 3670 3657 3651
17693 4308 4310 4295 4305
17694 4319 4318 4325 4320
17695 3426 3631 3561 3564
17696 4307 3642 3648 3640
17697 3656 3666 3675 3650
17698 4191 4301 4307 4302
17699 4191 4195 4307 4301
17700 3007 3446 3366 3010
17701 4193 3646 3673 3671
17702 3640 3638 3644 3671
17703 3670 3675 3659 3669
17704 3802 3796 3803 3794
17705 3656 3655 3662 3659
17706 3608 3629 3600 3606
17707 3638 3666 3675 3674
17708 3639 3666 3675 3638
17709 3659 3657 3670 3652
17710 3654 3669 3659 3656
17711 3670 3669 3659 3654
17712 3654 3652 3659 3670
17713 3654 3655 3659 3652
17714 152 44 154 39
17715 3642 4302 3648 4289
17716 4307 4302 3648 3642
17717 3657 3812 3811 3809
17718 4322 4325 4326 4323
17719 4354 4363 4356 4365
17720 4360 4323 4326 4325
17721 3717 3716 3817 3725
17722 4324 4323 4326 4360
17723 3806 3891 3800 3893
17724 3809 3824 3811 3657
17725 4532 4529 4530 4524
17726 5104 5106 5208 5100
17727 4270 4257 4255 4261
17728 3891 3886 3800 3893
17729 3804 3800 3801 3793
17730 3893 3811 3800 3806
17731 4254 4257 4255 4258
17732 3716 3814 3817 3816
17733 6385 6476 6485 6382
17734 3795 3797 3805 3748
17735 9627 9623 9629 9626
17736 4270 4273 4272 4263
17737 3562 3568 3561 3569
17738 4256 4254 4255 4258
17739 4260 4256 4359 4353
17740 4255 4271 4256 4258
17741 6474 6478 6479 6473
17742 6485 6479 6484 6476
17743 475 464 463 461
17744 3802 3794 3803 3799
17745 3461 3467 3456 3522
17746 6383 6487 6496 6491
17747 6394 6393 6400 6398
17748 6507 6503 6504 6499
17749 6499 6435 6432 6508
17750 6441 6436 6432 6433
17751 6432 6440 6504 6507
17752 6414 6404 6417 6403
17753 6486 6562 6495 6474
17754 6486 6487 6493 6490
17755 6490 6487 6493 6494
17756 6490 6494 6493 6489
17757 6383 6491 6385 6476
17758 6496 6491 6385 6383
17759 6491 6487 6495 6486
17760 6489 6497 6504 6438
17761 6432 6438 6504 6440
17762 6041 6036 6040 6034
17763 6031 6033 6035 6036
17764 6485 6476 6484 6477
17765 6478 6495 6562 6474
17766 6489 6510 6493 6501
17767 6480 6029 6035 6481
17768 6480 6025 6035 6029
17769 6033 6031 6035 6029
17770 6040 6035 6039 6033
17771 6125 6127 6126 6107
17772 4879 4424 4881 4878
17773 6445 6497 6489 6438
17774 6029 6025 6035 6030
17775 6029 6030 6035 6033
17776 6490 6494 6489 6446
17777 6445 6446 6489 6494
17778 6445 6494 6489 6497
17779 5899 6179 5898 6178
17780 6441 6433 6432 6440
17781 9550 9545 9542 9551
17782 6036 6484 6035 6481
17783 6475 6481 6484 6477
17784 6035 6483 6025 6480
17785 6481 6480 6484 6035
17786 6441 6507 6440 6432
17787 6480 6475 6484 6483
17788 6481 6475 6484 6480
17789 6052 6119 6126 6048
17790 6435 6436 6432 6441
17791 6510 6497 6504 6489
17792 6493 6496 6494 6487
17793 6496 6479 6385 6491
17794 6501 6488 6493 6490
17795 6501 6492 6493 6488
17796 6438 6497 6504 6440
17797 5886 5900 5888 5896
17798 5897 6177 5894 6176
17799 5894 5892 5893 5890
17800 6176 6116 5894 5897
17801 6126 6128 6054 6120
17802 6038 6044 6053 6045
17803 5900 5893 5894 9542
17804 6163 6150 6156 6153
17805 6114 6113 6117 6116
17806 6127 6120 6126 6107
17807 6113 5890 6117 6116
17808 6107 6108 6112 6109
17809 6048 6043 6052 6119
17810 6051 6119 6052 6043
17811 6043 6042 6052 6051
17812 6046 6042 6052 6043
17813 6121 6128 6129 6120
17814 6120 6119 6126 6107
17815 5896 5900 5893 5898
17816 6111 6114 6117 6112
17817 9541 5893 5900 9542
17818 9541 5888 5900 5893
17819 3559 3511 3508 3557
17820 9547 9541 5900 9542
17821 6044 6045 6038 6033
17822 5898 6179 5894 6177
17823 6033 6037 6038 6044
17824 6179 5898 6178 6177
17825 6131 6122 6121 6129
17826 6183 6177 6173 6179
17827 9605 6183 6175 6173
17828 6177 5894 6173 6179
17829 6177 6176 6173 5894
17830 6052 6054 6053 6048
17831 6049 6048 6054 6121
17832 6179 6185 9548 9605
17833 5894 6176 6173 6116
17834 6172 6116 6173 6176
17835 6040 6033 6038 6034
17836 6053 6037 6052 6044
17837 6044 6046 6053 6047
17838 6052 6046 6053 6044
17839 6046 6048 6053 6049
17840 6052 6048 6053 6046
17841 6121 6120 6129 6122
17842 6121 6049 6079 6054
17843 6117 6116 6118 6114
17844 6126 6120 6054 6048
17845 6049 6077 6073 6079
17846 6127 6120 6129 6128
17847 6112 6120 6129 6127
17848 6120 6109 6129 6122
17849 6112 6109 6129 6120
17850 5894 6179 9605 6173
17851 5894 9542 9605 6179
17852 6150 6147 6153 6158
17853 6038 6045 6076 6034
17854 9637 9638 9639 9633
17855 3701 4282 3700 4284
17856 4325 4320 4359 4319
17857 8756 8470 8759 8755
17858 6123 6131 6139 6124
17859 6096 6097 6099 6105
17860 6079 6053 6054 6049
17861 3716 3660 3725 3720
17862 3633 3377 3632 3376
17863 6149 6150 6162 6159
17864 9596 9583 9597 9591
17865 6174 6173 6175 6183
17866 2194 5638 2196 5574
17867 6082 6069 6088 6070
17868 6070 6083 6088 6082
17869 6105 6084 6093 6106
17870 3658 3818 3812 3810
17871 3801 3805 3804 3794
17872 6129 6132 6122 6115
17873 9629 9641 9636 9640
17874 9533 9549 9550 9544
17875 6434 6458 6465 6427
17876 3778 3803 3774 3796
17877 3794 3795 3805 3804
17878 9582 9578 9584 9583
17879 6445 6494 6454 6446
17880 6062 6070 6055 6089
17881 6036 6032 6085 6482
17882 6038 6041 6040 6034
17883 6177 6176 6181 6173
17884 6485 6085 6392 6482
17885 6381 6446 6449 6454
17886 6449 6454 6393 6381
17887 6422 6427 6245 6428
17888 6418 6404 6417 6414
17889 6385 6390 6496 6383
17890 6494 6381 6454 6446
17891 6390 6494 6496 6381
17892 6418 6414 6417 6104
17893 6445 6438 6444 6497
17894 6144 6145 6134 6137
17895 5893 5891 5889 5892
17896 6190 6175 6184 6186
17897 6137 6065 6067 6068
17898 6384 6382 6392 6485
17899 9593 9584 9585 9583
17900 6385 6392 6389 6382
17901 6082 6083 6092 6086
17902 6454 6445 6449 6447
17903 6454 6446 6449 6445
17904 6062 6074 6058 6072
17905 4297 4299 4300 4293
17906 4297 4290 4292 4296
17907 6421 6239 6245 6244
17908 4342 4343 4346 4345
17909 3768 3776 3779 3771
17910 3789 3815 3817 3717
17911 10135 9924 10133 10125
17912 6101 6104 6102 6106
17913 6427 6419 6422 6421
17914 6386 6389 6387 6415
17915 3492 3472 3483 3488
17916 3808 3799 3803 3801
17917 3808 3802 3803 3799
17918 4291 4310 4297 4299
17919 4291 4290 4297 4310
17920 3702 3663 3689 3650
17921 3655 3653 3662 3659
17922 3662 3712 3661 3663
17923 3662 3658 3659 3653
17924 4295 4290 4296 4289
17925 4289 3643 3680 3686
17926 3773 3776 3777 3774
17927 6466 6464 6467 6468
17928 4297 4295 4310 4290
17929 4314 4291 4299 4313
17930 4264 4271 4260 4256
17931 3614 3635 3628 3633
17932 6382 6389 6387 6386
17933 3662 3663 3661 3656
17934 4313 4291 4299 4310
17935 6393 6390 6387 6381
17936 4258 4260 4256 4359
17937 3397 3398 3401 3395
17938 3475 3482 3460 3466
17939 4280 4330 4279 4285
17940 3041 3075 3040 3076
17941 3653 3816 3716 3662
17942 4355 4256 4260 4353
17943 2386 2624 2399 2622
17944 4314 4299 4327 4321
17945 6387 6415 6398 6386
17946 4260 4258 4256 4271
17947 3656 3663 3661 3650
17948 3677 3676 3687 3679
17949 4319 4325 4323 4359
17950 4258 4320 4359 4256
17951 3395 3403 3398 3401
17952 3650 3663 3689 3639
17953 4286 4277 4283 4276
17954 3683 3682 3692 3688
17955 3718 3723 3789 3784
17956 4326 4360 4354 4342
17957 9640 9642 9639 9595
17958 3679 3688 3684 3681
17959 6101 6408 6416 6388
17960 3702 3663 3712 3689
17961 4292 4297 4293 4290
17962 4208 4317 4204 4249
17963 3680 4296 4292 4289
17964 4290 4289 4292 4296
17965 6085 6034 6082 6032
17966 6398 6401 6400 6394
17967 6392 6382 6386 6389
17968 6387 6415 6400 6398
17969 6389 6383 6387 6390
17970 6391 6384 6388 6392
17971 6092 6083 6088 6089
17972 6082 6032 6081 6085
17973 6146 6174 6180 6172
17974 6122 6131 6121 6124
17975 6132 6129 6131 6151
17976 5053 5075 5051 5044
17977 6181 6176 6180 6173
17978 6121 6049 6123 6079
17979 6071 6077 6073 6047
17980 6160 6174 6153 6184
17981 6163 6160 6153 6184
17982 6131 6121 6123 6130
17983 6134 6144 6143 6145
17984 4329 4330 4331 4279
17985 6073 6079 6123 6049
17986 6130 6121 6123 6079
17987 6047 6045 6071 6077
17988 6069 6034 6082 6076
17989 6145 6133 6139 6142
17990 6088 6093 6092 6089
17991 9623 9621 9626 9619
17992 4286 4276 4298 4285
17993 6470 6455 6456 6464
17994 6394 6401 6399 6398
17995 6482 6384 6391 6392
17996 6085 6482 6391 6392
17997 9583 9608 9614 9615
17998 6101 6104 6416 6408
17999 6085 6032 6391 6482
18000 6081 6032 6391 6085
18001 6401 6399 6411 6396
18002 6398 6415 6407 6386
18003 9900 9858 8791 9851
18004 6416 6106 6417 6104
18005 6464 6462 6451 6452
18006 6123 6124 6139 6133
18007 6056 6070 6055 6062
18008 3692 3688 3695 3683
18009 6152 6156 6154 6150
18010 3677 3688 3692 3682
18011 6164 6158 6159 6163
18012 6123 6073 6080 6079
18013 6090 6089 6091 6084
18014 6175 6174 6184 6186
18015 6163 6169 6170 6167
18016 6055 6100 6057 6062
18017 6154 6155 6141 6145
18018 6134 6137 6060 6135
18019 6068 6080 6136 6075
18020 6174 6181 6160 6180
18021 6097 6103 6105 6096
18022 6092 6076 6088 6082
18023 4278 4280 4277 4285
18024 6456 6401 6402 6464
18025 6463 6460 6466 6459
18026 6168 6171 6170 6169
18027 6163 6158 6153 6160
18028 4342 4360 4347 4324
18029 4338 4337 4339 4340
18030 6414 6399 6411 6401
18031 6463 6462 6466 6464
18032 6064 6089 6091 6090
18033 6139 6145 6140 6133
18034 6416 6389 6392 6386
18035 6407 6398 6414 6415
18036 6399 6398 6414 6407
18037 6414 6399 6409 6411
18038 6160 6169 6163 6164
18039 4349 4350 4351 4342
18040 6399 6394 6395 6401
18041 3748 3750 3749 3741
18042 6411 6414 6410 6409
18043 9633 9631 9626 9619
18044 6063 6089 6064 6090
18045 6066 6065 6137 6068
18046 6188 6187 6191 6168
18047 10680 10682 10681 10677
18048 6163 6167 6165 6164
18049 6063 6062 6067 6064
18050 6150 6147 6159 6148
18051 2590 2603 2589 2592
18052 9660 9662 9668 9666
18053 6166 6164 6163 6169
18054 6167 6164 6163 6166
18055 6166 6169 6163 6167
18056 6136 6137 6140 6068
18057 6157 6156 6188 6168
18058 6105 6089 6099 6098
18059 6169 6160 6166 6164
18060 6164 6158 6163 6160
18061 6869 6871 6864 6846
18062 6145 6142 6139 6152
18063 6150 6158 6159 6147
18064 5894 5892 5890 6117
18065 6149 6148 6143 6145
18066 6075 6137 6060 6134
18067 6148 6142 6143 6145
18068 6062 6072 6058 6056
18069 6175 6183 6184 6174
18070 6418 6104 6417 6106
18071 6395 6401 6397 6396
18072 6163 6158 6159 6150
18073 6143 6133 6134 6145
18074 7313 7317 7315 7309
18075 6159 6148 6149 6150
18076 6148 6145 6149 6150
18077 9553 9554 5922 9558
18078 7393 7482 7394 7473
18079 7670 7675 7660 7676
18080 5877 5910 5909 5891
18081 6074 6065 6060 6075
18082 6408 6104 6102 6101
18083 6072 6070 6056 6062
18084 3703 3702 3712 3690
18085 6414 6104 6412 6408
18086 6075 6065 6060 6066
18087 6137 6075 6060 6068
18088 6066 6068 6060 6075
18089 6137 6068 6060 6066
18090 6412 6104 6102 6408
18091 6103 6104 6412 6413
18092 3485 3472 3484 3470
18093 6058 6062 6059 6065
18094 6060 6058 6059 6065
18095 6412 6103 6102 6104
18096 4374 4377 4376 4367
18097 5855 5860 5854 5856
18098 5928 5856 5929 5850
18099 9558 5925 5881 5880
18100 7795 7787 7784 7789
18101 5913 5907 5912 5891
18102 5905 5906 5901 5914
18103 5931 5930 5856 5859
18104 4279 4330 4331 4285
18105 3693 3709 3695 3691
18106 6414 6413 6412 6104
18107 6084 6106 6102 6104
18108 6105 6103 6102 6096
18109 3688 3677 3687 3679
18110 6106 6095 6105 6096
18111 6086 6104 6416 6101
18112 6409 6413 6412 6414
18113 6409 6414 6412 6407
18114 6408 6407 6412 6414
18115 6105 6095 6098 6096
18116 6083 6089 6098 6055
18117 6089 6100 6098 6055
18118 6096 6095 6102 6106
18119 6101 6106 6102 6095
18120 6105 6084 6102 6104
18121 6096 6084 6102 6105
18122 3697 3711 3696 3695
18123 4342 4324 4326 4360
18124 6136 6079 6123 6080
18125 3724 3726 3725 3720
18126 3692 3677 3695 3688
18127 4339 4324 4343 4340
18128 4348 4350 4347 4342
18129 3708 3707 3724 3710
18130 4338 4330 4331 4329
18131 4294 4285 4298 4276
18132 4339 4344 4334 4335
18133 4334 4337 4332 4339
18134 4325 4354 4326 4360
18135 6080 6123 6136 6075
18136 4343 4339 4326 4324
18137 4342 4341 4339 4340
18138 6150 6155 6154 6145
18139 4328 4331 4300 4288
18140 6101 6388 6416 6391
18141 4297 4293 4300 4298
18142 3450 3367 3368 3453
18143 3695 3709 3710 3691
18144 3077 3055 3040 3057
18145 3816 3725 3817 3716
18146 4288 4285 4300 4294
18147 3690 3689 3698 3694
18148 4279 4285 4276 4277
18149 4277 4278 4282 4275
18150 3720 3726 3723 3721
18151 3687 3677 3694 3676
18152 3723 3720 3725 3726
18153 4340 4341 4347 4342
18154 4321 4336 4327 4322
18155 3394 3398 3396 3397
18156 3688 3681 3687 4282
18157 3707 3708 3724 3721
18158 3475 3461 3467 3460
18159 3721 3722 3723 3718
18160 4342 4350 4347 4349
18161 3690 3677 3695 3692
18162 4332 4336 4326 4339
18163 4287 4285 4288 4331
18164 3490 3493 3492 3487
18165 4276 4277 4282 3681
18166 3683 3688 3684 3682
18167 3683 4275 3684 3688
18168 3691 3690 3695 3692
18169 3704 3709 3710 3705
18170 3708 3704 3710 3705
18171 3691 3709 3710 3704
18172 3718 3784 3789 3717
18173 3722 3718 3719 3723
18174 3707 3704 3710 3708
18175 3791 3787 3789 3790
18176 3723 3726 3724 3721
18177 3815 3716 3817 3717
18178 6105 6095 6086 6083
18179 2913 2917 2922 2914
18180 3787 3774 3819 3781
18181 3385 3383 3386 3387
18182 3723 3721 3717 3720
18183 3383 3398 3401 3397
18184 4281 3681 3687 3680
18185 3394 3051 3391 3396
18186 3678 3680 3687 3681
18187 4281 4282 3687 3681
18188 3724 3723 3727 3726
18189 3687 4282 3700 3688
18190 3676 3686 3687 3678
18191 3676 3678 3687 3679
18192 3716 3720 3725 3717
18193 3721 3722 3724 3723
18194 3721 3708 3724 3722
18195 3711 3710 3724 3704
18196 3707 3704 3724 3710
18197 3721 3726 3724 3720
18198 3721 3720 3724 3707
18199 4282 4277 4283 4285
18200 4276 4282 4283 4281
18201 3787 3776 3777 3775
18202 3707 3720 3724 3706
18203 9472 9345 9343 9344
18204 3819 3814 3817 3815
18205 7794 7778 7776 7787
18206 3660 3661 3725 3706
18207 4338 4340 4339 4341
18208 4359 4325 4360 4353
18209 4340 4337 4339 4336
18210 4323 4325 4360 4359
18211 6406 6401 6405 6404
18212 4342 4344 4346 4343
18213 4328 4336 4332 4331
18214 23 16 14 32
18215 3815 3781 3819 3813
18216 4345 4354 4357 4365
18217 4300 4334 4288 4331
18218 4294 4328 4300 4288
18219 4331 4279 4288 4329
18220 4276 4292 4298 4294
18221 4340 4336 4339 4324
18222 4342 4324 4347 4340
18223 4365 4358 4357 4351
18224 4348 4342 4347 4341
18225 4322 4323 4326 4324
18226 4336 4322 4326 4324
18227 4331 4285 4288 4279
18228 4336 4324 4326 4339
18229 7023 7021 7025 7022
18230 4337 4329 4331 4328
18231 4337 4338 4331 4329
18232 4339 4338 4331 4337
18233 3726 3817 3725 3723
18234 4333 4287 4288 4331
18235 4336 4337 4331 4328
18236 4331 4329 4288 4328
18237 4351 4358 4366 4365
18238 4339 4337 4332 4336
18239 4294 4279 4288 4285
18240 4282 3681 4281 4276
18241 3401 3395 3400 3397
18242 4286 4285 4288 4287
18243 4293 4328 4327 4300
18244 4288 4286 4298 4285
18245 4340 4342 4343 4339
18246 4340 4324 4343 4342
18247 4332 4331 4300 4328
18248 9595 9600 9594 9599
18249 4276 4285 4286 4277
18250 4360 4365 4342 4347
18251 4347 4349 4365 4342
18252 7145 7132 7186 7184
18253 3380 3383 3379 3381
18254 4331 4339 4334 4335
18255 3479 3478 3493 3472
18256 4288 4331 4334 4333
18257 4363 4360 4354 4353
18258 4328 4327 4332 4336
18259 4331 4336 4332 4337
18260 3696 3697 3699 3711
18261 4343 4332 4326 4339
18262 3696 3695 3700 3701
18263 4287 4285 4284 4286
18264 4343 4324 4326 4342
18265 4363 4342 4354 4360
18266 4333 4331 4334 4335
18267 4331 4337 4334 4339
18268 4353 4355 4363 4260
18269 4365 4360 4342 4363
18270 3706 3702 3712 3703
18271 4299 4327 4300 4293
18272 4343 4344 4334 4339
18273 4331 4337 4332 4334
18274 4332 4299 4321 4327
18275 4332 4328 4300 4327
18276 4336 4321 4332 4326
18277 4363 4365 4354 4342
18278 6456 6464 6455 6450
18279 4292 4293 4298 4294
18280 4292 4297 4298 4293
18281 3777 3791 3792 3787
18282 3698 3663 3649 3689
18283 3785 3783 3787 3784
18284 3713 3711 3699 3714
18285 3661 3663 3712 3702
18286 3661 3702 3712 3706
18287 3711 3714 3713 3724
18288 3702 3689 3712 3690
18289 3074 3075 3077 3055
18290 4361 4363 4260 4359
18291 2192 2204 2193 2189
18292 4363 4359 4353 4260
18293 3688 3679 3687 3681
18294 3689 3677 3694 3690
18295 3717 3720 3725 3723
18296 3686 4281 3687 3680
18297 3630 3617 3628 3615
18298 3712 3689 3698 3690
18299 3724 3706 3725 3712
18300 3680 4276 4281 3681
18301 4298 4276 4281 4292
18302 4298 4296 4297 4292
18303 3685 3676 3694 3689
18304 3723 3717 3817 3725
18305 3720 3660 3725 3706
18306 3680 4292 4281 4276
18307 3680 4296 4281 4292
18308 3817 3791 3819 3787
18309 4286 4285 4284 4282
18310 4345 4326 4354 4342
18311 3775 3786 3787 3776
18312 3700 3694 3687 3695
18313 4276 4277 4283 4282
18314 3044 3043 3040 3042
18315 6437 6443 6244 6421
18316 3715 3714 3699 3711
18317 3715 3711 3699 3697
18318 3614 3618 3612 3387
18319 4282 4285 4283 4286
18320 3724 3704 3713 3711
18321 4284 4282 4283 4286
18322 3048 3077 3040 3047
18323 387 372 386 377
18324 556 568 567 564
18325 3777 3787 3788 3776
18326 3775 3776 3777 3773
18327 3694 3695 3696 3690
18328 3691 3690 3696 3695
18329 3713 3710 3699 3711
18330 3699 3712 3698 3690
18331 2935 2947 3079 2948
18332 6450 6401 6455 6456
18333 8198 8184 8182 8194
18334 3782 3781 3787 3784
18335 3782 3786 3787 3775
18336 3784 3723 3787 3785
18337 3704 3691 3713 3710
18338 3706 3724 3713 3712
18339 3706 3707 3713 3724
18340 3707 3703 3713 3704
18341 3704 3703 3713 3691
18342 3706 3703 3713 3707
18343 3712 3703 3713 3706
18344 3787 3775 3777 3773
18345 3703 3690 3713 3691
18346 3712 3690 3713 3703
18347 3711 3695 3699 3696
18348 3711 3710 3699 3695
18349 3713 3691 3699 3710
18350 3713 3690 3699 3691
18351 3392 3051 3393 3397
18352 3691 3695 3699 3710
18353 3696 3695 3699 3691
18354 3696 3691 3699 3690
18355 3694 3699 3698 3690
18356 3773 3774 3787 3781
18357 3781 3775 3787 3773
18358 3765 3764 3763 3759
18359 9609 6193 9608 9615
18360 3818 3814 3819 3813
18361 3787 3781 3819 3815
18362 3819 3816 3817 3814
18363 6168 6187 6191 6186
18364 3815 3814 3817 3716
18365 3789 3787 3817 3815
18366 3787 3815 3789 3784
18367 6450 6394 6455 6401
18368 4356 4365 4357 4354
18369 6427 6428 6422 6420
18370 6427 6420 6422 6419
18371 6263 6237 6244 6267
18372 7274 7270 7267 7272
18373 4363 4366 4364 4356
18374 6260 6261 6259 6279
18375 4345 4365 4346 4342
18376 4351 4342 4346 4365
18377 4357 4358 4346 4351
18378 4365 4345 4346 4357
18379 4357 4351 4346 4365
18380 6415 6417 6403 6414
18381 6454 6400 6455 6393
18382 6401 6404 6403 6405
18383 9579 9578 9584 9580
18384 6439 6457 6465 6461
18385 6415 6405 6400 6398
18386 6101 6081 6086 6095
18387 6453 6464 6448 6451
18388 6434 6443 6442 6433
18389 6448 6464 6455 6457
18390 6450 6464 6455 6448
18391 6455 6405 6456 6401
18392 6458 6466 6420 6423
18393 6081 6083 6086 6095
18394 6464 6452 6451 6397
18395 6194 6197 6195 6193
18396 6456 6401 6406 6402
18397 6414 6398 6403 6415
18398 6450 6464 6448 6453
18399 6082 6083 6088 6092
18400 6405 6398 6403 6399
18401 6468 6464 6467 6470
18402 6401 6398 6405 6399
18403 9606 9551 9613 9605
18404 7961 7949 7945 7960
18405 6399 6398 6403 6414
18406 6401 6399 6403 6414
18407 6405 6399 6403 6401
18408 492 475 473 488
18409 6246 6247 6249 6248
18410 6106 6095 6086 6105
18411 6084 6094 6091 6093
18412 6089 6084 6093 6105
18413 6407 6408 6416 6414
18414 6464 6397 6451 6453
18415 6418 6106 6087 6104
18416 6084 6104 6087 6106
18417 6392 6086 6416 6391
18418 6087 6084 6093 6094
18419 6087 6106 6093 6084
18420 6145 6142 6152 6147
18421 6093 6083 6092 6089
18422 6408 6104 6416 6414
18423 6405 6401 6400 6398
18424 6747 6751 6748 6752
18425 9616 9611 9609 9610
18426 6086 6101 6416 6391
18427 6092 6085 6041 6082
18428 6152 6146 6153 6147
18429 6397 6395 6453 6401
18430 6397 6401 6453 6464
18431 9622 9662 9668 9660
18432 6086 6083 6092 6105
18433 6105 6083 6092 6093
18434 6394 6401 6453 6395
18435 6095 6106 6086 6101
18436 6456 6464 6453 6401
18437 6392 6391 6416 6388
18438 6414 6415 6416 6407
18439 6461 6457 6448 6447
18440 6386 6408 6416 6407
18441 6098 6083 6093 6089
18442 6105 6083 6093 6098
18443 6098 6089 6093 6105
18444 6464 6462 6448 6451
18445 6453 6394 6450 6401
18446 6088 6070 6078 6089
18447 6391 6081 6086 6101
18448 6391 6085 6086 6081
18449 8016 7995 8009 7998
18450 6101 6106 6086 6104
18451 6082 6083 6086 6081
18452 6081 6085 6086 6082
18453 6131 6152 6132 6151
18454 6464 6461 6448 6462
18455 2367 2631 2389 2635
18456 10408 10400 10401 10398
18457 6464 6457 6448 6461
18458 6151 6153 6146 6174
18459 6453 6401 6450 6456
18460 6075 6123 6136 6139
18461 6139 6123 6136 6130
18462 6139 6137 6136 6075
18463 1854 1856 1849 1843
18464 6146 6174 6153 6158
18465 6393 6387 6400 6398
18466 6393 6390 6400 6387
18467 6089 6083 6088 6070
18468 9594 9599 9598 9593
18469 6466 6424 6423 6459
18470 9616 9615 9609 9591
18471 6450 6393 6455 6394
18472 6448 6457 6455 6447
18473 6447 6450 6455 6448
18474 5015 5010 5029 5006
18475 6449 6393 6455 6450
18476 6449 6454 6455 6393
18477 6447 6449 6455 6450
18478 6447 6454 6455 6449
18479 6194 9610 9609 6186
18480 6080 6077 6079 6073
18481 6191 6187 6194 6186
18482 9601 9604 9603 9598
18483 6150 6145 6154 6148
18484 6161 6181 6160 6184
18485 6136 6079 6130 6123
18486 6132 6151 6152 6146
18487 6146 6147 6152 6132
18488 6134 6133 6140 6145
18489 6132 6147 6152 6142
18490 4267 4271 4257 4259
18491 6071 6073 6078 6074
18492 6072 6069 6078 6071
18493 6195 6190 6194 6193
18494 6131 6142 6152 6139
18495 6070 6069 6078 6072
18496 6152 6147 6153 6150
18497 6186 6175 9609 6193
18498 6174 6186 6153 6184
18499 6158 6147 6153 6146
18500 6063 6062 6064 6089
18501 6139 6133 6140 6137
18502 6071 6077 6078 6073
18503 6163 6150 6153 6158
18504 6123 6130 6139 6131
18505 6427 6458 6420 6434
18506 6139 6154 6140 6145
18507 6189 9610 9616 6194
18508 6185 6175 9613 9605
18509 10378 10374 10377 10372
18510 6080 6074 6078 6073
18511 6071 6074 6078 6072
18512 6088 6069 6078 6070
18513 6062 6072 6078 6074
18514 6077 6071 6078 6069
18515 6076 6078 6088 6069
18516 6066 6078 6080 6065
18517 6063 6066 6067 6065
18518 6078 6065 6063 6062
18519 6093 6089 6090 6084
18520 6063 6088 6078 6089
18521 6197 9602 9616 6198
18522 9548 9613 9551 9605
18523 9328 9337 9325 9345
18524 6152 6147 6154 6145
18525 6148 6145 6154 6147
18526 6152 6150 6154 6147
18527 6148 6147 6154 6150
18528 6194 6186 6193 6190
18529 6140 6137 6138 6068
18530 6145 6137 6138 6140
18531 9610 6186 6194 6187
18532 6076 6078 6069 6077
18533 6168 6192 6171 6169
18534 6191 6195 6190 6194
18535 6154 6150 6157 6155
18536 6156 6150 6157 6154
18537 6168 6192 6184 6191
18538 6170 6163 6168 6169
18539 6156 6187 6168 6153
18540 6157 6156 6168 6150
18541 6163 6150 6168 6156
18542 6153 6187 6168 6186
18543 9632 9636 9634 9631
18544 6153 6163 6168 6156
18545 6186 6184 6168 6153
18546 6184 6163 6168 6153
18547 6184 6169 6168 6163
18548 6192 6196 6191 6171
18549 10322 10326 10324 10320
18550 9616 9611 9598 9591
18551 6193 9615 9609 9616
18552 9616 9591 9609 9611
18553 6439 6461 6465 6434
18554 9616 6194 9609 6193
18555 6184 6192 6190 6191
18556 6168 6192 6169 6184
18557 6186 6184 6191 6168
18558 6186 6190 6191 6184
18559 6194 6186 9609 6193
18560 6194 6187 6189 9610
18561 6189 9610 9612 9616
18562 6196 6191 6194 6195
18563 6899 6897 6875 6878
18564 6191 6195 6192 6190
18565 6191 6186 6194 6190
18566 6467 6466 6465 6461
18567 6470 6456 6471 6464
18568 6437 6443 6421 6436
18569 6464 6461 6470 6457
18570 6462 6461 6470 6464
18571 6470 6464 6471 6468
18572 6402 6464 6471 6456
18573 9660 9620 9668 9622
18574 3759 3750 3761 3752
18575 589 587 594 633
18576 6466 6461 6467 6462
18577 6772 6771 6774 6778
18578 6390 6494 6381 6454
18579 6459 6460 6466 6424
18580 6468 6466 6469 6467
18581 6470 6462 6467 6461
18582 6466 6424 6428 6423
18583 6257 6261 6258 6255
18584 6458 6461 6466 6462
18585 6466 6462 6467 6470
18586 3752 3750 3761 3741
18587 6248 6247 6249 6250
18588 6274 6269 6271 6275
18589 7058 7059 7030 7067
18590 6439 6438 6444 6445
18591 6428 6430 6429 6469
18592 6469 6468 6429 6466
18593 6469 6466 6429 6428
18594 541 412 413 411
18595 9601 9598 9599 9596
18596 6443 6433 6419 6436
18597 6444 6494 6445 6497
18598 6768 6770 6766 6769
18599 9580 9585 9584 9579
18600 6219 6288 6216 6287
18601 6193 6197 9615 9616
18602 2452 2369 2446 2451
18603 7076 7079 7077 6876
18604 6428 6423 6420 6466
18605 9582 9592 9584 9620
18606 9640 9591 9595 9611
18607 9620 9660 9584 9582
18608 10850 10852 10808 10851
18609 5299 5445 5289 5458
18610 6197 9602 9601 9616
18611 11013 11305 11008 10988
18612 9578 9660 9584 9580
18613 9608 9615 9583 9591
18614 6930 6935 6934 6928
18615 9583 9591 9593 9592
18616 9634 9636 9633 9631
18617 9640 9611 9595 9639
18618 6868 6779 6774 6867
18619 6419 6436 6421 6443
18620 6419 6443 6421 6427
18621 7051 6223 7052 6224
18622 11202 11200 11201 11194
18623 6926 6907 6847 6840
18624 6427 6466 6420 6458
18625 6428 6466 6427 6469
18626 9613 9615 9614 9608
18627 6427 6458 6465 6466
18628 3764 3761 3762 3759
18629 6465 6469 6427 6466
18630 9636 9641 9639 9640
18631 6194 6197 6193 9616
18632 6458 6461 6465 6466
18633 9552 9606 9614 9579
18634 9625 9622 9623 9624
18635 8469 8742 8464 8744
18636 6188 6194 6187 6189
18637 6465 6434 6442 6439
18638 9607 9591 9582 9592
18639 7920 7923 7912 7915
18640 9633 9619 9626 9621
18641 9620 9607 9582 9592
18642 5287 5282 5286 5280
18643 6433 6440 6442 6438
18644 6442 6427 6443 6434
18645 6248 6241 6255 6238
18646 6439 6445 6444 6447
18647 6447 6457 6444 6439
18648 6442 6457 6465 6439
18649 6457 6454 6455 6447
18650 6444 6494 6454 6445
18651 3752 3768 3761 3762
18652 6430 6427 6469 6428
18653 3778 3748 3805 3797
18654 3794 3797 3805 3795
18655 3788 3776 3780 3777
18656 6283 6274 6282 6271
18657 3762 3759 3763 3764
18658 3752 3768 3762 3771
18659 3753 3759 3762 3752
18660 3771 3759 3762 3753
18661 3753 3752 3762 3771
18662 3741 3768 3761 3752
18663 3741 3748 3761 3797
18664 3797 3768 3761 3741
18665 3803 3819 3774 3813
18666 2059 2077 2072 2078
18667 6860 6854 6851 6861
18668 6245 6249 6246 6247
18669 6428 6420 6425 6422
18670 6428 6423 6425 6420
18671 3780 3763 3779 3776
18672 3762 3776 3779 3763
18673 3761 3779 3762 3768
18674 6093 6086 6092 6105
18675 6239 6240 6245 6237
18676 9668 9660 9584 9620
18677 9582 9583 9584 9592
18678 6263 6348 6244 6239
18679 6437 6348 6244 6352
18680 6421 6422 6245 6240
18681 6244 6246 6267 6237
18682 4494 4479 4472 4478
18683 6247 6252 6255 6241
18684 6263 6352 6244 6348
18685 6244 6441 6443 6437
18686 3082 3090 3034 3053
18687 3043 3049 3040 3047
18688 8282 8289 8283 8280
18689 6277 6284 6276 6283
18690 6239 6237 6244 6263
18691 6966 7017 7016 6998
18692 9583 9579 9588 9614
18693 6226 6283 6272 6225
18694 6240 6238 6245 6237
18695 9588 9579 9587 9586
18696 6851 6860 6839 6840
18697 3475 3483 3459 3461
18698 9633 9636 9626 9631
18699 6274 6282 6271 6270
18700 6265 6263 6267 6237
18701 6901 6907 6836 6914
18702 9537 9579 9588 9586
18703 6267 6352 6244 6263
18704 9664 9668 9667 9662
18705 6442 6427 6434 6465
18706 6263 6264 6267 6266
18707 6265 6264 6267 6263
18708 6880 6881 6876 6877
18709 9585 9583 9584 9579
18710 4960 4963 4962 4956
18711 6782 6779 6777 6780
18712 9499 9581 9529 9531
18713 9666 9584 9668 9660
18714 9622 9662 9667 9668
18715 9660 9617 9622 9662
18716 9620 9617 9622 9660
18717 810 816 1033 808
18718 6250 6248 6262 6249
18719 9625 9667 9668 9622
18720 3864 3867 3858 3865
18721 6231 6227 6225 6232
18722 6251 6237 6246 6238
18723 6265 6237 6246 6251
18724 6267 6237 6246 6265
18725 9620 9622 9623 9625
18726 3445 3447 3443 3438
18727 9587 9583 9597 9596
18728 9587 9588 9597 9583
18729 9620 9622 9625 9668
18730 9583 9615 9597 9591
18731 6239 6237 6245 6244
18732 6245 6443 6427 6421
18733 9629 9624 9625 9623
18734 9594 9591 9595 9593
18735 9623 9625 9629 9621
18736 6421 6427 6245 6422
18737 6253 6238 6255 6241
18738 9614 9597 9588 9583
18739 6421 6240 6245 6239
18740 6869 6870 6865 6871
18741 9598 9596 9601 9597
18742 9625 9621 9623 9620
18743 9621 9619 9623 9618
18744 11594 11628 11627 11624
18745 9620 9618 9623 9622
18746 9620 9621 9623 9618
18747 6250 6247 6249 6431
18748 9594 9593 9598 9591
18749 9596 9591 9598 9593
18750 9598 9615 9601 9616
18751 9615 9598 9591 9616
18752 9598 9615 9591 9597
18753 8913 8939 8940 8909
18754 9639 9637 9640 9611
18755 3488 3486 3492 3489
18756 9635 9630 9636 9626
18757 10275 10272 10273 10270
18758 9629 9633 9640 9636
18759 6252 6241 6247 6243
18760 6241 6252 6255 6253
18761 6245 6238 6247 6246
18762 6241 6238 6247 6242
18763 6241 6242 6247 6243
18764 6243 6242 6247 6426
18765 6428 6426 6247 6242
18766 6240 6238 6247 6245
18767 6242 6238 6247 6240
18768 6245 6430 6247 6428
18769 6240 6422 6247 6242
18770 6245 6428 6247 6422
18771 6245 6422 6247 6240
18772 6425 6428 6247 6242
18773 6425 6422 6247 6428
18774 6242 6422 6247 6425
18775 6282 6287 6283 6284
18776 6246 6238 6255 6251
18777 6248 6238 6255 6246
18778 9594 9611 9595 9591
18779 6250 6249 6262 6286
18780 6246 6285 6282 6262
18781 6249 6248 6262 6246
18782 7041 7030 7042 7062
18783 9639 9642 9594 9595
18784 6880 6881 6879 6876
18785 9626 9633 9629 9636
18786 9626 9621 9629 9633
18787 9639 9611 9595 9594
18788 9603 9598 9599 9601
18789 4255 4253 4261 4257
18790 9639 9636 9640 9633
18791 9629 9621 9640 9633
18792 9637 9633 9640 9621
18793 9607 9637 9640 9621
18794 9621 9592 9640 9607
18795 9625 9640 9629 9621
18796 9611 9637 9640 9607
18797 9607 9592 9640 9591
18798 9607 9591 9640 9611
18799 9595 9592 9593 9591
18800 1374 1441 1439 1431
18801 9599 9604 9600 9598
18802 9629 9641 9630 9636
18803 7093 7096 7094 7089
18804 3060 3012 3006 3011
18805 7027 7043 7038 7034
18806 6282 6285 6284 6262
18807 8922 8925 8923 8917
18808 6708 6717 6706 6713
18809 6286 6249 6262 6285
18810 6287 6284 6216 6283
18811 6287 6288 6216 6284
18812 6288 6286 6284 6285
18813 6284 6262 6276 6282
18814 6296 6295 6201 7015
18815 6225 6283 6272 6275
18816 6284 6279 6259 6261
18817 6256 6270 6276 6282
18818 6285 6288 6287 6284
18819 3403 3398 3401 3383
18820 6214 6212 6228 6217
18821 6281 6284 6278 6280
18822 3595 3597 3596 3594
18823 6216 6212 6213 6217
18824 6834 6827 6825 6748
18825 6232 6228 6225 6226
18826 6225 6231 6203 6227
18827 6216 6281 6213 6212
18828 3572 3570 3585 3563
18829 6232 6275 6283 6225
18830 3590 3597 3595 3594
18831 6230 6228 6227 6232
18832 6216 6212 6280 6281
18833 7040 7038 7042 7039
18834 6217 6234 6232 6230
18835 6283 6218 6232 6216
18836 6216 6281 6280 6284
18837 3479 3480 3472 3481
18838 6271 6283 6276 6282
18839 7004 6974 6977 6971
18840 1273 1281 1279 1278
18841 7044 7046 7045 7047
18842 6228 6216 6232 6217
18843 6230 6232 6227 6229
18844 6232 6229 6231 6227
18845 6223 6234 6222 6220
18846 7053 7054 7052 7038
18847 7052 6222 7036 7031
18848 7062 7030 7042 7063
18849 6208 6338 6273 6269
18850 6221 6219 6217 6220
18851 6219 6218 6217 6220
18852 6216 6218 6217 6219
18853 7056 7049 7036 7038
18854 6222 6220 6217 6223
18855 4262 4272 4263 4270
18856 6223 6220 6217 6234
18857 6217 6216 6232 6218
18858 11108 11201 11106 11195
18859 6232 6220 6234 6217
18860 6217 6230 6232 6228
18861 6226 6283 6225 6232
18862 6257 6256 6259 6261
18863 7060 7030 7023 7062
18864 6257 6255 6258 6254
18865 3599 3598 3596 3593
18866 6231 6208 6275 6203
18867 6232 6228 6226 6216
18868 6232 6216 6226 6283
18869 6216 6212 6226 6280
18870 6228 6212 6226 6216
18871 6216 6284 6226 6283
18872 6280 6284 6226 6216
18873 10564 10322 10321 10557
18874 6272 6283 6271 6275
18875 3385 3387 3382 3389
18876 3488 3472 3484 3489
18877 3447 3449 3445 3444
18878 6204 6202 6296 6209
18879 7088 7094 7092 6964
18880 6231 6234 6233 6229
18881 7084 6978 7019 7085
18882 7083 7087 7084 7093
18883 6268 6269 6273 6337
18884 6276 6261 6259 6256
18885 11268 10754 11269 11262
18886 6233 6207 6231 6229
18887 6276 6284 6259 6262
18888 3050 3051 3392 3049
18889 6256 6262 6276 6261
18890 6267 6256 6265 6246
18891 6281 6279 6278 6284
18892 6269 6272 6271 6275
18893 6265 6264 6270 6267
18894 6254 6253 6257 6255
18895 8822 8817 8820 8815
18896 6270 6266 6268 6274
18897 6269 6272 6275 6200
18898 7048 7002 7003 7055
18899 7023 7021 7035 7025
18900 1226 1225 1239 1236
18901 6259 6284 6278 6279
18902 6280 6284 6277 6226
18903 6255 6253 6257 6251
18904 6261 6255 6257 6256
18905 2928 2938 2947 2937
18906 6276 6278 6259 6284
18907 7496 7490 7491 7488
18908 3041 3042 3040 3043
18909 3049 3061 3047 3043
18910 3739 3736 2927 3738
18911 916 1051 919 1045
18912 6226 6283 6277 6272
18913 6256 6282 6276 6262
18914 553 557 556 551
18915 6226 6284 6277 6283
18916 6271 6282 6276 6270
18917 6256 6267 6270 6282
18918 6251 6265 6256 6246
18919 6863 6869 6850 6854
18920 6262 6246 6256 6282
18921 6256 6267 6265 6270
18922 4558 4573 4585 4548
18923 6262 6255 6261 6256
18924 6246 6248 6256 6255
18925 6262 6248 6256 6246
18926 3468 3469 3459 3463
18927 3062 3061 3065 3049
18928 6261 6262 6259 6284
18929 6276 6262 6259 6261
18930 543 553 540 544
18931 9161 9154 9197 9126
18932 2973 2956 2974 2968
18933 1803 1325 1312 1804
18934 5666 5660 5657 5664
18935 2940 2942 2948 2939
18936 2927 2931 2932 3738
18937 2922 2917 2918 2919
18938 569 583 582 577
18939 3606 3603 3601 3610
18940 498 399 497 392
18941 918 914 919 1045
18942 914 918 919 913
18943 3369 3400 3373 3371
18944 581 573 574 0
18945 913 918 916 910
18946 2937 2938 2944 2921
18947 565 562 577 572
18948 564 549 561 560
18949 2945 3079 3084 2946
18950 910 918 916 917
18951 5770 5780 5772 5779
18952 566 569 580 565
18953 2942 2948 3079 2947
18954 919 922 921 918
18955 2920 2919 2938 2922
18956 3079 3067 3084 3086
18957 548 549 564 560
18958 548 551 564 549
18959 2958 2916 2954 2915
18960 2928 2930 2929 2924
18961 2996 2999 2998 2990
18962 952 909 957 948
18963 4984 4987 4978 4985
18964 921 918 933 932
18965 921 922 933 918
18966 2933 2936 2947 2934
18967 998 999 991 989
18968 916 921 917 918
18969 909 910 916 917
18970 952 1056 960 1064
18971 578 576 2 575
18972 3087 3088 3032 3080
18973 11098 11094 11097 11090
18974 2927 2919 2928 2931
18975 2934 2932 2928 2931
18976 2927 2931 2928 2932
18977 2940 2942 2945 2947
18978 2930 2924 2923 2929
18979 2928 2922 2938 2919
18980 2929 2924 2960 2916
18981 3066 3068 3083 3074
18982 2937 2928 2924 2926
18983 2927 2931 2924 2919
18984 2947 2938 2944 2943
18985 2928 2919 2924 2931
18986 2937 2919 2924 2928
18987 555 567 566 564
18988 547 548 555 559
18989 2961 2930 3000 2923
18990 573 571 580 574
18991 2943 2938 2944 2937
18992 3381 3383 3386 3380
18993 2938 2920 2937 2919
18994 2921 2920 2937 2938
18995 3037 3028 3029 3032
18996 2940 2925 2939 2930
18997 919 918 916 913
18998 2929 2924 2923 2960
18999 921 945 917 918
19000 2938 2919 2937 2928
19001 635 547 558 627
19002 582 580 577 581
19003 2603 2557 2559 2552
19004 2927 2919 2924 2922
19005 567 565 566 564
19006 559 548 555 564
19007 952 913 916 909
19008 559 564 555 566
19009 547 552 555 548
19010 2911 2954 2916 2915
19011 560 564 559 565
19012 2922 2917 2916 2914
19013 2914 2917 2916 2911
19014 555 632 552 547
19015 673 660 666 659
19016 2952 2958 2960 2954
19017 2922 2919 2916 2917
19018 2924 2919 2916 2922
19019 10508 10524 10523 10519
19020 2911 2915 2916 2914
19021 572 562 559 565
19022 560 565 559 562
19023 1279 1323 1306 1299
19024 3597 3470 3589 3587
19025 2927 2922 2929 2915
19026 3394 3062 3391 3051
19027 564 548 555 551
19028 552 551 555 548
19029 2930 2926 2923 2924
19030 67 70 65 68
19031 70 69 65 573
19032 547 627 635 632
19033 581 573 580 574
19034 9175 9174 9177 9170
19035 9260 9264 9258 9261
19036 635 555 558 547
19037 3041 3055 3040 3075
19038 42 53 84 44
19039 76 74 71 73
19040 982 976 975 980
19041 573 69 581 70
19042 3079 2946 2945 2947
19043 25 17 18 23
19044 2946 2944 2945 2947
19045 946 944 945 936
19046 948 958 956 953
19047 917 957 916 909
19048 916 909 957 952
19049 20 55 31 13
19050 1053 1056 960 952
19051 1064 1060 1061 1056
19052 9154 9193 9197 9153
19053 1053 1060 960 1056
19054 566 636 558 571
19055 566 559 558 555
19056 566 572 558 559
19057 571 572 558 566
19058 3036 2984 2998 2994
19059 3005 3006 3010 3007
19060 1253 1252 1249 1258
19061 9255 9253 9257 9256
19062 10150 10142 9160 10165
19063 1461 1465 1464 1458
19064 1463 1458 1465 1459
19065 1492 1459 1465 1458
19066 3085 2946 3084 3079
19067 929 939 946 937
19068 9202 9208 9210 9204
19069 9193 9191 9197 9153
19070 9257 9266 9259 9213
19071 1790 1791 1783 1789
19072 9119 9110 9111 9117
19073 3077 3048 3040 3078
19074 9160 10142 9156 9149
19075 9201 9204 9210 9205
19076 9093 9096 9095 9086
19077 1181 835 1140 1133
19078 9194 9191 9198 9193
19079 9210 9206 9211 9169
19080 36 38 34 37
19081 9190 9188 9196 9187
19082 10171 10165 10174 10166
19083 1153 1176 1152 1143
19084 9188 10166 10174 10165
19085 9099 9115 9112 9116
19086 3297 3293 3288 3295
19087 9184 9183 9175 9182
19088 9188 10165 10174 9187
19089 1239 1230 1231 1229
19090 9186 9217 9184 9185
19091 9188 9208 10175 9199
19092 9380 9369 9378 9370
19093 9204 9192 9210 9206
19094 1095 2156 1125 1094
19095 9189 9192 9191 9196
19096 581 9 7 578
19097 9195 9187 9196 9160
19098 9237 9219 9215 9217
19099 3082 3090 3053 3091
19100 10174 9187 9196 9188
19101 9087 9106 9098 9107
19102 9237 9235 9228 9236
19103 9205 9206 9210 9207
19104 10174 10150 9160 10165
19105 9193 9162 9198 9194
19106 9201 9208 9209 9210
19107 4851 4855 4854 4850
19108 9163 9169 9172 9171
19109 9201 9208 9210 9202
19110 1465 1459 1511 1463
19111 9213 9215 9216 9218
19112 9229 9238 9227 9240
19113 10169 10176 10175 10173
19114 10167 10172 10175 10166
19115 9188 10166 10175 10174
19116 9188 9199 10175 10166
19117 9282 9269 9297 9288
19118 10166 9199 10175 10167
19119 11109 11106 11107 11101
19120 10175 10171 10174 10166
19121 9268 9267 9277 9265
19122 9175 9174 9178 9177
19123 940 917 941 909
19124 27 28 3 30
19125 1539 1533 1511 1459
19126 9212 9169 9211 9174
19127 936 945 937 941
19128 1533 1540 1513 1536
19129 1543 1539 1513 1511
19130 945 917 941 940
19131 1252 1259 1221 943
19132 1502 1494 1496 1500
19133 945 918 941 917
19134 1540 1543 1541 1539
19135 1507 1506 1513 1533
19136 1539 1540 1513 1533
19137 9176 9237 9228 9215
19138 2366 2387 2388 2379
19139 909 917 941 910
19140 1512 1465 1511 1463
19141 1533 1539 1511 1513
19142 1463 1459 1511 1506
19143 9179 9218 9217 9252
19144 1459 1533 1511 1506
19145 5279 5284 5201 5286
19146 1492 1511 1465 1459
19147 1513 1506 1511 1533
19148 1421 1420 1422 1424
19149 1425 1424 1422 1449
19150 932 918 941 945
19151 927 918 941 932
19152 1494 1463 1512 1506
19153 1500 1494 1496 1493
19154 1494 1493 1512 1463
19155 943 1232 1259 1229
19156 2077 2075 2047 2070
19157 9198 9161 9166 9162
19158 926 925 929 924
19159 9210 9194 9198 9211
19160 1229 1226 1239 1230
19161 9181 9175 9176 9180
19162 1236 1239 1237 1238
19163 9210 9169 9211 9212
19164 933 918 929 932
19165 937 925 929 939
19166 9169 9174 9175 9170
19167 577 581 578 582
19168 35 23 34 36
19169 1221 1252 1224 1259
19170 8898 8908 8895 8890
19171 1507 1506 1514 1513
19172 1509 1506 1514 1507
19173 1494 1506 1514 1509
19174 1222 1229 1226 1227
19175 1512 1506 1514 1494
19176 1514 1511 1512 1515
19177 1515 1511 1543 1513
19178 1514 1511 1506 1512
19179 937 927 929 923
19180 928 923 929 927
19181 927 918 929 928
19182 939 930 929 943
19183 1494 1493 1500 1512
19184 937 941 929 927
19185 932 927 929 941
19186 941 945 929 932
19187 937 945 929 941
19188 9168 9180 9175 9182
19189 939 936 946 937
19190 1339 1242 1338 1240
19191 9172 9169 9175 9171
19192 9198 9162 9166 9169
19193 9170 9198 9166 9169
19194 9214 9217 9186 9185
19195 9194 9192 9198 9191
19196 9172 9171 9175 9183
19197 9184 9217 9175 9185
19198 9184 9185 9175 9183
19199 9171 9182 9175 9183
19200 9171 9169 9175 9170
19201 9214 9217 9219 9186
19202 9216 9224 9223 9218
19203 9175 9186 9179 9217
19204 9178 9177 9252 9179
19205 9162 9169 9198 9194
19206 9168 9169 9166 9162
19207 9217 9219 9218 9220
19208 939 938 946 936
19209 9237 9217 9215 9176
19210 9218 9222 9224 9225
19211 9221 9219 9222 9218
19212 9218 9219 9222 9220
19213 9162 9193 9198 9161
19214 9197 9161 9198 9193
19215 9166 9180 9176 9175
19216 1333 1242 1339 1266
19217 1353 1363 1360 1358
19218 9240 9248 9239 9241
19219 9236 9215 9238 9228
19220 9195 9198 9196 9191
19221 1340 1242 1338 1339
19222 9168 9161 9162 9166
19223 9175 9170 9166 9171
19224 9175 9171 9166 9168
19225 9229 9213 9228 9215
19226 9171 9169 9166 9168
19227 9170 9169 9166 9171
19228 9166 9165 9176 9180
19229 1261 1268 1255 1260
19230 1255 1270 1268 1261
19231 6820 6833 6828 6824
19232 9214 9217 9220 9219
19233 9215 9221 9216 9218
19234 1224 1252 1253 1259
19235 9147 9142 9159 9152
19236 9175 9166 9177 9176
19237 9175 9170 9177 9166
19238 9184 9186 9179 9175
19239 9237 9217 9179 9186
19240 9176 9217 9179 9237
19241 9177 9176 9179 9175
19242 9181 9186 9179 9184
19243 9237 9181 9179 9176
19244 9237 9186 9179 9181
19245 9176 9181 9179 9175
19246 9184 9175 9179 9181
19247 929 925 1229 930
19248 1229 1232 1231 1233
19249 1222 925 1229 926
19250 1225 1236 1238 1239
19251 11422 11420 11421 11413
19252 1335 1328 1332 1325
19253 1517 1505 1504 1502
19254 5062 5053 5054 5045
19255 1518 1514 1502 1517
19256 1229 930 1233 931
19257 3068 3074 3069 3067
19258 1223 1222 1229 926
19259 1222 1221 1229 925
19260 1502 1510 1498 1509
19261 1497 1494 1502 1509
19262 1514 1509 1502 1494
19263 1514 1517 1515 1512
19264 1494 1512 1502 1514
19265 1502 1497 1496 1494
19266 1221 939 1229 925
19267 930 925 1229 939
19268 6 0 578 1
19269 1221 1259 1229 943
19270 943 939 1229 1221
19271 943 930 1229 939
19272 1222 1221 1226 1229
19273 577 575 578 574
19274 1226 1229 1239 1227
19275 1325 1321 1318 1323
19276 930 929 931 1229
19277 1359 1362 1361 1363
19278 931 929 934 935
19279 61 58 20 57
19280 945 934 946 929
19281 3009 3006 3025 3063
19282 1503 1362 1505 1504
19283 931 930 934 929
19284 2500 2503 2502 2496
19285 1359 1350 1354 1349
19286 1262 1268 1260 1267
19287 1449 1424 1422 1420
19288 943 938 946 939
19289 1244 1239 1245 1242
19290 937 945 946 929
19291 936 945 946 937
19292 1502 1494 1500 1512
19293 1512 1517 1500 1502
19294 943 939 946 929
19295 946 938 999 936
19296 9140 9145 9146 9139
19297 1256 994 1249 1248
19298 9063 9100 9073 9065
19299 6663 6585 6676 6655
19300 8055 8057 8056 8053
19301 1783 1782 1787 1790
19302 1229 1259 1224 1228
19303 1221 1229 1224 1226
19304 1221 1259 1224 1229
19305 1227 1225 1239 1226
19306 9179 9176 9213 9217
19307 2426 2445 2444 2418
19308 1493 1500 1499 1495
19309 1495 1499 1795 1798
19310 1237 1235 1240 1242
19311 1242 1241 1240 1237
19312 9258 9255 9269 9266
19313 5287 5282 5280 5283
19314 1253 1252 1258 1259
19315 9252 9176 9213 9179
19316 1229 1226 1230 1224
19317 1224 1228 1230 1229
19318 1358 1352 1360 1353
19319 1232 930 1233 1229
19320 2935 3071 3079 2936
19321 1238 1239 1237 1242
19322 1226 1236 1239 1234
19323 1339 1247 1340 1242
19324 1246 1333 1272 1242
19325 1226 1224 1239 1230
19326 1226 1234 1239 1224
19327 1224 1228 1239 1230
19328 1224 1234 1239 1228
19329 1242 1235 1240 1266
19330 1239 1230 1244 1231
19331 3419 3418 3428 3411
19332 1496 1497 1503 1350
19333 1502 1497 1503 1496
19334 1349 1496 1503 1350
19335 1349 1501 1503 1496
19336 1503 1500 1501 1504
19337 1504 1500 1517 1502
19338 1503 1500 1496 1501
19339 7517 7536 7535 7531
19340 1234 1235 1237 1239
19341 1239 1236 1237 1234
19342 1357 1354 1356 1360
19343 1500 1466 1512 1493
19344 9255 9252 9257 9253
19345 4687 4690 4678 4688
19346 9216 9223 9229 9213
19347 9252 9217 9213 9218
19348 9262 9223 9224 9259
19349 9999 9994 10004 10002
19350 1272 1235 1243 1242
19351 9218 9223 9216 9213
19352 9270 9267 9101 9276
19353 9253 9252 9257 9254
19354 1496 1501 1495 1349
19355 9176 9215 9228 9213
19356 9211 9196 9198 9210
19357 8944 9061 9051 9060
19358 9998 9983 9989 9987
19359 9086 9085 9093 9094
19360 9197 9166 9198 9161
19361 1434 1436 1440 1433
19362 9115 9104 9099 9098
19363 9087 9096 9101 9086
19364 4231 4261 4265 4232
19365 1274 1281 1275 1273
19366 9213 9215 9229 9216
19367 10851 10829 10852 10848
19368 3016 3054 3056 3022
19369 1316 1322 1318 1320
19370 9165 9173 9228 9180
19371 9181 9237 9228 9176
19372 9181 9235 9228 9237
19373 9173 9181 9235 9228
19374 9176 9180 9228 9181
19375 9228 9215 9238 9229
19376 9341 9127 9374 9370
19377 1501 1349 1314 1495
19378 1501 1495 1314 1805
19379 1326 1220 1422 1425
19380 1256 993 994 1248
19381 2995 3087 3029 2941
19382 1224 1228 1264 1234
19383 1335 1322 1325 1332
19384 20 25 23 17
19385 1253 1228 1257 1264
19386 9111 9120 9112 9115
19387 1358 1319 1353 1320
19388 9223 9229 9266 9265
19389 1259 1257 1258 1253
19390 573 571 589 579
19391 3032 3031 3037 3028
19392 3012 3369 3010 3007
19393 67 72 66 71
19394 988 986 995 992
19395 3006 3005 3010 3009
19396 1358 1363 1360 1361
19397 1336 1334 1335 1322
19398 1259 942 943 1252
19399 1202 993 1198 987
19400 1361 1359 1360 1358
19401 1260 1251 1255 1261
19402 989 999 991 938
19403 3617 3593 3615 3624
19404 3079 2947 2945 2942
19405 2930 2935 2948 2947
19406 608 610 606 99
19407 64 81 66 68
19408 86 82 78 87
19409 87 82 78 83
19410 3016 3024 3022 3056
19411 3150 3135 3140 3142
19412 2945 2942 3084 3079
19413 2925 3000 2939 2930
19414 3091 3057 3066 3074
19415 4 6 5 1
19416 569 565 577 580
19417 2940 2942 2947 2948
19418 4 0 3 6
19419 636 580 579 571
19420 2928 2926 2940 2930
19421 566 572 580 571
19422 2947 2938 2943 2937
19423 2942 2941 2948 2939
19424 2939 2941 2948 3087
19425 2940 2939 2948 2930
19426 1126 1099 1095 1125
19427 579 581 70 573
19428 566 565 580 572
19429 573 579 580 571
19430 574 571 580 572
19431 1 574 578 575
19432 573 69 0 581
19433 2947 2933 2935 2936
19434 577 574 578 581
19435 3064 3058 3063 3056
19436 2933 2934 2947 2928
19437 2930 2928 2947 2940
19438 2930 2933 2947 2928
19439 23 19 20 13
19440 2948 2930 2947 2940
19441 2947 2937 2943 2928
19442 2947 2928 2943 2940
19443 2943 2926 2940 2928
19444 3389 3403 3383 3384
19445 580 572 577 574
19446 4984 5093 5094 5089
19447 574 581 577 580
19448 2948 3070 3089 3079
19449 575 572 577 562
19450 580 565 577 572
19451 575 574 577 572
19452 575 562 577 576
19453 5361 5366 5363 5359
19454 1 575 578 2
19455 9680 9907 9895 9902
19456 8 73 3 27
19457 3068 3075 3076 3074
19458 3067 3074 3083 3068
19459 582 10 9 578
19460 7254 7274 7285 7291
19461 2940 2947 2945 2943
19462 3086 3067 3074 3079
19463 3081 3089 3083 3079
19464 3077 3057 3040 3047
19465 1360 1355 1357 1354
19466 3086 3085 3084 3079
19467 3079 3070 3074 3071
19468 3 0 7 6
19469 9 12 11 6
19470 582 10 578 583
19471 27 73 74 8
19472 1930 1933 1931 1924
19473 8 73 7 3
19474 7 11 8 6
19475 3074 3067 3083 3072
19476 849 974 1142 1195
19477 3072 3071 3074 3070
19478 3067 3072 3074 3070
19479 3067 3070 3074 3079
19480 72 71 89 83
19481 3475 3472 3483 3492
19482 11 30 8 6
19483 3055 3053 3054 3057
19484 42 51 84 53
19485 3079 2948 3081 3089
19486 3086 3067 3069 3074
19487 4 6 3 30
19488 3077 3073 3078 3074
19489 1347 1348 1338 1339
19490 29 4 28 30
19491 1240 1266 1339 1242
19492 15 32 14 16
19493 2997 2961 2991 2959
19494 8 75 7 73
19495 3 69 7 0
19496 3369 3394 3370 3011
19497 74 73 76 8
19498 2942 2948 3081 3079
19499 10668 10738 10669 10666
19500 20 57 35 55
19501 3066 3057 3055 3074
19502 70 7 75 69
19503 55 74 35 31
19504 48 52 42 51
19505 73 69 7 3
19506 0 69 7 581
19507 9875 10017 10015 9871
19508 73 75 7 69
19509 31 74 35 27
19510 3023 3009 3025 3024
19511 61 57 51 53
19512 2942 2941 3081 2948
19513 3091 3072 3083 3089
19514 1503 1362 1361 1359
19515 3012 3369 3007 3011
19516 3572 3602 3563 3496
19517 8 30 3 6
19518 27 30 3 8
19519 3084 2942 3081 3079
19520 3067 3081 3083 3079
19521 10610 10601 10603 10599
19522 0 581 7 578
19523 578 6 7 0
19524 3072 3070 3083 3089
19525 3067 3070 3083 3072
19526 3079 3070 3083 3067
19527 3079 3089 3083 3070
19528 1314 1319 1358 1322
19529 57 89 76 85
19530 3082 3091 3053 3066
19531 42 40 47 44
19532 2948 2941 3080 3087
19533 3081 2941 3080 2948
19534 3081 2948 3080 3089
19535 3087 3089 3088 3080
19536 10002 9994 10004 9997
19537 3083 3091 3082 3066
19538 3088 3090 3082 3091
19539 3080 3088 3082 3089
19540 3080 3083 3081 3089
19541 3089 3091 3082 3083
19542 3089 3088 3082 3091
19543 1314 1319 1352 1358
19544 1264 1228 1243 1234
19545 1322 1332 1333 1331
19546 1357 1291 1360 1356
19547 149 151 144 153
19548 1338 1344 1343 1337
19549 1354 1349 1352 1359
19550 9085 9247 9372 9091
19551 1358 1359 1352 1349
19552 1358 1349 1352 1314
19553 1204 1202 1198 1197
19554 2364 2626 2628 2389
19555 9280 9279 9286 9285
19556 9265 9266 9277 9268
19557 1803 1325 1324 1312
19558 1300 1306 1308 1309
19559 32 31 23 34
19560 1203 1196 1201 1194
19561 1855 1853 1848 1824
19562 9036 9037 9045 9043
19563 9227 9235 9231 9236
19564 9109 9267 9101 9270
19565 9223 9245 9216 9229
19566 9281 9990 9284 9280
19567 1345 1307 1337 1293
19568 1338 1363 1341 1336
19569 9275 9223 9259 9266
19570 1345 1341 1343 1337
19571 9627 9630 9628 9626
19572 3062 3045 3049 3051
19573 9278 9274 9260 9258
19574 1243 1257 1228 1264
19575 1381 1373 1384 1388
19576 34 31 23 20
19577 9224 9225 9259 9218
19578 9257 9213 9259 9252
19579 9987 9983 9989 9985
19580 9275 9250 9223 9265
19581 9223 9213 9259 9266
19582 9262 9275 9259 9257
19583 9288 9255 9258 9256
19584 1352 1319 1353 1358
19585 9223 9265 9266 9275
19586 36 34 18 23
19587 63 58 17 20
19588 1244 1228 1230 1239
19589 1235 1234 1243 1239
19590 1234 1235 1243 1264
19591 9275 9266 9259 9257
19592 1503 1350 1359 1349
19593 2786 2788 2787 2779
19594 1359 1350 1355 1354
19595 1301 1337 1342 1291
19596 9224 9262 9259 9263
19597 9263 9225 9259 9224
19598 9213 9223 9259 9218
19599 23 32 14 31
19600 1247 1242 1339 1246
19601 9224 9218 9259 9223
19602 1239 1242 1243 1235
19603 9262 9266 9257 9255
19604 9255 9213 9257 9252
19605 9255 9266 9257 9213
19606 1322 1266 1333 1358
19607 4321 4313 4316 4314
19608 9275 9266 9257 9262
19609 1246 1243 1244 1242
19610 1339 1240 1338 1361
19611 1266 1265 1272 1235
19612 1231 1239 1245 1244
19613 3473 3463 3470 3597
19614 1246 1244 1245 1242
19615 1245 1242 1247 1246
19616 1331 1266 1333 1322
19617 1358 1336 1333 1322
19618 1501 1361 1358 1503
19619 1352 1359 1360 1354
19620 1339 1348 1338 1340
19621 1351 1359 1503 1350
19622 9260 9264 9278 9258
19623 1336 1363 1341 1358
19624 1301 1320 1342 1353
19625 1272 1270 1243 1265
19626 1265 1331 1272 1271
19627 1265 1266 1272 1331
19628 1244 1242 1243 1239
19629 1270 1264 1243 1265
19630 1235 1265 1243 1264
19631 1272 1242 1333 1266
19632 1272 1266 1333 1331
19633 619 622 621 614
19634 1314 1501 1358 1349
19635 11397 11041 11396 11389
19636 10543 10550 10562 10542
19637 1503 1349 1358 1501
19638 1359 1503 1358 1361
19639 1359 1349 1358 1503
19640 1358 1805 1501 1314
19641 9052 9056 9051 9055
19642 9280 9282 9285 9281
19643 1344 1346 1343 1337
19644 1292 1286 1288 1285
19645 9258 9288 9269 9255
19646 9255 9262 9260 9257
19647 1360 1354 1356 1352
19648 1358 1240 1339 1361
19649 1266 1358 1339 1333
19650 1266 1240 1339 1358
19651 1361 1362 1338 1363
19652 1361 1363 1338 1358
19653 1339 1361 1338 1358
19654 1240 1241 1338 1361
19655 1240 1242 1338 1241
19656 1241 1362 1338 1361
19657 1346 1337 1345 1343
19658 1358 1363 1338 1336
19659 1339 1358 1338 1333
19660 9706 9704 9705 9699
19661 1333 1358 1338 1336
19662 9262 9274 9275 9266
19663 9255 9266 9260 9262
19664 9259 9262 9261 9263
19665 9260 9262 9261 9259
19666 9255 9266 9258 9260
19667 9257 9255 9258 9260
19668 1320 1358 1342 1353
19669 3367 3371 3370 3366
19670 9265 9274 9277 9266
19671 9266 9274 9258 9260
19672 10094 10097 10096 10093
19673 9259 9260 9258 9261
19674 9984 9990 9989 9985
19675 9260 9259 9258 9262
19676 9257 9262 9258 9259
19677 9260 9262 9258 9257
19678 23 13 14 21
19679 1309 1303 1302 1300
19680 9266 9274 9277 9258
19681 9282 9288 9297 9283
19682 9111 9110 9045 9117
19683 9278 9271 9277 9258
19684 1338 1347 1343 1344
19685 9271 9268 9277 9258
19686 127 151 122 149
19687 1356 1285 1291 1353
19688 9297 9293 9296 9268
19689 1353 1360 1291 1356
19690 9300 9297 9272 9258
19691 9298 9293 9295 9297
19692 9297 9268 9272 9269
19693 1291 1356 1286 1285
19694 784 790 789 783
19695 9268 9269 9297 9293
19696 9271 9268 9272 9297
19697 9268 9258 9272 9269
19698 9271 9258 9272 9268
19699 9282 9283 9285 9281
19700 9297 9283 9285 9282
19701 9298 9282 9286 9293
19702 9295 9293 9296 9297
19703 9282 9280 9285 9279
19704 9287 9285 9286 9299
19705 9284 9285 9289 9287
19706 9293 9282 9285 9279
19707 1294 1337 1293 1345
19708 9270 9296 9109 9267
19709 1342 1322 1341 1358
19710 1337 1360 1291 1353
19711 3633 3376 3632 3627
19712 1342 1358 1341 1363
19713 1303 1301 1300 1309
19714 1288 1285 1287 1292
19715 1337 1363 1343 1338
19716 3622 3621 3614 3623
19717 9285 9282 9286 9298
19718 3007 3446 3010 3005
19719 1291 1285 1301 1353
19720 1347 1341 1336 1338
19721 1337 1291 1301 1353
19722 1342 1363 1341 1337
19723 1337 1363 1341 1343
19724 1343 1363 1341 1338
19725 1322 1336 1341 1358
19726 9281 9280 9284 9285
19727 1320 1322 1342 1358
19728 1337 1353 1342 1363
19729 1358 1363 1342 1353
19730 1309 1300 1302 1308
19731 1293 1298 1297 1292
19732 3051 3045 3044 3046
19733 9297 9302 9301 9299
19734 3496 3501 3497 3500
19735 1345 1307 1342 1337
19736 1750 1752 1748 1476
19737 3397 3396 3392 3051
19738 3623 3624 3617 3622
19739 1297 1296 1295 1292
19740 1292 1298 1297 1296
19741 1342 1337 1307 1291
19742 1309 1301 1307 1291
19743 9056 9052 9051 9053
19744 1287 1301 1295 1285
19745 32 31 34 27
19746 1342 1291 1307 1301
19747 1294 1298 1293 1292
19748 1287 1285 1295 1292
19749 1303 1309 1302 1305
19750 1289 1296 1290 1287
19751 9287 9290 9289 9284
19752 1292 1293 1295 1297
19753 1287 1303 1295 1301
19754 1292 1291 1295 1293
19755 1305 1295 1289 1303
19756 1287 1292 1295 1296
19757 1289 1303 1295 1287
19758 628 426 412 410
19759 9989 9990 9284 9985
19760 9989 9280 9284 9990
19761 1309 1297 1295 1307
19762 9290 9992 9991 9284
19763 9289 9279 9286 9280
19764 9295 9301 9298 9297
19765 2374 2371 2372 2365
19766 3374 3388 3377 3373
19767 1291 1301 1295 1309
19768 1291 1285 1295 1301
19769 1307 1291 1295 1309
19770 1293 1291 1295 1307
19771 9268 9267 9296 9271
19772 9297 9299 9301 9298
19773 8459 8454 8429 8448
19774 9280 9285 9289 9284
19775 9300 9297 9301 9272
19776 9285 9297 9298 9299
19777 8757 7313 8721 8713
19778 9121 9303 10006 9291
19779 9991 10005 10006 9279
19780 1280 1283 1281 1278
19781 9277 9267 9276 9265
19782 9293 9292 9294 9295
19783 9294 9298 9286 9293
19784 9280 9285 9286 9289
19785 10002 10005 9997 10004
19786 9991 9279 9289 9280
19787 9280 9284 9289 9991
19788 9291 9279 9303 10006
19789 9285 9293 9286 9282
19790 9294 9279 9303 9291
19791 9991 9284 9289 9290
19792 9282 9297 9298 9285
19793 9282 9293 9298 9297
19794 1505 1502 1503 1504
19795 9294 9289 9303 9279
19796 9991 10003 10006 10005
19797 9992 9985 9991 9284
19798 9989 10003 9987 9991
19799 9989 10005 9991 9279
19800 9298 9299 9286 9285
19801 9268 9271 9296 9297
19802 9271 9301 9297 9272
19803 9284 9985 9991 9989
19804 9988 9985 9991 9992
19805 9991 9985 9987 9989
19806 9280 9989 9991 9279
19807 9284 9989 9991 9280
19808 9295 9292 9296 9293
19809 9289 9285 9286 9287
19810 8481 8506 8504 8476
19811 6179 5898 5894 5900
19812 9116 9303 9122 9291
19813 9279 10005 10006 9291
19814 10005 10002 10003 10006
19815 9291 10005 10006 10004
19816 46 47 43 41
19817 9291 9116 9294 9292
19818 9279 9291 9294 9293
19819 9067 9053 9059 9064
19820 9286 9285 9294 9293
19821 9279 9285 9294 9286
19822 9279 9293 9294 9285
19823 9292 9267 9109 9296
19824 1438 1440 1432 1448
19825 9270 9277 9271 9267
19826 1342 1334 1341 1322
19827 1320 1322 1323 1342
19828 18 26 25 16
19829 3232 3244 3229 3235
19830 9250 9251 9241 9265
19831 2797 2803 2802 2796
19832 1438 1453 1278 1448
19833 1329 1335 1334 1325
19834 1262 1220 1326 1269
19835 1309 1301 1300 1307
19836 1307 1306 1300 1309
19837 1342 1320 1300 1323
19838 1342 1301 1300 1320
19839 372 368 380 367
19840 1301 1342 1300 1307
19841 1308 1310 1309 1306
19842 13 20 23 31
19843 1448 1440 1432 1434
19844 9043 9118 9999 9113
19845 1299 1306 1279 1308
19846 9121 9113 9112 10004
19847 9118 9120 9112 9111
19848 5885 5880 5884 5887
19849 9116 9292 9099 9108
19850 23 35 34 20
19851 3376 3427 3632 3627
19852 56 60 61 52
19853 39 152 127 149
19854 3450 3446 3445 3449
19855 3444 3447 3443 3445
19856 3633 3620 3618 3614
19857 3006 3012 3007 3011
19858 3002 3003 3001 3004
19859 57 53 85 51
19860 10710 10713 10717 10712
19861 20 55 35 31
19862 55 57 35 74
19863 57 17 58 20
19864 8 36 35 30
19865 3054 3057 3059 3055
19866 3401 3383 3380 3389
19867 3399 3384 3383 3403
19868 11 37 30 12
19869 61 57 20 55
19870 20 60 61 56
19871 19 56 20 13
19872 8 27 35 74
19873 8419 8428 8427 8423
19874 3383 3403 3397 3399
19875 13 56 20 55
19876 61 55 20 56
19877 11 37 36 30
19878 8 30 35 27
19879 18 26 16 38
19880 11197 11379 11380 11375
19881 23 26 24 16
19882 33 16 34 32
19883 36 38 18 34
19884 31 20 34 35
19885 23 34 18 16
19886 3603 3611 3606 3607
19887 32 27 34 28
19888 30 28 34 27
19889 29 34 30 28
19890 37 30 34 36
19891 32 28 34 33
19892 3061 3045 3049 3062
19893 5285 5350 5351 5346
19894 23 31 14 13
19895 3568 3571 3569 3562
19896 8545 8534 8547 8554
19897 6814 6816 6822 6821
19898 3391 3051 3065 3392
19899 1083 1089 1087 1086
19900 3380 3389 3378 3400
19901 3614 3617 3628 3637
19902 3369 3391 3011 3012
19903 3399 3403 3397 3398
19904 3615 3624 3630 3617
19905 3390 3618 3387 3389
19906 3617 3622 3637 3614
19907 3064 3058 3060 3063
19908 3078 3074 3040 3077
19909 3385 3387 3386 3613
19910 9273 9275 9274 9265
19911 6758 6766 6749 6762
19912 3478 3480 3472 3479
19913 3619 3621 3614 3618
19914 3473 3463 3469 3470
19915 3621 3620 3614 3618
19916 3475 3480 3469 3492
19917 3042 3041 3040 3076
19918 3383 3398 3397 3403
19919 3396 3399 3397 3398
19920 3051 3043 3044 3045
19921 3377 3422 3372 3430
19922 3391 3065 3011 3012
19923 3052 3045 3051 3046
19924 3392 3051 3065 3049
19925 3060 3065 3011 3062
19926 3387 3389 3383 3390
19927 3591 3598 3607 3624
19928 3390 3389 3383 3384
19929 3052 3396 3051 3045
19930 3051 3043 3040 3044
19931 3077 3074 3040 3075
19932 3446 3449 3366 3010
19933 3635 3622 3620 3614
19934 3052 3396 3397 3051
19935 3052 3399 3397 3396
19936 48 42 43 47
19937 8678 8390 8680 8670
19938 3400 3389 3378 3388
19939 3488 3489 3492 3493
19940 3607 3624 3630 3591
19941 3637 3624 3622 3617
19942 7095 7089 7093 7087
19943 3662 3658 3653 3816
19944 582 580 569 577
19945 3417 3414 3416 3575
19946 3387 3614 3613 3612
19947 3397 3401 3391 3400
19948 3053 3057 3056 3054
19949 3617 3624 3630 3609
19950 3378 3385 3382 3389
19951 3040 3061 3064 3059
19952 3471 3594 3596 3597
19953 3597 3470 3471 3594
19954 7021 7025 7022 7024
19955 7055 7003 7018 7004
19956 3604 3594 3588 3592
19957 3631 3429 3564 3426
19958 3623 3624 3625 3617
19959 3072 3073 3077 3074
19960 3388 3387 3382 3633
19961 7090 7095 7091 7060
19962 3470 3463 3468 3587
19963 3050 3051 3393 3392
19964 3587 3590 3594 3463
19965 3401 3397 3379 3383
19966 3492 3486 3482 3490
19967 7030 7059 7028 7029
19968 7069 7058 7067 7059
19969 1313 1797 1804 1798
19970 3474 3470 3471 3473
19971 2528 2518 2519 2538
19972 3485 3489 3484 3472
19973 3593 3624 3599 3598
19974 7058 7059 7028 7030
19975 7032 7048 7056 7049
19976 3594 3593 3595 3598
19977 7026 7058 7028 7030
19978 3597 3473 3471 3470
19979 3077 3091 3072 3074
19980 3061 3043 3049 3045
19981 3481 3480 3472 3474
19982 3051 3045 3049 3043
19983 3473 3474 3472 3480
19984 3470 3474 3472 3473
19985 3594 3593 3588 3592
19986 3055 3057 3077 3074
19987 3595 3594 3596 3593
19988 6923 6921 6650 6916
19989 7081 7082 7079 6883
19990 7052 7038 7036 7053
19991 7032 7043 7033 7038
19992 7056 7044 6235 7047
19993 6863 6854 6850 6853
19994 7074 7067 7064 7073
19995 6891 6899 6898 6890
19996 6777 6779 6773 6778
19997 6883 7082 7079 6884
19998 4949 4946 4947 4942
19999 6858 6859 6881 6854
20000 7070 7071 7061 7074
20001 3372 3454 3450 3368
20002 6878 6887 6881 6899
20003 6884 6886 6878 6883
20004 6918 6893 7102 6889
20005 6921 6645 6648 6646
20006 7049 7046 7056 7047
20007 6912 6847 6926 6907
20008 6859 6854 6858 6862
20009 7027 7030 7038 7043
20010 9108 9296 9292 9109
20011 6903 6647 6908 6902
20012 6903 6910 6908 6917
20013 6917 6923 6650 6916
20014 6869 6861 6850 6854
20015 6891 6840 6926 6900
20016 3467 3477 3531 3532
20017 6926 6860 6900 6840
20018 6922 6893 7107 6918
20019 6851 6861 6852 6849
20020 6883 7080 6882 7079
20021 7074 7075 7079 7081
20022 6214 6217 6224 6215
20023 9783 9778 9779 9777
20024 6883 6884 7079 6878
20025 6883 6886 6878 6885
20026 6873 6779 6867 6843
20027 6885 6886 6878 6887
20028 6888 6887 6878 6886
20029 7937 7871 7938 7862
20030 7041 7039 7042 7038
20031 6864 6871 6865 6870
20032 7075 7082 7079 7081
20033 6865 6849 6850 6869
20034 6770 6756 6757 6762
20035 6899 6858 6887 6881
20036 6885 6882 6897 6878
20037 6869 6871 6865 6864
20038 7062 7057 7060 7030
20039 6897 6887 6885 6878
20040 6858 6887 6881 6888
20041 6848 6846 6842 6843
20042 7078 7079 7077 7072
20043 6878 6888 6881 6887
20044 6843 6846 6864 6870
20045 7030 7029 7028 7027
20046 6872 6871 6873 6870
20047 6849 6869 6864 6855
20048 6173 6117 5894 6116
20049 6873 6846 6848 6870
20050 6870 6874 6873 6872
20051 6842 6762 6756 6848
20052 6780 6781 6782 6779
20053 6856 6854 6869 6857
20054 6871 6872 6869 6870
20055 6871 6857 6869 6872
20056 6856 6857 6869 6871
20057 6882 7080 7076 7079
20058 6856 6861 6869 6854
20059 6780 6779 6778 6781
20060 6845 6848 6842 6756
20061 6843 6870 6867 6873
20062 6873 6779 6782 6874
20063 6858 6854 6851 6900
20064 6845 6848 6846 6842
20065 6779 6781 6782 6783
20066 6860 6861 6851 6849
20067 7018 7004 7019 7021
20068 6858 6900 6851 6892
20069 3494 3584 3514 3579
20070 7061 7095 7060 7066
20071 7068 7069 7067 7074
20072 7058 7069 7067 7068
20073 7043 7035 7038 7025
20074 7076 7079 6875 6882
20075 7069 7075 7067 7074
20076 6217 6223 7052 6222
20077 7053 7038 7049 7033
20078 7067 7030 7062 7063
20079 3388 3389 3382 3387
20080 7057 7068 7058 7067
20081 6846 6841 6864 6855
20082 7066 7057 7060 7067
20083 7067 7074 7064 7068
20084 7049 7038 7032 7033
20085 7067 7075 7073 7074
20086 7079 7074 7073 7075
20087 6777 6778 6773 6774
20088 6222 6223 7052 6235
20089 7064 7067 7061 7060
20090 6205 6210 6207 6231
20091 6881 6858 6879 6892
20092 7062 7065 7064 7067
20093 7048 7003 7020 7055
20094 7065 7067 7062 7063
20095 6892 6899 6890 6875
20096 7032 7038 7056 7035
20097 7040 7038 7036 7037
20098 7033 7054 7053 7038
20099 7038 7035 7032 7025
20100 7061 7095 7066 7103
20101 7030 7058 7062 7057
20102 7067 7058 7062 7030
20103 7067 7057 7062 7058
20104 7056 7038 7039 7035
20105 7074 7073 7064 7072
20106 6214 6223 6224 6217
20107 3615 3617 3628 3612
20108 7079 7074 7072 7073
20109 7079 7081 7072 7074
20110 6843 6841 6864 6846
20111 7043 7034 7033 7038
20112 6851 6840 6891 6900
20113 6961 6964 6962 6959
20114 3450 3367 3453 3446
20115 7026 7030 7023 7060
20116 7038 7034 7033 7054
20117 7108 7104 7100 7106
20118 6777 6771 6772 6778
20119 7060 7067 7061 7066
20120 7071 7081 7070 7080
20121 6773 6771 6761 6777
20122 6899 6878 6875 6881
20123 7074 7081 7070 7071
20124 7072 7081 7070 7074
20125 7068 7066 7061 7067
20126 7064 7067 7060 7062
20127 7021 7025 7024 7020
20128 6893 6896 6895 6889
20129 7074 7066 7071 7061
20130 7064 7074 7061 7068
20131 6900 6899 6892 6881
20132 6623 6621 6622 6615
20133 6230 6223 6214 6217
20134 6898 6900 6899 6891
20135 6858 6900 6892 6881
20136 7108 7107 7102 7100
20137 6850 6849 6852 6861
20138 6875 6878 6876 6881
20139 6208 6275 6203 6200
20140 6778 6777 6775 6772
20141 6769 6782 6770 6767
20142 6868 6779 6867 6870
20143 6877 6878 6876 7079
20144 6234 6229 6230 6236
20145 7098 7094 7097 7092
20146 6625 6821 6620 6626
20147 6843 6846 6842 6841
20148 6772 6776 6775 6778
20149 6778 6780 6777 6779
20150 6899 6881 6875 6892
20151 6906 6907 6901 6914
20152 6876 6881 6879 6875
20153 6878 6897 6875 6882
20154 6851 6854 6852 6861
20155 6855 6856 6849 6869
20156 6855 6861 6860 6849
20157 6873 6779 6843 6848
20158 6848 6870 6843 6873
20159 6849 6869 6865 6864
20160 7070 7081 7076 7080
20161 7079 7080 7076 7081
20162 6891 6899 6890 6892
20163 6767 6762 6766 6760
20164 6877 6881 6876 6878
20165 7079 7081 7077 7072
20166 6852 6892 6879 6858
20167 6869 6870 6866 6865
20168 6882 6883 6875 6878
20169 7079 6883 6875 6882
20170 6852 6858 6879 6881
20171 7072 7073 7078 7079
20172 6880 6853 6852 6854
20173 6852 6881 6879 6880
20174 6851 6858 6852 6854
20175 6875 6881 6879 6892
20176 6866 6865 6863 6869
20177 6870 6865 6868 6866
20178 6850 6861 6852 6854
20179 6849 6861 6850 6856
20180 6869 6856 6850 6861
20181 6849 6856 6850 6869
20182 7076 7081 7077 7079
20183 7070 7072 7077 7081
20184 7070 7081 7077 7076
20185 6875 6883 6876 6878
20186 7079 6878 6876 6883
20187 7079 6883 6876 6875
20188 6877 7079 6876 7078
20189 6873 6870 6867 6779
20190 7076 7079 6876 6875
20191 6769 6782 6767 6780
20192 6770 6762 6763 6848
20193 7044 6235 6236 6233
20194 6777 6767 6763 6779
20195 6773 6779 6763 6843
20196 6777 6779 6763 6773
20197 6223 6234 6236 6235
20198 6777 6771 6775 6772
20199 6774 6779 6773 6867
20200 6774 6771 6773 6777
20201 6843 6779 6763 6848
20202 6767 6762 6763 6770
20203 6870 6864 6867 6865
20204 6870 6843 6867 6864
20205 7099 6922 6915 6965
20206 6867 6779 6773 6843
20207 6236 6229 7045 6233
20208 6777 6765 6775 6761
20209 6775 6777 6761 6771
20210 6773 6777 6761 6763
20211 6235 7044 6236 7047
20212 9595 9600 9642 9594
20213 1022 452 1023 1019
20214 7052 7037 7036 7038
20215 6864 6855 6839 6849
20216 6767 6777 6763 6761
20217 6217 6234 6236 6223
20218 6848 6779 6763 6770
20219 6306 6326 6302 6305
20220 6864 6841 6839 6855
20221 6849 6860 6839 6851
20222 7050 6223 7052 7051
20223 7026 7022 7023 7025
20224 7053 7050 7052 7054
20225 7043 7025 7023 7035
20226 7028 7026 7023 7025
20227 7030 7026 7023 7028
20228 7028 7025 7023 7043
20229 7052 7053 7036 7049
20230 7052 7049 7036 7056
20231 7052 7031 7036 7037
20232 7041 7038 7042 7030
20233 7036 6235 6222 7052
20234 3476 3467 3475 3477
20235 6766 6759 6764 6758
20236 6236 6233 7045 7044
20237 5433 5442 5441 5427
20238 3033 3034 3039 3020
20239 3468 3488 3483 3472
20240 7023 7030 7041 7062
20241 9512 9507 9501 9508
20242 6224 6223 7052 6217
20243 7030 7043 7041 7038
20244 7023 7028 7041 7030
20245 7031 6221 7052 6222
20246 6236 6235 7052 6223
20247 6236 6223 7052 7050
20248 7047 7049 7052 7056
20249 7047 7053 7050 7052
20250 7056 6235 7052 7047
20251 6217 6222 7052 6220
20252 6221 6220 7052 6222
20253 6217 6220 7052 6221
20254 6236 7047 7052 6235
20255 7050 7047 7052 6236
20256 7043 7028 7041 7023
20257 7043 7030 7041 7028
20258 7041 7035 7039 7043
20259 3470 3587 3468 3484
20260 3472 3473 3468 3484
20261 3493 3489 3492 3486
20262 3587 3594 3589 3597
20263 3380 3383 3385 3387
20264 3473 3470 3468 3484
20265 5730 3545 3542 3544
20266 3472 3469 3468 3473
20267 3392 3396 3391 3051
20268 3609 3637 3630 3617
20269 3394 3397 3391 3395
20270 78 86 80 125
20271 588 593 594 587
20272 3586 3598 3607 3591
20273 3628 3633 3376 3382
20274 3385 3387 3613 3612
20275 3485 3470 3589 3605
20276 3487 3486 3492 3490
20277 3612 3617 3616 3615
20278 3612 3618 3628 3387
20279 1825 1829 1828 1819
20280 3040 3047 3064 3061
20281 6199 6202 6301 6294
20282 3393 3397 3401 3392
20283 3380 3401 3379 3383
20284 3059 3043 3041 3040
20285 3049 3050 3040 3047
20286 3049 3051 3040 3050
20287 3041 3059 3040 3055
20288 3057 3055 3040 3059
20289 3393 3397 3379 3401
20290 3630 3637 3628 3617
20291 3380 3387 3385 3389
20292 3612 3617 3628 3614
20293 3605 3594 3589 3604
20294 3588 3593 3591 3592
20295 3382 3388 3378 3389
20296 3591 3624 3630 3615
20297 3457 3590 3603 3587
20298 3463 3590 3457 3587
20299 3589 3485 3484 3470
20300 3609 3637 3629 3630
20301 3598 3593 3591 3588
20302 1299 1281 1275 1308
20303 3040 3059 3064 3057
20304 3589 3470 3484 3587
20305 3488 3486 3482 3492
20306 3612 3614 3628 3618
20307 3049 3051 3065 3062
20308 3610 3603 3601 3458
20309 4871 4865 4866 4870
20310 3612 3614 3616 3617
20311 3613 3614 3616 3612
20312 3488 3472 3468 3484
20313 3459 3463 3457 3468
20314 3470 3594 3589 3605
20315 3473 3470 3484 3472
20316 3589 3594 3588 3604
20317 6190 6183 6184 6175
20318 3631 3427 3626 3632
20319 3489 3472 3493 3488
20320 6953 7086 6952 6950
20321 3594 3598 3588 3593
20322 3607 3609 3630 3624
20323 3615 3617 3591 3593
20324 3616 3617 3591 3615
20325 3592 3593 3591 3616
20326 3461 3460 3456 3467
20327 3616 3593 3591 3617
20328 3493 3478 3492 3472
20329 3493 3472 3492 3488
20330 3482 3492 3483 3488
20331 3473 3469 3468 3470
20332 3475 3469 3468 3472
20333 3478 3480 3492 3472
20334 3473 3469 3492 3472
20335 3469 3480 3473 3492
20336 3472 3480 3492 3473
20337 3595 3598 3588 3594
20338 3633 3618 3628 3614
20339 3060 3012 3011 3065
20340 3059 3054 3056 3057
20341 3633 3388 3376 3382
20342 3588 3598 3586 3591
20343 3594 3587 3586 3590
20344 3382 3374 3378 3388
20345 3462 3463 3457 3459
20346 3397 3392 3391 3401
20347 3595 3598 3586 3588
20348 3590 3598 3611 3586
20349 3594 3595 3586 3588
20350 3594 3590 3586 3595
20351 3589 3594 3586 3588
20352 3589 3587 3586 3594
20353 3572 3602 3496 3601
20354 3469 3462 3464 3459
20355 76 85 89 71
20356 7046 7056 7047 7044
20357 3459 3461 3503 3467
20358 11339 11352 11345 11338
20359 3380 3389 3400 3401
20360 3058 3056 3024 3063
20361 3400 3403 3402 3395
20362 3628 3633 3382 3387
20363 3394 3396 3391 3397
20364 3392 3397 3391 3396
20365 3064 3049 3065 3061
20366 6205 6231 6207 6229
20367 3612 3387 3382 3385
20368 3057 3090 3091 3053
20369 3040 3057 3064 3047
20370 2992 2993 2990 2999
20371 3005 3446 3010 3449
20372 3369 3395 3371 3370
20373 3117 3003 3002 3008
20374 3002 3003 3004 3008
20375 3475 3465 3466 3460
20376 1904 1901 1902 1899
20377 3450 3453 3368 3454
20378 3492 3466 3490 3482
20379 7103 7093 7096 7098
20380 2959 2961 2991 2923
20381 3461 3483 3460 3475
20382 3058 3054 3056 3059
20383 3482 3475 3460 3483
20384 3058 3059 3056 3064
20385 3461 3475 3467 3459
20386 3475 3469 3459 3468
20387 84 82 39 88
20388 44 48 47 42
20389 59 52 43 48
20390 3388 3402 3373 3400
20391 3630 3637 3627 3628
20392 3628 3633 3627 3376
20393 6855 6860 6839 6849
20394 3629 3637 3627 3630
20395 3628 3635 3627 3633
20396 3632 3635 3633 3627
20397 3600 3571 3562 3569
20398 3637 3635 3627 3628
20399 7095 7066 7103 7096
20400 3498 3501 3497 3496
20401 75 68 67 72
20402 4006 4199 4011 4014
20403 3527 3523 3502 3506
20404 10355 10349 10350 10348
20405 3602 3610 3601 3572
20406 3607 3609 3606 3629
20407 7089 7086 7088 7093
20408 3587 3590 3603 3586
20409 3475 3468 3459 3483
20410 3586 3611 3603 3607
20411 3590 3611 3603 3586
20412 7445 7442 7443 7437
20413 3607 3611 3606 3609
20414 6209 6992 6201 6206
20415 7241 7259 7240 7248
20416 6233 6207 6229 7045
20417 3455 3377 3372 3430
20418 6763 6767 6760 6762
20419 6767 6761 6760 6765
20420 7021 7035 7020 7055
20421 6875 6882 7106 7076
20422 6920 6919 6889 6925
20423 6891 6840 6920 6926
20424 6882 7080 7106 7076
20425 6834 6827 6748 6753
20426 7085 6979 7087 7083
20427 6786 6791 6800 6788
20428 3464 3475 3459 3467
20429 7032 7048 7020 7056
20430 3526 3523 3502 3527
20431 6897 6882 6890 6875
20432 9329 9336 9315 9322
20433 7106 6875 6890 6882
20434 3038 3035 3036 3030
20435 7055 7056 7020 7048
20436 5776 5772 5780 5775
20437 6763 6762 6842 6848
20438 6763 6848 6842 6843
20439 7080 7071 7104 7070
20440 7101 7108 7100 7107
20441 7093 7088 7089 7094
20442 7103 7070 7104 7071
20443 7071 7066 7103 7061
20444 7071 7096 7105 7103
20445 6752 6755 6748 6749
20446 6749 6753 6748 6827
20447 1745 1647 1670 1665
20448 7056 7035 7020 7032
20449 7055 7035 7020 7056
20450 7106 7080 7104 7076
20451 6760 6764 6758 6766
20452 7093 7086 7083 7087
20453 7097 7100 7099 7101
20454 7018 7024 7020 7021
20455 7106 7080 7108 7104
20456 7057 7090 7091 7060
20457 7060 7022 7090 7095
20458 7060 7026 7090 7022
20459 6832 6787 6792 6746
20460 6768 6770 6757 6766
20461 6897 6895 6896 6890
20462 6770 6766 6762 6757
20463 6837 6845 6745 6831
20464 6814 6815 6822 6904
20465 5793 4530 4637 5786
20466 6631 6902 6632 6639
20467 10522 10373 10392 10518
20468 6841 6855 6844 6839
20469 6899 6896 6898 6890
20470 3503 3505 3497 3498
20471 7080 7104 7105 7108
20472 7164 6563 7172 7158
20473 6890 6882 6895 7106
20474 99 586 608 591
20475 1908 1904 1893 1900
20476 5164 5177 5183 5165
20477 2997 2974 2989 2996
20478 7104 7108 7100 7105
20479 7104 7071 7105 7103
20480 6908 6651 6639 6647
20481 11281 11259 5192 11264
20482 7095 7066 7096 7091
20483 7091 7066 7057 7060
20484 7005 7010 7007 7014
20485 3423 3411 3428 3418
20486 6915 6916 6921 6922
20487 6882 7108 6895 7106
20488 6958 6962 6938 6956
20489 3358 3347 3359 3365
20490 7099 6965 7097 7101
20491 7088 6953 6957 7092
20492 11051 10952 10950 10944
20493 4635 4619 4630 4589
20494 3609 3629 3608 3606
20495 3463 3458 3462 3457
20496 3457 3590 3458 3603
20497 3608 3611 3609 3606
20498 3603 3611 3610 3606
20499 47 40 43 41
20500 3563 3570 3562 3571
20501 3632 3430 3631 3427
20502 3395 3369 3400 3391
20503 3391 3062 3011 3065
20504 3632 3427 3626 3627
20505 9248 9247 9239 9086
20506 992 986 995 979
20507 635 636 633 558
20508 1325 1316 1313 1322
20509 3376 3388 3377 3374
20510 3602 3572 3563 3571
20511 3376 3427 3377 3632
20512 8999 9004 9000 8994
20513 3422 3376 3427 3377
20514 3609 3636 3608 3629
20515 3634 3637 3635 3627
20516 3629 3637 3636 3627
20517 3058 3061 3059 3064
20518 3062 3061 3060 3065
20519 3064 3065 3060 3061
20520 3063 3065 3012 3060
20521 3394 3369 3395 3391
20522 3527 3532 3506 3467
20523 3368 3373 3366 3372
20524 1309 1304 1302 1305
20525 3459 3467 3503 3464
20526 1732 2120 1767 1740
20527 3635 3622 3614 3637
20528 3627 3634 3626 3632
20529 3427 3426 3430 3631
20530 3566 3569 3567 3561
20531 7101 7105 7100 7108
20532 3117 3008 3444 3003
20533 6939 6645 6648 6921
20534 3060 3063 3006 3012
20535 88 82 87 83
20536 3373 3374 3372 3377
20537 3512 3513 3510 3517
20538 7005 6314 7242 7246
20539 3577 3568 3582 3560
20540 3526 3521 3534 3538
20541 3582 3570 3568 3577
20542 3372 3454 3368 3455
20543 45 154 44 47
20544 7728 7667 7727 7721
20545 3497 3504 3495 3500
20546 3369 3007 3366 3010
20547 3564 3567 3631 3561
20548 3495 3500 3494 3497
20549 3577 3576 3582 3583
20550 3429 3418 3428 3419
20551 3024 3009 3025 3063
20552 3423 3418 3428 3429
20553 7221 7219 6983 7223
20554 6950 6949 6953 6959
20555 134 150 140 41
20556 3523 3504 3534 3502
20557 6955 6958 6956 6959
20558 3631 3634 3632 3626
20559 3600 3636 3626 3629
20560 7158 6570 6564 6569
20561 3496 3585 3563 3572
20562 3366 3446 3450 3449
20563 5313 5310 5311 5306
20564 7014 6993 7013 7015
20565 3372 3430 3420 3455
20566 7098 7105 7100 7101
20567 3531 3527 3532 3529
20568 6203 6202 6205 6210
20569 3527 3506 3502 3503
20570 3523 3530 3506 3527
20571 3503 3505 3502 3497
20572 3532 3527 3506 3530
20573 3522 3467 3527 3503
20574 6822 6818 6819 6814
20575 3457 3459 3498 3462
20576 2857 2907 2733 2897
20577 7018 7004 6971 6974
20578 3343 3349 3347 3344
20579 6915 6922 6963 6965
20580 7098 7101 7097 7094
20581 3423 3411 3413 3428
20582 7099 7107 7102 6918
20583 6844 6839 6836 6841
20584 5976 5986 5968 5990
20585 6913 6819 6829 6815
20586 10125 9836 9837 9832
20587 3534 3504 3518 3495
20588 6650 6916 6921 6646
20589 9961 9956 9957 9955
20590 6359 6361 6356 6362
20591 3578 3584 3583 3579
20592 7104 7098 7103 7105
20593 6599 6575 6598 6579
20594 6795 6793 6810 6788
20595 6919 6923 6918 6893
20596 5640 5611 5639 5605
20597 7099 7100 7102 7107
20598 6963 6645 6939 6921
20599 4828 4830 4825 4829
20600 6964 7101 7094 7097
20601 6829 6831 6838 6826
20602 6752 6758 6747 6759
20603 6837 6831 6745 6826
20604 6989 6987 6990 6940
20605 6652 6647 6908 6917
20606 6893 6894 6889 6919
20607 6626 6624 6619 6625
20608 112 109 110 104
20609 7103 7093 7095 7096
20610 6889 6893 7102 6895
20611 7087 7091 7090 7095
20612 6838 6831 6837 6826
20613 6920 6925 6889 6898
20614 6766 6762 6758 6760
20615 6918 7107 7102 6893
20616 7100 7106 7102 7108
20617 3545 3542 3544 3543
20618 6901 6838 6826 6829
20619 6793 6805 6800 6784
20620 7098 7094 7092 7093
20621 6978 7085 6979 6974
20622 6906 6914 6901 6913
20623 6757 6762 6749 6766
20624 6842 6762 6745 6756
20625 6826 6831 6745 6827
20626 6753 6827 6745 6831
20627 3405 3413 3407 3404
20628 6916 6919 6917 6923
20629 6920 6898 6889 6891
20630 6632 6625 6620 6618
20631 6926 6840 6920 6907
20632 6914 6829 6838 6901
20633 6898 6891 6920 6926
20634 1428 1426 1427 1420
20635 6925 6926 6898 6920
20636 7055 7021 7018 7020
20637 7055 7004 7018 7021
20638 7020 7003 7018 7055
20639 10327 10329 10328 10319
20640 6825 6828 6823 6830
20641 7019 7024 7085 7018
20642 7092 7094 7097 6964
20643 7083 7085 7084 7087
20644 8080 8082 8081 8075
20645 4989 5066 5067 4980
20646 3601 3457 3498 3458
20647 6999 6995 7001 6996
20648 6999 7002 6996 7001
20649 7105 7096 7098 7103
20650 7105 7094 7101 7098
20651 7086 7093 7092 7088
20652 7001 7003 7002 7004
20653 7001 7004 6977 6971
20654 6977 7004 7019 6974
20655 6965 7107 7099 6922
20656 6925 6910 6905 6919
20657 6923 6894 6893 6919
20658 7101 7107 7099 6965
20659 7100 7107 7099 7101
20660 6648 6645 6642 6646
20661 134 139 140 150
20662 6912 6910 6905 6925
20663 7106 6890 7102 6895
20664 6796 6755 6835 6751
20665 6918 6893 6889 6919
20666 6895 6890 6889 6896
20667 6894 6925 6889 6919
20668 3409 3416 3415 3408
20669 6896 6890 6889 6898
20670 6845 6841 6837 6842
20671 6912 6911 6906 6905
20672 6905 6907 6906 6912
20673 6914 6911 6913 6906
20674 6912 6907 6906 6914
20675 6838 6847 6914 6836
20676 6901 6914 6836 6838
20677 6839 6844 6836 6847
20678 6792 6789 6790 6787
20679 6889 6895 7102 6890
20680 6831 6756 6845 6745
20681 9517 9523 9524 9527
20682 6911 6910 6903 6905
20683 6758 6752 6747 6749
20684 6890 6891 6889 6898
20685 6768 6752 6766 6757
20686 6914 6907 6836 6847
20687 6847 6907 6836 6840
20688 6847 6840 6836 6839
20689 7108 7106 7102 6895
20690 6838 6845 6844 6837
20691 6745 6753 6749 6827
20692 6768 6752 6757 6754
20693 6835 6834 6832 6748
20694 6844 6838 6837 6836
20695 6836 6841 6837 6844
20696 6901 6838 6837 6826
20697 6836 6838 6837 6901
20698 6844 6841 6837 6845
20699 6842 6756 6745 6845
20700 3502 3527 3521 3526
20701 7092 7086 6950 7083
20702 6747 6752 6748 6749
20703 6757 6753 6755 6749
20704 6756 6762 6749 6757
20705 6291 6292 6298 6300
20706 6749 6755 6748 6753
20707 6755 6751 6748 6835
20708 6834 6755 6753 6748
20709 6335 6268 6273 6337
20710 6339 6337 6273 6338
20711 6274 6269 6273 6268
20712 6338 6200 6269 6208
20713 6974 6970 6977 6971
20714 6961 7099 6915 6965
20715 6211 6206 6210 6207
20716 7093 7087 7084 7095
20717 7085 7090 7084 7087
20718 7024 7090 7084 7085
20719 7024 7022 7084 7090
20720 7090 7095 7084 7087
20721 7090 7022 7084 7095
20722 3521 3520 3536 3526
20723 10074 10083 10077 10073
20724 5022 5029 5019 5028
20725 997 1202 985 987
20726 3526 3530 3546 3523
20727 3460 3465 3456 3467
20728 3608 3606 3602 3610
20729 5295 5444 5293 5289
20730 3600 3569 3626 3636
20731 68 67 66 64
20732 3458 3457 3498 3462
20733 3503 3462 3498 3459
20734 3567 3636 3634 3626
20735 3464 3462 3503 3459
20736 3627 3629 3626 3636
20737 3010 3008 3009 3005
20738 2960 2961 2959 2923
20739 2984 3028 2994 3036
20740 68 72 66 67
20741 3377 3374 3372 3422
20742 3502 3522 3521 3527
20743 3454 3372 3450 3420
20744 10350 10339 10340 10347
20745 3372 3375 3455 3368
20746 2982 2980 2979 2988
20747 3504 3506 3505 3502
20748 7401 7405 7403 7395
20749 3448 3420 3418 3452
20750 3606 3610 3601 3602
20751 3372 3368 3450 3366
20752 3579 3585 3494 3584
20753 3495 3499 3518 3515
20754 3608 3569 3571 3600
20755 3629 3608 3600 3636
20756 3366 3371 3373 3368
20757 3371 3366 3373 3369
20758 3610 3501 3458 3601
20759 3430 3429 3420 3425
20760 3504 3499 3518 3495
20761 3524 3527 3526 3520
20762 3467 3522 3527 3456
20763 3606 3608 3602 3600
20764 3501 3462 3458 3498
20765 3602 3571 3562 3600
20766 3600 3608 3602 3571
20767 3014 3002 3001 3023
20768 3495 3502 3534 3504
20769 6994 6992 6209 6206
20770 3603 3457 3601 3458
20771 6696 6658 6692 6694
20772 3503 3505 3498 3462
20773 3501 3572 3496 3601
20774 3500 3572 3585 3496
20775 3160 3125 3108 3105
20776 3430 3426 3421 3429
20777 75 68 70 67
20778 3448 3454 3420 3452
20779 3583 3585 3570 3579
20780 8407 8401 8397 8403
20781 11160 10657 11159 11220
20782 3526 3520 3536 3524
20783 6945 6942 6943 6947
20784 3497 3505 3502 3504
20785 3506 3505 3502 3503
20786 1299 1300 1318 1323
20787 3541 3526 3543 3536
20788 3562 3569 3561 3600
20789 3626 3600 3561 3569
20790 3626 3569 3561 3567
20791 3626 3567 3561 3631
20792 9696 9759 9690 9685
20793 1826 1830 1829 1820
20794 6826 6829 6823 6815
20795 9003 9013 8983 8991
20796 3585 3570 3579 3563
20797 2960 2956 2952 2959
20798 3429 3425 3418 3420
20799 3423 3442 3413 3411
20800 9678 8829 9676 8825
20801 3419 3426 3424 3429
20802 3562 3568 3560 3561
20803 3560 3562 3577 3568
20804 3536 3526 3543 3538
20805 686 688 680 687
20806 7220 7223 7218 7221
20807 3558 3578 3583 3576
20808 3548 3554 3549 3553
20809 3560 3575 3582 3577
20810 3568 3566 3560 3561
20811 3135 3330 3329 3331
20812 1775 1771 1776 1777
20813 3027 3035 3036 2984
20814 3014 3128 3018 3127
20815 959 954 972 950
20816 7088 6953 7092 7086
20817 3563 3570 3577 3562
20818 3540 3543 3542 3535
20819 3526 3502 3534 3521
20820 10245 10231 10247 10243
20821 3564 3426 3424 3561
20822 139 142 140 135
20823 3548 3553 3278 3286
20824 3421 3429 3419 3418
20825 3312 3298 3296 3299
20826 3307 3409 3310 3312
20827 125 126 80 100
20828 10338 10274 10275 10335
20829 3496 3585 3494 3563
20830 3579 3563 3494 3585
20831 3497 3500 3494 3496
20832 3550 3558 3552 3556
20833 6912 6910 6911 6905
20834 3540 3542 5720 3535
20835 3107 3115 3109 3111
20836 3494 3499 3514 3584
20837 3416 3414 3408 3575
20838 3515 3517 3510 3516
20839 3511 5712 3509 3507
20840 3543 3535 3537 3542
20841 3448 3438 3439 3447
20842 3018 3128 3130 3127
20843 7012 6295 7014 7015
20844 4040 4031 4034 4029
20845 3112 3110 3324 3108
20846 3436 3411 3405 3404
20847 10819 10822 10821 10816
20848 3008 3005 3004 3009
20849 1264 1253 1261 1257
20850 3117 3003 3115 3114
20851 3511 3507 3508 3557
20852 12 6 30 11
20853 3405 3297 3289 3295
20854 139 134 146 150
20855 3542 5718 3512 3519
20856 961 965 968 969
20857 4907 4911 4439 4902
20858 3517 3511 3513 3510
20859 7097 6964 6961 6959
20860 7196 6934 7194 6932
20861 6818 6828 6819 6817
20862 6747 6751 6746 6748
20863 5667 5670 5673 5671
20864 6202 6294 6296 6301
20865 7014 6993 7016 7013
20866 6201 6295 7012 7015
20867 6629 6635 6631 6630
20868 6204 6202 6209 6210
20869 6750 6751 6746 6747
20870 6918 6922 6915 7099
20871 6979 7083 6950 7086
20872 4311 4304 4306 4312
20873 2400 2396 2393 2399
20874 6998 6995 6968 7001
20875 3579 3576 3583 3578
20876 7019 7024 7084 7085
20877 11610 9557 11618 9566
20878 6643 6649 6631 6635
20879 6834 6828 6833 6825
20880 374 371 372 367
20881 6746 6787 6792 6790
20882 6976 6979 6952 6973
20883 6903 6906 6904 6911
20884 11611 11618 9566 11610
20885 6751 6748 6832 6746
20886 6751 6835 6832 6748
20887 6817 6828 6825 6824
20888 6938 6963 6962 6960
20889 6791 6787 6792 6788
20890 10039 9656 10106 10038
20891 6151 6153 6152 6146
20892 7190 7187 7193 7189
20893 6788 6787 6792 6832
20894 6834 6748 6825 6832
20895 6910 6924 6917 6919
20896 6812 6818 6811 6817
20897 6830 6829 6823 6826
20898 7017 6968 6966 6967
20899 6833 6824 6793 6788
20900 6639 6909 6908 6902
20901 6918 6923 6916 6922
20902 6826 6827 6823 6830
20903 6815 6913 6904 6906
20904 6825 6817 6823 6828
20905 6919 6923 6916 6918
20906 6916 6646 6650 6917
20907 6905 6910 6917 6919
20908 6652 6917 6650 6647
20909 6825 6832 6833 6834
20910 126 86 128 125
20911 6797 6607 6784 6785
20912 9502 9516 9518 9514
20913 6961 6958 6962 6960
20914 6825 6830 6823 6827
20915 6906 6911 6903 6905
20916 6903 6910 6917 6905
20917 6564 6570 6565 6569
20918 3508 3516 3510 3511
20919 6968 6977 7001 6995
20920 6977 6995 6996 7001
20921 6916 6922 6915 6918
20922 6948 6952 6949 6951
20923 3507 3557 3551 3552
20924 6948 6952 6951 6972
20925 6953 6950 6952 6949
20926 6953 6949 6952 6951
20927 6977 6970 6973 6975
20928 6977 6974 6973 6970
20929 6976 6978 6973 6975
20930 9523 9516 9524 9522
20931 6978 6977 6973 6975
20932 6978 6974 6973 6977
20933 5146 5153 5140 5158
20934 4159 4165 4160 4161
20935 6967 6970 6968 6975
20936 6991 6975 6969 6967
20937 6973 6979 6974 6978
20938 6973 6970 6969 6975
20939 9521 9519 9518 9516
20940 6976 6991 6972 6948
20941 6975 6973 6972 6969
20942 6969 6991 6972 6975
20943 6950 7086 6952 6979
20944 6629 6634 6628 6633
20945 6972 6952 6973 6976
20946 6959 6949 6955 6958
20947 5722 5719 5726 5720
20948 6973 6975 6972 6976
20949 6991 6976 6972 6975
20950 6963 6915 6921 6922
20951 6631 6639 6632 6638
20952 6609 6614 6602 6616
20953 6794 6835 6795 6792
20954 6705 6708 6706 6713
20955 6792 6832 6795 6788
20956 6833 6835 6834 6832
20957 7978 7366 7348 7971
20958 6354 6362 6355 6379
20959 6991 6948 6941 6972
20960 6795 6832 6833 6788
20961 6824 6788 6833 6832
20962 6794 6791 6795 6809
20963 150 139 140 153
20964 3424 3429 3428 3419
20965 6629 6644 6643 6635
20966 4201 4222 4200 4199
20967 6630 6638 6632 6618
20968 6821 6814 6811 6818
20969 5748 5773 5758 5750
20970 6818 6817 6819 6814
20971 6585 6668 6676 6655
20972 6817 6828 6819 6823
20973 7057 7068 7067 7066
20974 3550 3554 3548 3573
20975 6822 6814 6819 6815
20976 6648 6650 6921 6646
20977 6618 6625 6620 6619
20978 6815 6913 6822 6904
20979 7780 7773 7774 7772
20980 6823 6829 6819 6815
20981 6965 6962 6963 6961
20982 6824 6828 6820 6817
20983 6646 6916 6921 6645
20984 241 262 264 234
20985 5594 5596 5613 5588
20986 10706 10703 10744 10699
20987 6924 6650 6652 6917
20988 8443 8429 8430 8437
20989 6266 6351 6332 6335
20990 7092 6957 7088 6964
20991 6917 6647 6908 6903
20992 6639 6902 6908 6647
20993 6823 6814 6819 6817
20994 6913 6909 6822 6904
20995 6915 6965 6963 6961
20996 6903 6902 6909 6904
20997 6822 6904 6909 6816
20998 6904 6911 6909 6903
20999 6902 6816 6909 6904
21000 6640 6816 6909 6902
21001 3024 3063 3025 3058
21002 6646 6647 6650 6917
21003 6649 6647 6650 6646
21004 6645 6916 6921 6915
21005 3518 3523 3504 3534
21006 983 968 969 961
21007 3515 3517 3518 3533
21008 3584 3558 3559 3578
21009 6963 6645 6921 6915
21010 6915 6960 6961 6963
21011 3323 3289 3288 3319
21012 6963 6960 6939 6645
21013 3542 3545 5731 3519
21014 6957 6955 6956 6959
21015 3408 3410 3310 3409
21016 7196 7195 7198 7199
21017 6963 6961 6962 6960
21018 6961 6958 6959 6962
21019 6964 6957 6962 6959
21020 6814 6821 6811 6816
21021 3534 3495 3518 3515
21022 3289 3404 3405 3295
21023 3515 3499 3516 3514
21024 6604 6612 6611 6603
21025 1005 1008 1006 1002
21026 3534 3533 3518 3539
21027 9565 9557 9568 9569
21028 3518 3516 3517 3515
21029 3516 3584 3559 3514
21030 5689 5657 5700 5704
21031 5712 3557 5783 3507
21032 3418 3448 3452 3440
21033 59 61 60 52
21034 3428 3411 3415 3412
21035 3577 3576 3583 3579
21036 3544 3546 3543 3528
21037 7803 7807 7804 7798
21038 3579 3570 3583 3577
21039 3546 3539 3526 3523
21040 3543 3533 3539 3519
21041 3445 3453 3446 3450
21042 9524 9572 9527 9565
21043 10184 10173 10169 10172
21044 8589 8659 8657 8664
21045 3566 3417 3565 3560
21046 3560 3414 3417 3575
21047 9249 9093 9086 9246
21048 3576 3575 3582 3581
21049 3577 3575 3582 3576
21050 3424 3414 3417 3560
21051 1413 1406 1429 1405
21052 2916 2958 2954 2960
21053 3560 3575 3565 3582
21054 9157 9159 9152 9147
21055 86 82 127 125
21056 3450 3447 3445 3448
21057 3418 3442 3452 3423
21058 3444 3449 3445 3446
21059 3429 3425 3423 3418
21060 153 144 146 148
21061 3449 3117 3008 3444
21062 3005 3449 3444 3446
21063 9111 9115 9099 9098
21064 3416 3565 3417 3575
21065 3408 3409 3406 3415
21066 3008 3449 3444 3005
21067 2705 2677 2706 2713
21068 179 174 180 166
21069 148 139 130 132
21070 117 121 123 107
21071 131 139 137 129
21072 148 143 146 145
21073 3439 3438 3443 3447
21074 3116 3447 3439 3443
21075 3444 3117 3443 3447
21076 3415 3417 3428 3414
21077 10551 10523 10552 10547
21078 3440 3441 3452 3442
21079 7602 7733 7597 7605
21080 3582 3580 3581 3575
21081 11044 11072 11068 11069
21082 9101 9267 9241 9276
21083 140 137 139 134
21084 9117 9110 9044 9068
21085 3415 3414 3408 3416
21086 3114 3115 3107 3113
21087 3454 3448 3420 3450
21088 3004 3009 3025 3023
21089 136 154 47 140
21090 138 134 140 41
21091 3115 3444 3003 3117
21092 3109 3116 3112 3111
21093 3117 3114 3115 3116
21094 177 147 143 121
21095 53 61 54 48
21096 1317 1453 1324 1447
21097 139 135 140 153
21098 3440 3451 3452 3441
21099 3060 3025 3006 3063
21100 1321 1278 1453 1273
21101 3504 3499 3495 3500
21102 3451 3440 3452 3448
21103 136 153 154 140
21104 3159 3162 3158 3161
21105 3436 3441 3442 3437
21106 2914 2927 3736 3738
21107 3002 3128 3113 3114
21108 85 83 89 71
21109 5179 5157 5158 5156
21110 3367 3450 3368 3366
21111 52 61 51 48
21112 4781 4778 4779 4772
21113 8674 8678 8675 8669
21114 1798 1797 1804 1802
21115 53 48 42 51
21116 47 138 140 41
21117 50 45 54 48
21118 53 44 42 48
21119 61 55 51 57
21120 1320 1323 1318 1300
21121 53 58 54 61
21122 40 41 47 140
21123 3004 3006 3025 3009
21124 86 125 78 82
21125 48 61 51 53
21126 5885 5880 5887 5881
21127 77 78 81 80
21128 84 51 85 53
21129 57 74 85 76
21130 5888 9547 9546 9541
21131 3088 3090 3034 3082
21132 2980 2998 2982 2992
21133 42 40 43 47
21134 11652 11644 11637 11646
21135 3375 3372 3377 3373
21136 3371 3366 3369 3370
21137 84 83 89 85
21138 85 53 89 84
21139 11367 11370 11369 11361
21140 1325 1312 1313 1316
21141 61 56 51 55
21142 52 56 51 61
21143 47 50 48 45
21144 140 49 47 136
21145 2988 2985 2986 2979
21146 3020 3034 3039 3090
21147 1263 1269 1327 1271
21148 44 40 47 154
21149 140 154 47 40
21150 1284 1279 1306 1308
21151 9048 9056 9049 9053
21152 9381 9379 9380 9371
21153 1438 1437 1432 1440
21154 10950 11110 11051 11119
21155 1299 1281 1279 1273
21156 5166 5118 5120 5099
21157 9248 9241 9240 9250
21158 1436 1280 1276 1434
21159 10615 10617 10586 10612
21160 1273 1321 1279 1299
21161 1325 1328 1327 1324
21162 1416 1451 1446 1420
21163 1283 1278 1279 1281
21164 1281 1284 1308 1279
21165 499 503 502 495
21166 1280 1274 1273 1281
21167 1280 1281 1273 1278
21168 1325 1323 1318 1322
21169 1186 1103 1191 1182
21170 156 174 173 164
21171 9086 9095 9087 9096
21172 1413 1372 1386 1366
21173 1302 1308 1275 1304
21174 173 179 178 164
21175 9239 9226 9370 9242
21176 9096 9086 9241 9101
21177 1798 1805 1313 1314
21178 9092 9081 9082 9074
21179 1323 1306 1299 1300
21180 1300 1306 1299 1308
21181 1299 1323 1318 1321
21182 9249 9247 9248 9086
21183 1423 1428 1427 1420
21184 1802 1794 1798 1797
21185 1451 1450 1449 1420
21186 9101 9107 9099 9109
21187 10004 9999 9113 9994
21188 1308 1277 1281 1275
21189 1275 1274 1277 1281
21190 1281 1276 1280 1274
21191 9097 9106 9076 9080
21192 9380 9243 9381 9372
21193 9105 9096 9101 9087
21194 1440 1439 1432 1433
21195 8705 8699 8695 8700
21196 3843 3828 3845 3821
21197 9094 9089 9092 9085
21198 9070 9065 9100 9063
21199 117 119 120 116
21200 8961 9366 9367 9359
21201 1137 1142 1196 1135
21202 9095 9085 9093 9086
21203 9042 9045 9036 9044
21204 1214 1199 1197 1204
21205 9246 9086 9241 9096
21206 9092 9090 9091 9074
21207 9053 9067 9059 9056
21208 9119 9068 9070 9110
21209 9075 9079 9072 9060
21210 9041 9044 9035 9064
21211 9067 9070 9068 9063
21212 9087 9097 9098 9106
21213 9097 9102 9073 9100
21214 1384 1386 1372 1381
21215 1320 1322 1318 1323
21216 1268 1254 1255 1260
21217 1400 1395 1385 1378
21218 9393 9385 8974 9384
21219 9068 9064 9063 9044
21220 9067 9064 9063 9068
21221 1424 1454 1428 1449
21222 1416 1406 1408 1420
21223 9063 9097 9073 9100
21224 5721 5725 5683 5685
21225 1426 1420 1408 1427
21226 1288 1296 1292 1287
21227 1778 1790 1782 1792
21228 9108 9292 9099 9109
21229 2732 2554 2780 2775
21230 9117 9110 9045 9044
21231 1433 1434 1432 1440
21232 1432 1451 1446 1416
21233 1451 1438 1432 1448
21234 1440 1435 1439 1433
21235 1440 1282 1280 1438
21236 9055 9050 9057 9051
21237 4739 5015 4736 5014
21238 7235 7218 7231 7217
21239 4647 4593 4590 4586
21240 1437 1439 1432 1440
21241 6114 6108 6109 6112
21242 1442 1437 1438 1440
21243 1426 1451 1416 1420
21244 1448 1451 1447 1446
21245 1408 1188 1410 1423
21246 1274 1280 1434 1276
21247 9085 9092 9091 9074
21248 1265 1264 1261 1270
21249 9044 9110 9063 9068
21250 9076 9080 9073 9097
21251 1408 1404 1407 1417
21252 9087 9107 9101 9105
21253 1381 1372 1384 1373
21254 1280 1438 1448 1440
21255 1434 1280 1448 1440
21256 1280 1274 1448 1273
21257 1434 1274 1448 1280
21258 1278 1273 1448 1453
21259 1438 1280 1448 1278
21260 1273 1278 1448 1280
21261 1262 1220 1213 1326
21262 9999 9037 9113 9994
21263 9092 9074 9085 9089
21264 9147 9125 9159 9142
21265 9251 9273 9241 9265
21266 1333 1347 1336 1338
21267 9227 9228 9130 9173
21268 9091 9074 9371 9085
21269 9106 9078 9088 9076
21270 1447 1445 1324 1317
21271 9380 9372 9370 9242
21272 9135 9145 9144 9136
21273 9083 9075 9071 9074
21274 9238 9233 9236 9227
21275 9139 9123 9340 9146
21276 10148 9160 10150 10142
21277 9076 9084 9085 9074
21278 9049 9048 9053 9046
21279 9068 9110 9063 9070
21280 1322 1804 1805 1313
21281 9113 9121 9118 9999
21282 9311 9315 9309 9316
21283 9276 9096 9241 9101
21284 9341 9128 9374 9127
21285 9088 9095 9087 9076
21286 9044 9041 9042 9068
21287 9289 10006 9303 9279
21288 1147 1149 1151 1155
21289 8480 8497 8492 8500
21290 9276 9246 9273 9241
21291 9102 9106 9103 9097
21292 9045 9042 9043 9117
21293 9085 9076 9087 9095
21294 9100 9110 9097 9114
21295 9096 9088 9095 9087
21296 9249 9093 9094 9086
21297 9118 9111 9112 9113
21298 1418 1444 1443 1420
21299 9265 9273 9241 9276
21300 8967 8972 9071 8976
21301 4291 4327 4314 4299
21302 9080 9077 9078 9075
21303 9084 9078 9075 9076
21304 9076 9078 9075 9080
21305 7549 7545 7547 7539
21306 1273 1453 1447 1448
21307 1213 1212 1422 1219
21308 1449 1420 1443 1444
21309 1814 1801 1799 1793
21310 9074 9084 9085 9089
21311 76 73 71 75
21312 1451 1448 1447 1453
21313 1332 1331 1327 1271
21314 9076 9084 9074 9075
21315 1184 1185 1192 1188
21316 1449 1454 1324 1425
21317 1446 1444 1449 1447
21318 1446 1420 1449 1444
21319 9114 9110 9111 9119
21320 1446 1451 1449 1420
21321 1447 1451 1449 1446
21322 1578 1562 1574 1561
21323 1447 1453 1449 1451
21324 9142 9125 9159 9126
21325 1495 1805 1798 1314
21326 1449 1444 1445 1447
21327 985 997 987 986
21328 9234 9232 9233 9226
21329 1317 1325 1315 1324
21330 1271 1328 1269 1327
21331 1425 1449 1422 1326
21332 1202 1205 1204 1198
21333 9378 9369 9377 9375
21334 1218 1215 1216 1210
21335 9095 9089 9093 9085
21336 9247 9381 9243 9372
21337 9076 9095 9085 9084
21338 6899 6858 6881 6900
21339 9379 9369 9380 9371
21340 9228 9235 9227 9236
21341 962 984 992 947
21342 1418 1420 1443 1791
21343 1423 1219 1424 1421
21344 1130 1134 1137 1135
21345 9347 9345 9356 9352
21346 1775 1771 1770 1776
21347 8972 9083 8978 9071
21348 1147 1182 1189 1101
21349 9075 9084 9074 9083
21350 9350 9391 9365 9360
21351 9375 9386 9373 9383
21352 1150 1146 1091 1148
21353 9354 9355 9350 9389
21354 9109 9104 9107 9099
21355 9094 9091 9247 9085
21356 9117 9120 9118 9111
21357 9045 9118 9117 9043
21358 9238 9240 9234 9227
21359 9101 9109 9099 9267
21360 9103 9106 9098 9097
21361 6379 6364 6362 6355
21362 9114 9104 9115 9098
21363 9114 9120 9119 9111
21364 1213 1219 1422 1220
21365 3037 2994 2999 2995
21366 9106 9088 9087 9076
21367 9292 9267 9099 9109
21368 9085 9095 9087 9086
21369 9076 9097 9087 9106
21370 9114 9103 9098 9097
21371 9097 9110 9098 9114
21372 1424 1423 1421 1420
21373 9173 9235 9227 9228
21374 9376 9370 9230 9232
21375 9107 9088 9105 9087
21376 1207 1217 1190 1185
21377 9098 9107 9101 9087
21378 9103 9107 9104 9098
21379 9115 9114 9098 9111
21380 9109 9105 9270 9101
21381 9111 9114 9098 9110
21382 9276 9267 9241 9265
21383 9226 9227 9134 9231
21384 9241 9246 9249 9086
21385 1257 1253 1251 1258
21386 9121 9291 9112 9122
21387 9139 9123 9146 9141
21388 9246 9251 9273 9241
21389 9156 9148 9158 9149
21390 9086 9247 9372 9085
21391 9045 9037 9113 9043
21392 9999 9043 9113 9037
21393 1305 1295 1303 1309
21394 10004 9291 9112 9121
21395 9115 9122 9120 9112
21396 9291 9116 9112 9122
21397 9099 9116 9112 9292
21398 9291 9292 9112 9116
21399 9126 9167 9132 9130
21400 9159 9125 9130 9126
21401 9245 9229 9240 9238
21402 1324 1325 1315 1312
21403 9148 9155 9158 9157
21404 9152 9154 9159 9153
21405 9341 9373 9374 9342
21406 9132 9173 9134 9130
21407 994 1248 990 991
21408 9152 9142 9159 9154
21409 988 953 996 989
21410 1212 1193 1421 1219
21411 87 83 66 72
21412 4868 4871 4865 4869
21413 1318 1316 1315 1325
21414 1814 1792 1810 1793
21415 9242 9244 9243 9239
21416 3026 3104 2983 3096
21417 1212 1185 1421 1193
21418 1318 1325 1315 1317
21419 1321 1453 1317 1273
21420 1273 1453 1317 1447
21421 1335 1334 1325 1322
21422 6753 6830 6834 6827
21423 9380 9369 9370 9372
21424 1454 1450 1428 1449
21425 1206 1201 1195 1200
21426 1188 1423 1421 1193
21427 1325 1321 1317 1318
21428 1329 1323 1321 1325
21429 1322 1334 1325 1323
21430 1316 1312 1315 1325
21431 1324 1445 1315 1317
21432 8967 8976 9071 8974
21433 9383 9382 9392 9390
21434 1449 1453 1324 1452
21435 1299 1321 1317 1273
21436 1318 1321 1317 1299
21437 1325 1321 1324 1317
21438 1330 1452 1454 1324
21439 1330 1329 1324 1325
21440 1330 1325 1324 1328
21441 9123 9124 9146 9141
21442 1198 1248 990 993
21443 1801 1804 1803 1797
21444 848 838 835 847
21445 1325 1329 1324 1321
21446 1452 1321 1453 1324
21447 128 152 151 127
21448 3053 3090 3016 3056
21449 9226 9234 9239 9240
21450 9380 9377 9378 9369
21451 70 75 67 69
21452 51 55 85 57
21453 74 57 85 55
21454 7000 7046 6997 7002
21455 947 984 954 962
21456 1263 1271 1327 1331
21457 9123 9335 9340 9146
21458 1787 1791 1788 1783
21459 1218 1220 1219 1213
21460 3024 3025 3021 3022
21461 3082 3032 3034 3088
21462 3080 3087 3029 3032
21463 3113 3122 3107 3114
21464 3032 3088 3039 3034
21465 1211 1218 1210 1213
21466 3585 3499 3500 3494
21467 586 77 64 595
21468 3025 3058 3022 3024
21469 3058 3054 3022 3056
21470 87 80 81 78
21471 72 76 89 71
21472 3128 3001 3014 3002
21473 3016 3054 3053 3056
21474 1940 1946 1942 1939
21475 3100 3104 3102 3096
21476 3058 3056 3022 3024
21477 10071 10067 10057 10070
21478 84 83 88 89
21479 84 82 88 83
21480 88 53 44 84
21481 7353 7337 7341 7344
21482 3088 3037 3087 3032
21483 3024 3023 3021 3025
21484 2990 2989 2996 2997
21485 44 40 39 42
21486 78 100 80 77
21487 9271 9301 9296 9297
21488 89 87 72 83
21489 132 141 139 130
21490 9129 9132 9134 9130
21491 3026 3104 3035 2983
21492 125 100 80 78
21493 3033 3019 3013 3015
21494 3126 3122 3121 3130
21495 3033 3038 3013 3019
21496 78 83 66 87
21497 39 82 152 88
21498 3115 3003 3113 3114
21499 7190 7194 7189 7193
21500 3021 3014 3001 3023
21501 7015 6992 6201 6209
21502 3013 3019 3014 3015
21503 3023 3015 3014 3019
21504 3023 3004 3001 3021
21505 3023 3002 3001 3004
21506 3001 3002 3113 3003
21507 3114 3003 3113 3002
21508 152 154 149 39
21509 150 154 149 153
21510 154 151 152 149
21511 40 154 149 150
21512 39 154 149 40
21513 39 82 127 152
21514 82 86 127 152
21515 118 94 120 126
21516 978 961 983 979
21517 995 986 981 979
21518 3013 3030 3017 3038
21519 108 113 110 103
21520 3099 3092 3189 3206
21521 118 128 122 127
21522 3209 2985 3207 3205
21523 592 593 585 587
21524 77 100 80 79
21525 119 105 113 116
21526 78 87 66 81
21527 1740 1772 1767 1733
21528 92 97 91 96
21529 1781 1785 1786 1780
21530 1197 1203 1194 1214
21531 990 998 988 997
21532 1250 1205 1199 1254
21533 2984 3035 2988 2983
21534 2998 3037 3036 2994
21535 1794 1801 1793 1797
21536 3017 3013 3018 3127
21537 9387 9352 9356 9350
21538 71 73 67 75
21539 3017 3019 3018 3013
21540 971 966 969 965
21541 3103 3104 3035 3026
21542 3026 3030 3035 3103
21543 3013 3038 3017 3019
21544 3306 3312 3296 3307
21545 3013 3103 3127 3017
21546 3127 3013 3018 3014
21547 6292 6199 6338 6301
21548 3035 3030 3017 3103
21549 7303 7329 7330 7295
21550 962 961 969 966
21551 2995 2994 3029 3037
21552 2986 2996 2980 2978
21553 2984 2981 2983 2988
21554 2989 2972 2978 2996
21555 955 960 957 951
21556 424 374 387 420
21557 3421 3427 3430 3422
21558 3037 2994 3029 3028
21559 3036 3028 3037 3031
21560 6264 6333 6268 6266
21561 3088 3090 3039 3034
21562 2995 3037 3029 3087
21563 2989 2972 2967 2978
21564 6205 6202 6204 6210
21565 3031 3038 3036 3030
21566 81 72 87 66
21567 2956 2952 2959 2969
21568 79 586 595 77
21569 2978 2976 2975 2977
21570 3027 3031 3036 3030
21571 3027 3030 3036 3035
21572 2999 2993 2990 2991
21573 2991 2997 2990 2999
21574 2998 2992 2990 2999
21575 636 589 594 633
21576 3035 2987 2988 2983
21577 2991 2989 2990 2997
21578 2941 2939 2995 3087
21579 2959 2989 2991 2997
21580 1326 1328 1327 1269
21581 65 596 589 588
21582 955 958 956 948
21583 2959 2974 2989 2997
21584 584 623 592 626
21585 3039 3036 3037 3031
21586 634 633 594 587
21587 579 594 636 589
21588 2461 2506 2474 2470
21589 540 536 539 535
21590 636 634 635 633
21591 3087 2999 3000 2995
21592 1556 1528 1527 1555
21593 71 75 67 72
21594 77 81 64 595
21595 595 68 81 64
21596 1251 1260 1255 1250
21597 1793 1794 1816 1801
21598 67 69 65 70
21599 1803 1324 1311 1312
21600 1325 1331 1327 1332
21601 1251 1257 1255 1261
21602 1421 1424 1422 1219
21603 1449 1791 1800 1443
21604 1251 1257 1261 1253
21605 1261 1268 1263 1270
21606 1464 1460 1461 1457
21607 1314 1805 1313 1322
21608 1267 1269 1220 1262
21609 1324 1328 1326 1425
21610 1425 1269 1328 1326
21611 1250 1254 1211 1260
21612 940 944 953 989
21613 1313 1325 1804 1312
21614 1781 1782 1787 1783
21615 1212 1219 1213 1218
21616 1263 1262 1327 1269
21617 1326 1324 1327 1328
21618 1449 1444 1443 1445
21619 1805 1495 1798 1499
21620 9086 9241 9239 9248
21621 1249 994 991 1248
21622 9137 9145 9316 9135
21623 8781 8881 8884 8775
21624 987 1197 1198 1202
21625 1264 1257 1261 1270
21626 1211 1250 1199 1254
21627 988 989 996 998
21628 588 587 594 589
21629 1326 1269 1327 1262
21630 1319 1314 1313 1322
21631 1319 1322 1313 1316
21632 1214 1204 1197 1203
21633 1802 1805 1804 1798
21634 11446 11449 11448 11443
21635 1249 942 991 994
21636 11315 11196 11317 11312
21637 1312 1797 1804 1313
21638 1254 1256 1255 1250
21639 995 998 997 988
21640 1462 1466 1795 1493
21641 1817 1499 1802 1795
21642 1256 1251 1249 1258
21643 7047 7053 7052 7049
21644 1253 1258 1249 1251
21645 995 992 996 988
21646 1254 1250 1255 1260
21647 1269 1268 1263 1262
21648 1260 1262 1263 1268
21649 1261 1270 1263 1265
21650 1271 1268 1270 1263
21651 1331 1265 1263 1271
21652 9587 9590 9596 9597
21653 1271 1265 1263 1270
21654 1796 1801 1793 1799
21655 10701 10684 10702 10709
21656 1255 1250 1256 1251
21657 1250 1248 1256 1251
21658 1250 1205 1256 1248
21659 9244 9248 9239 9240
21660 9129 9133 9134 9131
21661 9234 9244 9239 9240
21662 9228 9236 9227 9238
21663 9229 9245 9240 9250
21664 9230 9226 9233 9232
21665 9243 9248 9247 9239
21666 9370 9232 9376 9378
21667 9265 9250 9240 9241
21668 9265 9229 9240 9250
21669 9240 9227 9226 9234
21670 9239 9242 9370 9372
21671 1811 1813 1815 1808
21672 9145 9147 9157 9140
21673 9154 9126 9159 9197
21674 9226 9242 9239 9234
21675 1213 1220 1422 1326
21676 9140 9138 9157 9145
21677 9372 9371 9380 9369
21678 9239 9242 9372 9243
21679 9239 9247 9372 9086
21680 1217 1185 1212 1193
21681 1777 1773 1774 1771
21682 1199 1216 1210 1211
21683 1463 1458 1462 1465
21684 593 596 595 588
21685 9394 9091 9090 9371
21686 9381 9091 9371 9372
21687 1814 1792 1793 1799
21688 1219 1217 1218 1212
21689 1811 1794 1816 1793
21690 9140 9139 9146 9141
21691 985 1201 1206 1200
21692 9337 9339 9338 9333
21693 9376 9369 9374 9370
21694 9226 9232 9370 9242
21695 2 6 578 1
21696 1443 1449 1311 1800
21697 855 850 975 976
21698 1791 1443 1783 1789
21699 1206 976 980 974
21700 1774 1813 1777 1807
21701 979 962 983 984
21702 5585 2276 5586 5580
21703 8129 8133 8130 8127
21704 1202 985 987 1200
21705 953 944 996 989
21706 1324 1445 1311 1315
21707 1315 1312 1311 1324
21708 1449 1445 1311 1324
21709 1324 1800 1803 1311
21710 10131 9148 9156 9149
21711 1214 1215 1210 1216
21712 9372 9381 9380 9371
21713 1810 1807 1777 1813
21714 1800 1796 1789 1799
21715 1797 1801 1796 1803
21716 1780 1781 1782 1786
21717 1311 1312 1796 1803
21718 1797 1803 1796 1312
21719 1789 1799 1792 1790
21720 9226 9133 9127 9370
21721 1211 1254 1199 1216
21722 1790 1800 1791 1789
21723 9146 9129 9147 9124
21724 2894 2891 2892 2887
21725 9152 9140 9147 9142
21726 1197 1202 987 1200
21727 1096 1396 1395 1397
21728 1218 1217 1210 1212
21729 1213 1267 1211 1218
21730 1254 1267 1211 1260
21731 1216 1267 1218 1211
21732 1267 1262 1211 1260
21733 1213 1262 1211 1267
21734 3095 3098 3102 3097
21735 2487 2489 2504 2481
21736 1204 1216 1214 1199
21737 1255 1258 1257 1251
21738 1197 1202 1200 1201
21739 1793 1814 1816 1811
21740 1216 1218 1210 1211
21741 1311 1800 1789 1443
21742 1796 1800 1789 1311
21743 7953 7958 7948 7963
21744 9143 9705 9314 9700
21745 993 1205 1198 1248
21746 1796 1799 1793 1792
21747 1336 1332 1333 1322
21748 6292 6290 6298 6336
21749 1155 1132 1209 1183
21750 9350 9355 9349 9365
21751 9345 9356 9350 9382
21752 9416 9413 9418 9415
21753 9369 9370 9376 9378
21754 9227 9226 9134 9129
21755 1807 1771 1777 1774
21756 1772 1770 1768 1773
21757 9138 9150 9157 9136
21758 9341 9369 9374 9373
21759 990 991 988 998
21760 9123 9335 9146 9124
21761 9226 9232 9230 9370
21762 9157 9140 9147 9152
21763 9132 9125 9126 9130
21764 9144 9145 9157 9136
21765 9197 9153 9159 9154
21766 9155 9148 9156 10131
21767 9124 9125 9147 9141
21768 9146 9141 9147 9140
21769 9136 9148 9157 9155
21770 940 944 989 936
21771 9226 9133 9129 9127
21772 558 627 633 635
21773 940 948 953 958
21774 9143 9135 9309 9316
21775 9326 9327 9307 9317
21776 9348 9345 9356 9347
21777 9117 9120 9111 9119
21778 964 950 972 966
21779 1786 1790 1787 1782
21780 1777 1814 1778 1810
21781 10129 10128 9144 9136
21782 811 799 809 804
21783 1796 1797 1793 1801
21784 979 984 992 962
21785 1779 2170 1781 1785
21786 9391 9355 9389 9350
21787 9128 9335 9124 9127
21788 9141 9125 9147 9142
21789 997 986 990 987
21790 1199 1205 1198 1204
21791 1248 1205 1198 1250
21792 1184 1187 1191 1182
21793 9129 9124 9127 9131
21794 1197 1199 1198 1204
21795 9393 9391 9392 9384
21796 9334 9331 9332 9336
21797 9151 9153 9158 9195
21798 1200 985 977 1206
21799 5416 5420 5419 5414
21800 1815 1811 1812 1816
21801 1815 1457 1812 1808
21802 1815 1464 1812 1457
21803 999 996 944 989
21804 9424 9413 9409 9415
21805 980 974 975 978
21806 976 974 975 980
21807 987 986 977 985
21808 987 985 977 1200
21809 9154 9142 9159 9126
21810 1786 1784 1776 1780
21811 8953 8960 9019 8962
21812 10128 9700 9143 9135
21813 10128 9706 9143 9700
21814 9131 9127 9129 9133
21815 9124 9129 9147 9125
21816 9307 9329 9319 9327
21817 976 850 849 851
21818 9124 9141 9147 9146
21819 9142 9140 9147 9141
21820 9235 9134 9173 9227
21821 1252 942 1249 1258
21822 9146 9316 9340 9139
21823 9706 9144 10134 10128
21824 9596 9585 9587 9583
21825 9370 9133 9230 9226
21826 979 961 983 962
21827 9230 9374 9133 9370
21828 992 953 956 996
21829 989 998 988 991
21830 9341 9128 9127 9335
21831 9129 9132 9130 9125
21832 9149 9195 9158 9156
21833 1464 1466 1817 1462
21834 1198 993 990 987
21835 960 951 959 1053
21836 9159 9165 9197 9126
21837 10131 10136 9155 10129
21838 10131 10129 9155 9148
21839 10131 10142 9156 10148
21840 9147 9130 9159 9125
21841 9144 9136 9155 10129
21842 9148 10129 9155 9136
21843 10134 9155 10136 10129
21844 9165 9173 9130 9228
21845 9133 9231 9230 9226
21846 9156 9155 9158 9148
21847 9159 9153 9158 9152
21848 1249 938 991 942
21849 9158 9197 9195 9153
21850 9156 10136 9155 10131
21851 9157 9152 9158 9150
21852 9153 9150 9151 9158
21853 9148 9150 9158 9151
21854 9157 9150 9158 9148
21855 1465 1458 1462 1464
21856 1457 1464 1462 1458
21857 636 579 589 571
21858 936 944 989 999
21859 1462 1466 1817 1795
21860 1813 1816 1814 1811
21861 954 950 955 947
21862 1252 938 1249 942
21863 994 1258 1256 1249
21864 999 942 991 938
21865 999 994 998 991
21866 1816 1802 1801 1794
21867 1808 1460 1815 1457
21868 988 997 995 986
21869 990 997 988 986
21870 1815 1808 1812 1811
21871 1462 1457 1812 1464
21872 1809 1815 1813 1808
21873 1462 1464 1812 1817
21874 1795 1462 1812 1817
21875 1817 1794 1812 1795
21876 1566 1570 1569 1564
21877 1816 1794 1812 1817
21878 964 949 972 950
21879 1005 949 972 964
21880 630 635 634 627
21881 2998 2986 2996 2980
21882 2992 2999 2998 2994
21883 959 1005 1006 949
21884 955 950 959 951
21885 960 1006 1060 1053
21886 593 586 585 588
21887 9313 9304 9308 9305
21888 101 100 93 99
21889 588 587 585 593
21890 65 579 589 596
21891 984 969 954 962
21892 953 988 996 992
21893 2220 2208 2216 2218
21894 3203 2977 3200 2976
21895 954 956 984 947
21896 948 947 955 951
21897 7869 7872 7871 7863
21898 992 984 956 947
21899 992 947 956 953
21900 596 588 594 589
21901 2980 2986 2979 2988
21902 589 571 633 636
21903 558 636 633 571
21904 949 950 959 972
21905 949 951 959 950
21906 977 1206 980 974
21907 633 626 634 627
21908 630 627 634 626
21909 2995 3000 2993 2999
21910 2978 2976 2977 2986
21911 2982 2980 2988 2998
21912 981 997 985 986
21913 2982 2988 2979 2981
21914 2939 2993 2995 3000
21915 2923 3000 2991 2925
21916 2993 3000 2991 2999
21917 2961 3000 2991 2923
21918 2879 2877 1979 2872
21919 2992 2995 2993 2999
21920 593 590 592 585
21921 8758 7316 8757 8747
21922 626 587 592 584
21923 634 587 592 626
21924 2983 3104 2987 3096
21925 979 986 981 977
21926 592 594 593 587
21927 605 592 590 584
21928 604 590 609 602
21929 2972 2996 2986 2978
21930 2990 2989 2978 2996
21931 2972 2967 2978 2975
21932 969 962 983 961
21933 605 584 590 602
21934 2982 2994 2992 2998
21935 1028 967 821 963
21936 965 963 970 971
21937 963 966 971 965
21938 972 1032 1005 964
21939 972 966 971 964
21940 963 964 971 966
21941 1032 964 971 963
21942 972 969 971 966
21943 2144 2161 2159 2166
21944 610 99 93 606
21945 977 974 980 978
21946 983 980 982 978
21947 3036 2988 2998 2984
21948 3014 3002 3018 3128
21949 980 985 1206 977
21950 9962 9965 9964 9961
21951 608 602 609 590
21952 126 125 94 100
21953 591 609 590 608
21954 2979 2980 2977 2986
21955 3876 3871 3879 3878
21956 7125 7147 7142 7128
21957 4832 4857 4833 4847
21958 9319 9322 9321 9329
21959 820 826 823 822
21960 3219 3202 3220 3215
21961 79 586 99 591
21962 6188 6194 6191 6187
21963 79 610 591 99
21964 101 100 99 79
21965 79 100 99 77
21966 77 586 99 79
21967 585 590 608 591
21968 812 815 823 806
21969 812 809 810 805
21970 609 610 606 608
21971 2165 2168 2166 2160
21972 2977 3203 3200 3205
21973 3992 3993 3976 3982
21974 153 147 151 144
21975 2976 2986 2985 2977
21976 2987 2979 3207 2985
21977 6337 6334 6331 6336
21978 3507 5712 5707 5783
21979 3002 3130 3018 3128
21980 4384 4450 4430 4442
21981 7927 7933 7930 7932
21982 6336 6365 6330 6290
21983 7012 6295 7005 7014
21984 3017 3127 3018 3129
21985 3018 3023 3002 3014
21986 6200 6199 6203 6208
21987 5717 5726 5714 5725
21988 3016 3034 3020 3090
21989 6752 6750 6759 6747
21990 3033 3019 3020 3038
21991 9533 9537 9536 9529
21992 3018 3127 3130 3129
21993 3024 3015 3020 3016
21994 3019 3024 3023 3015
21995 3034 3016 3020 3033
21996 3056 3020 3090 3016
21997 3033 3015 3020 3019
21998 3016 3015 3020 3033
21999 3031 3034 3032 3039
22000 3033 3038 3039 3031
22001 6231 6225 6203 6275
22002 6210 6231 6205 6203
22003 6268 6335 6266 6333
22004 6335 6273 6339 6337
22005 6271 6274 6268 6269
22006 6270 6274 6268 6271
22007 6365 6336 6330 6334
22008 6334 6337 6335 6339
22009 6300 6293 6299 6291
22010 6338 6336 6339 6337
22011 6292 6336 6339 6338
22012 6300 6297 6298 6291
22013 6208 6202 6301 6199
22014 6296 6209 6201 6204
22015 6339 6208 6301 6338
22016 7045 7000 6997 6211
22017 6268 6335 6273 6266
22018 6266 6274 6273 6268
22019 6203 6202 6210 6208
22020 6203 6231 6205 6227
22021 6292 6336 6298 6339
22022 1544 1540 1513 1543
22023 6211 7044 6997 7045
22024 7002 7055 7046 6997
22025 6229 6227 6205 6231
22026 6210 6301 6208 6202
22027 7055 6997 7044 7046
22028 3609 3598 3624 3607
22029 7015 6209 6201 6296
22030 7000 7045 6997 7046
22031 7044 7046 6997 7045
22032 6205 6210 6204 6207
22033 6210 6207 6206 6204
22034 7012 7015 7013 6992
22035 1481 1483 1482 1489
22036 7002 6996 7001 7004
22037 6209 6211 6994 6206
22038 6211 6206 6207 7000
22039 6996 6999 6994 7000
22040 6996 7002 7000 6997
22041 7000 6997 6994 6996
22042 7000 6211 6994 6997
22043 6293 6294 6300 6296
22044 7015 6299 6300 6295
22045 9536 9532 9533 9528
22046 6993 6999 6998 6992
22047 2496 2494 2511 2500
22048 6995 6999 6993 6996
22049 6995 6999 6998 6993
22050 7015 6994 6993 6992
22051 24 15 22 14
22052 6300 6295 6299 6293
22053 3201 3198 3197 3196
22054 6294 6291 6293 6300
22055 6998 7013 7017 7016
22056 6610 6608 6697 6606
22057 6296 6294 6300 6301
22058 6294 6292 6300 6301
22059 6301 6298 6339 6292
22060 6966 6975 6991 6967
22061 7017 6968 6998 6966
22062 6968 6966 6967 6975
22063 5776 3551 5707 5783
22064 6966 6998 7016 6995
22065 6993 6995 7016 6998
22066 6300 6209 7015 6296
22067 6296 6295 6300 6293
22068 7015 6295 6300 6296
22069 6336 6365 6290 6298
22070 839 840 831 832
22071 6291 6290 6298 6292
22072 6297 6290 6298 6291
22073 7264 7261 7256 7262
22074 5777 5779 5771 5774
22075 3205 3200 3199 3203
22076 3130 3124 3121 3126
22077 3408 3575 3573 3416
22078 8568 8567 8573 8572
22079 4092 4089 4087 4091
22080 7264 7257 7212 7262
22081 7268 7271 7272 7267
22082 8573 8599 8600 7273
22083 4024 4017 4021 4018
22084 6312 6307 6308 6310
22085 5750 5756 5748 5751
22086 7264 7256 7263 7259
22087 7255 7256 7261 7262
22088 9565 9527 9524 9523
22089 6635 6637 6631 6630
22090 8146 8223 8301 8145
22091 3573 3574 3548 3410
22092 7239 6312 6310 6307
22093 6299 6314 6289 7005
22094 7217 7219 7215 7250
22095 24 21 23 14
22096 7014 6295 7005 6299
22097 7006 7010 7251 7008
22098 6933 6645 6939 6960
22099 6967 6982 6986 6991
22100 7005 6295 6289 6299
22101 6937 6935 6932 6933
22102 6967 6982 6984 6986
22103 7017 6982 7011 6984
22104 7007 7010 7009 7014
22105 7007 7014 7009 7013
22106 8221 8223 8147 8213
22107 7013 7014 7009 7016
22108 9898 8767 9896 8762
22109 8285 8279 8280 8286
22110 3115 3116 3109 3111
22111 3107 3122 3109 3114
22112 1622 1608 1621 1618
22113 6985 7223 7224 7221
22114 11503 11508 11506 11519
22115 7222 7220 7224 7223
22116 7008 7009 7006 7010
22117 7007 7010 7006 7009
22118 6985 6986 6983 6981
22119 7223 7215 7222 7218
22120 7693 7738 7694 7740
22121 5775 5772 5780 5779
22122 7245 7250 7214 7216
22123 7251 7011 7008 7010
22124 7251 7011 6980 7008
22125 7006 7010 7246 7251
22126 4162 4163 4169 4164
22127 3110 3108 3167 3324
22128 7007 7010 7246 7006
22129 7007 7005 7246 7010
22130 6314 7010 7246 7005
22131 7249 7010 7251 7246
22132 10534 10539 10505 10530
22133 6987 6988 6990 6941
22134 3107 3105 3106 3109
22135 8569 8570 8573 7283
22136 3289 3297 3288 3295
22137 5644 5751 5748 5756
22138 7251 7006 7244 7246
22139 7246 7249 7244 7251
22140 7244 7246 7241 7249
22141 3286 3283 3278 3548
22142 7250 6980 7216 7251
22143 7250 6980 7219 7216
22144 6315 8601 6324 8598
22145 4794 4818 4789 4795
22146 7214 7217 7215 7250
22147 7221 7223 7218 7219
22148 7251 7008 7245 7006
22149 7216 7008 7245 7251
22150 7244 7251 7245 7006
22151 7250 7251 7245 7244
22152 7251 7250 7245 7216
22153 6591 6576 6600 6594
22154 6325 6316 6319 6327
22155 3099 3102 3101 3095
22156 7262 7202 7209 7255
22157 9508 9512 9502 9501
22158 9511 9512 9513 11610
22159 7217 7219 7218 7215
22160 7251 7248 7249 7244
22161 6930 6927 7131 6944
22162 7214 7245 7243 7250
22163 7244 7250 7243 7245
22164 8635 8630 8631 8640
22165 7248 7244 7241 7249
22166 7283 8570 8573 7267
22167 2737 2751 2771 2777
22168 7248 7249 7241 7239
22169 3937 3932 3926 3936
22170 4223 4099 4221 4227
22171 7243 7244 7240 7248
22172 3208 3206 3189 3187
22173 8949 8956 8954 8948
22174 6299 6295 6289 6293
22175 4221 4228 4223 4227
22176 9653 9804 9648 9812
22177 7247 7259 7258 7239
22178 3436 3433 3325 3435
22179 7263 7259 7258 7247
22180 139 134 129 146
22181 7247 7259 7239 7248
22182 3283 3309 3278 3548
22183 7262 7260 7261 7255
22184 3341 3365 3363 3364
22185 4468 4465 4467 4460
22186 7247 7239 7258 6307
22187 2985 2979 3205 2977
22188 4033 4032 4008 4004
22189 6313 6312 6308 6310
22190 8640 8639 8631 8635
22191 3130 3122 3121 3128
22192 11229 11233 11230 11235
22193 3440 3411 3436 3442
22194 350 355 338 346
22195 3179 3181 3174 3175
22196 3432 3111 3112 3116
22197 3110 3432 3111 3112
22198 3172 3180 3173 3171
22199 3184 3216 3214 3220
22200 257 254 255 252
22201 7289 7287 7290 7255
22202 3099 3100 3095 3092
22203 822 826 823 812
22204 147 144 148 143
22205 3204 3220 3187 3208
22206 3106 3160 3165 3108
22207 6309 6313 6308 6311
22208 3508 3507 3552 3557
22209 7242 7239 7241 7249
22210 7249 6312 6310 7239
22211 6289 6310 7242 6314
22212 7494 7490 7492 7507
22213 6314 7249 6310 7242
22214 6313 6314 6310 6311
22215 6312 6314 7249 6310
22216 3884 3892 3877 3890
22217 6313 6311 6309 6297
22218 8460 8452 8458 8451
22219 6291 6297 6309 6311
22220 6290 6297 6309 6291
22221 6306 6313 6312 6308
22222 6308 6305 6307 6312
22223 6310 6311 6308 6313
22224 3193 3195 3188 3189
22225 804 805 811 822
22226 9388 9377 9383 9375
22227 3187 3186 3189 3193
22228 3554 3558 3581 3550
22229 3219 3215 3214 3212
22230 103 96 90 108
22231 3202 3215 3221 3197
22232 606 610 97 93
22233 7263 7259 7254 7258
22234 610 607 609 606
22235 282 95 90 275
22236 3219 3220 3214 3215
22237 3185 3214 3211 3218
22238 6378 6362 6361 6354
22239 6321 6326 6322 6318
22240 11351 11358 11356 11348
22241 114 115 169 106
22242 3177 3162 3160 3125
22243 99 610 93 101
22244 3207 3209 3206 3100
22245 101 126 94 100
22246 688 680 598 275
22247 3130 3128 3121 3127
22248 606 607 91 97
22249 3095 3094 3101 3099
22250 9390 9379 9392 9383
22251 3558 3581 3550 3576
22252 93 97 91 92
22253 113 92 98 116
22254 2133 2159 2157 2139
22255 2987 3209 2985 3207
22256 2987 3100 3207 3093
22257 2987 2981 3207 2979
22258 3093 2981 3207 2987
22259 119 105 117 107
22260 3208 3206 3204 3209
22261 3206 3100 3099 3092
22262 3100 3092 3206 3093
22263 101 100 94 93
22264 3110 3165 3108 3106
22265 2120 2129 1767 1740
22266 823 826 821 967
22267 3947 3942 3949 3832
22268 3197 3196 3221 3201
22269 3205 3209 3204 3207
22270 3206 3207 3204 3209
22271 303 311 187 185
22272 3186 3193 3192 3188
22273 3961 3954 3955 3950
22274 3863 3861 3867 3870
22275 179 172 180 174
22276 126 98 101 94
22277 2243 2240 2242 2246
22278 281 108 283 280
22279 1779 2126 2177 2129
22280 623 634 626 630
22281 3862 3971 3221 3866
22282 3870 3868 3861 3900
22283 3193 3099 3195 3189
22284 3208 3100 3099 3206
22285 3120 3125 3177 3105
22286 105 107 119 112
22287 3108 3110 3167 3165
22288 666 651 660 657
22289 846 853 973 968
22290 3208 3206 3187 3204
22291 3202 3205 3209 3204
22292 878 800 824 875
22293 3099 3206 3189 3208
22294 5655 5669 5659 5658
22295 3208 3187 3189 3193
22296 3171 3180 3179 3172
22297 6325 6317 6321 6316
22298 4018 4017 4021 4029
22299 1113 1163 1107 1112
22300 6362 6361 6354 6359
22301 106 104 111 112
22302 874 879 870 877
22303 4070 4072 4071 4075
22304 4015 4023 4091 4086
22305 6359 6361 6322 6302
22306 3214 3185 3211 3184
22307 366 652 365 651
22308 1137 1131 1138 1130
22309 3195 3190 3171 3194
22310 3194 3180 3179 3171
22311 119 124 123 117
22312 3195 3190 3194 3188
22313 10718 10910 10720 10860
22314 1414 1409 1407 1382
22315 208 283 109 102
22316 5671 5670 5673 5677
22317 5687 5689 5680 5682
22318 3304 3298 3308 3292
22319 4934 4932 4739 4928
22320 3199 3202 3197 3215
22321 656 419 710 414
22322 3192 3195 3194 3188
22323 7197 7192 7156 7195
22324 3108 3162 3125 3160
22325 3108 3165 3167 3160
22326 3330 3353 3333 3336
22327 838 836 835 837
22328 834 830 908 841
22329 108 282 90 280
22330 681 688 598 600
22331 207 189 188 213
22332 108 280 90 103
22333 1378 1382 1377 1395
22334 102 110 105 103
22335 1207 1183 1209 1208
22336 9464 9469 9462 9470
22337 104 112 106 107
22338 756 757 753 755
22339 1138 1136 1137 1130
22340 842 837 841 836
22341 9314 9305 9309 9700
22342 96 92 113 103
22343 118 116 120 94
22344 103 92 90 96
22345 91 96 90 92
22346 841 830 831 836
22347 277 276 273 274
22348 2640 5502 5509 5520
22349 841 836 831 842
22350 842 839 840 831
22351 840 828 852 833
22352 105 112 104 107
22353 2676 2703 2690 2712
22354 251 260 249 253
22355 852 828 845 833
22356 797 803 813 768
22357 9329 9313 9308 9315
22358 6038 6077 6076 6045
22359 10513 10506 10512 10504
22360 271 278 272 279
22361 1737 1729 1756 1731
22362 855 850 844 975
22363 1170 1178 1143 1176
22364 1135 849 1142 1195
22365 1537 1513 1540 1536
22366 1779 1785 2177 2170
22367 1724 1715 1754 1717
22368 848 854 843 842
22369 2129 1785 2177 1779
22370 1134 1133 1140 835
22371 818 828 845 820
22372 9349 9353 9357 9363
22373 1190 1185 1192 1184
22374 9375 9369 9383 9373
22375 820 829 845 846
22376 9334 9336 9332 9340
22377 2118 2124 2123 2119
22378 2177 2170 2169 2126
22379 9412 9408 9407 9410
22380 2028 2036 1392 2156
22381 2128 2177 2176 2126
22382 9276 9105 9096 9101
22383 1741 1768 1733 1731
22384 1724 1721 1646 1715
22385 2178 2167 2169 2171
22386 2177 2178 2169 2170
22387 9349 9365 9359 9360
22388 2178 2172 2169 2170
22389 2171 2172 2169 2178
22390 1134 847 1141 1135
22391 1097 1098 1109 1091
22392 1134 1135 1141 1137
22393 9409 9411 9407 9412
22394 143 121 170 177
22395 1145 1134 1136 1130
22396 2177 2180 2178 2170
22397 9363 9364 9357 9349
22398 9143 9316 9309 9314
22399 9363 9365 9364 9349
22400 9313 9445 9326 9304
22401 9065 9059 9060 9073
22402 1201 1197 1194 1200
22403 9387 9354 9350 9389
22404 9382 9386 9383 9337
22405 9408 9472 9467 9323
22406 9311 9308 9309 9315
22407 1732 1739 1740 1733
22408 10690 10694 10687 10693
22409 1786 1775 1782 1780
22410 9357 9353 9402 9363
22411 8994 9002 8995 9000
22412 9127 9340 9341 9335
22413 9234 9245 9244 9240
22414 181 182 185 184
22415 9343 9345 9328 9325
22416 1122 1126 1125 1129
22417 1778 1792 1775 1810
22418 9332 9340 9312 9123
22419 9382 9388 9383 9386
22420 9344 9347 9352 9345
22421 9304 9305 9313 9306
22422 9445 9440 9326 9304
22423 1714 1703 1716 1707
22424 9408 9412 9466 9467
22425 1791 1418 1788 1783
22426 9383 9382 9385 9392
22427 9090 9074 9385 9371
22428 1214 1203 1208 1215
22429 9337 9386 9383 9338
22430 4264 4274 4355 4260
22431 8860 8906 8883 8902
22432 1195 974 1142 1206
22433 9386 9373 9383 9338
22434 9338 9373 9383 9369
22435 1214 1215 1207 1210
22436 9314 9306 9313 9305
22437 1776 1771 1770 1773
22438 852 855 854 844
22439 9337 9345 9382 9356
22440 9305 9700 9314 9705
22441 9348 9345 9337 9356
22442 9123 9335 9332 9340
22443 1200 974 1195 1206
22444 1779 1785 1781 1780
22445 1132 1149 1138 1130
22446 847 851 849 850
22447 855 975 844 973
22448 1207 1183 1190 1209
22449 6508 6352 6351 6344
22450 1778 1776 1777 1775
22451 976 974 849 975
22452 1758 1764 1757 1763
22453 9315 9329 9310 9308
22454 8974 9385 9071 9384
22455 9365 9368 9367 9360
22456 1400 1378 1385 1380
22457 8970 9083 9077 9072
22458 6861 6900 6860 6854
22459 9053 9048 9052 9046
22460 1367 1371 1430 1374
22461 1738 1740 2124 1732
22462 1024 1021 1022 1014
22463 1776 1775 1786 1780
22464 982 976 855 975
22465 980 978 975 982
22466 1407 1403 1405 1379
22467 1408 1418 1419 1417
22468 8519 8531 8517 8516
22469 975 850 849 976
22470 1201 1200 1194 1195
22471 9390 9388 9383 9382
22472 9340 9315 9336 9312
22473 9388 9390 9383 9377
22474 8943 8942 8947 8949
22475 1418 1420 1419 1444
22476 9345 9352 9350 9356
22477 8943 8949 8955 8942
22478 1142 851 976 849
22479 1093 1100 1091 1092
22480 9331 9333 9330 9336
22481 9348 9356 9337 9386
22482 9389 9390 9382 9387
22483 9002 8993 8941 8998
22484 1210 1215 1207 1217
22485 1139 1155 1138 1132
22486 2369 2444 2451 2374
22487 1132 1130 1138 1131
22488 8971 8978 8977 8967
22489 9371 9369 9383 9379
22490 9386 9373 9338 9339
22491 9308 9315 9311 9310
22492 9373 9342 9338 9339
22493 9373 9341 9338 9342
22494 1217 1185 1207 1212
22495 9319 9322 9329 9310
22496 1136 1141 1137 1134
22497 9369 9375 9383 9377
22498 9379 9369 9383 9377
22499 48 46 47 43
22500 2180 1787 2175 1781
22501 9360 9384 9350 9391
22502 9385 9392 9384 9393
22503 1147 1146 1151 1149
22504 9387 9390 9382 9388
22505 1154 1150 1153 1148
22506 8959 8953 8963 8966
22507 9382 9389 9350 9391
22508 9360 9350 9349 9365
22509 9337 9356 9382 9386
22510 9356 9388 9387 9382
22511 9066 9080 9102 9073
22512 1416 1420 1408 1426
22513 1781 1786 1787 1782
22514 2181 2175 1417 2172
22515 1397 1191 1409 1186
22516 838 1141 1140 847
22517 1135 847 1141 849
22518 1417 1404 1419 1408
22519 2894 2896 2889 2544
22520 1781 2170 2180 1785
22521 107 112 106 115
22522 1195 1131 1196 1135
22523 1195 1201 1196 1194
22524 1194 1131 1196 1195
22525 1138 1149 1154 1130
22526 1206 1196 1142 1195
22527 1417 2175 1788 1418
22528 1781 2170 2175 2180
22529 2180 2170 2175 2172
22530 8784 8782 8887 8779
22531 2152 2143 2144 2147
22532 3163 3166 3157 3331
22533 2179 2173 2174 1382
22534 1196 1194 1139 1131
22535 1139 1137 1196 1131
22536 2170 2172 2180 2178
22537 1408 1420 1419 1418
22538 6752 6757 6749 6766
22539 1203 1209 1139 1208
22540 6942 6947 6944 6946
22541 2175 1783 1788 1418
22542 2180 1788 2181 2175
22543 1404 1406 1419 1408
22544 151 124 128 122
22545 2168 2173 2160 2171
22546 153 150 144 149
22547 1132 1149 1155 1138
22548 1152 1140 1136 1133
22549 1138 1131 1139 1132
22550 1209 1132 1139 1208
22551 2153 2147 2156 2028
22552 1102 1103 1096 1093
22553 1208 1194 1139 1203
22554 1132 1131 1139 1208
22555 1444 1420 1419 1446
22556 1427 1410 1423 1408
22557 1147 1155 1189 1183
22558 1787 1783 1788 2175
22559 2181 2175 1788 1417
22560 1408 1406 1419 1420
22561 9382 9392 9384 9385
22562 9382 9391 9384 9392
22563 1385 1398 1399 1395
22564 9083 9075 9072 9071
22565 1437 1439 1429 1432
22566 9349 9364 9359 9365
22567 9090 9074 9071 9385
22568 9379 9383 9385 9392
22569 9379 9371 9385 9383
22570 1100 1102 1092 1093
22571 9382 9356 9350 9387
22572 9384 9391 9360 9368
22573 9379 9394 9385 9371
22574 8000 7932 7928 7999
22575 9330 9338 9336 9333
22576 2218 2213 2214 2208
22577 8973 9384 8974 8967
22578 1192 1409 1191 1187
22579 1439 1433 1429 1432
22580 9327 9330 9329 9321
22581 9367 9360 9359 9365
22582 9414 9351 9349 9344
22583 9353 9363 9349 9355
22584 7086 7093 7083 7092
22585 9354 9355 9349 9350
22586 9354 9353 9349 9355
22587 9352 9344 9349 9351
22588 9350 9344 9349 9352
22589 3323 3289 3319 3325
22590 9352 9354 9349 9350
22591 9351 9354 9353 9349
22592 8972 9082 9081 9071
22593 3255 3143 3253 3144
22594 1138 1151 1154 1149
22595 2028 2031 1391 2036
22596 6819 6830 6829 6823
22597 1186 1409 1397 1382
22598 1148 1149 1151 1146
22599 145 174 180 172
22600 2028 2036 2156 2011
22601 2003 2155 2156 2000
22602 2012 1126 2156 2003
22603 2168 2171 2160 2167
22604 2171 2173 2179 2168
22605 2168 2166 2160 2161
22606 9027 9026 9020 9011
22607 1095 2156 1094 1392
22608 121 117 123 124
22609 1154 1149 1151 1148
22610 1137 1130 1136 1134
22611 2171 2173 2174 2179
22612 1417 2172 2174 2181
22613 1132 1149 1147 1155
22614 1155 1183 1147 1132
22615 837 1140 1181 835
22616 835 838 1140 847
22617 835 847 1140 1134
22618 2179 2167 2178 2171
22619 3297 3407 3409 3299
22620 1133 1145 1136 1152
22621 1133 1134 1136 1145
22622 1182 1093 1186 1103
22623 1187 1409 1186 1382
22624 105 110 113 103
22625 1387 1383 1388 1380
22626 1407 1404 1405 1403
22627 1148 1145 1154 1149
22628 1153 1145 1154 1148
22629 1130 1149 1154 1145
22630 1136 1130 1154 1145
22631 3159 3165 3160 3167
22632 8547 8536 8549 8541
22633 1154 1152 1136 1145
22634 10931 10817 10818 10938
22635 3145 3136 3152 3151
22636 1392 2147 1390 1391
22637 1118 1122 1125 1119
22638 105 110 104 112
22639 117 119 116 105
22640 9418 9357 9402 9396
22641 5748 5751 5749 5750
22642 2714 2233 2684 2683
22643 3100 3096 3102 3095
22644 117 116 120 118
22645 3095 3191 3094 3099
22646 2636 2632 2367 2635
22647 3159 3161 3157 3166
22648 104 102 109 110
22649 110 283 108 102
22650 208 102 109 104
22651 206 205 200 247
22652 3094 3171 3173 3180
22653 3171 3194 3169 3179
22654 5700 5689 5681 5660
22655 3171 3180 3094 3195
22656 3099 3191 3094 3195
22657 3094 3190 3171 3195
22658 101 97 610 93
22659 159 178 179 164
22660 169 115 170 106
22661 3094 3097 3101 3173
22662 3325 3433 3317 3431
22663 3092 3096 3093 3100
22664 119 110 113 105
22665 176 172 170 177
22666 126 128 118 125
22667 10751 11255 10750 11252
22668 3095 3096 3102 3098
22669 3182 3162 3177 3125
22670 3096 3104 3102 3098
22671 10161 10140 10139 10157
22672 96 98 113 92
22673 5429 5433 5431 5424
22674 2684 2713 2714 2677
22675 3176 3182 3177 3123
22676 11542 11577 11579 11572
22677 2711 2694 2693 2690
22678 462 1085 1084 455
22679 2750 2745 2746 2744
22680 123 147 177 121
22681 120 118 124 117
22682 3119 3124 3121 3129
22683 3119 3127 3103 3129
22684 107 119 123 117
22685 122 151 144 149
22686 124 128 122 118
22687 3575 3576 3573 3581
22688 124 118 122 117
22689 3102 3104 3119 3098
22690 3103 3098 3119 3104
22691 3102 3129 3124 3119
22692 3103 3104 3119 3129
22693 3124 3130 3121 3129
22694 3127 3129 3121 3130
22695 144 121 147 122
22696 2176 2126 2125 2128
22697 144 122 147 151
22698 4197 4203 4200 4205
22699 1101 1191 1103 1182
22700 2830 2825 2826 2823
22701 115 111 112 106
22702 169 176 171 172
22703 3121 3118 3120 3124
22704 3120 3124 3118 3123
22705 3101 3097 3118 3173
22706 3120 3123 3177 3125
22707 3125 3123 3177 3182
22708 3177 3125 3160 3105
22709 176 115 170 169
22710 3105 3122 3120 3126
22711 3121 3126 3120 3122
22712 3105 3126 3120 3125
22713 3126 3123 3120 3125
22714 3124 3126 3120 3121
22715 3124 3123 3120 3126
22716 3102 3097 3118 3101
22717 3119 3097 3118 3102
22718 3119 3102 3118 3124
22719 3101 3124 3123 3118
22720 2552 2585 2586 2555
22721 3281 3284 3282 3277
22722 3120 3176 3177 3123
22723 3335 3337 3333 3336
22724 1103 1100 1101 1093
22725 5782 5710 5706 5781
22726 3173 3101 3176 3118
22727 3173 3180 3176 3101
22728 3101 3123 3176 3118
22729 3180 3123 3182 3176
22730 5770 5772 5771 5779
22731 1969 1959 1960 1954
22732 241 244 163 236
22733 169 114 212 259
22734 5710 5708 5697 5703
22735 3172 3171 3169 3179
22736 3177 3175 3158 3182
22737 171 179 178 173
22738 3304 3298 3311 3308
22739 3179 3180 3175 3172
22740 3176 3180 3175 3182
22741 3179 3182 3181 3175
22742 3162 3182 3158 3181
22743 3177 3182 3158 3162
22744 10834 10852 10829 10848
22745 169 172 170 176
22746 10910 10912 10905 10911
22747 177 115 123 170
22748 176 114 115 169
22749 177 172 170 143
22750 177 121 170 123
22751 106 115 170 107
22752 218 209 210 212
22753 3333 3330 3329 3353
22754 9081 9083 9071 9074
22755 1182 1146 1101 1147
22756 1147 1184 1189 1182
22757 2247 2241 2232 2231
22758 1191 1182 1189 1184
22759 1147 1183 1189 1184
22760 1187 1188 1410 1407
22761 1147 1146 1101 1151
22762 1093 1146 1101 1182
22763 1182 1103 1101 1093
22764 1192 1189 1190 1184
22765 1429 1437 1431 1439
22766 1096 1103 1397 1186
22767 9368 9384 8973 9360
22768 5835 5826 5834 5828
22769 3328 3353 3327 3330
22770 2406 2462 2458 2405
22771 8898 8894 8892 8900
22772 8947 8897 8946 8942
22773 1379 1382 1377 1378
22774 9191 9151 9189 9195
22775 3331 3330 3329 3334
22776 2049 2043 2045 2042
22777 906 841 837 834
22778 8888 8890 8895 8904
22779 1161 1163 1173 1175
22780 1119 1116 1109 1108
22781 1402 1382 1395 1397
22782 1396 1402 1401 1395
22783 1382 2168 2179 2173
22784 1186 1096 1395 1397
22785 1397 1382 1395 1186
22786 2865 1828 1829 2860
22787 8994 8993 8995 9002
22788 8900 8893 8897 8892
22789 2722 2725 2654 2716
22790 8966 8953 8963 8961
22791 8948 9002 8995 8941
22792 2002 2020 2023 2019
22793 9396 9406 9403 9405
22794 8999 9002 9001 8994
22795 1827 1978 1830 1821
22796 8955 8949 8957 8954
22797 4897 4938 4892 4888
22798 8888 8889 8896 8891
22799 1394 1126 1095 2156
22800 8965 8956 8964 8954
22801 2829 2824 2825 2823
22802 8949 8956 8957 8954
22803 9065 9061 9060 9059
22804 8944 9050 9054 8943
22805 8895 8894 8898 8899
22806 1515 1518 1517 1514
22807 11085 11081 11084 11079
22808 280 283 278 102
22809 8964 9028 8958 9019
22810 1092 1102 1094 1096
22811 1413 1407 1412 1408
22812 1192 1187 1191 1184
22813 3287 3291 3293 3290
22814 8977 8957 8965 8955
22815 1476 1479 1752 1471
22816 8961 9360 8973 8966
22817 8442 8482 8473 8444
22818 8947 8951 8950 8943
22819 8974 9368 9393 9384
22820 1407 1188 1410 1408
22821 8954 8942 8955 8949
22822 9082 9074 9071 9090
22823 157 166 145 174
22824 8974 9384 9071 8967
22825 8966 9359 8961 9360
22826 9367 9360 8961 9359
22827 9082 9081 9071 9074
22828 1410 1193 1423 1188
22829 8973 9367 9368 9360
22830 8966 8953 8961 9359
22831 8960 9359 8961 8953
22832 9082 8974 9090 9071
22833 1189 1151 1155 1147
22834 1379 1382 1385 1386
22835 1155 1190 1189 1183
22836 1184 1183 1190 1185
22837 3304 3305 3280 3311
22838 1207 1185 1190 1183
22839 8973 8966 8967 8975
22840 9075 9077 9072 9079
22841 8973 9384 8967 9360
22842 8973 9360 8967 8966
22843 8967 8978 9071 8972
22844 8976 8973 8974 8967
22845 1190 1193 1192 1185
22846 8966 8975 8971 8967
22847 8967 8978 9072 9071
22848 9072 8952 8970 8968
22849 1416 1432 1429 1406
22850 9071 8978 9072 9083
22851 1409 1415 1414 1407
22852 1423 1427 1408 1420
22853 5769 5764 5766 5761
22854 8967 8966 8968 8977
22855 1437 1432 1429 1416
22856 1187 1382 1407 1409
22857 1421 1423 1408 1420
22858 1188 1423 1408 1421
22859 1420 1788 1791 1418
22860 1788 1418 1408 1417
22861 2181 1408 1407 1417
22862 2174 1404 1407 1403
22863 1403 1382 1407 2174
22864 2174 1417 1407 1404
22865 2181 1417 1407 2174
22866 1407 2179 2181 2174
22867 9060 9061 9051 9059
22868 1416 1406 1429 1413
22869 9049 9046 9053 9047
22870 9066 9065 9060 9073
22871 9066 9061 9062 9060
22872 9055 8891 8899 8896
22873 9073 9079 9060 9066
22874 8967 8977 8971 8966
22875 6652 6910 6924 6917
22876 9083 9077 9072 9075
22877 8949 8946 8948 8942
22878 9052 8891 8889 9048
22879 1167 1163 1112 1111
22880 8955 8977 8969 8968
22881 9054 9062 9061 8944
22882 1386 1413 1366 1405
22883 162 166 165 156
22884 8987 8989 8986 8984
22885 1092 1100 1091 1098
22886 1407 1382 1411 1414
22887 1388 1380 1365 1364
22888 1412 1416 1413 1408
22889 1427 1412 1415 1408
22890 1407 1408 1413 1405
22891 1386 1405 1366 1379
22892 1416 1406 1413 1408
22893 1408 1406 1413 1405
22894 1405 1413 1366 1429
22895 3618 3388 3633 3387
22896 1415 1411 1414 1407
22897 1379 1386 1381 1366
22898 1379 1407 1386 1405
22899 1413 1411 1412 1407
22900 1405 1407 1386 1413
22901 1407 1382 1386 1411
22902 1407 1379 1386 1382
22903 173 163 155 164
22904 1385 1379 1381 1378
22905 164 156 155 173
22906 1416 1431 1413 1429
22907 9079 9062 8952 9060
22908 3361 3364 3356 3336
22909 3854 3855 3852 3851
22910 1376 1372 1431 1374
22911 9051 9050 9057 9054
22912 1413 1429 1431 1366
22913 1429 1439 1431 1374
22914 8951 8944 8950 8943
22915 1439 1435 1430 1433
22916 1371 1439 1435 1430
22917 1374 1372 1431 1366
22918 1374 1429 1430 1366
22919 1373 1366 1374 1367
22920 8952 8944 8951 8968
22921 9051 9061 9058 9059
22922 9060 9061 9062 8944
22923 8944 8952 9062 9060
22924 8943 8944 8950 9054
22925 1115 1129 1128 1122
22926 9051 9059 9056 9053
22927 9058 9059 9056 9051
22928 6987 7224 6989 6985
22929 9052 8891 9048 9055
22930 9051 9052 9055 9050
22931 1398 1402 1399 1395
22932 9052 8896 9055 9050
22933 8958 8965 8964 8953
22934 9055 9058 9056 9051
22935 3334 3316 3315 3320
22936 9051 9050 9054 8944
22937 164 179 159 166
22938 8968 8955 8951 8969
22939 8944 8943 8951 8968
22940 8955 8943 8951 8949
22941 8968 8943 8951 8955
22942 8950 8945 8947 8943
22943 8894 8942 8945 8943
22944 9054 9050 8945 8943
22945 8945 9057 8901 9050
22946 8894 8943 8945 9050
22947 9050 8901 8945 8894
22948 11639 11646 11635 11644
22949 2020 2011 2034 2001
22950 8894 8942 8897 8945
22951 9055 8896 8899 9050
22952 8896 8890 8891 8899
22953 9050 8894 8899 8901
22954 8896 8894 8899 9050
22955 8895 8894 8899 8896
22956 8977 8959 8971 8966
22957 8966 8977 8965 8955
22958 8966 8953 8965 8959
22959 8955 8953 8965 8966
22960 8957 8951 8949 8955
22961 1163 1111 1167 1166
22962 8901 8897 8945 8894
22963 9005 9006 9007 9009
22964 8901 8898 8900 8894
22965 1388 1375 1373 1384
22966 3305 3306 3311 3304
22967 1385 1383 1400 1380
22968 1382 1378 1385 1395
22969 8938 8928 8931 8933
22970 3333 3353 3327 3332
22971 1386 1399 1411 1382
22972 8938 8933 8931 8932
22973 10882 10881 5247 10885
22974 8954 8949 8948 8942
22975 9003 9004 8994 9010
22976 2019 2015 2029 2022
22977 8910 8912 8939 8907
22978 1388 1381 1365 1380
22979 3663 3659 3675 3656
22980 1372 1366 1381 1386
22981 1388 1380 1384 1381
22982 3311 3283 3312 3309
22983 1366 1373 1381 1367
22984 7072 7061 7064 7074
22985 1366 1372 1381 1373
22986 1399 1382 1385 1395
22987 1395 1402 1399 1382
22988 8890 8896 8888 8895
22989 1388 1373 1365 1381
22990 1369 1373 1370 1365
22991 8956 8954 8995 8964
22992 9000 9004 8995 8994
22993 8937 8930 8938 8936
22994 1373 1370 1365 1367
22995 1388 1383 1384 1380
22996 1385 1386 1381 1379
22997 135 148 153 139
22998 1121 1122 1125 1118
22999 1383 2031 1400 1380
23000 1383 2031 1380 1387
23001 1399 1414 1411 1382
23002 1389 1383 1384 1388
23003 1381 1380 1384 1385
23004 174 179 173 164
23005 222 220 251 262
23006 171 179 173 174
23007 156 164 155 162
23008 3331 3334 3329 3163
23009 237 233 221 230
23010 5835 5832 5834 5826
23011 3282 3309 3311 3276
23012 164 168 166 159
23013 200 198 199 247
23014 1400 2036 1391 2031
23015 268 261 258 259
23016 8386 8676 8399 8670
23017 173 164 178 163
23018 148 139 132 146
23019 180 166 132 160
23020 164 161 163 155
23021 163 164 178 158
23022 165 166 157 156
23023 10432 10430 10421 10424
23024 180 130 160 132
23025 156 166 157 174
23026 8106 8090 8089 8085
23027 129 146 132 139
23028 5778 5777 5773 5774
23029 176 180 179 172
23030 6616 6619 6620 6626
23031 6804 6808 6799 6800
23032 5723 5726 5725 5719
23033 3558 3576 3550 3578
23034 3267 3194 3268 3190
23035 3299 3297 3312 3409
23036 168 159 160 166
23037 163 167 164 158
23038 3313 3338 3335 3314
23039 8952 8969 8970 8968
23040 11566 11575 11576 11569
23041 3514 3515 3508 3516
23042 1576 1620 1563 1619
23043 3289 3319 3433 3294
23044 157 145 132 129
23045 3508 3559 3552 3578
23046 3836 3843 3848 3842
23047 1908 2827 2826 2821
23048 4924 4921 4922 4920
23049 5111 5099 5112 5118
23050 5712 3513 3511 3509
23051 153 150 146 144
23052 129 145 132 146
23053 137 134 129 139
23054 129 131 132 157
23055 157 166 132 145
23056 132 165 166 157
23057 3410 3580 3416 3573
23058 3283 3309 3310 3312
23059 145 180 132 148
23060 145 166 132 180
23061 497 393 510 392
23062 4169 4163 4240 4164
23063 3404 3413 3442 3411
23064 3296 3288 3293 3287
23065 133 160 130 132
23066 166 133 132 160
23067 2774 2766 2773 2768
23068 3443 3439 3432 3438
23069 3443 3116 3432 3439
23070 6589 6588 6591 7168
23071 3411 3412 3405 3415
23072 3405 3415 3406 3409
23073 3439 3440 3434 3438
23074 3441 3436 3442 3440
23075 3517 3533 3512 3519
23076 3111 3443 3115 3116
23077 3404 3442 3436 3411
23078 3555 3285 5780 3547
23079 5679 5673 5653 5651
23080 3407 3297 3409 3405
23081 3309 3305 3306 3311
23082 232 229 231 223
23083 4188 4192 4184 4187
23084 3846 3855 4019 4025
23085 9392 9394 9393 9385
23086 3325 3431 3317 3324
23087 3112 3432 3435 3431
23088 3114 3126 3130 3122
23089 177 148 180 143
23090 5726 5717 5714 5718
23091 3416 3575 3573 3580
23092 3512 3513 3509 3510
23093 3114 3115 3109 3107
23094 6373 6340 6369 6380
23095 3535 3542 5720 3537
23096 5722 3537 5720 3542
23097 6986 6981 6984 6983
23098 4013 4006 4010 4005
23099 4022 4029 4020 4018
23100 5656 5654 5650 5646
23101 6608 6614 6613 6602
23102 5690 5684 5702 5689
23103 5662 5666 5664 5660
23104 3557 3556 3551 3552
23105 6941 6940 6990 6987
23106 4016 3839 4025 4023
23107 6941 6991 6990 6948
23108 3511 3507 3509 3510
23109 3112 3431 3324 3110
23110 5637 5623 5622 5634
23111 3433 3431 3435 3434
23112 6616 6607 6602 6609
23113 3855 3851 4025 3846
23114 3557 3555 5783 3551
23115 6642 6932 6933 6937
23116 3547 5772 5780 5776
23117 7301 7298 7329 7292
23118 6571 6634 6633 6628
23119 9503 9507 9501 11507
23120 5720 3542 5726 5722
23121 6613 6662 6608 6601
23122 4221 4224 4199 4223
23123 6937 6648 6642 6644
23124 9568 9566 11618 9557
23125 6930 7191 6928 6934
23126 6813 6821 6626 6811
23127 5643 5696 5650 5644
23128 7198 7193 7197 7195
23129 10192 10199 10196 10191
23130 6797 6610 6606 6607
23131 6641 6936 6932 6937
23132 6640 6638 6625 6632
23133 6587 6612 6622 6603
23134 11605 11613 11606 11596
23135 7190 7187 7188 7193
23136 6700 6661 6692 6696
23137 6958 6954 6955 6956
23138 4803 4800 4802 4799
23139 8958 8963 8953 8962
23140 6643 6635 6631 6629
23141 6626 6624 6614 6619
23142 6593 6667 6668 6655
23143 6672 6663 6676 6655
23144 6587 6586 6578 6577
23145 6671 6675 6678 6677
23146 6601 6693 6608 6606
23147 6606 6609 6608 6602
23148 6947 6955 6945 6954
23149 6364 6342 6355 6380
23150 710 709 691 712
23151 6785 6609 6610 6607
23152 6691 6657 6659 6685
23153 6640 6639 6632 6902
23154 6161 6169 6184 6160
23155 6670 6667 6668 6666
23156 6931 6960 6933 6938
23157 10384 10309 10311 10317
23158 1396 1103 1397 1096
23159 7267 7279 7278 7282
23160 6813 6607 6812 6616
23161 6793 6824 6784 6788
23162 9513 9516 9510 9502
23163 6938 6960 6933 6939
23164 5699 5695 5694 5697
23165 6817 6824 6812 6820
23166 6590 6593 6591 6576
23167 6820 6813 6785 6812
23168 9567 9513 9566 9557
23169 7129 6946 7133 7126
23170 6812 6785 6784 6607
23171 6735 6734 6738 6739
23172 6640 6902 6632 6816
23173 9507 11516 9501 11507
23174 6630 6634 6629 6635
23175 6633 6635 6644 6629
23176 6641 6644 6629 6633
23177 6713 6707 6711 6705
23178 6618 6619 6617 6624
23179 9517 9516 9521 9524
23180 656 655 710 419
23181 6609 6626 6614 6616
23182 7134 7131 7133 7130
23183 6636 6638 6637 6630
23184 6709 6711 6705 6713
23185 6980 7216 7008 6983
23186 6928 6927 6930 6931
23187 6937 6934 6936 6932
23188 3515 3533 3510 3517
23189 6980 6982 6984 7011
23190 6806 6803 6808 6704
23191 6929 6958 6954 6931
23192 6958 6960 6931 6938
23193 6932 6936 7196 6934
23194 6982 7017 7011 6966
23195 6954 6931 6945 6944
23196 6969 6991 6988 6972
23197 6991 6972 6941 6988
23198 6814 6817 6811 6818
23199 6714 6704 6699 6803
23200 6958 6929 6956 6938
23201 6937 6939 6933 6642
23202 6610 6609 6606 6607
23203 6985 6981 6983 7221
23204 6989 7224 7124 7127
23205 6602 6607 6606 6609
23206 7017 6982 6967 6966
23207 10812 10810 10383 10807
23208 7134 7130 7133 7132
23209 6939 6648 6642 6937
23210 6939 6645 6642 6648
23211 6655 6586 6585 6576
23212 6989 6940 6943 6942
23213 6981 6980 6983 7219
23214 6377 6548 6546 6541
23215 6936 6644 6641 6633
23216 11616 11620 11618 11619
23217 6812 6824 6784 6820
23218 6635 6651 6649 6631
23219 6614 6619 6616 6626
23220 4281 4286 4276 4298
23221 6986 6991 6990 6988
23222 6647 6902 6631 6639
23223 6989 6940 6990 6943
23224 6813 6607 6616 6609
23225 6642 6644 6641 6937
23226 6936 6937 6641 6644
23227 6618 6638 6632 6625
23228 6805 6797 6800 6784
23229 6941 6988 6990 6991
23230 6943 6940 6990 6941
23231 6943 6951 6947 6941
23232 6697 6606 6608 6693
23233 6603 6612 6605 6604
23234 6625 6623 6624 6618
23235 6648 6646 6643 6649
23236 6690 6685 6689 6688
23237 6655 6576 6585 6668
23238 6784 6788 6800 6793
23239 6701 6695 6697 6694
23240 6615 6618 6617 6623
23241 6806 6714 6803 6704
23242 6818 6817 6812 6820
23243 6624 6625 6618 6619
23244 6637 6638 6631 6630
23245 6642 6646 6643 6648
23246 9502 9511 9513 9522
23247 6648 6644 6643 6642
23248 11630 11621 11609 11629
23249 9569 11618 9557 9568
23250 6812 6813 6811 6818
23251 6626 6813 6811 6616
23252 6791 6802 6789 6786
23253 6631 6638 6632 6630
23254 9522 9557 9524 9565
23255 6610 6805 6785 6797
23256 6694 6698 6692 6700
23257 4090 4088 4054 4089
23258 6610 6607 6797 6785
23259 6643 6647 6631 6649
23260 9502 9512 9513 9511
23261 6616 6626 6620 6811
23262 6626 6821 6620 6811
23263 6632 6816 6620 6640
23264 6619 6625 6620 6626
23265 6640 6816 6620 6821
23266 6811 6821 6620 6816
23267 9511 11610 9513 9557
23268 6812 6820 6784 6785
23269 6804 6791 6800 6786
23270 9557 11610 11619 11615
23271 6791 6787 6786 6789
23272 6793 6785 6805 6784
23273 6820 6824 6784 6793
23274 4229 4241 4234 4230
23275 6010 6006 6004 6012
23276 824 819 825 818
23277 6786 6804 6798 6800
23278 11578 11575 11371 11570
23279 6791 6788 6786 6787
23280 11613 11617 11630 11609
23281 9501 11505 9500 9503
23282 6804 6786 6798 6802
23283 6798 6804 6799 6800
23284 6624 6612 6605 6617
23285 6799 6804 6803 6808
23286 6809 6804 6810 6807
23287 6810 6805 6808 6800
23288 6793 6788 6800 6810
23289 6798 6803 6710 6799
23290 5657 5689 5700 5660
23291 6698 6699 6709 6714
23292 10662 10644 10667 10661
23293 11513 11516 11514 11507
23294 6803 6704 6799 6808
23295 6800 6808 6799 6805
23296 5264 5274 5273 5265
23297 6927 6931 6944 6930
23298 7221 7223 6983 6985
23299 3507 5783 3551 3557
23300 6942 6947 6946 6940
23301 6927 6954 6944 6931
23302 6927 6946 6944 6954
23303 6986 6982 6984 6981
23304 6954 6946 6944 6947
23305 9565 9523 9524 9522
23306 6941 6948 6990 6943
23307 9510 9524 9521 9516
23308 8658 8587 8583 8589
23309 9516 9523 9524 9517
23310 6988 6985 6987 6990
23311 3574 3283 3286 3548
23312 6951 6949 6945 6955
23313 6945 6942 6947 6944
23314 6944 6947 6945 6954
23315 6980 6981 6984 6982
23316 6983 6981 6984 6980
23317 6949 6958 6945 6955
23318 6943 6951 6945 6947
23319 1451 1437 1416 1432
23320 6985 6990 6986 6981
23321 6990 6985 6987 6989
23322 7011 7008 7009 6984
23323 4163 4162 4169 4166
23324 3548 3309 3310 3283
23325 5725 5713 5721 5714
23326 3161 3167 3166 3159
23327 4221 4223 4199 4011
23328 3324 3435 3325 3431
23329 690 647 711 726
23330 3835 3832 3844 3949
23331 6360 6364 6355 6362
23332 4183 4174 4182 4175
23333 5712 3507 5707 3509
23334 3513 3511 3509 3510
23335 3109 3125 3126 3105
23336 5781 5775 5695 5706
23337 3842 3853 3848 3834
23338 3106 3107 3109 3111
23339 4830 4833 4893 4827
23340 6624 6622 6612 6617
23341 3439 3112 3116 3432
23342 3432 3439 3435 3434
23343 3439 3440 3435 3434
23344 3548 3283 3310 3410
23345 3409 3407 3405 3415
23346 6791 6802 6786 6804
23347 3550 3554 3573 3581
23348 6855 6871 6856 6869
23349 10951 11124 10950 11027
23350 3580 3575 3573 3581
23351 3306 3310 3309 3312
23352 3289 3437 3294 3433
23353 3312 3410 3409 3310
23354 3297 3293 3295 3299
23355 3550 3581 3573 3576
23356 5725 5713 5714 5717
23357 3557 3559 3552 3508
23358 3519 3513 5718 3512
23359 3542 5724 3540 5720
23360 5720 5719 5726 5724
23361 5726 5718 5714 3512
23362 5716 5718 3513 5714
23363 6025 6536 6024 6535
23364 2463 2461 2476 2455
23365 3542 3537 3512 5722
23366 3542 3533 3512 3537
23367 3542 3519 3512 3533
23368 4187 3857 3847 3664
23369 5997 5994 5901 5999
23370 3408 3307 3406 3409
23371 7218 7220 7222 7223
23372 7017 7011 6966 7016
23373 276 295 289 312
23374 5730 5726 3542 5731
23375 3542 5718 3519 5731
23376 3512 5722 5726 3542
23377 5730 5726 5731 5728
23378 5729 5725 5728 5726
23379 4880 4864 4877 4863
23380 5643 5644 5650 5648
23381 3168 3165 3167 3110
23382 3509 5716 5709 5712
23383 3286 3554 3574 3548
23384 9367 9364 9365 9359
23385 3554 3574 3548 3573
23386 3282 3286 3283 3278
23387 3112 3111 3108 3109
23388 1577 1583 1581 1582
23389 3551 3555 3549 3556
23390 3112 3110 3108 3111
23391 3435 3433 3325 3431
23392 269 262 260 270
23393 3406 3409 3307 3297
23394 3294 3404 3437 3289
23395 3404 3289 3405 3436
23396 9681 9896 8767 9889
23397 3164 3165 3167 3168
23398 3289 3319 3325 3433
23399 3547 3555 3549 3551
23400 3547 3553 3549 3555
23401 3550 3554 3549 3548
23402 3573 3410 3310 3408
23403 3552 3556 3549 3550
23404 5714 5722 5721 5726
23405 3295 3294 3288 3289
23406 3548 3410 3310 3573
23407 3553 3556 3554 3549
23408 3551 3556 3549 3552
23409 3550 3556 3549 3554
23410 3278 3547 3285 3553
23411 3325 3321 3324 3317
23412 3307 3312 3296 3297
23413 4221 4011 4199 4014
23414 4028 4031 4039 4029
23415 3321 3168 3167 3324
23416 5688 5725 5690 5683
23417 5685 5683 5682 5690
23418 4121 4130 4128 4129
23419 3164 3159 3166 3167
23420 6359 6362 6356 6360
23421 6379 6380 6355 6373
23422 3324 3168 3167 3110
23423 11125 11121 11115 11123
23424 5768 5779 5770 5771
23425 7262 7205 7209 7202
23426 6354 6379 6355 6372
23427 5683 5688 5682 5690
23428 5763 5766 5764 5760
23429 3293 3297 3288 3296
23430 2035 1400 1383 2031
23431 4103 4102 4104 4166
23432 5689 5684 5682 5690
23433 3942 3939 3946 3948
23434 3961 3950 3946 3954
23435 4097 4005 4013 4009
23436 3549 3547 3278 3553
23437 3549 3553 3278 3548
23438 3275 5829 3274 3279
23439 6679 6675 6678 6671
23440 5705 5703 5704 5702
23441 5714 5713 5709 5716
23442 5714 5716 5709 3509
23443 7263 7248 7264 7259
23444 5776 3555 5780 3547
23445 5725 5713 5690 5685
23446 3298 3304 3311 3296
23447 3278 3282 3276 3309
23448 5647 5644 5646 5648
23449 3944 3940 3946 3939
23450 7017 6982 6984 6967
23451 5690 5684 5682 5685
23452 5708 5702 5697 5703
23453 6712 6714 6709 6710
23454 163 239 241 264
23455 4101 4098 4096 4099
23456 3300 3290 3348 3314
23457 5741 5767 5765 5736
23458 5695 5708 5697 5710
23459 10535 10539 10537 10532
23460 5781 5706 5695 5710
23461 5781 5778 5695 5774
23462 3277 5772 5761 5770
23463 10815 10359 10361 10367
23464 3312 3306 3311 3309
23465 3320 3315 3166 3321
23466 3316 3322 3313 3318
23467 5700 5701 5696 5697
23468 6932 6934 7194 6930
23469 3276 3278 3277 3282
23470 3274 3280 3302 3305
23471 3274 3280 3275 3279
23472 2876 2881 2875 2880
23473 3296 3312 3311 3298
23474 5695 5710 5697 5699
23475 5689 5686 5687 5680
23476 3005 3003 3444 3008
23477 3517 3539 3518 3533
23478 3302 3308 3303 3301
23479 4005 4003 4010 4009
23480 4017 4023 4091 4015
23481 3341 3301 3302 3349
23482 3274 3279 3302 3280
23483 4030 4032 4039 4033
23484 3167 3321 3166 3168
23485 3315 3168 3166 3321
23486 7240 7264 7257 7243
23487 7262 7202 7212 7205
23488 7257 7256 7262 7264
23489 7213 7227 7235 7205
23490 6704 6703 6699 6799
23491 6799 6703 6695 6797
23492 5700 5703 5697 5702
23493 5706 5776 5782 5775
23494 6803 6704 6699 6799
23495 6699 6799 6710 6803
23496 6587 6583 6586 6577
23497 7222 7220 7136 7146
23498 11176 11187 11183 11177
23499 9507 11510 11511 11509
23500 6630 6634 6628 6629
23501 7224 7222 7146 7220
23502 6606 6797 6695 6610
23503 7124 7127 7123 7126
23504 7276 7271 7272 7275
23505 6357 6345 6360 6364
23506 7283 7267 8573 8569
23507 11621 11630 11609 11613
23508 6801 6803 6710 6798
23509 6803 6712 6801 6710
23510 4517 4500 4502 4513
23511 6623 6636 6615 6630
23512 11523 11528 11527 11521
23513 8637 8630 8634 8640
23514 3938 3954 3947 3945
23515 6617 6612 6605 6603
23516 11498 11495 11492 11497
23517 6713 6714 6698 6709
23518 6930 7134 7131 6927
23519 6666 6593 6668 6592
23520 3925 3929 4085 3935
23521 6674 6671 6677 6675
23522 6624 6623 6617 6618
23523 199 200 209 196
23524 7145 7132 7184 7142
23525 6744 6742 6731 6743
23526 6662 6693 6654 6658
23527 6602 6614 6605 6619
23528 6587 6603 6578 6611
23529 6711 6714 6713 6709
23530 7134 6930 7131 7194
23531 10275 10341 10338 10335
23532 5691 5689 5692 5665
23533 6721 6688 6723 6722
23534 6703 6610 6695 6797
23535 3304 3305 3302 3280
23536 6568 6587 6577 6574
23537 7164 7171 7172 7163
23538 6704 6701 6702 6699
23539 2814 2816 2786 2804
23540 6699 6703 6701 6695
23541 5664 5659 5656 5663
23542 6615 6634 6628 6630
23543 7194 7189 7134 7191
23544 6699 6703 6695 6799
23545 6718 6735 6721 6720
23546 5779 5782 5780 5775
23547 7127 7129 7126 6942
23548 6636 6634 6615 6630
23549 6270 6266 6264 6268
23550 7154 7151 7153 7155
23551 6616 6614 6602 6619
23552 6667 6593 6668 6666
23553 6568 6572 6565 6567
23554 6619 6614 6605 6624
23555 6662 6693 6608 6601
23556 6580 6585 6582 6575
23557 6633 6936 6627 6641
23558 6628 6633 6627 6629
23559 6566 6627 6571 7199
23560 6302 6306 6303 6304
23561 8631 8638 8628 8639
23562 9508 9507 9501 9503
23563 6641 7196 6932 6936
23564 4171 4143 4146 4139
23565 11624 11594 11626 11586
23566 7175 7174 7173 7118
23567 7221 7223 7224 7220
23568 7127 6942 7126 6989
23569 6940 6989 7126 6942
23570 7128 7133 7132 7125
23571 6563 7163 7172 6588
23572 11608 11610 9557 11615
23573 5783 5776 5782 5707
23574 7189 7130 7134 7132
23575 7131 6927 7133 6946
23576 7126 6989 7124 7127
23577 6940 6989 7124 7126
23578 6940 6987 7124 6989
23579 1374 1370 1373 1367
23580 6987 7224 7124 6989
23581 3300 3292 3304 3301
23582 7224 6989 6985 7221
23583 8402 8667 8400 8395
23584 8970 9079 8952 9072
23585 6566 6628 6571 6627
23586 7194 7193 7198 7196
23587 7131 7130 7134 7194
23588 7159 7158 6564 7156
23589 7195 7159 7156 7197
23590 7156 6566 6564 7159
23591 5701 5699 5696 5697
23592 7124 7146 7127 7224
23593 7146 7127 7224 7220
23594 7127 7220 7221 7224
23595 7124 7146 7123 7127
23596 6938 6963 6960 6939
23597 3303 3280 3302 3279
23598 5670 5667 5673 5645
23599 7147 7128 7125 7129
23600 7123 7147 7125 7127
23601 7123 7127 7125 7126
23602 7126 7127 7125 7129
23603 7147 7129 7125 7127
23604 4116 4098 4097 4093
23605 6132 6122 6124 6131
23606 7134 6927 7133 7131
23607 9493 9665 9663 9492
23608 6611 6613 6612 6604
23609 6628 6633 6571 6627
23610 6589 6590 6591 6588
23611 6662 6658 6696 6693
23612 6693 6658 6696 6694
23613 6698 6714 6702 6699
23614 6694 6699 6701 6695
23615 6605 6602 6613 6614
23616 6575 6584 6579 6580
23617 7123 7147 7140 7125
23618 5644 5694 5698 5748
23619 6716 6713 6702 6715
23620 6627 6936 7199 7196
23621 6698 6699 6701 6694
23622 6702 6699 6701 6698
23623 11603 11591 11587 11604
23624 7636 7653 7646 7649
23625 6621 6572 6574 6568
23626 6727 6721 6723 6722
23627 6662 6697 6608 6693
23628 6701 6694 6700 6698
23629 4608 4546 4503 4539
23630 7165 7155 7153 7161
23631 6702 6700 6717 6698
23632 6696 6701 6697 6694
23633 6574 6622 6621 6568
23634 6636 6573 6621 6615
23635 6617 6623 6622 6615
23636 5832 3345 5830 3344
23637 6727 6726 6724 6721
23638 5710 5715 5711 5708
23639 3284 3553 3286 3278
23640 7232 7112 7110 7117
23641 5690 5702 5705 5704
23642 3663 3659 3656 3662
23643 7156 7155 7192 7157
23644 6599 6591 6598 6575
23645 6696 6660 6661 6658
23646 6597 6563 7172 6588
23647 111 218 210 212
23648 6568 6621 6573 6615
23649 7154 7155 7153 7165
23650 6570 6573 6571 6567
23651 5711 5708 5715 5709
23652 6628 6615 6573 6634
23653 5759 3279 5835 5829
23654 3277 3278 3284 3282
23655 8100 8584 8578 8108
23656 11281 11259 11264 11258
23657 6577 6581 6565 6572
23658 6568 6603 6622 6617
23659 6587 6603 6622 6568
23660 6612 6614 6624 6605
23661 6627 7195 7196 7199
23662 6605 6612 6613 6604
23663 6605 6601 6613 6602
23664 10993 11005 10994 10987
23665 6633 6936 7199 6627
23666 6604 6601 6613 6605
23667 6665 6601 6613 6604
23668 6567 6568 6573 6615
23669 6567 6572 6573 6568
23670 6613 6601 6608 6602
23671 6602 6601 6608 6606
23672 7194 7196 7198 6934
23673 3319 3433 3317 3325
23674 5717 5715 5705 5713
23675 6628 6567 6571 6573
23676 5689 5692 5666 5704
23677 6567 6628 6571 6566
23678 6936 7198 7199 7196
23679 5711 5707 5782 5706
23680 7199 7197 7159 7195
23681 6566 6570 6571 6567
23682 7275 7255 7260 7206
23683 7196 7193 7198 7195
23684 6656 6663 6578 6611
23685 4148 4156 4154 4147
23686 6640 6822 6816 6821
23687 7199 7195 7159 6566
23688 7161 7155 7153 7151
23689 4451 4456 4455 4442
23690 1541 1544 1543 1540
23691 6679 6672 6676 6671
23692 6571 6566 7159 6570
23693 7199 6566 7159 6571
23694 7194 7190 7191 7198
23695 7144 7141 7139 7142
23696 7195 7193 7197 7192
23697 5690 5713 5705 5702
23698 5662 5666 5660 5665
23699 3304 3311 3280 3308
23700 3358 3365 3356 3355
23701 7157 7192 7156 7197
23702 5711 5783 5782 5707
23703 5689 5690 5704 5702
23704 5706 5775 5782 5781
23705 5709 5712 5711 5707
23706 5716 5711 5715 5709
23707 5725 5713 5705 5690
23708 5691 5693 5692 5690
23709 9588 9552 9614 9579
23710 4373 4370 4371 4368
23711 8599 7266 7273 7267
23712 5725 5717 5705 5713
23713 5027 5020 5026 5017
23714 5601 5595 5597 5592
23715 5705 5693 5717 5725
23716 5780 5783 3555 5776
23717 5707 5776 5782 5706
23718 5780 5775 5782 5776
23719 3324 3168 3317 3321
23720 5713 5716 5715 5709
23721 5708 5706 5711 5710
23722 5708 5709 5711 5706
23723 5703 5702 5715 5708
23724 5713 5708 5715 5702
23725 3295 3291 3293 3288
23726 3316 3323 3318 3319
23727 3306 3312 3311 3296
23728 3277 3547 3285 3278
23729 3277 5772 3285 3547
23730 4918 5002 4916 4913
23731 1114 1115 1108 1111
23732 5770 5780 3285 5772
23733 5769 3285 3284 3277
23734 3285 3277 5770 5772
23735 3287 3291 3290 3318
23736 5829 3279 5835 3350
23737 3317 3323 3316 3319
23738 3322 3287 3314 3318
23739 3320 3321 3316 3315
23740 3320 3323 3322 3316
23741 3317 3321 3316 3323
23742 3288 3323 3318 3322
23743 3319 3323 3318 3288
23744 4117 4144 4140 4136
23745 2084 2086 2085 2079
23746 263 262 264 241
23747 263 163 270 241
23748 3277 3282 3281 3276
23749 3300 3304 3302 3301
23750 3225 3226 3995 3224
23751 1395 1396 1392 1401
23752 220 262 240 234
23753 3300 3314 3359 3338
23754 3320 3322 3313 3316
23755 3276 3277 3275 3281
23756 3320 3323 3316 3321
23757 5775 5779 5771 5772
23758 1115 1128 1114 1122
23759 3335 3338 3359 3314
23760 2039 2034 2035 2038
23761 5760 5764 5763 5759
23762 5774 5775 5695 5781
23763 5672 5669 5659 5655
23764 7285 7274 7265 7284
23765 3339 3340 3344 3365
23766 5660 5657 5654 5700
23767 3280 3282 3276 3281
23768 8563 8532 8545 8554
23769 3280 3276 3275 3281
23770 5734 5745 5736 5735
23771 238 233 240 234
23772 223 230 220 222
23773 5658 5660 5659 5655
23774 1145 1133 1143 1152
23775 5774 5779 5771 5775
23776 5761 5764 3275 3281
23777 5704 5703 5700 5702
23778 5777 5768 5762 5771
23779 7210 7226 7203 7204
23780 5694 5697 5696 5699
23781 5699 5781 5778 5695
23782 7213 7217 7212 7235
23783 3259 3153 3152 3255
23784 6681 6680 6685 6683
23785 7193 7188 7190 7197
23786 7197 7188 7157 7192
23787 6567 6570 6564 6566
23788 7142 7140 7139 7144
23789 6604 6665 6654 6656
23790 6569 6563 6565 6564
23791 5679 5663 5653 5678
23792 4476 4478 4494 4470
23793 6569 6572 6570 6565
23794 6678 6685 6687 6681
23795 6723 6688 6689 6722
23796 6685 6657 6659 6653
23797 6669 6681 6671 6670
23798 5671 5659 5673 5672
23799 6705 6713 6706 6698
23800 6599 6575 6579 6580
23801 6698 6709 6705 6713
23802 6577 6581 6594 6565
23803 6721 6739 6725 6727
23804 7142 7147 7144 7128
23805 6696 6694 6692 6700
23806 7160 7161 7151 7178
23807 6690 6688 6689 6723
23808 4664 4661 4662 4656
23809 6700 6661 6729 6692
23810 6691 6687 6690 6685
23811 7232 7117 7110 7109
23812 6323 6315 6325 6317
23813 7238 7146 7136 7138
23814 7140 7147 7144 7142
23815 6728 6688 6723 6718
23816 6728 6718 6723 6721
23817 3274 3279 5829 3350
23818 6741 6740 6742 6733
23819 7140 7147 7142 7125
23820 9914 9881 9880 9878
23821 5781 5777 5774 5779
23822 5762 5774 5773 5777
23823 6305 6312 7247 6307
23824 7264 7217 7212 7243
23825 7130 7145 7132 7186
23826 7145 7141 7142 7184
23827 6564 6567 6565 6570
23828 6577 6572 6565 6568
23829 7158 7159 6564 6570
23830 6566 6570 6564 7159
23831 7142 7132 7125 7128
23832 7136 7238 7236 7237
23833 7123 7138 7140 7147
23834 7235 7213 7231 7227
23835 5695 5778 5694 5774
23836 7218 7231 7215 7222
23837 6715 6708 6713 6717
23838 7268 7275 7272 7271
23839 6705 6708 6740 6706
23840 6603 6604 6578 6611
23841 7137 7117 7135 7120
23842 6604 6601 6654 6665
23843 6611 6586 6663 6578
23844 6676 6664 6663 6672
23845 2620 2681 2688 2687
23846 6656 6611 6578 6604
23847 7394 7391 7420 7385
23848 6660 6664 6653 6654
23849 9982 9988 9985 9987
23850 6574 6581 6583 6577
23851 6574 6572 6577 6568
23852 6663 6665 6611 6656
23853 6601 6693 6654 6662
23854 6665 6601 6654 6662
23855 6692 6698 6706 6700
23856 6692 6700 6706 6729
23857 6717 6698 6706 6713
23858 11524 11525 11520 11526
23859 6700 6698 6706 6717
23860 6729 6717 6700 6706
23861 6715 6708 6717 6744
23862 7254 7263 7261 7256
23863 7187 7184 7181 7186
23864 4143 4146 4139 4145
23865 7222 7146 7136 7238
23866 7137 7144 7138 7135
23867 7262 7217 7235 7212
23868 3314 3290 3318 3287
23869 7237 7220 7136 7222
23870 7130 7193 7186 7189
23871 7184 7189 7186 7187
23872 7130 7145 7128 7132
23873 7132 7189 7186 7184
23874 7132 7130 7186 7189
23875 5766 5770 5769 5761
23876 4112 4095 4094 4093
23877 5781 5779 5774 5775
23878 5781 5777 5778 5774
23879 228 230 237 221
23880 5643 5644 5641 5748
23881 10950 10954 10951 10946
23882 5689 5660 5680 5681
23883 5702 5684 5700 5689
23884 5701 5704 5703 5700
23885 5659 5669 5671 5678
23886 3276 3274 3305 3280
23887 5771 5770 5761 5772
23888 5826 5825 5830 5828
23889 3347 3341 3359 3365
23890 5771 5768 5761 5770
23891 6536 6526 6528 6533
23892 5704 5702 5700 5689
23893 4100 4096 4098 4093
23894 3314 3338 3300 3287
23895 10849 10851 10850 10841
23896 3166 3320 3331 3315
23897 5646 5654 5650 5696
23898 7267 7266 7265 7279
23899 5828 5759 5732 5835
23900 5769 3277 5761 5770
23901 4133 4117 4140 4136
23902 5749 5748 5641 5644
23903 3353 3330 3328 3336
23904 5761 5764 5759 3275
23905 11642 11601 11595 11636
23906 5678 5668 5676 5669
23907 5835 5733 5763 5759
23908 6665 6660 6662 6654
23909 10773 10849 10768 10762
23910 5835 5764 3279 5759
23911 1595 1475 1474 1590
23912 4092 4089 4090 4087
23913 7255 7257 7256 7262
23914 3250 3266 3260 3273
23915 3255 3144 3146 3145
23916 5835 5828 5834 5732
23917 3352 3353 3328 3360
23918 2803 2800 2802 2796
23919 5681 5684 5680 5689
23920 7141 7144 7139 7143
23921 7222 7238 7136 7237
23922 5764 3279 5759 3275
23923 7114 7112 7110 7232
23924 7147 7138 7140 7144
23925 3944 3939 3946 3942
23926 7256 7240 7259 7264
23927 5660 5681 5655 5680
23928 5655 5660 5672 5681
23929 4160 4095 4140 4159
23930 7213 7214 7212 7217
23931 5979 5927 5963 5938
23932 11490 11493 11492 11491
23933 5771 5768 5760 5761
23934 30 5 29 4
23935 3169 3178 3170 3179
23936 3145 3132 3137 3142
23937 8958 8963 8959 8953
23938 3158 3161 3156 3159
23939 9017 9027 9029 9011
23940 3355 3353 3356 3354
23941 270 158 236 163
23942 3349 3303 3301 3302
23943 3174 3175 3170 3179
23944 5676 5659 5678 5669
23945 2142 2143 2134 2148
23946 3348 3341 3301 3300
23947 5759 5761 5760 5764
23948 5766 5764 5760 5761
23949 5768 5766 5760 5761
23950 240 235 241 269
23951 5700 5657 5654 5701
23952 5681 5660 5654 5700
23953 5672 5660 5659 5654
23954 5648 5656 5650 5646
23955 5642 5644 5641 5643
23956 5654 5701 5696 5700
23957 6739 6732 6738 6737
23958 5744 5742 5747 5754
23959 5760 5733 5732 5759
23960 3360 3353 3328 3361
23961 5825 5827 5830 5828
23962 5841 5837 5865 5842
23963 3362 3353 3363 3365
23964 3341 3340 3363 3365
23965 7225 7226 7232 7229
23966 7143 7117 7119 7122
23967 7254 7256 7261 7291
23968 1387 2031 2035 1383
23969 3933 3931 3927 3917
23970 5748 5696 5643 5644
23971 5736 5745 5747 5735
23972 5659 5672 5671 5669
23973 5670 5677 5671 5678
23974 5678 5669 5677 5668
23975 3330 3337 3334 3331
23976 5679 5663 5678 5661
23977 5654 5701 5650 5696
23978 7171 7155 7165 7164
23979 10978 10945 10973 10969
23980 5746 5754 5747 5757
23981 3341 3365 3347 3340
23982 3359 3364 3358 3365
23983 5677 5678 5670 5669
23984 3142 3132 3140 3150
23985 9004 9016 9028 9010
23986 5757 5762 5747 5746
23987 5732 5833 5830 5733
23988 5732 5760 5735 5733
23989 5732 5733 5735 5734
23990 5828 5833 5830 5732
23991 3178 3256 3273 3169
23992 5835 3279 3351 3350
23993 247 245 198 246
23994 3362 3365 3363 3340
23995 4074 4072 4069 3919
23996 5677 5669 5670 5668
23997 3359 3364 3356 3358
23998 5826 3351 5835 5832
23999 5746 5751 5747 5754
24000 5746 5745 5747 5750
24001 3350 3303 3351 3349
24002 5827 5833 5830 5828
24003 3362 3353 3361 3363
24004 3362 3353 3360 3361
24005 7210 7233 7211 7232
24006 190 202 201 188
24007 3255 3153 3146 3256
24008 3149 3150 3154 3145
24009 3149 3145 3154 3153
24010 259 266 211 258
24011 5725 5729 5693 5717
24012 203 206 205 200
24013 3141 3150 3155 3156
24014 6600 6583 6576 6582
24015 7109 7117 7110 7112
24016 7178 7177 7175 7176
24017 7120 7238 7135 7138
24018 7137 7117 7139 7143
24019 7116 7114 7115 7117
24020 7112 7143 7122 7117
24021 5837 5838 5865 5843
24022 7287 7291 7290 7255
24023 7281 7291 7285 7284
24024 6513 6516 6512 6523
24025 4132 4111 4136 4133
24026 7155 7157 7164 7171
24027 7214 7217 7213 7215
24028 7186 7180 7145 7184
24029 5748 5756 5753 5644
24030 6600 6583 6581 6576
24031 5674 5659 5673 5678
24032 7175 7174 7118 7119
24033 11519 11531 11512 11529
24034 7144 7141 7145 7143
24035 7257 7202 7212 7262
24036 3364 3338 3359 3335
24037 5778 5698 5699 5694
24038 7182 7174 7173 7175
24039 7150 7179 7185 7182
24040 7155 7181 7185 7151
24041 6317 7266 6323 8599
24042 11502 11500 11501 11499
24043 7236 7238 7135 7120
24044 6744 6742 6708 6731
24045 6731 6728 6730 6720
24046 6707 6708 6740 6705
24047 11183 10448 10397 10446
24048 6706 6731 6720 6729
24049 6653 6664 6672 6656
24050 6708 6706 6720 6740
24051 6708 6731 6720 6706
24052 6737 6742 6739 6733
24053 6733 6740 6742 6720
24054 11495 11580 11499 11500
24055 6679 6681 6659 6653
24056 11606 11604 11605 11585
24057 6718 6683 6719 6688
24058 7183 7182 7185 7179
24059 7171 7158 7157 7164
24060 322 325 641 315
24061 11627 11580 11594 11624
24062 6719 6720 6728 6729
24063 6732 6737 6739 6733
24064 1854 1852 1841 1845
24065 11506 11531 11512 11519
24066 6735 6734 6739 6733
24067 11621 11516 11514 11513
24068 6656 6664 6672 6663
24069 3243 3242 3244 3265
24070 6723 6730 6728 6721
24071 6682 6683 6685 6680
24072 3938 3962 3947 3954
24073 6589 6593 6591 6590
24074 6733 6732 6738 6739
24075 6733 6734 6738 6732
24076 6739 6734 6738 6733
24077 6692 6729 6719 6661
24078 6653 6658 6657 6660
24079 5673 5659 5656 5654
24080 6576 6578 6655 6586
24081 6688 6683 6682 6684
24082 1272 1332 1271 1331
24083 6654 6658 6653 6660
24084 11587 11588 11591 11590
24085 6656 6663 6655 6578
24086 6670 6666 6671 6669
24087 6718 6688 6721 6684
24088 7268 7267 7265 7279
24089 6706 6729 6719 6692
24090 6720 6729 6719 6706
24091 6668 6673 6575 6584
24092 6663 6586 6655 6578
24093 7179 7177 7175 7178
24094 6669 6680 6671 6681
24095 6672 6681 6679 6653
24096 6668 6671 6674 6675
24097 11593 11502 11499 11580
24098 6585 6576 6582 6575
24099 5696 5699 5698 5694
24100 11526 11521 11520 11524
24101 8571 8572 8565 8566
24102 7114 7117 7137 7120
24103 5746 5751 5754 5750
24104 7137 7114 7116 7117
24105 5694 5644 5698 5696
24106 6719 6683 6657 6688
24107 6576 6593 6575 6668
24108 6589 6592 6591 6593
24109 6708 6741 6707 6740
24110 6660 6658 6657 6661
24111 6654 6664 6653 6656
24112 7183 7179 7185 7181
24113 6576 6581 6594 6577
24114 8707 8745 8733 8671
24115 6733 6735 6742 6739
24116 6733 6720 6742 6735
24117 6685 6681 6671 6680
24118 6739 6735 6721 6738
24119 9754 9757 9756 9749
24120 6668 6593 6575 6592
24121 6591 6592 6575 6593
24122 5732 5733 5834 5835
24123 7153 7151 7152 7165
24124 7264 7243 7212 7257
24125 7107 6895 7108 7102
24126 7140 7137 7139 7144
24127 5750 5751 5754 5756
24128 112 123 115 107
24129 7139 7117 7119 7143
24130 3232 3244 3234 3229
24131 6564 7164 7156 7158
24132 7281 7284 7280 7287
24133 6930 6935 6932 6934
24134 7279 7266 7283 7267
24135 2153 2027 2145 2146
24136 7158 6563 7172 6569
24137 5671 5672 5673 5667
24138 1309 1304 1308 1302
24139 6668 6666 6671 6670
24140 5751 5756 5755 5754
24141 6649 6652 6650 6647
24142 5753 5650 5698 5644
24143 7150 7182 7148 7151
24144 7181 7192 7185 7187
24145 6581 6597 6600 6594
24146 7168 7163 7165 7162
24147 6735 6734 6721 6738
24148 7168 7163 7170 7165
24149 7171 7164 7165 7163
24150 6721 6718 6723 6688
24151 5754 5751 5744 5755
24152 7260 7272 7274 7275
24153 5673 5678 5653 5674
24154 7183 7174 7182 7175
24155 5645 5643 5646 5642
24156 7176 7177 7175 7122
24157 7119 7117 7175 7122
24158 7122 7121 7175 7176
24159 7122 7117 7175 7121
24160 7122 7177 7175 7180
24161 7119 7122 7175 7143
24162 7163 7161 7165 7162
24163 7153 7150 7152 7151
24164 7122 7180 7175 7143
24165 7119 7141 7175 7174
24166 7143 7180 7175 7141
24167 7139 7141 7175 7119
24168 7139 7143 7175 7141
24169 7119 7143 7175 7139
24170 7150 7151 7148 7149
24171 7116 7117 7118 7119
24172 7115 7117 7118 7116
24173 7175 7119 7118 7117
24174 7175 7178 7151 7179
24175 7161 7179 7151 7178
24176 7184 7180 7183 7181
24177 5657 5650 5656 5654
24178 7162 7161 7165 7160
24179 7155 7179 7151 7161
24180 7161 7164 7165 7155
24181 7161 7163 7165 7164
24182 7151 7160 7165 7161
24183 7181 7179 7151 7155
24184 6594 6576 6600 6581
24185 7151 7179 7182 7175
24186 7175 7179 7182 7177
24187 5753 5758 5756 5748
24188 7151 7179 7150 7182
24189 6538 8641 8634 6374
24190 7489 7491 7490 7486
24191 7187 7184 7183 7181
24192 5751 5750 5747 5745
24193 5654 5672 5673 5659
24194 6727 6721 6724 6725
24195 5305 5312 5442 5303
24196 7181 7177 7180 7183
24197 7182 7179 7183 7177
24198 7175 7177 7183 7180
24199 7182 7177 7183 7175
24200 7155 7192 7185 7181
24201 7151 7179 7185 7150
24202 7151 7181 7185 7179
24203 6739 6721 6725 6738
24204 5703 5699 5701 5697
24205 7167 7172 7163 7170
24206 839 827 840 832
24207 6721 6738 6724 6725
24208 6743 6739 6742 6730
24209 6657 6681 6685 6683
24210 6586 6582 6585 6576
24211 3341 3350 3349 3302
24212 6657 6653 6685 6681
24213 6653 6664 6679 6672
24214 6739 6730 6721 6742
24215 6742 6735 6721 6739
24216 6728 6720 6721 6730
24217 6719 6720 6721 6728
24218 6719 6718 6721 6720
24219 6728 6718 6721 6719
24220 6742 6720 6721 6735
24221 6730 6720 6721 6742
24222 6721 6726 6722 6727
24223 3342 3344 3343 3365
24224 629 620 615 622
24225 3344 5825 5830 5826
24226 6582 6599 6580 6575
24227 6679 6687 6659 6681
24228 8413 8427 8421 8419
24229 6659 6661 6660 6657
24230 5732 5828 5834 5733
24231 6685 6688 6690 6683
24232 1514 1508 1510 1507
24233 6582 6576 6600 6575
24234 6675 6673 6674 6668
24235 6575 6673 6579 6584
24236 6686 6685 6687 6671
24237 10565 10561 10554 10564
24238 6686 6690 6687 6685
24239 6668 6670 6675 6667
24240 6671 6670 6675 6668
24241 5739 5765 5763 5736
24242 3169 3179 3170 3172
24243 6593 6591 6599 6575
24244 6686 6671 6687 6678
24245 6678 6671 6687 6685
24246 6690 6685 6686 6689
24247 3337 3322 3338 3313
24248 6657 6719 6691 6661
24249 6668 6576 6585 6575
24250 6575 6584 6585 6668
24251 5826 3340 3344 3339
24252 4572 4570 4564 4712
24253 6670 6671 6679 6678
24254 3358 3364 3356 3363
24255 7165 7166 7167 7170
24256 5732 5733 5835 5759
24257 6593 6591 6600 6599
24258 6593 6576 6600 6591
24259 6575 6593 6600 6599
24260 6575 6576 6600 6593
24261 6597 6569 7172 6563
24262 5694 5778 5758 5773
24263 6600 6596 6599 6591
24264 5652 5651 5653 5673
24265 6670 6672 6679 6671
24266 6670 6681 6679 6672
24267 6678 6681 6679 6670
24268 6691 6729 6661 6719
24269 7185 7188 7187 7192
24270 6660 6653 6659 6657
24271 6664 6659 6660 6653
24272 6687 6685 6659 6681
24273 6655 6667 6676 6672
24274 6671 6670 6676 6675
24275 6671 6672 6676 6670
24276 6668 6667 6676 6655
24277 6675 6667 6676 6668
24278 6667 6670 6676 6672
24279 6675 6670 6676 6667
24280 6690 6683 6691 6685
24281 6690 6688 6691 6683
24282 6657 6683 6691 6688
24283 6653 6681 6659 6685
24284 7155 7192 7154 7185
24285 7171 7154 7165 7155
24286 7185 7151 7154 7155
24287 7153 7171 7154 7165
24288 5649 5673 5653 5674
24289 7155 7157 7171 7154
24290 5671 5677 5673 5678
24291 7165 7153 7167 7166
24292 6569 6563 6597 6594
24293 7166 7169 7170 7165
24294 6600 6594 6597 6591
24295 5750 5756 5758 5748
24296 6594 6563 6597 6588
24297 6596 7169 6595 6591
24298 6590 6594 6597 6588
24299 6591 6594 6597 6590
24300 11136 11186 11129 11127
24301 6590 6591 6596 6597
24302 6590 6588 6596 6591
24303 6597 6588 6596 6590
24304 7153 7165 7152 7166
24305 7151 7150 7152 7149
24306 5667 5672 5673 5654
24307 5698 5644 5650 5696
24308 5751 5644 5753 5756
24309 5642 5643 5646 5644
24310 7165 7169 7170 7168
24311 7163 6588 7170 7172
24312 6596 6597 7170 6588
24313 7172 6588 7170 6597
24314 6596 6591 7170 7169
24315 7168 7169 7170 6591
24316 7168 6588 7170 7163
24317 6591 6588 7170 7168
24318 6596 6588 7170 6591
24319 7167 7172 7171 7163
24320 7163 7165 7167 7170
24321 7163 7171 7167 7165
24322 5679 5678 5653 5673
24323 5698 5694 5758 5748
24324 5828 5826 5834 5830
24325 3313 3320 3334 3337
24326 5654 5696 5646 5643
24327 5674 5673 5646 5649
24328 5753 5751 5752 5644
24329 5763 5735 5739 5736
24330 5652 5673 5653 5649
24331 5667 5643 5646 5645
24332 5644 5748 5698 5753
24333 5673 5677 5679 5678
24334 5651 5677 5679 5673
24335 5648 5644 5752 5647
24336 5753 5644 5752 5648
24337 5753 5756 5752 5751
24338 5751 5756 5752 5755
24339 5667 5645 5646 5673
24340 5673 5674 5646 5667
24341 5667 5654 5646 5643
24342 5767 5777 5768 5762
24343 3342 3345 3343 3344
24344 5738 5740 5739 5736
24345 5649 5647 5646 5674
24346 5674 5647 5646 5648
24347 3431 3168 3317 3324
24348 3363 3365 3356 3358
24349 5661 5664 5659 5662
24350 3826 3829 3828 3823
24351 5762 5768 5767 5760
24352 5646 5667 5656 5654
24353 5674 5667 5656 5646
24354 5673 5654 5656 5667
24355 5673 5667 5656 5674
24356 5659 5664 5656 5660
24357 7141 7145 7143 7180
24358 5757 5778 5777 5773
24359 5773 5777 5757 5762
24360 5758 5754 5756 5750
24361 5758 5773 5757 5750
24362 5773 5762 5757 5746
24363 5750 5746 5757 5754
24364 5750 5773 5757 5746
24365 5646 5696 5650 5643
24366 5646 5643 5650 5648
24367 230 227 225 222
24368 5738 5736 5739 5733
24369 5829 5826 5835 5828
24370 5826 5829 5835 3350
24371 3336 3337 3333 3330
24372 5735 5760 5763 5733
24373 2003 1126 2156 2155
24374 3235 3245 3241 3217
24375 3364 3365 3359 3341
24376 3341 3348 3347 3359
24377 3300 3338 3359 3364
24378 3300 3364 3359 3341
24379 3355 3365 3356 3353
24380 9004 9010 8995 8994
24381 8983 9010 9008 9016
24382 230 233 221 223
24383 5765 5768 5766 5760
24384 7084 6978 7085 7083
24385 5735 5745 5747 5746
24386 5754 5751 5747 5744
24387 5746 5750 5747 5751
24388 3337 3338 3335 3313
24389 3363 3365 3358 3364
24390 3355 3365 3357 3358
24391 5826 3350 3344 3340
24392 5735 5733 5736 5734
24393 3341 3350 3344 3349
24394 3341 3340 3344 3350
24395 3347 3344 3349 3341
24396 3347 3340 3344 3341
24397 5732 5733 5830 5828
24398 3363 3353 3356 3365
24399 3361 3353 3356 3363
24400 3335 3353 3356 3336
24401 3361 3336 3356 3353
24402 3361 3364 3363 3356
24403 3335 3336 3356 3364
24404 3337 3320 3334 3331
24405 5737 5733 5834 5830
24406 3357 3365 3342 3358
24407 5830 5733 5834 5828
24408 5832 3345 5831 5830
24409 3344 3340 3343 3365
24410 3347 3340 3343 3344
24411 3347 3365 3343 3340
24412 5760 5767 5736 5765
24413 5763 5760 5736 5765
24414 5763 5735 5736 5760
24415 5767 5736 5743 5747
24416 3250 3273 3260 3256
24417 3331 3320 3334 3315
24418 250 251 248 253
24419 5767 5762 5747 5757
24420 5767 5760 5747 5762
24421 5736 5760 5747 5767
24422 5736 5735 5747 5760
24423 5762 5760 5747 5735
24424 5763 5733 5739 5735
24425 5738 5733 5739 5737
24426 3344 3345 3346 5832
24427 5826 3351 5832 3346
24428 5741 5736 5739 5740
24429 5834 5763 5835 5733
24430 5736 5735 5739 5733
24431 3346 3351 3349 3350
24432 2000 2155 2154 2003
24433 5747 5742 5743 5754
24434 5747 5736 5743 5742
24435 5736 5740 5743 5742
24436 5741 5740 5743 5736
24437 5757 5743 5754 5747
24438 3344 5826 3346 3350
24439 3344 3350 3346 3349
24440 5830 3344 3346 5832
24441 5826 3344 3346 5830
24442 5830 5832 3346 5826
24443 5830 5737 5831 5834
24444 5834 5832 5831 5830
24445 241 234 264 239
24446 237 240 238 233
24447 232 226 227 223
24448 2000 2155 2156 2153
24449 10160 9824 10040 9820
24450 3333 3337 3334 3330
24451 8134 8130 8133 8128
24452 2654 2648 2722 2644
24453 3335 3336 3333 3353
24454 241 163 270 236
24455 3268 3171 3190 3194
24456 3335 3332 3356 3353
24457 114 218 111 212
24458 2028 2011 2156 2000
24459 3250 3169 3268 3273
24460 3356 3353 3332 3354
24461 258 268 260 261
24462 221 233 219 223
24463 230 227 223 232
24464 3326 3332 3327 3353
24465 223 233 220 230
24466 2019 2020 2001 2002
24467 219 223 220 222
24468 219 233 220 223
24469 211 200 217 209
24470 3329 3330 3327 3353
24471 2148 2150 2139 2149
24472 262 234 241 240
24473 1128 1127 1122 1124
24474 240 225 222 230
24475 700 621 603 613
24476 236 269 270 241
24477 7726 7731 7730 7722
24478 268 265 266 258
24479 2027 2030 2028 2033
24480 2003 2000 2156 2012
24481 178 163 263 173
24482 263 178 270 163
24483 2486 2475 2491 2485
24484 3252 3255 3249 3254
24485 9665 9580 9666 9659
24486 2014 2019 2021 2022
24487 262 222 240 269
24488 262 220 240 222
24489 230 222 240 220
24490 225 240 222 269
24491 7548 7535 7563 7543
24492 227 242 232 230
24493 9897 9901 9899 9892
24494 8930 8936 8926 8928
24495 269 262 270 241
24496 263 241 270 262
24497 3174 3158 3175 3181
24498 1364 2031 2064 1387
24499 155 173 263 163
24500 1107 1108 1105 1110
24501 10365 10370 10820 10823
24502 8928 8934 8931 8933
24503 3334 3330 3329 3333
24504 839 830 831 841
24505 4559 4585 4493 4550
24506 3158 3181 3156 3161
24507 178 268 175 261
24508 114 175 259 169
24509 199 246 211 247
24510 243 235 236 241
24511 240 243 241 235
24512 3308 3302 3280 3304
24513 6142 6124 6133 6139
24514 10550 10552 10565 10546
24515 8893 8998 8941 8993
24516 2031 1387 2038 2064
24517 2035 1387 2038 2031
24518 2090 2035 1383 1387
24519 2038 2090 1387 2035
24520 2139 2148 2135 2159
24521 11125 11121 11124 11115
24522 1568 1560 1562 1559
24523 10962 10796 10772 10769
24524 8931 8993 8909 8928
24525 8907 8912 8908 8911
24526 8941 9002 8995 8993
24527 8919 8907 8910 8925
24528 8946 8893 8998 8941
24529 8953 8960 9358 9019
24530 449 436 447 440
24531 8045 8082 8046 8078
24532 9019 8960 9358 9030
24533 6898 6894 6925 6889
24534 1109 1110 1105 1108
24535 9019 9010 9028 9031
24536 2156 2147 1392 2028
24537 8937 8936 8935 8930
24538 9019 9010 8995 9004
24539 500 515 495 499
24540 8941 8954 8995 8948
24541 6690 6728 6691 6688
24542 8984 8989 8986 8988
24543 4249 4207 4203 4208
24544 8938 8930 8931 8928
24545 2012 1124 1126 2003
24546 8913 8934 8893 8909
24547 2037 2032 2029 2030
24548 2001 2006 2007 2005
24549 1204 1215 1203 1214
24550 8953 8958 9019 8964
24551 8996 8997 8992 8984
24552 8938 8937 8932 8930
24553 8936 8920 8935 8930
24554 8924 8920 8935 8936
24555 2064 2038 2032 2065
24556 2006 2005 2001 2004
24557 2038 2018 2037 2032
24558 8930 8920 8926 8936
24559 2011 2005 2010 2001
24560 2022 2016 2021 2014
24561 8933 8996 8992 8931
24562 2001 2020 2007 2002
24563 2166 2161 2159 2160
24564 2037 2039 2038 2034
24565 2002 2006 2007 2001
24566 2019 2013 2033 2029
24567 1094 1119 1125 1099
24568 2014 2015 2013 2019
24569 2023 2024 2021 2019
24570 2037 2017 2022 2015
24571 8988 8985 8984 8989
24572 2037 2015 2029 2032
24573 2019 2024 2021 2022
24574 2027 2033 2028 2153
24575 8909 8893 8892 8941
24576 8993 9001 8994 8984
24577 5845 5905 5839 5846
24578 2013 2015 2029 2019
24579 2064 2038 2030 2032
24580 2064 2031 2030 2038
24581 2036 2034 2011 2030
24582 2031 2036 2030 2035
24583 1490 1538 1491 1485
24584 2000 2010 2012 2003
24585 2034 2038 2037 2030
24586 2038 2031 2030 2035
24587 504 496 519 521
24588 2037 2022 2029 2015
24589 2005 2012 2010 2003
24590 2029 2030 2033 2037
24591 2029 2030 2027 2033
24592 2001 2011 2033 2030
24593 2034 2011 2033 2001
24594 2034 2030 2033 2011
24595 2030 2034 2033 2037
24596 2001 2019 2033 2020
24597 2001 2020 2033 2034
24598 2029 2037 2033 2022
24599 2029 2022 2033 2019
24600 8982 8983 9008 8981
24601 2020 2037 2022 2033
24602 2019 2022 2033 2020
24603 8989 8985 8984 8996
24604 8926 8920 8929 8918
24605 9001 8997 8984 8993
24606 9001 8996 8989 8984
24607 9031 9029 9030 9010
24608 8932 8930 8931 8938
24609 8932 8933 8931 8985
24610 8984 8985 8931 8996
24611 8933 8996 8931 8985
24612 8983 9016 9008 9013
24613 9001 8993 8994 9002
24614 8987 9001 8989 8984
24615 9028 8962 8958 9019
24616 9003 9013 9016 8983
24617 520 408 501 476
24618 2009 1124 2003 2008
24619 8983 8991 9013 8990
24620 1400 1378 1391 1395
24621 8909 8928 8910 8939
24622 2818 2813 2783 2816
24623 8990 8987 8983 8991
24624 70 596 579 65
24625 8984 8931 8979 8992
24626 8919 8920 8926 8918
24627 8903 8907 8910 8919
24628 8925 8919 8926 8910
24629 8925 8936 8926 8920
24630 8926 8939 8928 8936
24631 1392 1396 1094 1095
24632 1395 2173 2161 2168
24633 8911 8907 8910 8903
24634 8993 8934 8909 8893
24635 9358 9361 9018 9362
24636 1122 2003 1121 1124
24637 9022 9023 9021 9020
24638 8931 8934 8992 8933
24639 8997 8933 8996 8992
24640 8934 8993 8992 8997
24641 8925 8939 8907 8910
24642 8926 8939 8936 8925
24643 9411 9484 9423 9485
24644 8984 8992 8981 8982
24645 8994 8999 8982 8984
24646 8987 8984 8982 8999
24647 8983 8990 9013 9012
24648 8982 8999 8983 8987
24649 9003 8987 8991 8983
24650 9016 9003 8983 9010
24651 8994 9010 8983 9003
24652 8911 8912 8892 8909
24653 8982 8994 8983 8999
24654 9003 8999 8983 8994
24655 1124 1123 2003 2008
24656 1105 1108 1104 1117
24657 9030 9029 9018 9010
24658 2155 2000 2154 2152
24659 2026 2027 2145 2153
24660 2010 2005 2000 2001
24661 9027 9014 9011 9015
24662 2001 2011 2000 2010
24663 2165 2164 2157 2159
24664 1143 1176 1174 1170
24665 1153 1145 1143 1152
24666 9011 9029 9017 9010
24667 2000 2010 2156 2012
24668 2027 2033 2153 2026
24669 1117 1118 1108 1122
24670 2156 2036 1392 1393
24671 2153 2146 2145 2152
24672 9018 9361 9396 9406
24673 1116 1099 1129 1119
24674 9011 9009 9007 9006
24675 2027 2033 2026 2029
24676 2013 2029 2026 2033
24677 2030 2031 2028 2036
24678 2004 2009 2003 2008
24679 2010 2005 2003 2000
24680 2001 2005 2003 2004
24681 2000 2005 2003 2001
24682 2009 2004 2003 2005
24683 2003 2155 2154 1120
24684 1163 1160 1161 1157
24685 9013 8983 9015 9009
24686 2011 2030 2028 2036
24687 3178 3174 3155 3149
24688 1096 1093 1092 1102
24689 8894 8942 8892 8897
24690 1122 1120 1121 2003
24691 2153 2033 2028 2001
24692 2030 2001 2028 2033
24693 2153 2001 2028 2000
24694 9008 9005 8980 9009
24695 2000 2001 2028 2011
24696 2030 2011 2028 2001
24697 1095 2156 1392 1394
24698 1394 2156 1392 1393
24699 1096 1396 1392 1395
24700 1391 2036 1392 2028
24701 1395 1401 1392 1398
24702 1097 1150 1091 1144
24703 2003 1124 1122 1123
24704 1127 1123 1122 1124
24705 1121 1122 1118 1120
24706 1114 1122 1108 1115
24707 1129 1119 1122 1116
24708 1129 1124 1128 1122
24709 11228 11148 11293 11286
24710 2145 2146 2142 2152
24711 1111 1163 1112 1108
24712 2155 2000 2152 2153
24713 9023 9026 9020 9027
24714 2156 2155 2152 2153
24715 2153 2147 2152 2156
24716 2153 2146 2152 2147
24717 2143 2147 2152 2146
24718 9006 9009 9008 9010
24719 9008 9009 8980 8983
24720 9008 8983 8980 8981
24721 9005 9009 9008 9006
24722 8982 8994 9008 8983
24723 8983 8994 9008 9010
24724 9405 9020 9395 9006
24725 9320 9471 9318 9327
24726 8895 8894 8892 8898
24727 9008 9013 9015 9009
24728 2161 2166 2144 1392
24729 8953 9359 9358 8960
24730 9013 9017 9016 9008
24731 9011 9010 9018 9029
24732 9015 8983 9011 9009
24733 9023 9027 9020 9024
24734 9014 9012 9011 9015
24735 9015 9013 9011 8983
24736 9012 9013 9011 9015
24737 9012 8983 9011 9013
24738 8962 8958 9019 8953
24739 9011 9010 9017 9009
24740 9011 9009 9017 9015
24741 9008 9009 9017 9010
24742 9015 9009 9017 9008
24743 2399 2896 2396 2392
24744 1096 1102 1094 1396
24745 1095 1102 1396 1094
24746 8909 8893 8941 8993
24747 8948 8942 8941 8954
24748 1392 1096 1094 1396
24749 3315 3317 3168 3321
24750 8897 8942 8941 8946
24751 9019 9004 9028 9010
24752 8909 8912 8892 8913
24753 1095 1401 1394 1392
24754 9000 8964 8956 8995
24755 9000 8948 9002 8995
24756 1144 1097 1109 1091
24757 9069 9056 9058 9059
24758 9019 9004 8995 8964
24759 8954 8956 8995 8948
24760 6465 6470 6467 6461
24761 9019 8964 8995 8954
24762 8948 8998 9002 8941
24763 8946 8942 8941 8948
24764 8900 8894 8892 8897
24765 8941 8897 8892 8942
24766 1162 1159 1158 897
24767 8941 8893 8892 8897
24768 8909 8913 8892 8893
24769 9031 9016 9017 9010
24770 2010 1394 1393 2156
24771 9404 9396 9402 9357
24772 9366 9361 9364 9358
24773 1144 1153 1143 1178
24774 863 865 864 886
24775 9468 9482 9475 9461
24776 1395 1400 1392 1391
24777 1391 1400 1392 2036
24778 3156 3161 3157 3159
24779 1163 1108 1106 1107
24780 1395 1378 1390 1377
24781 9392 9389 9390 9382
24782 1392 1391 1390 1395
24783 9030 9019 9018 9358
24784 113 120 119 116
24785 1380 1378 1391 1400
24786 1400 2031 1391 1380
24787 1113 1108 1109 1116
24788 1393 1400 2036 1392
24789 1395 1398 1392 1400
24790 9403 9395 9400 9398
24791 251 222 253 250
24792 2165 2166 2159 2160
24793 178 171 261 175
24794 3157 3164 3159 3166
24795 263 178 261 270
24796 1395 2166 2168 2161
24797 178 173 261 171
24798 263 173 261 178
24799 1176 1175 1173 1170
24800 1098 1116 1109 1119
24801 252 265 247 255
24802 246 247 199 198
24803 3334 3315 3163 3331
24804 3166 3315 3163 3164
24805 3331 3315 3163 3166
24806 3135 3163 3157 3331
24807 1148 1153 1143 1144
24808 175 266 114 259
24809 261 175 259 268
24810 171 175 259 261
24811 171 169 259 175
24812 2154 2150 2148 2149
24813 270 262 260 263
24814 270 261 260 268
24815 3332 3353 3326 3354
24816 1153 1150 1144 1148
24817 1091 1098 1109 1092
24818 2480 2475 2476 2479
24819 4974 4568 4567 4576
24820 267 270 269 260
24821 9357 9364 9358 9359
24822 1170 1163 1173 1157
24823 2161 2173 2160 2168
24824 710 709 705 707
24825 6625 6821 6640 6620
24826 258 268 267 260
24827 3134 3133 3142 3132
24828 1122 1119 1108 1116
24829 249 253 248 251
24830 222 219 250 220
24831 7264 7261 7263 7256
24832 253 249 248 252
24833 250 220 251 222
24834 3326 3133 3142 3134
24835 898 899 882 900
24836 3131 3132 3142 3133
24837 10042 10110 10121 10107
24838 3255 3254 3146 3144
24839 267 255 265 252
24840 257 256 252 253
24841 225 256 257 253
24842 224 222 253 225
24843 225 222 253 269
24844 387 406 424 404
24845 251 260 253 262
24846 251 262 253 222
24847 267 269 253 260
24848 269 262 253 260
24849 269 222 253 262
24850 253 267 252 257
24851 258 265 252 267
24852 249 258 252 260
24853 249 260 252 253
24854 260 267 252 253
24855 260 258 252 267
24856 3256 3146 3170 3178
24857 3156 3161 3155 3141
24858 200 198 195 199
24859 2178 2176 2177 2169
24860 3327 3326 3142 3134
24861 3327 3353 3142 3326
24862 3328 3353 3142 3327
24863 3327 3330 3142 3328
24864 3132 3135 3142 3134
24865 3150 3135 3142 3132
24866 3156 3181 3155 3161
24867 3327 3329 3142 3330
24868 6492 6510 6509 6501
24869 3329 3134 3327 3142
24870 3135 3330 3142 3329
24871 245 249 246 252
24872 3142 3131 3145 3132
24873 3148 3132 3145 3131
24874 3147 3148 3145 3131
24875 248 249 245 252
24876 3148 3150 3149 3145
24877 3255 3145 3146 3153
24878 197 202 188 201
24879 252 245 247 246
24880 205 255 254 247
24881 211 247 217 200
24882 3148 3145 3144 3143
24883 3256 3178 3170 3169
24884 266 217 218 211
24885 209 199 211 200
24886 8453 8455 8469 8447
24887 3155 3153 3178 3149
24888 254 252 247 255
24889 902 1179 1169 1162
24890 206 265 255 247
24891 3270 3266 3269 3271
24892 204 217 206 200
24893 6742 6731 6720 6708
24894 252 258 247 265
24895 246 258 247 252
24896 191 188 185 192
24897 3172 3179 3170 3175
24898 2139 2134 2132 2135
24899 1121 1126 1125 1122
24900 1099 1119 1125 1129
24901 3152 3151 3255 3145
24902 3145 3143 3255 3144
24903 4353 4320 4256 4359
24904 3256 3254 3146 3255
24905 3976 3982 3977 3980
24906 3255 3144 3253 3254
24907 3146 3153 3178 3256
24908 111 104 210 109
24909 114 266 212 259
24910 831 842 843 840
24911 2218 2223 2222 2220
24912 246 258 211 247
24913 247 200 211 199
24914 211 265 217 247
24915 8976 8971 8975 8967
24916 3266 3271 3252 3260
24917 3146 3149 3178 3153
24918 1108 1115 1112 1111
24919 3328 3352 3138 3142
24920 169 106 212 114
24921 7951 7455 7456 7449
24922 2159 2164 2157 2139
24923 3726 3817 3723 3789
24924 3153 3145 3146 3149
24925 3249 3248 3251 3263
24926 217 209 218 211
24927 3154 3150 3155 3141
24928 3142 3136 3137 3145
24929 3144 3149 3146 3145
24930 3178 3174 3170 3179
24931 9011 9009 9018 9010
24932 3255 3145 3153 3152
24933 3269 3261 3262 3264
24934 3192 3188 3246 3186
24935 211 259 212 266
24936 283 208 214 278
24937 3145 3150 3154 3132
24938 867 865 864 863
24939 3252 3255 3259 3258
24940 3152 3151 3259 3255
24941 106 111 212 114
24942 3139 3132 3137 3140
24943 10057 10066 10047 10056
24944 216 215 207 209
24945 109 214 283 208
24946 2138 2164 2141 2136
24947 3225 3227 3995 3226
24948 109 208 210 216
24949 109 104 210 208
24950 216 209 210 218
24951 887 880 871 894
24952 111 216 109 210
24953 106 111 210 212
24954 106 104 210 111
24955 9021 9020 9405 9022
24956 1171 899 906 834
24957 9433 9429 9432 9428
24958 9349 9364 9357 9359
24959 9349 9414 9357 9351
24960 1390 1395 2161 1392
24961 1092 1119 1094 1099
24962 2159 2151 2139 2148
24963 844 854 843 850
24964 1097 1153 1150 1144
24965 2158 2157 2163 2099
24966 9359 9366 9358 8960
24967 9259 9254 9257 9252
24968 2151 2141 2164 2139
24969 2166 2164 2165 2159
24970 2148 2156 2144 2151
24971 1093 1146 1091 1100
24972 1097 1100 1098 1091
24973 1150 1148 1091 1144
24974 4818 4789 4815 4817
24975 1390 1377 2161 1395
24976 2173 1395 2161 1377
24977 1107 1157 1106 1163
24978 2167 2163 2176 2158
24979 2127 2099 2125 2163
24980 1110 1097 1109 1144
24981 9364 9366 9358 9359
24982 1162 1163 1161 1165
24983 1180 1171 1172 1174
24984 3267 3194 3273 3268
24985 1734 1738 2121 1728
24986 3687 3685 3686 3676
24987 8466 8469 8468 8464
24988 908 834 906 899
24989 11467 11483 11449 11476
24990 9025 9030 9029 9018
24991 9024 9029 9027 9020
24992 9018 9011 9020 9006
24993 9396 9357 9404 9361
24994 1170 1144 1143 1178
24995 9018 9358 9396 9361
24996 9484 9482 9475 9469
24997 9395 9005 9430 9006
24998 9018 9406 9396 9405
24999 9405 9022 9399 9021
25000 9429 9430 9425 9431
25001 9011 9029 9020 9027
25002 9018 9406 9020 9025
25003 9018 9025 9020 9029
25004 9018 9029 9020 9011
25005 2155 1124 1121 2003
25006 1110 1108 1109 1113
25007 2151 2148 2159 2144
25008 1124 1126 1121 1122
25009 1124 2155 1121 1126
25010 835 836 1172 837
25011 1180 1179 1171 1173
25012 2138 2137 2100 2136
25013 1104 1107 1106 1108
25014 2150 2154 2148 2155
25015 2152 2155 2148 2154
25016 2148 2143 2144 2152
25017 2156 2155 2148 2152
25018 2156 2150 2151 2148
25019 1113 1098 1116 1109
25020 2166 2151 2159 2144
25021 1177 1112 1167 1163
25022 1118 1119 1108 1122
25023 1122 1116 1108 1115
25024 2157 2136 2162 2099
25025 1118 1119 1105 1108
25026 1129 1119 1125 1122
25027 1173 1179 1171 1162
25028 1095 1126 1125 2156
25029 214 208 189 278
25030 2135 2159 2133 2139
25031 2156 1126 1125 2155
25032 1392 2151 2166 2144
25033 1392 1390 2144 2161
25034 2156 2147 2144 1392
25035 1110 1163 1107 1113
25036 881 876 878 872
25037 1112 1163 1107 1108
25038 2716 2720 2718 2725
25039 6935 6939 6938 6933
25040 1092 1098 1109 1119
25041 1113 1097 1109 1110
25042 1392 2147 2144 1390
25043 2152 2156 2144 2148
25044 2152 2147 2144 2156
25045 202 215 204 197
25046 1113 1178 1097 1110
25047 2134 2143 2135 2148
25048 9007 9006 9395 9020
25049 1178 1097 1110 1144
25050 11598 11603 11597 11599
25051 1117 1118 1105 1108
25052 1109 1108 1105 1119
25053 1175 1162 1173 1161
25054 1110 1157 1107 1163
25055 2157 2164 2162 2136
25056 2136 2139 2157 2164
25057 2159 2160 2157 2165
25058 11661 5871 5870 5874
25059 2132 2139 2133 2136
25060 865 869 868 863
25061 3574 3581 3580 3573
25062 816 1030 781 1013
25063 1165 1177 1167 1163
25064 207 213 188 197
25065 1166 1164 1165 1163
25066 1166 1163 1165 1167
25067 9025 9022 9406 9020
25068 9429 9413 9417 9396
25069 1171 1179 905 1162
25070 189 213 207 214
25071 271 192 185 189
25072 195 196 197 200
25073 9024 9023 9022 9020
25074 9425 9426 9424 9429
25075 9007 9005 9395 9006
25076 2148 2143 2135 2144
25077 2148 2144 2135 2159
25078 2137 2141 2140 2136
25079 2164 2151 2139 2159
25080 2150 2148 2139 2151
25081 1216 1205 1254 1199
25082 794 879 877 870
25083 9395 9431 9429 9396
25084 1162 1165 1161 1175
25085 9431 9395 9429 9430
25086 9403 9405 9400 9395
25087 9395 9006 9431 9018
25088 9020 9406 9405 9022
25089 2140 2139 2136 2141
25090 9018 9395 9396 9431
25091 9018 9406 9405 9020
25092 9020 9006 9405 9018
25093 9018 9405 9396 9395
25094 9415 9429 9417 9428
25095 9413 9416 9414 9409
25096 2139 2164 2136 2141
25097 9401 9396 9402 9404
25098 2103 2098 2122 2096
25099 9399 9405 9400 9022
25100 9429 9396 9417 9401
25101 688 607 95 598
25102 9410 9414 9409 9412
25103 9425 9486 9424 9423
25104 9320 9472 9467 9471
25105 9485 9423 9424 9486
25106 9442 9447 9444 9438
25107 9468 9457 9482 9461
25108 1165 1163 1161 1175
25109 2093 2131 2094 2100
25110 9326 9440 9307 9304
25111 9442 9437 9446 9438
25112 9459 9461 9468 9437
25113 1730 1736 1728 1738
25114 796 798 870 791
25115 9323 9472 9320 9328
25116 9412 9410 9407 9409
25117 9395 9396 9429 9401
25118 9425 9423 9424 9426
25119 9457 9473 9482 9461
25120 9456 9473 9482 9457
25121 9456 9481 9482 9473
25122 2169 2176 2158 2167
25123 102 283 278 208
25124 9480 9484 9478 9469
25125 2094 2096 2095 2092
25126 9426 9413 9429 9396
25127 2133 2139 2157 2136
25128 9406 9400 9403 9405
25129 9418 9414 9416 9351
25130 1161 1162 1158 1160
25131 2127 2176 2163 2125
25132 9429 9401 9398 9395
25133 9403 9395 9398 9401
25134 899 907 896 900
25135 1162 1159 1171 1173
25136 1168 1164 1162 1169
25137 6924 6925 6894 6919
25138 9405 9397 9400 9398
25139 9405 9399 9400 9397
25140 9429 9405 9400 9398
25141 9429 9395 9400 9405
25142 9398 9395 9400 9429
25143 1165 1164 1162 1163
25144 1169 1164 1162 1165
25145 1179 1165 1169 1162
25146 209 196 197 207
25147 860 861 856 863
25148 2136 2131 2130 2100
25149 6637 6639 6651 6631
25150 1731 1758 1756 1763
25151 2157 2136 2131 2133
25152 188 193 183 194
25153 1162 1160 1161 1163
25154 1170 1175 1173 1163
25155 1161 1157 1173 1163
25156 1175 1179 1173 1162
25157 6971 6968 6977 7001
25158 2162 2165 2164 2157
25159 213 202 188 197
25160 1175 1180 1176 1173
25161 834 837 1172 836
25162 1178 1175 1176 1170
25163 1110 1178 1170 1177
25164 2136 2132 2130 2133
25165 1110 1163 1170 1157
25166 1177 1163 1170 1110
25167 1175 1163 1170 1177
25168 2102 2097 2098 2096
25169 901 1162 902 1168
25170 1730 1729 1737 1731
25171 1714 1721 1692 1720
25172 9549 9562 9546 9540
25173 2162 2102 2103 2100
25174 2157 2099 2131 2136
25175 1170 1176 1174 1173
25176 1143 1133 1174 1152
25177 9479 9476 9478 9480
25178 2131 2099 2100 2136
25179 2097 2096 2113 2098
25180 9428 9427 9422 9424
25181 2138 2136 2100 2162
25182 2162 2099 2100 2103
25183 2162 2136 2100 2099
25184 204 200 197 215
25185 896 873 887 891
25186 2138 2101 2102 2100
25187 2093 2096 2094 2091
25188 885 889 886 900
25189 1162 1159 898 899
25190 897 1159 898 1162
25191 1171 899 905 906
25192 214 278 189 279
25193 188 193 194 197
25194 3970 3971 3975 3219
25195 9327 9471 9318 9317
25196 2094 2100 2095 2096
25197 9413 9396 9418 9417
25198 7818 7812 7816 7830
25199 9413 9357 9418 9396
25200 9409 9424 9407 9411
25201 9479 9477 9478 9476
25202 2160 2165 2158 2157
25203 4997 4987 4988 4982
25204 9428 9429 9424 9426
25205 9739 9742 9738 9770
25206 9421 9424 9422 9427
25207 9415 9413 9417 9429
25208 9475 9473 9476 9474
25209 9414 9357 9418 9413
25210 9811 9816 9846 9808
25211 9417 9415 9418 9413
25212 9460 9461 9475 9473
25213 9403 9361 9406 9396
25214 9464 9470 9466 9469
25215 878 881 872 817
25216 9423 9413 9411 9424
25217 9364 9404 9363 9357
25218 9344 9412 9414 9410
25219 3184 3185 3183 3186
25220 4356 4366 4357 4365
25221 9327 9317 9318 9319
25222 9424 9413 9415 9426
25223 9424 9426 9415 9428
25224 9418 9353 9402 9357
25225 9999 9887 9043 9884
25226 3272 3194 3273 3267
25227 10721 10719 10720 10714
25228 9429 9426 9415 9413
25229 9428 9426 9415 9429
25230 9414 9351 9418 9357
25231 281 283 278 280
25232 837 836 834 841
25233 9401 9396 9404 9403
25234 9446 9459 9468 9437
25235 9417 9402 9401 9396
25236 2103 2163 2162 2099
25237 2160 2167 2158 2165
25238 2160 2171 2158 2167
25239 2169 2167 2158 2171
25240 2163 2099 2125 2158
25241 700 611 693 699
25242 840 833 843 831
25243 1181 1180 1172 1174
25244 841 836 834 830
25245 1143 1152 1174 1176
25246 884 885 886 900
25247 1181 1176 1180 1174
25248 1152 1133 1174 1181
25249 322 325 315 319
25250 1181 835 1172 837
25251 1181 1133 1172 835
25252 1174 1133 1172 1181
25253 9446 9468 9462 9437
25254 192 214 213 189
25255 850 854 843 848
25256 844 852 843 854
25257 2158 2176 2125 2163
25258 2158 2169 2125 2176
25259 2126 2176 2125 2169
25260 7716 7731 7732 7724
25261 191 213 202 188
25262 1162 899 905 1171
25263 1731 1763 1756 1737
25264 891 841 908 830
25265 882 900 884 895
25266 905 908 906 899
25267 906 1181 1180 1172
25268 3265 3272 3266 3267
25269 834 837 906 1172
25270 1172 1171 906 834
25271 3255 3151 3259 3258
25272 3192 3194 3267 3188
25273 199 196 195 200
25274 3194 3190 3267 3188
25275 3257 3258 3247 3252
25276 3214 3212 3210 3218
25277 6308 6305 6303 6307
25278 8598 8597 6315 8601
25279 8647 8631 8646 8655
25280 1062 1049 1063 1046
25281 3179 3273 3194 3169
25282 3252 3264 3270 3257
25283 3267 3192 3246 3272
25284 1169 1168 902 1162
25285 2115 2114 2109 2113
25286 3239 3262 3243 3269
25287 905 1162 902 898
25288 3246 3272 3265 3267
25289 3936 3949 3948 3943
25290 817 833 818 827
25291 4098 4101 4096 4100
25292 7609 7589 7640 7600
25293 188 184 185 189
25294 3252 3260 3259 3255
25295 3229 3235 3244 3241
25296 3928 3925 3932 3926
25297 3926 3936 3932 3928
25298 3926 3925 3932 3935
25299 3259 3258 3257 3252
25300 9480 9485 9478 9484
25301 3229 3234 3232 3231
25302 1726 1722 1723 1716
25303 214 208 207 189
25304 213 216 215 207
25305 216 209 207 210
25306 898 899 905 1162
25307 3153 3255 3260 3256
25308 190 188 185 191
25309 3271 3273 3260 3266
25310 3273 3267 3266 3272
25311 3268 3267 3266 3273
25312 188 207 194 189
25313 3264 3271 3270 3257
25314 3178 3260 3273 3256
25315 203 200 197 204
25316 3251 3263 3264 3249
25317 3260 3250 3252 3266
25318 3260 3257 3271 3252
25319 3249 3256 3250 3252
25320 3264 3266 3270 3271
25321 3255 3254 3252 3256
25322 3260 3255 3252 3256
25323 3260 3256 3252 3250
25324 3249 3253 3251 3248
25325 3254 3253 3251 3249
25326 3254 3255 3251 3253
25327 3249 3255 3251 3254
25328 9045 9042 9036 9043
25329 188 197 194 207
25330 3250 3252 3264 3249
25331 3250 3266 3264 3252
25332 3252 3266 3264 3271
25333 189 184 194 188
25334 196 207 194 197
25335 889 903 900 904
25336 195 193 197 196
25337 903 889 900 888
25338 201 204 203 197
25339 209 200 197 196
25340 863 734 866 735
25341 197 193 194 196
25342 209 215 197 200
25343 207 215 197 209
25344 3270 3234 3247 3257
25345 907 889 890 900
25346 898 1162 900 897
25347 901 904 900 903
25348 2124 2121 1738 2118
25349 2128 2123 2124 2119
25350 4644 4641 4642 4639
25351 902 1162 900 898
25352 901 1162 900 902
25353 902 904 900 901
25354 905 898 900 899
25355 905 899 900 907
25356 907 902 904 900
25357 898 905 900 902
25358 892 888 886 893
25359 7200 7289 7206 7201
25360 311 279 192 271
25361 872 875 874 878
25362 3270 3264 3269 3266
25363 3264 3271 3257 3252
25364 4094 4115 4112 4116
25365 3265 3271 3269 3266
25366 8534 8537 8536 8528
25367 3252 3264 3269 3270
25368 3252 3251 3269 3264
25369 3264 3263 3269 3261
25370 3251 3263 3269 3264
25371 3270 3230 3233 3234
25372 187 308 309 303
25373 3269 3264 3262 3266
25374 3269 3266 3262 3265
25375 7253 7258 7252 6327
25376 7112 7117 7232 7114
25377 7255 7291 7260 7261
25378 7284 7291 7285 7274
25379 7284 7279 7265 7285
25380 7255 7291 7261 7256
25381 7278 7284 7280 7281
25382 7267 7284 7278 7279
25383 7203 7200 7206 7201
25384 3142 3135 3140 3330
25385 186 191 185 187
25386 7210 7205 7209 7234
25387 7276 7277 7207 7206
25388 3942 3943 3949 3835
25389 3140 3331 3330 3135
25390 7202 7205 7209 7206
25391 7289 7275 7290 7206
25392 7109 7117 7112 7111
25393 7202 7205 7206 7201
25394 8600 6323 7273 8599
25395 3181 3178 3179 3174
25396 7263 7256 7254 7259
25397 3150 3140 3141 3154
25398 3140 3132 3137 3154
25399 7732 7833 7716 7725
25400 3140 3142 3139 3132
25401 3181 3156 3155 3174
25402 3154 3149 3155 3150
25403 3149 3156 3174 3155
25404 3138 3136 3139 3142
25405 6316 7252 6320 6327
25406 3330 3139 3140 3142
25407 3138 3142 3139 3328
25408 3139 3142 3137 3132
25409 3154 3132 3137 3145
25410 3157 3156 3141 3161
25411 3139 3136 3137 3142
25412 3154 3152 3153 3145
25413 3152 3145 3137 3136
25414 3135 3157 3141 3331
25415 3156 3157 3141 3150
25416 6634 6637 6635 6630
25417 3166 3141 3161 3157
25418 3150 3135 3141 3140
25419 3150 3157 3141 3135
25420 7203 7201 7206 7204
25421 7138 7147 7146 7136
25422 283 279 281 278
25423 7222 7218 7237 7220
25424 7235 7205 7212 7213
25425 7234 7205 7235 7227
25426 8575 8576 8573 8572
25427 7243 7217 7212 7214
25428 7279 7267 7283 7282
25429 7144 7137 7139 7143
25430 7120 7138 7135 7137
25431 7111 7117 7112 7122
25432 7213 7217 7231 7215
25433 7235 7217 7231 7213
25434 7121 7117 7111 7122
25435 7268 7291 7284 7274
25436 7235 7218 7237 7231
25437 7218 7231 7217 7215
25438 7136 7138 7135 7238
25439 1817 1815 1464 1812
25440 7273 7266 7265 7267
25441 7204 7210 7206 7203
25442 11521 11526 11520 11523
25443 8574 8572 8650 8576
25444 7208 7234 7233 7210
25445 7232 7120 7110 7114
25446 7211 7233 7110 7232
25447 7237 7230 7231 7238
25448 7238 7230 7120 7236
25449 7232 7225 7210 7226
25450 7234 7237 7230 7235
25451 7235 7227 7230 7234
25452 7231 7227 7230 7235
25453 7234 7237 7236 7230
25454 7232 7109 7110 7211
25455 7232 7113 7228 7229
25456 7135 7117 7112 7120
25457 7275 7291 7260 7255
25458 7114 7117 7232 7113
25459 7287 7289 7290 7288
25460 7112 7114 7110 7120
25461 7114 7113 7232 7229
25462 7229 7225 7228 7232
25463 7210 7206 7207 7208
25464 7232 7234 7210 7233
25465 7236 7120 7110 7232
25466 7226 7227 7204 7210
25467 7210 7227 7204 7205
25468 7210 7225 7203 7226
25469 7233 7236 7110 7232
25470 7226 7230 7232 7229
25471 7120 7229 7114 7232
25472 7290 7286 7284 7287
25473 7230 7234 7232 7236
25474 7230 7227 7232 7234
25475 7226 7227 7232 7230
25476 7232 7227 7210 7234
25477 7226 7227 7210 7232
25478 7275 7277 7276 7206
25479 7227 7205 7210 7234
25480 11515 11516 11609 11513
25481 7120 7135 7110 7112
25482 7120 7236 7110 7135
25483 8923 8921 8922 8914
25484 7206 7277 7260 7275
25485 6552 6553 6555 6560
25486 7208 7206 7207 7277
25487 7275 7274 7260 7291
25488 7275 7255 7290 7291
25489 9924 9926 9925 9921
25490 7208 7211 7207 7210
25491 7202 7289 7201 7206
25492 7235 7209 7262 7205
25493 7288 7286 7290 7287
25494 7204 7201 7206 7205
25495 7204 7205 7206 7210
25496 7209 7277 7260 7206
25497 7255 7206 7209 7260
25498 7255 7202 7209 7206
25499 7206 7210 7209 7208
25500 7206 7205 7209 7210
25501 7289 7200 7290 7288
25502 7206 7200 7290 7289
25503 8574 8576 8575 8572
25504 5850 5856 5929 5851
25505 9763 9769 9768 9761
25506 11056 11068 11072 11070
25507 6316 7252 6327 7253
25508 5992 5994 5998 5995
25509 9054 9058 9057 9051
25510 7286 7287 7280 7284
25511 11497 11494 11496 11493
25512 11626 11621 11625 11586
25513 5845 5988 5836 5984
25514 11506 11509 11511 11508
25515 6322 6321 6319 6326
25516 11496 11580 11497 11495
25517 6649 6644 6635 6643
25518 11511 11527 11508 11510
25519 11580 11594 11499 11593
25520 11502 11592 11593 11499
25521 8301 8144 8146 8306
25522 11585 11586 11621 11606
25523 8642 8643 8645 8644
25524 11528 11526 11519 11521
25525 8566 8572 8565 8567
25526 11519 11493 11518 11524
25527 9139 9311 9316 9312
25528 11526 11530 11519 11524
25529 11496 11497 11493 11495
25530 4932 5012 5015 5008
25531 9555 11615 11658 11608
25532 5872 5860 5869 5861
25533 7275 7291 7268 7274
25534 7268 7274 7265 7267
25535 8644 8572 8571 8566
25536 11493 11530 11519 11529
25537 11603 11597 11587 11602
25538 11587 11588 11590 11589
25539 7284 7274 7265 7268
25540 7287 7291 7284 7290
25541 11524 11530 11493 11494
25542 11528 11508 11527 11521
25543 11495 11580 11624 11499
25544 7290 7291 7284 7275
25545 11497 11624 11498 11495
25546 7258 7253 7254 7263
25547 7268 7275 7284 7291
25548 7284 7268 7265 7279
25549 7267 7269 7272 7270
25550 8002 7998 8003 8001
25551 9507 11509 9503 9505
25552 9504 9501 9502 9500
25553 11511 11527 11528 11508
25554 9508 9506 9503 9504
25555 6315 8599 6323 8601
25556 11614 11612 11657 11607
25557 7156 7155 7157 7164
25558 7274 7261 7260 7291
25559 8601 6325 6323 6315
25560 6317 6316 6325 6323
25561 6323 6327 7253 6316
25562 4854 4840 4851 4839
25563 11645 11652 11644 11650
25564 11608 11607 11610 11614
25565 6354 6360 6355 6362
25566 3030 3033 3031 3038
25567 3958 3951 3978 3950
25568 11603 11591 11590 11587
25569 2118 2121 1728 2108
25570 4077 4080 4076 4079
25571 3225 3227 3226 3222
25572 3242 3243 3244 3241
25573 3991 3996 3990 3994
25574 868 877 876 862
25575 11521 11526 11519 11524
25576 5873 5842 5865 5843
25577 5164 5177 5174 5183
25578 3187 3185 3184 3186
25579 153 147 144 148
25580 5863 5860 5864 5870
25581 8568 8570 8573 8569
25582 5937 5927 5951 5945
25583 9502 9512 9511 9501
25584 8569 8567 8573 8568
25585 8599 8570 8573 8568
25586 7269 7267 8573 7270
25587 11682 11670 11582 11581
25588 11587 11584 11588 11583
25589 8647 8572 8644 8566
25590 9501 9512 11515 11516
25591 11590 11602 11603 11587
25592 11593 11592 11588 11499
25593 11588 11584 11492 11583
25594 11587 11585 11582 11595
25595 11588 11583 11492 11491
25596 11520 11521 11517 11524
25597 11529 11530 11519 11531
25598 11493 11524 11519 11530
25599 11503 11508 11519 11521
25600 11599 11683 11684 11682
25601 5960 5965 5963 5973
25602 11491 11495 11492 11588
25603 11593 11589 11590 11588
25604 4532 5794 5799 4530
25605 11588 11495 11492 11499
25606 11529 11493 11492 11490
25607 11655 9553 5920 5922
25608 11531 11526 11530 11519
25609 5934 5938 5937 5927
25610 11586 11622 11514 11621
25611 11490 11493 11518 11529
25612 11609 11611 11610 11616
25613 5836 5988 5935 5981
25614 11506 11508 11511 11528
25615 11528 11531 11506 11519
25616 11521 11508 11519 11528
25617 11504 11509 11507 11506
25618 11518 11524 11517 11519
25619 8622 8627 8649 8620
25620 11586 11529 11512 11531
25621 11498 11530 11497 11492
25622 11529 11531 11492 11530
25623 11530 11493 11492 11529
25624 11530 11497 11492 11493
25625 11507 11506 11514 11513
25626 11492 11588 11586 11584
25627 8620 8619 8626 8627
25628 8622 8618 8645 8620
25629 11519 11524 11517 11521
25630 11519 11521 11517 11503
25631 1622 1581 1632 1617
25632 8600 8572 8597 8573
25633 7273 8576 8600 8573
25634 7270 7267 8573 7273
25635 11519 11508 11506 11528
25636 8599 7267 8573 8570
25637 7273 7267 8573 8599
25638 9504 9500 9502 9514
25639 7254 7274 7291 7261
25640 11590 11594 11593 11588
25641 6563 7163 7164 7172
25642 1407 2179 2174 1382
25643 8573 8576 8600 8572
25644 11605 11604 11595 11585
25645 11606 11596 11613 11621
25646 6521 6532 6525 6524
25647 11586 11594 11591 11588
25648 11511 11516 9507 11507
25649 11529 11531 11586 11492
25650 6317 8599 6323 6315
25651 11531 11498 11586 11492
25652 11635 11638 11672 11639
25653 11499 11594 11586 11588
25654 11624 11594 11586 11499
25655 11495 11498 11586 11624
25656 11492 11498 11586 11495
25657 10758 10756 10757 10752
25658 11581 11584 11582 11587
25659 8600 8573 8597 8599
25660 11492 11495 11586 11499
25661 11624 11499 11586 11495
25662 11587 11597 11582 11581
25663 5875 5844 5843 5868
25664 11586 11588 11585 11584
25665 11591 11588 11585 11586
25666 11587 11591 11585 11604
25667 11587 11588 11585 11591
25668 11587 11584 11585 11588
25669 8620 8618 8645 8617
25670 8622 8621 8645 8652
25671 4123 4093 4116 4097
25672 11635 11642 11672 11636
25673 6321 6316 6319 6325
25674 9564 9571 9556 9543
25675 11616 11623 11629 11609
25676 7252 7265 7253 6316
25677 6324 8638 8639 8628
25678 3940 3950 3941 3978
25679 5944 5950 5946 5949
25680 3978 3950 3941 3958
25681 9503 11507 9501 11505
25682 11621 11622 11625 11586
25683 8618 8648 8616 8620
25684 7870 7873 7872 7863
25685 11505 11509 11507 11504
25686 5054 5051 5052 5045
25687 5837 5845 5836 5839
25688 11636 11601 11595 11605
25689 5927 5980 5985 5979
25690 5875 5873 5865 5843
25691 8817 8807 8808 8805
25692 11626 11591 11606 11586
25693 6307 6327 7258 7247
25694 4178 4180 4157 4176
25695 5522 5483 5521 5476
25696 6345 6342 6355 6364
25697 5996 5999 5901 5905
25698 3877 3884 3879 3892
25699 5922 5925 5920 11655
25700 9524 9522 9513 9557
25701 4007 4010 4008 4003
25702 336 325 644 641
25703 4161 4163 4104 4166
25704 3945 3942 3947 3832
25705 706 709 704 703
25706 6318 6315 6321 6325
25707 750 752 765 745
25708 4016 3851 4025 3839
25709 1555 1550 1522 1549
25710 1514 1508 1507 1513
25711 3946 3944 3947 3954
25712 7265 6316 6323 7253
25713 7265 7273 6323 7266
25714 7273 7253 7274 7265
25715 7265 7285 7253 7274
25716 7252 7285 7253 7265
25717 7254 7285 7253 7252
25718 7120 7229 7232 7230
25719 7258 7253 7252 7254
25720 11625 11498 11624 11586
25721 7139 7116 7119 7117
25722 11622 11531 11498 11586
25723 11513 11512 11514 11621
25724 11512 11506 11514 11531
25725 11513 11506 11514 11512
25726 11616 11617 11610 11609
25727 11507 11516 11515 11513
25728 4807 4801 4803 4806
25729 11512 11586 11514 11621
25730 11512 11531 11514 11586
25731 11613 11614 11609 11607
25732 1306 1342 1307 1300
25733 7900 7908 7918 7903
25734 11507 11509 11511 11506
25735 11514 11507 11511 11506
25736 11514 11528 11531 11506
25737 7265 7266 6323 6317
25738 11629 11622 11625 11621
25739 9719 9434 9449 9731
25740 3559 3556 3557 3552
25741 9560 9564 9561 9556
25742 6325 6315 6321 6317
25743 9504 9508 9501 9503
25744 9033 9041 9039 9032
25745 4041 4033 4036 4035
25746 11514 11623 11516 11621
25747 5838 5847 5843 5837
25748 8444 8440 8443 8438
25749 1095 1102 1094 1099
25750 9563 9564 9556 9543
25751 6702 6713 6698 6717
25752 4148 4145 4154 4146
25753 10720 10717 10718 10713
25754 11609 9512 11610 11611
25755 7249 7247 6312 7239
25756 9521 9516 9518 9510
25757 11613 11607 11609 11596
25758 6520 6518 6519 6514
25759 396 381 390 379
25760 9985 9991 9987 9988
25761 6543 6555 6540 6553
25762 9501 9512 9511 11515
25763 10287 10263 10262 10281
25764 9508 9505 9507 9503
25765 4361 4363 4359 4362
25766 11606 11630 11626 11621
25767 11629 11616 11609 11617
25768 11623 11621 11609 11516
25769 11621 11513 11609 11516
25770 6013 6006 6012 6008
25771 6322 6326 6319 6302
25772 9512 9507 11516 9501
25773 2559 2556 2558 2552
25774 9501 11516 11515 11507
25775 9568 9576 9569 9570
25776 11516 11611 9512 11609
25777 9517 9519 9521 9516
25778 11619 11614 11615 11610
25779 8899 9057 9055 9050
25780 9509 9510 9518 9504
25781 4176 4139 4141 4144
25782 6376 6326 6318 6353
25783 5953 8606 5944 5942
25784 11610 11614 11615 11608
25785 9504 9508 9502 9501
25786 11515 9512 11609 11516
25787 8234 8232 8226 8300
25788 8639 6324 8628 6366
25789 6374 6375 6366 6367
25790 9061 9069 9058 9059
25791 875 878 872 817
25792 5893 5891 5882 5889
25793 11363 11370 11368 11361
25794 1693 1644 1639 1641
25795 3884 3821 3845 3828
25796 6554 6526 6529 6534
25797 6358 6363 6304 6309
25798 8635 6374 8634 8641
25799 971 967 1032 963
25800 5924 5925 5920 5922
25801 4133 4143 4136 4142
25802 5865 5873 5864 5862
25803 8637 8630 8636 8634
25804 5887 9540 9554 5878
25805 6290 6363 6309 6297
25806 11635 11646 11636 11647
25807 11646 11647 11635 11637
25808 9504 9508 9510 9502
25809 9487 9491 9517 9519
25810 9512 9566 9513 11610
25811 5998 6012 5997 5992
25812 8728 8719 8714 8731
25813 9517 9526 9521 9519
25814 6520 6519 6515 6514
25815 9520 9526 9525 9519
25816 9510 9506 9508 9504
25817 6363 6365 6358 6357
25818 5998 6003 6002 5995
25819 9527 9526 9517 9489
25820 6518 6514 6512 6519
25821 6115 6112 6109 6129
25822 5878 9558 5922 9554
25823 7774 7873 7874 7868
25824 6559 6526 6554 6534
25825 6528 6526 6532 6525
25826 6554 6517 6529 6525
25827 9515 9514 9518 9516
25828 9510 9516 9518 9502
25829 11133 11214 11216 11126
25830 6330 6365 6358 6290
25831 6306 6326 6361 6302
25832 6529 6536 6534 6526
25833 6363 6297 6313 6309
25834 6378 6372 6368 6379
25835 9586 9589 9587 9588
25836 8635 8641 8634 8640
25837 2424 2427 2426 2418
25838 6542 6546 6368 6369
25839 6544 6522 6545 6537
25840 6379 6372 6368 6373
25841 6373 6372 6355 6379
25842 9574 9573 9565 9571
25843 9556 9555 9565 9561
25844 9556 9561 9565 9564
25845 6550 6551 6555 6553
25846 6551 6560 6555 6553
25847 6548 6541 6542 6546
25848 6555 6550 6556 6551
25849 6561 6555 6556 6551
25850 5925 9558 5922 5880
25851 6011 6027 5978 6019
25852 9557 9561 9569 9565
25853 9564 9574 9565 9571
25854 9489 9491 9487 9488
25855 9574 9561 9564 9565
25856 6517 6554 6556 6550
25857 9444 9326 9445 9440
25858 9564 9571 9565 9556
25859 11662 11664 11663 11674
25860 6555 6550 6543 6545
25861 9562 9563 9554 9540
25862 9495 9527 9517 9489
25863 9495 9523 9517 9527
25864 9522 9511 9513 9557
25865 9567 9557 9568 9565
25866 6810 6804 6800 6808
25867 3881 3864 3880 3873
25868 9513 9508 9512 9502
25869 6518 5954 6512 6514
25870 6309 6306 6313 6363
25871 6803 6807 6806 6808
25872 9520 9519 9518 9521
25873 9509 9521 9520 9518
25874 9515 9516 9518 9519
25875 6320 6305 6319 6327
25876 6512 5964 5957 5954
25877 9502 9504 9518 9510
25878 6328 6345 6357 6364
25879 6801 6804 6803 6798
25880 9527 9521 9524 9517
25881 7792 7795 7794 7784
25882 6326 6324 6376 6318
25883 3245 3242 3183 3246
25884 4948 4950 4916 4943
25885 6304 6363 6356 6306
25886 9557 11610 9513 9566
25887 9557 9565 9567 9524
25888 2089 2488 2487 2083
25889 7016 7010 7014 7009
25890 6314 7014 7010 7005
25891 6299 6313 6297 6311
25892 6290 6363 6358 6309
25893 3832 3875 3878 3876
25894 11616 11610 11619 11618
25895 11616 11617 11619 11610
25896 11618 11610 11619 9557
25897 1035 1033 1034 1026
25898 6353 6370 6318 6376
25899 6365 6330 6357 6328
25900 6373 6380 6355 6342
25901 4040 4213 4212 4035
25902 6365 6328 6357 6364
25903 6365 6362 6364 6357
25904 6327 6307 6320 6305
25905 6306 6309 6308 6304
25906 6356 6306 6302 6304
25907 6358 6363 6356 6304
25908 2965 2976 3198 2975
25909 6358 6357 6356 6363
25910 6360 6362 6356 6357
25911 6376 6370 6318 6324
25912 6345 6364 6355 6360
25913 4006 4004 4010 4003
25914 1637 1641 1636 1695
25915 3880 3960 3962 3956
25916 6357 6362 6356 6363
25917 6361 6363 6306 6356
25918 603 698 694 597
25919 706 654 653 709
25920 3229 3223 3241 3228
25921 764 755 756 731
25922 700 613 693 611
25923 3845 3878 3844 3875
25924 700 696 699 693
25925 3969 3971 3862 3866
25926 4244 4232 4235 4246
25927 1220 1424 1219 1422
25928 710 414 705 656
25929 691 699 696 710
25930 4222 4014 4221 4199
25931 3841 4025 3853 3839
25932 4033 4031 4035 4040
25933 6324 6315 6318 6325
25934 3245 3241 3183 3242
25935 4182 4174 4172 4175
25936 6354 6361 6353 6359
25937 6302 6305 6303 6306
25938 6318 6326 6322 6353
25939 3946 3942 3947 3944
25940 6371 6378 6353 6354
25941 6371 6376 6353 6378
25942 3945 3954 3947 3944
25943 4039 4029 4021 4028
25944 821 820 846 829
25945 6376 6361 6326 6353
25946 6354 6378 6353 6361
25947 3841 3936 3937 3833
25948 420 435 433 436
25949 6353 6326 6322 6361
25950 3944 3954 3946 3950
25951 3185 3193 3192 3186
25952 6359 6361 6302 6356
25953 6320 6327 6319 6316
25954 6302 6361 6322 6326
25955 6356 6361 6302 6306
25956 791 800 804 799
25957 6320 6303 6319 6305
25958 6353 6361 6322 6359
25959 6302 6305 6319 6303
25960 6303 6305 6320 6307
25961 6325 6326 6319 6321
25962 6302 6326 6319 6305
25963 6325 6305 6327 6319
25964 90 275 274 282
25965 10028 10031 10029 10023
25966 873 880 871 887
25967 288 296 286 294
25968 748 732 792 749
25969 5996 5999 5997 5901
25970 194 184 183 188
25971 297 277 276 273
25972 3202 3205 3204 3199
25973 282 280 274 90
25974 725 726 669 674
25975 3844 3947 3949 3832
25976 678 676 685 679
25977 3187 3185 3186 3193
25978 745 757 756 765
25979 3220 3208 3193 3187
25980 3187 3184 3220 3216
25981 3220 3218 3214 3185
25982 9471 9447 9317 9327
25983 800 798 799 791
25984 770 776 782 777
25985 6713 6702 6698 6714
25986 875 824 817 819
25987 731 755 756 728
25988 275 91 598 95
25989 875 819 791 800
25990 871 880 872 876
25991 275 95 598 688
25992 9476 9477 9478 9475
25993 282 281 274 280
25994 282 276 277 274
25995 282 275 274 277
25996 275 277 273 274
25997 840 833 831 832
25998 861 863 857 856
25999 279 278 272 281
26000 185 184 183 181
26001 859 885 886 883
26002 281 280 272 274
26003 811 824 800 819
26004 823 820 821 826
26005 3874 3865 3873 3858
26006 740 732 792 793
26007 7154 7150 7153 7151
26008 3866 3969 3860 3862
26009 278 279 271 189
26010 4781 4817 4816 4789
26011 698 679 694 597
26012 659 661 660 651
26013 302 293 287 284
26014 827 833 818 828
26015 647 645 674 725
26016 770 795 771 769
26017 770 768 771 795
26018 731 729 730 863
26019 3969 3971 3866 3975
26020 3336 3338 3364 3335
26021 3212 3971 3970 3219
26022 3219 3212 3213 3215
26023 3212 3219 3970 3218
26024 297 276 289 273
26025 7761 7770 7778 7769
26026 3238 3243 3237 3239
26027 325 319 324 326
26028 296 686 297 677
26029 318 319 324 325
26030 4226 4223 4224 4228
26031 3238 3236 3237 3228
26032 871 873 872 880
26033 189 279 271 192
26034 782 768 780 776
26035 4033 4031 4040 4039
26036 686 273 677 680
26037 4756 4805 4742 4797
26038 273 686 677 297
26039 875 800 791 879
26040 791 799 796 798
26041 803 798 802 796
26042 769 766 746 774
26043 5038 5040 5055 5031
26044 4038 4056 4065 4058
26045 3969 3971 3975 3968
26046 791 879 870 875
26047 789 1013 781 788
26048 818 822 825 820
26049 726 722 719 703
26050 740 793 792 802
26051 795 802 792 796
26052 803 801 771 795
26053 749 774 801 748
26054 288 677 286 296
26055 3977 3982 3979 3978
26056 3970 3974 3966 3967
26057 3214 3218 3210 3211
26058 802 749 801 792
26059 780 768 813 776
26060 3967 3223 3210 3217
26061 686 677 684 678
26062 5438 5289 5304 5444
26063 816 808 781 1030
26064 431 437 427 779
26065 696 709 693 692
26066 3865 3870 3859 3869
26067 695 709 696 692
26068 3863 3862 3867 3860
26069 696 709 710 693
26070 3202 3216 3199 3204
26071 795 803 797 768
26072 3970 3968 3975 3971
26073 1772 1776 1784 1770
26074 8459 8452 8455 8448
26075 775 766 767 770
26076 775 770 771 769
26077 9535 9539 9586 9537
26078 3235 3223 3227 3217
26079 795 796 797 803
26080 11146 11130 11151 11145
26081 6795 6791 6788 6810
26082 718 724 721 723
26083 3878 3881 3880 3871
26084 770 768 782 776
26085 3937 4086 3841 3837
26086 1756 1761 1754 1729
26087 978 961 973 982
26088 431 430 427 437
26089 1724 1717 1754 1735
26090 823 967 821 1028
26091 772 775 774 766
26092 770 769 775 766
26093 774 766 775 769
26094 768 803 771 795
26095 797 768 813 807
26096 1033 806 810 808
26097 3202 3215 3199 3216
26098 3971 3212 3213 3219
26099 822 818 825 819
26100 676 675 684 683
26101 678 675 684 676
26102 677 675 684 678
26103 677 296 684 675
26104 684 682 683 675
26105 687 698 681 679
26106 609 607 599 606
26107 11216 11134 11133 11130
26108 3926 3925 3935 3930
26109 673 660 674 666
26110 3833 3834 3840 3835
26111 3840 3844 3949 3835
26112 9330 9321 9324 9331
26113 3213 3215 3221 3219
26114 3835 3943 3949 3840
26115 598 607 599 600
26116 3203 2977 2976 2985
26117 3864 3880 3873 3956
26118 693 700 697 694
26119 970 853 829 846
26120 419 433 414 415
26121 785 777 767 778
26122 3860 3861 3867 3863
26123 684 676 685 678
26124 723 726 724 721
26125 706 709 710 654
26126 685 679 687 678
26127 685 683 695 676
26128 686 688 277 680
26129 597 600 599 604
26130 3875 3821 3845 3884
26131 826 970 829 821
26132 1763 1761 1762 1756
26133 2970 2965 3198 2962
26134 970 965 821 963
26135 825 819 811 822
26136 676 679 692 685
26137 1655 1651 1652 1663
26138 7405 7418 7406 7412
26139 430 433 427 435
26140 668 666 673 665
26141 656 419 414 417
26142 3198 3196 3201 2962
26143 787 776 777 782
26144 784 816 814 781
26145 702 429 707 708
26146 4246 4232 4235 4233
26147 3872 3883 3874 3882
26148 726 709 653 660
26149 3869 3897 3859 3882
26150 3872 3890 3877 3892
26151 713 712 421 710
26152 4228 4232 4231 4233
26153 710 696 691 709
26154 1757 1762 1742 1755
26155 1746 1743 1742 1666
26156 3220 3215 3202 3216
26157 3867 3863 3201 3862
26158 781 788 783 789
26159 783 789 784 781
26160 807 805 810 809
26161 3868 2970 2962 2963
26162 3870 2970 3863 3868
26163 3201 3866 3867 3862
26164 2970 3867 3870 3863
26165 7692 7690 7688 7668
26166 698 600 681 597
26167 687 679 681 678
26168 597 679 681 698
26169 783 780 784 782
26170 776 782 784 780
26171 678 680 681 687
26172 2962 3863 3201 2970
26173 603 601 694 613
26174 603 597 694 601
26175 2963 2970 2962 2965
26176 4755 4804 4756 4796
26177 3854 3842 3853 3848
26178 3839 3851 4025 3853
26179 2975 2976 3200 2977
26180 692 693 697 694
26181 692 696 697 693
26182 695 697 685 692
26183 692 679 697 685
26184 694 679 697 692
26185 3863 2970 2962 3868
26186 822 826 825 820
26187 3203 3198 3197 3201
26188 2962 3196 3201 3863
26189 3201 2976 3203 3198
26190 680 686 687 678
26191 809 805 811 804
26192 610 607 606 97
26193 277 95 282 275
26194 680 275 688 277
26195 606 607 599 598
26196 9108 9296 9295 9292
26197 600 687 698 681
26198 1983 1986 1981 1984
26199 824 828 827 818
26200 684 687 686 678
26201 3203 3221 3201 3197
26202 3200 3198 3197 3203
26203 805 804 809 807
26204 3200 3203 3197 3199
26205 3213 3862 3221 3196
26206 3673 4192 4193 4187
26207 3196 3862 3221 3201
26208 3213 3196 3221 3197
26209 813 799 803 797
26210 5817 5819 5797 5810
26211 3832 3942 3949 3835
26212 4038 4030 4039 4028
26213 3879 3875 3845 3884
26214 3949 3946 3948 3942
26215 3862 3213 3221 3971
26216 3219 3971 3221 3213
26217 3975 3221 3219 3971
26218 681 600 599 597
26219 804 797 809 807
26220 804 799 809 797
26221 598 600 599 681
26222 812 806 823 805
26223 805 822 812 811
26224 825 812 826 822
26225 609 602 599 604
26226 807 768 813 780
26227 812 805 810 806
26228 4065 4007 4038 4060
26229 95 91 598 607
26230 606 607 598 91
26231 1655 1661 1669 1656
26232 822 819 811 804
26233 10688 10693 10690 10685
26234 608 609 599 606
26235 609 608 599 602
26236 982 853 968 973
26237 2123 2119 2095 2117
26238 810 815 812 806
26239 1028 806 823 815
26240 1666 1743 1667 1746
26241 840 854 842 843
26242 805 822 823 812
26243 809 814 810 807
26244 1028 815 823 967
26245 815 826 812 823
26246 968 965 846 970
26247 963 967 821 970
26248 781 808 814 780
26249 781 780 814 784
26250 780 807 814 813
26251 780 808 814 807
26252 776 814 813 780
26253 8728 8732 8731 8726
26254 973 853 844 855
26255 9470 9468 9462 9446
26256 845 852 843 844
26257 2120 2128 2119 2126
26258 1772 1770 1733 1768
26259 1756 1757 1755 1762
26260 1806 1766 1769 1774
26261 1765 1774 1773 1769
26262 845 833 843 852
26263 820 828 845 829
26264 9330 9331 9322 9321
26265 1807 1806 1769 1774
26266 1774 1771 1769 1807
26267 1774 1773 1769 1771
26268 829 852 828 845
26269 3241 3235 3217 3223
26270 846 829 845 853
26271 9311 9316 9309 9137
26272 1772 1768 1733 1741
26273 1741 1731 1733 1739
26274 3962 3956 3938 3880
26275 863 868 865 861
26276 846 853 844 973
26277 845 853 844 846
26278 1770 1771 1768 1773
26279 1769 1773 1768 1771
26280 1737 1761 1756 1729
26281 1744 1747 1757 1764
26282 1468 1673 1667 1743
26283 1730 1739 1732 1733
26284 2128 2126 2120 2129
26285 2117 2092 2095 2096
26286 1662 1651 1655 1663
26287 9334 9340 9332 9335
26288 9314 9313 9308 9305
26289 9315 9313 9308 9314
26290 9314 9700 9309 9143
26291 9330 9321 9322 9329
26292 1739 1736 1737 1730
26293 1737 1735 1761 1729
26294 1769 1766 1759 1765
26295 1765 1763 1764 1758
26296 9139 9123 9312 9340
26297 9310 9312 9322 9315
26298 9139 9311 9137 9316
26299 9311 9316 9312 9315
26300 1746 1666 1671 1667
26301 9316 9139 9312 9340
26302 1734 2108 1728 2121
26303 1467 1673 1667 1468
26304 1764 1766 1765 1759
26305 1749 1751 1759 1766
26306 1748 1743 1744 1750
26307 769 801 792 795
26308 1769 1806 1759 1766
26309 1749 1766 1759 1806
26310 9334 9341 9340 9335
26311 9339 9333 9334 9338
26312 1640 1665 1647 1760
26313 1751 1747 1750 1744
26314 1759 1751 1744 1764
26315 1759 1749 1744 1751
26316 1748 1751 1744 1749
26317 1762 1764 1763 1757
26318 1768 1765 1758 1741
26319 1759 1764 1758 1765
26320 1769 1765 1758 1768
26321 1759 1765 1758 1769
26322 1757 1759 1744 1764
26323 2128 2127 2119 2125
26324 1737 1741 1739 1731
26325 840 852 843 833
26326 1730 1736 1737 1729
26327 1763 1741 1731 1758
26328 1770 1784 1767 1780
26329 9318 9471 9463 9317
26330 1007 1012 1010 1004
26331 9472 9345 9328 9343
26332 2109 2111 1711 2110
26333 1718 1728 1727 1734
26334 3750 3766 3751 3760
26335 1683 1677 1680 1676
26336 10022 9973 9974 9972
26337 2122 2127 2103 2095
26338 9465 9320 9467 9471
26339 9310 9329 9319 9307
26340 817 881 832 827
26341 9328 9321 9324 9330
26342 2128 2120 2119 2124
26343 872 876 874 871
26344 1714 1723 1716 1717
26345 2131 2099 2094 2100
26346 9465 9470 9462 9463
26347 9485 9423 9420 9424
26348 1737 1731 1739 1730
26349 9326 9447 9317 9440
26350 9327 9447 9317 9326
26351 1779 2129 2120 2126
26352 9469 9468 9462 9470
26353 827 833 832 817
26354 9320 9323 9467 9472
26355 1784 1740 1772 1767
26356 10380 10367 10366 10359
26357 848 842 843 831
26358 2103 2122 2095 2096
26359 840 833 832 827
26360 188 184 183 185
26361 9095 9078 9084 9076
26362 1772 1739 1741 1733
26363 2124 2129 2128 2120
26364 1740 1733 1767 1732
26365 3646 3672 3671 3674
26366 1784 2129 1767 1779
26367 1780 1784 1767 1779
26368 9328 9472 9343 9323
26369 9330 9331 9324 9333
26370 1726 1718 1716 1727
26371 9325 9348 9347 9345
26372 9337 9325 9345 9348
26373 9328 9337 9330 9325
26374 9330 9328 9325 9324
26375 9324 9333 9325 9330
26376 9476 9485 9480 9479
26377 9324 9328 9320 9321
26378 9467 9470 9465 9471
26379 6232 6275 6225 6231
26380 9469 9412 9470 9466
26381 9415 9422 9409 9424
26382 9470 9472 9471 9467
26383 9468 9461 9475 9462
26384 1651 1648 1638 1653
26385 9328 9471 9472 9320
26386 9327 9321 9320 9328
26387 891 830 873 839
26388 9407 9485 9466 9411
26389 9446 9437 9462 9463
26390 2112 2116 2109 2108
26391 9467 9412 9466 9470
26392 2125 2127 2095 2099
26393 2117 2096 2095 2122
26394 2120 1732 2118 2124
26395 2116 2111 2112 2109
26396 891 881 839 873
26397 3185 3217 3218 3211
26398 9422 9424 9420 9409
26399 9462 9464 9475 9469
26400 2948 3000 2930 2939
26401 1713 2112 2111 1711
26402 9470 9446 9463 9471
26403 9317 9447 9463 9438
26404 9446 9438 9463 9447
26405 9414 9346 9344 9410
26406 1718 1725 1711 2112
26407 9470 9446 9462 9463
26408 9447 9471 9463 9446
26409 9317 9471 9463 9447
26410 9343 9472 9408 9323
26411 9318 9471 9465 9463
26412 9407 9485 9480 9466
26413 9411 9485 9466 9469
26414 3957 3951 3979 3958
26415 747 757 743 753
26416 9464 9470 9462 9465
26417 9414 9411 9413 9409
26418 9475 9484 9478 9476
26419 563 577 565 562
26420 9464 9467 9466 9470
26421 2116 2123 2122 2117
26422 9424 9411 9420 9407
26423 9476 9485 9478 9480
26424 9419 9424 9422 9421
26425 9484 9483 9476 9481
26426 2108 2116 2109 2113
26427 9482 9481 9476 9473
26428 9485 9411 9420 9423
26429 9475 9482 9476 9473
26430 9424 9423 9420 9411
26431 3526 3539 3543 3534
26432 876 877 874 862
26433 5664 5656 5660 5657
26434 9478 9466 9480 9469
26435 2115 2113 2109 2116
26436 896 891 887 890
26437 2101 2100 2096 2102
26438 897 898 895 900
26439 9469 9485 9480 9484
26440 9466 9485 9480 9469
26441 796 793 870 798
26442 9476 9484 9478 9485
26443 9475 9464 9478 9469
26444 9475 9469 9478 9484
26445 879 878 874 875
26446 731 757 759 755
26447 2123 2127 2095 2119
26448 1728 1736 1727 1734
26449 2093 2100 2094 2096
26450 2113 2122 2117 2116
26451 10363 10354 10355 10360
26452 2119 2118 2117 2123
26453 9122 9118 9120 9112
26454 2122 2115 2116 2113
26455 2117 2122 2095 2123
26456 899 900 896 882
26457 882 885 884 900
26458 3974 3218 3967 3970
26459 880 868 876 871
26460 882 900 895 898
26461 907 899 896 908
26462 182 271 185 184
26463 311 271 185 303
26464 900 890 885 889
26465 2096 2091 2092 2094
26466 873 891 896 830
26467 908 830 896 891
26468 900 890 887 885
26469 896 890 887 900
26470 2094 2099 2095 2100
26471 1726 1727 1716 1717
26472 2109 2113 2106 2107
26473 2104 2105 1711 2109
26474 2114 2098 2097 2113
26475 900 907 896 890
26476 908 899 896 834
26477 11568 11566 11567 11564
26478 3243 3269 3244 3234
26479 1747 1762 1742 1757
26480 834 830 896 908
26481 908 890 891 896
26482 2118 2121 2117 2123
26483 2113 2096 2117 2122
26484 2092 2096 2117 2113
26485 1718 2109 1711 2105
26486 900 882 887 896
26487 900 885 887 882
26488 880 890 894 887
26489 873 880 887 891
26490 2119 2127 2095 2125
26491 2100 2103 2095 2096
26492 2100 2099 2095 2103
26493 3973 3965 3966 3967
26494 862 871 874 876
26495 310 304 287 295
26496 860 859 886 883
26497 300 302 301 298
26498 355 360 356 350
26499 280 281 272 278
26500 751 717 714 744
26501 1098 1102 1099 1092
26502 279 312 272 271
26503 271 312 272 304
26504 3238 3228 3222 3236
26505 731 732 764 739
26506 4569 4712 4711 4564
26507 863 729 857 856
26508 868 862 876 871
26509 338 348 351 350
26510 1705 1707 1716 1703
26511 879 876 877 874
26512 315 319 314 322
26513 3244 3272 3271 3265
26514 271 312 304 311
26515 273 276 289 274
26516 889 888 886 900
26517 865 892 886 893
26518 893 888 886 889
26519 303 182 185 181
26520 883 885 886 884
26521 3984 3987 3983 3982
26522 866 735 867 863
26523 753 757 743 754
26524 1761 1724 1760 1754
26525 740 793 733 732
26526 887 885 886 859
26527 303 271 185 182
26528 189 192 185 188
26529 271 311 185 192
26530 3246 3244 3272 3245
26531 9100 9103 9114 9097
26532 182 304 303 271
26533 311 271 303 304
26534 861 859 886 860
26535 730 857 733 863
26536 889 894 890 886
26537 861 860 886 863
26538 735 869 867 863
26539 861 862 857 863
26540 752 764 765 756
26541 861 862 863 868
26542 869 868 863 862
26543 302 299 287 301
26544 737 758 759 731
26545 739 759 764 731
26546 311 309 310 303
26547 865 861 886 863
26548 885 890 886 889
26549 887 894 886 890
26550 887 890 886 885
26551 871 887 886 859
26552 871 894 886 887
26553 865 894 893 886
26554 865 868 886 861
26555 868 894 886 871
26556 861 868 886 862
26557 861 862 886 859
26558 862 871 886 859
26559 862 868 886 871
26560 3270 3234 3243 3230
26561 186 191 190 185
26562 185 303 186 187
26563 3245 3186 3183 3185
26564 3265 3269 3243 3262
26565 3269 3261 3239 3262
26566 304 311 310 303
26567 3241 3242 3245 3244
26568 3186 3245 3246 3192
26569 3243 3265 3240 3242
26570 3262 3265 3240 3243
26571 3222 3227 3226 3223
26572 3228 3234 3229 3230
26573 187 192 191 185
26574 3994 3224 3995 3226
26575 3232 3229 3226 3235
26576 3242 3243 3241 3238
26577 3228 3243 3237 3238
26578 1734 1725 1726 1718
26579 643 638 344 640
26580 3233 3234 3229 3231
26581 3233 3230 3229 3234
26582 312 310 295 304
26583 3223 3229 3241 3235
26584 6192 6196 6195 6191
26585 3243 3228 3241 3238
26586 1691 1694 1695 1688
26587 869 862 858 877
26588 3241 3223 3222 3228
26589 863 862 858 869
26590 3226 3232 3999 3231
26591 3972 3973 3227 3965
26592 9157 9159 9158 9152
26593 4085 3925 3919 3929
26594 3916 3921 3919 3917
26595 3265 3269 3244 3243
26596 3244 3271 3269 3265
26597 3243 3228 3244 3241
26598 3243 3234 3244 3228
26599 3229 3228 3244 3234
26600 3241 3228 3244 3229
26601 3270 3234 3244 3269
26602 3234 3271 3257 3270
26603 3271 3244 3269 3270
26604 675 296 286 677
26605 4935 4938 4937 4930
26606 3967 3218 3210 3970
26607 276 295 297 289
26608 3281 3279 5764 3275
26609 9077 9084 9078 9075
26610 3973 3218 3217 3967
26611 794 802 798 793
26612 334 325 335 328
26613 312 281 279 272
26614 274 276 272 281
26615 762 757 759 758
26616 3211 3218 3210 3217
26617 3183 3185 3211 3245
26618 873 832 872 881
26619 817 881 872 832
26620 312 304 289 272
26621 3989 3998 3988 3993
26622 272 276 289 312
26623 736 739 733 731
26624 2112 1718 1734 2108
26625 765 757 750 745
26626 796 802 792 793
26627 295 304 287 289
26628 749 732 792 740
26629 874 875 870 879
26630 1738 2121 1728 2118
26631 3245 3241 3217 3211
26632 6764 6767 6766 6760
26633 3241 3223 3217 3211
26634 4062 4038 4037 4056
26635 3970 3218 3210 3212
26636 3973 3965 3972 3963
26637 315 641 716 715
26638 877 862 858 874
26639 3939 3940 3941 3924
26640 4165 4169 4162 4166
26641 877 736 794 858
26642 774 801 748 769
26643 764 732 756 749
26644 4001 3973 3972 3963
26645 3967 3965 3227 3973
26646 758 757 759 731
26647 289 297 288 295
26648 1714 1707 1722 1706
26649 798 879 870 791
26650 294 297 295 288
26651 677 296 288 297
26652 740 764 749 732
26653 297 273 288 677
26654 289 273 288 297
26655 6277 6271 6272 6283
26656 774 766 746 772
26657 794 798 870 793
26658 857 862 858 863
26659 682 296 286 675
26660 3973 3963 3966 3965
26661 714 717 716 744
26662 748 801 792 769
26663 749 801 792 748
26664 1688 1637 1636 1695
26665 744 745 746 751
26666 302 284 287 299
26667 3942 3948 3949 3943
26668 336 334 644 325
26669 3970 3968 3966 3974
26670 1681 1690 1675 1689
26671 795 801 792 802
26672 322 717 716 641
26673 1684 1719 1708 1681
26674 769 774 746 748
26675 714 772 746 766
26676 324 284 329 327
26677 315 322 716 641
26678 4058 4057 4065 4060
26679 751 323 717 744
26680 744 717 322 323
26681 1709 1713 1712 1707
26682 3973 3963 3964 3966
26683 314 319 318 322
26684 749 732 756 748
26685 3217 3972 3973 3227
26686 3967 3217 3227 3223
26687 3225 3228 3224 3222
26688 3226 4000 3999 3232
26689 3241 3228 3222 3238
26690 4000 3235 3232 3226
26691 3231 3229 3226 3232
26692 641 715 725 716
26693 3982 3988 3984 3987
26694 3226 3228 3224 3225
26695 3673 3857 4194 4187
26696 3919 3921 3914 3931
26697 3222 3228 3224 3236
26698 325 284 324 285
26699 3235 3223 3226 3227
26700 3235 3229 3226 3223
26701 3227 3972 3226 3235
26702 305 307 306 284
26703 3227 3965 3226 3972
26704 759 762 763 757
26705 762 760 763 757
26706 9848 9846 9816 9840
26707 287 284 285 299
26708 3930 4084 3935 3937
26709 761 757 763 760
26710 4000 3998 3996 3997
26711 3226 3994 3996 3995
26712 3999 4000 3996 3997
26713 3226 4000 3996 3999
26714 3226 3972 3996 4000
26715 3998 3972 4000 3996
26716 9184 9180 9182 9175
26717 3972 3963 3996 4001
26718 3972 3965 3996 3963
26719 3226 3965 3996 3972
26720 3995 3965 3996 3226
26721 181 182 300 303
26722 731 739 733 732
26723 318 321 324 319
26724 3996 3963 3991 4001
26725 182 304 301 303
26726 301 304 287 302
26727 1704 2105 1705 1711
26728 863 735 731 734
26729 733 794 858 793
26730 737 734 731 738
26731 731 738 759 737
26732 738 734 731 735
26733 299 298 301 302
26734 342 314 343 319
26735 313 319 318 314
26736 1722 1714 1716 1707
26737 295 289 287 288
26738 306 307 302 284
26739 298 284 302 299
26740 2115 2110 2111 2109
26741 302 303 301 304
26742 740 732 733 739
26743 310 309 302 303
26744 309 308 302 303
26745 309 306 307 302
26746 307 310 309 302
26747 303 304 302 310
26748 735 739 736 731
26749 754 728 731 727
26750 857 863 730 729
26751 300 303 301 302
26752 695 689 690 726
26753 754 757 731 755
26754 754 755 731 728
26755 727 729 730 731
26756 300 182 301 303
26757 870 793 858 794
26758 748 745 756 752
26759 736 731 733 730
26760 730 863 733 736
26761 320 319 324 321
26762 6013 6010 6012 6006
26763 302 304 287 310
26764 794 877 858 870
26765 2117 2107 2092 2113
26766 357 360 359 355
26767 731 728 730 727
26768 731 735 730 736
26769 8741 8744 8743 8736
26770 759 755 764 731
26771 863 735 730 731
26772 736 735 730 863
26773 728 732 756 731
26774 731 728 733 730
26775 731 732 733 728
26776 794 793 733 740
26777 740 736 739 733
26778 765 752 756 745
26779 759 757 764 755
26780 752 749 756 748
26781 1718 2112 2109 2108
26782 759 765 764 757
26783 302 310 287 293
26784 3939 3948 3928 3934
26785 761 765 763 757
26786 293 295 310 287
26787 288 294 287 295
26788 1703 1706 1701 1702
26789 1704 1711 1705 1707
26790 287 293 285 284
26791 291 284 285 293
26792 8043 8039 8042 8038
26793 287 294 285 293
26794 287 288 285 294
26795 286 294 285 288
26796 292 294 285 286
26797 291 294 293 285
26798 764 757 756 755
26799 765 757 756 764
26800 1706 1719 1681 1708
26801 714 723 716 717
26802 750 745 744 751
26803 2113 2108 2107 2109
26804 326 347 344 316
26805 2277 2284 2276 2282
26806 9346 9414 9351 9416
26807 2111 1712 1713 1711
26808 2107 2109 2104 2106
26809 1638 1637 1639 1641
26810 2112 2121 2116 2108
26811 1710 1708 1719 1706
26812 1736 1726 1735 1727
26813 2113 2091 2106 2092
26814 2116 2113 2108 2117
26815 2113 2092 2106 2107
26816 2117 2118 2108 2121
26817 2117 2121 2108 2116
26818 325 286 641 292
26819 2108 2109 2105 2107
26820 2108 1718 2105 2109
26821 2104 2105 1704 1711
26822 1707 1725 1716 1722
26823 1703 1707 1702 1705
26824 1718 1734 1727 1726
26825 3989 3988 3982 3993
26826 1732 1738 1728 2118
26827 1732 1730 1728 1738
26828 4001 3958 3957 3979
26829 1736 1729 1727 1735
26830 2140 2150 2149 2139
26831 1730 1736 1727 1728
26832 1730 1729 1727 1736
26833 1691 1694 1689 1692
26834 292 335 336 325
26835 1705 1707 1702 1704
26836 8263 8260 8261 8258
26837 1678 1683 1682 1676
26838 1712 1711 1707 1713
26839 640 348 344 643
26840 1729 1735 1717 1727
26841 1727 1735 1717 1726
26842 1715 1721 1692 1714
26843 8707 8705 8679 8698
26844 1717 1723 1724 1715
26845 1726 1717 1716 1723
26846 1666 1667 1663 1671
26847 1714 1706 1722 1720
26848 1722 1719 1720 1706
26849 9592 9668 9584 9620
26850 1706 1707 1702 1703
26851 4107 4093 4112 4116
26852 1723 1715 1714 1721
26853 1705 1711 1716 1707
26854 725 639 720 715
26855 1725 1718 1716 1726
26856 1693 1692 1700 1695
26857 1681 1692 1690 1694
26858 8390 8393 8391 8384
26859 1707 1711 1716 1725
26860 1718 1725 1716 1711
26861 1705 1718 1716 1711
26862 292 291 325 285
26863 1710 1725 1713 1707
26864 285 291 325 284
26865 1723 1720 1721 1714
26866 1703 1707 1714 1706
26867 285 286 325 292
26868 3996 3992 3993 3991
26869 741 318 747 742
26870 1677 1689 1674 1687
26871 748 752 746 745
26872 360 334 331 356
26873 341 340 343 347
26874 754 755 753 757
26875 342 347 343 340
26876 2997 3000 2999 2991
26877 1653 1638 1662 1639
26878 744 751 746 714
26879 326 319 324 327
26880 325 284 329 324
26881 3987 3997 3982 3988
26882 747 753 743 742
26883 745 757 753 756
26884 4856 4858 4854 4845
26885 1706 1714 1692 1720
26886 313 317 318 319
26887 362 348 351 643
26888 362 334 356 347
26889 356 348 344 347
26890 4001 3998 3991 3996
26891 742 741 743 747
26892 321 319 747 320
26893 324 326 329 328
26894 290 305 329 284
26895 3991 4001 3993 3998
26896 322 319 318 325
26897 3994 3995 3991 3996
26898 3996 3965 3991 3963
26899 322 325 318 323
26900 325 321 324 318
26901 3977 3982 3978 3985
26902 285 284 324 299
26903 290 284 329 291
26904 327 319 324 320
26905 325 326 324 328
26906 327 299 324 284
26907 1685 1684 1680 1681
26908 298 299 327 284
26909 318 319 747 321
26910 317 318 747 741
26911 317 319 747 318
26912 744 745 747 742
26913 761 757 747 750
26914 761 321 747 320
26915 318 321 747 323
26916 761 760 747 757
26917 320 760 747 761
26918 750 745 747 744
26919 750 757 747 745
26920 321 750 761 747
26921 742 318 747 322
26922 323 322 747 318
26923 744 323 747 750
26924 742 322 747 744
26925 323 744 747 322
26926 325 291 329 284
26927 324 328 329 325
26928 331 328 356 334
26929 332 290 305 329
26930 3993 3996 3982 3992
26931 328 329 333 332
26932 330 328 356 331
26933 350 348 356 346
26934 3978 3958 3979 3951
26935 638 645 640 643
26936 3957 4001 3979 3963
26937 3982 3989 3979 3978
26938 3982 3993 3979 3989
26939 3982 3981 3985 3977
26940 3991 3998 3993 3996
26941 3957 3963 3979 3951
26942 3997 3998 3982 3988
26943 3996 3998 3982 3997
26944 347 341 344 316
26945 3986 3982 3984 3981
26946 4124 4051 4118 4119
26947 3966 3968 3964 3974
26948 329 325 335 291
26949 3964 3959 3952 3955
26950 3993 4001 3979 3989
26951 3958 3986 3941 3978
26952 316 639 344 641
26953 3991 4001 3979 3993
26954 3991 3963 3979 4001
26955 11579 11576 11578 11571
26956 330 333 332 328
26957 11165 11162 11182 11156
26958 325 292 641 336
26959 333 291 290 329
26960 333 328 335 329
26961 1721 1692 1700 1693
26962 3951 3963 3964 3957
26963 651 366 661 364
26964 3959 3951 3964 3957
26965 9108 9115 9104 9099
26966 3973 3957 3964 3963
26967 329 328 335 325
26968 328 326 334 325
26969 3974 3973 3964 3966
26970 3957 3974 3973 3964
26971 3974 3968 3952 3975
26972 3959 3975 3974 3952
26973 322 744 716 717
26974 717 772 751 714
26975 641 315 639 715
26976 785 778 767 701
26977 641 323 325 322
26978 286 682 641 292
26979 675 682 641 286
26980 336 682 292 641
26981 362 643 344 348
26982 1699 1644 1700 1695
26983 1670 1666 1745 1665
26984 4161 4166 4104 4102
26985 1677 1685 1680 1681
26986 3853 3840 3841 3834
26987 646 689 648 725
26988 644 648 336 641
26989 703 726 704 719
26990 4064 4127 4059 4124
26991 5912 6003 5995 6001
26992 4088 4043 4054 4068
26993 637 645 640 670
26994 6012 6008 6004 6005
26995 645 642 672 637
26996 331 359 360 356
26997 3974 3959 3952 3964
26998 644 325 643 641
26999 4146 4173 4157 4148
27000 725 638 669 720
27001 371 365 368 364
27002 643 646 644 641
27003 641 645 638 643
27004 3833 3936 3926 3943
27005 10538 10507 10539 10533
27006 347 348 341 346
27007 662 637 640 670
27008 351 348 339 640
27009 1681 1701 1675 1690
27010 345 340 341 347
27011 326 325 344 347
27012 4089 4084 3935 4083
27013 3939 3943 3928 3948
27014 669 674 671 670
27015 665 664 671 670
27016 4184 4188 4185 4192
27017 644 362 643 325
27018 706 709 703 705
27019 2251 2429 2252 2255
27020 347 346 356 348
27021 355 346 356 347
27022 337 346 338 355
27023 4087 4056 4054 4062
27024 350 348 351 356
27025 17 23 20 35
27026 346 355 356 350
27027 639 641 316 315
27028 355 346 347 345
27029 3914 3919 3915 3916
27030 3917 3911 3916 3912
27031 662 637 339 640
27032 3917 3921 3919 3920
27033 4074 4078 4072 4073
27034 349 358 350 353
27035 1682 1685 1684 1680
27036 358 357 349 355
27037 350 360 356 362
27038 1692 1694 1695 1691
27039 353 361 358 350
27040 356 348 351 362
27041 352 358 357 349
27042 1586 1591 1585 1656
27043 350 349 338 355
27044 316 325 344 326
27045 351 640 339 637
27046 4071 4075 4068 4070
27047 350 346 338 348
27048 4042 4075 4068 4043
27049 349 355 350 358
27050 4056 4030 4058 4038
27051 362 358 361 350
27052 355 360 350 358
27053 356 362 344 348
27054 347 325 344 362
27055 325 315 316 641
27056 638 641 344 639
27057 314 319 342 313
27058 334 328 347 326
27059 347 346 341 345
27060 641 645 725 638
27061 334 325 347 362
27062 334 326 347 325
27063 326 347 316 343
27064 342 319 343 347
27065 4018 4022 4019 4020
27066 316 641 344 325
27067 362 325 344 643
27068 347 319 343 326
27069 347 348 344 341
27070 347 362 344 356
27071 1689 1674 1675 1680
27072 326 319 316 325
27073 315 325 316 319
27074 343 319 316 326
27075 343 314 316 319
27076 315 319 316 314
27077 643 641 344 638
27078 643 325 344 641
27079 356 362 351 350
27080 675 682 725 641
27081 354 642 361 351
27082 642 637 351 663
27083 361 643 362 351
27084 643 637 351 642
27085 640 643 351 348
27086 637 643 351 640
27087 1686 1721 1720 1692
27088 1696 1699 1698 1694
27089 4107 4131 4122 4123
27090 1681 1706 1690 1692
27091 1695 1641 1643 1644
27092 720 726 669 725
27093 1697 1694 1695 1699
27094 7636 7641 7640 7635
27095 1688 1694 1687 1691
27096 1706 1714 1690 1692
27097 1695 1644 1693 1641
27098 1691 1688 1695 1637
27099 1677 1679 1676 1683
27100 1692 1694 1681 1686
27101 1719 1706 1681 1720
27102 1685 1720 1719 1681
27103 1692 1686 1681 1720
27104 1692 1720 1681 1706
27105 1677 1689 1687 1694
27106 1683 1676 1680 1682
27107 1677 1681 1680 1689
27108 1679 1698 1683 1677
27109 1698 1694 1677 1696
27110 1686 1694 1677 1698
27111 1690 1681 1677 1689
27112 1690 1694 1677 1681
27113 1689 1694 1677 1690
27114 1686 1683 1698 1677
27115 1681 1694 1677 1686
27116 1681 1686 1677 1685
27117 1698 1700 1686 1694
27118 4043 4044 4042 4048
27119 1695 1644 1700 1693
27120 1686 1694 1700 1692
27121 1695 1692 1700 1694
27122 1640 1715 1646 1693
27123 838 854 851 848
27124 1695 1694 1700 1699
27125 128 120 126 118
27126 1656 1650 1585 1586
27127 551 539 550 538
27128 1692 1715 1693 1721
27129 1697 1643 1699 1695
27130 1591 1587 1585 1597
27131 1695 1637 1693 1691
27132 1695 1691 1693 1692
27133 1653 1641 1645 1659
27134 1673 1671 1672 1667
27135 1668 1653 1655 1662
27136 704 726 720 719
27137 1588 1587 1586 1591
27138 1661 1657 1658 1655
27139 1648 1653 1651 1649
27140 1754 1756 1755 1761
27141 3890 3889 3884 3892
27142 1660 1653 1657 1655
27143 9567 9573 9572 9565
27144 5858 5861 5856 5857
27145 1642 1659 1643 1641
27146 1715 1640 1646 1724
27147 1642 1641 1643 1695
27148 725 645 669 638
27149 1659 1668 1645 1653
27150 1467 1672 1664 1667
27151 1660 1654 1657 1653
27152 1723 1735 1726 1717
27153 1700 1646 1721 1693
27154 1639 1644 1645 1641
27155 1639 1641 1645 1653
27156 6440 6443 6441 6433
27157 1643 1645 1644 1641
27158 1754 1760 1755 1640
27159 9318 9321 9320 9327
27160 1742 1665 1745 1666
27161 1644 1647 1646 1639
27162 1640 1639 1647 1665
27163 1662 1665 1647 1639
27164 1662 1639 1647 1645
27165 1744 1747 1742 1757
27166 1742 1666 1745 1746
27167 1467 1588 1664 1672
27168 1746 1670 1671 1666
27169 1760 1762 1761 1755
27170 1662 1665 1670 1647
27171 415 417 414 419
27172 1662 1653 1655 1651
27173 1645 1653 1668 1662
27174 1668 1662 1655 1663
27175 1670 1645 1668 1662
27176 3861 3870 3859 3867
27177 1655 1649 1652 1651
27178 1655 1668 1660 1653
27179 2789 2783 2785 2788
27180 1650 1649 1652 1655
27181 1670 1662 1663 1666
27182 1668 1662 1663 1670
27183 1656 1593 1669 1664
27184 3961 3951 3955 3959
27185 4212 4216 4185 4209
27186 1670 1666 1663 1671
27187 1663 1655 1669 1656
27188 1653 1649 1655 1651
27189 367 368 364 371
27190 710 656 705 706
27191 1671 1663 1669 1664
27192 3853 3838 3849 3834
27193 3854 3857 3830 3852
27194 1655 1650 1656 1652
27195 1586 1652 1656 1650
27196 661 654 710 709
27197 651 364 365 366
27198 3900 3870 3859 3861
27199 722 724 701 708
27200 3857 3830 3852 3856
27201 428 433 414 419
27202 8413 8389 8412 8408
27203 1669 1660 1661 1655
27204 1663 1668 1669 1655
27205 1592 1593 1656 1591
27206 1661 1593 1669 1656
27207 1601 1592 1656 1591
27208 1658 1592 1661 1656
27209 1668 1671 1670 1663
27210 1663 1655 1656 1652
27211 1672 1669 1593 1664
27212 4034 4212 4035 4040
27213 417 655 656 419
27214 1593 1591 1664 1656
27215 1593 1588 1664 1591
27216 1586 1591 1664 1588
27217 1656 1591 1664 1586
27218 1656 1586 1664 1652
27219 1656 1652 1664 1663
27220 4103 4227 4225 4229
27221 371 373 364 367
27222 367 373 364 370
27223 653 709 704 706
27224 367 370 363 375
27225 364 370 363 367
27226 6231 6234 6229 6232
27227 674 645 665 670
27228 4018 4026 4019 4022
27229 3946 3950 3941 3940
27230 3975 3969 3952 3953
27231 4215 4211 4210 4217
27232 3842 3834 3836 3835
27233 651 658 650 364
27234 363 364 650 658
27235 693 611 710 699
27236 783 790 779 787
27237 421 661 373 710
27238 419 655 710 373
27239 699 611 710 419
27240 786 790 787 779
27241 725 726 721 719
27242 3880 3947 3878 3938
27243 707 709 722 708
27244 724 709 708 722
27245 703 709 722 707
27246 712 660 661 709
27247 4034 4040 4035 4031
27248 3889 3828 3884 3892
27249 658 373 661 655
27250 651 657 661 660
27251 651 658 661 657
27252 660 709 653 654
27253 3833 3943 3840 3936
27254 660 657 661 654
27255 3823 3821 3884 3828
27256 706 654 710 656
27257 3823 3828 3884 3889
27258 660 654 661 709
27259 3883 3865 3881 3874
27260 3865 3870 3867 3859
27261 3885 3890 3872 3892
27262 3883 3882 3872 3885
27263 3959 3951 3955 3964
27264 3873 3881 3871 3880
27265 3882 3883 3874 3869
27266 3962 3954 3938 3956
27267 3883 3885 3872 3892
27268 711 691 690 709
27269 3881 3865 3873 3874
27270 3870 3897 3859 3869
27271 3859 3867 3858 3861
27272 3860 3861 3858 3867
27273 715 641 725 639
27274 3881 3883 3874 3872
27275 3611 3458 3590 3603
27276 11253 10740 11254 10737
27277 435 433 428 419
27278 661 709 710 712
27279 419 421 710 713
27280 690 696 695 709
27281 699 419 710 713
27282 699 696 710 693
27283 419 373 710 421
27284 437 430 427 435
27285 428 414 705 710
27286 708 786 785 702
27287 4026 4023 4024 4018
27288 428 429 702 427
27289 3900 3897 3859 3870
27290 665 666 673 674
27291 3867 3866 3858 3860
27292 3864 3867 3866 3858
27293 3859 3865 3858 3867
27294 3873 3956 3953 3864
27295 641 682 725 648
27296 674 645 669 725
27297 725 648 646 641
27298 787 777 778 782
27299 785 787 777 778
27300 779 786 778 787
27301 773 772 718 766
27302 726 724 721 722
27303 429 428 707 710
27304 710 708 709 707
27305 779 787 778 783
27306 782 783 778 787
27307 3878 3875 3879 3876
27308 778 779 702 786
27309 427 786 702 779
27310 4219 4213 4198 4211
27311 3874 3881 3871 3873
27312 3874 3872 3871 3881
27313 714 766 718 772
27314 714 723 721 716
27315 773 777 775 767
27316 3854 3843 3848 3820
27317 4025 4018 4019 4016
27318 3873 3880 3938 3956
27319 3871 3880 3938 3873
27320 3975 3968 3952 3969
27321 3961 3950 3955 3951
27322 703 709 726 722
27323 3866 3969 3953 3860
27324 701 773 767 785
27325 638 639 720 725
27326 719 726 720 725
27327 725 715 720 719
27328 777 782 767 778
27329 3955 3959 3952 3960
27330 3960 3864 3953 3956
27331 3960 3866 3975 3953
27332 3864 3858 3953 3873
27333 5656 5660 5657 5654
27334 708 785 701 702
27335 724 785 773 701
27336 725 641 646 645
27337 660 711 726 709
27338 726 660 653 674
27339 3195 3101 3180 3094
27340 690 709 726 711
27341 692 709 726 695
27342 695 676 726 692
27343 726 703 704 709
27344 690 695 726 709
27345 683 676 726 695
27346 674 670 669 645
27347 638 645 669 670
27348 3854 3851 3849 3853
27349 772 723 718 714
27350 701 722 718 724
27351 653 674 669 726
27352 3962 3956 3955 3954
27353 3962 3954 3955 3961
27354 3959 3962 3960 3955
27355 3962 3946 3947 3954
27356 3960 3956 3955 3962
27357 773 723 724 718
27358 718 723 721 714
27359 719 715 721 725
27360 2660 2655 2656 2651
27361 767 773 718 766
27362 701 773 718 767
27363 725 715 721 716
27364 726 647 725 689
27365 683 682 725 675
27366 676 683 725 675
27367 726 683 725 676
27368 648 683 682 725
27369 689 683 725 726
27370 4101 4098 4099 4104
27371 4039 4032 4008 4033
27372 4040 4021 4039 4029
27373 943 934 930 929
27374 671 666 649 664
27375 653 726 704 709
27376 711 674 660 726
27377 720 704 669 726
27378 726 647 674 725
27379 657 651 649 666
27380 663 672 642 637
27381 4015 4023 4018 4017
27382 650 651 649 657
27383 666 664 671 665
27384 653 674 671 669
27385 3066 3075 3068 3074
27386 6560 6500 6552 6558
27387 3876 3877 3879 3871
27388 44 54 45 48
27389 660 674 671 653
27390 653 657 671 660
27391 674 660 671 666
27392 657 666 671 660
27393 667 673 672 665
27394 665 637 672 667
27395 5558 5820 5561 5554
27396 665 645 672 637
27397 4037 4028 4021 4017
27398 4029 4017 4021 4028
27399 4083 4084 3935 3929
27400 4038 4032 4039 4030
27401 668 659 673 666
27402 4016 4023 4018 4015
27403 3978 3989 3986 3982
27404 4101 4223 4225 4227
27405 11672 11635 11666 11638
27406 6522 6519 6521 6515
27407 3948 3941 3934 3939
27408 3937 3936 3926 3833
27409 3840 3834 3842 3835
27410 6531 6536 6528 6535
27411 4139 4150 4149 4151
27412 3844 3832 3836 3875
27413 4226 4233 4230 4228
27414 4007 4032 4060 4003
27415 4007 4003 4060 4002
27416 4066 4009 4007 4002
27417 3930 3937 3935 3926
27418 5982 5986 5979 5968
27419 4003 4004 4008 4032
27420 5887 5878 9554 9558
27421 4166 4102 4161 4165
27422 5980 5986 5979 5982
27423 4160 4144 4141 4140
27424 4102 4103 4104 4100
27425 4423 4381 4425 4422
27426 5841 5859 5862 5855
27427 4248 4207 4200 4203
27428 698 685 697 679
27429 5902 5914 5839 5901
27430 4228 4227 4225 4223
27431 4009 4007 4002 4003
27432 4003 4032 4008 4007
27433 6548 6545 6555 6540
27434 6561 6557 6551 6559
27435 5942 5945 5940 5939
27436 4012 4004 4036 4041
27437 4248 4222 4200 4207
27438 4099 4011 4013 4096
27439 4018 4016 4025 4023
27440 6516 6530 5972 6524
27441 11643 11637 11633 5916
27442 2061 2058 2059 2060
27443 6516 6524 5972 6523
27444 6512 6516 5957 6523
27445 4162 4175 4169 4182
27446 3841 3839 3853 3838
27447 4008 4004 4041 4033
27448 3947 3832 3878 3945
27449 8624 8620 8626 8623
27450 4101 4227 4225 4103
27451 6523 6518 5964 6512
27452 3842 3835 3836 3844
27453 4006 4004 4012 4010
27454 6552 6548 6542 6549
27455 4098 4096 4097 4093
27456 5927 5979 5985 5938
27457 11633 5849 5844 5916
27458 6522 6517 6515 6521
27459 8908 8905 8907 8902
27460 4161 4095 4160 4159
27461 4096 4005 4013 4097
27462 3833 3835 3840 3943
27463 8121 8119 8120 8116
27464 3928 3943 3926 3936
27465 4034 4040 4020 4212
27466 11382 11385 11384 11378
27467 3833 3838 3841 3834
27468 4177 4165 4160 4159
27469 4046 4119 4118 4051
27470 5951 5945 5958 5940
27471 3837 3839 3841 3838
27472 5841 5846 5845 5837
27473 4039 4037 4038 4028
27474 8597 8572 8566 8568
27475 3939 3934 3928 3924
27476 4182 4170 4183 4175
27477 4092 4062 4037 4087
27478 4091 4086 3937 4084
27479 4024 4091 4092 4017
27480 3876 3945 3878 3832
27481 4103 4227 4104 4101
27482 4127 4124 4122 4059
27483 3836 3821 3848 3843
27484 3940 3939 3941 3946
27485 4933 4936 4935 4929
27486 3981 3980 3917 3912
27487 9084 9081 9089 9074
27488 8498 8492 8497 8494
27489 4003 4005 4002 4009
27490 4160 4162 4161 4165
27491 4094 4100 4093 4095
27492 3924 3934 3941 3939
27493 4005 4011 4096 4013
27494 8597 8598 8596 8601
27495 8600 8572 8596 8597
27496 8640 8638 8655 8631
27497 3544 3546 3545 3543
27498 6210 6233 6211 6207
27499 4164 4175 4169 4162
27500 5858 5859 5856 5860
27501 8631 8638 8596 8628
27502 8040 8043 8038 8041
27503 4167 4177 4182 4179
27504 4177 4165 4172 4160
27505 8629 8637 8633 8632
27506 4175 4170 4164 4169
27507 8607 5948 5944 5947
27508 4180 4183 4181 4174
27509 4168 4165 4166 4169
27510 4033 4031 4039 4030
27511 4008 4038 4007 4032
27512 4028 4030 4039 4031
27513 4039 4041 4040 4033
27514 4012 4010 4014 4006
27515 4008 4012 4041 4004
27516 6525 6517 6529 6521
27517 6022 6023 6019 6026
27518 4013 4005 4010 4009
27519 4023 3839 3841 4086
27520 3837 3838 3841 3833
27521 4023 3937 4091 4086
27522 3837 4086 3841 3839
27523 6561 6551 6556 6554
27524 4010 4004 4008 4003
27525 4215 4217 4210 4214
27526 4024 4037 4021 4017
27527 4018 4023 4024 4017
27528 4005 4006 4010 4003
27529 3840 3833 3841 3834
27530 3883 3879 3892 3872
27531 4184 3855 4019 3846
27532 3828 3879 3845 3884
27533 4011 4006 4014 4013
27534 4021 4026 4024 4018
27535 4238 4166 4240 4168
27536 3841 3838 3853 3834
27537 4013 4006 4014 4010
27538 3875 3884 3879 3877
27539 3871 3872 3879 3881
27540 4240 4163 4236 4164
27541 4237 4234 4241 4235
27542 3851 3838 3853 3839
27543 3876 3875 3879 3877
27544 3877 3892 3879 3872
27545 4209 4214 4210 4216
27546 4211 4198 4036 4213
27547 6560 6558 6552 6553
27548 3849 3853 3848 3854
27549 6513 6521 6515 6517
27550 4227 4099 4104 4101
27551 5926 5931 5929 5928
27552 3843 3821 3848 3820
27553 8997 9002 8998 8993
27554 4210 4212 4035 4034
27555 4169 4242 4170 4164
27556 4164 4242 4236 4240
27557 3852 3854 3849 3850
27558 3853 3855 3854 3851
27559 3938 3876 3878 3871
27560 3945 3938 3878 3947
27561 3945 3876 3878 3938
27562 4213 4217 4210 4211
27563 4236 4241 4234 4240
27564 9494 9525 9526 9491
27565 1485 1532 1520 1538
27566 3192 3245 3246 3272
27567 3851 3855 3852 3846
27568 4201 4207 4205 4200
27569 2831 2826 2827 2822
27570 4238 4241 4240 4229
27571 6556 6545 6522 6550
27572 6513 6523 6512 6519
27573 4281 4286 4283 4276
27574 3854 3850 3848 3849
27575 3823 3822 3820 3826
27576 3823 3826 3820 3821
27577 3825 3830 3820 3822
27578 3843 3821 3820 3826
27579 3830 3826 3820 3822
27580 3830 3843 3854 3820
27581 4190 4214 4209 4216
27582 4210 4212 4034 4209
27583 3845 3821 3836 3843
27584 4184 4192 4185 4186
27585 6015 6016 6009 6014
27586 3820 3830 3850 3854
27587 3854 3830 3850 3852
27588 4184 4027 4019 3855
27589 3820 3825 3850 3830
27590 3842 3845 3844 3836
27591 3847 4187 4184 3857
27592 3847 3857 4184 3855
27593 4187 4194 4184 3857
27594 4194 3855 4027 4184
27595 4216 4192 4185 4188
27596 4216 4186 4212 4185
27597 4190 4216 4185 4188
27598 4209 4216 4185 4190
27599 4217 4212 4213 4210
27600 4214 4217 4210 4216
27601 4026 4018 4019 4025
27602 4104 4103 4229 4227
27603 4020 4022 4019 4186
27604 4027 4022 4186 4019
27605 4036 4211 4197 4198
27606 4198 4196 4197 4036
27607 4213 4212 4035 4210
27608 6558 6557 6551 6560
27609 4006 4004 4196 4012
27610 11678 11675 11676 11677
27611 11044 11554 11071 11060
27612 4209 4212 4020 4185
27613 4034 4212 4020 4209
27614 4212 4186 4020 4185
27615 4212 4022 4040 4020
27616 4166 4103 4229 4104
27617 4198 4211 4197 4219
27618 6552 6553 6540 6555
27619 4240 4163 4229 4234
27620 4240 4166 4163 4169
27621 5978 5975 5977 5970
27622 4224 4221 4199 4222
27623 4104 4234 4227 4229
27624 4163 4166 4229 4104
27625 6554 6551 6556 6550
27626 4041 4198 4213 4036
27627 4201 4198 4197 4205
27628 4196 4004 4036 4012
27629 11604 11587 11595 11585
27630 4041 4004 4036 4033
27631 4014 4012 4196 4201
27632 4222 4248 4200 4224
27633 4201 4012 4196 4198
27634 4205 4219 4197 4202
27635 4198 4219 4197 4205
27636 6542 6548 6540 6541
27637 4200 4196 4197 4201
27638 4245 4230 4233 4246
27639 4250 4233 4226 4231
27640 4228 4231 4226 4233
27641 6525 6526 6529 6554
27642 4250 4231 4224 4248
27643 4226 4231 4224 4250
27644 4205 4203 4200 4207
27645 4241 4234 4230 4235
27646 4238 4241 4229 4239
27647 4226 4228 4230 4225
27648 4229 4227 4230 4234
27649 4227 4235 4228 4230
27650 4225 4228 4230 4227
27651 4225 4227 4230 4229
27652 5977 5974 5976 5969
27653 6560 6557 6551 6561
27654 6531 6536 6532 6528
27655 6529 6554 6556 6517
27656 1999 1996 1997 1992
27657 6521 6532 6529 6525
27658 6022 6024 6018 6021
27659 6535 6536 6528 6533
27660 6021 6024 6018 6535
27661 6012 6008 6005 5992
27662 6018 6024 6019 6020
27663 6022 6024 6019 6018
27664 6026 6027 6019 6022
27665 6379 6373 6368 6369
27666 5882 5891 5877 5889
27667 6027 6024 6019 6022
27668 6027 6020 5978 6019
27669 11655 11649 5920 11652
27670 6378 6376 6367 6371
27671 6012 5992 6005 5991
27672 6010 5969 6004 6006
27673 5992 5993 5998 6013
27674 5861 5860 5869 5858
27675 311 279 271 312
27676 4009 4131 4123 4002
27677 11662 11660 11663 11661
27678 6513 6519 6515 6521
27679 6522 6545 6537 6550
27680 5964 5954 6512 6518
27681 6561 6529 6534 6554
27682 6521 6556 6522 6517
27683 5957 6516 5972 6523
27684 5864 5868 5867 5870
27685 5995 6000 5907 5994
27686 5857 5933 5931 5858
27687 5913 5907 5904 5912
27688 5941 5926 5928 5931
27689 5967 5969 5974 5975
27690 11666 11680 11663 11664
27691 4227 4235 4230 4234
27692 5926 5930 5929 5931
27693 5908 5914 5921 5915
27694 6015 5993 6009 6016
27695 5300 5295 5290 5299
27696 5903 5907 5994 5904
27697 6016 6011 6013 6007
27698 35 76 8 74
27699 5991 5997 5901 5996
27700 6019 5970 6011 6007
27701 5914 5906 5901 5902
27702 5905 5999 5901 5906
27703 5994 5906 5901 5999
27704 5839 5996 5984 5901
27705 6016 6014 6007 6009
27706 5891 5907 5910 5909
27707 11655 9559 11656 9553
27708 6369 6502 6542 6505
27709 6547 6541 6540 6548
27710 5904 5995 5907 5994
27711 6551 6560 6553 6558
27712 6532 6526 6529 6525
27713 5911 5912 5904 5995
27714 11637 11634 11635 11633
27715 5889 5891 5909 5913
27716 257 269 225 253
27717 5877 5908 5909 5910
27718 5909 5906 5907 5910
27719 5995 5994 5998 6000
27720 6542 6541 6368 6546
27721 5877 5891 5909 5889
27722 5910 5906 5921 5908
27723 5234 10991 5231 10989
27724 7960 7978 7942 7997
27725 5910 5882 5891 5877
27726 6005 5989 5982 6004
27727 6546 6541 6368 6377
27728 2284 5375 5823 5824
27729 5887 9540 5878 5882
27730 11658 9555 9553 9560
27731 6546 6379 6368 6369
27732 5880 5887 5878 5884
27733 5882 5884 5878 5887
27734 5877 5918 5878 5879
27735 5877 5910 5878 5918
27736 5877 5883 5878 5882
27737 5879 5883 5878 5877
27738 5880 5884 5878 5879
27739 5883 5884 5878 5882
27740 5879 5884 5878 5883
27741 5992 5993 6013 6008
27742 6019 6020 5978 5970
27743 6008 5993 6013 6009
27744 6009 5993 6013 6016
27745 6002 6013 5998 5993
27746 5907 5903 5994 5906
27747 5994 6000 5907 5999
27748 5994 5999 5907 5906
27749 6555 6548 6540 6552
27750 6546 6549 6505 6542
27751 5997 5992 6012 5991
27752 5902 5906 5901 5903
27753 6527 6528 6532 6525
27754 6525 6524 6532 6527
27755 6531 6530 6532 6020
27756 6531 6528 6532 6527
27757 6024 6532 6020 6531
27758 7960 7978 7949 7942
27759 6553 6550 6543 6555
27760 9553 9558 5922 11655
27761 6527 6524 6532 6530
27762 6527 6530 6532 6531
27763 6502 6505 6369 6498
27764 6549 6555 6560 6552
27765 6369 6505 6542 6546
27766 5975 5969 5977 5970
27767 6379 6373 6369 6380
27768 6546 6380 6379 6369
27769 6498 6505 6369 6380
27770 8637 8632 8636 8630
27771 9563 9559 9562 9554
27772 9556 9563 9554 9560
27773 8631 8638 8647 8596
27774 6550 6517 6522 6556
27775 6377 6379 6378 6368
27776 9558 9562 9559 9554
27777 9562 9540 9554 5887
27778 9556 9543 9554 9563
27779 9540 9563 9554 9543
27780 9560 11656 9559 9553
27781 9554 9559 9553 9560
27782 9560 9556 9553 9554
27783 9560 9555 9553 9556
27784 6544 6547 8641 6538
27785 6515 6519 6512 6514
27786 5977 5969 6010 5970
27787 6017 5967 5975 5970
27788 5970 6020 5975 6017
27789 6368 6378 6367 6372
27790 6524 6020 6532 6530
27791 6017 6020 5975 6530
27792 6530 5967 5975 6017
27793 175 179 178 171
27794 6006 5970 6010 5969
27795 6010 5978 5977 5970
27796 3088 3037 3032 3039
27797 5997 6000 5998 5994
27798 2675 2672 2659 2670
27799 5982 5983 5980 5988
27800 11595 11636 11672 11642
27801 6539 6545 6537 6544
27802 5924 5925 5922 5880
27803 6520 6514 6511 8614
27804 5918 5879 5922 5878
27805 5918 5924 5922 5879
27806 9558 5878 5922 5880
27807 11651 9558 5925 5881
27808 5879 5880 5922 5878
27809 5879 5924 5922 5880
27810 5989 5997 6012 5991
27811 5968 5969 6004 5987
27812 5983 5989 5982 6005
27813 5914 5908 5906 5902
27814 5914 5840 5839 5847
27815 5856 5930 5929 5852
27816 4102 4165 4159 4161
27817 9162 9171 9169 9163
27818 8638 8601 8596 8628
27819 10114 10084 10120 10075
27820 6537 6544 6511 6539
27821 5968 5987 5982 5986
27822 3930 3929 3935 4084
27823 11645 11639 11646 11641
27824 11642 11681 11672 11685
27825 6545 6547 6538 6540
27826 11657 11608 11648 11658
27827 5920 11655 11648 9553
27828 11652 11655 11648 5920
27829 6522 6517 6537 6515
27830 725 717 641 716
27831 6539 6543 6537 6545
27832 6376 6370 6366 6371
27833 8601 8651 8638 8596
27834 5948 5951 5961 5944
27835 6368 6541 6367 6377
27836 6372 6378 6367 6371
27837 6376 6371 6366 6367
27838 6368 6377 6367 6378
27839 6375 6378 6376 6367
27840 698 604 600 597
27841 11647 11648 11637 11652
27842 8635 6375 6366 6374
27843 6547 6541 6374 6538
27844 6538 8641 6374 6547
27845 6547 6377 6374 6541
27846 6547 6375 8641 6374
27847 5855 5860 5856 5859
27848 2047 1921 2046 2069
27849 9976 9952 9953 9946
27850 11654 11658 11657 11648
27851 9553 11656 11648 11658
27852 11658 9555 11648 9553
27853 11658 11608 11648 9555
27854 11652 11656 11654 11648
27855 11656 9553 11648 11655
27856 8628 8601 8596 8598
27857 6377 6548 6541 6547
27858 11677 11685 11675 11681
27859 5989 6012 6004 6005
27860 5920 11652 11637 11648
27861 11646 11647 11637 11652
27862 8641 6375 8635 6374
27863 8641 8639 8640 8635
27864 5962 5973 5964 5960
27865 6370 6324 8628 8598
27866 11636 11605 11595 11596
27867 8631 8639 8628 8635
27868 6375 6376 6366 6367
27869 8639 6376 6324 6366
27870 5940 5945 5946 5950
27871 3917 3924 3927 3933
27872 11646 11639 11635 11642
27873 5971 5974 5966 5973
27874 6190 6183 6175 6185
27875 11585 11596 11595 11605
27876 8610 8614 8613 8629
27877 6523 5974 5972 5971
27878 4086 4015 4082 4091
27879 11680 11675 11681 11674
27880 5957 5964 5956 5954
27881 3568 3565 3582 3560
27882 11646 11654 11653 11647
27883 5989 5991 5984 5996
27884 292 296 294 286
27885 5936 5933 5931 5946
27886 3774 3791 3777 3787
27887 11664 11674 11662 11673
27888 5856 5860 5854 5853
27889 8612 8614 8613 8610
27890 5984 5988 5983 5989
27891 5975 5967 5972 5974
27892 5938 5951 5937 5927
27893 11649 11655 5920 5925
27894 5981 5988 5935 5980
27895 5931 5856 5929 5928
27896 8636 6544 6511 8637
27897 5987 6012 6010 6004
27898 8183 8152 8186 8179
27899 8612 8614 8610 6518
27900 5909 5903 5904 5907
27901 5847 5837 5842 5843
27902 2514 1979 1985 2507
27903 5987 5969 6004 6010
27904 11675 11682 11684 11683
27905 11644 11652 11637 11649
27906 8614 8633 8613 8629
27907 5855 5859 5856 5852
27908 5845 5905 5996 5839
27909 5932 5933 5931 5857
27910 6525 6521 6513 6517
27911 6527 6524 6513 6525
27912 6527 6516 6513 6524
27913 6515 6520 6511 6537
27914 6523 6524 6513 6516
27915 6519 6524 6521 6513
27916 6525 6524 6513 6521
27917 6520 6522 6537 6515
27918 6522 6550 6537 6517
27919 8637 6520 6544 6511
27920 6537 6520 6511 6544
27921 11649 11637 5923 5920
27922 11649 5920 5923 5925
27923 5923 5920 5916 5917
27924 5967 5969 5966 5974
27925 5971 5974 5972 5966
27926 10029 10021 10027 10020
27927 5971 5973 5966 5965
27928 998 993 997 990
27929 4160 4177 4141 4144
27930 5966 5974 5972 5967
27931 5974 5964 5973 5971
27932 5975 6530 5972 5967
27933 5975 6524 5972 6530
27934 5989 5987 5982 6004
27935 5975 6523 5974 5972
27936 5845 5996 5984 5839
27937 5903 5906 5901 5994
27938 5991 5994 5901 5997
27939 11661 5870 5876 5867
27940 5852 5851 5929 5856
27941 5976 5986 5987 5968
27942 5966 5973 5968 5965
27943 5976 5969 5968 5987
27944 2337 5575 2195 2339
27945 5966 5969 5968 5974
27946 5966 5974 5968 5973
27947 5976 5973 5990 5968
27948 5974 5969 5968 5976
27949 11649 11637 11643 5923
27950 11685 11675 11681 11672
27951 11661 11660 11663 11666
27952 5859 5862 5855 5860
27953 5920 5922 5917 5924
27954 11661 11664 11663 11662
27955 11664 11680 11663 11674
27956 5918 5924 5917 5922
27957 6004 5987 5982 5968
27958 5983 5988 5982 5989
27959 5989 6012 6005 5991
27960 5916 5849 5848 5919
27961 5914 5908 5921 5906
27962 5723 5726 5719 5724
27963 5926 5945 5931 5941
27964 5921 5908 5915 5918
27965 8616 8620 8602 8609
27966 11637 5849 11633 5916
27967 11681 11642 11672 11639
27968 5921 5918 5917 5922
27969 5922 5919 5920 5917
27970 5917 5920 5916 5919
27971 5920 5849 11637 5916
27972 5988 5996 5989 5984
27973 5901 5996 5984 5991
27974 5901 5905 5839 5996
27975 4091 4017 4087 4092
27976 5865 5841 5855 5837
27977 5905 5914 5839 5846
27978 5901 5914 5839 5905
27979 5837 5840 5838 5847
27980 5846 5914 5839 5847
27981 11642 11646 11636 11635
27982 5916 5923 11643 11637
27983 5916 5849 5844 5848
27984 5985 5988 5986 5980
27985 5865 5862 5855 5841
27986 5984 5989 5983 5991
27987 6005 5991 5983 5989
27988 4124 4129 4128 4125
27989 11649 11644 11643 11637
27990 5840 5914 5839 5902
27991 5917 5919 5848 5915
27992 5916 5919 5848 5917
27993 4095 4102 4159 4161
27994 5847 5915 5840 5848
27995 5915 5847 5914 5919
27996 5927 5985 5930 5934
27997 5985 5990 5938 5979
27998 11682 11600 11599 11597
27999 11646 11637 11635 11644
28000 5937 5950 5936 5945
28001 5840 5847 5837 5839
28002 8533 8522 8535 8521
28003 5866 5867 5876 5870
28004 5847 5846 5837 5839
28005 5971 5964 5956 5957
28006 5956 5960 5962 5964
28007 5839 5846 5837 5845
28008 5963 5927 5958 5951
28009 11672 11642 11685 11595
28010 5960 5964 5956 5971
28011 5927 5980 5930 5985
28012 5839 5845 5836 5984
28013 5980 5983 5981 5988
28014 4064 4057 4059 4065
28015 9090 9393 9394 9385
28016 3937 4086 3930 4084
28017 11664 11668 11663 11671
28018 9979 9957 9973 9971
28019 5847 5846 5842 5837
28020 5871 5861 5870 5872
28021 3928 3925 3927 3932
28022 8617 8618 8645 8643
28023 4038 4032 4058 4060
28024 6293 6311 6289 6299
28025 5956 5964 5962 5954
28026 11633 5849 11634 5844
28027 5836 5988 5981 5984
28028 5983 5984 5981 5988
28029 11680 11639 11681 11672
28030 5210 5287 5284 5288
28031 10067 10064 10061 10066
28032 5848 5838 5840 5847
28033 8620 8619 8616 8615
28034 3913 3919 3915 3914
28035 5868 5875 5870 5865
28036 8640 8630 8631 8655
28037 5979 5973 5963 5965
28038 5971 5973 5960 5964
28039 5965 5973 5960 5971
28040 5859 5930 5856 5852
28041 8610 8612 8608 8609
28042 4593 4591 4592 4588
28043 6518 6514 8610 5954
28044 8614 6514 8610 6518
28045 8610 8614 8629 6514
28046 6511 6514 8629 8614
28047 8636 8637 8629 8632
28048 6511 8637 8629 8636
28049 6511 8614 8629 8637
28050 11604 11597 11595 11587
28051 4139 4171 4176 4157
28052 8610 5954 8608 8612
28053 3982 3981 3986 3985
28054 8644 8653 8645 8572
28055 4144 4177 4141 4176
28056 4091 4084 4082 4086
28057 4085 3921 4074 3919
28058 4038 4037 4056 4028
28059 4087 4091 4082 4017
28060 4089 4087 4081 4054
28061 4038 4028 4056 4030
28062 4064 4066 4065 4059
28063 4002 4007 4066 4060
28064 5870 5864 5866 5867
28065 4038 4030 4058 4032
28066 11615 9569 11619 9557
28067 3948 3943 3928 3936
28068 3930 3937 3926 3837
28069 3833 3837 3926 3937
28070 3940 3978 3941 3985
28071 4100 4094 4098 4161
28072 5963 5990 5973 5979
28073 5874 5871 5870 5872
28074 4097 4131 4116 4123
28075 4105 4106 4109 4128
28076 8607 8619 8605 8604
28077 4149 4139 4137 4150
28078 4116 4112 4094 4093
28079 8633 8632 8602 8629
28080 4108 4114 4128 4111
28081 4182 4177 4172 4180
28082 9588 9552 9579 9537
28083 4056 4037 4062 4087
28084 8329 8326 8351 8323
28085 1501 1499 1500 1495
28086 4148 4147 4153 4145
28087 3932 3948 3934 3928
28088 3941 3961 3958 3950
28089 3937 3932 3935 3926
28090 3978 3985 3986 3941
28091 3925 3929 3935 3930
28092 4060 4038 4065 4058
28093 11612 11605 11636 11596
28094 4091 3935 4089 4084
28095 6584 6676 6585 6668
28096 3934 3986 3933 3924
28097 4085 4089 3935 4083
28098 5944 5951 5959 5943
28099 3920 3921 3919 4074
28100 5698 5701 5699 5696
28101 3978 3982 3986 3985
28102 4068 4088 4081 4054
28103 3985 3924 3986 3941
28104 3935 3931 4085 3925
28105 3920 3922 3917 3923
28106 8314 8302 8325 8307
28107 11604 11600 11595 11597
28108 1894 1828 1895 1890
28109 5843 5848 5847 5838
28110 4154 4156 4153 4147
28111 8612 5964 6518 5954
28112 5849 5843 11634 5844
28113 5837 5845 5841 5836
28114 5935 5845 5988 5836
28115 11633 11643 11635 11637
28116 11638 11643 11635 11633
28117 11639 11644 11635 11638
28118 8610 5954 8612 6518
28119 11644 11643 11635 11638
28120 11644 11637 11635 11643
28121 11679 11685 11684 11677
28122 5852 5851 5856 5855
28123 11677 11675 11676 11674
28124 7273 8576 8573 7270
28125 11612 11607 11636 11647
28126 11612 11596 11636 11607
28127 11601 11612 11605 11636
28128 11653 11612 11636 11647
28129 11642 11653 11601 11636
28130 11653 11647 11636 11646
28131 5933 5937 5936 5931
28132 48 62 61 54
28133 10672 10582 10590 10673
28134 11676 11675 11673 11674
28135 11605 11600 11601 11595
28136 8633 8640 8655 8630
28137 5940 5950 5946 5943
28138 8647 8651 8644 8572
28139 8633 8655 8646 8630
28140 8647 8655 8646 8654
28141 8633 8630 8646 8632
28142 8630 8655 8646 8631
28143 8655 8638 8647 8631
28144 8655 8651 8654 8647
28145 8608 5956 5955 5962
28146 9695 9730 9759 9728
28147 8647 8572 8566 8596
28148 11604 11599 11600 11597
28149 6010 5978 5970 6011
28150 11601 11685 11642 11595
28151 5870 5873 5864 5865
28152 5836 5837 5855 5841
28153 6743 6739 6730 6725
28154 11680 11672 11681 11675
28155 8648 8632 8602 8633
28156 5955 5960 5959 5962
28157 8620 8648 8602 8649
28158 8609 8620 8602 8627
28159 8655 8649 8633 8646
28160 8646 8632 8648 8633
28161 4180 4176 4171 4157
28162 8650 8654 8651 8644
28163 4154 4145 4139 4146
28164 8617 8620 8616 8615
28165 5943 5945 5946 5940
28166 8642 8644 8645 8571
28167 8644 8654 8645 8653
28168 8622 8652 8645 8653
28169 8617 8643 8645 8642
28170 10109 10102 10103 10100
28171 5870 5875 5867 5874
28172 5953 5942 5944 5943
28173 3984 3923 3917 3922
28174 4061 4064 4055 4048
28175 4108 4125 4128 4129
28176 8622 8649 8645 8618
28177 8644 8572 8645 8571
28178 8624 8627 8626 8619
28179 3934 3931 3932 3927
28180 8596 8572 8566 8597
28181 5926 5945 5940 5927
28182 8618 8648 8620 8649
28183 8608 5961 5955 8607
28184 4172 4180 4171 4174
28185 8753 8759 8758 8751
28186 5872 5861 5870 5860
28187 11595 11672 11682 11685
28188 5946 5945 5931 5936
28189 11677 11684 11679 11675
28190 5850 5856 5854 5853
28191 5872 5873 5870 5875
28192 8118 8195 8187 8082
28193 11659 11668 11661 11667
28194 11684 11600 11599 11682
28195 5933 5859 5934 5931
28196 11672 11675 11682 11685
28197 5930 5934 5931 5927
28198 6961 7099 6965 7097
28199 5862 5858 5869 5860
28200 5867 11660 5876 11661
28201 5792 5807 5794 5798
28202 8626 8620 8622 8625
28203 11598 11603 11602 11597
28204 11670 11669 11581 11682
28205 11587 11584 11582 11585
28206 8622 8654 8653 8645
28207 5868 5843 5865 5838
28208 11682 11597 11599 11598
28209 8568 8572 8566 8567
28210 11595 11672 11670 11682
28211 11595 11600 11682 11597
28212 11685 11600 11682 11595
28213 11672 11675 11670 11682
28214 11675 11685 11684 11682
28215 11595 11597 11582 11587
28216 11682 11597 11582 11595
28217 11682 11595 11582 11670
28218 8647 8654 8644 8651
28219 8625 8623 8626 8620
28220 11615 11657 11658 11608
28221 3313 3333 3335 3337
28222 4075 4080 4048 4076
28223 8625 8620 8622 8621
28224 8649 8618 8622 8620
28225 4117 4095 4112 4140
28226 8644 8647 8645 8654
28227 8643 8647 8645 8644
28228 8653 8652 8645 8574
28229 8643 8618 8645 8648
28230 8649 8648 8645 8618
28231 8649 8654 8645 8646
28232 8646 8647 8645 8643
28233 8646 8654 8645 8647
28234 8650 8574 8645 8572
28235 8653 8574 8645 8650
28236 8650 8572 8645 8653
28237 8643 8648 8645 8646
28238 8649 8646 8645 8648
28239 4114 4117 4115 4111
28240 4177 4180 4171 4172
28241 4172 4144 4171 4177
28242 4174 4180 4171 4173
28243 5869 5872 5870 5860
28244 4128 4121 4120 4105
28245 3935 3929 4085 4083
28246 3981 3982 3917 3980
28247 4051 4057 4059 4064
28248 4068 4083 4081 4088
28249 3984 3989 3988 3982
28250 4119 4124 4121 4118
28251 4055 4043 4054 4048
28252 3911 3912 3917 3980
28253 3914 3929 4069 3919
28254 4134 4111 4109 4110
28255 4124 4053 4051 4064
28256 4132 4133 4113 4111
28257 4077 4073 4072 4078
28258 4049 4079 4076 4080
28259 3920 3923 3917 3921
28260 3984 3982 3917 3981
28261 8604 8603 8605 8607
28262 3984 3981 3917 3986
28263 3920 4074 3919 4073
28264 3933 3984 3923 3917
28265 3985 3981 3917 3912
28266 3986 3981 3917 3985
28267 3916 3931 3914 3921
28268 4071 4083 4068 4088
28269 3986 3924 3917 3933
28270 3916 3917 3915 3911
28271 3921 3933 3923 3917
28272 3927 3931 3914 3916
28273 3924 3985 3917 3912
28274 3986 3985 3917 3924
28275 4094 4115 4117 4112
28276 4076 4080 4048 4050
28277 11633 11638 11666 11635
28278 4108 4111 4113 4114
28279 4171 4173 4157 4146
28280 5951 5927 5958 5945
28281 4059 4002 4122 4066
28282 4110 4114 4106 4115
28283 4171 4180 4157 4173
28284 4050 4064 4061 4048
28285 2589 2559 2619 2615
28286 4153 4145 4139 4154
28287 4154 4147 4153 4148
28288 3933 3924 3927 3934
28289 4147 4156 4153 4155
28290 4148 4145 4153 4154
28291 4176 4180 4171 4177
28292 5979 5927 5958 5963
28293 4072 3919 3918 4069
28294 4154 4146 4139 4157
28295 8617 8618 8616 8620
28296 4154 4158 4156 4148
28297 4148 4158 4173 4157
28298 4157 4146 4139 4171
28299 4142 4143 4139 4145
28300 5949 5950 5946 5936
28301 4124 4127 4121 4126
28302 4151 4150 4152 4139
28303 5949 5936 5946 5952
28304 4157 4150 4139 4154
28305 5936 5945 5926 5937
28306 11113 11151 11130 11150
28307 4133 4144 4117 4136
28308 5868 5875 5865 5843
28309 3931 3932 3927 3925
28310 4140 4111 4110 4112
28311 4139 4144 4176 4171
28312 8608 8607 5955 8604
28313 8504 8507 8505 8501
28314 4142 4143 4136 4139
28315 4139 4153 4152 4151
28316 4110 4111 4109 4106
28317 4139 4154 4152 4153
28318 4139 4150 4152 4154
28319 5874 11659 11661 5871
28320 3912 3924 3927 3917
28321 4140 4159 4141 4160
28322 3932 3934 3927 3928
28323 4072 4073 3919 4074
28324 3917 3912 3916 3927
28325 4077 4078 4076 4080
28326 3928 3934 3927 3924
28327 4072 4078 4076 4077
28328 4072 3929 4069 4083
28329 3917 3931 3916 3921
28330 3927 3931 3916 3917
28331 3919 3925 3914 3929
28332 3919 3931 3914 3925
28333 4088 4085 4072 4083
28334 4088 4074 4078 4072
28335 3927 3925 3914 3931
28336 3916 3921 3914 3919
28337 4085 3931 3919 3925
28338 3919 3917 3915 3916
28339 4052 4053 4124 4125
28340 4049 4080 4076 4050
28341 4128 4121 4105 4106
28342 4125 4126 4124 4129
28343 4053 4126 4124 4125
28344 4112 4106 4107 4115
28345 8637 8641 8640 8634
28346 4072 4085 4069 3929
28347 4074 4085 4069 4072
28348 4085 4074 4069 3919
28349 3919 3929 4069 4085
28350 3919 3914 3918 4069
28351 3919 3913 3918 3914
28352 4045 4043 4055 4048
28353 4045 4057 4047 4051
28354 4076 4078 4075 4080
28355 4119 4051 4059 4124
28356 4129 4114 4128 4108
28357 5946 5933 5931 5932
28358 5927 5937 5931 5926
28359 4052 4053 4051 4124
28360 4048 4053 4051 4052
28361 5951 5945 5940 5950
28362 4064 4053 4051 4048
28363 4063 4061 4054 4043
28364 4127 4053 4126 4124
28365 5927 5926 5931 5930
28366 4137 4139 4138 4150
28367 5867 11665 11660 11661
28368 4136 4141 4135 4138
28369 4089 4082 4081 4087
28370 4055 4048 4054 4061
28371 4059 4124 4122 4119
28372 4136 4139 4138 4137
28373 4069 4083 4071 4072
28374 4048 4050 4043 4061
28375 4050 4063 4080 4043
28376 4048 4075 4043 4080
28377 4075 4078 4043 4080
28378 4078 4063 4088 4043
28379 4048 4080 4043 4050
28380 6640 6822 6909 6816
28381 4130 4131 4122 4107
28382 5937 5945 5926 5927
28383 4061 4048 4054 4043
28384 4117 4111 4140 4112
28385 2915 2931 2929 2927
28386 4095 4117 4094 4160
28387 4055 4061 4054 4062
28388 4070 4075 4068 4067
28389 4069 4072 4070 3918
28390 4089 4083 4081 4084
28391 1453 1450 1452 1449
28392 4047 4119 4046 4051
28393 4051 4045 4046 4047
28394 4045 4048 4046 4044
28395 4051 4048 4046 4045
28396 4088 4078 4071 4072
28397 4072 4083 4071 4088
28398 4067 4075 4068 4042
28399 4071 4088 4068 4078
28400 4043 4078 4068 4088
28401 4076 4078 4068 4075
28402 996 958 944 953
28403 4083 4089 4081 4088
28404 4089 4084 4081 4082
28405 4072 4075 4068 4071
28406 4072 4076 4068 4075
28407 4071 4078 4068 4072
28408 4076 4072 4068 4078
28409 4051 4057 4055 4045
28410 4051 4064 4055 4057
28411 4061 4065 4062 4055
28412 4065 4057 4055 4064
28413 4058 4057 4055 4065
28414 4065 4056 4055 4058
28415 4048 4051 4055 4045
28416 4048 4064 4055 4051
28417 7562 7556 7561 7554
28418 4062 4056 4055 4065
28419 4064 4124 4059 4051
28420 4047 4057 4059 4051
28421 4047 4051 4059 4119
28422 4061 4090 4063 4054
28423 4087 4062 4054 4090
28424 4122 4124 4121 4119
28425 4090 4088 4063 4054
28426 4089 4087 4054 4090
28427 8609 8612 8608 8611
28428 4115 4116 4107 4112
28429 4116 4115 4107 4130
28430 4116 4131 4107 4123
28431 4130 4131 4107 4116
28432 4066 4002 4122 4131
28433 5865 5875 5870 5873
28434 4106 4111 4128 4114
28435 4133 4111 4140 4117
28436 4160 4159 4141 4177
28437 5951 5950 5940 5943
28438 8604 8619 8609 8607
28439 4115 4111 4110 4114
28440 4115 4112 4110 4111
28441 4128 4106 4109 4111
28442 4122 4127 4121 4124
28443 4130 4127 4121 4122
28444 4130 4126 4129 4121
28445 4143 4139 4138 4136
28446 4176 4139 4138 4141
28447 4176 4150 4138 4139
28448 4136 4144 4138 4143
28449 4141 4144 4138 4136
28450 4141 4139 4138 4144
28451 4143 4144 4138 4139
28452 4140 4133 4135 4111
28453 4136 4133 4135 4140
28454 4136 4111 4135 4133
28455 5959 5951 5958 5940
28456 4135 4136 4134 4111
28457 4135 4111 4134 4110
28458 5936 5950 5946 5945
28459 8648 8620 8602 8616
28460 4138 4136 4134 4135
28461 4138 4137 4134 4136
28462 4124 4126 4128 4129
28463 4121 4126 4128 4124
28464 4106 4114 4128 4115
28465 4129 4115 4128 4114
28466 4130 4115 4128 4129
28467 4107 4121 4128 4106
28468 4107 4115 4128 4130
28469 4106 4115 4128 4107
28470 4121 4122 4128 4130
28471 4107 4122 4128 4121
28472 4107 4130 4128 4122
28473 4124 4121 4120 4128
28474 4124 4118 4120 4121
28475 8609 8627 8602 8613
28476 5844 11633 11665 11634
28477 5842 5862 5873 5865
28478 11661 5874 5867 5875
28479 5942 5943 5940 5945
28480 8607 5961 5944 5948
28481 5944 5945 5946 5943
28482 5943 5950 5944 5951
28483 8620 8619 8607 8624
28484 5942 5945 5944 5943
28485 5944 5961 5959 5951
28486 5872 5875 5870 5874
28487 5952 5936 5946 5932
28488 5944 5943 5946 5950
28489 5943 5951 5959 5940
28490 3244 3246 3265 3242
28491 11661 5875 5867 5868
28492 11659 5874 11661 11668
28493 5941 5939 5940 5945
28494 8607 8620 8605 8619
28495 8607 8606 5944 5953
28496 5837 5843 5865 5842
28497 5941 5945 5940 5926
28498 8613 8611 8612 8609
28499 5961 8624 5948 8607
28500 8611 8619 8609 8627
28501 8604 8606 8607 5953
28502 8624 8623 8607 8620
28503 8624 5948 8607 8623
28504 8629 8613 8602 8633
28505 5962 5954 8608 5956
28506 8615 8619 8605 8620
28507 5947 8623 8607 5948
28508 8607 8619 8609 8611
28509 5947 5948 5944 5950
28510 5936 5933 5946 5932
28511 8624 8619 8607 8611
28512 7484 7547 7483 7477
28513 5960 5965 5958 5963
28514 1342 1334 1322 1323
28515 5844 5875 11634 11665
28516 5962 5961 5959 5955
28517 5953 8604 5955 8607
28518 5962 5956 5955 5960
28519 5953 8607 5955 5944
28520 8633 8649 8602 8648
28521 8649 8613 8633 8602
28522 8629 8610 8602 8613
28523 5962 5961 5955 8608
28524 8960 9362 9366 9358
28525 8613 8610 8609 8612
28526 8620 8619 8609 8616
28527 8620 8627 8609 8619
28528 5963 5965 5958 5979
28529 5960 5963 5958 5959
28530 8609 8613 8602 8610
28531 8620 8649 8602 8627
28532 5962 8611 5961 8608
28533 8612 5954 8608 5962
28534 8607 8604 8608 8609
28535 8609 8611 8608 8607
28536 8607 8611 8608 5961
28537 5869 5860 5864 5862
28538 5926 5937 5931 5936
28539 5870 5863 5866 5864
28540 11680 11672 11666 11638
28541 5963 5961 5951 5959
28542 5962 5960 5959 5963
28543 5944 5953 5959 5955
28544 5944 5943 5959 5953
28545 11681 11642 11640 11685
28546 5853 5860 5854 5864
28547 5870 5872 5864 5873
28548 5858 5860 5856 5861
28549 5934 5935 5985 5930
28550 672 674 645 665
28551 5985 5980 5930 5935
28552 5980 5981 5930 5935
28553 5858 5857 5856 5931
28554 11661 11660 5876 11662
28555 5841 5935 5855 5836
28556 11683 11675 11678 11684
28557 11634 5875 11671 11665
28558 604 590 602 605
28559 5859 5935 5852 5855
28560 5930 5981 5852 5935
28561 5930 5935 5852 5859
28562 5935 5836 5852 5855
28563 5935 5981 5852 5836
28564 11634 11671 11666 11665
28565 11665 11633 11666 11634
28566 11634 11633 11666 11635
28567 11635 11671 11672 11666
28568 11685 11677 11640 11681
28569 11667 11668 11661 11664
28570 5931 5859 5856 5858
28571 5927 5934 5931 5937
28572 11685 11677 11675 11684
28573 11668 11669 11664 11667
28574 11674 11675 11673 11664
28575 11670 11669 11664 11668
28576 11682 11669 11664 11670
28577 11670 11675 11664 11682
28578 11677 11675 11679 11678
28579 11680 11674 11664 11675
28580 5859 5934 5931 5930
28581 11668 11672 11671 11664
28582 11680 11675 11664 11672
28583 11670 11672 11664 11675
28584 11666 11672 11664 11671
28585 4753 4766 4752 4744
28586 11680 11672 11664 11666
28587 5874 11671 5875 11661
28588 11665 11660 11661 11666
28589 11666 11671 11661 11665
28590 11665 11671 11661 5875
28591 1037 1034 1036 1027
28592 11665 5875 11661 5868
28593 5869 5873 5862 5864
28594 11661 11668 11663 11664
28595 11661 11666 11663 11671
28596 5870 5860 5864 5869
28597 5865 5862 5864 5860
28598 5870 5869 5864 5872
28599 5865 5868 5864 5870
28600 5850 5851 5854 5856
28601 4174 4182 4172 4180
28602 5865 5860 5854 5855
28603 5853 5860 5864 5863
28604 4247 4237 4246 4244
28605 4633 5609 5603 4632
28606 8758 8752 8750 8757
28607 3114 3126 3122 3109
28608 10341 10327 10328 10333
28609 497 393 392 399
28610 9294 9298 9293 9295
28611 1881 1874 1872 1880
28612 908 890 896 907
28613 8314 8317 8311 8325
28614 4781 4778 4772 4780
28615 10963 10967 10957 10964
28616 11635 11671 11666 11634
28617 11076 11081 11074 11077
28618 865 869 863 867
28619 7025 7020 7035 7032
28620 305 307 284 290
28621 9262 9274 9266 9260
28622 8504 8507 8501 8506
28623 7107 6895 7102 6893
28624 3412 3424 3428 3419
28625 2124 2129 2120 1740
28626 353 361 350 354
28627 11652 11656 11648 11655
28628 540 554 553 551
28629 6246 6285 6262 6249
28630 1699 1644 1695 1643
28631 999 994 991 942
28632 8806 8808 8804 8832
28633 10461 10470 10466 10469
28634 4957 4960 4953 4958
28635 5480 5521 5474 5505
28636 2162 2102 2100 2138
28637 3106 3160 3108 3105
28638 960 1006 1053 959
28639 4933 4936 4929 4934
28640 2448 2440 2435 2436
28641 3566 3569 3561 3568
28642 2867 2864 2861 2866
28643 7444 7430 7435 7459
28644 3516 3584 3514 3499
28645 2445 2420 2419 2427
28646 2305 5378 5374 2309
28647 4092 4062 4087 4090
28648 2446 2444 2451 2369
28649 4742 4842 4834 4805
28650 7494 7518 7509 7522
28651 10401 10409 10399 10403
28652 9666 9663 9661 9664
28653 1971 1974 1967 1972
28654 10064 10042 10059 10043
28655 5103 5105 5098 5118
28656 9469 9412 9466 9411
28657 1568 1560 1559 1565
28658 10213 10170 10209 10149
28659 8614 8633 8629 8637
28660 1416 1431 1429 1437
28661 10432 10430 10424 10431
28662 1790 1800 1789 1799
28663 1579 1568 1569 1580
28664 11516 11611 11609 11623
28665 475 464 461 488
28666 5443 5445 5439 5444
28667 1578 1562 1561 1568
28668 3827 3670 3651 3831
28669 6036 6484 6481 6485
28670 2462 2406 2458 2463
28671 6111 6114 6108 6113
28672 6415 6405 6398 6403
28673 6131 6142 6124 6132
28674 1883 1880 1878 1882
28675 9601 9604 9598 9602
28676 3056 3020 3016 3024
28677 11223 11248 11253 11246
28678 7 11 6 9
28679 4690 4699 4679 4686
28680 7057 7090 7060 7026
28681 1415 1411 1407 1412
28682 3464 3477 3467 3532
28683 1673 1476 1468 1474
28684 3017 3104 3103 3129
28685 6782 6767 6780 6777
28686 3830 3672 3856 3857
28687 2074 2076 2068 2075
28688 6770 6766 6769 6767
28689 3583 3585 3579 3584
28690 7072 7061 7074 7070
28691 3110 3432 3112 3431
28692 5433 5442 5427 5305
28693 7015 6299 6295 7014
28694 6755 6751 6754 6752
28695 6835 6792 6796 6751
28696 187 308 303 186
28697 6752 6750 6747 6751
28698 7670 7675 7676 7671
28699 6947 6940 6943 6941
28700 6962 6956 6959 6957
28701 5095 5097 5102 5198
28702 3934 3931 3927 3933
28703 1386 1399 1382 1385
28704 7900 7896 7890 7898
28705 1661 1593 1656 1592
28706 10729 10732 10734 10730
28707 10708 10689 10707 10709
28708 11632 11629 11617 11616
28709 11319 11332 11330 11318
28710 2114 2098 2113 2115
28711 6833 6835 6832 6795
28712 2227 2219 2221 2223
28713 6066 6078 6065 6063
28714 176 114 169 175
28715 6143 6133 6145 6142
28716 5062 5053 5045 5060
28717 1679 1698 1677 1696
28718 7256 7240 7264 7257
28719 6574 6581 6577 6572
28720 9106 9078 9076 9080
28721 1501 1361 1503 1504
28722 10045 10056 10046 10066
28723 267 255 252 257
28724 400 396 389 397
28725 1723 1720 1714 1722
28726 3893 3896 3886 3800
28727 10040 10044 10035 10041
28728 5875 5844 5868 11665
28729 5843 5848 5838 5844
28730 1436 1280 1434 1440
28731 11645 11652 11646 11644
28732 5914 5908 5902 5915
28733 5988 5996 5984 5845
28734 1329 1335 1325 1330
28735 1538 1540 1532 1529
28736 2049 2043 2042 2048
28737 10747 10712 10716 10723
28738 4984 5093 5089 4958
28739 2585 2552 2586 2615
28740 2750 2745 2744 2749
28741 11331 11340 11322 11473
28742 2368 2375 2374 2369
28743 1426 1451 1420 1450
28744 2606 2592 2600 2608
28745 2696 2553 2701 2697
28746 5028 4735 5025 4765
28747 1555 1550 1549 1552
28748 9976 9979 9968 9961
28749 3611 3458 3603 3610
28750 7402 7417 7409 7304
28751 7752 7659 7745 7664
28752 6924 6925 6919 6910
28753 267 270 260 268
28754 1095 1401 1392 1396
28755 7997 7977 7976 7991
28756 5495 5490 5488 5493
28757 2829 2850 2838 2830
28758 2401 2397 2394 2400
28759 667 673 665 668
28760 9796 9772 9791 9745
28761 4642 4663 4659 4641
28762 10430 10578 10426 10431
28763 2693 2691 2689 2692
28764 5600 5595 5589 5596
28765 5188 5185 5190 5186
28766 5454 5458 5439 5445
28767 2797 2803 2796 2811
28768 3325 3321 3317 3323
28769 5597 5637 5632 5640
28770 2646 2653 2639 2648
28771 10249 10235 10238 10251
28772 4425 4385 4426 4381
28773 8834 8830 8824 8833
28774 9278 9274 9258 9277
28775 123 147 121 124
28776 8001 8008 8017 8013
28777 4507 4501 4504 4502
28778 8922 8925 8917 8924
28779 3128 3001 3002 3113
28780 4567 4570 4563 4568
28781 2399 2896 2392 2624
28782 8884 8880 8875 8881
28783 1555 1528 1527 1526
28784 7870 7873 7863 7859
28785 5568 2196 5574 5572
28786 10692 10696 10697 10385
28787 7726 7731 7722 7728
28788 4533 4545 4544 4526
28789 11044 11072 11069 11071
28790 9616 9602 9601 9598
28791 9958 9962 9963 9959
28792 7532 7536 7531 7535
28793 10022 9973 9972 9979
28794 691 699 710 713
28795 6831 6756 6745 6753
28796 2406 2409 2410 2466
28797 2460 2406 2459 2404
28798 2165 2168 2160 2167
28799 2352 2277 5559 2340
28800 2865 1828 2860 2864
28801 7463 7456 7452 7951
28802 4842 4845 4841 4843
28803 5691 5689 5690 5692
28804 11604 11599 11597 11603
28805 6142 6131 6152 6132
28806 1085 1082 1080 1083
28807 5912 6113 5911 5913
28808 9558 9562 9554 5887
28809 4219 4213 4211 4217
28810 23 26 16 25
28811 4426 4441 4437 4442
28812 24 15 14 16
28813 10951 10945 11027 10973
28814 6844 6846 6841 6845
28815 9533 9537 9529 9552
28816 2020 2037 2033 2034
28817 7171 7158 7164 7172
28818 3500 3572 3496 3501
28819 140 137 134 138
28820 1772 1739 1733 1740
28821 1686 1721 1692 1700
28822 6676 6664 6672 6679
28823 6844 6860 6839 6855
28824 7692 7471 7470 7691
28825 5698 5701 5696 5650
28826 6937 6934 6932 6935
28827 6633 6635 6629 6634
28828 7183 7174 7175 7141
28829 698 685 679 687
28830 8948 8998 8941 8946
28831 2103 2098 2096 2102
28832 3610 3501 3601 3572
28833 4050 4063 4043 4061
28834 3284 3553 3278 3285
28835 6584 6676 6668 6675
28836 7141 7184 7180 7183
28837 9729 9717 9714 9719
28838 2138 2101 2100 2137
28839 6898 6894 6889 6896
28840 907 902 900 905
28841 7041 7035 7043 7023
28842 213 216 207 214
28843 292 296 286 682
28844 3119 3127 3129 3121
28845 11263 11266 11270 11264
28846 7349 7366 7360 7348
28847 9886 9862 9882 9874
28848 2559 2556 2552 2557
28849 2441 2443 2445 2442
28850 2845 2856 2843 2854
28851 6791 6795 6809 6810
28852 6753 6830 6827 6831
28853 1979 1830 1823 2877
28854 8831 8849 8824 8830
28855 2689 2652 2691 2702
28856 3463 3458 3457 3590
28857 5607 4632 5602 5609
28858 2658 2651 2660 2652
28859 8391 8394 8384 8393
28860 10611 10604 10607 10667
28861 8810 8833 8803 8809
28862 4646 4672 4658 4645
28863 6829 6831 6826 6830
28864 8883 8886 8877 8906
28865 6703 6697 6695 6610
28866 2675 2672 2670 2674
28867 6338 6200 6208 6199
28868 2712 2708 2703 2711
28869 5599 5796 5787 5795
28870 7918 7901 7916 7919
28871 10341 10327 10333 10277
28872 5607 5613 5606 5612
28873 2778 2781 2784 2779
28874 9507 11510 11509 9505
28875 7747 7753 7746 7748
28876 240 227 230 242
28877 4392 4382 4386 4402
28878 3840 3844 3835 3842
28879 10366 10379 10358 10356
28880 8545 8534 8554 8532
28881 7518 7548 7540 7517
28882 2048 2050 2051 1934
28883 1568 1579 1564 1578
28884 1552 1556 1557 1553
28885 6739 6730 6725 6727
28886 7139 7116 7117 7137
28887 6981 6990 6986 6982
28888 9569 11618 9570 11619
28889 3367 3446 3366 3007
28890 10943 10936 10932 10937
28891 1209 1217 1207 1215
28892 11098 11094 11090 11095
28893 6011 6027 6019 6026
28894 6764 6767 6760 6765
28895 9597 9603 9596 9601
28896 619 699 611 700
28897 9588 9590 9587 9597
28898 6914 6829 6901 6913
28899 9537 9589 9586 9588
28900 6752 6757 6754 6755
28901 9639 9634 9633 9638
28902 3452 3425 3418 3423
28903 9846 9785 9806 9798
28904 8952 8950 8944 9062
28905 9216 9238 9229 9245
28906 9574 9577 9573 9575
28907 5496 5493 5491 5494
28908 6282 6287 6284 6285
28909 9536 9539 9535 9537
28910 2830 2851 2846 2831
28911 1478 1475 1470 1477
28912 1423 1428 1420 1424
28913 5230 10986 5229 5231
28914 3312 3410 3310 3283
28915 6966 6968 6998 6995
28916 5693 5690 5727 5725
28917 6245 6443 6421 6244
28918 3631 3634 3626 3567
28919 6804 6810 6807 6808
28920 11617 11620 11616 11619
28921 6742 6731 6743 6730
28922 9069 9056 9059 9067
28923 1409 1415 1407 1410
28924 7586 7468 7578 7472
28925 112 109 104 111
28926 7899 7893 7888 7894
28927 6714 6704 6716 6702
28928 6708 6717 6744 6731
28929 5600 5610 5593 5791
28930 3351 5826 5835 3350
28931 8901 8897 8894 8900
28932 6713 6702 6715 6717
28933 11593 11589 11588 11592
28934 3336 3338 3335 3337
28935 422 425 420 424
28936 11486 11489 11482 11462
28937 4161 4163 4166 4162
28938 3244 3246 3242 3245
28939 8466 8469 8464 8744
28940 3453 3448 3454 3450
28941 698 604 597 603
28942 9574 9568 9576 9569
28943 7986 7994 7997 7993
28944 6521 6556 6517 6529
28945 4024 4091 4017 4023
28946 9765 9781 9788 9776
28947 8386 8676 8670 8677
28948 4456 4450 4442 4430
28949 8080 8197 8077 8089
28950 8275 8364 8358 8378
28951 10067 10064 10068 10065
28952 2463 2461 2455 2462
28953 8000 7995 7999 7996
28954 2542 2883 2535 2892
28955 7695 7610 7697 7693
28956 4738 4742 4734 4756
28957 10620 10647 10627 10623
28958 11434 11437 11429 11436
28959 8858 8855 8851 8856
28960 11111 11107 11102 11109
28961 5499 5509 5506 5500
28962 4612 4605 4608 4606
28963 4065 4007 4060 4066
28964 5027 5020 5017 5021
28965 5778 5698 5694 5758
28966 2447 2427 2413 2408
28967 2037 2017 2015 2018
28968 4504 4508 4502 4519
28969 4607 4612 4605 4608
28970 2020 2011 2001 2007
28971 2451 2454 2446 2452
28972 4383 4392 4382 4386
28973 7653 7532 7650 7649
28974 2476 2474 2479 2475
28975 2996 2999 2990 2997
28976 7792 7795 7784 7793
28977 4781 4817 4789 4794
28978 2292 2295 2287 2293
28979 336 334 325 335
28980 1578 1583 1577 1582
28981 1582 1553 1581 1552
28982 6923 6921 6916 6922
28983 9952 9948 9942 9937
28984 7103 7070 7071 7061
28985 1809 1815 1808 1460
28986 1985 1978 1976 1979
28987 1525 1530 1526 1527
28988 636 634 633 594
28989 636 580 571 566
28990 4595 4590 4587 4607
28991 7316 7330 7310 7299
28992 9278 9271 9258 9272
28993 3637 3624 3617 3609
28994 2895 2893 2888 2910
28995 1529 1525 1530 1526
28996 8352 8343 8336 8366
28997 972 1032 964 971
28998 2062 2078 2490 2488
28999 8594 8665 8658 8664
29000 8859 8905 8916 8923
29001 10245 10231 10243 10230
29002 517 511 508 516
29003 9455 8847 9450 8848
29004 9249 9247 9086 9094
29005 10277 10343 10275 10341
29006 10341 10344 10338 10342
29007 7348 7949 7939 7352
29008 6038 6077 6045 6053
29009 4833 4909 4900 4857
29010 4590 4611 4602 4607
29011 8796 9038 8791 8797
29012 8819 8816 8815 8818
29013 3960 3866 3953 3864
29014 8000 7932 7999 8003
29015 10262 10266 10259 10263
29016 10397 10447 10467 10448
29017 4519 4521 4517 4374
29018 10499 10768 10495 10767
29019 10352 10357 10350 10356
29020 4503 4507 4501 4504
29021 4608 4506 4606 4503
29022 10342 10353 10340 10352
29023 4645 4650 4642 4647
29024 10263 10278 10260 10276
29025 10276 10279 10273 10277
29026 4960 4963 4956 4986
29027 7199 7197 7195 7198
29028 10366 10369 10363 10367
29029 7753 7755 7749 7779
29030 7869 7872 7863 7870
29031 10356 10368 10355 10366
29032 4376 4384 4379 4377
29033 10851 10829 10848 10785
29034 1397 1191 1186 1103
29035 1005 1008 1002 1037
29036 2449 2451 2442 2374
29037 10938 10822 10941 10825
29038 10938 10942 10934 10939
29039 4376 4391 4373 4383
29040 10823 10826 10820 10825
29041 7833 7801 7822 7802
29042 10367 10370 10365 10823
29043 579 594 589 596
29044 10057 10066 10070 10067
29045 9958 9951 9959 10199
29046 10065 10123 10096 10093
29047 2491 2477 2489 2475
29048 1384 1375 1373 1372
29049 2406 2409 2405 2407
29050 1799 1778 1792 1790
29051 10700 10707 10708 10675
29052 11160 10657 11220 11224
29053 4945 5011 5007 4944
29054 4880 4864 4863 4866
29055 11246 11249 11254 11247
29056 4194 4186 4184 4027
29057 4779 4794 4773 4792
29058 11052 11045 11039 11046
29059 8535 8524 8521 8522
29060 4741 4831 4824 4742
29061 11605 11600 11595 11604
29062 10063 10067 10062 10051
29063 8478 8485 8477 8480
29064 7489 7491 7486 8485
29065 10188 10185 10181 10186
29066 11307 10989 5226 10988
29067 5350 5347 5344 5349
29068 8368 8365 8361 8366
29069 1837 1952 1836 1950
29070 1941 1946 1939 1942
29071 10123 10121 10116 10042
29072 11351 11358 11348 11352
29073 8563 8532 8554 8530
29074 6770 6756 6762 6848
29075 8256 8259 8261 8258
29076 11046 11053 11040 11052
29077 10090 10094 10122 10093
29078 10066 10043 10060 10045
29079 9977 9939 9935 9940
29080 1082 1076 1079 1083
29081 2156 2150 2148 2155
29082 2982 2994 2998 2984
29083 1394 1126 2156 2012
29084 3414 3406 3415 3408
29085 1514 1517 1512 1502
29086 1384 1386 1381 1385
29087 3725 3713 3724 3712
29088 8430 8434 8426 8432
29089 1526 1635 1527 1555
29090 1552 1556 1551 1555
29091 1577 1621 1619 1622
29092 6385 6392 6382 6485
29093 7133 7125 7129 7126
29094 5835 5764 5759 5763
29095 6266 6270 6264 6267
29096 7774 7873 7868 7773
29097 4345 4326 4342 4343
29098 5887 5880 5878 9558
29099 30 5 4 6
29100 4360 4365 4362 4363
29101 1490 1538 1485 1525
29102 959 954 950 955
29103 9592 9668 9620 9625
29104 595 68 64 596
29105 6642 6932 6937 6641
29106 4311 4304 4312 4204
29107 6093 6086 6105 6106
29108 6470 6455 6464 6457
29109 983 980 978 981
29110 4363 4366 4356 4365
29111 7329 7327 7320 7298
29112 3518 3523 3534 3539
29113 3107 3105 3109 3122
29114 9594 9599 9593 9595
29115 9080 9077 9075 9079
29116 9625 9667 9622 9624
29117 10003 9989 9998 10005
29118 3633 3377 3376 3388
29119 3764 3761 3759 3750
29120 555 567 564 556
29121 3396 3062 3051 3045
29122 9949 9951 9943 10195
29123 4935 4947 4926 4949
29124 10174 10150 10165 10171
29125 8396 8662 8400 8172
29126 3568 3571 3562 3570
29127 7032 7043 7038 7025
29128 1309 1297 1307 1310
29129 10701 10684 10709 10707
29130 4384 4450 4442 4377
29131 9530 9527 9571 9498
29132 23 35 18 36
29133 8480 8497 8500 8483
29134 1139 1137 1131 1138
29135 4007 4010 4003 4009
29136 11642 11653 11636 11646
29137 3087 3089 3080 2948
29138 9595 9592 9591 9640
29139 7459 7429 7424 7458
29140 9367 9364 9359 9366
29141 8791 8771 8766 8790
29142 7685 7673 7655 7656
29143 9575 9538 9534 9536
29144 3845 3878 3875 3879
29145 2484 2491 2483 2486
29146 6625 6623 6618 6638
29147 9055 9058 9051 9057
29148 9886 9888 9884 9887
29149 6717 6708 6706 6731
29150 8975 8959 8966 8971
29151 1401 1393 1392 1398
29152 218 215 209 217
29153 1113 1178 1110 1177
29154 11594 11628 11624 11626
29155 7231 7222 7237 7238
29156 6040 6037 6033 6039
29157 2034 2038 2030 2035
29158 333 291 329 335
29159 4066 4009 4002 4131
29160 5469 5494 5492 5466
29161 4039 4037 4028 4021
29162 6300 6209 6296 6301
29163 8282 8237 8278 8273
29164 11593 11627 11580 11594
29165 6361 6363 6356 6362
29166 7274 7254 7285 7253
29167 11626 11631 11625 11630
29168 11630 11632 11629 11617
29169 8601 6325 6315 6324
29170 8303 8367 8299 8305
29171 6611 6613 6604 6665
29172 9031 9016 9010 9028
29173 2503 2506 2499 2504
29174 8117 8120 8115 8118
29175 6611 6586 6578 6587
29176 10093 10087 10086 10090
29177 5559 5823 5812 2284
29178 6454 6400 6393 6390
29179 6691 6729 6719 6728
29180 6478 6495 6474 6479
29181 5962 8611 8608 8612
29182 1514 1511 1515 1513
29183 1540 1543 1539 1513
29184 502 498 495 501
29185 4416 4430 4408 4388
29186 10915 10911 10909 10912
29187 3631 3429 3426 3430
29188 2335 2331 2330 2259
29189 3115 3444 3117 3443
29190 4989 5066 4980 4988
29191 48 46 43 59
29192 5454 5451 5449 5453
29193 8553 8209 8212 8210
29194 5092 4958 5089 5093
29195 5535 5531 5526 5532
29196 3541 3526 3536 3524
29197 8817 8807 8805 8816
29198 10275 10341 10335 10277
29199 1526 1522 1521 1555
29200 5729 5717 5726 5718
29201 4669 4676 4662 4672
29202 4672 4649 4664 4645
29203 4425 4421 4420 4424
29204 57 17 20 35
29205 7615 7606 7614 7607
29206 2058 2047 2052 2049
29207 5179 5157 5156 5167
29208 1932 1934 1931 2048
29209 10856 10863 10864 10860
29210 2406 2462 2466 2463
29211 1032 1037 1029 1035
29212 2407 2411 2425 2408
29213 4882 4910 4904 4911
29214 7433 7430 7427 7442
29215 11094 11132 11131 11138
29216 2048 2050 2046 2049
29217 8781 8881 8775 8792
29218 2059 2062 2078 2490
29219 10070 10180 10058 10071
29220 4123 4096 4097 4005
29221 3803 3819 3813 3818
29222 4259 4260 4271 4258
29223 528 525 524 542
29224 11629 11622 11621 11623
29225 4283 3687 4282 3700
29226 1083 1089 1086 1085
29227 6232 6220 6217 6218
29228 11161 11182 11155 11181
29229 4298 4296 4292 4281
29230 4040 4021 4029 4022
29231 9024 9029 9020 9025
29232 3378 3385 3389 3380
29233 6230 6223 6217 6236
29234 2374 2371 2365 2449
29235 1503 1500 1504 1502
29236 10610 10601 10599 10604
29237 9979 9976 9964 9961
29238 2048 1929 1928 1932
29239 2882 2869 2874 2870
29240 955 958 948 957
29241 3545 3519 3543 3539
29242 3609 3598 3607 3611
29243 6964 7101 7097 6965
29244 1202 1205 1198 993
29245 1540 1538 1541 1529
29246 740 736 733 794
29247 9289 10006 9279 9991
29248 10273 10271 10269 10272
29249 1153 1176 1143 1178
29250 8997 9002 8993 9001
29251 2586 2588 2589 2600
29252 3892 3894 3885 3893
29253 2928 2922 2919 2927
29254 5977 5987 5969 5976
29255 6723 6730 6721 6727
29256 206 265 247 217
29257 668 659 666 652
29258 3271 3273 3266 3272
29259 7962 7935 7931 7933
29260 3148 3150 3145 3132
29261 5841 5846 5837 5842
29262 1382 2168 2173 1395
29263 4476 4478 4470 4477
29264 3186 3245 3192 3185
29265 3140 3331 3135 3141
29266 1552 1548 1547 1582
29267 6534 6483 6472 6536
29268 1908 1904 1900 1907
29269 5429 5433 5424 5432
29270 1902 1882 1879 1901
29271 9509 9521 9518 9510
29272 4581 4975 4576 4568
29273 8043 8039 8038 8051
29274 11141 11227 11157 11228
29275 605 603 601 604
29276 9401 9433 9429 9398
29277 11446 11449 11443 11467
29278 9732 9729 9727 9434
29279 537 530 544 540
29280 5318 5323 5325 5425
29281 8704 8732 8726 8706
29282 4490 4492 4484 4491
29283 8833 8828 8846 8832
29284 1908 2827 2821 1895
29285 7747 7938 7864 7659
29286 7381 7377 7375 7378
29287 10521 10392 10517 10522
29288 4618 4623 4616 4622
29289 2840 2845 2839 2841
29290 4882 4885 4880 4884
29291 277 95 275 688
29292 4545 4505 4544 4526
29293 2193 2191 2188 2727
29294 5348 5351 5345 5367
29295 4972 4975 4970 4973
29296 812 809 805 811
29297 2812 2807 2805 2810
29298 3002 3130 3128 3114
29299 10147 10150 10141 10148
29300 1734 1738 1728 1736
29301 11487 11489 11482 11488
29302 2801 2817 2811 2803
29303 10615 10599 10605 10614
29304 436 404 434 420
29305 11227 11224 11221 11225
29306 10614 10586 10583 10615
29307 1440 1435 1433 1436
29308 8064 8069 8058 8079
29309 1490 1478 1480 1487
29310 8733 8731 8725 8739
29311 4647 4610 4644 4590
29312 3633 3620 3614 3635
29313 9913 9938 9930 9936
29314 8018 7855 7849 7887
29315 1414 1397 1382 1402
29316 9961 9965 9964 9979
29317 5763 5766 5760 5765
29318 9243 9248 9239 9244
29319 5520 5522 5514 5544
29320 4589 4558 4553 4588
29321 5490 4687 5489 5493
29322 4729 4699 4725 4702
29323 4673 4696 4667 4671
29324 9237 9219 9217 9186
29325 1256 993 1248 1205
29326 3337 3322 3313 3320
29327 9000 8964 8995 9004
29328 4879 4424 4878 4421
29329 8900 8912 8892 8898
29330 2411 2425 2408 2427
29331 2409 2406 2410 2407
29332 7496 7490 7488 7492
29333 9958 9962 9953 9961
29334 7818 7812 7830 7831
29335 6624 6622 6617 6623
29336 8551 8159 8555 8160
29337 10917 10912 10901 10915
29338 8549 8506 8541 8536
29339 10797 10963 10961 10796
29340 2634 2594 2627 2633
29341 11098 11093 11089 11096
29342 4526 4534 4522 4533
29343 8480 7491 8479 8492
29344 2684 2713 2677 2678
29345 4374 4378 4371 4376
29346 4949 4937 4927 4935
29347 2714 2233 2683 2217
29348 7563 7545 7542 7562
29349 7816 7820 7812 7818
29350 8823 8820 8813 8822
29351 5314 5311 5307 5313
29352 7711 7730 7724 7710
29353 8505 8498 8494 8508
29354 6623 6621 6615 6636
29355 10196 10200 10195 10199
29356 2476 2464 2461 2463
29357 2490 2492 2488 2491
29358 5253 5220 5223 5195
29359 10892 10894 10905 10912
29360 5795 5797 5788 5817
29361 4414 4452 4405 4411
29362 4050 4064 4048 4053
29363 4295 4307 4302 3648
29364 2059 2077 2060 2058
29365 10534 10508 10545 10505
29366 2514 2517 2510 2515
29367 4865 4853 4852 4855
29368 11058 11051 11048 11055
29369 8263 8260 8258 8262
29370 178 268 261 270
29371 9310 9312 9315 9311
29372 6834 6755 6748 6835
29373 11578 11575 11570 11576
29374 7127 7146 7123 7147
29375 5163 5165 5170 5218
29376 2978 2976 2986 2972
29377 1216 1205 1199 1204
29378 6885 6882 6878 6883
29379 1062 1077 1073 1076
29380 3750 3766 3760 3764
29381 11601 11612 11636 11653
29382 3751 3738 3735 3766
29383 8640 8638 8631 8639
29384 3854 3857 3852 3855
29385 9195 9198 9191 9197
29386 3394 3398 3397 3395
29387 1206 976 974 1142
29388 9625 9640 9621 9592
29389 3590 3598 3586 3595
29390 3618 3388 3387 3389
29391 4359 4363 4353 4360
29392 6430 6427 6428 6245
29393 10431 10433 10427 10432
29394 3475 3480 3476 3477
29395 8301 8304 8297 8223
29396 7015 6994 6992 6209
29397 3590 3597 3594 3463
29398 1412 1416 1408 1426
29399 11333 11383 11313 11357
29400 995 998 988 996
29401 4321 4326 4322 4325
29402 4349 4360 4347 4365
29403 3475 3465 3460 3467
29404 3400 3403 3395 3401
29405 4040 4213 4035 4041
29406 6897 6895 6890 6882
29407 2948 3000 2939 3087
29408 6277 6271 6283 6276
29409 9118 9045 9111 9113
29410 11653 11657 11647 11654
29411 20 25 17 63
29412 9989 10003 9991 10005
29413 1358 1805 1314 1322
29414 550 564 549 561
29415 5934 5938 5927 5985
29416 1428 1426 1420 1450
29417 8422 8431 8421 8427
29418 10051 10057 10050 10053
29419 9103 9107 9098 9106
29420 9596 9585 9583 9593
29421 1438 1282 1280 1278
29422 1453 1450 1449 1451
29423 7609 7589 7600 7602
29424 4762 4766 4759 4763
29425 8666 8398 8663 8667
29426 2446 2454 2453 2448
29427 5826 3351 3346 3350
29428 10825 10811 10814 10823
29429 2140 2150 2139 2141
29430 6570 6573 6567 6572
29431 10456 10442 10451 10458
29432 6914 6911 6906 6912
29433 6665 6660 6654 6664
29434 10526 10374 10525 10494
29435 3948 3941 3939 3946
29436 955 960 951 959
29437 6465 6469 6466 6467
29438 7157 7154 7192 7188
29439 3155 3153 3149 3154
29440 235 225 269 240
29441 2022 2025 2020 2024
29442 9329 9336 9322 9330
29443 542 413 531 541
29444 3854 3842 3848 3843
29445 7202 7289 7206 7255
29446 9757 9690 9752 9758
29447 11514 11528 11506 11511
29448 9457 9454 9453 9455
29449 544 542 537 543
29450 2128 2177 2126 2129
29451 2166 2164 2159 2151
29452 8105 8108 8100 8580
29453 11381 11396 11388 11385
29454 357 360 355 358
29455 11605 11613 11596 11612
29456 8655 8649 8646 8654
29457 5757 5778 5773 5758
29458 1814 1801 1793 1816
29459 7263 7248 7259 7247
29460 7001 7003 7004 6971
29461 4061 4090 4054 4062
29462 6326 6324 6318 6325
29463 9410 9346 9344 9343
29464 907 889 900 904
29465 332 290 329 333
29466 8390 8393 8384 8392
29467 723 726 721 725
29468 9344 9412 9410 9472
29469 2629 2618 2616 2619
29470 8355 8350 8349 8354
29471 386 397 379 396
29472 1682 1685 1680 1683
29473 6600 6596 6591 6597
29474 5961 8624 8607 8611
29475 4178 4150 4176 4157
29476 3843 3828 3821 3826
29477 5985 5988 5980 5935
29478 5659 5674 5656 5663
29479 4452 4416 4408 4411
29480 7419 7394 7384 7393
29481 6581 6597 6594 6569
29482 8977 8957 8955 8969
29483 9000 8948 8995 8956
29484 5080 5077 5071 5078
29485 1777 1773 1771 1776
29486 1218 1215 1210 1217
29487 9716 9719 9714 9717
29488 5335 5338 5333 5336
29489 2103 2163 2099 2127
29490 2246 2240 2242 2245
29491 5432 5305 5425 5325
29492 6663 6665 6656 6664
29493 4883 4911 4905 4441
29494 5539 5533 5529 5535
29495 8622 8654 8645 8649
29496 1271 1328 1327 1332
29497 11159 10655 10653 10657
29498 9548 9613 9605 6185
29499 10233 10247 10238 10231
29500 10431 10562 10558 10543
29501 10552 10564 10540 10548
29502 6024 6532 6531 6536
29503 9041 9068 9064 9067
29504 8397 8172 8401 8173
29505 1203 1196 1194 1139
29506 10003 10000 9995 10001
29507 354 642 351 663
29508 646 689 725 647
29509 6969 6986 6991 6967
29510 4293 4328 4300 4294
29511 3092 3096 3100 3095
29512 9236 9215 9228 9237
29513 1540 1535 1534 1529
29514 7097 7100 7101 7098
29515 8926 8939 8925 8910
29516 5843 5848 5849 5847
29517 6549 6555 6552 6548
29518 7996 7927 7997 7999
29519 3375 3368 3373 3371
29520 4078 4063 4043 4080
29521 7744 7710 7742 7730
29522 9115 9122 9112 9116
29523 8973 9367 9360 8961
29524 1684 1719 1681 1685
29525 2138 2164 2136 2162
29526 739 759 731 738
29527 2517 2519 2513 2502
29528 72 76 71 75
29529 8030 8044 8025 8033
29530 1022 1025 1016 1023
29531 2734 2764 2757 2747
29532 8740 8752 8749 8753
29533 10703 10670 10698 10618
29534 8102 8107 8103 8105
29535 6507 6497 6504 6510
29536 1268 1254 1260 1267
29537 8224 8235 8220 8225
29538 5339 5349 5343 5347
29539 8106 8064 8073 8079
29540 5716 5718 5714 5717
29541 8688 8674 8685 8673
29542 10455 10458 10451 10457
29543 4443 4468 4464 4518
29544 10574 10579 10567 10577
29545 6519 6524 6513 6523
29546 8622 8627 8620 8626
29547 9443 8829 9732 9676
29548 10479 11461 11453 11459
29549 7428 7458 7422 7429
29550 7255 7257 7262 7202
29551 1579 1576 1575 1577
29552 2650 2644 2654 2716
29553 10581 10590 10593 10588
29554 10643 10440 10637 10456
29555 2841 2854 2839 2850
29556 4962 4959 4956 4961
29557 10303 10277 10268 10327
29558 5779 5782 5775 5781
29559 4711 4714 4708 4712
29560 1817 1499 1795 1466
29561 2602 2784 2607 2785
29562 8154 8151 8156 8153
29563 9745 9754 9737 9796
29564 6025 6536 6535 6483
29565 7921 7924 7917 7922
29566 839 827 832 881
29567 8876 8822 8865 8872
29568 7952 7955 7961 7954
29569 7428 7431 7425 7407
29570 10135 10148 10130 10136
29571 8857 8859 8853 8921
29572 8810 8768 8812 8836
29573 1576 1620 1619 1621
29574 7912 7925 7908 7923
29575 1425 1330 1324 1328
29576 7993 7983 7991 7986
29577 2811 2809 2808 2797
29578 3517 3511 3510 3516
29579 4728 4596 4726 4729
29580 10256 10259 10255 10258
29581 4686 4596 4726 4618
29582 591 595 586 593
29583 6679 6687 6681 6678
29584 3774 3779 3776 3777
29585 7716 7731 7724 7711
29586 7732 7833 7725 7802
29587 7791 7756 7788 7729
29588 1396 1103 1096 1102
29589 6899 6896 6890 6897
29590 9390 9379 9383 9377
29591 8600 6323 8599 8601
29592 10136 10133 10127 10135
29593 9771 9764 9762 9769
29594 9563 9559 9554 9560
29595 10796 10799 10794 10797
29596 10328 10331 10320 10329
29597 3113 3122 3114 3128
29598 7636 7641 7635 7651
29599 2089 2086 2081 2088
29600 2943 2926 2928 2937
29601 7471 7457 7461 7463
29602 2869 2866 2862 2868
29603 7074 7066 7061 7068
29604 7712 7703 7699 7704
29605 9121 9999 10004 10002
29606 6957 6955 6959 6953
29607 8543 8557 8538 8542
29608 1500 1503 1496 1502
29609 9113 9121 9999 10004
29610 10002 10006 10004 9121
29611 3564 3567 3561 3566
29612 7858 7894 7851 7857
29613 9066 9061 9060 9065
29614 9053 9067 9049 9064
29615 3644 3648 3640 4307
29616 10814 10818 10825 10816
29617 2422 2418 2428 2419
29618 2988 2985 2979 2987
29619 8 36 30 11
29620 7096 7089 7095 7091
29621 81 79 77 80
29622 6493 6497 6489 6494
29623 3841 4025 3839 4023
29624 2697 2682 2681 2679
29625 773 777 767 785
29626 5659 5674 5663 5678
29627 6935 6939 6933 6937
29628 3208 3100 3206 3209
29629 9052 8891 9055 8896
29630 10029 10026 10020 10027
29631 5922 5919 5917 5921
29632 7247 6327 7258 7263
29633 5344 5341 5347 5342
29634 3135 3163 3331 3329
29635 9531 9498 9528 9499
29636 10697 10691 10692 10390
29637 9499 9494 9490 9665
29638 517 509 508 512
29639 8911 8898 8908 8895
29640 8055 8057 8053 8113
29641 11651 9558 11655 5925
29642 5998 6012 5992 6013
29643 8547 8536 8541 8534
29644 11498 11530 11492 11531
29645 5663 5678 5661 5659
29646 4154 4158 4148 4157
29647 3181 3178 3174 3155
29648 1997 2084 1993 1973
29649 10266 10259 10263 10260
29650 79 610 99 101
29651 240 227 242 235
29652 4702 4698 4694 4701
29653 8834 8836 8826 8835
29654 225 256 253 224
29655 891 841 830 839
29656 175 266 259 268
29657 6522 6519 6515 6520
29658 10327 10329 10319 10305
29659 10768 10496 10839 10849
29660 11342 11421 11416 11340
29661 9223 9245 9229 9250
29662 9678 8829 8825 8831
29663 190 202 188 191
29664 2 6 1 5
29665 3220 3204 3216 3202
29666 3998 3972 3996 4001
29667 801 775 769 774
29668 1244 1228 1239 1243
29669 9147 9130 9125 9129
29670 9325 9337 9330 9333
29671 307 310 302 293
29672 10480 11462 11454 11461
29673 9025 9022 9020 9024
29674 1817 1815 1812 1816
29675 8387 8392 8383 8389
29676 1351 1359 1350 1355
29677 10380 10383 10372 10382
29678 759 765 757 763
29679 4133 4144 4136 4143
29680 361 643 351 642
29681 9755 9796 9747 9754
29682 6730 6739 6721 6727
29683 1724 1721 1715 1723
29684 9655 9653 9646 9821
29685 281 108 280 282
29686 4150 4157 4152 4154
29687 3933 3984 3917 3986
29688 2116 2111 2109 2115
29689 5862 5858 5860 5859
29690 5522 5483 5476 5467
29691 8633 8640 8630 8637
29692 2251 2429 2255 2422
29693 4867 4884 4866 4870
29694 3055 3053 3057 3066
29695 2476 2473 2472 2475
29696 7235 7209 7205 7234
29697 520 408 476 409
29698 6063 6088 6089 6090
29699 6636 6573 6615 6634
29700 6546 6549 6542 6548
29701 5998 6003 5995 6000
29702 10512 11095 11088 11139
29703 10718 10910 10860 10864
29704 4569 4712 4564 4570
29705 2654 2648 2644 2653
29706 4582 4977 4577 4581
29707 2372 2370 2364 2371
29708 5867 11665 11661 5868
29709 7598 7472 7590 7692
29710 1076 1010 1009 1062
29711 9575 9564 9571 9574
29712 11294 11290 11288 11291
29713 10799 10782 10775 10784
29714 11085 11080 11078 10962
29715 5920 5849 5916 5919
29716 1632 1629 1615 1630
29717 11174 11488 11169 11489
29718 10812 10810 10807 10811
29719 2231 2270 2228 2232
29720 9276 9246 9241 9096
29721 11573 11579 11571 11574
29722 7104 7098 7105 7100
29723 4832 4829 4826 4830
29724 11367 11394 11359 11369
29725 8 75 73 76
29726 2481 2082 2487 2083
29727 8244 8257 8241 8242
29728 5022 5040 5033 5041
29729 7834 7812 7823 7833
29730 6659 6661 6657 6691
29731 789 1038 1013 1021
29732 3694 3699 3690 3696
29733 11120 11123 11114 11121
29734 4363 4359 4362 4360
29735 3371 3402 3373 3375
29736 2504 2501 2497 2503
29737 1485 1532 1538 1486
29738 565 561 560 564
29739 9262 9223 9259 9275
29740 9862 9859 9855 9860
29741 9861 9885 9858 9038
29742 2787 2607 2781 2788
29743 1246 1243 1242 1272
29744 3475 3464 3477 3467
29745 1036 1008 1000 1007
29746 130 141 139 135
29747 5712 3557 3507 3511
29748 3341 3348 3359 3300
29749 8998 8934 8993 8893
29750 3303 3350 3279 3302
29751 9834 9837 9830 9835
29752 2329 2334 2322 2320
29753 2855 2905 2853 2904
29754 2880 2883 2876 2881
29755 8679 8695 8685 8705
29756 5021 5028 5017 5027
29757 5041 5010 5037 5022
29758 8016 8003 7998 8017
29759 7937 7871 7862 7869
29760 10610 10616 10607 10615
29761 9937 9975 9933 9952
29762 4468 4465 4460 4466
29763 1826 1830 1820 1827
29764 11469 11467 11463 11468
29765 7313 7317 7309 7316
29766 11228 11225 11222 11226
29767 10772 10774 10770 10796
29768 2659 2661 2657 2660
29769 2804 2792 2793 2776
29770 9391 9355 9350 9365
29771 6495 6492 6486 6493
29772 11484 11173 11480 11485
29773 7998 8000 7995 7999
29774 10325 10393 10318 10392
29775 9861 8794 8789 9859
29776 2271 2260 2269 2270
29777 10175 10171 10166 10172
29778 5634 5640 5631 5637
29779 7664 7666 7662 7752
29780 10268 10335 10277 10270
29781 8901 8898 8894 8899
29782 10509 10527 10520 10513
29783 8896 8890 8899 8895
29784 9999 9887 9884 9888
29785 11295 11019 11302 11152
29786 11229 11233 11235 10648
29787 6392 6086 6391 6085
29788 5361 5366 5359 5365
29789 2384 2365 2366 2364
29790 6185 6193 6175 6190
29791 10894 10892 10900 10912
29792 8222 8304 8214 8232
29793 429 437 427 435
29794 4451 4456 4442 4452
29795 1307 1297 1295 1293
29796 10089 10065 10088 10063
29797 8849 9441 9434 9458
29798 47 138 41 46
29799 2220 2208 2218 2210
29800 3154 3152 3145 3137
29801 10124 9828 9827 9693
29802 10192 10199 10191 10194
29803 2342 2324 2349 2343
29804 3111 3443 3116 3432
29805 2218 2223 2220 2219
29806 6610 6608 6606 6609
29807 10538 10507 10533 11136
29808 2344 2312 2316 2324
29809 11654 11658 11648 11656
29810 4756 4805 4797 4804
29811 2301 2280 2279 2281
29812 771 813 768 776
29813 11362 11368 11360 11363
29814 11295 11293 11292 11294
29815 10737 10745 10740 11250
29816 4372 4382 4369 4373
29817 7649 7575 7574 7636
29818 523 537 522 536
29819 8497 8504 8500 8483
29820 451 1021 1015 1022
29821 3557 3555 3551 3556
29822 1272 1270 1265 1271
29823 10018 9986 9996 10001
29824 10967 10978 10979 10964
29825 10305 10303 10240 10327
29826 1501 1499 1495 1805
29827 2502 2515 2511 2517
29828 6485 6085 6482 6036
29829 6192 6168 6171 6191
29830 4343 4332 4339 4334
29831 6080 6077 6073 6078
29832 3700 3694 3695 3696
29833 3698 3663 3689 3712
29834 6639 6909 6902 6640
29835 3454 3455 3420 3425
29836 9040 9043 9883 9042
29837 697 603 694 700
29838 11614 11612 11607 11613
29839 3804 3895 3888 3747
29840 3907 3909 3898 3895
29841 4336 4321 4326 4322
29842 7789 7791 7785 7799
29843 1424 1454 1449 1425
29844 1500 1466 1493 1499
29845 2593 2597 2634 2632
29846 9042 9039 9034 9040
29847 6897 6887 6878 6899
29848 9109 9104 9099 9108
29849 10005 10002 10006 10004
29850 5111 5099 5118 5098
29851 9234 9245 9240 9238
29852 6244 6246 6237 6245
29853 33 16 32 15
29854 9493 9665 9492 9494
29855 1335 1328 1325 1330
29856 3831 3826 3822 3827
29857 3608 3611 3606 3610
29858 10213 10195 9943 10214
29859 7735 7669 7734 7733
29860 9045 9042 9117 9044
29861 1440 1282 1438 1442
29862 126 86 125 80
29863 10682 10692 10686 10691
29864 5612 5468 5463 5469
29865 8950 8945 8943 9054
29866 1374 1441 1431 1376
29867 2619 2630 2616 2629
29868 9045 9118 9043 9113
29869 3731 2912 2914 2911
29870 9914 9881 9878 9938
29871 9044 9041 9068 9064
29872 11001 10997 10996 11000
29873 6556 6545 6550 6555
29874 1388 1375 1384 1389
29875 8445 7419 8435 7393
29876 6582 6599 6575 6600
29877 9052 9056 9048 9053
29878 5753 5758 5748 5698
29879 10363 10354 10360 10362
29880 9030 8962 9019 8960
29881 6627 7195 7199 6566
29882 8910 8912 8907 8911
29883 4624 4619 4617 4630
29884 8777 8823 8772 8876
29885 202 215 197 213
29886 7237 7230 7238 7236
29887 6729 6717 6706 6731
29888 2122 2127 2095 2123
29889 3319 3294 3288 3291
29890 7155 7157 7154 7192
29891 9328 9471 9320 9327
29892 4907 4911 4902 4910
29893 4611 4602 4607 4605
29894 8681 8679 8671 8707
29895 2212 2217 2207 2213
29896 1513 1516 1515 1514
29897 1556 1552 1557 1555
29898 2077 2059 2072 2058
29899 2089 2488 2083 2078
29900 10290 10276 10267 10303
29901 9849 9845 9839 9758
29902 11058 11052 11054 11053
29903 4851 4855 4850 4853
29904 291 294 285 292
29905 9593 9599 9598 9596
29906 6465 6470 6461 6457
29907 5935 5845 5836 5841
29908 4117 4160 4140 4144
29909 4085 3921 3919 3931
29910 224 227 222 225
29911 10822 10941 10825 10826
29912 8949 8946 8942 8947
29913 2228 2270 2264 2260
29914 2218 2213 2208 2217
29915 10834 10824 10848 10833
29916 4455 4446 4443 4448
29917 1997 1995 1991 1996
29918 8044 8081 8065 8069
29919 4976 4996 4971 4995
29920 11626 11591 11586 11594
29921 4986 4958 4953 4960
29922 10486 10480 10474 10485
29923 406 409 405 408
29924 3816 3725 3716 3662
29925 2815 2799 2795 2814
29926 11684 11600 11682 11685
29927 6586 6582 6576 6583
29928 4664 4661 4656 4663
29929 11461 11457 11455 11459
29930 7861 7841 7838 7860
29931 9551 9547 9542 9550
29932 5166 5169 5161 5167
29933 10291 10285 10282 10289
29934 4666 4675 4665 4674
29935 4712 4715 4708 4572
29936 10681 10683 10677 10682
29937 11243 11239 11246 11240
29938 10024 9978 9979 10012
29939 9898 8767 8762 8769
29940 10000 9876 9993 10017
29941 7481 7484 7475 7489
29942 11567 11576 11559 11566
29943 4635 4592 4589 4594
29944 2933 2929 2928 2930
29945 2627 2587 2630 2625
29946 2047 1921 2069 2075
29947 5821 5391 5380 5390
29948 11132 11134 11130 11133
29949 9468 9457 9461 9459
29950 2604 2610 2592 2590
29951 10290 10304 10296 10291
29952 10302 10299 10296 10301
29953 2374 2452 2369 2375
29954 10810 10823 10806 10811
29955 3410 3580 3573 3574
29956 2199 2209 2206 2201
29957 4898 4439 4896 4907
29958 2948 3070 3079 2935
29959 6088 6093 6089 6090
29960 7649 7560 7571 7576
29961 943 1232 1229 930
29962 2305 2282 2353 2302
29963 11625 11498 11586 11622
29964 2337 5575 2339 5558
29965 3095 3191 3099 3092
29966 10872 10888 10871 10870
29967 3467 3525 3456 3527
29968 4755 4804 4796 4816
29969 5231 5276 5228 5230
29970 9107 9088 9087 9106
29971 2112 2121 2108 1734
29972 9165 9168 9161 9167
29973 9189 9192 9196 9190
29974 9070 9065 9063 9069
29975 5160 5112 5120 5114
29976 114 218 212 266
29977 3812 3800 3807 3801
29978 4181 4173 4180 4174
29979 8381 8364 8369 8368
29980 10170 10172 10164 10171
29981 474 463 453 475
29982 3543 3546 3539 3526
29983 8784 8782 8779 8783
29984 3957 3974 3964 3959
29985 644 648 641 646
29986 241 238 234 239
29987 5009 5063 5035 5065
29988 421 661 710 712
29989 632 629 625 630
29990 4633 4637 4626 5793
29991 3581 3583 3576 3558
29992 9211 9196 9210 9208
29993 3400 3371 3402 3373
29994 6767 6782 6779 6777
29995 1322 1804 1313 1325
29996 9173 9181 9228 9180
29997 5597 5594 5591 5595
29998 3973 3218 3967 3974
29999 1089 463 1086 1085
30000 159 178 164 158
30001 5061 5066 5057 5064
30002 8854 8818 8869 8871
30003 9900 9898 9893 8771
30004 10077 10085 10076 10083
30005 5213 5202 5209 5211
30006 3341 3348 3301 3347
30007 11165 11162 11156 11163
30008 10352 10330 10345 10342
30009 1098 1102 1092 1100
30010 6820 6833 6824 6793
30011 5933 5859 5931 5858
30012 4669 4673 4667 4671
30013 3896 3907 3887 3895
30014 11382 11385 11378 11394
30015 447 405 445 404
30016 5345 5342 5348 5357
30017 10406 10401 10397 10403
30018 5978 5975 5970 6020
30019 5622 5619 5616 5621
30020 10487 10482 10477 10484
30021 11209 11213 11207 11175
30022 1686 1683 1677 1685
30023 6457 6454 6447 6444
30024 11486 11176 11166 11171
30025 3830 3843 3820 3826
30026 2115 2110 2109 2114
30027 1892 1868 1864 1891
30028 11467 11483 11476 11468
30029 8707 8745 8671 8681
30030 5575 5561 5552 5558
30031 8740 8731 8749 8719
30032 3567 3636 3626 3569
30033 4571 4573 4565 4583
30034 10645 10441 10639 10440
30035 9580 9585 9579 9581
30036 10646 10648 10649 10647
30037 10574 10299 10571 10560
30038 4583 4581 4578 4571
30039 5544 5500 5545 5540
30040 8759 7299 8748 7302
30041 10642 10456 10637 10455
30042 9458 9442 9435 9459
30043 2879 2877 2872 2878
30044 8797 9039 9032 9033
30045 2803 2800 2796 2801
30046 5502 5509 5506 5508
30047 2732 2767 2775 2771
30048 6967 6970 6975 6969
30049 11076 11123 11114 11122
30050 9179 9218 9252 9254
30051 2815 2818 2813 2817
30052 5052 5055 5047 5038
30053 3309 3305 3311 3276
30054 6485 6479 6476 6385
30055 4427 4883 4424 4426
30056 7363 7977 7970 7366
30057 497 499 493 516
30058 7760 7774 7757 7761
30059 7303 7299 7294 7330
30060 8820 8808 8805 8817
30061 4588 4557 4552 4726
30062 6245 6249 6247 6430
30063 6793 6785 6784 6820
30064 9109 9105 9101 9107
30065 10422 10433 10428 10408
30066 672 674 665 673
30067 6936 7198 7196 6934
30068 7923 7926 7918 7924
30069 5496 5483 5475 5495
30070 8873 8856 8852 8879
30071 4696 4702 4694 4701
30072 4688 4622 4613 4620
30073 7950 7963 7946 7951
30074 6751 6755 6748 6752
30075 802 749 792 740
30076 10310 10234 10315 10308
30077 2214 2219 2210 2215
30078 7661 7656 7655 7673
30079 8225 8186 8219 8224
30080 8353 8328 8348 8350
30081 11105 11124 11118 11110
30082 2584 2577 2579 2581
30083 10197 10214 10196 10195
30084 3962 3946 3954 3961
30085 2038 2090 2035 2039
30086 1387 1389 1383 2090
30087 6991 6982 6986 6990
30088 257 254 252 256
30089 7860 7919 7836 7901
30090 9613 9615 9608 6193
30091 10333 10336 10341 10335
30092 10938 10824 10817 10825
30093 2418 2422 2417 2419
30094 10759 11262 10751 10757
30095 5658 5660 5655 5686
30096 9857 9899 9894 9900
30097 6696 6701 6694 6700
30098 5806 5822 5815 5819
30099 7406 7403 7396 7404
30100 10884 10888 10881 10861
30101 2426 2445 2418 2427
30102 23 19 13 21
30103 4520 4504 4512 4519
30104 4517 4500 4513 4516
30105 4527 4375 4518 4445
30106 7807 7817 7801 7816
30107 2894 2891 2887 2893
30108 10361 10358 10366 10359
30109 476 448 446 474
30110 2593 2589 2595 2590
30111 4491 5001 4483 4490
30112 1938 1945 1924 1941
30113 2346 2349 2342 2348
30114 2450 2453 2443 2451
30115 8161 8165 8166 8162
30116 8261 8248 8241 8246
30117 10951 11124 11027 11125
30118 10837 10829 10830 10834
30119 10773 10849 10762 10771
30120 1855 1827 1850 1856
30121 5189 5186 5191 5187
30122 10883 10885 10881 10884
30123 5027 4765 5023 4764
30124 2474 2479 2475 2477
30125 10950 10954 10946 10952
30126 5267 5220 5253 5264
30127 8280 8287 8289 8281
30128 2618 2910 2903 2558
30129 1930 1914 1913 1919
30130 7950 7352 7940 7949
30131 8300 8237 8227 8234
30132 6544 6547 6538 6545
30133 8492 7496 7488 8495
30134 1566 1570 1564 1567
30135 10074 10083 10073 10082
30136 8363 8273 8357 8237
30137 3518 3516 3515 3499
30138 8285 8279 8286 8253
30139 1154 1150 1148 1151
30140 7444 7457 7454 7467
30141 10065 10069 10068 10067
30142 10950 11110 11119 11124
30143 11601 11685 11595 11600
30144 11542 11577 11572 11540
30145 8702 8706 8700 8705
30146 5657 5650 5654 5701
30147 1431 1441 1439 1437
30148 9170 9198 9169 9211
30149 6609 6626 6616 6813
30150 1267 1269 1262 1268
30151 10134 9155 10129 9144
30152 9273 9275 9265 9251
30153 3058 3061 3064 3060
30154 3910 3895 3899 3909
30155 6276 6278 6284 6277
30156 2736 2739 2732 2738
30157 7484 7547 7477 7549
30158 1281 1276 1274 1277
30159 8680 8391 8672 8390
30160 4172 4144 4177 4160
30161 10120 10091 10075 10084
30162 2127 2176 2125 2128
30163 3501 3462 3498 3505
30164 8947 8897 8942 8945
30165 6416 6106 6104 6086
30166 3893 3811 3806 3829
30167 2910 2908 2901 2909
30168 3530 3526 3529 3527
30169 7095 7066 7091 7060
30170 4260 4364 4355 4363
30171 6256 6267 6282 6246
30172 3817 3791 3787 3789
30173 1308 1310 1306 1284
30174 7071 7096 7103 7066
30175 1281 1284 1279 1283
30176 1802 1805 1798 1499
30177 3526 3539 3534 3523
30178 1280 1283 1278 1282
30179 3504 3506 3502 3523
30180 3804 3800 3793 3896
30181 4923 4465 4457 4924
30182 10728 10722 10714 10721
30183 3067 3081 3079 3084
30184 44 54 48 53
30185 6125 6016 6015 6051
30186 4116 4098 4093 4094
30187 61 63 58 62
30188 35 76 74 57
30189 1347 1341 1338 1343
30190 135 142 140 136
30191 9977 10012 9969 9978
30192 4546 4541 4540 4609
30193 1439 1442 1437 1441
30194 2012 1124 2003 2009
30195 5717 5715 5713 5716
30196 8891 9052 8889 8896
30197 6349 6351 6343 6508
30198 3582 3580 3575 3565
30199 1373 1376 1372 1375
30200 7330 7328 7321 7329
30201 4414 5406 4410 4454
30202 1374 1370 1367 1371
30203 6855 6861 6849 6856
30204 8908 8905 8902 8906
30205 3059 3043 3040 3061
30206 7092 6953 6950 7086
30207 8147 8143 8142 8146
30208 3634 3637 3627 3636
30209 2388 2400 2379 2387
30210 563 577 562 576
30211 7154 7150 7151 7185
30212 407 424 404 425
30213 136 49 47 45
30214 8945 9057 9050 9054
30215 9042 9117 9044 9068
30216 6792 6835 6832 6751
30217 9066 9080 9073 9079
30218 3350 3303 3349 3302
30219 10757 10760 10753 10759
30220 3291 3318 3288 3319
30221 3281 3279 3275 3280
30222 7859 7874 7867 7861
30223 6509 6505 6502 6506
30224 7494 7490 7507 7510
30225 2037 2039 2034 2025
30226 4727 4646 4725 4728
30227 11237 11231 11238 11232
30228 3157 3164 3166 3163
30229 7209 7277 7206 7208
30230 591 609 608 610
30231 11114 11152 11112 11019
30232 8957 8951 8955 8969
30233 5664 5659 5662 5660
30234 1646 1760 1640 1647
30235 4157 4181 4173 4180
30236 7145 7141 7184 7180
30237 5937 5950 5945 5951
30238 877 736 858 869
30239 5699 5781 5695 5710
30240 11514 11623 11621 11622
30241 3281 3284 3277 5769
30242 9835 10161 10151 10160
30243 240 243 235 242
30244 829 852 845 853
30245 9413 9416 9409 9415
30246 10013 10016 10009 10015
30247 1392 2151 2144 2156
30248 3949 3946 3942 3947
30249 3268 3171 3194 3169
30250 257 269 253 267
30251 9465 9320 9471 9318
30252 2111 1712 1711 2110
30253 878 827 817 824
30254 2129 1785 1779 1784
30255 11394 11396 11392 11395
30256 1451 1437 1432 1438
30257 7036 6235 7052 7056
30258 7137 7144 7135 7143
30259 5869 5873 5864 5872
30260 8650 8654 8644 8653
30261 5963 5961 5959 5962
30262 865 894 886 868
30263 7186 7180 7184 7181
30264 577 583 582 578
30265 6751 6790 6746 6792
30266 9770 9745 9738 9772
30267 2122 2115 2113 2098
30268 1410 1193 1188 1192
30269 2259 2226 2225 2227
30270 8649 8613 8602 8627
30271 4180 4176 4179 4177
30272 3829 3892 3889 3893
30273 1813 1816 1811 1815
30274 5875 5844 11634 5843
30275 9797 9795 9792 9796
30276 8042 8037 8027 8039
30277 9828 9849 9844 9691
30278 6908 6651 6647 6652
30279 8741 8744 8736 8742
30280 3185 3217 3211 3245
30281 3934 3986 3924 3941
30282 8534 8537 8528 8535
30283 4607 4609 4599 4595
30284 7389 7392 7382 7391
30285 8687 8694 8689 8688
30286 6440 6443 6433 6442
30287 2905 2908 2899 2906
30288 1861 1852 1859 1846
30289 11159 11162 11153 11161
30290 5091 5093 5085 5078
30291 11502 11592 11499 11501
30292 3449 3117 3444 3447
30293 8882 8885 8876 8883
30294 1449 1791 1443 1420
30295 10563 10578 10575 10579
30296 10234 10231 10239 10232
30297 2348 2316 2344 2362
30298 11096 11082 11091 11098
30299 4737 4735 4730 4736
30300 10689 10691 10686 10690
30301 7738 7613 7605 7610
30302 10042 10110 10107 10039
30303 9327 9330 9321 9328
30304 11641 11681 11639 11642
30305 7254 7274 7261 7253
30306 6234 6229 6236 6233
30307 7021 7025 7020 7035
30308 3369 3394 3395 3370
30309 3369 3394 3011 3391
30310 6977 6968 6970 6975
30311 1642 1659 1641 1654
30312 11397 11041 11389 11043
30313 3415 3417 3414 3416
30314 8882 8879 8868 8880
30315 8960 9362 9358 9030
30316 3335 3332 3353 3333
30317 4094 4161 4095 4160
30318 891 881 873 880
30319 10823 10826 10370 10820
30320 9025 9030 9018 9362
30321 126 98 94 120
30322 11497 11494 11493 11530
30323 232 226 223 231
30324 9880 9870 9879 9881
30325 5079 5074 5071 5077
30326 5054 5051 5045 5053
30327 7716 7834 7829 7833
30328 9746 9756 9748 9754
30329 11410 11446 11439 11467
30330 8092 8107 8087 8090
30331 11469 11407 11404 11410
30332 11177 11171 11167 11176
30333 2829 2824 2823 2828
30334 11165 11126 11144 11185
30335 10301 10298 10297 10285
30336 8100 8584 8108 8087
30337 8046 8041 8047 8055
30338 9771 9795 9788 9781
30339 8673 8677 8669 8676
30340 5458 5454 10649 5445
30341 10935 10937 10932 10936
30342 11422 11474 11466 11473
30343 2830 2825 2823 2829
30344 6050 6039 6030 6037
30345 11422 11420 11413 11407
30346 10405 10400 10470 10401
30347 1894 1828 1890 1825
30348 7766 7842 7764 7760
30349 2576 2581 2572 2571
30350 5625 5620 5617 5622
30351 11250 10750 11255 11252
30352 10231 10234 10228 10232
30353 10641 10661 10595 10644
30354 1895 2864 2858 1828
30355 8417 8420 8414 8418
30356 7326 7317 7311 7315
30357 10485 10405 10470 10486
30358 2598 2600 2603 2599
30359 10727 10731 10725 10728
30360 8987 9001 8984 8999
30361 8873 8883 8872 8860
30362 855 851 850 976
30363 8655 8651 8647 8638
30364 10679 10681 10676 10680
30365 8472 7415 8462 7416
30366 11276 11274 11278 5185
30367 2739 2601 2551 2557
30368 7655 7660 7661 7670
30369 8535 8532 8526 8534
30370 7927 7929 7933 7928
30371 8912 8910 8909 8911
30372 2970 2972 2965 2971
30373 8549 8546 8540 8548
30374 7672 7735 7737 7677
30375 7671 7677 7679 7674
30376 10833 10939 10929 10835
30377 7739 7694 7738 7741
30378 7817 7801 7816 7812
30379 724 709 722 726
30380 7535 7560 7559 7532
30381 7517 7536 7531 7520
30382 1423 1219 1421 1193
30383 3121 3118 3124 3119
30384 11460 11448 11444 11457
30385 5821 5375 5816 5823
30386 11637 11634 11633 5849
30387 8444 8430 8438 8443
30388 2916 2958 2929 2915
30389 6954 6958 6945 6931
30390 3099 3102 3095 3100
30391 6946 7126 6942 6940
30392 1337 1360 1353 1363
30393 6415 6417 6414 6416
30394 6861 6900 6854 6858
30395 7046 7056 7044 7055
30396 9948 9926 9922 9928
30397 3451 3438 3448 3445
30398 2929 2958 2960 2961
30399 3409 3416 3408 3410
30400 5584 5558 5583 5587
30401 7717 7711 7709 7714
30402 57 89 85 53
30403 9102 9106 9097 9080
30404 8757 7313 8713 7316
30405 9102 9065 9073 9100
30406 3063 3065 3060 3064
30407 438 435 430 437
30408 8113 8132 8125 8131
30409 8796 8793 8788 8794
30410 9975 9978 9967 9976
30411 3528 3530 3546 3526
30412 826 970 821 967
30413 2940 2925 2930 2926
30414 3334 3316 3320 3313
30415 9079 9062 9060 9066
30416 9897 9901 9892 9912
30417 11606 11630 11621 11613
30418 5250 5247 10882 5248
30419 1464 1466 1462 1465
30420 3015 3022 3024 3021
30421 1971 1960 1962 1969
30422 4689 4698 4693 4699
30423 4021 4026 4018 4022
30424 2117 2107 2113 2108
30425 7886 7898 7880 7896
30426 9054 9058 9051 9061
30427 7845 7848 7847 7841
30428 2249 2264 2271 2267
30429 5765 5768 5760 5767
30430 9033 9041 9032 9049
30431 9048 8887 8779 8784
30432 9887 9885 9883 9886
30433 5834 5763 5733 5739
30434 5560 5574 5551 5601
30435 7348 7353 7347 7349
30436 7999 7930 7932 7927
30437 9082 8974 9071 8976
30438 6050 6052 6042 6051
30439 6690 6728 6688 6723
30440 7185 7188 7192 7154
30441 1809 1766 1806 1774
30442 9449 9718 9731 9448
30443 8481 8483 8474 8504
30444 3177 3175 3182 3176
30445 9478 9466 9469 9464
30446 1179 1165 1162 1175
30447 3921 3933 3917 3931
30448 1713 2112 1711 1725
30449 4631 4547 4540 4528
30450 270 158 163 178
30451 5661 5664 5663 5659
30452 283 279 278 214
30453 9318 9321 9327 9319
30454 7156 6566 7159 7195
30455 9197 9166 9161 9165
30456 6621 6572 6568 6573
30457 4095 4117 4160 4140
30458 4130 4126 4121 4127
30459 3437 3433 3436 3434
30460 11053 11110 11040 11051
30461 11306 11294 11301 11304
30462 4792 4777 4773 4779
30463 945 934 929 932
30464 1180 905 1171 1179
30465 1661 1657 1655 1660
30466 9133 9231 9226 9134
30467 5640 5611 5605 5594
30468 8303 8325 8318 8326
30469 1761 1724 1754 1735
30470 10744 10746 10741 10745
30471 362 358 350 360
30472 2983 3093 2987 2981
30473 8970 9083 9072 8978
30474 711 674 726 647
30475 6026 6051 6023 6016
30476 11121 11104 11117 11120
30477 2224 2232 2231 2228
30478 9342 9334 9338 9339
30479 4950 4921 4915 4937
30480 8080 8082 8075 8195
30481 10121 10109 10101 10110
30482 5808 5805 5800 5807
30483 5325 5310 5323 5327
30484 3659 3657 3652 3658
30485 1841 1846 1845 1852
30486 11615 11657 11608 11614
30487 8900 8893 8892 8913
30488 9108 9115 9099 9116
30489 4167 4177 4165 4182
30490 10934 10821 10818 10933
30491 1760 1762 1755 1745
30492 9940 10011 9864 9977
30493 2786 2788 2779 2816
30494 5324 5417 5320 5420
30495 9848 9834 9843 9833
30496 1736 1726 1727 1734
30497 7300 7407 7340 7401
30498 1607 1602 1600 1606
30499 5470 5467 5461 5468
30500 423 426 420 425
30501 10548 10523 10514 10552
30502 2850 2855 2848 2851
30503 4593 4591 4588 4648
30504 10660 10651 10656 11217
30505 10187 10214 10177 10185
30506 9248 9251 9241 9250
30507 10342 10328 10334 10341
30508 10362 10365 10361 10363
30509 6376 6361 6353 6378
30510 4375 4519 4514 4374
30511 6027 6020 6019 6024
30512 2777 2782 2771 2737
30513 9273 9277 9265 9274
30514 2372 2375 2368 2373
30515 4448 4531 4518 4534
30516 10911 10864 10863 10910
30517 5402 5406 5394 5403
30518 994 1258 1249 942
30519 3908 2973 3902 3909
30520 2356 2302 2311 2353
30521 10663 10618 10670 10666
30522 2241 2232 2224 2246
30523 5187 5194 5195 5189
30524 177 115 170 176
30525 10340 10337 10336 10339
30526 581 9 578 582
30527 11051 10952 10944 11055
30528 8200 8203 8205 8201
30529 525 409 476 413
30530 1990 1998 1988 1996
30531 9165 9126 9167 9161
30532 7242 7239 7249 6310
30533 5660 5666 5657 5689
30534 9656 9654 9647 9655
30535 6262 6255 6256 6248
30536 11085 11081 11079 11082
30537 4527 4448 4518 4534
30538 3774 3791 3787 3819
30539 6132 6129 6151 6115
30540 9191 9151 9195 9153
30541 3582 3570 3577 3583
30542 868 877 862 869
30543 4325 4354 4360 4353
30544 11668 11672 11664 11670
30545 6270 6266 6274 6267
30546 10497 10500 10493 10499
30547 3527 3532 3529 3530
30548 2128 2123 2119 2127
30549 905 908 899 907
30550 11523 11528 11521 11526
30551 6179 6185 9605 6183
30552 8886 8891 8878 8890
30553 9769 9772 9762 9771
30554 8830 8848 8846 8828
30555 9911 9913 9908 9927
30556 5360 5363 5358 5361
30557 1869 1824 1865 1853
30558 9836 9850 9825 9828
30559 7587 7602 7592 7589
30560 7927 7929 7956 7962
30561 7962 7965 7957 7964
30562 7964 7656 7959 7655
30563 1669 1660 1655 1668
30564 237 240 233 230
30565 7927 7996 7928 7999
30566 2554 2732 2780 2551
30567 4793 4785 4784 4791
30568 7671 7690 7674 7670
30569 7670 7685 7673 7655
30570 7671 7677 7668 7672
30571 2542 2545 2539 2543
30572 2767 2775 2771 2774
30573 3161 3167 3159 3162
30574 9418 9353 9357 9351
30575 9953 9950 9944 9952
30576 6312 6314 6310 6313
30577 9061 9069 9059 9065
30578 5688 5725 5683 5723
30579 7856 8004 7850 7936
30580 11655 9559 9553 9558
30581 7727 7729 7721 7756
30582 11056 11068 11070 11052
30583 5948 5951 5944 5950
30584 9981 9985 9980 9982
30585 7738 7733 7739 7734
30586 7672 7735 7669 7734
30587 10893 10721 10847 10892
30588 9403 9361 9396 9404
30589 4736 5029 5013 5015
30590 1374 1372 1366 1373
30591 9706 9704 9699 10132
30592 4088 4074 4072 4085
30593 5793 5610 5784 4633
30594 7807 7799 7808 7804
30595 11203 11122 11113 11120
30596 1413 1372 1366 1431
30597 8559 8555 8551 8556
30598 5015 5010 5006 5012
30599 4467 4440 4431 4439
30600 10813 10809 10808 10812
30601 4440 4442 4435 4441
30602 4446 4453 4444 4447
30603 2343 2341 2347 2342
30604 1010 1063 1054 1062
30605 2076 2078 2071 2077
30606 4881 4877 4876 4880
30607 11187 10403 11183 10404
30608 8282 8289 8280 8286
30609 11367 11370 11361 11368
30610 10212 10196 10190 10192
30611 4815 4811 4810 4789
30612 5126 5131 5125 5128
30613 1385 1398 1395 1400
30614 6350 6380 6342 6364
30615 9816 9833 9841 9822
30616 8533 8522 8521 8519
30617 4788 4783 4782 4785
30618 2500 2503 2496 2501
30619 1634 1525 1484 1635
30620 11199 11120 11116 11104
30621 11198 11203 11193 11199
30622 7763 7769 7759 7768
30623 4948 4950 4943 4949
30624 424 374 420 422
30625 3031 3034 3039 3033
30626 2427 2413 2408 2411
30627 6822 6818 6814 6821
30628 2047 2058 2041 2049
30629 7136 7147 7146 7220
30630 3559 3556 3552 3558
30631 564 568 567 565
30632 7728 7732 7722 7729
30633 11658 9561 9555 9560
30634 6416 6389 6386 6415
30635 6292 6199 6301 6294
30636 916 1051 1045 1064
30637 7802 7799 7797 7791
30638 4353 4320 4359 4325
30639 6267 6352 6263 6266
30640 6197 6194 6198 9616
30641 10592 10230 10589 10593
30642 8419 8428 8423 8420
30643 954 956 947 955
30644 9470 9472 9467 9412
30645 6385 6390 6383 6389
30646 8641 8639 8635 6375
30647 4271 4274 4264 4260
30648 321 750 747 323
30649 3010 3008 3005 3449
30650 1673 1671 1667 1746
30651 5716 5711 5709 5712
30652 6803 6712 6710 6714
30653 2035 1400 2031 2036
30654 1220 1424 1422 1425
30655 3959 3962 3955 3961
30656 9131 9124 9127 9128
30657 3358 3347 3365 3343
30658 2178 2181 2172 2180
30659 906 1181 1172 837
30660 9876 9874 9870 9875
30661 8952 8969 8968 8951
30662 1784 1740 1767 2129
30663 1333 1347 1338 1339
30664 995 956 992 984
30665 5766 5770 5761 5768
30666 9114 9120 9111 9115
30667 9533 9549 9544 9532
30668 777 771 770 776
30669 11531 11526 11519 11528
30670 1201 1204 1197 1202
30671 7193 7188 7197 7192
30672 551 539 538 540
30673 3293 3299 3296 3298
30674 2179 2167 2171 2168
30675 10265 10258 10255 10259
30676 10056 10179 10058 10070
30677 881 876 872 880
30678 3302 3308 3301 3304
30679 6820 6813 6812 6818
30680 9100 9119 9110 9114
30681 11371 11365 11364 11370
30682 7262 7217 7212 7264
30683 3082 3032 3088 3080
30684 5675 5678 5668 5676
30685 6363 6290 6358 6365
30686 5260 5257 5262 5258
30687 8089 8093 8086 8090
30688 10711 10860 10718 10713
30689 3057 3090 3053 3056
30690 889 894 886 893
30691 8164 8088 8094 8091
30692 3149 3156 3155 3150
30693 11318 11472 11308 11314
30694 1658 1592 1656 1601
30695 5899 6179 5900 5898
30696 3959 3975 3952 3960
30697 9494 9525 9491 9493
30698 1255 1270 1261 1257
30699 8212 8262 8553 8260
30700 5581 5583 5570 5582
30701 5305 5312 5303 5310
30702 4622 4686 4680 4618
30703 8961 9366 9359 8960
30704 10406 10486 10397 10405
30705 11003 11006 11002 11028
30706 5304 5290 5293 5289
30707 5469 5467 5460 5496
30708 4585 4583 4580 4573
30709 4559 4585 4550 4558
30710 11289 11261 11268 11260
30711 10667 10670 10663 10611
30712 10308 10232 10315 10306
30713 4635 4619 4589 4597
30714 2716 2720 2725 2650
30715 9763 9769 9761 9764
30716 10881 10888 10885 10882
30717 2486 2475 2485 2473
30718 1944 1937 1936 1940
30719 2421 2380 2441 2418
30720 4297 4295 4290 4296
30721 7730 7743 7720 7744
30722 4841 4802 4838 4803
30723 7803 7807 7798 7806
30724 2442 2385 2444 2441
30725 4518 4466 4509 4522
30726 6016 6011 6007 6026
30727 10893 10895 10900 10844
30728 2591 2595 2588 2592
30729 11077 11125 11115 11123
30730 2217 2222 2216 2218
30731 5468 5639 5464 5470
30732 5559 2350 2352 2338
30733 1801 1804 1797 1802
30734 784 790 783 787
30735 11107 11103 11100 11106
30736 11011 11021 11010 11020
30737 5281 5349 5277 5314
30738 1396 1402 1395 1397
30739 10443 11181 10439 10448
30740 1931 1919 1913 1920
30741 2116 2123 2117 2121
30742 5166 5118 5099 5105
30743 7799 7808 7804 7805
30744 4466 4480 4459 4481
30745 8471 7414 8461 7415
30746 11502 11500 11499 11580
30747 3609 3636 3629 3637
30748 10090 10082 10081 10083
30749 3870 2971 3868 3908
30750 9822 9815 9814 9816
30751 9666 9584 9660 9580
30752 4205 4208 4203 4207
30753 7258 7253 7263 6327
30754 5780 5783 5776 5782
30755 9137 9140 9145 9138
30756 9581 9587 9579 9586
30757 20 60 56 19
30758 4260 4258 4361 4359
30759 710 708 707 429
30760 3542 5724 5720 5726
30761 7019 7024 7018 7021
30762 6496 6479 6491 6495
30763 1083 1077 1073 1087
30764 1218 1220 1213 1267
30765 11434 11407 11427 11420
30766 9961 9956 9955 9958
30767 10985 10987 10984 10986
30768 330 333 328 331
30769 6444 6440 6438 6442
30770 7557 7563 7555 7562
30771 7924 7918 7917 7919
30772 9116 9303 9291 9294
30773 9238 9233 9227 9234
30774 10771 10774 10763 10773
30775 3286 3554 3548 3553
30776 9797 9845 9794 9798
30777 3300 3290 3314 3287
30778 3300 3290 3292 3348
30779 6766 6759 6758 6752
30780 740 764 732 739
30781 552 631 545 632
30782 9406 9400 9405 9022
30783 4505 4503 4497 4504
30784 3880 3947 3938 3962
30785 3234 3271 3270 3244
30786 4091 3935 4084 3937
30787 3540 3543 3535 3541
30788 3749 3751 3745 3750
30789 9270 9277 9267 9276
30790 1360 1355 1354 1359
30791 968 971 965 970
30792 4816 4819 4815 4817
30793 8113 8119 8122 8117
30794 9696 9759 9685 9695
30795 8733 8706 8698 8732
30796 8680 8675 8669 8679
30797 5054 5063 5047 5055
30798 11484 11468 11477 11483
30799 6564 7164 7158 6563
30800 8079 8081 8074 8080
30801 7343 7298 7336 7342
30802 5128 5132 5127 5129
30803 11196 11201 11192 11197
30804 311 309 303 187
30805 2590 2603 2592 2604
30806 9964 9966 9979 9965
30807 3166 3141 3157 3331
30808 7363 7367 7359 7365
30809 8040 8045 8034 8044
30810 4169 4165 4162 4182
30811 4989 4946 4939 4944
30812 10611 10618 10663 10616
30813 9441 9444 9436 9442
30814 5220 5215 5214 5217
30815 4557 4572 4566 4715
30816 10442 10448 10438 10447
30817 10757 10750 10752 10756
30818 5534 5621 5538 5619
30819 2732 2554 2580 2551
30820 5000 4916 4912 4948
30821 2577 2584 2573 2581
30822 5470 5544 5542 5522
30823 3329 3134 3142 3135
30824 10709 10690 10684 10688
30825 2816 2789 2783 2818
30826 2857 2907 2897 2905
30827 685 683 676 684
30828 9366 9361 9358 9362
30829 9911 9906 9903 9907
30830 7489 7510 7485 7490
30831 1835 1842 1834 1837
30832 9784 9781 9775 9795
30833 10233 10236 10239 10235
30834 4907 4897 4895 4898
30835 2762 2746 2761 2763
30836 9013 9017 9008 9015
30837 10549 10551 10544 10534
30838 10706 10703 10699 10705
30839 8770 8790 8765 8771
30840 192 214 189 279
30841 9899 9896 9891 9898
30842 7924 7847 7919 7845
30843 2715 5520 5545 5544
30844 5611 5613 5604 5594
30845 5078 5094 5085 5080
30846 7726 7680 7719 7743
30847 2366 2387 2379 2389
30848 7582 7587 7580 7568
30849 10394 10326 10318 10331
30850 10819 10822 10816 10820
30851 8958 8965 8953 8959
30852 8940 8933 8928 8938
30853 10267 10270 10276 10269
30854 6339 6208 6338 6273
30855 10002 9888 9993 10000
30856 6455 6405 6401 6400
30857 2380 2421 2416 2418
30858 5390 5392 5388 5376
30859 4906 4892 4890 4897
30860 4027 4022 4019 4026
30861 2955 3909 3905 2973
30862 5204 5208 5200 5104
30863 7596 7593 7598 7594
30864 2084 2086 2079 2074
30865 1920 1918 1911 1972
30866 7733 7738 7599 7734
30867 10880 11264 10883 11266
30868 5985 5990 5979 5986
30869 10964 10962 10956 10963
30870 6574 6622 6568 6587
30871 4371 4516 4515 4370
30872 10978 10945 10969 11084
30873 11331 11318 11328 11332
30874 4893 4891 4889 4892
30875 11000 11002 10999 11001
30876 6662 6697 6693 6696
30877 10894 10897 10901 10895
30878 10875 10867 10878 10868
30879 10177 10208 10202 10209
30880 6924 6650 6917 6923
30881 4893 4908 4899 4833
30882 2284 5375 5824 2305
30883 4632 4634 4625 4633
30884 4768 4738 4732 4754
30885 2077 2075 2070 2076
30886 11011 11304 11303 11305
30887 5223 5217 5195 5220
30888 6334 6364 6328 6365
30889 6818 6828 6817 6820
30890 794 879 870 798
30891 1959 1950 1949 1952
30892 387 372 377 374
30893 8550 8433 8475 8481
30894 11366 11578 11570 11573
30895 2201 2198 2205 2199
30896 11314 11317 11311 11315
30897 7481 8485 7479 8484
30898 7780 7761 7771 7774
30899 10726 10749 10723 10693
30900 11197 11106 11099 11103
30901 4107 4093 4116 4123
30902 2960 2956 2961 2958
30903 8770 8768 8763 8776
30904 8446 8440 8439 8445
30905 9446 9459 9437 9442
30906 2705 2677 2713 2676
30907 6184 6181 6174 6183
30908 4104 4234 4229 4163
30909 4268 4233 4232 4246
30910 8253 8202 8211 8204
30911 10039 10043 10034 10042
30912 6129 6151 6115 6118
30913 10110 10108 10100 9656
30914 6893 6896 6889 6894
30915 11525 11530 11524 11494
30916 6026 6028 6022 6050
30917 8661 8395 8667 8663
30918 4621 4624 4615 4632
30919 9270 9296 9267 9271
30920 3645 3649 3639 3685
30921 2956 2960 2952 2958
30922 7017 7009 7016 7013
30923 3035 2987 2983 3104
30924 6114 6111 6117 6113
30925 9615 9601 9616 6197
30926 8969 8978 8968 8977
30927 5768 5779 5771 5777
30928 2590 2596 2595 2593
30929 4322 4316 4325 4318
30930 4321 4313 4314 4299
30931 3687 3685 3676 3694
30932 5676 5659 5669 5658
30933 1464 1460 1457 1815
30934 151 124 122 147
30935 1551 1632 1627 1633
30936 11184 11181 11179 11182
30937 3519 3513 3512 3517
30938 7734 7740 7741 7738
30939 48 62 54 50
30940 8444 8440 8438 8442
30941 9246 9251 9241 9249
30942 6054 6130 6121 6128
30943 3259 3153 3255 3260
30944 236 244 163 158
30945 10030 10016 10012 10028
30946 7401 7405 7395 7402
30947 9923 9925 9920 9924
30948 3657 3812 3809 3658
30949 1336 1332 1322 1335
30950 7569 7443 7438 7445
30951 4315 4318 4311 4317
30952 3416 3565 3575 3580
30953 7263 7253 7254 7261
30954 9345 9343 9344 9347
30955 4918 4477 4469 4919
30956 9234 9232 9226 9242
30957 5656 5660 5654 5659
30958 180 130 132 148
30959 8778 8776 8773 8777
30960 7403 7432 7399 7404
30961 7844 7764 7840 7762
30962 3275 5829 3279 5759
30963 3574 3581 3573 3554
30964 659 661 651 366
30965 7218 7231 7222 7237
30966 4180 4183 4174 4182
30967 7145 7132 7142 7128
30968 109 214 208 216
30969 3941 3961 3950 3946
30970 6206 7000 6994 6999
30971 7241 7259 7248 7239
30972 9392 9394 9385 9379
30973 1097 1153 1144 1178
30974 1709 1713 1707 1710
30975 11172 11188 11168 11209
30976 6696 6660 6658 6662
30977 9414 9346 9410 9416
30978 10748 10745 10742 10746
30979 8152 8156 8151 8155
30980 4740 4736 4731 4739
30981 1737 1735 1729 1736
30982 8624 8627 8619 8611
30983 9330 9338 9333 9337
30984 8976 8973 8967 8975
30985 800 798 791 879
30986 4201 4207 4200 4222
30987 1737 1741 1731 1763
30988 7138 7147 7136 7144
30989 3853 3840 3834 3842
30990 11579 11576 11571 11577
30991 3330 3139 3142 3328
30992 3819 3816 3814 3818
30993 10506 11139 10502 10507
30994 9785 9782 9777 9784
30995 10787 10782 10783 10785
30996 8744 8756 8736 8466
30997 3778 3748 3797 3761
30998 6819 6830 6823 6828
30999 4008 4012 4004 4010
31000 9445 9443 9439 9702
31001 8517 8264 8252 8531
31002 498 399 392 400
31003 6113 5912 5911 6111
31004 8163 8149 8170 8148
31005 8657 8663 8666 8659
31006 4238 4166 4229 4240
31007 1746 1750 1743 1673
31008 8400 8403 8396 8401
31009 5885 5888 5887 5884
31010 9744 9741 9740 9743
31011 4454 5809 5396 4453
31012 2036 2034 2030 2035
31013 641 323 322 717
31014 3935 3931 3925 3932
31015 2011 2005 2001 2007
31016 1998 1984 1980 1999
31017 11246 11226 11222 11225
31018 11273 5298 5301 11238
31019 11483 11488 11478 11484
31020 10440 10443 10436 10442
31021 6663 6585 6655 6586
31022 2601 2604 2608 2603
31023 373 366 364 661
31024 5283 5297 5292 5298
31025 5296 5293 5290 5295
31026 5295 5444 5289 5445
31027 8707 8705 8698 8706
31028 6691 6687 6685 6659
31029 10561 10321 10556 10564
31030 7656 7959 7655 7685
31031 2595 2597 2593 2596
31032 2075 1974 2067 2074
31033 4643 4602 4640 4644
31034 2284 2277 2352 2282
31035 4740 4829 4823 4741
31036 7085 6974 7019 7018
31037 1461 1465 1458 1492
31038 11593 11627 11502 11580
31039 5847 5919 5848 5849
31040 6233 6207 7045 6211
31041 1136 1141 1134 1140
31042 6210 6301 6202 6209
31043 3372 3375 3368 3373
31044 3366 3370 3007 3369
31045 7924 7847 7926 7919
31046 6855 6871 6869 6846
31047 7273 7253 7265 6323
31048 11044 11554 11060 11568
31049 9415 9422 9424 9428
31050 282 276 274 281
31051 9339 9337 9386 9348
31052 1393 1400 1392 1398
31053 3178 3260 3256 3153
31054 3673 3857 4187 3672
31055 1786 1784 1780 1785
31056 4948 4998 4940 5000
31057 1867 1853 1859 1852
31058 2727 2724 2719 2726
31059 8913 8934 8909 8940
31060 10870 10861 10857 10862
31061 2711 2707 2702 2691
31062 2425 2423 2415 2424
31063 8753 8759 8751 8756
31064 8674 8678 8669 8677
31065 5287 5210 5284 5207
31066 1895 1893 1889 1908
31067 11197 11379 11375 11196
31068 1357 1291 1356 1286
31069 8694 8675 8685 8674
31070 8591 8595 8583 8594
31071 11420 11423 11415 11437
31072 5299 5445 11235 5295
31073 8664 8668 8659 8666
31074 3193 3099 3189 3208
31075 7407 7341 7339 7428
31076 10323 10300 10240 10302
31077 11474 11468 11464 11471
31078 5080 5061 5086 5060
31079 5547 5540 5548 5541
31080 1881 1868 1873 1866
31081 9033 8783 8780 8797
31082 1907 2826 1905 1908
31083 2893 2906 2885 2908
31084 10616 10610 10612 10615
31085 4492 4494 4487 4476
31086 2565 2578 2571 2568
31087 132 165 157 131
31088 6092 6076 6082 6041
31089 2825 1906 1905 2824
31090 5403 5392 5385 5391
31091 10858 10874 10865 10863
31092 8756 8470 8755 8466
31093 7861 7858 7854 7859
31094 6231 6208 6203 6210
31095 8809 8832 8804 8808
31096 9940 9938 9934 9881
31097 5102 5104 5097 5103
31098 1097 1100 1091 1150
31099 11496 11580 11495 11500
31100 1178 1175 1170 1177
31101 11020 11306 11009 11011
31102 11487 11449 11451 11460
31103 2783 2812 2816 2813
31104 2683 2706 2714 2207
31105 4689 4683 4681 4685
31106 10321 10324 10319 10322
31107 4737 4741 4733 4738
31108 2592 2596 2590 2610
31109 4373 4370 4368 4372
31110 2608 2610 2604 2609
31111 5233 5243 5240 5235
31112 3428 3564 3424 3417
31113 7433 7404 7400 7432
31114 5308 5291 5294 5290
31115 10884 10853 10861 10881
31116 7622 7625 7627 7604
31117 10936 10933 10931 10935
31118 10200 10195 10199 9951
31119 10962 10796 10769 10963
31120 7779 7748 7746 7753
31121 5362 5336 5334 5338
31122 1246 1333 1242 1339
31123 5252 5193 5253 5268
31124 3658 3818 3810 3816
31125 7093 7096 7089 7095
31126 7002 7055 6997 7004
31127 9152 9138 9157 9140
31128 11554 11567 11550 11568
31129 2930 2935 2947 2933
31130 11111 11105 11102 11110
31131 5874 11671 11661 11668
31132 713 712 710 691
31133 6640 6638 6632 6639
31134 3116 3447 3443 3117
31135 10921 10927 10929 10931
31136 1259 1257 1253 1228
31137 700 621 613 619
31138 3101 3124 3118 3102
31139 9054 9062 8944 8950
31140 1271 1268 1263 1269
31141 1288 1296 1287 1290
31142 9798 9784 9793 9797
31143 3555 3285 3547 3553
31144 1137 1142 1135 1141
31145 8899 9057 9050 8901
31146 160 179 166 159
31147 4528 4533 4544 4529
31148 8940 8936 8928 8939
31149 8860 8858 8854 8873
31150 6641 7196 6936 6627
31151 5666 5660 5665 5689
31152 4024 4037 4017 4092
31153 11344 11333 11325 11351
31154 1474 1477 1469 1475
31155 241 244 236 243
31156 9004 9016 9010 9003
31157 373 422 419 374
31158 5757 5743 5747 5767
31159 10537 10409 10531 10536
31160 3478 3475 3480 3476
31161 3301 3341 3302 3300
31162 9560 9564 9556 9563
31163 1129 1124 1122 1126
31164 6324 8638 8628 8601
31165 3553 3556 3549 3555
31166 4114 4117 4111 4133
31167 8329 8326 8323 8327
31168 474 477 472 476
31169 312 281 272 276
31170 7233 7236 7232 7234
31171 4300 4334 4331 4332
31172 4100 4094 4161 4095
31173 8637 8641 8634 6544
31174 11497 11624 11495 11580
31175 8728 8732 8726 8730
31176 309 306 302 308
31177 751 774 746 772
31178 9393 9391 9384 9368
31179 294 297 288 296
31180 336 682 641 648
31181 325 321 318 323
31182 4728 4648 4726 4591
31183 3064 3049 3061 3047
31184 5265 5170 5182 5264
31185 4064 4066 4059 4127
31186 8601 8651 8596 8600
31187 4177 4182 4179 4180
31188 982 853 973 855
31189 9417 9402 9396 9418
31190 3932 3948 3928 3936
31191 450 1084 444 462
31192 917 957 909 958
31193 3476 3467 3477 3531
31194 3910 2957 3906 3749
31195 2891 2870 2884 2906
31196 2226 2215 2211 2219
31197 3571 3610 3602 3572
31198 1629 1607 1603 1609
31199 6040 6035 6033 6036
31200 6126 6128 6120 6127
31201 3308 3301 3304 3292
31202 10806 10816 10823 10815
31203 4867 4908 4903 4910
31204 2377 2380 2242 2379
31205 1427 1412 1408 1426
31206 7576 7568 7567 7575
31207 3019 3024 3015 3020
31208 11209 11214 11205 11210
31209 11351 11357 11347 11356
31210 10458 10447 10454 10461
31211 2733 2735 2728 2907
31212 8079 8089 8076 8106
31213 10338 10274 10335 10337
31214 9569 11618 9568 9570
31215 10041 10045 10036 10043
31216 7446 7389 7387 7433
31217 7673 7676 7670 7661
31218 2085 1999 1994 1984
31219 9067 9070 9063 9069
31220 2939 2993 3000 2925
31221 2607 2609 2602 2790
31222 2461 2506 2470 2532
31223 10378 10374 10372 10376
31224 5792 5807 5798 5805
31225 7860 7899 7892 7858
31226 9145 9147 9140 9146
31227 8185 8155 8148 8170
31228 3524 3527 3520 3525
31229 9084 9081 9074 9083
31230 7467 7472 7465 7468
31231 11345 11337 11335 11343
31232 5558 5820 5554 5559
31233 838 1141 847 851
31234 4934 4891 4822 4828
31235 8283 8273 8277 8275
31236 5207 5221 5203 5216
31237 8234 8238 8231 8236
31238 11368 11356 11360 11367
31239 7667 7665 7663 7680
31240 3469 3462 3459 3463
31241 11410 11406 11402 11409
31242 6441 6507 6432 6508
31243 452 449 443 451
31244 8184 8170 8163 8169
31245 7813 7818 7809 7814
31246 4445 4377 4443 4450
31247 9756 9759 9751 9757
31248 372 368 367 371
31249 983 968 961 982
31250 1786 1790 1782 1778
31251 1255 1258 1251 1256
31252 959 1005 949 972
31253 9363 9365 9349 9355
31254 1142 851 849 1141
31255 3526 3530 3523 3527
31256 5212 5218 5219 5214
31257 984 969 962 983
31258 9811 9783 9801 9785
31259 6442 6457 6439 6444
31260 3287 3291 3318 3288
31261 6110 6002 6001 6125
31262 1739 1736 1730 1738
31263 1995 1952 1949 1989
31264 1940 1946 1939 1944
31265 5001 4995 4991 4996
31266 5818 5823 5814 5820
31267 8678 8390 8670 8387
31268 2998 3037 2994 2999
31269 985 1201 1200 1202
31270 11568 11566 11564 11397
31271 5343 5332 5339 5341
31272 10994 10986 10993 10987
31273 10670 10703 10666 10618
31274 10772 11080 10765 10767
31275 5547 2183 5541 5548
31276 8783 8781 8778 8795
31277 2552 2548 2555 2551
31278 810 816 808 814
31279 2788 2790 2785 2789
31280 7303 7329 7295 7301
31281 10408 10400 10398 10422
31282 10394 10330 10318 10351
31283 2634 2636 2632 2597
31284 10342 10338 10336 10340
31285 7483 7480 7474 7482
31286 3304 3298 3292 3296
31287 3297 3293 3299 3296
31288 3297 3407 3295 3405
31289 8094 8090 8088 8093
31290 8964 9028 9019 9004
31291 10419 10432 10417 10422
31292 9875 10017 9871 9876
31293 10378 10812 10807 10809
31294 4441 4439 4432 4440
31295 7087 7091 7095 7089
31296 10147 10145 10139 10146
31297 6913 6909 6904 6911
31298 4508 4502 4519 4517
31299 10722 10728 10735 10721
31300 6883 7080 7079 7081
31301 2635 2373 2367 2636
31302 1700 1646 1693 1644
31303 8446 7393 8436 7480
31304 8366 8351 8344 8352
31305 1345 1341 1337 1342
31306 5104 5106 5100 5105
31307 5637 2185 2187 2184
31308 8564 8531 8526 8264
31309 4919 4916 4914 4918
31310 8160 8552 8558 8551
31311 9276 9105 9101 9270
31312 7874 7842 7866 7861
31313 4935 4938 4930 4936
31314 2572 2581 2577 2573
31315 4755 4753 4749 4754
31316 8006 8016 8009 8011
31317 5222 5216 5191 5217
31318 1989 1842 1836 1843
31319 9649 10108 9647 10102
31320 5806 5809 5801 5402
31321 4756 4754 4750 4738
31322 5098 5096 5103 5111
31323 4753 4766 4744 4767
31324 6562 6534 6559 6561
31325 9409 9416 9414 9410
31326 2074 1973 2066 2084
31327 3531 3527 3467 3532
31328 2777 2750 2748 2807
31329 8221 8223 8213 8222
31330 10038 10041 10033 10039
31331 9702 9306 9697 9445
31332 11291 11289 11288 11260
31333 3422 3376 3377 3374
31334 2058 2045 2044 2049
31335 3066 3075 3074 3055
31336 374 371 367 373
31337 1024 1021 1014 1038
31338 5060 5079 5044 5080
31339 3217 3972 3227 3235
31340 916 921 918 919
31341 81 72 66 68
31342 811 799 804 800
31343 9498 9526 9489 9494
31344 623 621 616 605
31345 5060 5064 5056 5062
31346 4316 4312 4311 4313
31347 4255 4253 4257 4254
31348 6679 6675 6671 6676
31349 4526 4520 4522 4527
31350 5888 9547 9541 5900
31351 6562 6560 6557 6492
31352 9958 10194 10193 10199
31353 3382 3374 3388 3376
31354 9860 9874 9856 9862
31355 8507 8536 8528 8506
31356 6999 6992 6994 6206
31357 4270 4273 4263 4271
31358 9092 9090 9074 9082
31359 3372 3454 3455 3420
31360 7613 7605 7610 7606
31361 2717 5544 5548 5547
31362 10654 10664 10668 10656
31363 1336 1334 1322 1341
31364 70 596 65 68
31365 1192 1189 1184 1191
31366 9146 9316 9139 9145
31367 8972 9082 9071 8976
31368 3420 3452 3425 3418
31369 7790 7755 7751 7756
31370 2102 2097 2096 2101
31371 3418 3442 3423 3411
31372 3405 3413 3404 3411
31373 1139 1155 1132 1209
31374 2530 2398 2524 2531
31375 8716 8719 8714 8718
31376 9093 9096 9086 9246
31377 2151 2141 2139 2150
31378 8971 8978 8967 8972
31379 1329 1323 1325 1334
31380 9536 9532 9528 9575
31381 8821 8776 8814 8768
31382 9114 9104 9098 9103
31383 9387 9352 9350 9354
31384 2036 2010 2156 2011
31385 10833 10837 10828 10834
31386 4788 4795 4794 4789
31387 6649 6644 6643 6648
31388 2806 2810 2805 2807
31389 1388 1368 1364 1369
31390 3324 3435 3431 3112
31391 4815 4820 4819 4801
31392 3013 3103 3017 3030
31393 10355 10349 10348 10354
31394 7219 7215 7223 7218
31395 7128 7133 7125 7129
31396 7194 7190 7189 7191
31397 3077 3091 3074 3057
31398 8519 8531 8516 8533
31399 7146 7127 7220 7147
31400 946 944 936 999
31401 663 672 637 667
31402 6882 7108 7106 7080
31403 5232 5241 5247 5233
31404 11234 11230 11236 11231
31405 11042 11381 11034 11103
31406 3030 3033 3038 3013
31407 10125 9836 9832 10124
31408 5795 5561 5553 5560
31409 6109 6115 6129 6122
31410 352 358 349 353
31411 4841 4845 4856 4854
31412 970 853 846 968
31413 1461 1488 1456 1460
31414 1722 1719 1706 1710
31415 5073 5077 5070 5074
31416 10657 10654 10653 10656
31417 3632 3635 3627 3634
31418 1177 1112 1163 1113
31419 10382 10379 10371 10380
31420 10513 10506 10504 10509
31421 773 723 718 772
31422 10535 10403 10402 10409
31423 10001 9987 9996 10003
31424 5337 5322 5321 5324
31425 752 764 756 749
31426 11384 11379 11373 11380
31427 2721 2718 2726 2719
31428 2711 2694 2690 2712
31429 4389 4383 4385 4386
31430 8769 8771 8764 9898
31431 2813 2810 2815 2811
31432 880 890 887 891
31433 3761 3779 3768 3778
31434 2401 2426 2380 2424
31435 9129 9132 9125 9131
31436 996 958 953 956
31437 8544 8542 8538 8418
31438 2424 2427 2418 2425
31439 1866 1869 1858 1867
31440 2240 2246 2235 2245
31441 5559 5587 2340 2277
31442 5313 5310 5306 5312
31443 5264 5219 5218 5220
31444 10990 11004 10987 11003
31445 8562 8530 8554 8564
31446 1511 1514 1506 1513
31447 1101 1150 1146 1100
31448 6922 6893 6918 6923
31449 4803 4844 4843 4841
31450 462 1085 455 463
31451 6587 6583 6577 6574
31452 6306 6309 6304 6363
31453 6307 6327 7247 6305
31454 3908 3869 3897 3870
31455 3201 3866 3862 3221
31456 837 1140 835 838
31457 6211 6206 7000 6994
31458 2183 5547 2717 5548
31459 6013 6010 6006 6011
31460 6079 6053 6049 6077
31461 6115 6112 6118 6114
31462 2656 2691 2652 2707
31463 6294 6291 6300 6292
31464 997 1202 987 993
31465 565 570 569 577
31466 9127 9340 9335 9146
31467 3532 3506 3467 3464
31468 11263 11300 11297 11299
31469 7004 6996 7001 6977
31470 7748 7871 7865 7747
31471 7055 7002 7003 7004
31472 1481 1483 1489 1456
31473 6561 6529 6554 6556
31474 803 798 796 799
31475 5326 5319 5327 5332
31476 9520 9526 9519 9521
31477 9351 9354 9349 9352
31478 9392 9389 9382 9391
31479 10623 10650 10626 10629
31480 3187 3185 3193 3220
31481 3313 3333 3337 3334
31482 5703 5699 5697 5710
31483 2558 2909 2902 2556
31484 5758 5754 5750 5757
31485 9653 9804 9812 9810
31486 2865 2878 2871 2877
31487 7735 7741 7734 7737
31488 8906 8890 8877 8908
31489 11485 11211 11481 11316
31490 312 310 304 311
31491 8677 8387 8670 8386
31492 4999 5002 4993 5000
31493 5278 5280 5282 5292
31494 11163 11146 11158 11165
31495 9677 9703 9696 9702
31496 8199 8197 8193 8198
31497 7416 7420 7411 7419
31498 690 647 726 689
31499 7416 8460 8463 8472
31500 11345 11341 11335 11344
31501 8746 8741 8737 8742
31502 9821 9823 9817 9655
31503 10485 10479 10476 10482
31504 5300 5295 11236 5296
31505 9895 9679 9675 9681
31506 8132 8126 8125 8129
31507 4933 4945 4925 4947
31508 11462 11460 11454 11461
31509 8795 8792 8786 8793
31510 5705 5703 5702 5715
31511 8051 8056 8050 8043
31512 4998 4988 4983 4997
31513 2841 2828 2838 2840
31514 10641 10645 10637 10643
31515 10656 10665 10669 11223
31516 11431 11437 11429 11417
31517 5195 5217 5222 5191
31518 5000 4997 4992 4999
31519 2659 2667 2668 2672
31520 11217 11242 11223 10660
31521 2814 2816 2804 2815
31522 7480 8484 7478 8446
31523 4582 4584 4579 4490
31524 6912 6847 6907 6914
31525 700 696 693 697
31526 1726 1722 1716 1725
31527 2059 2055 2054 2058
31528 8198 8184 8194 8199
31529 9811 9816 9808 9815
31530 9680 9907 9902 9906
31531 1973 1969 1965 1997
31532 2747 2736 2729 2734
31533 4595 4592 4589 4593
31534 7929 7927 7933 7962
31535 2376 2382 2378 2381
31536 7415 7418 7410 7416
31537 10550 10552 10546 10551
31538 10304 10301 10296 10291
31539 8832 8827 8846 8806
31540 8999 9004 8994 9003
31541 8923 8921 8914 8859
31542 7845 7848 7841 7846
31543 7337 7343 7334 7342
31544 2906 2904 2898 2905
31545 10831 10785 10786 10829
31546 2746 2751 2744 2747
31547 3685 3698 3689 3694
31548 6293 6311 6299 6291
31549 1601 1606 1591 1602
31550 7846 7766 7842 7764
31551 1570 1565 1564 1567
31552 4816 4780 4808 4755
31553 1787 1791 1783 1790
31554 8972 9083 9071 9081
31555 10496 10850 10840 10849
31556 8314 8302 8307 8301
31557 10854 11267 10859 10853
31558 2518 2516 2512 2541
31559 11115 11019 11017 11020
31560 3159 3165 3167 3164
31561 10381 10351 10391 10379
31562 7445 7467 7466 7468
31563 7795 7805 7789 7804
31564 8386 8389 8383 8388
31565 9901 9880 9877 9914
31566 9720 9730 9712 9756
31567 2496 2494 2500 2495
31568 8286 8238 8279 8282
31569 4403 4400 4396 4401
31570 1512 1465 1463 1466
31571 4910 4906 4901 4907
31572 8121 8119 8116 8143
31573 8087 8091 8092 8088
31574 2519 2529 2520 2505
31575 2462 2532 2526 2533
31576 2487 2489 2481 2488
31577 9250 9244 9240 9248
31578 1930 1933 1924 1945
31579 2197 5572 5574 2196
31580 5566 5571 5565 5581
31581 11240 11244 11247 11243
31582 10198 10185 10196 10197
31583 4804 4806 4801 4819
31584 1292 1286 1285 1291
31585 8946 8893 8941 8897
31586 11077 11084 11075 10945
31587 1969 1959 1954 1995
31588 9510 9506 9504 9509
31589 3844 3947 3832 3878
31590 4206 4315 4204 4208
31591 128 152 127 86
31592 11363 11370 11361 11365
31593 10064 10068 10065 10096
31594 1593 1595 1588 1594
31595 684 687 678 685
31596 387 406 404 397
31597 998 993 990 994
31598 10989 10993 10986 10990
31599 1007 1011 1001 1010
31600 8181 8147 8135 8221
31601 6649 6652 6647 6651
31602 10038 9655 9652 9823
31603 53 58 61 57
31604 7483 7546 7476 7547
31605 8232 8305 8291 8300
31606 1745 1647 1665 1760
31607 8173 8405 8406 8397
31608 10139 9837 10156 10125
31609 9215 9221 9218 9219
31610 9706 9144 10128 9143
31611 5711 5783 5707 5712
31612 7367 7377 7361 7365
31613 8695 8692 8690 8699
31614 6125 6127 6107 6110
31615 6493 6496 6487 6495
31616 7093 7088 7094 7092
31617 5976 5973 5968 5974
31618 4318 4315 4320 4317
31619 9365 9368 9360 9391
31620 4307 4193 4189 3644
31621 2065 1387 2064 2038
31622 593 590 585 591
31623 635 566 558 555
31624 1723 1735 1717 1724
31625 47 50 45 49
31626 3448 3453 3454 3451
31627 7794 7778 7782 7769
31628 7795 7787 7796 7794
31629 1272 1332 1331 1333
31630 7765 7770 7761 7769
31631 9119 9068 9110 9117
31632 1371 1439 1430 1374
31633 1455 1749 1753 1472
31634 3778 3803 3796 3805
31635 6314 7014 7005 6299
31636 7194 7190 7198 7193
31637 1907 1903 1900 1906
31638 7354 7341 7350 7353
31639 9090 9393 9385 8974
31640 1425 1269 1326 1220
31641 7764 7767 7760 7765
31642 9679 9676 9674 9678
31643 175 179 171 176
31644 1956 1970 1962 1964
31645 4127 4053 4124 4064
31646 4866 4862 4861 4865
31647 2022 2016 2014 2017
31648 11160 11163 11154 11162
31649 4000 3235 3226 3972
31650 7135 7144 7138 7136
31651 9513 9508 9502 9510
31652 4001 3958 3979 3989
31653 11109 11106 11101 11108
31654 9423 9413 9424 9426
31655 3180 3123 3176 3101
31656 5934 5935 5930 5859
31657 2167 2163 2158 2165
31658 9444 9326 9440 9447
31659 10849 10851 10841 10771
31660 1103 1100 1093 1102
31661 824 828 818 825
31662 8743 8753 8734 8756
31663 3192 3195 3188 3193
31664 6365 6362 6357 6363
31665 335 331 328 333
31666 838 854 848 842
31667 11628 11624 11626 11625
31668 5933 5937 5931 5934
31669 10901 10912 10894 10900
31670 9527 9521 9517 9526
31671 4308 4195 4301 4307
31672 772 775 766 773
31673 5739 5765 5736 5741
31674 6923 6894 6919 6924
31675 111 216 210 218
31676 1685 1720 1681 1686
31677 9364 9404 9357 9361
31678 4165 4169 4167 4182
31679 3842 3845 3836 3843
31680 6548 6545 6540 6547
31681 5977 5974 5969 5975
31682 6613 6662 6601 6665
31683 2137 2141 2136 2138
31684 8206 8235 8201 8236
31685 11646 11654 11647 11652
31686 2124 2121 2118 2123
31687 2892 2544 2536 2542
31688 725 717 716 723
31689 6569 6572 6565 6581
31690 11526 11522 11520 11523
31691 6838 6845 6837 6831
31692 10308 10311 10316 10310
31693 11290 11247 11285 11289
31694 1867 1860 1858 1866
31695 2851 2904 2849 2868
31696 7846 7843 7839 7845
31697 8416 8418 8414 8542
31698 10565 10562 10559 10563
31699 10702 10685 10688 10684
31700 10309 10306 10316 10681
31701 10323 10329 10319 10324
31702 10302 10305 10240 10323
31703 7978 7366 7971 7977
31704 4591 4597 4588 4596
31705 8947 8951 8943 8949
31706 8613 8611 8609 8627
31707 2558 2619 2615 2618
31708 4404 4402 4398 4403
31709 6025 6039 6030 6028
31710 7056 7046 7048 7055
31711 3827 3811 3824 3657
31712 6547 6375 6374 6377
31713 5904 5913 5912 5911
31714 3295 3291 3288 3294
31715 3853 3855 3851 4025
31716 6978 7085 6974 7019
31717 3450 3367 3446 3366
31718 3018 3023 3014 3019
31719 4097 4099 4096 4098
31720 4204 4202 4206 4203
31721 135 148 139 130
31722 1634 1631 1626 1478
31723 811 824 819 825
31724 7599 7586 7591 7598
31725 9442 9447 9438 9446
31726 9313 9445 9304 9306
31727 9381 9379 9371 9394
31728 2398 2424 2395 2423
31729 4814 4801 4813 4800
31730 5011 5065 5003 5067
31731 11148 11152 11147 11151
31732 7604 7601 7609 7622
31733 1843 1990 1840 1989
31734 9809 9779 9801 9783
31735 5204 5367 5198 5351
31736 8042 8030 8027 8032
31737 11471 11475 11465 11474
31738 10616 10704 10613 10618
31739 4754 4767 4748 4768
31740 8120 8196 8188 8118
31741 232 229 223 230
31742 4973 4961 4966 4972
31743 4481 4478 4473 4479
31744 6508 6352 6344 6441
31745 5038 5040 5031 5039
31746 5938 5951 5927 5963
31747 2582 2550 2695 2584
31748 4495 4493 4488 4559
31749 10537 10549 10529 10534
31750 6587 6612 6603 6611
31751 11253 10740 10737 10739
31752 10230 10232 10228 10674
31753 10334 10347 10342 10336
31754 7392 7482 7386 7394
31755 5689 5686 5680 5660
31756 1738 1740 1732 1739
31757 10161 10140 10157 10162
31758 1243 1257 1264 1270
31759 7697 7613 7610 7615
31760 10322 10326 10320 10325
31761 4729 4727 4725 4728
31762 2617 2613 2616 2614
31763 4996 4490 4482 5001
31764 4976 4962 4966 4973
31765 2909 2907 2900 2735
31766 7806 7816 7800 7813
31767 6713 6707 6705 6708
31768 3289 3319 3294 3288
31769 3289 3437 3433 3436
31770 2380 2377 2383 2379
31771 4606 4603 4600 4604
31772 6610 6805 6797 6703
31773 5117 5152 5116 5148
31774 7677 7668 7672 7669
31775 9153 9150 9158 9152
31776 8201 8204 8206 8202
31777 11003 11013 11012 10990
31778 10773 10767 10766 10768
31779 10882 10890 10889 5245
31780 5439 5436 5443 5438
31781 1138 1136 1130 1154
31782 1594 1596 1589 1609
31783 1778 1776 1775 1786
31784 10306 10674 10229 10232
31785 2162 2165 2157 2163
31786 1854 1852 1845 1853
31787 6635 6651 6631 6637
31788 3517 3539 3533 3519
31789 7002 6996 7004 6997
31790 10680 10682 10677 10689
31791 3448 3453 3445 3450
31792 3436 3441 3434 3440
31793 3440 3451 3438 3448
31794 6930 7191 6934 7194
31795 5689 5692 5704 5690
31796 6958 6929 6938 6931
31797 1395 2166 2161 1392
31798 8976 8971 8967 8972
31799 1116 1099 1119 1098
31800 4182 4170 4175 4169
31801 9574 9568 9573 9576
31802 163 167 158 244
31803 10348 10345 10352 10346
31804 9345 9343 9347 9325
31805 1115 1129 1122 1116
31806 3407 3295 3405 3404
31807 3431 3168 3324 3110
31808 293 295 287 294
31809 2177 2180 2170 1785
31810 8913 8939 8909 8912
31811 4793 4790 4784 4792
31812 9833 9835 9829 9824
31813 9560 11656 9553 11658
31814 2038 2018 2032 2065
31815 11174 11171 11169 11172
31816 1764 1766 1759 1751
31817 6803 6807 6808 6804
31818 5915 5847 5919 5848
31819 11238 5296 5300 11236
31820 4101 4098 4104 4100
31821 10408 10536 10407 10409
31822 9627 9630 9626 9629
31823 8459 8454 8448 8455
31824 3686 4281 3680 4296
31825 695 689 726 683
31826 943 934 929 946
31827 5974 5964 5971 6523
31828 3958 3986 3978 3989
31829 1420 1788 1418 1408
31830 8769 8836 8761 8768
31831 9049 8784 8780 9033
31832 5416 5420 5414 5417
31833 5902 5908 5906 5903
31834 643 646 641 645
31835 8639 6376 6366 6375
31836 9848 9846 9840 9847
31837 4222 4231 4224 4228
31838 5791 5794 5785 5792
31839 2623 2616 2625 2622
31840 6035 6483 6480 6484
31841 11093 10499 10491 11096
31842 5690 5687 5682 5689
31843 1454 1450 1449 1452
31844 1765 1763 1758 1741
31845 9567 9513 9557 9524
31846 6244 6441 6437 6352
31847 8458 8445 8457 8440
31848 1972 1921 1968 1920
31849 10351 10356 10346 10379
31850 2847 2822 2831 2859
31851 11146 11130 11145 11126
31852 10487 10414 10469 10400
31853 10551 10523 10547 10508
31854 10522 10527 10516 10524
31855 1698 1700 1694 1699
31856 10044 10208 10037 10045
31857 2379 2376 2382 2378
31858 2378 2621 2381 2622
31859 2552 2585 2549 2615
31860 2616 2623 2614 2622
31861 8033 8069 8061 8068
31862 10815 10359 10367 10806
31863 902 1179 1162 905
31864 10767 11096 10492 10499
31865 1219 1217 1212 1193
31866 8965 8956 8954 8957
31867 2635 2633 2628 2370
31868 2237 2245 2234 2244
31869 10324 10331 10320 10326
31870 9204 9190 9208 9192
31871 4650 4642 4647 4644
31872 4445 4455 4443 4448
31873 5701 5704 5700 5657
31874 3736 3734 3738 3735
31875 8182 8185 8178 8184
31876 5841 5859 5855 5935
31877 6282 6267 6270 6274
31878 1765 1774 1769 1766
31879 3828 3879 3884 3892
31880 711 691 709 712
31881 9028 8962 9019 9031
31882 4308 4310 4305 4309
31883 3831 3674 3668 3672
31884 5828 5759 5835 5829
31885 447 450 441 448
31886 7773 7872 7865 7748
31887 6506 6510 6503 6509
31888 3546 3543 3528 3526
31889 10494 10377 10490 10496
31890 4270 4265 4267 4257
31891 397 408 405 400
31892 4332 4299 4327 4300
31893 4193 3646 3671 3644
31894 999 996 989 998
31895 3826 3829 3823 3827
31896 9242 9244 9239 9234
31897 7666 7727 7750 7754
31898 10178 10055 10054 10058
31899 6652 6910 6917 6908
31900 3250 3169 3273 3256
31901 8460 8452 8451 8472
31902 11304 11291 11296 11299
31903 1206 1196 1195 1201
31904 1972 1970 1963 1971
31905 2088 2487 2082 2089
31906 4779 4776 4772 4778
31907 4644 4641 4639 4643
31908 9568 9566 9557 9567
31909 7561 7390 7388 7446
31910 1983 1977 1975 1978
31911 1892 1825 1888 1824
31912 8402 8667 8395 8398
31913 7929 7935 7962 7933
31914 1668 1671 1663 1669
31915 2505 2532 2521 2506
31916 2713 2709 2705 2712
31917 2195 5574 2197 5575
31918 4947 4944 4941 4946
31919 3179 3182 3175 3180
31920 4402 4399 4393 4400
31921 10842 10731 10735 10722
31922 2433 2428 2432 2430
31923 7691 7463 7682 7686
31924 9614 9597 9583 9615
31925 6051 6126 6119 6125
31926 4843 4805 4803 4842
31927 11216 11134 11130 11203
31928 2192 2204 2189 2202
31929 9654 9648 9646 9653
31930 10029 10021 10020 10023
31931 8860 8906 8902 8905
31932 10731 10727 10734 10728
31933 7728 7667 7721 7726
31934 2087 2501 2495 2088
31935 7688 7683 7691 7687
31936 5986 5989 5982 5988
31937 1747 1745 1742 1762
31938 946 942 938 943
31939 9380 9243 9372 9242
31940 5585 2276 5580 2275
31941 8416 8410 8409 8411
31942 5236 5233 5231 5235
31943 11087 11122 11113 11134
31944 5807 4447 5802 5808
31945 10522 10373 10518 10526
31946 5268 5254 5274 5252
31947 2868 2831 2847 2851
31948 5221 5207 5190 5216
31949 1893 1902 1899 1904
31950 5445 5299 5289 5295
31951 1932 1943 1927 1944
31952 8563 8561 8539 8543
31953 5327 5311 5326 5339
31954 5026 4764 5023 4762
31955 8418 8546 8538 8544
31956 8530 8533 8526 8531
31957 8221 8224 8215 8186
31958 11041 11045 11035 11043
31959 11215 11212 11208 11213
31960 8433 8482 8473 8481
31961 8329 8324 8323 8328
31962 11577 11552 11560 11540
31963 6777 6765 6761 6767
31964 1489 1479 1481 1488
31965 516 510 493 497
31966 1710 1708 1706 1709
31967 5769 3285 3277 5770
31968 9235 9134 9227 9231
31969 282 96 90 95
31970 3647 3644 3638 3646
31971 4006 4199 4014 4196
31972 3370 3007 3369 3011
31973 9017 9027 9011 9015
31974 8233 8236 8230 8235
31975 10160 9824 9820 9835
31976 11264 11307 11298 11300
31977 8560 8558 8552 8559
31978 1203 1209 1208 1215
31979 8199 8169 8162 8166
31980 2010 1394 2156 2012
31981 4314 4306 4313 4311
31982 6118 6174 6172 6173
31983 3584 3558 3578 3583
31984 4268 4272 4262 4270
31985 10988 11300 11298 11307
31986 4637 4631 4629 4528
31987 10145 9947 9922 10146
31988 2234 2245 2240 2235
31989 140 49 136 142
31990 1799 1803 1796 1801
31991 4726 4715 4720 4725
31992 8556 8406 8405 8407
31993 87 80 78 86
31994 7092 6957 6964 6959
31995 6911 6908 6903 6910
31996 6930 6935 6928 6931
31997 6958 6962 6956 6959
31998 1452 1321 1324 1329
31999 1595 1475 1590 1596
32000 4974 4568 4576 4975
32001 296 686 677 684
32002 6980 7216 6983 7219
32003 7129 6946 7126 6942
32004 9510 9524 9516 9513
32005 10247 10233 10243 10231
32006 9678 9681 9674 9679
32007 5741 5767 5736 5743
32008 2571 2561 2566 2570
32009 3315 3317 3321 3316
32010 6375 6378 6367 6377
32011 8412 8388 8408 8389
32012 8413 8389 8408 8392
32013 2389 2368 2372 2366
32014 2624 2895 2890 2618
32015 2364 2626 2389 2384
32016 4923 4919 4917 4477
32017 70 7 69 581
32018 8481 8506 8476 8550
32019 8300 8367 8292 8363
32020 2405 2533 2527 2423
32021 380 386 377 381
32022 205 255 247 206
32023 292 335 325 291
32024 4098 4104 4100 4161
32025 2367 2631 2635 2632
32026 4763 4752 4744 4751
32027 8182 8196 8190 8180
32028 8131 8133 8127 8141
32029 34 38 18 16
32030 2589 2559 2615 2603
32031 566 569 565 567
32032 8705 8699 8700 8702
32033 2548 2552 2583 2551
32034 9038 9040 9034 9039
32035 7869 7936 7852 7937
32036 10160 10162 10153 10044
32037 10563 10560 10553 10561
32038 11136 11139 11135 11138
32039 11619 11614 11610 11617
32040 11267 10854 11270 10853
32041 10392 10375 10391 10373
32042 7549 7545 7539 7548
32043 2615 2617 2613 2616
32044 4630 4636 4627 4631
32045 5792 5797 5790 5796
32046 9129 9124 9131 9125
32047 236 269 241 235
32048 10508 10524 10519 10509
32049 1763 1761 1756 1737
32050 9314 9306 9305 9705
32051 1369 1373 1365 1388
32052 4256 4254 4258 4320
32053 5558 5584 2339 5587
32054 3202 3205 3199 3203
32055 11247 11251 11255 11289
32056 4932 5012 5008 4945
32057 3881 3864 3873 3865
32058 10207 10215 10206 10212
32059 7787 7796 7794 7782
32060 3009 3012 3006 3063
32061 6913 6819 6815 6822
32062 1487 1491 1482 1490
32063 8612 5964 5954 5962
32064 8313 8317 8311 8315
32065 6053 6037 6044 6038
32066 6976 6979 6973 6978
32067 1254 1256 1250 1205
32068 1189 1151 1147 1101
32069 7301 7298 7292 7300
32070 119 124 117 120
32071 2630 2632 2634 2631
32072 6711 6714 6709 6712
32073 1751 1747 1744 1764
32074 9156 10136 10131 10148
32075 3120 3176 3123 3118
32076 5906 5909 5903 5908
32077 2784 2737 2732 2782
32078 724 785 701 708
32079 3204 3220 3208 3202
32080 3201 2976 3198 2970
32081 3961 3957 3951 3959
32082 648 683 725 689
32083 6492 6510 6501 6493
32084 5094 4985 5090 5061
32085 5309 5292 5297 5291
32086 8129 8133 8127 8132
32087 10306 10309 10676 10681
32088 7300 7402 7293 7301
32089 11211 11213 11207 11212
32090 2690 2702 2711 2703
32091 6873 6846 6870 6871
32092 8195 8198 8189 8197
32093 8146 8223 8145 8147
32094 11485 11471 11479 11484
32095 11423 11417 11415 11437
32096 4547 4541 4540 4545
32097 2207 2216 2217 2683
32098 5301 5296 11238 5298
32099 9847 9850 9842 9848
32100 10375 10382 10371 10376
32101 4265 4270 4261 4257
32102 11151 11141 11140 11148
32103 4768 4765 4761 4735
32104 10543 10550 10542 10549
32105 11020 11027 11018 11115
32106 1883 1891 1879 1868
32107 8742 8394 8738 8746
32108 2603 2557 2552 2601
32109 647 645 725 646
32110 4571 4568 4563 4570
32111 10705 10618 10698 10704
32112 5201 5203 5206 5284
32113 10564 10322 10557 10548
32114 9095 9089 9085 9084
32115 9857 9882 9853 9880
32116 2827 2866 2859 2864
32117 7898 7901 7891 7900
32118 6636 6638 6630 6623
32119 7353 7337 7344 7349
32120 8887 8885 8878 8782
32121 7324 7381 7375 7327
32122 9003 8987 8983 8999
32123 8471 8466 8465 8470
32124 1385 1383 1380 1384
32125 3108 3162 3160 3167
32126 9092 9081 9074 9089
32127 4647 4593 4586 4648
32128 4558 4573 4548 4557
32129 5818 5822 5811 5821
32130 9158 9197 9153 9159
32131 2531 2423 2525 2533
32132 7752 7754 7749 7753
32133 10040 9823 9819 9824
32134 2353 2282 2284 2352
32135 11043 11568 11037 11397
32136 9912 9907 9904 9897
32137 9532 9563 9543 9564
32138 521 501 496 520
32139 9976 9952 9946 9975
32140 4220 4217 4215 4218
32141 11265 11260 11269 11261
32142 1718 1728 1734 2108
32143 9974 10023 10019 10021
32144 5623 2186 5637 5626
32145 5466 4621 5462 5607
32146 4530 4528 4523 4529
32147 8544 8547 8539 8545
32148 5279 5284 5286 5280
32149 360 334 356 362
32150 10716 10719 10712 10717
32151 5119 5129 5115 5132
32152 1154 1152 1145 1153
32153 8180 8183 8174 8182
32154 5078 5076 5072 5091
32155 7582 7570 7566 7569
32156 10114 10084 10075 10078
32157 8365 8326 8319 8351
32158 8153 8148 8155 8149
32159 4934 4932 4928 4933
32160 4605 4601 4598 4603
32161 3989 3998 3993 4001
32162 490 496 501 491
32163 3748 3750 3741 3761
32164 712 660 709 711
32165 2544 2396 2390 2545
32166 6305 6308 6303 6306
32167 11511 11516 11507 11514
32168 1024 1034 1031 1036
32169 2989 2972 2996 2974
32170 6139 6154 6145 6152
32171 3649 3675 3639 3663
32172 6268 6335 6333 6337
32173 3282 3286 3278 3284
32174 4985 4988 4979 5066
32175 6608 6614 6602 6609
32176 495 503 502 496
32177 449 436 440 438
32178 980 985 977 981
32179 6068 6080 6075 6066
32180 4228 4232 4233 4235
32181 1659 1668 1653 1660
32182 4317 4208 4254 4249
32183 5842 5862 5865 5841
32184 1038 1033 1030 1034
32185 5975 6523 5972 6524
32186 2973 2956 2968 2955
32187 88 53 84 89
32188 971 967 963 970
32189 10148 9160 10142 9156
32190 7922 7845 7837 7843
32191 3442 3418 3440 3411
32192 3568 3565 3560 3566
32193 7778 7782 7769 7770
32194 1011 1006 1003 1060
32195 10913 10865 10877 10911
32196 9821 9810 9812 9815
32197 8459 8452 8448 8458
32198 1324 1800 1311 1449
32199 1866 1875 1873 1881
32200 8056 8041 8050 8043
32201 3492 3466 3482 3475
32202 7920 7923 7915 7921
32203 11622 11531 11586 11514
32204 6289 6310 6314 6311
32205 5407 5403 5404 5406
32206 3272 3194 3267 3192
32207 164 168 159 167
32208 9380 9377 9369 9379
32209 7900 7908 7903 7909
32210 5612 5466 5465 5607
32211 9356 9388 9382 9386
32212 6737 6742 6733 6741
32213 1259 942 1252 1258
32214 228 230 221 229
32215 9100 9103 9097 9102
32216 6926 6860 6840 6847
32217 1772 1776 1770 1773
32218 7224 6989 7221 7127
32219 556 552 551 555
32220 4223 4099 4227 4101
32221 717 772 714 723
32222 6809 6804 6791 6810
32223 9754 9757 9749 9755
32224 1488 1752 1472 1753
32225 6813 6821 6811 6818
32226 600 687 681 688
32227 842 839 831 841
32228 11369 11371 11364 11370
32229 10315 10232 10234 10239
32230 761 765 757 750
32231 9550 9552 9545 9551
32232 11615 9569 9557 9561
32233 4039 4041 4033 4008
32234 10380 10367 10359 10810
32235 1126 1099 1125 1129
32236 154 151 149 153
32237 3249 3256 3252 3254
32238 3647 3674 3638 3675
32239 2774 2766 2768 2767
32240 6704 6714 6699 6702
32241 2779 2776 2782 2778
32242 163 239 264 161
32243 2876 2873 2880 2875
32244 11272 11232 11273 11271
32245 2688 2681 2612 2682
32246 2734 2738 2730 2735
32247 8468 8472 8467 8452
32248 10693 10727 10724 10726
32249 4389 4430 4385 4384
32250 10683 10681 10317 10682
32251 10521 10524 10515 10523
32252 10535 10539 10532 10538
32253 1492 1511 1459 1539
32254 8368 8363 8356 8367
32255 4922 4898 4894 4897
32256 5216 5222 5213 5217
32257 9031 9029 9010 9017
32258 5914 5921 5915 5919
32259 6580 6585 6575 6584
32260 6308 6305 6312 6306
32261 9094 9089 9085 9093
32262 6993 6999 6992 6994
32263 6731 6742 6720 6730
32264 2556 2735 2731 2738
32265 6766 6770 6762 6767
32266 6704 6701 6699 6703
32267 11068 11043 11038 11045
32268 6544 6522 6537 6520
32269 9693 9691 9688 9692
32270 10973 10954 11028 10951
32271 878 800 875 879
32272 879 876 874 878
32273 3194 3180 3171 3195
32274 4112 4106 4115 4110
32275 5727 5729 5693 5725
32276 735 869 863 736
32277 2831 2826 2822 2830
32278 11224 10656 11220 11223
32279 5634 2186 5623 2183
32280 3883 3865 3874 3869
32281 4085 4089 4083 4088
32282 4924 4921 4920 4923
32283 5055 5041 5031 5040
32284 10109 10102 10100 10108
32285 421 423 419 422
32286 11200 11317 11191 11212
32287 5431 5441 5437 5433
32288 8393 8456 8385 8422
32289 8681 8746 8672 8391
32290 1596 1631 1624 1630
32291 3021 3014 3023 3015
32292 11599 11683 11682 11598
32293 7951 7455 7449 7950
32294 11343 11336 11334 11342
32295 7327 7342 7335 7298
32296 7157 7159 7156 7158
32297 88 86 82 152
32298 9406 9362 9018 9361
32299 10257 10260 10254 10259
32300 3608 3569 3600 3636
32301 11042 11046 11036 11045
32302 10739 10736 10744 10737
32303 10028 10014 10010 10026
32304 8011 8017 8008 8015
32305 11175 11173 11170 11174
32306 2546 2553 2696 2550
32307 4620 4623 4614 4621
32308 9546 5887 9540 9562
32309 2444 2388 2380 2366
32310 2541 2543 2537 2518
32311 6898 6900 6891 6926
32312 9294 9289 9279 9286
32313 7856 7870 7853 7857
32314 3419 3426 3429 3421
32315 1841 1843 1834 1842
32316 10505 10509 10503 10506
32317 6506 6508 6499 6507
32318 5900 9548 9542 6179
32319 1824 1826 1818 1855
32320 4949 4946 4942 4948
32321 1856 1977 1851 1990
32322 10754 11262 10759 11267
32323 9962 9953 9961 9976
32324 7442 7446 7440 7433
32325 2528 2531 2522 2529
32326 1051 1061 1045 1064
32327 10078 10085 10076 10079
32328 9340 9315 9312 9316
32329 4995 4963 4967 4976
32330 11340 11343 11334 11342
32331 11395 11369 11387 11394
32332 10209 10162 10158 10140
32333 4767 4764 4759 4765
32334 4660 4662 4655 4666
32335 551 557 556 564
32336 6334 6337 6339 6336
32337 5425 5412 5432 5318
32338 6915 6960 6963 6645
32339 6968 6977 6995 6975
32340 139 142 135 141
32341 132 141 130 133
32342 11613 11617 11609 11614
32343 5690 5693 5705 5725
32344 5725 5729 5717 5726
32345 3542 3545 3519 3543
32346 1787 1785 1781 2180
32347 6571 6634 6628 6573
32348 7627 7640 7621 7609
32349 7189 7194 7130 7193
32350 4212 4022 4020 4186
32351 4169 4242 4164 4240
32352 6951 6941 6948 6972
32353 5921 5878 5918 5922
32354 9783 9778 9777 9782
32355 9337 9325 9348 9333
32356 3439 3112 3432 3435
32357 3203 2977 2985 3205
32358 176 180 172 177
32359 112 123 107 119
32360 2178 2176 2169 2167
32361 297 277 273 686
32362 4892 4936 4887 4938
32363 4451 4454 4449 4453
32364 115 111 106 114
32365 784 816 781 789
32366 2881 2541 2534 2516
32367 10736 10739 11253 10737
32368 9168 9165 9180 9167
32369 7594 7597 7599 7596
32370 8758 7316 8747 7299
32371 5997 6000 5994 5999
32372 917 944 940 945
32373 5910 5882 5877 5878
32374 4160 4162 4165 4172
32375 9524 9572 9565 9567
32376 4001 3973 3963 3957
32377 6792 6789 6787 6791
32378 9464 9467 9470 9465
32379 1816 1802 1794 1817
32380 4166 4240 4168 4169
32381 3880 3960 3956 3864
32382 6935 6928 6931 6929
32383 9001 8996 8984 8997
32384 4246 4230 4235 4241
32385 10066 10070 10067 10068
32386 1101 1191 1182 1189
32387 9815 9809 9802 9811
32388 4924 4467 4458 4898
32389 972 969 966 954
32390 9744 9720 9713 9746
32391 9538 9534 9536 9535
32392 10133 9923 10124 9924
32393 5207 5286 5284 5287
32394 9378 9242 9370 9232
32395 1023 1012 1017 1082
32396 1986 2500 2494 2087
32397 10357 10350 10356 10355
32398 1697 1643 1695 1642
32399 1503 1498 1497 1502
32400 11177 11189 11184 11188
32401 11606 11604 11585 11591
32402 7953 7958 7963 7955
32403 10505 10507 10501 10539
32404 5206 5216 5203 5209
32405 2878 2881 2875 2879
32406 10534 10539 10530 10537
32407 5796 5791 5789 5792
32408 9629 9624 9623 9627
32409 11344 11352 11338 11345
32410 5540 5547 5539 5541
32411 1113 1098 1109 1097
32412 10721 10719 10714 10728
32413 5767 5777 5762 5757
32414 2856 2733 2755 2857
32415 10384 10309 10317 10683
32416 2972 2989 2967 2974
32417 11202 11198 11194 11199
32418 10404 10538 10528 11186
32419 8106 8090 8085 8107
32420 2338 5558 2340 5559
32421 3500 3505 3497 3504
32422 4944 5067 5004 4989
32423 1989 1996 1987 1995
32424 11314 11319 11309 11318
32425 4294 4329 4288 4279
32426 1022 452 1019 451
32427 2351 2284 2353 2305
32428 3403 3400 3389 3401
32429 6378 6362 6354 6379
32430 11418 11342 11416 11336
32431 3004 3006 3009 3005
32432 4606 4503 4539 4608
32433 131 139 129 132
32434 10015 10018 10011 10017
32435 7882 7887 7876 7884
32436 8739 8743 8734 8741
32437 3645 3686 3641 3648
32438 1622 1581 1617 1577
32439 4828 4739 4821 4934
32440 2408 2414 2413 2447
32441 1894 1891 1887 1893
32442 7965 7658 7964 7935
32443 10058 10053 10052 10057
32444 7767 7760 7765 7761
32445 7459 7456 7453 7457
32446 7781 7779 7777 7755
32447 5168 5105 5101 5106
32448 4597 4618 4588 4596
32449 4501 4604 4496 4499
32450 8045 8082 8078 8081
32451 2202 2205 2198 2203
32452 2714 2710 2706 2713
32453 8301 8144 8306 8314
32454 10729 10694 10733 10727
32455 7304 7301 7297 7402
32456 10751 11255 11252 11268
32457 5438 5289 5444 5439
32458 9216 9224 9218 9221
32459 9871 9881 9863 9870
32460 10861 10853 10854 10859
32461 5009 5012 5005 5010
32462 8443 8429 8437 8459
32463 11133 11214 11126 11190
32464 2206 2203 2199 2205
32465 9512 9566 11610 11611
32466 9295 9301 9297 9296
32467 5820 5817 5813 5818
32468 593 596 588 594
32469 5210 5287 11278 5207
32470 11271 11275 11277 11272
32471 11382 11356 11354 11357
32472 7857 7859 7853 7858
32473 8146 8141 8137 8144
32474 7405 7418 7412 7417
32475 5209 5217 5213 5215
32476 9132 9129 9134 9131
32477 1155 1190 1183 1209
32478 4803 4800 4799 4801
32479 5817 5819 5810 5818
32480 7390 7546 7383 7392
32481 815 826 823 967
32482 708 786 702 429
32483 630 635 627 632
32484 3464 3505 3503 3462
32485 11103 11380 11376 11197
32486 6794 6791 6792 6795
32487 9551 9614 9606 9613
32488 6028 6024 6022 6025
32489 4866 4872 4884 4880
32490 9810 9803 9802 9809
32491 1064 1060 1056 960
32492 1321 1278 1273 1279
32493 3805 3747 3795 3748
32494 4246 4269 4244 4268
32495 4249 4207 4253 4248
32496 5987 6012 6004 5989
32497 6560 6509 6500 6492
32498 10149 10146 10140 10213
32499 8131 8143 8136 8119
32500 1216 1267 1211 1254
32501 8960 8963 8953 8961
32502 166 133 160 168
32503 10353 10340 10352 10350
32504 3542 5718 5731 5726
32505 10988 10990 10982 11013
32506 8835 8767 8760 9681
32507 158 167 164 159
32508 11650 11655 11652 11649
32509 6942 6947 6940 6943
32510 1084 1023 1020 1082
32511 6379 6364 6355 6380
32512 7008 6984 6980 6983
32513 9337 9339 9333 9348
32514 6529 6536 6526 6532
32515 5793 4530 5786 5794
32516 1678 1683 1676 1679
32517 5283 5288 5280 5287
32518 8327 8325 8322 8317
32519 400 501 476 498
32520 3100 3104 3096 2987
32521 3801 3805 3794 3803
32522 6092 6085 6082 6086
32523 2502 2505 2498 2503
32524 6702 6700 6698 6701
32525 10457 10461 10454 10460
32526 5062 5065 5058 5063
32527 5039 5021 5033 5020
32528 10942 10934 10939 10936
32529 10668 10738 10666 10670
32530 11182 11185 11180 11184
32531 11228 11148 11286 11141
32532 9128 9341 9374 9342
32533 4922 4937 4931 4921
32534 2660 2692 2658 2691
32535 2712 2678 2676 2713
32536 10113 10120 10112 10114
32537 3480 3475 3469 3477
32538 7794 7768 7776 7769
32539 10721 10893 10715 10892
32540 9341 9128 9335 9342
32541 9067 9049 9064 9041
32542 1116 1112 1108 1115
32543 7561 7443 7441 7556
32544 10903 10929 10827 10926
32545 9939 9936 9932 9938
32546 2687 2244 2685 2688
32547 5205 5351 5199 5285
32548 7954 7992 7960 7952
32549 2085 2088 2080 2086
32550 6041 6036 6034 6085
32551 7756 7754 7750 7727
32552 1036 1025 1018 1024
32553 3747 3749 3740 3748
32554 794 802 793 740
32555 7016 7010 7009 7011
32556 6985 6990 6981 6989
32557 7191 6934 7194 7198
32558 1037 1034 1027 1035
32559 1762 1764 1757 1747
32560 7568 7589 7581 7575
32561 162 166 156 164
32562 785 787 778 786
32563 396 381 379 386
32564 7221 6989 6985 6981
32565 6113 5912 5892 5913
32566 6948 6952 6972 6976
32567 2959 2974 2997 2956
32568 5868 5844 5843 5838
32569 9717 9743 9713 9716
32570 4751 4778 4745 4776
32571 829 825 820 828
32572 1398 1402 1395 1401
32573 3632 3430 3427 3377
32574 6336 6365 6298 6334
32575 9375 9386 9383 9388
32576 2992 2995 2999 2994
32577 97 95 91 96
32578 4207 4253 4248 4231
32579 4236 4243 4240 4242
32580 1138 1151 1149 1155
32581 684 682 675 296
32582 10135 9924 10125 10145
32583 5753 5650 5644 5648
32584 3311 3283 3309 3282
32585 399 390 389 396
32586 9376 9373 9369 9375
32587 3869 3894 3882 3883
32588 11616 11623 11609 11611
32589 5357 5198 5367 5345
32590 1630 1633 1625 1632
32591 4648 4645 4638 4647
32592 9695 9730 9728 9732
32593 921 945 918 932
32594 9719 9434 9731 9729
32595 8417 8411 8409 8412
32596 5302 5298 11273 5283
32597 6152 6156 6150 6153
32598 5167 5120 5160 5166
32599 11315 11383 11372 11319
32600 2879 2516 2508 2514
32601 4868 4857 4855 4909
32602 290 293 284 291
32603 4447 4531 4525 4446
32604 8907 8923 8916 8905
32605 10739 10745 10737 10744
32606 10680 10678 10675 10679
32607 11136 11186 11127 10538
32608 8819 8872 8869 8822
32609 4918 5002 4913 4491
32610 840 854 843 852
32611 10679 10673 10672 10674
32612 5594 5596 5588 5595
32613 9701 9906 9902 9905
32614 880 868 871 894
32615 8419 8412 8409 8413
32616 2463 2457 2456 2476
32617 4062 4038 4056 4065
32618 7417 7414 7408 7304
32619 4476 4491 4485 4492
32620 10688 10693 10685 10749
32621 2005 2012 2003 2009
32622 7458 7455 7450 7456
32623 8970 9079 9072 9077
32624 7948 7684 7686 7958
32625 4620 5494 5459 4688
32626 5567 5624 5618 5625
32627 644 362 325 334
32628 266 217 211 265
32629 11210 11216 11206 11198
32630 10655 10644 10639 10654
32631 9924 9926 9921 10145
32632 8312 8315 8310 8134
32633 110 283 102 109
32634 10675 10671 10678 10700
32635 5609 5596 5608 5613
32636 7789 7804 7786 7795
32637 1660 1654 1653 1659
32638 4403 4397 4396 4398
32639 11202 11200 11194 11215
32640 448 462 442 474
32641 7787 7790 7783 7789
32642 8548 8420 8424 8428
32643 11028 11021 11023 11003
32644 8210 8258 8260 8553
32645 10441 11161 10437 10443
32646 8315 8144 8310 8134
32647 7391 7404 7397 7389
32648 8637 6520 6511 8614
32649 4544 4479 4536 4540
32650 2719 2704 2727 2721
32651 8432 8429 8425 8430
32652 2386 2624 2622 2629
32653 8782 8884 8777 8781
32654 5064 5067 5059 5065
32655 2514 1979 2507 2879
32656 11475 11473 11470 11474
32657 2649 2642 2653 2644
32658 11358 11349 11348 11352
32659 8510 8505 8503 8508
32660 1438 1453 1448 1451
32661 8458 8443 8437 8459
32662 1608 1604 1603 1607
32663 619 622 614 620
32664 6520 6518 6514 8614
32665 789 439 788 790
32666 1774 1813 1807 1809
32667 371 365 364 366
32668 618 620 612 426
32669 3673 4192 4187 4194
32670 8454 8431 8450 8456
32671 1035 1033 1026 815
32672 3306 3310 3312 3307
32673 6484 6478 6473 6479
32674 4218 4309 4303 4220
32675 3413 3405 3415 3411
32676 4233 4268 4245 4246
32677 3005 3003 3008 3004
32678 80 101 100 126
32679 366 652 651 659
32680 605 592 584 623
32681 6785 6609 6607 6813
32682 6112 6115 6109 6114
32683 6968 6966 6975 6995
32684 3566 3417 3560 3564
32685 750 752 745 751
32686 9411 9484 9485 9469
32687 11316 11212 11204 11317
32688 9776 9782 9775 9778
32689 3298 3292 3296 3293
32690 4594 4609 4627 4541
32691 8757 8716 8713 8721
32692 9126 9165 9197 9161
32693 7570 7556 7553 7569
32694 787 776 782 784
32695 5726 5731 5728 5729
32696 1306 1342 1300 1323
32697 11590 11602 11587 11589
32698 119 110 105 112
32699 7011 7008 6984 6980
32700 3276 3274 3280 3275
32701 9534 9572 9571 9530
32702 7324 7328 7322 7326
32703 6634 6637 6630 6636
32704 2984 2981 2988 2982
32705 7603 7595 7602 7601
32706 3087 2999 2995 3037
32707 1609 1630 1623 1629
32708 8939 8926 8928 8910
32709 7354 7352 7351 7455
32710 776 814 780 784
32711 2608 2605 2599 2606
32712 3408 3307 3409 3310
32713 5909 5906 5910 5908
32714 11590 11594 11588 11591
32715 4316 4322 4314 4318
32716 1592 1594 1591 1606
32717 6111 6117 6113 5892
32718 1204 1215 1214 1216
32719 1734 1725 1718 2112
32720 4216 4186 4185 4192
32721 11183 10448 10446 11181
32722 29 34 28 33
32723 3974 3219 3970 3975
32724 11305 11299 11297 11300
32725 128 120 118 124
32726 579 581 573 580
32727 2970 3867 3863 3201
32728 4005 4011 4013 4006
32729 11236 5295 5299 11235
32730 11397 11395 11393 11396
32731 5638 5601 5590 5574
32732 2882 2892 2886 2883
32733 2087 1984 1982 1986
32734 8831 8835 8825 9678
32735 8456 8453 8449 8454
32736 10350 10339 10347 10349
32737 2987 3209 3207 3100
32738 10692 10682 10390 10691
32739 4584 4493 4486 4492
32740 10149 10171 10163 10150
32741 1904 1901 1899 1903
32742 5493 4688 5487 5494
32743 2763 2759 2758 2762
32744 5601 5595 5592 5599
32745 10694 10729 10724 10727
32746 1502 1510 1509 1514
32747 9077 9084 9075 9083
32748 5575 5572 2197 5584
32749 10750 10757 11252 10756
32750 840 828 833 827
32751 8997 8933 8992 8934
32752 3038 3035 3030 3017
32753 6182 6177 6181 6183
32754 9664 9668 9662 9666
32755 3574 3283 3548 3410
32756 6993 7013 6998 7016
32757 439 437 431 790
32758 7105 7094 7098 7096
32759 981 997 986 995
32760 809 814 807 813
32761 6546 6380 6369 6505
32762 201 204 197 202
32763 842 837 836 838
32764 1399 1414 1382 1402
32765 3441 3434 3440 3438
32766 8211 8236 8202 8238
32767 5638 5626 2187 5568
32768 11316 11472 11310 11485
32769 4171 4143 4139 4144
32770 11189 10404 11184 11186
32771 6795 6793 6788 6833
32772 7193 7187 7186 7189
32773 8316 8327 8322 8317
32774 5285 5350 5346 5281
32775 8054 8057 8053 8056
32776 11339 11352 11338 11349
32777 6708 6741 6740 6742
32778 11341 11332 11323 11344
32779 1529 1524 1523 1526
32780 4977 4973 4970 4975
32781 8162 8168 8169 8163
32782 7780 7773 7772 7779
32783 8470 7302 8754 7414
32784 2868 2870 2863 2869
32785 1672 1669 1664 1671
32786 10844 10722 10847 10893
32787 2340 5587 5558 2339
32788 7802 7729 7723 7732
32789 11421 11473 11414 11340
32790 5294 5298 5291 5297
32791 9701 9704 9692 9703
32792 10369 10363 10367 10365
32793 5453 10627 10621 5454
32794 2701 2682 2697 2553
32795 9295 9116 9292 9294
32796 2629 2631 2622 2386
32797 630 622 617 623
32798 2244 2687 2620 2688
32799 6648 6650 6646 6649
32800 1919 1912 1911 1918
32801 8961 8975 8966 8973
32802 8545 8543 8539 8544
32803 7765 7762 7758 7764
32804 1606 1609 1600 1607
32805 9143 9705 9700 9706
32806 8847 8828 8846 8848
32807 10385 10683 10390 10692
32808 4630 4634 4628 4624
32809 2676 2703 2712 2705
32810 10512 10497 10510 11093
32811 10785 10771 10764 10851
32812 8795 8797 8790 8783
32813 11566 11575 11569 11395
32814 7569 7468 7439 7582
32815 7794 7778 7787 7782
32816 2530 2543 2540 2545
32817 2877 1829 1822 2865
32818 4739 5015 5014 4932
32819 9394 9091 9371 9381
32820 3179 3273 3169 3178
32821 4195 4192 4188 4193
32822 11172 11175 11170 11174
32823 7190 7198 7193 7197
32824 6757 6752 6749 6755
32825 2181 1408 1417 1788
32826 108 113 103 96
32827 6965 6962 6961 6964
32828 7517 7522 7519 7518
32829 1413 1411 1407 1386
32830 6958 6929 6954 6956
32831 1192 1409 1187 1410
32832 3290 3300 3292 3287
32833 4200 4196 4201 4199
32834 4241 4236 4243 4240
32835 96 98 92 97
32836 2491 2488 2482 2489
32837 813 799 797 809
32838 8600 8650 8572 8576
32839 7857 7855 7851 7856
32840 9096 9088 9087 9105
32841 8890 8899 8895 8898
32842 825 812 822 811
32843 810 815 806 1033
32844 1152 1140 1133 1181
32845 2998 2986 2980 2988
32846 3260 3257 3252 3259
32847 3585 3499 3494 3584
32848 6002 6013 5993 6016
32849 3818 3801 3808 3803
32850 4224 4221 4228 4223
32851 331 359 356 330
32852 6523 6518 6512 6519
32853 11005 10987 11004 11001
32854 11188 11190 11185 11214
32855 3039 3036 3031 3038
32856 3883 3879 3872 3881
32857 1181 1176 1174 1152
32858 690 696 709 691
32859 4099 4223 4011 4101
32860 11631 11625 11630 11629
32861 5989 5997 5991 5996
32862 6561 6555 6551 6560
32863 4241 4229 4239 4230
32864 5848 5843 5849 5844
32865 6377 6379 6368 6546
32866 1537 1513 1536 1508
32867 10743 10723 10749 10685
32868 6834 6828 6825 6830
32869 10834 10852 10848 10813
32870 6637 6639 6631 6638
32871 8821 8809 8811 8820
32872 4061 4065 4055 4064
32873 1526 1531 1530 1529
32874 4994 4986 4981 4963
32875 2726 2723 2718 2725
32876 5648 5656 5646 5674
32877 2695 2550 2546 2696
32878 10376 10383 10372 10378
32879 5712 3513 3509 5716
32880 1232 1228 1229 1230
32881 8977 8959 8966 8965
32882 2347 2345 2341 2206
32883 2399 2387 2378 2400
32884 7208 7234 7210 7209
32885 1165 1177 1163 1175
32886 618 713 419 699
32887 645 642 637 643
32888 6524 6020 6530 5975
32889 735 739 731 738
32890 749 774 748 752
32891 6967 6982 6991 6966
32892 6810 6805 6800 6793
32893 10973 10980 10974 10947
32894 8542 8415 8414 8416
32895 11645 11639 11644 11646
32896 9928 9937 9931 9948
32897 628 631 624 541
32898 5769 5764 5761 3281
32899 6290 6363 6297 6365
32900 3292 3300 3304 3287
32901 3203 3221 3197 3202
32902 628 426 410 620
32903 9691 9758 9682 9690
32904 4127 4131 4122 4130
32905 1670 1645 1662 1647
32906 9914 9912 9909 9901
32907 8453 8455 8447 8454
32908 9742 9746 9740 9745
32909 1825 1829 1819 1826
32910 11084 10964 11083 10978
32911 8046 8118 8114 8082
32912 2664 2657 2659 2670
32913 11104 11109 11101 11108
32914 10761 10759 10755 10760
32915 4627 4559 4554 4589
32916 11095 11138 11137 11139
32917 10862 10859 10855 10761
32918 9910 9905 9903 9906
32919 9122 9118 9112 9121
32920 8353 8351 8348 8329
32921 7251 7248 7244 7250
32922 8999 9002 8994 9000
32923 8399 8388 8383 8404
32924 7793 7804 7786 7803
32925 11293 11226 11285 11290
32926 10548 10325 10307 10521
32927 11097 11087 11086 11094
32928 10498 10526 10488 10494
32929 7714 7710 7709 7712
32930 4540 4495 4535 4627
32931 11113 11151 11150 11152
32932 5288 5283 11277 5287
32933 7181 7177 7183 7179
32934 8134 8130 8128 8312
32935 203 206 200 204
32936 8181 8186 8175 8183
32937 10650 10659 10654 10658
32938 11223 11225 11221 11224
32939 7781 7778 7775 7780
32940 11199 11108 11195 11202
32941 8392 8422 8385 8413
32942 10422 10414 10412 10419
32943 2599 2780 2601 2598
32944 1635 1527 1555 1556
32945 3841 3936 3833 3840
32946 1644 1647 1639 1645
32947 10017 10001 9995 10000
32948 10672 10582 10673 10671
32949 3975 3221 3971 3866
32950 1060 1063 1058 1011
32951 600 609 599 604
32952 9121 9303 9291 9122
32953 695 697 692 696
32954 9798 9847 9838 9846
32955 1605 1621 1618 1620
32956 24 21 14 22
32957 5962 5973 5960 5963
32958 2660 2655 2651 2659
32959 113 120 116 98
32960 852 855 844 853
32961 6323 6327 6316 6325
32962 4248 4222 4231 4224
32963 1064 957 952 916
32964 204 217 200 215
32965 10364 10820 10815 10365
32966 1643 1645 1641 1659
32967 906 841 834 908
32968 8974 9368 9384 8973
32969 7011 7017 7009 7016
32970 6943 6951 6941 6948
32971 3102 3129 3119 3104
32972 9593 9584 9583 9592
32973 1476 1479 1471 1477
32974 2369 2366 2374 2368
32975 4499 4502 4498 4501
32976 4013 4221 4011 4099
32977 3094 3190 3195 3191
32978 7349 7378 7357 7367
32979 4218 4216 4214 4195
32980 4217 4212 4210 4216
32981 2328 2331 2325 2329
32982 5599 5560 5598 5601
32983 3394 3011 3391 3062
32984 9259 9254 9252 9218
32985 4041 4198 4036 4012
32986 8468 8455 8447 8469
32987 6325 6305 6319 6326
32988 8055 8117 8110 8046
32989 1427 1410 1408 1415
32990 8848 9458 9449 9455
32991 4222 4014 4199 4201
32992 2281 2275 2274 2276
32993 4997 4987 4982 4994
32994 1999 1996 1992 1998
32995 4897 4938 4888 4922
32996 2188 2190 2193 2704
32997 4480 4477 4471 4478
32998 5211 5214 5215 5213
32999 10674 10593 10590 10230
33000 3984 3989 3982 3986
33001 10813 10811 10808 10824
33002 101 97 93 98
33003 7445 7442 7437 7444
33004 10695 10691 10697 10694
33005 2785 2782 2788 2783
33006 7562 7556 7554 7557
33007 9341 9334 9342 9335
33008 1539 1491 1486 1492
33009 2625 2628 2631 2627
33010 4453 5808 5803 4447
33011 2681 2688 2679 2682
33012 5638 2196 5568 2187
33013 2528 2518 2538 2543
33014 10750 11250 10756 11252
33015 10500 10494 10489 10496
33016 11260 11299 11296 11291
33017 1985 2515 2509 1986
33018 1918 1964 1963 1970
33019 3185 3187 3184 3220
33020 9094 9091 9085 9092
33021 191 213 188 192
33022 786 790 779 437
33023 7260 7272 7275 7277
33024 9567 9573 9565 9568
33025 5710 5715 5708 5703
33026 7026 7058 7030 7057
33027 6925 6926 6920 6912
33028 3109 3125 3105 3108
33029 5913 5907 5891 5909
33030 1035 967 1028 1032
33031 3174 3158 3181 3156
33032 1190 1193 1185 1217
33033 803 801 795 802
33034 9947 9950 9941 9949
33035 3036 2988 2984 3035
33036 9702 9676 9695 9677
33037 7249 7010 7246 6314
33038 8222 8233 8216 8224
33039 8432 8427 8423 8431
33040 11215 11210 11208 11198
33041 9703 9705 9698 9306
33042 11129 11133 11126 11190
33043 8411 8404 8408 8388
33044 8183 8152 8179 8185
33045 8302 8305 8298 8304
33046 9927 9910 9920 9911
33047 5639 5547 5630 5470
33048 11315 11196 11312 11379
33049 8483 8478 8474 8480
33050 7394 7391 7385 7392
33051 10536 10543 10541 10549
33052 9508 9505 9503 9506
33053 8352 8355 8349 8340
33054 187 192 185 311
33055 751 323 744 750
33056 2332 2326 2334 2327
33057 7406 7420 7413 7418
33058 11129 11138 11128 11132
33059 2180 1788 2175 1787
33060 2211 2225 2226 2221
33061 2221 2210 2219 2211
33062 5626 5638 5625 5568
33063 10134 10132 10126 10133
33064 5963 5990 5979 5938
33065 10103 10119 10101 10113
33066 1622 1608 1618 1629
33067 4008 4038 4032 4039
33068 6782 6848 6779 6873
33069 4230 4246 4239 4241
33070 3936 3949 3943 3840
33071 7887 7894 7888 7893
33072 10287 10291 10280 10289
33073 4241 4247 4237 4246
33074 1330 1452 1324 1329
33075 89 87 83 88
33076 8121 8180 8109 8120
33077 9230 9374 9370 9376
33078 3554 3558 3550 3556
