9758
0 1503 1331 1304 2316
1 264 3 2266 1978
2 935 929 972 1601
3 2493 1273 1973 1862
4 2040 320 321 2169
5 1366 299 1333 1379
6 683 257 1915 2369
7 1131 2186 1694 1207
8 2054 1065 1077 1031
9 212 1900 1750 2014
10 1769 1549 1767 1422
11 1764 1414 1538 445
12 663 161 1733 2199
13 407 1695 1694 729
14 1559 1570 32 1580
15 1901 2155 678 1902
16 1436 1958 1873 1095
17 539 845 880 883
18 458 735 737 703
19 785 1744 1762 826
20 284 2324 1415 1558
21 40 745 2201 2371
22 2201 747 2386 233
23 1503 1340 258 1866
24 1632 2240 1038 1646
25 429 428 1407 1979
26 2395 1384 295 286
27 1166 1671 420 1680
28 1467 1731 1465 1466
29 16 1844 1103 2276
30 1965 1853 308 1162
31 711 235 244 733
32 89 501 506 1125
33 1800 2048 921 1607
34 1914 721 463 1427
35 1077 2179 1627 2218
36 2371 40 2386 2201
37 952 1616 380 382
38 1104 1135 2220 29
39 1618 1805 2119 1608
40 2050 1607 2048 986
41 10 675 212 213
42 739 460 2386 747
43 941 1807 2170 2045
44 375 977 376 2499
45 274 1974 767 2299
46 7 12 297 1611
47 1922 2105 816 1768
48 2064 273 1139 1092
49 5 306 950 2123
50 472 702 1756 718
51 739 216 2386 226
52 2026 824 304 787
53 1957 1114 2060 1092
54 225 1237 676 1242
55 1298 2482 1218 1264
56 981 982 2491 1708
57 827 2239 1787 119
58 424 943 958 1531
59 2111 793 1925 781
60 937 313 440 1547
61 1658 1663 49 2223
62 984 431 959 1611
63 705 747 2386 460
64 1874 509 1091 1439
65 2405 976 1616 2124
66 1415 2324 1414 784
67 649 672 177 2001
68 1993 129 548 547
69 2281 2070 1159 1148
70 447 2029 2298 815
71 2367 652 188 176
72 1679 110 1854 2133
73 179 195 2331 1630
74 539 1722 880 540
75 986 1607 2048 2
76 2467 1255 2286 1246
77 263 1233 1222 1219
78 1168 2135 2444 111
79 2065 1095 1112 2196
80 2075 1331 1307 2316
81 1734 1502 594 2366
82 806 783 20 1918
83 2485 2117 1596 2120
84 148 1033 2358 1013
85 434 1410 2076 13
86 735 724 2255 2257
87 1775 451 797 452
88 1530 750 751 752
89 698 752 1509 695
90 1190 1690 2227 2315
91 1999 2363 1049 1080
92 1328 1704 1338 1323
93 1181 1171 25 1167
94 2210 549 866 544
95 180 622 1741 1736
96 2128 2409 1009 992
97 398 1029 994 556
98 752 2202 698 751
99 2366 2415 619 1734
100 1297 2482 396 1290
101 1116 1220 1207 1215
102 208 2451 1356 187
103 233 747 712 1507
104 1795 900 1568 838
105 1136 2441 1093 1843
106 713 1522 1899 2019
107 930 913 2460 980
108 435 14 2454 2463
109 272 1101 1096 2274
110 1760 729 2292 693
111 970 977 1606 942
112 1081 510 389 1697
113 1196 329 2038 405
114 1823 127 2215 1640
115 1933 1576 1452 348
116 608 170 567 173
117 1943 1599 18 911
118 1848 2339 409 2392
119 954 947 1591 12
120 126 545 1455 541
121 1065 1077 2174 2056
122 2212 371 803 938
123 1587 901 1932 342
124 976 1806 1616 975
125 323 334 2452 2211
126 1012 135 133 1085
127 720 722 726 743
128 1219 1527 693 727
129 162 166 2261 762
130 1049 1080 588 1999
131 1959 1124 1664 1125
132 2024 294 772 1974
133 1747 156 594 1502
134 10 675 2014 212
135 2306 2048 921 919
136 2348 1541 772 1347
137 2050 2121 2172 1595
138 26 771 1419 814
139 303 420 1164 1846
140 2196 1095 1112 1666
141 1593 2485 369 922
142 172 173 1735 668
143 947 8 433 11
144 979 1615 989 2171
145 2227 106 1962 521
146 1622 1817 1017 1031
147 756 468 469 2466
148 5 2123 950 2052
149 85 1208 364 1434
150 308 1680 305 1169
151 931 980 2121 1615
152 690 687 732 700
153 2161 1422 27 453
154 1872 452 453 1421
155 692 259 2011 742
156 2396 943 1531 264
157 243 320 1574 321
158 2043 58 475 1708
159 946 428 429 430
160 1797 1926 2414 132
161 1433 1832 1647 1076
162 810 814 823 817
163 641 98 1446 2241
164 2019 700 214 2154
165 1601 918 934 929
166 659 660 2251 568
167 927 264 1544 1600
168 979 980 2460 2118
169 953 977 970 915
170 1823 581 2215 1070
171 1941 972 378 935
172 116 2134 525 2232
173 1184 1620 1683 1153
174 2093 1479 1745 190
175 590 1488 1462 638
176 2179 1001 2378 1816
177 1888 656 592 161
178 55 2293 761 215
179 290 2299 274 2030
180 1318 1306 1322 1295
181 786 2207 816 2105
182 148 1067 1014 1639
183 1758 1754 1530 1911
184 2395 2434 1336 307
185 2262 1774 765 1542
186 929 918 1941 961
187 1206 1237 1200 1201
188 1419 2077 771 1982
189 199 1390 208 207
190 1540 821 825 774
191 1113 1439 2277 1090
192 2438 2131 1083 1022
193 1544 1553 958 927
194 1040 550 2180 1725
195 1661 1958 2221 1127
196 2463 435 437 15
197 1616 975 963 964
198 1943 944 1592 1810
199 222 2397 699 760
200 2314 1685 2392 414
201 2049 2304 940 910
202 330 1928 878 1757
203 1211 2422 1249 1318
204 509 1440 1718 1874
205 1436 1095 1873 503
206 1119 1093 1137 2222
207 158 2318 629 603
208 744 2153 39 701
209 112 1849 1158 1185
210 90 406 1128 2441
211 2218 1816 2174 2378
212 1616 964 1700 2124
213 1045 2408 146 573
214 1145 1192 411 2225
215 1685 2430 2392 1153
216 1615 980 2121 930
217 934 918 1798 1941
218 1605 1802 2044 1805
219 2158 1916 2361 1910
220 433 431 1408 432
221 930 980 2460 0
222 2 2171 1594 2121
223 337 338 2062 1134
224 888 486 2501 2351
225 940 910 316 2269
226 255 358 907 249
227 2197 649 177 66
228 1600 2306 927 1978
229 1913 1912 1907 2294
230 1564 2035 830 71
231 1592 913 2460 1608
232 933 309 2122 1946
233 2255 735 1519 724
234 1215 91 1207 1216
235 1512 2257 1516 735
236 197 156 2495 612
237 21 799 768 800
238 1302 1291 1317 1330
239 250 1912 712 233
240 54 2421 1110 1660
241 216 747 2386 1524
242 1672 1964 1681 1970
243 2123 306 950 2045
244 475 1812 952 965
245 696 745 462 2371
246 690 2154 1750 700
247 1593 2117 369 2485
248 2050 425 2048 1607
249 2030 2299 797 796
250 983 435 969 939
251 264 1978 1531 3
252 2267 991 2304 755
253 214 700 1750 2154
254 971 913 930 1598
255 970 376 1606 977
256 968 14 983 435
257 2387 696 462 2347
258 974 2049 923 1610
259 116 2232 114 1189
260 113 1679 1175 109
261 1902 2155 10 1517
262 1902 680 10 2155
263 988 969 923 974
264 2056 2055 2174 1065
265 487 486 2501 886
266 8 2268 933 947
267 1841 1129 271 1667
268 2492 2133 110 1682
269 756 1916 2158 467
270 1117 335 404 1956
271 387 2073 1081 1644
272 2296 28 812 1763
273 2306 2396 1940 986
274 2232 1675 417 2339
275 947 820 9 2268
276 430 428 429 1979
277 170 660 567 1739
278 1967 2232 2237 2317
279 1263 256 347 1241
280 756 2466 469 2101
281 1266 225 2422 1265
282 772 1384 286 295
283 247 2156 2157 696
284 1611 12 954 7
285 829 827 119 2239
286 890 1792 2352 1928
287 1227 357 1240 907
288 1503 2316 1307 1331
289 170 2096 608 1735
290 711 245 244 235
291 2054 1031 1017 1003
292 1808 2123 932 1809
293 1446 1876 517 519
294 306 2045 311 950
295 360 1584 872 1792
296 1239 371 2305 1270
297 410 1669 1856 1847
298 1592 1608 2460 1605
299 959 433 2406 1610
300 2020 246 1915 2322
301 621 167 647 1457
302 1106 1108 2497 336
303 2492 420 110 2133
304 2314 1675 1158 1969
305 1170 1846 1164 420
306 1314 2339 2317 1296
307 276 794 20 792
308 453 1872 27 2161
309 50 467 59 2103
310 942 977 1606 375
311 209 205 1373 1346
312 1947 2470 2170 941
313 825 1417 1774 814
314 1855 1846 1164 1170
315 1190 1690 420 1166
316 2255 1513 1525 1526
317 1614 0 2460 979
318 1539 776 1474 805
319 2280 111 1145 1677
320 1963 1251 1177 2431
321 1818 529 1083 1645
322 1548 296 798 811
323 1169 1170 303 2380
324 1170 420 1164 303
325 1186 1671 1166 1179
326 2046 1602 921 2306
327 1800 1602 1594 1799
328 2471 2096 2002 74
329 451 1982 780 2077
330 1168 1191 111 2190
331 1730 582 580 579
332 407 405 2038 729
333 1916 2477 2361 2101
334 864 532 1934 534
335 213 680 10 675
336 1977 1368 1392 1369
337 233 747 2386 705
338 710 1761 1509 218
339 1689 96 102 1173
340 434 968 2076 14
341 968 1801 434 820
342 978 1810 1592 944
343 197 1479 1745 2093
344 1878 113 523 1448
345 83 2130 1022 82
346 1347 1541 772 2432
347 2296 779 812 28
348 979 0 2460 980
349 2246 2197 177 607
350 1982 1763 771 818
351 2269 910 984 2049
352 703 735 1512 458
353 233 1505 691 2401
354 778 2360 782 670
355 1379 1380 1399 1370
356 2026 775 787 304
357 21 2027 2472 444
358 2170 2045 311 1942
359 1553 1600 1544 1940
360 265 1331 258 1866
361 1753 721 2194 43
362 846 2326 1757 2352
363 770 2029 1923 2350
364 1540 300 766 814
365 1332 1359 1351 2233
366 952 988 370 966
367 1947 2045 2170 228
368 1118 1658 1102 2061
369 1974 294 2348 1769
370 1022 83 82 2467
371 1545 2284 815 793
372 675 213 715 212
373 804 2299 797 277
374 1920 452 2109 780
375 1600 264 1544 2396
376 1940 2306 951 921
377 2121 945 2046 1869
378 1458 648 1738 138
379 590 1488 200 2198
380 325 842 269 892
381 927 1600 1544 1553
382 777 1918 20 783
383 927 6 956 424
384 1531 943 1944 1613
385 935 1601 972 1603
386 1341 1331 258 1361
387 1610 309 2406 1945
388 80 1308 496 1715
389 1696 129 904 905
390 198 281 1372 185
391 1561 2040 333 2039
392 679 716 226 739
393 1931 852 894 839
394 617 1737 616 664
395 2293 477 474 59
396 921 1607 951 1800
397 1637 1636 393 1641
398 1364 1361 2233 1374
399 1653 1108 1106 1109
400 397 907 1257 1283
401 1559 888 1930 2263
402 820 1801 434 13
403 2355 1780 2265 884
404 292 1402 198 281
405 1359 1368 2233 1378
406 752 750 695 1530
407 1226 2335 1207 1131
408 1434 364 85 1243
409 1114 1138 271 1957
410 2371 745 462 45
411 2004 1481 654 2142
412 1225 263 1218 1213
413 1288 1535 2381 285
414 1549 1767 286 772
415 1264 1237 263 1245
416 2283 256 1232 1221
417 2396 264 1531 2266
418 989 926 925 301
419 1837 272 1840 1101
420 2352 1928 846 890
421 87 505 504 1436
422 752 707 1506 701
423 2201 2156 754 1904
424 1945 948 2406 959
425 2015 744 1510 2013
426 910 991 2012 2304
427 103 2189 1963 2191
428 2232 1176 114 1158
429 1957 1100 1123 1138
430 2103 1916 2158 756
431 2259 2079 47 1528
432 2180 1626 1074 2313
433 1374 1361 2233 2234
434 683 760 1915 2397
435 1424 462 461 45
436 908 1588 2042 352
437 40 460 459 739
438 2043 58 939 983
439 1868 1352 1355 381
440 1332 1359 2233 1345
441 311 957 1948 1807
442 227 1512 1913 1516
443 75 493 492 495
444 1979 1809 7 430
445 701 2153 2022 2016
446 1511 2258 712 1516
447 820 13 933 1801
448 113 1448 1878 1877
449 716 738 739 460
450 2379 456 1840 1120
451 1855 1170 1164 1169
452 720 1914 465 466
453 981 967 952 370
454 252 1287 1276 237
455 858 2263 72 1559
456 1105 337 1129 1134
457 1944 985 958 949
458 348 1576 1452 881
459 2062 49 1129 1105
460 2222 2065 90 1873
461 2387 745 462 696
462 2201 2156 2157 754
463 2346 685 2159 2204
464 33 1653 2497 336
465 2015 724 735 2257
466 43 46 463 721
467 355 827 2239 1787
468 981 967 370 58
469 31 1104 2060 29
470 1955 1654 2220 1104
471 1664 1844 1112 2219
472 2075 1864 1315 1331
473 2022 1507 2401 1519
474 1662 2274 1840 267
475 1909 2361 1903 2205
476 466 1914 465 689
477 1339 1313 1301 2468
478 714 696 754 247
479 1361 2234 192 1378
480 29 1654 2220 2279
481 877 2168 1937 328
482 345 882 1793 828
483 1299 1281 231 236
484 537 122 1793 839
485 697 229 230 1752
486 2424 689 2101 2477
487 1837 2224 1110 54
488 1694 2185 1196 405
489 1330 1313 1301 1339
490 2412 472 52 718
491 2059 2078 1141 1961
492 257 2412 246 473
493 1438 2462 1661 1094
494 1946 433 2122 11
495 272 1837 1840 2379
496 1479 612 197 631
497 828 839 876 840
498 551 134 1827 992
499 2360 1551 778 444
500 756 48 469 468
501 1959 359 502 875
502 758 242 2385 1518
503 466 1528 2259 47
504 323 2211 2452 2039
505 1901 680 678 2155
506 28 453 1983 454
507 2339 1158 2232 1675
508 1264 249 256 1298
509 392 1050 1028 2058
510 1281 1272 1203 251
511 1579 360 1929 872
512 873 901 2490 2489
513 1111 2391 506 1125
514 741 1861 1219 676
515 380 976 382 1616
516 1633 575 1008 1403
517 2043 58 370 939
518 257 683 1915 246
519 1266 1306 1279 1295
520 1012 1625 2449 1037
521 1667 1100 1123 337
522 73 849 530 118
523 1252 1258 1195 1126
524 52 472 1760 470
525 55 2478 753 1514
526 2222 438 1121 1119
527 278 1432 1430 1243
528 1382 315 1394 211
529 759 240 215 742
530 1264 249 1263 256
531 1824 1055 2183 86
532 1042 998 148 1072
533 1206 1233 1200 1237
534 1861 702 682 741
535 1891 632 1483 1732
536 872 1584 1929 1579
537 257 1861 246 2412
538 1916 467 756 1755
539 55 215 761 742
540 759 728 55 1514
541 2020 682 748 2322
542 1380 1362 1370 1379
543 1859 405 407 1214
544 1588 1589 1568 2486
545 1219 718 52 1756
546 508 2236 1196 1116
547 963 2212 1700 964
548 975 964 2305 2212
549 266 920 976 2124
550 2232 1189 92 2339
551 2138 225 2334 1252
552 2116 1929 1205 1971
553 364 1266 904 1306
554 2185 2187 1694 1668
555 1814 1235 1224 1226
556 1843 2441 1128 507
557 1438 1842 1843 507
558 676 2422 2334 225
559 1447 101 1962 1689
560 2158 253 219 2103
561 1404 832 2265 1569
562 1094 2065 1093 1843
563 1960 1654 2279 1109
564 1092 31 2064 2060
565 55 759 470 471
566 345 828 1793 876
567 2034 1927 857 839
568 1210 1973 1209 1644
569 2072 1207 1858 1116
570 1299 1272 231 1281
571 1215 1116 1858 1207
572 1096 2264 2132 1101
573 759 742 55 728
574 1758 2100 713 214
575 2379 1660 1840 1665
576 2306 986 951 1607
577 466 2259 743 731
578 2063 2224 1837 54
579 407 2455 2292 729
580 2336 694 2292 1219
581 2355 884 2265 1781
582 2254 2466 469 468
583 899 891 1723 889
584 1957 1104 2060 1114
585 830 69 70 71
586 768 799 671 800
587 1341 1345 1332 1361
588 2484 1255 100 529
589 832 1781 2209 1569
590 1529 2259 743 2345
591 1791 35 1790 486
592 705 460 2386 459
593 458 1507 712 1511
594 1784 1211 1228 856
595 720 689 465 1914
596 1424 2156 42 462
597 2041 1574 1569 2355
598 285 2299 290 2030
599 865 886 1930 1790
600 2062 49 1105 1134
601 1138 1100 1123 271
602 120 1031 1622 1036
603 1135 31 29 1104
604 31 1654 455 1135
605 2254 689 469 2295
606 1118 1658 2061 366
607 679 458 716 1516
608 466 689 1426 1914
609 1478 155 2247 619
610 287 381 201 1868
611 2401 1505 457 1507
612 268 892 835 842
613 1267 410 2067 1856
614 864 119 1565 2036
615 703 2258 712 1511
616 1501 95 2241 98
617 1307 2316 1305 2075
618 1142 2224 2063 54
619 689 2466 2254 468
620 463 46 1984 2079
621 1101 272 1840 2274
622 327 34 118 895
623 866 132 2487 130
624 739 1912 1907 250
625 729 723 2292 1198
626 872 360 1929 1584
627 240 742 2011 259
628 581 1047 580 579
629 1784 1212 1228 365
630 742 2018 692 1527
631 219 253 240 725
632 345 876 867 882
633 1575 903 899 891
634 271 1667 1123 1138
635 1817 1031 2377 1003
636 1571 1585 827 871
637 422 938 1285 803
638 1092 273 1139 2279
639 466 2259 2141 465
640 641 2251 1349 163
641 1589 2354 2475 887
642 756 467 2158 2103
643 1221 262 2283 256
644 887 2354 2486 330
645 1630 2176 146 388
646 1575 340 902 2032
647 1793 876 867 345
648 1577 860 1934 1777
649 850 876 1793 828
650 2133 1682 420 1671
651 1534 21 2472 799
652 1938 2457 883 874
653 1674 1183 2000 2136
654 225 1242 676 2422
655 249 255 1298 2482
656 778 444 2472 2360
657 215 2021 60 725
658 1352 381 374 1346
659 1283 1303 397 186
660 1302 1298 1317 256
661 349 1195 904 364
662 33 1108 2497 1653
663 2216 1055 1988 2130
664 1213 1206 1230 1201
665 2299 1321 2323 277
666 2253 1897 1489 2089
667 536 340 2457 852
668 2068 1153 1685 2392
669 1037 1952 346 1087
670 829 827 2239 892
671 1745 190 2004 2093
672 1786 881 1452 1576
673 883 1938 889 887
674 2334 2422 1211 1266
675 243 2041 1583 1574
676 320 833 2039 885
677 1574 321 1780 243
678 320 833 2169 2039
679 2087 1082 1016 1951
680 886 2263 2501 487
681 1778 852 2353 882
682 1375 1355 1369 1368
683 992 2409 1009 2177
684 120 1830 2377 1031
685 1582 2263 2501 888
686 1725 1037 2449 1952
687 2034 839 2353 852
688 1665 1108 1106 57
689 1436 505 504 1095
690 828 840 1793 1778
691 1636 135 1085 394
692 485 71 70 69
693 597 1475 653 610
694 2467 1645 1084 117
695 1775 774 766 1540
696 1125 501 1664 1959
697 1959 2224 502 1124
698 1626 1040 2180 1835
699 1580 851 836 1789
700 1043 1637 2417 1061
701 2475 342 1932 901
702 992 551 393 1827
703 123 1051 1827 2440
704 1236 365 1228 1212
705 1832 1999 2057 1021
706 1820 123 1821 1051
707 1902 2155 678 680
708 473 472 470 2293
709 1272 237 241 1287
710 729 2455 2292 1860
711 2441 2187 53 1136
712 2352 1928 1757 846
713 1627 2179 1001 2378
714 1577 2114 1934 893
715 539 889 880 1723
716 2339 1675 417 2314
717 786 1546 816 2110
718 1206 2230 1197 1200
719 2435 891 899 903
720 883 2354 887 330
721 350 1648 1141 1099
722 1786 859 535 1452
723 2478 723 693 727
724 1241 1256 341 1263
725 1791 2035 830 1564
726 215 59 474 240
727 541 545 1568 900
728 845 539 880 1454
729 1787 842 325 1562
730 1312 1311 1342 1705
731 1404 1569 2265 1781
732 2392 2339 409 2314
733 323 885 1561 2039
734 84 2312 1633 1019
735 662 2243 664 1471
736 1071 999 1833 146
737 2464 1158 114 1176
738 343 1797 1796 856
739 1111 501 2144 875
740 2037 872 2388 1579
741 1112 1844 2390 438
742 637 161 1733 663
743 289 1707 281 1399
744 98 2447 1446 513
745 1249 1318 77 1211
746 558 556 2398 1050
747 157 480 177 66
748 2110 1922 1412 19
749 198 1376 185 292
750 1596 922 912 1593
751 1086 1087 2480 1952
752 1736 673 1741 2005
753 374 1311 1342 1312
754 1033 998 1025 1072
755 1334 1345 1377 1344
756 1218 907 1254 1240
757 1298 2482 1317 256
758 1502 594 662 1737
759 288 1537 194 786
760 1898 598 2291 1493
761 256 1221 1218 1247
762 621 1894 180 2479
763 2001 2291 2364 2152
764 349 364 904 1696
765 1405 276 794 1543
766 1207 1116 1196 1694
767 966 939 370 967
768 1832 1049 588 1999
769 225 1972 676 741
770 382 963 1700 1616
771 1891 632 2004 1483
772 1117 335 1956 1130
773 1557 799 1765 1534
774 1441 1644 1280 510
775 1376 2481 209 1346
776 1561 2039 333 323
777 389 1288 512 2381
778 1344 1334 1325 1867
779 1170 1166 420 2380
780 646 2091 2343 2384
781 2472 1768 763 444
782 505 1095 503 89
783 1963 103 1161 1152
784 74 2096 2002 2252
785 1329 1324 1333 186
786 1678 1176 2464 419
787 2261 174 777 783
788 651 1745 662 2495
789 1855 1846 1159 1164
790 1399 1379 281 289
791 2160 2403 2498 2025
792 1318 255 1329 299
793 96 1163 1173 2188
794 1059 1015 2214 2130
795 1161 1251 105 2431
796 763 670 2207 298
797 2243 2093 662 1745
798 419 2232 526 1967
799 819 982 2327 1547
800 2434 2395 1362 1380
801 1224 2393 389 1697
802 2154 1754 1750 681
803 671 800 782 670
804 1982 451 453 2077
805 595 1500 626 598
806 372 2068 1856 1848
807 1413 1412 2297 826
808 769 2108 174 806
809 479 478 66 178
810 2340 645 1739 660
811 1867 1334 1377 1344
812 1745 651 662 1504
813 17 1806 1609 920
814 1969 2430 2314 1675
815 1160 1673 142 2469
816 1240 907 1254 1247
817 2391 1125 1111 2488
818 2065 1664 2196 1112
819 2041 320 1574 243
820 1240 1247 1254 1218
821 1400 1706 1389 1376
822 1706 1346 1373 374
823 1967 2066 526 2237
824 1696 364 904 129
825 1264 262 1218 256
826 809 791 789 1919
827 1549 2296 1920 1767
828 2285 1716 493 1432
829 2382 1280 2237 97
830 2464 419 115 1678
831 1769 2296 1767 2348
832 2133 1671 420 1690
833 641 2241 1446 210
834 1534 799 1555 768
835 1120 2219 1110 2224
836 1177 2137 1194 1251
837 74 143 2002 2471
838 1236 2422 1249 1228
839 1741 180 628 622
840 210 514 512 1501
841 2380 1166 420 1680
842 1849 1969 1158 1185
843 1539 805 2112 2206
844 2047 990 2031 962
845 790 764 2300 2402
846 421 2393 389 1224
847 1219 1756 52 2478
848 2362 2447 513 1443
849 567 2252 2002 608
850 513 1719 1446 98
851 2212 975 963 962
852 1158 2430 1853 1969
853 1694 1668 1196 2185
854 484 2423 1890 657
855 885 833 243 320
856 2478 1223 693 1219
857 1266 1265 1279 1258
858 905 1993 1205 129
859 607 657 1890 2428
860 2118 980 2460 913
861 1443 2318 513 2362
862 590 2476 140 562
863 1182 1851 377 2229
864 1630 998 388 2331
865 2320 85 500 1262
866 178 672 2152 2291
867 1377 1360 1382 201
868 1887 1834 150 578
869 246 702 1915 2322
870 1046 1015 153 1731
871 590 143 1462 2471
872 240 259 474 215
873 694 2336 1860 1861
874 2030 2299 274 294
875 1792 2326 879 872
876 905 129 904 364
877 1216 1226 1207 1131
878 1837 1660 2379 54
879 2198 1488 200 1491
880 1598 913 1608 1805
881 2136 1674 2444 2000
882 68 607 484 1890
883 2333 105 1691 2137
884 2199 1747 636 2344
885 132 2166 866 126
886 2467 2131 1083 1246
887 1618 913 1614 928
888 1704 299 1316 1329
889 1032 2312 1640 1633
890 999 399 146 1071
891 1072 2312 1025 1032
892 2160 1923 2298 2029
893 1415 1414 2298 784
894 606 1495 1487 1469
895 1243 1432 1430 2139
896 1067 1639 2376 1628
897 576 1025 1007 391
898 1280 389 512 2382
899 110 1682 1679 522
900 1174 2315 1962 1690
901 1170 1166 2380 1190
902 548 129 2414 547
903 668 172 1739 1735
904 2464 1877 114 1849
905 1022 2467 1083 1054
906 1465 1466 153 586
907 1951 1647 1832 1021
908 513 2447 1446 1991
909 1176 1854 419 1678
910 1430 75 2338 76
911 1073 1042 390 128
912 83 2474 1217 2184
913 1310 2402 1865 1314
914 1446 518 1280 1445
915 308 1164 303 1169
916 1856 1669 2067 1156
917 1185 1969 1853 2430
918 2299 285 2381 2030
919 1647 1076 1731 2131
920 1466 1731 586 1076
921 960 1808 932 946
922 354 863 1985 2033
923 2431 1161 1691 2333
924 2452 833 2169 334
925 792 794 20 1918
926 83 2484 529 1255
927 1145 2225 2280 1677
928 2485 2120 1596 922
929 1174 1689 1962 2238
930 1164 1855 2281 1159
931 108 1145 2225 1192
932 928 944 924 1598
933 511 1501 1989 512
934 1965 1620 1683 1184
935 2297 2162 1550 1556
936 1770 2162 808 175
937 280 162 2261 762
938 2377 1817 2055 1622
939 2343 1495 1487 2483
940 576 1032 575 1887
941 1149 2136 418 1857
942 2499 977 1612 375
943 1470 602 2245 597
944 1891 1732 654 2142
945 2424 2295 699 719
946 2094 656 592 1888
947 117 529 100 1818
948 67 2312 1403 576
949 1053 577 1887 576
950 662 1732 1483 1745
951 1598 911 930 1943
952 659 660 568 567
953 1673 1151 1688 2469
954 451 1421 453 452
955 608 660 567 170
956 1149 1676 418 1146
957 1737 594 664 617
958 1186 1179 420 1680
959 453 1982 1983 1421
960 2324 1558 2498 1766
961 2027 1768 288 442
962 1762 1744 808 802
963 1280 1441 519 1644
964 1697 1215 387 1858
965 2222 2441 1093 1137
966 1822 2408 2376 999
967 1736 1889 652 167
968 2070 1144 413 1171
969 377 1846 1159 1855
970 191 2003 622 624
971 2 2048 2046 1800
972 1594 2171 301 1799
973 2227 1690 1962 2315
974 1537 1768 288 763
975 1412 1556 1413 2104
976 177 607 1890 1895
977 777 1771 20 2163
978 826 1922 1412 2110
979 2006 2318 591 2362
980 1887 1025 1007 576
981 36 1101 1840 2274
982 1071 399 146 573
983 2037 846 549 890
984 896 1796 908 343
985 2196 1844 1112 1664
986 999 2408 146 399
987 712 458 716 738
988 2065 1666 1112 1095
989 31 1654 2279 455
990 994 2086 2398 558
991 1045 399 398 2182
992 1027 1060 1069 993
993 1489 2149 640 2253
994 392 2058 1028 1066
995 146 2408 1833 1630
996 1635 1087 2480 1086
997 2376 1639 1045 1822
998 1133 1100 1663 1134
999 54 1660 1110 1837
1000 1622 1036 1017 1030
1001 325 847 355 849
1002 1573 2116 862 353
1003 487 2263 488 1559
1004 320 2040 321 243
1005 884 2039 333 1780
1006 1121 1666 1657 1112
1007 885 833 323 334
1008 2039 833 323 885
1009 1985 531 1572 354
1010 34 327 834 30
1011 323 833 2452 334
1012 2039 2040 2169 320
1013 2040 2039 2169 2452
1014 2452 323 2169 833
1015 2039 323 2169 2452
1016 2039 833 2169 323
1017 1216 1131 1207 2187
1018 1781 2041 2209 1569
1019 2039 320 243 2040
1020 885 320 243 2039
1021 10 1517 2014 1902
1022 1583 2041 1781 884
1023 393 1826 1825 551
1024 345 2034 1793 1778
1025 1114 749 273 1092
1026 87 1436 1873 503
1027 2039 885 1561 243
1028 2355 884 1781 2041
1029 1780 1574 1583 2041
1030 1792 360 2037 872
1031 1446 1445 1280 514
1032 882 840 1793 828
1033 355 827 1562 892
1034 2185 1097 1196 405
1035 1583 243 1781 2041
1036 2065 1095 1873 1666
1037 1243 364 85 904
1038 2041 2355 1569 1781
1039 1583 243 1561 885
1040 71 35 830 69
1041 1902 680 678 675
1042 378 972 953 935
1043 2041 1780 884 1583
1044 1137 16 1121 2390
1045 1583 1780 1561 1574
1046 243 1574 1561 1780
1047 1583 1574 1561 243
1048 243 2040 1561 2039
1049 1780 1574 2355 321
1050 909 1829 2273 2330
1051 1780 2039 333 2040
1052 1780 1583 333 884
1053 1561 1583 333 1780
1054 1780 2040 333 321
1055 1561 243 333 2040
1056 321 2040 333 243
1057 1561 1780 333 243
1058 321 243 333 1780
1059 2041 1780 2355 884
1060 2041 1574 2355 1780
1061 2054 1036 1017 1031
1062 2035 35 830 71
1063 403 2275 404 1650
1064 1559 2263 1930 487
1065 1666 1095 1873 1958
1066 722 2295 2424 689
1067 884 333 332 2113
1068 1096 1099 267 1648
1069 2486 330 1880 873
1070 264 1978 2266 2396
1071 2279 1654 2220 1109
1072 1096 272 267 1101
1073 749 1092 1839 273
1074 1790 1791 1930 1570
1075 1114 1138 1123 2064
1076 1791 888 830 2035
1077 2032 1783 902 1575
1078 359 1959 502 1124
1079 875 359 502 2264
1080 2454 2463 15 435
1081 1438 1095 1873 2065
1082 2065 1094 1438 1843
1083 875 2391 1115 1111
1084 1024 996 88 1823
1085 544 126 545 1435
1086 875 2264 2144 1111
1087 2132 2224 36 2063
1088 1121 1112 1657 2390
1089 94 1874 2277 508
1090 369 2117 1596 2485
1091 2481 1706 1376 302
1092 2390 16 1121 438
1093 212 1517 2014 10
1094 1664 2219 2276 1844
1095 1652 2421 1656 54
1096 1142 54 2063 359
1097 1844 438 2276 16
1098 951 1940 1544 986
1099 1119 2441 1137 1093
1100 757 1911 223 706
1101 1901 1902 678 675
1102 1003 1817 2175 1030
1103 748 473 470 471
1104 443 2027 21 444
1105 438 2441 1119 1093
1106 1103 2421 1652 54
1107 1316 80 496 1715
1108 1115 1111 506 504
1109 526 525 2359 528
1110 1439 2082 507 1091
1111 1052 1080 579 1047
1112 1243 2139 1231 1202
1113 1094 1095 1873 1438
1114 94 1439 1874 93
1115 1842 2410 1843 1136
1116 2408 998 2376 1042
1117 1125 1095 2196 89
1118 505 87 503 1436
1119 1436 1095 503 505
1120 2199 618 2253 623
1121 2086 2328 1020 1058
1122 1136 2441 1843 1842
1123 1843 2441 507 1842
1124 376 1802 1606 375
1125 1438 1437 507 2082
1126 116 419 114 2232
1127 1972 702 1861 741
1128 2047 371 17 990
1129 1073 1014 390 1042
1130 797 2030 2323 2299
1131 2488 1125 1111 501
1132 1758 1911 223 757
1133 259 215 761 474
1134 2065 1112 1093 1843
1135 1112 438 1093 1844
1136 1214 1116 1196 1207
1137 1785 845 844 857
1138 2065 438 1093 1112
1139 1843 2410 1093 1136
1140 410 1847 1856 1156
1141 410 1156 1856 1165
1142 1440 509 1091 1874
1143 1874 1439 1091 1440
1144 1440 93 1874 1439
1145 1021 1951 2057 1832
1146 14 1410 434 13
1147 1073 1639 390 1014
1148 1196 1874 2277 1097
1149 1549 2300 286 294
1150 115 1193 1449 2464
1151 990 962 2047 371
1152 1246 2131 1083 1088
1153 2195 1365 1432 2362
1154 2278 1874 2236 1718
1155 1196 508 2277 1874
1156 84 81 580 1052
1157 1137 2441 53 1838
1158 410 1848 1856 2068
1159 407 405 1694 1214
1160 1874 1097 2410 509
1161 1127 1093 90 1843
1162 975 962 2212 2047
1163 313 17 436 440
1164 1255 2139 2286 1243
1165 522 1877 110 112
1166 2047 1239 371 2212
1167 91 1215 1697 1216
1168 1612 1803 373 1597
1169 934 1941 1798 373
1170 1661 2277 1090 1113
1171 1196 1097 2277 1113
1172 2462 1437 1438 2082
1173 1136 1838 53 2441
1174 1708 437 981 982
1175 1094 2065 1438 1873
1176 1760 407 2292 729
1177 2462 1094 1438 1437
1178 1091 509 507 1842
1179 2344 2247 636 592
1180 1756 718 52 472
1181 2187 2186 53 2185
1182 748 472 470 473
1183 1517 213 732 10
1184 369 2120 1596 2117
1185 1730 2363 580 583
1186 704 2202 1423 717
1187 2120 961 1596 922
1188 10 1902 2014 675
1189 1958 1095 2221 1666
1190 2222 1666 1121 2065
1191 1128 2186 1694 2185
1192 2018 727 723 217
1193 727 694 693 1219
1194 1664 1124 2276 2219
1195 846 872 2326 2037
1196 2390 1103 1657 1652
1197 890 360 2037 2352
1198 2282 2038 862 1573
1199 214 2154 1750 681
1200 38 2203 695 2202
1201 675 678 715 213
1202 218 2203 238 1908
1203 1901 1902 675 1751
1204 1982 1421 453 451
1205 884 1583 2113 1781
1206 1901 1902 1751 2155
1207 369 2485 1596 922
1208 861 881 843 1452
1209 1133 1100 1140 1123
1210 2062 337 1129 1841
1211 2154 700 4 2019
1212 678 680 213 675
1213 1800 1607 1594 2
1214 1941 929 1803 378
1215 213 1517 212 10
1216 4 2154 214 1754
1217 981 2192 952 967
1218 434 14 1939 968
1219 675 680 10 1902
1220 214 2100 713 1522
1221 2270 956 958 1553
1222 213 1517 715 212
1223 715 1517 732 2014
1224 212 1900 2014 715
1225 715 1517 2014 212
1226 4 2019 214 2154
1227 7 429 1979 430
1228 918 2120 1601 2117
1229 2431 2189 1963 1152
1230 942 915 368 977
1231 1810 970 1943 915
1232 2014 1900 732 715
1233 1190 1166 2227 1690
1234 939 58 370 967
1235 922 1593 1596 369
1236 1682 1877 522 112
1237 1680 2380 303 420
1238 1472 606 1486 642
1239 1697 529 1818 387
1240 1618 913 2460 1614
1241 1409 14 2076 968
1242 981 2043 379 437
1243 1519 724 737 2022
1244 1159 1148 2070 2069
1245 2405 380 1616 976
1246 26 771 1417 1775
1247 1596 1593 912 369
1248 1906 687 2019 732
1249 2307 943 1948 1944
1250 1168 1172 418 1857
1251 427 6 914 957
1252 1978 3 2266 425
1253 2066 2232 1157 92
1254 2136 1183 1155 1674
1255 2464 419 114 116
1256 2164 791 788 2107
1257 820 1801 933 947
1258 309 11 433 8
1259 687 1900 732 1906
1260 1603 1601 972 929
1261 928 0 979 971
1262 375 915 942 977
1263 1601 2120 1603 935
1264 1805 1598 1592 1608
1265 0 980 979 930
1266 1941 935 373 934
1267 1597 1803 942 915
1268 2117 918 934 1601
1269 781 793 449 2284
1270 373 2499 1798 934
1271 1731 2131 1046 1015
1272 2123 2045 950 2052
1273 2171 2 1594 989
1274 1088 2420 117 1645
1275 942 368 1606 970
1276 378 1612 953 1803
1277 934 935 373 1601
1278 1601 918 1603 2120
1279 929 918 1603 1601
1280 1601 935 373 1612
1281 378 935 373 1941
1282 961 918 1941 2485
1283 1612 2499 373 977
1284 934 918 1941 929
1285 1941 929 378 972
1286 922 2120 961 2485
1287 929 918 961 1603
1288 2485 2120 961 2117
1289 2485 2117 961 918
1290 918 2120 961 1603
1291 918 2117 961 2120
1292 970 1599 1943 1606
1293 942 1803 368 915
1294 1615 926 423 2118
1295 919 1978 2306 425
1296 2304 991 941 910
1297 1761 218 1908 2203
1298 2171 1615 423 931
1299 1612 378 373 1803
1300 1906 1900 732 2014
1301 1803 378 1597 1941
1302 934 1601 1941 935
1303 929 1601 1941 934
1304 929 935 1941 1601
1305 972 935 1941 929
1306 1047 579 1070 1078
1307 0 913 2460 930
1308 376 1599 1606 1802
1309 1185 2430 2314 1969
1310 1612 935 373 378
1311 1184 2380 305 1680
1312 916 957 956 1804
1313 1597 375 1798 2499
1314 911 1606 1943 1599
1315 1803 915 953 378
1316 1599 1802 911 1606
1317 1597 915 942 375
1318 1943 944 930 1598
1319 575 2312 576 1403
1320 1940 986 951 2306
1321 424 1613 956 943
1322 1280 1446 512 389
1323 935 1612 953 378
1324 373 1612 1798 2499
1325 1597 1612 1798 373
1326 1597 2499 1798 1612
1327 373 1941 1798 378
1328 1597 378 1798 1941
1329 436 982 819 937
1330 373 378 1798 1803
1331 1597 1803 1798 378
1332 373 1803 1798 1597
1333 375 977 1606 376
1334 953 970 18 1810
1335 375 977 953 915
1336 1612 977 953 375
1337 1803 1612 953 1597
1338 1597 915 953 1803
1339 1597 375 953 915
1340 1597 1612 953 2499
1341 375 2499 953 1612
1342 1597 2499 953 375
1343 1618 928 924 1805
1344 18 1802 1605 911
1345 2121 2171 2172 2
1346 1869 2121 423 931
1347 945 2121 423 1869
1348 1615 2118 423 931
1349 368 915 1943 970
1350 790 1865 1974 285
1351 1805 913 1608 928
1352 1810 970 18 1943
1353 953 1612 970 977
1354 1599 977 970 1612
1355 368 915 970 977
1356 953 970 1810 915
1357 1599 1802 18 911
1358 809 2107 789 791
1359 376 977 970 1599
1360 773 671 293 782
1361 942 368 911 1606
1362 368 977 970 942
1363 970 1599 1606 376
1364 1614 928 924 1618
1365 944 1598 1592 978
1366 1553 1940 1544 951
1367 1943 1598 1592 944
1368 1598 913 930 980
1369 1943 1810 1592 911
1370 681 1754 1758 2100
1371 368 970 1943 1606
1372 368 1606 1943 911
1373 911 1810 18 1943
1374 1943 970 18 1599
1375 1670 1686 2228 1681
1376 1940 1799 921 1800
1377 971 913 0 930
1378 914 1 426 427
1379 1906 2014 732 1517
1380 765 1542 283 817
1381 945 919 2046 1869
1382 1598 944 930 971
1383 978 1598 924 944
1384 1605 1810 1592 978
1385 1369 1977 1394 1392
1386 1911 1754 1530 750
1387 2171 931 423 2121
1388 1680 312 303 2380
1389 1943 911 1592 1598
1390 1520 2023 235 733
1391 1517 10 732 1906
1392 930 971 979 0
1393 978 1810 924 18
1394 2069 1846 1159 2229
1395 213 1517 732 715
1396 1602 1800 921 1799
1397 971 1598 928 913
1398 944 1598 928 971
1399 2050 986 2048 2396
1400 824 787 765 817
1401 690 1900 1750 2154
1402 522 112 110 2492
1403 5 1 955 426
1404 778 670 782 800
1405 1615 2118 989 926
1406 2121 945 423 2171
1407 2100 1754 1758 1522
1408 1979 428 987 946
1409 1911 1522 1758 1754
1410 911 1802 1605 1606
1411 1600 2396 1544 1940
1412 1509 698 736 751
1413 28 2077 1983 453
1414 2022 701 39 2153
1415 1855 2229 2281 377
1416 2050 1595 2048 425
1417 1614 1618 924 978
1418 986 425 2050 1607
1419 978 944 924 1810
1420 979 980 1615 930
1421 930 971 1615 979
1422 311 950 1948 306
1423 1186 522 2492 112
1424 960 5 2052 955
1425 931 980 1615 2118
1426 979 2118 1615 980
1427 928 913 1614 971
1428 2172 2171 2048 2
1429 1940 2396 1544 986
1430 2121 1615 2171 931
1431 1611 1811 2267 991
1432 695 750 238 38
1433 1870 2140 23 449
1434 2121 931 1869 1595
1435 690 213 732 715
1436 38 2203 2202 717
1437 2121 1615 2172 2171
1438 2050 2396 2048 2172
1439 2099 56 2293 476
1440 1190 1846 420 1690
1441 2050 425 2266 1595
1442 301 1799 2119 925
1443 1758 1911 1530 1905
1444 4 1754 1522 2154
1445 1956 366 1118 1117
1446 1761 2203 1908 2370
1447 986 2396 1544 264
1448 5 2123 2052 955
1449 414 1675 2392 2314
1450 1802 375 1605 1606
1451 2306 919 921 2046
1452 814 771 825 1417
1453 1869 1595 2172 2121
1454 264 3 1531 2266
1455 1650 1117 1655 404
1456 214 1754 1522 4
1457 426 914 5 1
1458 2172 1595 2048 2050
1459 2172 919 2048 1595
1460 425 1595 2048 919
1461 1531 3 424 1613
1462 1613 943 424 1531
1463 1800 1602 2046 1594
1464 979 926 989 2118
1465 1768 444 2027 2360
1466 2050 1595 2266 2121
1467 1507 1505 712 233
1468 2266 3 1531 1613
1469 979 1614 925 2460
1470 1620 1185 1853 1153
1471 928 971 1614 0
1472 0 971 1614 913
1473 264 1978 927 1531
1474 414 1153 1162 1675
1475 420 312 303 1680
1476 979 2118 989 1615
1477 468 50 2466 467
1478 965 266 952 380
1479 1910 686 234 734
1480 2396 2050 1531 943
1481 2266 2050 1531 2396
1482 424 1531 958 927
1483 957 6 914 916
1484 798 811 766 1548
1485 696 745 2201 2387
1486 911 1606 1592 1598
1487 1605 1606 1592 911
1488 1805 1608 1592 1605
1489 978 1805 1592 1605
1490 1605 911 1592 1810
1491 1599 977 2044 376
1492 2046 1800 921 1602
1493 1598 913 1805 928
1494 2069 1846 413 2070
1495 1805 1802 2044 376
1496 1608 913 1618 928
1497 1608 928 1618 1805
1498 1848 2068 410 2392
1499 921 1800 951 1940
1500 978 1805 2044 1618
1501 1618 1805 924 978
1502 1542 450 283 1420
1503 1534 1474 1555 1765
1504 1537 670 288 778
1505 1602 945 2046 2121
1506 0 979 1614 989
1507 103 1152 1963 2189
1508 1608 1802 1605 1805
1509 2048 1607 1800 2
1510 1602 2171 1594 1799
1511 446 1416 22 1414
1512 2046 2048 921 1800
1513 2360 444 2027 442
1514 769 166 174 162
1515 376 1802 2044 1599
1516 1614 1618 925 2460
1517 1799 1800 925 301
1518 945 2171 1594 1602
1519 1557 2324 1772 801
1520 174 1919 2261 166
1521 1805 978 2044 1605
1522 1799 1800 301 1594
1523 1598 913 1592 1608
1524 1969 1849 112 1185
1525 928 1810 924 944
1526 1685 1965 414 1683
1527 18 911 1605 1810
1528 978 18 924 1599
1529 1614 0 924 928
1530 928 18 924 1810
1531 957 306 1 2123
1532 690 1900 732 687
1533 1922 2105 1533 816
1534 638 601 141 1892
1535 928 1598 924 1805
1536 1592 1805 924 1598
1537 978 1805 924 1592
1538 1592 1598 924 978
1539 784 2029 2298 1923
1540 2160 1921 2298 1923
1541 1599 18 2044 978
1542 1599 1802 2044 18
1543 1605 18 2044 1802
1544 2437 2206 1764 795
1545 1605 978 2044 1810
1546 18 1810 2044 978
1547 1605 1810 2044 18
1548 822 282 781 1420
1549 780 812 818 779
1550 2229 1148 1159 2069
1551 1764 1414 22 795
1552 1608 913 2460 1618
1553 1594 2 2046 1800
1554 823 814 1419 771
1555 1769 2348 1767 1541
1556 1159 2069 2070 1846
1557 21 778 2472 800
1558 2374 1321 804 277
1559 979 2118 2460 926
1560 2133 312 2492 420
1561 1614 913 2460 0
1562 2046 919 921 2048
1563 1980 793 23 449
1564 1944 943 958 985
1565 988 2122 1610 974
1566 921 2306 1600 1940
1567 773 805 293 2112
1568 2306 1607 921 2048
1569 2472 800 291 799
1570 1602 2121 1594 945
1571 945 2121 1594 2171
1572 1190 1166 2380 1680
1573 1869 919 2046 1595
1574 1618 2460 2119 925
1575 2048 425 2306 1607
1576 919 425 2306 2048
1577 986 1607 2306 425
1578 315 1977 1394 211
1579 1600 1978 927 264
1580 797 1321 2323 2374
1581 2050 986 2306 425
1582 2396 986 2306 2050
1583 2266 425 2306 1978
1584 2266 1978 2306 2396
1585 1594 989 301 2171
1586 1418 450 2373 1420
1587 2266 2050 2306 425
1588 2396 2050 2306 2266
1589 983 968 740 966
1590 2460 926 925 979
1591 921 2306 951 1607
1592 301 1618 925 1614
1593 26 1420 450 822
1594 925 1805 2119 1618
1595 1769 790 2348 1974
1596 2300 2323 1920 1549
1597 698 1761 1509 710
1598 2460 926 2119 925
1599 314 1807 2170 941
1600 1800 1607 951 1594
1601 1618 1608 2119 2460
1602 1200 1584 1197 1206
1603 2270 1804 306 1617
1604 2172 1595 2046 919
1605 2172 1869 2046 1595
1606 1594 1602 2046 2121
1607 1594 2121 2046 2
1608 2172 2 2046 2121
1609 2172 2121 2046 1869
1610 2048 2172 2046 919
1611 2 2172 2046 2048
1612 989 979 925 926
1613 1614 989 925 301
1614 1614 979 925 989
1615 810 775 1774 814
1616 1190 1166 420 1170
1617 2046 945 2119 926
1618 1602 945 2119 2046
1619 925 926 2119 301
1620 2171 1799 2119 301
1621 2171 1602 2119 1799
1622 423 926 2119 945
1623 2171 945 2119 1602
1624 423 945 2119 2171
1625 423 1615 2119 926
1626 2171 1615 2119 423
1627 989 926 2119 1615
1628 301 926 2119 989
1629 989 2171 2119 301
1630 989 1615 2119 2171
1631 1352 1330 381 1868
1632 1940 2306 1600 2396
1633 1978 2396 1600 2306
1634 377 1190 1855 1170
1635 951 986 1544 1607
1636 264 2396 1600 1978
1637 651 190 1745 1479
1638 1022 2131 1083 2467
1639 2493 1644 1973 1273
1640 424 6 956 1613
1641 946 428 430 1979
1642 2269 9 316 948
1643 306 1804 2123 957
1644 2380 1170 303 420
1645 927 1600 2270 956
1646 1600 1804 2270 956
1647 1415 1416 24 1980
1648 424 3 927 1978
1649 1531 3 927 424
1650 1531 1978 927 3
1651 2395 1395 1381 1393
1652 249 2482 1298 1264
1653 15 440 990 313
1654 960 1808 1942 932
1655 453 1422 454 28
1656 950 2052 1948 2307
1657 1763 818 823 814
1658 1 306 5 2123
1659 957 2123 1 1808
1660 946 1979 430 1809
1661 957 1 914 427
1662 1808 946 955 1
1663 7 1809 297 12
1664 1809 946 1808 430
1665 5 957 950 306
1666 983 435 939 2043
1667 1447 1690 1962 2227
1668 2031 975 917 1773
1669 1235 1267 1248 2051
1670 2443 1809 297 7
1671 711 47 746 46
1672 755 946 987 960
1673 1649 335 404 1658
1674 1813 969 923 988
1675 960 2052 987 755
1676 2014 1517 1906 687
1677 956 943 958 424
1678 1407 7 1979 1811
1679 426 1 955 427
1680 1758 1522 713 2100
1681 933 947 1591 11
1682 950 5 1948 957
1683 755 1809 932 319
1684 1813 2043 370 969
1685 1 957 5 306
1686 914 957 5 1
1687 965 266 475 1812
1688 2018 1527 693 2478
1689 2020 257 60 2369
1690 1131 2335 1207 1220
1691 1812 1806 436 920
1692 434 1801 1939 13
1693 433 11 1591 947
1694 965 2192 952 475
1695 7 1979 1811 1809
1696 991 910 984 1611
1697 1222 261 1225 263
1698 1946 309 923 2268
1699 950 1807 949 2045
1700 2235 432 1591 1408
1701 414 1685 1683 1153
1702 2269 9 948 1945
1703 2235 11 1591 432
1704 221 1610 959 1945
1705 221 910 984 991
1706 1553 985 958 2270
1707 7 1809 1811 2443
1708 948 9 316 297
1709 1407 7 429 1979
1710 430 1809 7 12
1711 1522 2019 713 214
1712 1708 475 952 981
1713 228 2123 1942 2052
1714 1285 2356 1288 1229
1715 2314 1675 2392 2339
1716 2133 312 420 1682
1717 2315 1166 2227 1190
1718 923 309 1552 2268
1719 1807 1617 311 1804
1720 1811 431 954 1611
1721 1811 1611 954 7
1722 2463 14 2454 1410
1723 2222 2441 90 1093
1724 318 1673 1850 1688
1725 440 982 436 937
1726 1183 318 2000 1688
1727 947 11 933 8
1728 8 309 933 2268
1729 954 947 12 9
1730 2454 435 1813 14
1731 947 2268 933 820
1732 820 2268 933 13
1733 8 11 933 309
1734 433 432 1591 11
1735 1408 432 1591 433
1736 1408 433 1591 431
1737 9 431 1591 433
1738 954 947 9 1591
1739 954 431 1591 9
1740 1408 431 1591 954
1741 2430 1685 2392 2314
1742 2238 1182 1962 1174
1743 113 1878 523 1449
1744 1185 1153 1620 2430
1745 2464 1176 114 2232
1746 308 1179 1184 1680
1747 106 2319 107 2227
1748 512 389 2146 2382
1749 933 13 434 11
1750 940 910 941 314
1751 1166 2315 2227 1671
1752 1280 514 512 1446
1753 1015 1076 1731 1647
1754 1675 2430 1853 1158
1755 1865 764 790 2402
1756 1849 1158 114 2464
1757 1680 1671 420 1186
1758 1169 1170 1164 303
1759 1179 1185 1186 1620
1760 522 1448 113 1877
1761 1845 1145 1191 1677
1762 2315 1846 1190 1690
1763 996 1039 1988 1055
1764 686 1755 734 1916
1765 1671 1682 2227 2319
1766 1690 1671 420 1166
1767 1166 1671 2227 1690
1768 1974 290 274 2024
1769 1853 2430 1162 1153
1770 1689 101 1962 2238
1771 1682 522 1186 112
1772 1321 274 767 2299
1773 377 1846 1855 1190
1774 1769 2300 772 1549
1775 1628 1639 1014 1067
1776 817 775 765 1542
1777 113 522 523 1448
1778 1158 1969 1853 1185
1779 790 2300 1769 1549
1780 1855 377 2281 1159
1781 413 1171 1178 1851
1782 2227 1671 2133 1690
1783 1186 312 2492 1682
1784 2300 290 1769 294
1785 1159 377 2281 2229
1786 377 2229 1159 1846
1787 112 1158 110 2492
1788 26 823 1419 822
1789 1182 2315 377 1190
1790 1190 2315 377 1846
1791 1169 2380 303 312
1792 2319 1671 2133 2227
1793 2133 2319 1679 1682
1794 1170 1190 1855 1846
1795 1170 1846 420 1190
1796 92 116 2232 2134
1797 2380 312 1169 1680
1798 1855 1148 2281 2229
1799 1166 1671 1680 1179
1800 1446 520 1875 516
1801 1963 1152 1161 2431
1802 1682 1671 2133 2319
1803 74 1462 78 143
1804 210 2436 512 1446
1805 495 75 494 1430
1806 1186 1671 420 1682
1807 1184 308 305 1853
1808 1168 1191 2444 2135
1809 1179 1671 1680 1186
1810 814 1540 825 771
1811 2430 1153 414 1675
1812 1680 1179 420 312
1813 781 793 1925 449
1814 1682 312 420 1186
1815 1189 409 1847 1165
1816 2374 277 797 1321
1817 522 1877 1854 110
1818 1680 2380 305 1169
1819 1235 2051 1814 1604
1820 1965 1853 305 308
1821 1184 1853 305 1965
1822 1186 312 420 1179
1823 1170 2229 1855 377
1824 966 969 1813 988
1825 1184 1680 305 308
1826 2299 277 2323 797
1827 1774 775 2262 2165
1828 1920 1549 286 294
1829 2362 1365 1432 278
1830 1159 2229 2281 1148
1831 279 1852 1699 104
1832 387 1697 1023 1818
1833 1167 1163 1672 25
1834 1690 1846 2069 2315
1835 2229 1851 2069 1182
1836 420 1846 2069 1690
1837 1675 2430 1158 1969
1838 377 2315 2069 1846
1839 1182 2315 2069 377
1840 377 1846 2069 2229
1841 377 2229 2069 1182
1842 1171 1148 2070 1144
1843 2140 1418 449 781
1844 1148 2229 2070 2069
1845 1148 1171 2070 2229
1846 2070 1171 413 2229
1847 2070 2229 413 2069
1848 1174 1690 1962 1447
1849 2229 1851 413 2069
1850 2229 1171 413 1851
1851 1545 1542 283 765
1852 2165 775 2262 787
1853 1818 2073 1023 387
1854 512 2145 1989 511
1855 414 2339 2392 1675
1856 2012 1947 932 2170
1857 1853 1965 1683 1162
1858 2139 1202 1243 1258
1859 1549 1422 27 2161
1860 528 525 2359 524
1861 1818 1255 1023 1231
1862 1685 1153 414 2430
1863 1214 1238 2405 2455
1864 2241 95 641 98
1865 2349 1293 290 2381
1866 113 1678 1449 1193
1867 2077 1982 1983 453
1868 100 1644 510 1023
1869 110 2133 1679 1682
1870 764 2402 1314 1296
1871 2392 2068 372 1848
1872 1604 1239 1814 2356
1873 1248 1156 2067 1669
1874 2073 1209 1858 2072
1875 1853 1620 1683 1965
1876 414 2068 1856 1685
1877 2454 440 15 437
1878 409 2339 1165 1189
1879 764 415 1296 1293
1880 2051 1267 1248 2067
1881 1239 371 1604 2051
1882 1270 371 1604 1239
1883 1185 2430 1853 1153
1884 1189 1165 1847 92
1885 1549 2402 790 2300
1886 2492 1682 110 522
1887 1865 1310 1326 2402
1888 1535 2402 1326 1310
1889 2447 2362 1349 2195
1890 975 964 1616 2124
1891 2241 513 641 95
1892 1775 1982 1417 26
1893 1920 797 2109 452
1894 1669 2066 408 92
1895 514 95 1501 98
1896 512 97 1990 1442
1897 1647 2131 1731 1015
1898 2464 2232 114 419
1899 1947 319 932 2170
1900 2314 2430 414 1675
1901 1685 2430 414 2314
1902 1549 764 2402 2300
1903 414 1153 1683 1162
1904 1849 1969 114 1158
1905 303 312 308 1169
1906 812 779 780 28
1907 1466 1076 586 1015
1908 1731 1076 1997 2494
1909 1243 1202 1231 364
1910 1675 1153 1162 2430
1911 380 2192 952 965
1912 988 966 740 968
1913 1446 1535 512 1288
1914 1682 522 2492 1186
1915 1675 2430 1162 1853
1916 411 108 1191 1192
1917 2133 1682 2492 312
1918 13 1801 1939 933
1919 109 522 523 113
1920 1680 312 308 1179
1921 1169 312 308 1680
1922 1430 1306 1262 1320
1923 1865 1293 2381 285
1924 112 1185 2492 1186
1925 1185 1158 2492 1853
1926 1185 112 2492 1158
1927 1186 1185 2492 1620
1928 780 1775 2109 1540
1929 1620 1185 2492 1853
1930 1186 1179 2492 312
1931 1620 1179 2492 1186
1932 1433 2494 1731 2420
1933 1877 1849 110 112
1934 1877 1176 110 1849
1935 1158 1849 110 1176
1936 112 1849 110 1158
1937 1678 1193 115 2464
1938 2454 936 15 1801
1939 2006 1350 1349 591
1940 113 1877 1854 522
1941 110 1877 1854 1176
1942 1877 1849 2464 1878
1943 419 1176 2464 2232
1944 1158 1176 2464 1849
1945 414 1685 2392 2068
1946 2238 2227 1962 2315
1947 1679 2319 109 1682
1948 522 1682 109 2319
1949 1679 1682 109 522
1950 113 1679 109 1854
1951 1854 522 109 113
1952 1854 110 109 522
1953 1679 110 109 1854
1954 1679 522 109 110
1955 1965 1620 1184 1853
1956 308 312 1184 1179
1957 1853 1153 1683 1620
1958 1162 1153 1683 1853
1959 305 1965 1683 1184
1960 2492 1853 1184 1620
1961 2492 1179 1184 312
1962 1620 1179 1184 2492
1963 1853 312 1184 308
1964 2492 312 1184 1853
1965 1832 1049 2057 588
1966 1083 2131 1046 1088
1967 2392 2314 409 1848
1968 2361 1916 684 1910
1969 1165 1156 1856 372
1970 1156 1847 1669 1165
1971 409 2339 417 2314
1972 387 1697 1081 1023
1973 436 1806 1411 2433
1974 1856 410 2067 1669
1975 2124 920 975 964
1976 1619 2124 1698 964
1977 1156 1847 1856 1669
1978 1084 1054 1083 2467
1979 2392 2068 410 414
1980 2339 1189 92 1165
1981 1158 1675 417 2232
1982 1158 2232 417 114
1983 414 2339 410 2392
1984 1267 1235 1701 1604
1985 100 2493 1023 1818
1986 2067 2068 1856 372
1987 410 1165 1856 1848
1988 414 1675 410 2339
1989 1669 92 408 1847
1990 2237 2382 2146 2317
1991 2484 1973 100 1255
1992 1668 2187 1131 1136
1993 1678 1193 1720 115
1994 2237 2473 526 2382
1995 116 2232 525 419
1996 2339 2232 2066 92
1997 1858 1644 1697 1446
1998 2339 415 1267 1296
1999 1848 1165 372 1156
2000 1188 1235 2335 1132
2001 2392 2339 410 1848
2002 1248 372 2067 1156
2003 973 2454 1813 14
2004 285 1288 1974 1309
2005 963 938 917 1773
2006 1235 1604 1814 1701
2007 409 1189 417 2339
2008 410 2068 1856 414
2009 1848 1165 1856 372
2010 2335 1814 1226 1235
2011 2232 1189 417 114
2012 1267 1235 1604 2051
2013 1773 2491 819 1609
2014 872 353 1581 2116
2015 1718 1874 1717 2278
2016 1238 1619 2405 2455
2017 2193 421 2473 389
2018 694 2412 1860 2455
2019 1156 1165 410 1847
2020 1818 1973 1023 1255
2021 1165 409 410 2339
2022 1848 409 410 1165
2023 1848 2339 410 409
2024 1856 1156 2067 372
2025 1165 92 410 1847
2026 1165 2339 410 92
2027 1818 1255 100 1973
2028 370 379 981 2043
2029 1847 92 410 1669
2030 2066 92 410 2339
2031 1669 92 410 2066
2032 1279 1300 1700 422
2033 939 967 2192 58
2034 2018 727 693 1527
2035 975 920 976 1806
2036 114 1849 417 1969
2037 99 1674 2444 2136
2038 962 1604 1270 371
2039 1083 1088 1046 1645
2040 1669 1248 408 2067
2041 1293 764 790 1865
2042 2047 1806 2212 975
2043 2382 1280 2146 512
2044 91 1220 1207 2335
2045 1235 1267 1188 2074
2046 91 2335 1207 1226
2047 1874 93 508 94
2048 964 2212 2405 1698
2049 2335 1668 1131 1226
2050 2412 1861 246 702
2051 960 946 955 1808
2052 1235 1267 1701 1296
2053 415 1296 1701 1267
2054 409 2314 417 1969
2055 415 1293 2349 1296
2056 2030 2349 290 2381
2057 937 982 819 1547
2058 2381 1293 290 285
2059 2200 2205 688 2477
2060 1224 1188 408 1669
2061 285 2030 290 2381
2062 2047 962 2212 371
2063 734 686 730 2021
2064 1773 313 2031 990
2065 1216 1229 1288 2356
2066 380 266 1609 920
2067 2051 1239 1814 1604
2068 1188 2074 2335 1235
2069 2339 2232 2473 2066
2070 91 1215 1207 1220
2071 435 15 2043 437
2072 2381 1535 2349 1865
2073 437 982 1708 440
2074 313 936 15 1547
2075 2047 2433 436 17
2076 440 937 436 313
2077 1224 1132 91 1226
2078 720 722 465 689
2079 1669 1156 2074 1248
2080 2074 1248 1188 1669
2081 729 405 1694 407
2082 2441 1131 2187 1136
2083 973 820 1552 2268
2084 917 962 803 938
2085 1492 603 172 645
2086 15 1547 440 313
2087 941 940 1947 2304
2088 759 1756 470 748
2089 1214 405 1694 1695
2090 525 2134 1157 2232
2091 278 1320 1432 2362
2092 371 1239 2305 2212
2093 2051 1235 1814 1239
2094 2491 1812 1609 952
2095 2352 2326 2037 846
2096 1880 546 1568 545
2097 2478 727 217 1514
2098 952 981 1609 2491
2099 1273 1644 1209 1446
2100 975 2356 2212 2305
2101 2187 2186 1694 1131
2102 2185 2186 1694 2187
2103 1958 1090 1659 1661
2104 2066 2473 526 2237
2105 1231 1973 1023 2073
2106 1158 2314 417 1675
2107 1697 1818 389 1023
2108 2074 410 1188 1248
2109 1439 2082 1090 507
2110 1266 1252 2334 225
2111 2335 1235 1226 1132
2112 1188 1248 408 1669
2113 1226 1235 1224 1132
2114 100 1644 1023 2493
2115 1158 1969 417 2314
2116 1132 2335 91 1226
2117 1132 1220 91 2335
2118 1224 1220 91 1132
2119 387 1644 1081 1697
2120 1859 1229 1619 1214
2121 1132 1235 1224 1188
2122 1235 1267 1224 1188
2123 2232 2339 417 1189
2124 1838 1207 2186 53
2125 2278 1874 1717 508
2126 91 1220 2278 1215
2127 1858 1644 387 1697
2128 362 1210 1208 1217
2129 1132 2410 2236 1668
2130 1280 510 2382 1441
2131 508 1874 1717 93
2132 1267 410 1224 1188
2133 115 525 2359 419
2134 526 1967 2359 525
2135 1055 1021 1634 86
2136 1433 2131 1731 1076
2137 2066 2393 421 408
2138 585 1633 1403 2312
2139 117 529 1818 1645
2140 790 1974 772 2348
2141 1220 1131 2236 2278
2142 114 1969 417 1158
2143 2493 1644 1023 1973
2144 1023 1644 1081 2073
2145 1132 1668 2236 2335
2146 2335 1220 2236 1132
2147 508 1874 2236 2278
2148 1874 509 2236 1718
2149 693 694 2292 1760
2150 2335 1668 2236 1131
2151 1131 1220 2236 2335
2152 2410 1874 2236 1668
2153 2410 509 2236 1874
2154 509 2410 2236 1842
2155 1535 1310 2349 2402
2156 507 1127 1661 1090
2157 1207 2186 1694 1695
2158 2405 371 422 1270
2159 2067 1248 408 410
2160 410 1669 408 2067
2161 410 2066 408 1669
2162 2484 1645 117 2420
2163 2145 512 1989 2146
2164 400 996 1024 1010
2165 1531 264 958 927
2166 732 687 2019 700
2167 888 35 2035 1791
2168 434 14 2076 1410
2169 2035 2115 830 35
2170 13 14 1939 434
2171 440 437 436 1708
2172 13 1410 1939 14
2173 1939 1410 2454 14
2174 968 1801 1939 434
2175 1812 982 2491 436
2176 968 14 1939 1801
2177 14 968 1409 435
2178 2454 2463 437 15
2179 2307 5 1948 950
2180 2433 1709 436 17
2181 1955 1654 1104 1133
2182 1812 436 1411 439
2183 1708 1812 2491 475
2184 2047 1806 436 2433
2185 965 939 2192 58
2186 2454 1801 15 1939
2187 435 14 2463 1409
2188 990 936 15 313
2189 689 2295 720 722
2190 1285 1229 1288 1619
2191 17 1806 436 2047
2192 937 1547 440 982
2193 988 968 740 1946
2194 990 313 440 17
2195 437 982 440 1547
2196 427 6 426 914
2197 5 2123 955 1
2198 437 1547 440 15
2199 15 437 379 2043
2200 440 17 436 1709
2201 1133 1955 1663 1098
2202 440 1709 436 441
2203 1522 1754 1911 2154
2204 1098 1100 1663 1133
2205 2194 1753 2159 714
2206 440 441 436 437
2207 1812 982 436 1708
2208 1708 982 436 440
2209 939 58 740 983
2210 438 1136 2441 1093
2211 981 58 370 2043
2212 30 327 326 34
2213 17 920 436 1806
2214 436 441 439 437
2215 436 437 439 1708
2216 1708 1812 439 436
2217 1104 1654 2220 1135
2218 435 437 2043 1708
2219 262 1237 1264 1245
2220 2012 755 932 1947
2221 1708 981 952 2491
2222 2421 2276 1652 1124
2223 939 2043 969 370
2224 370 379 2043 1813
2225 1 2123 955 1808
2226 960 1808 955 2123
2227 2203 750 38 1908
2228 687 2014 1749 1906
2229 226 216 2294 1912
2230 916 957 427 1
2231 916 6 427 957
2232 950 2052 2307 5
2233 46 721 2079 463
2234 690 715 732 1900
2235 751 750 695 752
2236 31 1654 29 2279
2237 1956 335 404 1649
2238 700 732 4 2019
2239 2154 1900 1750 1754
2240 1758 1911 1905 223
2241 690 700 1750 687
2242 1911 1522 713 1758
2243 1905 757 2203 713
2244 681 1754 1530 1758
2245 1905 1911 1530 223
2246 681 1758 1530 1905
2247 681 2100 1750 214
2248 2154 700 1522 4
2249 681 1754 214 2154
2250 2100 1754 214 681
2251 4 2019 1899 1522
2252 1911 1522 1899 713
2253 1911 1522 706 1899
2254 2100 681 1905 1758
2255 1905 750 2203 1523
2256 2100 1754 1522 214
2257 4 2019 1522 214
2258 2491 1812 952 475
2259 2370 223 1908 218
2260 1522 4 706 1899
2261 2019 713 757 1899
2262 713 1911 757 1899
2263 1758 1911 757 713
2264 740 2122 959 221
2265 1036 1830 1064 1819
2266 1908 218 1509 238
2267 2122 1610 959 221
2268 717 38 695 2202
2269 733 43 746 1520
2270 1911 1899 706 757
2271 2203 750 1908 2370
2272 1809 1979 987 946
2273 752 717 707 695
2274 1946 433 959 740
2275 2269 940 314 316
2276 1911 1522 223 706
2277 960 946 987 428
2278 886 486 2501 888
2279 1509 238 736 1908
2280 710 698 736 1509
2281 706 1899 1523 757
2282 706 757 1523 223
2283 223 218 1523 706
2284 1512 458 1516 1511
2285 1611 910 984 2269
2286 15 936 2327 1547
2287 38 750 238 1908
2288 1526 220 224 744
2289 1761 757 2203 1523
2290 1905 1523 2203 757
2291 757 1758 1905 223
2292 2401 1507 457 458
2293 757 223 1905 1523
2294 713 1758 1905 757
2295 707 751 1506 704
2296 736 751 704 238
2297 1530 750 2370 1911
2298 1530 1911 2370 223
2299 735 703 1512 2255
2300 920 2124 266 964
2301 1758 2203 1905 38
2302 1530 1905 2370 750
2303 223 1905 2370 1530
2304 2270 985 958 943
2305 1523 750 2370 1905
2306 1905 223 2370 1523
2307 767 296 1548 1321
2308 1758 2203 713 1905
2309 223 218 2370 1523
2310 1905 750 38 2203
2311 1509 751 736 238
2312 2203 750 2370 1523
2313 2203 1523 2370 1761
2314 698 751 1509 752
2315 1523 1761 1908 2370
2316 1523 218 1908 1761
2317 2370 218 1908 1523
2318 704 37 1506 707
2319 1908 750 238 2370
2320 38 2203 238 695
2321 220 2202 1423 704
2322 226 40 2386 459
2323 461 1759 42 1424
2324 2016 1423 2153 37
2325 1511 2258 1516 227
2326 1923 2403 1921 2350
2327 38 1908 238 2203
2328 751 750 238 695
2329 311 1807 1948 950
2330 752 751 238 695
2331 2013 1510 224 1526
2332 695 238 1509 698
2333 1530 750 695 1905
2334 38 1905 695 750
2335 220 2202 704 736
2336 717 2202 695 752
2337 698 2202 224 220
2338 707 37 1506 2016
2339 1912 1507 712 747
2340 2202 717 751 752
2341 828 122 1793 537
2342 710 1509 736 220
2343 2202 2203 698 1761
2344 960 755 932 2012
2345 820 1547 973 936
2346 7 1611 991 1811
2347 752 751 1509 238
2348 2016 695 707 717
2349 704 220 744 1506
2350 40 1524 2201 2387
2351 703 735 1519 2255
2352 695 752 1509 238
2353 752 751 1506 707
2354 695 2202 698 752
2355 2406 8 1552 309
2356 1946 988 923 974
2357 695 2203 698 2202
2358 238 2203 698 695
2359 701 707 1506 2016
2360 1238 1619 1698 2405
2361 1761 1523 710 698
2362 1761 218 710 1523
2363 698 2203 1509 1761
2364 238 2203 1509 698
2365 218 2203 1509 238
2366 218 1761 1509 2203
2367 1337 1335 1346 2481
2368 710 698 224 220
2369 319 1809 932 2443
2370 2015 2257 1510 1513
2371 2016 707 2022 701
2372 936 1801 973 820
2373 2202 751 736 698
2374 2202 717 736 751
2375 698 710 736 220
2376 220 2202 736 698
2377 2019 700 1749 214
2378 2201 1524 2386 747
2379 2477 689 465 722
2380 1906 1900 1749 687
2381 717 752 707 751
2382 37 2016 707 717
2383 704 736 707 751
2384 717 751 707 736
2385 1423 704 707 37
2386 1423 717 707 704
2387 37 717 707 1423
2388 704 717 707 2202
2389 736 2202 707 717
2390 704 2202 707 736
2391 2255 2257 1512 735
2392 433 9 948 1591
2393 327 836 326 895
2394 2052 960 987 5
2395 37 1423 1506 2016
2396 704 1423 1506 37
2397 710 220 224 1510
2398 2013 2015 224 1510
2399 1945 1610 923 2049
2400 2122 433 1610 974
2401 712 2258 716 1516
2402 1423 220 224 2202
2403 940 910 2269 2049
2404 974 309 923 1946
2405 1526 1510 224 220
2406 2491 475 952 1708
2407 941 2045 2170 1947
2408 735 2257 1510 2015
2409 1809 946 987 755
2410 2043 1813 379 435
2411 701 2153 2013 744
2412 1920 772 286 1767
2413 2016 2153 2013 701
2414 2016 1423 2013 2153
2415 744 1506 2013 701
2416 1708 982 2491 1812
2417 380 967 952 2192
2418 740 433 2122 1946
2419 1506 1423 2013 2016
2420 1506 2016 2013 701
2421 724 1710 1513 2015
2422 2015 2257 1513 724
2423 960 428 987 1979
2424 1510 220 1526 1513
2425 744 704 1526 220
2426 736 220 1526 704
2427 2307 957 1948 5
2428 1868 1330 1355 1352
2429 1219 727 2018 1527
2430 955 2123 2052 960
2431 1510 744 1526 2013
2432 1511 227 1512 2255
2433 2013 1710 39 2153
2434 1510 2015 1526 744
2435 2029 2403 2160 1923
2436 1526 744 224 2013
2437 2013 744 224 1506
2438 2013 1506 224 1423
2439 744 220 224 1506
2440 1506 220 224 704
2441 1423 704 224 220
2442 1506 704 224 1423
2443 1505 738 712 233
2444 950 957 1948 306
2445 703 1507 1512 1511
2446 1337 1322 1335 1318
2447 311 306 1948 957
2448 914 957 2307 5
2449 916 957 2307 914
2450 2052 950 2012 228
2451 1531 943 958 264
2452 264 986 958 1544
2453 1946 11 2122 933
2454 1813 2043 969 435
2455 1544 927 958 264
2456 2304 755 1947 319
2457 2270 943 958 956
2458 1295 1289 2422 255
2459 2434 2395 1336 1362
2460 266 920 475 1812
2461 2062 338 2061 49
2462 1708 1812 475 2043
2463 1105 1134 1129 2062
2464 349 1929 856 1584
2465 720 1914 2254 689
2466 1237 1242 1233 676
2467 1972 1252 741 225
2468 937 313 819 436
2469 965 1812 952 266
2470 888 2351 69 486
2471 336 1108 2497 33
2472 458 2401 737 677
2473 1616 2124 1700 2405
2474 2156 45 1424 2371
2475 1137 1119 1121 16
2476 2073 2184 1858 529
2477 374 256 1317 2482
2478 1773 990 819 313
2479 969 939 966 983
2480 2369 2099 473 2293
2481 693 727 2292 694
2482 1663 1955 49 1098
2483 1750 690 1749 1900
2484 1946 968 740 983
2485 960 946 932 755
2486 1221 1225 2283 1264
2487 1120 1110 2497 1106
2488 337 2062 1667 1841
2489 222 2466 699 2397
2490 1129 1841 1102 2061
2491 52 2412 1760 472
2492 57 2078 1106 1651
2493 2192 58 475 965
2494 952 266 1609 380
2495 507 2082 1090 1438
2496 2470 314 2170 941
2497 473 2412 694 2455
2498 975 2047 382 963
2499 973 2454 2327 1813
2500 1947 755 932 319
2501 1609 990 1773 382
2502 2052 2123 1942 960
2503 314 2443 2470 297
2504 1548 787 811 2165
2505 939 435 969 2043
2506 981 982 379 2491
2507 1708 58 981 2043
2508 2043 437 981 1708
2509 2192 967 981 58
2510 475 58 981 1708
2511 2192 58 981 475
2512 8 309 2406 433
2513 1773 2031 819 917
2514 803 1270 1285 422
2515 1794 836 326 30
2516 1547 982 2327 437
2517 988 966 2122 740
2518 2170 2045 1942 228
2519 316 2443 2470 319
2520 933 11 2122 309
2521 2049 1610 910 221
2522 948 8 2406 433
2523 966 939 2122 740
2524 981 475 952 2192
2525 2269 1945 2406 309
2526 15 437 2327 379
2527 981 437 2327 982
2528 2478 2018 217 727
2529 676 1242 1233 2422
2530 939 966 370 969
2531 2405 2124 1700 964
2532 382 963 1773 1609
2533 886 486 1790 35
2534 939 983 740 966
2535 2255 703 1525 1519
2536 1813 982 379 2327
2537 974 1945 923 2049
2538 41 2347 43 462
2539 433 434 968 11
2540 221 2049 984 910
2541 1698 2124 2405 964
2542 434 11 1946 933
2543 1648 1099 267 57
2544 13 2268 1946 434
2545 434 933 1946 13
2546 404 1130 1655 335
2547 933 2268 1946 13
2548 309 2268 1946 933
2549 129 1884 1205 856
2550 415 1296 2349 1701
2551 2114 1585 837 1563
2552 2031 962 803 917
2553 702 2322 682 741
2554 1258 1300 1700 1279
2555 1348 2432 1350 1365
2556 1813 435 2327 379
2557 1501 210 1989 512
2558 1616 975 382 963
2559 2006 2318 629 591
2560 1314 1310 2349 1296
2561 804 1321 2109 811
2562 1309 1288 1974 422
2563 1610 433 2406 309
2564 2020 2369 1915 257
2565 1616 1806 382 975
2566 976 920 382 1806
2567 2222 2441 1137 1838
2568 1974 2299 274 290
2569 1974 2024 278 1309
2570 240 59 474 259
2571 1219 1223 693 1527
2572 1958 1666 2221 1127
2573 455 31 1139 2279
2574 1291 1287 1276 252
2575 725 1915 60 2099
2576 976 1698 2124 2405
2577 2099 50 2397 2466
2578 1756 753 52 2478
2579 1265 1252 1266 225
2580 2276 1124 2421 2219
2581 1920 1767 286 1549
2582 259 219 2011 2103
2583 1322 1318 307 1335
2584 1298 1264 1218 256
2585 474 756 2103 59
2586 1336 294 1320 2024
2587 676 1861 682 741
2588 878 1936 2210 1928
2589 1932 898 356 1795
2590 2166 890 846 1928
2591 1295 255 2422 1318
2592 767 296 798 1548
2593 1295 1266 2422 1289
2594 299 255 186 1337
2595 1265 1242 225 2422
2596 1242 255 2422 1289
2597 2369 2099 60 1915
2598 2181 401 386 1018
2599 1264 2482 1218 249
2600 1971 1211 1784 1584
2601 237 252 1256 1276
2602 1352 1330 374 381
2603 1324 1297 186 1319
2604 536 852 894 340
2605 2347 229 754 685
2606 683 2369 1915 2099
2607 718 2322 682 702
2608 728 692 761 259
2609 330 1936 878 2354
2610 2287 1431 500 2320
2611 1874 509 2277 1113
2612 1211 1295 77 1322
2613 1214 1695 1694 407
2614 1126 405 1694 729
2615 846 878 2210 1757
2616 1986 85 2320 1262
2617 1273 1446 1209 1210
2618 1116 1131 1207 1220
2619 1929 1584 879 1579
2620 2282 2116 862 1884
2621 1865 2402 2349 764
2622 1215 508 1116 2278
2623 2278 1220 1116 1215
2624 2278 1131 1116 1220
2625 2185 1874 1196 1097
2626 1126 729 1694 1198
2627 2278 508 1116 2236
2628 2236 1131 1116 2278
2629 91 2393 1697 1215
2630 1258 729 2038 1126
2631 1266 225 2334 2422
2632 2138 2230 2334 676
2633 433 434 1946 968
2634 1229 964 1619 2305
2635 1022 2310 1217 83
2636 225 1252 2336 1972
2637 225 1972 2336 676
2638 1295 1300 1306 1279
2639 2336 1861 694 1972
2640 976 380 382 920
2641 2478 1527 693 1223
2642 380 920 976 266
2643 1814 1239 2305 2356
2644 2212 1239 2305 1814
2645 1814 2356 2305 2212
2646 1604 2356 2305 1239
2647 1604 1239 2305 1270
2648 965 380 976 266
2649 975 2124 976 920
2650 1873 1094 1659 1436
2651 1223 759 1514 728
2652 1090 2462 1661 1438
2653 2186 2187 1207 1131
2654 1216 91 1207 1226
2655 2031 962 917 975
2656 2132 1101 36 2274
2657 729 693 1198 2292
2658 529 83 1084 117
2659 759 748 470 471
2660 472 2412 1760 694
2661 2491 981 1609 379
2662 2305 2356 1619 1229
2663 2412 473 694 472
2664 2488 501 1111 875
2665 1219 694 693 741
2666 2222 406 2441 1838
2667 964 2305 1698 1619
2668 964 2212 1698 2305
2669 2405 964 1700 2212
2670 2305 2356 1698 1619
2671 1214 2455 1859 405
2672 1238 2455 1214 405
2673 2455 1619 1214 1859
2674 1773 313 819 2031
2675 382 952 1609 380
2676 741 1972 694 1861
2677 1112 438 1121 2065
2678 2455 1619 2405 1214
2679 2336 2455 1860 1238
2680 702 472 2412 718
2681 2138 2018 217 2230
2682 1861 2412 1860 694
2683 682 1861 2412 702
2684 682 702 2412 718
2685 263 1201 1225 1222
2686 2037 2116 872 1579
2687 1219 1527 2018 1223
2688 1314 764 2349 2402
2689 952 382 981 370
2690 1306 1266 1279 1258
2691 976 975 1616 2124
2692 2212 964 963 975
2693 2305 2212 2405 371
2694 1698 2212 2405 2305
2695 2305 371 2405 1270
2696 382 952 981 1609
2697 1616 976 382 1806
2698 1698 2356 2405 1619
2699 1773 982 819 2491
2700 2305 2356 2405 1698
2701 2305 1604 2405 2356
2702 963 964 1700 1616
2703 2047 975 1773 963
2704 1873 1666 2222 2065
2705 1972 676 694 2336
2706 1972 741 694 676
2707 313 990 1609 17
2708 1773 990 2031 2047
2709 803 1701 1285 1270
2710 1462 1488 74 638
2711 1775 1982 2109 451
2712 975 1806 382 2047
2713 2491 982 819 436
2714 513 2447 641 95
2715 815 1542 283 1545
2716 1865 1293 285 790
2717 382 920 1609 1806
2718 382 380 1609 920
2719 952 1812 1609 266
2720 2052 960 2012 755
2721 1321 787 811 1548
2722 2405 1619 422 1214
2723 285 2299 1974 290
2724 1285 422 1288 938
2725 1865 764 2349 1293
2726 228 2045 1942 2123
2727 1535 1865 2381 285
2728 1974 1535 1347 2436
2729 2031 313 819 937
2730 1296 1293 2349 764
2731 962 990 2031 313
2732 2382 1248 2237 2473
2733 938 917 1285 803
2734 2024 294 1974 290
2735 1767 779 1920 772
2736 963 2212 938 1700
2737 1700 422 938 963
2738 2212 2405 938 1700
2739 2212 371 938 2405
2740 422 2405 938 371
2741 1700 2405 938 422
2742 17 920 1609 436
2743 436 313 1609 17
2744 1207 1229 1288 1216
2745 266 1812 1609 920
2746 382 2047 1609 990
2747 1806 2047 1609 382
2748 17 2047 1609 1806
2749 990 2047 1609 17
2750 436 1812 1609 2491
2751 436 920 1609 1812
2752 382 990 1773 2047
2753 382 2047 1773 963
2754 2047 975 2031 1773
2755 2047 962 2031 975
2756 2212 962 803 371
2757 422 371 803 1270
2758 938 371 803 422
2759 938 2212 917 962
2760 963 2212 917 938
2761 963 962 917 2212
2762 963 975 917 962
2763 1773 975 917 963
2764 1871 450 1419 1420
2765 1270 371 803 962
2766 938 962 803 2212
2767 1609 990 819 1773
2768 1609 313 819 990
2769 1609 436 819 313
2770 2491 436 819 1609
2771 1604 1270 1285 1701
2772 277 1321 804 767
2773 767 296 804 277
2774 1314 2402 2349 1310
2775 422 1270 1285 2405
2776 590 567 2471 608
2777 27 1422 454 453
2778 1246 1088 1083 1645
2779 1400 1389 287 317
2780 2161 452 453 1872
2781 2405 1604 1285 2356
2782 1814 2356 1285 1604
2783 2296 1422 1767 1549
2784 1814 1604 1285 1701
2785 2305 1604 1285 2405
2786 2305 1270 1285 1604
2787 2405 1270 1285 2305
2788 183 160 2098 1500
2789 1169 1965 305 308
2790 2405 2356 1285 1619
2791 1619 2356 1285 1229
2792 1721 525 1450 116
2793 529 83 117 2484
2794 1865 1293 2349 2381
2795 2405 422 1288 1285
2796 2405 1619 1288 422
2797 1285 1619 1288 2405
2798 1619 1214 1288 422
2799 1619 1229 1288 1214
2800 1430 1432 2338 2139
2801 1214 1229 1288 1207
2802 1285 1814 1288 2356
2803 1701 1814 1288 1285
2804 1216 2356 1288 1814
2805 1865 2402 1326 1535
2806 1865 1314 1326 1310
2807 1535 1865 1347 2348
2808 2077 28 780 453
2809 2349 1326 512 1310
2810 780 818 1540 814
2811 1767 779 772 1541
2812 1739 645 2251 660
2813 793 282 1981 2284
2814 780 1982 1540 818
2815 286 294 1336 2395
2816 2474 2184 83 2310
2817 2374 1321 2323 2299
2818 603 591 629 158
2819 981 982 2327 379
2820 290 1293 2300 764
2821 1285 1701 2381 1288
2822 285 1293 290 790
2823 2447 641 1446 1349
2824 1293 764 290 790
2825 1542 775 2262 1774
2826 787 817 304 810
2827 772 2432 295 1365
2828 1940 1617 1553 2270
2829 1591 947 948 433
2830 1739 660 567 2340
2831 2381 1326 2349 1535
2832 453 28 780 779
2833 764 790 2300 290
2834 1314 1296 2349 764
2835 1865 1535 2349 2402
2836 290 294 2300 2030
2837 766 300 1774 814
2838 290 294 274 2024
2839 300 296 804 821
2840 275 1163 1963 2188
2841 641 163 1349 513
2842 1231 1255 1023 1973
2843 1310 1535 2349 1326
2844 1248 1267 410 2067
2845 2232 2317 1967 419
2846 1288 1701 2349 1814
2847 2381 1701 2349 1288
2848 2241 163 641 513
2849 1326 1535 512 2436
2850 1224 1188 421 408
2851 290 790 1974 285
2852 2030 294 274 290
2853 1700 1300 1309 422
2854 1288 1300 422 1309
2855 766 798 1774 300
2856 1768 444 2472 2027
2857 938 1609 1773 963
2858 422 2405 1309 1700
2859 804 796 2109 2374
2860 1258 1300 1309 1700
2861 2038 329 353 1195
2862 2186 1838 2185 406
2863 1446 520 517 1875
2864 1876 519 1446 518
2865 1321 296 1548 811
2866 512 1310 2146 2349
2867 2405 1258 1309 1700
2868 2065 438 2222 1093
2869 2057 1999 2217 1021
2870 1196 1116 2277 508
2871 277 2299 767 1974
2872 1321 2299 767 277
2873 306 1804 311 1617
2874 780 451 2109 1982
2875 285 277 1974 2299
2876 797 290 2323 2030
2877 1945 309 923 1610
2878 774 296 804 796
2879 2454 936 2327 15
2880 2109 811 766 1540
2881 1764 795 22 2437
2882 1702 2362 2095 643
2883 772 2300 286 1549
2884 2299 274 2374 1321
2885 2299 294 2374 274
2886 1769 294 772 2300
2887 622 673 628 1741
2888 1337 1335 299 1318
2889 247 229 754 714
2890 1610 309 923 974
2891 767 1321 804 296
2892 987 755 319 1809
2893 796 451 797 1775
2894 454 2077 1983 28
2895 798 296 774 811
2896 796 821 804 774
2897 774 821 804 296
2898 787 824 304 817
2899 780 1982 2109 1775
2900 1769 1422 1767 2296
2901 804 796 797 2299
2902 2323 1775 797 452
2903 28 2077 780 812
2904 2374 796 797 804
2905 804 277 797 2374
2906 774 796 797 1775
2907 300 296 774 798
2908 300 821 774 296
2909 811 296 804 1321
2910 796 452 797 451
2911 774 1775 825 771
2912 817 787 765 775
2913 2026 824 2350 770
2914 797 277 2323 1321
2915 796 296 1775 774
2916 2436 1974 1348 1347
2917 774 296 1775 811
2918 2030 290 2323 2300
2919 1981 282 1418 2284
2920 286 772 295 1365
2921 449 793 815 2284
2922 1540 1775 2109 811
2923 1767 779 812 2296
2924 2434 1384 307 2395
2925 1541 1769 772 1767
2926 1767 2348 1347 1541
2927 278 1306 1320 1322
2928 812 2077 780 1763
2929 2006 668 629 645
2930 1549 294 1920 2300
2931 1549 2323 1920 453
2932 28 2077 812 1763
2933 1974 1347 2432 1348
2934 1549 2323 2161 2300
2935 1974 1347 772 2432
2936 200 191 661 2365
2937 453 452 780 451
2938 823 814 1417 26
2939 2161 1422 453 1549
2940 2161 2323 453 452
2941 2296 1422 453 28
2942 1549 1422 453 2296
2943 1318 1335 299 2434
2944 453 451 780 2077
2945 1549 2323 453 2161
2946 1920 453 780 779
2947 790 290 1769 2300
2948 290 790 1769 1974
2949 1974 294 1769 290
2950 1769 1865 2348 790
2951 1920 452 780 453
2952 28 1769 2296 1422
2953 303 1159 1846 1164
2954 451 796 2109 1775
2955 2026 824 770 304
2956 1775 1982 26 771
2957 811 1321 2109 2374
2958 810 817 823 822
2959 714 696 1753 2347
2960 1400 1707 292 281
2961 2340 2198 2096 173
2962 1029 398 1026 995
2963 1920 2374 2109 797
2964 1510 1526 39 1525
2965 284 2160 2111 1776
2966 2432 2024 772 1974
2967 2348 1769 772 1541
2968 1347 1974 772 1865
2969 2348 294 772 1769
2970 1763 812 818 780
2971 2324 1766 2498 776
2972 1769 1549 772 1767
2973 1974 294 772 2348
2974 2348 1865 772 790
2975 1974 285 1347 1535
2976 1865 285 1347 1974
2977 1865 1535 1347 285
2978 1767 2296 1920 779
2979 453 2296 1920 1549
2980 1347 1865 772 2348
2981 1357 186 658 302
2982 790 1865 772 1974
2983 804 2374 2109 1321
2984 797 2374 2109 796
2985 811 798 766 774
2986 772 294 286 2300
2987 2193 510 2382 389
2988 25 413 1964 1144
2989 453 2323 1920 452
2990 2300 2030 1920 2323
2991 2300 294 1920 2030
2992 2374 2299 1920 294
2993 2030 294 1920 2299
2994 2299 2374 1920 2323
2995 2323 2030 1920 2299
2996 1336 307 1320 2395
2997 1910 219 730 234
2998 453 779 1920 28
2999 2296 28 1920 779
3000 453 28 1920 2296
3001 797 452 1920 2323
3002 2323 2374 1920 797
3003 2403 2026 2025 1921
3004 1923 2403 2160 1921
3005 2198 196 628 1491
3006 2077 1763 818 780
3007 2077 1982 818 1763
3008 780 1982 818 2077
3009 805 1766 2498 2025
3010 1365 2024 278 294
3011 818 1775 771 1982
3012 1387 1395 1380 1384
3013 1686 2226 2071 1187
3014 1335 1318 307 2434
3015 1921 2403 2160 2025
3016 180 2500 628 2479
3017 1366 1379 1333 1372
3018 2350 1558 1921 1923
3019 1399 1395 1398 2434
3020 192 1378 204 1345
3021 286 772 1365 294
3022 2024 294 1365 772
3023 1775 811 766 774
3024 766 775 1774 2165
3025 780 1775 1540 1982
3026 1774 2165 2262 798
3027 810 775 304 787
3028 286 2395 1336 295
3029 1318 1295 1322 2434
3030 1704 1329 1323 1333
3031 2395 1384 307 1395
3032 1177 1251 416 2188
3033 295 1384 1393 1395
3034 2395 1384 1393 295
3035 2395 1395 1393 1384
3036 187 2434 1395 1356
3037 948 433 2406 959
3038 2434 1395 307 1384
3039 774 798 766 300
3040 1306 1266 1322 1295
3041 1233 1242 365 2230
3042 1335 1320 307 1322
3043 1197 1929 1971 1206
3044 309 1946 974 2122
3045 814 775 766 1540
3046 278 2024 1320 294
3047 1309 1300 278 1306
3048 1971 856 1205 2116
3049 1322 2434 307 1318
3050 1322 1306 1320 1266
3051 1387 1395 2434 1380
3052 1372 302 1333 1357
3053 1380 1395 2434 1384
3054 1380 1384 2434 2395
3055 1323 1715 77 1328
3056 1297 302 186 1283
3057 666 2423 1890 202
3058 1014 1002 1639 390
3059 2285 2195 1432 2362
3060 1945 2269 2406 948
3061 818 1982 1540 1775
3062 1279 1306 278 1300
3063 2195 2447 2413 1446
3064 1573 1579 862 2116
3065 1702 2362 2195 2095
3066 2096 1735 203 608
3067 1336 286 1320 294
3068 295 286 1320 1336
3069 278 294 1320 1365
3070 2340 2318 568 144
3071 1336 2395 1320 295
3072 1365 286 1320 295
3073 1365 294 1320 286
3074 2289 63 64 165
3075 1417 822 1542 810
3076 451 452 2109 796
3077 780 452 2109 451
3078 1775 296 2109 811
3079 796 296 2109 1775
3080 804 811 2109 296
3081 804 296 2109 796
3082 796 452 2109 797
3083 1540 811 766 1775
3084 1540 821 766 300
3085 774 821 766 1540
3086 774 300 766 821
3087 974 433 1610 309
3088 755 946 932 1809
3089 740 988 974 2122
3090 740 1946 974 988
3091 2122 1946 974 740
3092 960 2123 1942 1808
3093 221 1610 1945 2049
3094 685 2347 1521 754
3095 731 1518 758 245
3096 2122 433 959 1610
3097 2157 216 2017 1524
3098 973 2268 1552 8
3099 297 1611 991 7
3100 2122 433 974 11
3101 309 11 974 433
3102 2122 11 974 309
3103 9 433 959 431
3104 745 696 2201 2371
3105 15 1547 2327 437
3106 314 297 2470 316
3107 1610 1945 2406 959
3108 221 431 959 984
3109 314 910 941 991
3110 297 9 316 12
3111 2049 1945 2269 940
3112 314 316 2470 2269
3113 2269 1945 314 940
3114 1380 2434 1370 1362
3115 314 7 2470 2443
3116 1611 431 959 433
3117 316 297 2470 2443
3118 991 1611 984 2267
3119 309 8 1552 2268
3120 947 8 948 433
3121 1611 1979 2267 1811
3122 1591 9 948 947
3123 319 2443 2470 2267
3124 15 435 2327 2454
3125 2052 2045 228 2123
3126 9 2268 948 947
3127 947 2268 948 8
3128 954 431 2269 1611
3129 1945 431 2269 9
3130 954 9 2269 431
3131 740 433 959 2122
3132 954 9 316 2269
3133 954 12 316 9
3134 297 12 316 1611
3135 910 1611 316 2269
3136 940 991 316 910
3137 2270 1617 1553 985
3138 954 1611 316 12
3139 2269 1611 316 954
3140 991 297 316 1611
3141 991 1611 316 910
3142 1811 7 2267 991
3143 1811 2443 2267 7
3144 1811 1979 2267 1809
3145 1811 1809 2267 2443
3146 1600 1940 1553 2270
3147 1542 775 1774 810
3148 991 7 2267 297
3149 2269 431 984 1611
3150 2049 1945 984 2269
3151 2049 221 984 1945
3152 2269 1945 984 431
3153 221 431 984 1945
3154 1945 9 959 431
3155 1945 431 959 221
3156 948 433 959 9
3157 9 1945 959 948
3158 1813 2454 2327 435
3159 8 948 2406 316
3160 2454 1801 973 936
3161 316 948 2406 2269
3162 379 437 2327 981
3163 1939 1801 973 2454
3164 1939 14 973 1801
3165 2454 14 973 1939
3166 983 969 1813 966
3167 1552 973 2327 1813
3168 983 435 1813 969
3169 983 14 1813 435
3170 968 14 1813 983
3171 973 1547 2327 936
3172 973 936 2327 2454
3173 1946 2268 923 988
3174 923 2268 1552 988
3175 1813 309 1552 923
3176 923 988 1552 1813
3177 973 1801 1552 820
3178 968 820 1552 1801
3179 973 14 1552 1801
3180 1813 14 1552 973
3181 988 966 1552 1813
3182 988 968 1552 966
3183 820 968 1552 434
3184 13 820 1552 434
3185 13 2268 1552 820
3186 434 2268 1552 13
3187 1946 988 1552 2268
3188 1946 2268 1552 434
3189 968 14 1552 1813
3190 968 1801 1552 14
3191 1813 983 1552 968
3192 966 983 1552 1813
3193 966 968 1552 983
3194 1946 434 1552 968
3195 1946 968 1552 988
3196 2043 15 2327 379
3197 2043 435 2327 15
3198 379 435 2327 2043
3199 950 2045 228 2052
3200 1942 2045 311 306
3201 319 2170 1942 932
3202 987 1809 319 1979
3203 1544 985 958 1553
3204 2267 1979 319 1809
3205 2267 1809 319 2443
3206 910 991 314 940
3207 316 940 314 991
3208 316 991 314 297
3209 297 991 314 2267
3210 1807 1804 311 957
3211 297 7 314 2443
3212 2267 7 314 297
3213 2267 7 2470 314
3214 2267 2443 2470 7
3215 233 705 716 679
3216 991 755 2012 2304
3217 2028 1981 283 817
3218 1512 1511 1516 227
3219 960 2012 932 2170
3220 941 2304 1947 319
3221 2304 910 941 940
3222 381 1330 1317 1868
3223 228 960 2012 2052
3224 2052 960 1942 228
3225 2304 228 1947 2012
3226 319 987 2304 755
3227 755 987 2304 2267
3228 319 2470 1947 941
3229 319 1979 2304 987
3230 987 1979 2304 2267
3231 319 2267 2304 1979
3232 2470 2267 2304 319
3233 2304 2267 941 991
3234 314 991 941 2267
3235 2304 319 941 2470
3236 2304 2470 941 2267
3237 314 2267 941 2470
3238 822 1420 1542 817
3239 1807 985 1553 1617
3240 255 2482 1337 1318
3241 319 2470 2170 1947
3242 2012 755 1947 2304
3243 712 738 716 2258
3244 459 739 2386 226
3245 233 1507 2401 747
3246 2189 2191 416 1251
3247 1809 946 932 1808
3248 784 1921 2160 2025
3249 950 2045 311 1807
3250 856 908 1796 343
3251 228 2012 2170 1947
3252 23 1776 447 1545
3253 306 957 311 1804
3254 228 960 2170 2012
3255 932 2123 1942 306
3256 2170 960 1942 932
3257 932 1808 1942 2123
3258 1774 296 300 798
3259 2123 2045 1942 306
3260 228 960 1942 2170
3261 927 1600 1553 2270
3262 449 448 23 1980
3263 956 927 1553 2270
3264 381 1706 1346 2481
3265 738 705 716 233
3266 985 2045 949 1807
3267 1948 1807 949 950
3268 1944 985 949 1617
3269 1542 1420 283 817
3270 1540 817 814 810
3271 283 2028 1870 815
3272 775 814 810 1540
3273 1342 381 201 287
3274 1766 1558 2498 2025
3275 2206 1539 768 813
3276 1775 451 1417 1982
3277 1765 1539 2112 1557
3278 1763 2077 771 28
3279 817 775 810 787
3280 1548 798 2165 766
3281 766 811 2165 1548
3282 773 1765 1555 1474
3283 1534 443 1772 21
3284 625 1741 2005 627
3285 1980 447 2298 1415
3286 814 300 825 1540
3287 2140 449 1870 815
3288 1167 1672 1970 1964
3289 1553 311 1807 1617
3290 784 1558 2324 1923
3291 2029 2403 2350 1776
3292 1167 1692 1970 1672
3293 1015 1021 82 86
3294 801 1558 1766 1921
3295 781 2284 815 282
3296 450 822 1542 1417
3297 2025 1921 1766 1558
3298 298 782 291 763
3299 810 814 1774 1417
3300 814 775 1774 766
3301 1417 825 1774 1542
3302 817 775 1542 810
3303 2350 2029 1923 2403
3304 1980 2029 2298 447
3305 778 670 288 2360
3306 1617 951 1940 1553
3307 1531 1613 1944 914
3308 2350 2403 1921 2026
3309 817 822 1981 823
3310 2029 1776 2111 2160
3311 2307 943 1944 1531
3312 446 1414 1764 445
3313 1923 1558 1921 784
3314 1921 1558 2025 784
3315 202 138 1428 635
3316 770 824 2284 304
3317 1870 793 23 815
3318 782 671 291 800
3319 249 1237 1213 263
3320 2029 1776 2160 2403
3321 763 782 291 778
3322 2481 1335 299 1337
3323 2307 1531 1944 914
3324 806 2108 174 1536
3325 1414 1415 445 1416
3326 776 1558 2498 2324
3327 793 2284 1981 1776
3328 800 813 768 1551
3329 776 1766 2498 805
3330 2324 1558 1766 801
3331 247 229 230 697
3332 2206 776 284 1539
3333 1768 670 763 2360
3334 773 805 2112 1474
3335 1735 170 203 608
3336 1555 291 293 671
3337 1807 1617 949 985
3338 956 6 1944 1613
3339 1917 1538 1534 443
3340 1474 805 2112 1539
3341 914 1613 1944 6
3342 801 1766 776 805
3343 801 2324 776 1766
3344 805 776 1474 2498
3345 21 799 1534 768
3346 1418 1420 2373 1871
3347 817 2403 2284 304
3348 824 817 2284 304
3349 304 2403 2284 1776
3350 21 444 2472 778
3351 2028 2140 1870 815
3352 782 2360 763 670
3353 1763 1982 771 2077
3354 800 1551 768 21
3355 2270 985 1944 1617
3356 2298 1980 24 2111
3357 795 776 284 2206
3358 1539 805 2206 776
3359 1222 1201 1225 232
3360 1768 442 2027 2105
3361 2160 1776 2284 2403
3362 1686 2226 2228 2071
3363 26 814 1419 823
3364 782 670 763 298
3365 776 805 795 801
3366 2206 805 795 776
3367 449 2140 23 448
3368 1672 1147 1681 1692
3369 2395 2451 1381 1356
3370 2469 1151 1850 1673
3371 2025 784 284 2160
3372 208 199 1338 1371
3373 607 66 177 480
3374 776 2324 284 1558
3375 2160 776 284 2498
3376 2498 2025 284 2160
3377 1558 784 284 2025
3378 2498 1558 284 2025
3379 776 1558 284 2498
3380 2472 799 291 763
3381 2472 444 763 2360
3382 1542 825 1774 821
3383 1420 450 283 2028
3384 1982 771 1419 26
3385 1871 1420 2373 450
3386 822 810 1417 26
3387 26 1982 1417 451
3388 823 810 1417 814
3389 311 951 1617 1553
3390 823 1763 771 822
3391 822 823 1419 771
3392 2262 824 765 770
3393 793 2284 781 282
3394 1545 2029 447 815
3395 2028 1420 1418 1981
3396 817 814 1981 2284
3397 823 814 1981 817
3398 822 1420 1981 282
3399 817 1420 1981 822
3400 2028 450 1418 1420
3401 1981 1420 1418 282
3402 449 793 1870 815
3403 1542 775 765 2262
3404 284 1776 2111 793
3405 823 814 771 1763
3406 1775 818 771 1540
3407 2281 2070 1148 1144
3408 771 1540 825 774
3409 1540 300 825 821
3410 814 818 771 1763
3411 1540 818 771 814
3412 1417 771 825 1775
3413 1540 774 771 1775
3414 814 771 1417 26
3415 781 282 1418 1420
3416 26 1420 1419 450
3417 822 26 1417 450
3418 2165 798 1774 766
3419 2284 817 765 1981
3420 817 810 1542 822
3421 825 450 283 1542
3422 2284 824 765 817
3423 26 450 1419 1871
3424 26 822 1419 1420
3425 1420 771 822 1419
3426 822 810 26 823
3427 1542 810 1774 1417
3428 1418 1420 449 781
3429 781 282 815 1418
3430 2262 787 765 2165
3431 765 1981 283 2284
3432 26 810 1417 823
3433 825 450 1542 1417
3434 450 1420 1542 822
3435 2028 450 2373 1418
3436 781 2140 815 449
3437 1870 449 23 793
3438 1545 815 447 23
3439 300 821 1774 825
3440 1418 282 815 2284
3441 1981 817 2028 1420
3442 1542 821 1774 300
3443 1418 2028 815 2140
3444 795 813 2437 2206
3445 1539 1474 768 813
3446 449 2284 815 781
3447 784 1558 1415 2324
3448 814 300 1774 825
3449 2262 775 765 787
3450 815 2284 283 1418
3451 2029 770 1545 2350
3452 2140 781 815 1418
3453 2284 770 765 824
3454 765 817 283 1981
3455 2165 787 765 824
3456 2165 824 765 2262
3457 765 2284 283 815
3458 1418 2028 283 815
3459 770 2026 1545 2350
3460 2437 1764 1538 1917
3461 1980 2111 1925 24
3462 1545 765 283 815
3463 2028 817 283 1420
3464 1981 2028 283 1418
3465 1418 2284 283 1981
3466 304 2026 1545 770
3467 2284 1776 1545 304
3468 793 1776 1545 2284
3469 2350 2403 1545 1776
3470 2026 2403 1545 2350
3471 2403 2026 1545 304
3472 304 1776 1545 2403
3473 765 2284 815 770
3474 765 770 815 1545
3475 304 2284 815 1545
3476 304 770 815 2284
3477 1545 770 815 304
3478 815 1870 447 23
3479 793 1776 815 1545
3480 1980 793 2111 1776
3481 1178 413 1672 1163
3482 671 799 291 800
3483 445 1416 446 1414
3484 284 1558 1415 784
3485 1699 2394 1691 1143
3486 793 1776 23 815
3487 784 1923 2298 1921
3488 446 1414 22 1764
3489 815 1776 23 1545
3490 23 448 447 1980
3491 2350 2029 447 1545
3492 2350 1776 447 2029
3493 1545 1776 447 2350
3494 23 793 447 1776
3495 1980 793 447 23
3496 1980 1776 447 793
3497 447 1416 1415 1980
3498 1918 769 2261 792
3499 22 1980 24 1416
3500 815 2029 2298 1545
3501 1980 2029 2111 2298
3502 2029 2160 2111 2298
3503 2411 1150 1180 1160
3504 784 1921 2298 2160
3505 416 2137 279 1852
3506 1415 284 1414 2324
3507 776 801 1414 2324
3508 795 801 1414 776
3509 284 776 1414 2324
3510 795 776 1414 284
3511 1379 1386 289 1380
3512 282 793 2111 781
3513 1980 449 1925 793
3514 2298 2160 2111 784
3515 284 784 2111 2160
3516 447 1776 2111 2029
3517 1980 1776 2111 447
3518 447 2029 2111 1980
3519 1412 2104 1413 19
3520 1764 445 1538 446
3521 24 449 1925 1980
3522 1980 793 1925 2111
3523 2437 1551 1917 813
3524 2298 1415 24 1980
3525 2111 284 24 784
3526 1415 784 24 284
3527 2298 784 24 1415
3528 2111 784 24 2298
3529 809 2260 280 762
3530 1178 1851 1181 412
3531 1415 1416 22 24
3532 24 284 22 1415
3533 1414 1416 22 1415
3534 1414 1415 22 284
3535 1414 284 22 795
3536 2111 795 22 284
3537 1925 795 22 2111
3538 2111 24 22 1925
3539 2111 284 22 24
3540 1539 2206 2112 1557
3541 2360 444 763 1768
3542 1532 1546 807 785
3543 2207 298 291 763
3544 2437 813 1538 2206
3545 1917 813 1538 2437
3546 2110 785 1412 826
3547 1948 950 949 1944
3548 1924 288 1532 194
3549 1558 2324 1557 801
3550 647 561 1727 1457
3551 2472 778 291 800
3552 778 2360 763 782
3553 1070 1823 88 2215
3554 2260 162 792 280
3555 1762 175 807 808
3556 1533 1922 1412 2105
3557 763 670 288 1537
3558 21 1551 1534 443
3559 1766 801 2112 805
3560 2431 412 1161 1963
3561 1687 1194 279 416
3562 569 144 1461 2002
3563 291 671 1555 799
3564 443 2106 21 1551
3565 1924 19 1532 802
3566 2307 914 1944 916
3567 2106 1917 443 1538
3568 2106 1551 443 1917
3569 763 778 291 2360
3570 2188 1163 2228 1692
3571 1525 703 39 1519
3572 196 2005 1741 673
3573 444 2106 21 443
3574 444 1551 21 2106
3575 444 1551 778 21
3576 298 782 293 291
3577 6 916 1944 914
3578 2250 178 479 1482
3579 1355 1330 1339 1352
3580 800 670 671 768
3581 778 1551 800 21
3582 200 2365 2446 196
3583 1735 203 2446 2342
3584 763 2360 291 2472
3585 2472 2360 291 778
3586 2015 1710 39 2013
3587 1510 2015 39 1526
3588 264 943 958 1944
3589 1557 805 2112 801
3590 1376 1386 1389 1400
3591 1768 2027 2472 21
3592 800 799 2472 21
3593 1557 801 2112 1765
3594 1376 1386 281 302
3595 2340 643 633 1746
3596 956 1613 1944 943
3597 1765 799 1555 1534
3598 1355 1359 1369 1368
3599 291 782 293 671
3600 1834 1013 1014 148
3601 768 1551 1534 21
3602 1474 1539 2112 1765
3603 768 1474 1534 813
3604 443 1551 1534 1917
3605 768 813 1534 1551
3606 1917 1551 1534 813
3607 1397 1401 1382 1396
3608 307 2434 299 1335
3609 1807 1804 949 1617
3610 950 2045 949 228
3611 1553 956 958 927
3612 424 927 958 956
3613 1507 738 712 1505
3614 1387 1707 289 1399
3615 1532 194 807 1546
3616 1898 1493 2291 2001
3617 164 604 165 2007
3618 2105 442 2207 1768
3619 1474 813 1765 1534
3620 1474 1539 1765 813
3621 1539 2206 1765 813
3622 1557 2206 1765 1539
3623 1534 1538 1765 1557
3624 1538 2206 1765 1557
3625 1538 813 1765 2206
3626 1534 813 1765 1917
3627 1538 1917 1765 813
3628 1534 1917 1765 1538
3629 782 800 291 778
3630 1557 2206 2112 805
3631 773 1474 2112 1765
3632 671 1474 773 768
3633 1380 1387 289 1399
3634 1364 1361 1374 1354
3635 1376 1707 281 1386
3636 768 799 1555 671
3637 768 1474 1555 1534
3638 773 1474 1555 768
3639 1414 2324 1772 784
3640 1538 1414 1772 443
3641 801 2324 1772 1414
3642 1765 773 293 2112
3643 1555 773 293 1765
3644 289 1379 281 1386
3645 768 773 293 1555
3646 768 671 293 773
3647 1555 671 293 768
3648 1538 1534 1772 1557
3649 1538 443 1772 1534
3650 1414 795 1772 801
3651 1764 1414 1772 1538
3652 1557 801 1772 805
3653 795 805 1772 801
3654 1764 795 1772 1414
3655 1557 2206 1772 1538
3656 2206 805 1772 795
3657 1557 805 1772 2206
3658 2206 795 1772 1764
3659 1538 2206 1772 2437
3660 1764 2437 1772 2206
3661 1538 2437 1772 1764
3662 2270 1617 1944 1804
3663 956 916 1944 6
3664 1804 916 1944 956
3665 2270 943 1944 985
3666 956 943 1944 2270
3667 1804 956 1944 2270
3668 1944 1617 949 1804
3669 957 1807 949 1948
3670 957 1804 949 1807
3671 1944 2307 949 1948
3672 916 1804 949 957
3673 1944 1804 949 916
3674 1944 916 949 2307
3675 1948 2307 949 957
3676 916 957 949 2307
3677 1388 1383 185 198
3678 739 216 226 1912
3679 1379 1380 289 1399
3680 192 1354 1358 2234
3681 1337 1318 299 255
3682 381 1868 1389 1706
3683 1400 289 1707 1386
3684 1376 1386 1400 1707
3685 652 1736 622 1889
3686 624 673 622 1736
3687 1909 2200 1903 688
3688 1390 281 207 1399
3689 281 1376 292 1400
3690 1312 2482 1278 374
3691 1206 358 365 1237
3692 1283 1303 186 1297
3693 287 1401 1382 1397
3694 1993 129 2414 548
3695 374 1330 1317 381
3696 1290 184 1312 1278
3697 2481 1337 299 302
3698 1379 1386 1376 302
3699 1369 1368 1392 1364
3700 2331 1033 1630 998
3701 1376 1706 292 1400
3702 302 1379 299 1370
3703 595 481 1898 2098
3704 185 1376 1373 292
3705 206 674 1344 1867
3706 1354 1361 1374 2234
3707 596 598 626 1500
3708 1247 256 1254 1218
3709 281 1376 1400 1707
3710 289 1386 281 1707
3711 2362 2318 591 1703
3712 1706 2481 1376 1346
3713 1277 1329 1261 186
3714 1089 1318 1261 1329
3715 1376 1706 1373 292
3716 1357 302 1333 186
3717 1380 2434 1399 1370
3718 1399 1387 2434 1380
3719 1399 1395 2434 1387
3720 1342 1363 1373 1706
3721 1394 1391 1382 1868
3722 205 1311 1373 1346
3723 185 209 1373 1376
3724 816 1405 826 1922
3725 2498 773 1474 805
3726 1297 1346 1283 2482
3727 198 1383 1390 1388
3728 302 1386 281 1379
3729 1315 2075 1282 1864
3730 1389 381 317 1868
3731 1401 1400 292 1706
3732 1389 1706 317 381
3733 1400 1706 1401 1389
3734 160 639 667 169
3735 703 1507 712 1519
3736 1783 1575 891 903
3737 829 827 1565 119
3738 1507 738 1505 458
3739 1378 1345 2233 1359
3740 2017 1912 1752 216
3741 1977 1378 2233 1368
3742 1378 1361 2233 1345
3743 1977 2234 2233 1378
3744 1332 1345 2233 1361
3745 1378 2234 2233 1361
3746 1402 1401 292 198
3747 1511 1507 712 703
3748 265 1340 258 1343
3749 1401 1400 287 292
3750 1977 1368 1369 1359
3751 1361 1331 1332 1341
3752 366 1130 2061 1118
3753 1360 381 201 1342
3754 1864 1331 1274 231
3755 2017 250 1907 1912
3756 1312 181 1705 184
3757 1369 1392 1394 1391
3758 2075 2316 1305 1286
3759 674 1975 1344 1345
3760 315 1392 1394 1977
3761 1868 1389 1391 317
3762 287 1868 201 1391
3763 1821 997 1638 1820
3764 1378 1368 1977 1359
3765 828 839 1793 122
3766 1378 1359 1977 1355
3767 1977 1359 1369 1355
3768 287 1391 1394 317
3769 1253 252 367 1291
3770 2142 1732 1494 1481
3771 2243 2093 2004 1471
3772 2465 632 1494 1496
3773 2364 178 2152 2291
3774 1401 1389 287 1400
3775 381 1706 287 1363
3776 317 1706 287 381
3777 1389 1706 287 317
3778 1401 1706 287 1389
3779 1257 1247 1254 907
3780 1503 1866 1976 1340
3781 1391 317 287 1868
3782 317 381 287 1868
3783 1369 211 1394 1977
3784 1375 1369 1394 1391
3785 1375 211 1394 1369
3786 2482 1312 1278 1290
3787 1868 1375 1394 1391
3788 1341 1361 258 192
3789 1354 1343 258 1358
3790 1866 1340 258 265
3791 1354 2234 192 1361
3792 63 164 665 604
3793 1253 1291 367 270
3794 1931 340 894 322
3795 233 738 712 2258
3796 1089 1236 1249 1244
3797 192 1345 204 1341
3798 1294 206 674 1975
3799 186 1297 658 302
3800 1519 2022 39 1525
3801 397 186 1261 255
3802 1341 1361 192 1345
3803 1378 1345 192 1361
3804 1374 2234 1358 1354
3805 374 1311 1312 1346
3806 42 462 754 2347
3807 679 705 716 460
3808 1864 1281 1282 236
3809 1332 1331 231 2316
3810 889 887 891 2475
3811 1358 1343 258 1340
3812 1358 1340 258 1976
3813 192 1354 258 1358
3814 192 1361 258 1354
3815 1976 1341 258 192
3816 1976 192 258 1358
3817 1503 1331 258 1341
3818 1976 1503 258 1341
3819 1976 1340 258 1503
3820 367 361 1259 1253
3821 1377 1868 1382 1360
3822 1374 2234 2233 1977
3823 1392 1368 2233 1364
3824 1977 1368 2233 1392
3825 1374 1977 2233 1392
3826 1392 1364 2233 1374
3827 1286 2316 1292 1275
3828 1864 231 1274 1282
3829 231 1272 1203 1281
3830 383 1816 2174 2218
3831 1269 1330 1325 1317
3832 1230 1225 1218 1213
3833 1135 1654 29 31
3834 1907 1913 1752 1912
3835 261 1264 2283 1225
3836 1339 1313 2468 1351
3837 1339 1351 2468 1332
3838 728 2018 217 2478
3839 685 2346 2023 2204
3840 2022 1710 691 2153
3841 1866 1331 1315 265
3842 2017 250 709 1907
3843 1884 1579 1205 2116
3844 1529 242 758 731
3845 2254 468 469 689
3846 2085 2388 2210 549
3847 1864 265 1315 1331
3848 462 2156 754 696
3849 1302 1330 1317 1301
3850 345 1933 867 1793
3851 2468 1339 1287 1301
3852 1339 1330 1287 1301
3853 1200 1237 1222 1201
3854 1575 902 322 903
3855 892 829 1565 864
3856 2387 2294 230 714
3857 251 237 252 1272
3858 226 679 2294 2387
3859 43 721 2194 733
3860 466 1914 743 720
3861 2388 360 351 1929
3862 1912 747 712 233
3863 222 719 699 2466
3864 259 2103 240 59
3865 1010 1055 2183 1824
3866 2414 1724 866 549
3867 241 1272 231 1299
3868 241 2468 231 1272
3869 1299 2468 231 241
3870 892 864 1565 2036
3871 2475 342 901 903
3872 231 1203 1274 1282
3873 2357 997 1821 1820
3874 2075 1331 1274 1864
3875 2075 1866 1305 1307
3876 1281 236 1864 231
3877 2461 345 2208 2442
3878 1740 2142 1496 2465
3879 1200 232 1222 1233
3880 256 262 2283 1241
3881 2129 1085 2181 401
3882 1315 1864 1282 236
3883 226 1912 2294 739
3884 269 1590 835 2167
3885 697 229 2346 685
3886 1281 231 1282 1203
3887 1864 231 1282 1281
3888 2201 696 2157 2371
3889 2075 1864 1274 1282
3890 2153 2016 691 2022
3891 902 2032 322 870
3892 2461 870 1931 2442
3893 1302 1291 1263 1317
3894 1237 1242 249 1289
3895 1286 2316 1275 1274
3896 302 1379 1333 299
3897 2201 2371 2156 2386
3898 876 1937 867 882
3899 1315 1866 1307 1331
3900 2075 1866 1307 1315
3901 1315 1331 1307 2075
3902 258 1503 1307 1331
3903 1866 1503 1307 258
3904 258 1331 1307 1866
3905 1264 1242 249 1237
3906 231 1331 1274 2316
3907 1298 249 256 1289
3908 2075 2316 1274 1331
3909 1286 2316 1274 2075
3910 2062 366 2061 338
3911 686 1916 734 1910
3912 1237 1289 249 255
3913 249 1289 1298 255
3914 240 2103 2011 219
3915 1289 1242 249 2422
3916 2231 1291 367 252
3917 270 361 367 1253
3918 1234 270 1253 361
3919 1294 1284 1292 1275
3920 1254 1247 1278 2482
3921 184 1269 402 181
3922 1346 2482 374 1337
3923 255 358 249 1237
3924 1221 1264 1218 1225
3925 1010 1055 1988 2216
3926 1204 1206 365 1197
3927 1275 2316 1863 1274
3928 42 2347 754 2102
3929 2200 2424 688 722
3930 1975 674 1344 206
3931 381 1706 374 1346
3932 1971 1584 1784 856
3933 1287 1291 1302 1330
3934 743 1914 726 720
3935 1330 1301 1302 1287
3936 252 1275 1863 2231
3937 262 1264 1263 256
3938 1037 2418 401 1086
3939 1276 1263 1256 262
3940 1528 1427 743 466
3941 259 2103 2011 240
3942 1290 1311 1312 1297
3943 1302 256 1263 1291
3944 1317 256 1263 1302
3945 2400 2204 1520 2023
3946 241 237 1276 1287
3947 2442 891 2032 260
3948 1275 1287 1863 2468
3949 270 252 1253 1256
3950 262 1245 261 1241
3951 1916 467 734 2021
3952 1406 722 239 465
3953 1276 252 1256 1291
3954 1276 1291 1256 1263
3955 1227 358 907 255
3956 263 1201 1213 1225
3957 1066 1642 1949 558
3958 1221 262 1218 1264
3959 2013 744 39 2015
3960 2204 2256 2400 1521
3961 2294 1912 1907 739
3962 2387 745 2201 40
3963 744 701 39 1506
3964 1526 744 39 1525
3965 2022 2153 39 1710
3966 1452 881 843 855
3967 1512 735 1516 458
3968 1580 1779 32 851
3969 2255 724 1519 2257
3970 460 705 716 738
3971 679 458 1516 735
3972 739 747 2386 216
3973 2013 2153 39 744
3974 41 42 1759 2102
3975 2022 1710 39 1525
3976 1511 1507 1512 458
3977 1516 458 712 1511
3978 1525 1710 39 2015
3979 1525 2015 39 1510
3980 1519 701 39 2022
3981 703 458 1512 1507
3982 1526 2015 39 744
3983 703 724 1519 735
3984 2255 703 1512 1511
3985 1582 888 2501 2351
3986 679 2258 250 227
3987 2255 1511 1525 703
3988 2255 2257 1525 1513
3989 1519 2257 1525 2255
3990 1519 2022 1525 724
3991 459 460 2386 739
3992 1510 1513 1525 2015
3993 1526 1513 1525 1510
3994 1519 724 1525 2257
3995 1513 2257 1525 724
3996 2022 1710 1525 724
3997 1513 724 1525 1710
3998 1513 1710 1525 2015
3999 250 2258 1907 227
4000 2017 2387 697 2157
4001 2387 40 226 745
4002 1518 688 2385 758
4003 1912 747 216 1507
4004 2387 696 2157 2201
4005 2023 2346 2400 2204
4006 886 888 2501 2263
4007 460 679 739 716
4008 247 685 697 709
4009 458 738 712 1507
4010 233 2258 712 250
4011 705 738 460 1505
4012 233 1505 2401 1507
4013 461 1424 42 462
4014 2201 2371 2157 2156
4015 1750 214 1749 700
4016 895 2167 118 834
4017 1516 458 716 712
4018 1505 738 233 705
4019 250 679 233 2258
4020 233 705 691 1505
4021 2401 2022 691 2016
4022 2294 696 714 2387
4023 2113 332 331 324
4024 691 703 737 1519
4025 1663 1134 1105 49
4026 1578 863 354 2033
4027 703 1507 2401 458
4028 1519 1507 2401 703
4029 457 458 737 677
4030 233 679 716 2258
4031 233 2258 716 738
4032 227 679 716 1516
4033 227 2258 716 679
4034 1516 2258 716 227
4035 244 47 758 245
4036 1569 832 2404 2209
4037 677 691 737 1710
4038 2022 1710 737 691
4039 1106 1653 2497 1108
4040 2259 2459 239 1406
4041 1519 2022 691 2401
4042 2022 724 737 1710
4043 2401 703 691 1519
4044 739 745 226 40
4045 40 1524 2386 2201
4046 1519 2022 737 691
4047 1105 337 1667 1841
4048 739 679 2294 226
4049 1913 1912 2294 216
4050 739 40 226 459
4051 458 1507 457 1505
4052 1516 679 2294 1913
4053 216 1912 739 747
4054 233 1912 739 250
4055 233 250 739 679
4056 677 2401 737 703
4057 2347 696 754 229
4058 462 45 1424 2156
4059 229 714 2159 2347
4060 233 747 739 1912
4061 460 705 739 679
4062 233 679 739 705
4063 705 747 739 233
4064 460 747 739 705
4065 679 227 1913 1516
4066 2019 687 1749 700
4067 325 1562 355 1787
4068 739 250 1907 679
4069 2033 1582 72 858
4070 1753 714 2194 696
4071 1752 2294 230 2387
4072 1907 1912 1752 2017
4073 458 703 737 2401
4074 1960 455 2279 1654
4075 1750 700 1749 687
4076 1913 679 1907 227
4077 250 227 1907 679
4078 2294 679 1907 1913
4079 731 242 758 1518
4080 2156 2371 2157 696
4081 858 2302 72 2033
4082 2477 2259 239 465
4083 714 696 2347 229
4084 1518 733 2023 2346
4085 714 229 754 696
4086 739 679 1907 2294
4087 71 2035 2404 2209
4088 90 406 2222 1128
4089 2102 2156 754 42
4090 743 47 726 1528
4091 461 1759 41 42
4092 2371 45 462 2156
4093 2156 696 462 2371
4094 226 745 462 2387
4095 1750 2014 1749 212
4096 458 724 737 735
4097 461 462 42 41
4098 462 2347 42 41
4099 2102 2347 754 1904
4100 1505 738 457 458
4101 677 703 737 691
4102 2157 1524 2017 2387
4103 2279 1104 2220 29
4104 239 2205 254 1406
4105 2201 2156 1904 2102
4106 1759 41 1904 2256
4107 2102 41 1904 1759
4108 1759 2256 1904 2102
4109 42 41 1904 2102
4110 726 244 2194 733
4111 754 247 2157 1521
4112 2201 1524 2157 2387
4113 754 1524 2157 2201
4114 247 696 754 2156
4115 462 696 754 2347
4116 875 2264 502 2144
4117 2156 2102 754 1904
4118 42 2156 754 462
4119 685 229 754 247
4120 754 2156 2157 247
4121 2239 355 534 829
4122 1406 2477 254 239
4123 909 2127 2273 1629
4124 2017 2157 709 247
4125 247 229 697 685
4126 1904 1524 754 2201
4127 2021 467 734 222
4128 709 2387 697 2017
4129 247 685 1521 754
4130 254 2385 1515 1903
4131 2168 1933 869 2325
4132 754 1904 1521 2256
4133 227 2258 1907 1511
4134 1752 2017 709 1907
4135 2017 2157 697 709
4136 2387 226 2017 2294
4137 709 2157 697 247
4138 227 1913 1752 1907
4139 216 1912 1752 1913
4140 2386 1524 2017 216
4141 226 216 2017 2294
4142 2386 216 2017 226
4143 2386 40 2017 1524
4144 2387 1524 2017 40
4145 2386 226 2017 40
4146 2387 40 2017 226
4147 2294 216 1752 1913
4148 2017 216 1752 2294
4149 2017 2294 1752 2387
4150 2387 2017 709 1752
4151 714 2294 230 1913
4152 247 714 230 229
4153 1752 1913 230 2294
4154 697 2157 230 247
4155 714 696 230 2387
4156 697 709 230 2387
4157 1752 709 230 697
4158 1752 2387 230 709
4159 247 696 230 714
4160 2157 696 230 247
4161 2157 2387 230 696
4162 697 2387 230 2157
4163 1110 1660 2379 1837
4164 29 1135 2220 1654
4165 687 1900 1749 690
4166 214 687 1749 2019
4167 1098 1134 1663 1100
4168 1648 1099 33 2059
4169 1505 2401 677 691
4170 457 458 677 2401
4171 1938 857 883 1927
4172 457 2401 677 1505
4173 1117 44 1655 1130
4174 858 1788 72 2302
4175 703 735 737 724
4176 2401 703 677 691
4177 1750 1900 1749 2014
4178 1519 703 737 724
4179 1906 2014 1749 1900
4180 2021 253 2158 2103
4181 1427 721 726 1914
4182 468 467 2466 756
4183 404 2275 1655 44
4184 337 1134 1105 1663
4185 472 246 748 1756
4186 1790 886 1930 2263
4187 687 690 1749 1750
4188 404 44 1655 1650
4189 2265 1404 2301 832
4190 43 46 1984 463
4191 1750 2100 1749 214
4192 2275 403 44 1650
4193 691 1710 677 2153
4194 831 485 70 2301
4195 1791 486 1790 886
4196 1118 1956 1102 1649
4197 2223 335 1122 1658
4198 71 35 2404 2035
4199 2115 2351 69 888
4200 1426 466 465 689
4201 1790 2263 1930 1791
4202 1404 832 831 332
4203 1129 1841 2061 2062
4204 759 748 471 55
4205 1649 366 1122 335
4206 404 335 1655 2275
4207 2021 467 2158 1916
4208 266 58 965 475
4209 49 1098 1105 1663
4210 337 1663 1105 1098
4211 366 338 1122 2223
4212 366 1658 1122 335
4213 1580 488 72 1559
4214 1122 2275 1655 335
4215 1956 1650 404 1117
4216 403 335 404 2275
4217 1658 338 366 2223
4218 689 2295 2254 720
4219 1910 234 684 1903
4220 1650 44 1655 1117
4221 366 335 1649 1658
4222 1566 2303 837 868
4223 2223 1658 1122 366
4224 69 486 71 35
4225 1092 31 1139 2064
4226 1122 335 1655 1130
4227 2230 1223 1222 1219
4228 1117 1130 1655 404
4229 1130 366 1655 1122
4230 1930 1570 32 1559
4231 1117 1130 1956 366
4232 1122 1130 1956 335
4233 1122 335 1956 1649
4234 1122 1649 1956 366
4235 1122 366 1956 1130
4236 1130 335 404 1117
4237 1650 2275 404 44
4238 844 1936 878 330
4239 2293 2099 473 56
4240 2099 2466 2397 2369
4241 476 59 2293 2099
4242 476 477 2293 59
4243 259 59 474 2103
4244 2059 57 33 1648
4245 2397 2466 699 2254
4246 2466 1755 222 719
4247 1841 337 1129 1105
4248 219 2158 730 253
4249 48 50 468 467
4250 2254 2466 699 719
4251 48 467 468 756
4252 473 2466 2099 2369
4253 2293 56 473 472
4254 689 2101 465 469
4255 470 56 2293 472
4256 215 1756 748 60
4257 1903 1529 1515 254
4258 2254 2295 469 2101
4259 756 1755 2466 1916
4260 756 467 2466 1755
4261 1837 359 2488 2063
4262 215 2293 474 59
4263 1017 2054 2378 2218
4264 2099 2369 2397 683
4265 2369 257 2397 683
4266 246 702 1756 472
4267 246 702 748 1756
4268 257 246 1915 2020
4269 2412 472 246 473
4270 2254 2369 2397 2466
4271 726 244 758 743
4272 708 242 1529 731
4273 1915 760 699 2397
4274 2293 2369 257 473
4275 2021 467 222 2397
4276 1915 2020 60 2369
4277 2060 31 2064 1104
4278 676 682 1219 1508
4279 2412 702 246 472
4280 59 50 2397 2099
4281 2254 2295 699 2397
4282 1756 702 748 718
4283 2103 50 2397 59
4284 222 1915 699 719
4285 219 692 259 2011
4286 472 473 748 246
4287 2397 683 699 1915
4288 249 358 1213 1237
4289 463 1427 726 1528
4290 466 1914 1426 1427
4291 341 1241 2283 1234
4292 2385 708 242 1515
4293 2459 47 711 245
4294 1649 49 1102 1658
4295 245 708 731 242
4296 1129 49 1102 1105
4297 718 702 748 2322
4298 725 2103 2158 467
4299 347 256 2283 1241
4300 1098 1100 337 1134
4301 1903 1909 684 2361
4302 1206 1201 1213 1237
4303 1219 1233 232 2230
4304 222 760 699 1915
4305 2254 719 699 2295
4306 683 702 1915 246
4307 2101 48 469 756
4308 2101 2295 469 689
4309 2466 719 2254 1755
4310 1916 1755 2254 719
4311 2466 1755 2254 1916
4312 1937 2168 2208 882
4313 2361 1755 2200 686
4314 2397 50 222 2466
4315 2397 467 222 50
4316 2466 467 222 1755
4317 50 467 222 2466
4318 253 2021 725 2103
4319 2322 246 748 2020
4320 222 1755 725 760
4321 2021 1755 725 222
4322 232 1201 1197 1200
4323 259 742 761 215
4324 2397 2021 725 222
4325 222 760 725 2397
4326 59 2103 725 2397
4327 1138 1100 271 1957
4328 2397 467 725 2021
4329 1915 683 725 760
4330 2099 683 725 1915
4331 2099 59 725 2397
4332 725 760 748 60
4333 2397 50 725 467
4334 2103 50 725 2397
4335 2103 467 725 50
4336 683 2099 725 2397
4337 2397 760 725 683
4338 725 467 2158 2021
4339 2078 1651 2497 1106
4340 711 733 244 721
4341 239 2477 254 2205
4342 502 2224 1142 1124
4343 1427 1914 726 743
4344 845 857 874 844
4345 2021 2103 2158 725
4346 1237 358 1213 1206
4347 246 473 748 257
4348 689 2477 465 2101
4349 2101 2466 469 2254
4350 2424 2295 2101 689
4351 2254 719 2101 1916
4352 2080 1528 2259 466
4353 465 689 2141 1426
4354 2466 1916 2101 756
4355 2254 1916 2101 2466
4356 2254 2295 2101 719
4357 2361 2205 2101 2477
4358 2361 1755 2101 719
4359 1916 1755 2101 2361
4360 1916 719 2101 1755
4361 1427 2080 1426 466
4362 1528 1427 466 2080
4363 1114 273 2064 1092
4364 708 1518 245 235
4365 466 2080 2141 2259
4366 2062 1134 1129 337
4367 1590 895 326 2167
4368 1426 466 2141 465
4369 1984 46 464 2079
4370 1903 2205 254 2385
4371 1957 1104 1114 1138
4372 2064 31 1140 1104
4373 1521 2256 2400 754
4374 2459 466 743 731
4375 366 1130 1118 1117
4376 2061 49 1102 2062
4377 2102 2256 746 1759
4378 1663 1098 337 1134
4379 731 254 1406 1529
4380 1649 1658 1102 1118
4381 2060 1114 2064 1092
4382 2223 338 2062 49
4383 2223 1134 2062 338
4384 1663 2223 2062 49
4385 1663 1134 2062 2223
4386 49 1134 2062 1663
4387 1105 1098 1667 337
4388 2459 47 743 1528
4389 1841 2062 1667 2061
4390 1559 487 1930 1570
4391 2346 733 758 1518
4392 2061 1841 1102 1118
4393 1956 1649 1118 366
4394 1104 1955 1957 1098
4395 1133 1135 1140 1100
4396 34 1572 118 531
4397 244 245 758 1518
4398 271 1100 1123 1667
4399 1098 2060 1957 1104
4400 1957 1133 1123 1100
4401 1104 1955 1140 1123
4402 366 1658 2061 338
4403 268 1585 1782 1565
4404 1649 1658 1118 366
4405 1098 1100 1667 337
4406 743 2459 758 47
4407 726 47 758 244
4408 1578 531 1590 73
4409 2223 338 2061 1658
4410 1129 2062 1102 49
4411 2061 2062 1102 1129
4412 2223 1658 1102 49
4413 2061 1658 1102 2223
4414 2061 2223 1102 338
4415 49 338 1102 2223
4416 2061 338 1102 49
4417 1123 1100 1140 337
4418 1123 1955 1140 1133
4419 1129 1105 1667 1841
4420 845 1785 1454 1927
4421 2409 2440 1009 2177
4422 1098 1133 1957 1100
4423 1955 1133 1957 1098
4424 1092 31 2060 29
4425 1092 271 1957 1114
4426 32 851 836 1580
4427 1104 31 1140 1135
4428 354 841 1985 73
4429 2064 1114 1140 1123
4430 2114 1563 837 2036
4431 892 1585 268 1565
4432 2059 1099 33 1107
4433 1839 455 1141 350
4434 1840 272 1651 267
4435 1665 57 1106 1651
4436 1098 1100 271 1667
4437 1957 1100 271 1098
4438 1957 1098 271 1105
4439 1957 1105 271 1129
4440 1667 1105 271 1098
4441 1129 1105 271 1667
4442 855 348 881 328
4443 853 855 868 1566
4444 877 328 1937 881
4445 551 394 1825 133
4446 1931 839 894 1793
4447 840 2034 848 1778
4448 1092 29 1139 31
4449 2279 29 1139 1092
4450 2279 31 1139 29
4451 1782 1585 1560 871
4452 2060 2279 1839 1092
4453 1957 1955 1123 1133
4454 839 1992 536 537
4455 1104 1957 1123 1138
4456 1104 1955 1123 1957
4457 1104 1133 1140 1955
4458 1104 1135 1140 1654
4459 1133 1654 1140 1135
4460 1104 1654 1140 1133
4461 1123 1138 1140 1104
4462 1114 1138 1140 1123
4463 1114 1104 1140 1138
4464 2060 1114 1140 2064
4465 2060 1104 1140 1114
4466 2064 1104 1140 2060
4467 1107 1114 1092 749
4468 2158 2021 730 253
4469 246 257 748 2020
4470 272 1107 33 57
4471 1662 57 2078 2059
4472 2034 1927 839 840
4473 57 1107 33 1099
4474 60 473 748 2293
4475 1961 1107 1141 2059
4476 248 2168 2429 2208
4477 1571 339 268 1585
4478 686 253 730 2021
4479 1839 2279 1653 455
4480 1839 1107 1653 33
4481 360 1792 2352 890
4482 351 890 2375 360
4483 2379 1837 1840 456
4484 874 845 883 857
4485 1884 1993 351 2388
4486 2441 1843 90 1093
4487 728 1527 1514 1223
4488 122 839 537 1992
4489 536 1992 2457 874
4490 2457 882 2353 852
4491 1915 760 60 2020
4492 575 1633 1008 1640
4493 60 760 748 2020
4494 1262 498 2320 499
4495 2138 2018 723 217
4496 2435 342 1932 898
4497 1785 857 1927 845
4498 725 2103 240 219
4499 874 839 2353 2034
4500 1927 839 1992 857
4501 1101 456 1840 1837
4502 2034 857 874 839
4503 2034 1778 2353 874
4504 2279 273 1839 1092
4505 348 1933 861 1452
4506 1933 877 850 1576
4507 2379 1665 1840 272
4508 336 1651 2497 2078
4509 1452 1576 535 1786
4510 231 1203 1863 1274
4511 1139 273 1839 2279
4512 1880 838 1568 2486
4513 1043 1638 2417 1637
4514 1586 842 835 269
4515 840 2034 828 839
4516 1793 839 894 536
4517 840 1778 828 2034
4518 1778 852 2442 2034
4519 843 328 2303 855
4520 840 877 876 848
4521 882 852 2442 1778
4522 1927 857 883 845
4523 577 151 1887 1464
4524 1284 1330 402 1269
4525 1937 1778 2353 882
4526 2034 852 2353 1778
4527 1060 2330 1027 1631
4528 855 348 1452 881
4529 1027 1060 993 1828
4530 1037 2126 346 1952
4531 348 2168 877 328
4532 348 328 877 881
4533 881 1576 877 348
4534 877 881 1937 848
4535 385 1829 1060 2330
4536 2475 1783 891 903
4537 1406 465 239 2259
4538 1562 842 835 1586
4539 1230 1221 2283 341
4540 828 2034 1793 839
4541 1880 2486 1568 1589
4542 855 348 843 1452
4543 876 840 882 828
4544 1937 1778 882 848
4545 1937 848 882 876
4546 848 840 882 876
4547 848 1778 882 840
4548 1778 2034 1793 828
4549 857 1927 536 1992
4550 2230 676 2138 1219
4551 845 874 883 2457
4552 874 857 883 1938
4553 1992 839 874 857
4554 2132 2224 2063 1142
4555 1142 359 2063 2264
4556 1107 1092 1839 749
4557 2442 870 248 1567
4558 1992 857 874 536
4559 1120 1110 1106 1651
4560 69 486 485 71
4561 119 532 534 533
4562 2435 342 898 2475
4563 883 1927 889 1938
4564 1274 2316 1863 231
4565 1992 874 2353 2457
4566 1992 839 2353 874
4567 536 852 2353 839
4568 2457 852 2353 536
4569 536 1992 2353 2457
4570 536 839 2353 1992
4571 2103 253 219 725
4572 869 2325 867 854
4573 126 2166 541 352
4574 2412 1861 1760 694
4575 1237 1201 1213 263
4576 267 749 1107 1099
4577 2185 1668 1196 2236
4578 874 857 1938 1927
4579 869 1933 867 2325
4580 1256 252 1253 1291
4581 2279 1109 1653 1960
4582 253 2021 240 725
4583 1127 1128 90 1097
4584 330 845 887 883
4585 1199 2042 2375 896
4586 2084 539 1723 124
4587 539 889 1723 124
4588 2042 1587 1199 1588
4589 844 845 887 330
4590 1785 845 887 844
4591 844 330 887 1785
4592 891 1938 260 889
4593 2158 761 2103 259
4594 2103 2158 259 219
4595 902 1783 903 1575
4596 902 2032 870 1783
4597 545 352 541 2166
4598 55 748 471 2293
4599 217 727 723 2138
4600 998 1639 1041 573
4601 2042 352 2375 908
4602 1514 728 217 2478
4603 1581 349 353 1195
4604 267 2274 1840 272
4605 474 215 761 2293
4606 1128 1843 90 2441
4607 240 2021 215 725
4608 1793 1933 867 850
4609 2435 903 899 1575
4610 155 1734 1747 619
4611 2435 1575 899 340
4612 43 721 746 46
4613 897 855 853 1566
4614 830 71 70 485
4615 723 729 2292 2336
4616 1514 753 55 759
4617 270 1291 2458 1256
4618 219 253 2011 240
4619 882 345 2208 854
4620 682 718 1219 1508
4621 725 760 60 1915
4622 676 1861 1219 682
4623 1219 1233 2230 676
4624 1233 676 1219 1508
4625 1860 2455 2292 694
4626 55 692 761 728
4627 692 742 761 259
4628 2221 2196 1657 1666
4629 55 742 761 692
4630 240 2103 215 59
4631 725 2103 215 240
4632 725 59 215 2103
4633 60 2020 748 257
4634 246 2322 748 702
4635 60 257 748 473
4636 259 742 215 240
4637 718 2322 748 682
4638 718 60 748 1756
4639 728 742 55 692
4640 1219 694 2292 727
4641 471 2293 470 51
4642 725 59 60 215
4643 725 2099 60 59
4644 2412 718 1219 682
4645 2412 682 1219 1861
4646 2293 2369 60 257
4647 2293 2099 60 2369
4648 59 2293 60 215
4649 59 2099 60 2293
4650 506 501 2144 1111
4651 1508 718 1219 1756
4652 2018 1527 2230 1223
4653 473 2293 60 257
4654 215 759 748 1756
4655 2293 2081 471 474
4656 723 727 1198 693
4657 60 2293 748 215
4658 2293 51 471 2081
4659 1756 753 470 52
4660 2462 2082 1090 1439
4661 1223 1219 2230 2018
4662 2219 2224 1120 1124
4663 741 676 1219 694
4664 676 2336 1219 694
4665 2018 2011 742 692
4666 470 2292 472 1760
4667 1320 75 1262 1430
4668 2422 676 2230 1233
4669 2478 727 693 2018
4670 2103 259 761 474
4671 1514 1527 2478 1223
4672 2352 1792 2037 2326
4673 1197 1584 2334 2230
4674 1230 1213 1218 1221
4675 55 2103 761 474
4676 1233 1242 2230 2422
4677 1588 1587 1199 2486
4678 2230 1219 2138 2018
4679 2337 1318 77 1249
4680 130 2414 2487 866
4681 2230 232 1197 1200
4682 541 126 908 1926
4683 2018 1527 728 692
4684 729 2455 2038 407
4685 539 1453 2490 2489
4686 2085 1936 873 546
4687 67 576 1007 391
4688 1090 94 1439 2277
4689 1584 872 879 1579
4690 1233 2230 1200 232
4691 1206 2230 1200 1233
4692 890 1589 1928 2166
4693 1230 1200 1201 1206
4694 904 1797 1696 905
4695 2138 676 2334 225
4696 1206 1584 1197 1929
4697 1204 358 365 1206
4698 352 2166 908 126
4699 546 873 2490 1880
4700 1258 2405 2038 1238
4701 1694 1116 1196 1131
4702 1126 2138 1195 1252
4703 1653 57 33 1108
4704 2081 477 474 2293
4705 1971 1784 1228 365
4706 879 872 349 1792
4707 1584 872 349 879
4708 1584 1792 349 872
4709 2334 2138 1195 1126
4710 2405 1258 2038 1309
4711 2334 1252 1195 2138
4712 1103 2276 1652 2421
4713 759 753 470 1756
4714 1859 2455 407 405
4715 873 2489 2490 1880
4716 55 753 470 759
4717 1197 2230 2334 2138
4718 1119 1093 2222 438
4719 1127 2065 90 1093
4720 587 586 1998 1466
4721 2336 2455 729 1860
4722 1884 2116 862 1579
4723 529 2184 1084 83
4724 1630 388 146 2408
4725 748 1756 470 472
4726 872 2326 2037 1792
4727 2082 2462 1090 1438
4728 1837 2063 1101 456
4729 728 1514 761 55
4730 471 753 470 55
4731 1211 1696 856 1584
4732 1589 1936 878 1928
4733 90 2185 1097 1128
4734 389 510 2382 1280
4735 846 878 1757 2326
4736 1589 2354 1880 2486
4737 1589 2354 878 1936
4738 693 694 1760 1861
4739 692 1527 728 742
4740 692 217 728 2018
4741 1223 742 728 1527
4742 759 742 728 1223
4743 473 2293 471 748
4744 2293 474 471 55
4745 694 2336 2292 1860
4746 846 890 2037 2352
4747 2336 1238 729 2455
4748 474 2293 761 55
4749 360 1792 2037 2352
4750 36 456 1840 1101
4751 1113 509 2277 1439
4752 748 2293 55 215
4753 215 759 55 748
4754 215 742 55 759
4755 1514 728 2478 1527
4756 2018 1527 2478 728
4757 52 472 470 1756
4758 473 2293 470 471
4759 729 1860 2292 2336
4760 1514 759 2478 753
4761 1223 759 2478 1514
4762 1756 753 2478 759
4763 2405 1214 2038 1238
4764 1219 759 2478 1223
4765 1756 759 2478 1219
4766 52 753 470 471
4767 407 1859 2292 2455
4768 2219 2421 1110 54
4769 846 1936 2210 878
4770 1792 2326 2352 879
4771 1928 2354 878 1589
4772 330 1928 2354 878
4773 1652 1124 1656 2421
4774 1668 2187 1694 1131
4775 2196 1125 2391 1657
4776 1666 2196 1657 1112
4777 875 1656 359 2488
4778 2488 1666 2391 1657
4779 1840 456 1651 1120
4780 2065 438 1121 2222
4781 16 1844 2390 1103
4782 1119 438 1121 16
4783 1657 1666 2391 2221
4784 1659 504 1958 1436
4785 545 2166 541 126
4786 1837 1652 1656 54
4787 32 1580 836 1559
4788 1648 57 267 2059
4789 841 531 1578 73
4790 2059 2078 1961 336
4791 1662 57 1651 2078
4792 2292 727 1198 723
4793 1126 405 2038 329
4794 2292 693 1198 727
4795 879 1579 2116 1929
4796 1258 729 1252 1238
4797 1874 1668 2185 2236
4798 407 2455 2038 405
4799 694 2455 2292 1859
4800 1237 358 365 255
4801 1258 1238 2038 729
4802 502 2264 1142 2144
4803 1861 741 693 694
4804 1928 2166 2210 846
4805 1127 1097 1113 1128
4806 1219 1861 1760 2412
4807 52 1219 1760 718
4808 2412 718 1760 1219
4809 52 718 1760 2412
4810 693 1219 1760 2478
4811 52 2478 1760 1219
4812 693 2478 1760 52
4813 693 1861 1760 741
4814 1219 741 1760 1861
4815 693 741 1760 1219
4816 729 2336 723 1252
4817 2138 1219 723 2018
4818 2018 1219 723 727
4819 2236 1131 1196 1116
4820 1581 1195 353 329
4821 225 1252 723 2336
4822 2138 1252 723 225
4823 676 1219 723 2138
4824 1116 1131 1694 1207
4825 2292 727 723 1219
4826 1874 1439 2277 509
4827 405 1238 2038 1214
4828 676 225 723 2336
4829 2138 225 723 676
4830 676 2336 723 1219
4831 2292 1219 723 2336
4832 2185 2186 53 1838
4833 1115 1958 504 2221
4834 2037 360 2388 872
4835 2195 278 1432 1365
4836 723 2138 1126 1252
4837 1195 879 1581 349
4838 2038 1573 353 2116
4839 1884 2116 1202 2282
4840 723 729 1126 1198
4841 723 1252 1126 729
4842 729 1238 2038 2455
4843 1837 57 2379 272
4844 1703 158 2445 2451
4845 729 1258 1252 1126
4846 272 2063 1101 1837
4847 1661 1115 2221 1958
4848 1126 729 2038 405
4849 2455 1238 2038 405
4850 879 349 2116 1581
4851 872 879 2116 1581
4852 872 1579 2116 879
4853 349 1584 2116 1929
4854 879 1584 2116 349
4855 879 1929 2116 1584
4856 2185 1838 1128 406
4857 94 1439 2277 1874
4858 507 1438 1661 1127
4859 1436 1958 1659 1873
4860 875 359 2391 2488
4861 2116 349 353 1581
4862 1986 1255 1243 2139
4863 544 2166 545 126
4864 1349 641 1446 1348
4865 1579 872 2388 360
4866 1136 2187 2185 1668
4867 2222 1093 90 2065
4868 1874 2410 2185 1668
4869 1874 1097 2185 2410
4870 1127 1090 1113 1661
4871 1136 2410 2185 1097
4872 1668 2410 2185 1136
4873 1090 1438 1661 507
4874 1127 1128 1113 1090
4875 1136 1838 1128 2185
4876 2185 1097 1128 1136
4877 1842 1097 1128 507
4878 507 2441 1128 1842
4879 2222 1873 90 1666
4880 1136 2441 1128 1838
4881 406 1838 1128 2441
4882 1842 2441 1128 1136
4883 2410 1842 1128 1136
4884 2410 1097 1128 1842
4885 1136 1097 1128 2410
4886 1695 1207 1196 1694
4887 1694 405 1196 1695
4888 1214 1695 1196 405
4889 1207 1695 1196 1214
4890 2236 1874 1196 2185
4891 2236 508 1196 1874
4892 1694 1131 1196 1668
4893 2236 1668 1196 1131
4894 1438 1094 1661 1127
4895 1579 1929 2388 1884
4896 1438 1094 1127 1843
4897 1884 1929 1205 1579
4898 90 1657 2222 1666
4899 1093 1094 1127 2065
4900 1873 2065 1127 1094
4901 1843 1094 1127 1093
4902 1128 507 1127 1843
4903 1438 1843 1127 507
4904 1127 1843 90 1128
4905 1873 2065 90 1127
4906 507 1439 1113 1090
4907 1127 1666 90 1873
4908 1197 1206 365 2230
4909 2185 1838 53 1136
4910 1115 1095 504 89
4911 1128 507 1090 1127
4912 1113 1097 2277 1874
4913 94 508 2277 1116
4914 472 2292 694 1760
4915 1136 2187 53 2185
4916 1091 1439 1113 507
4917 1128 507 1113 1090
4918 1128 1097 1113 507
4919 509 1097 1113 1874
4920 509 1439 1113 1091
4921 1842 1091 1113 507
4922 507 1097 1113 1842
4923 509 1091 1113 1842
4924 2410 509 1113 1842
4925 2410 1097 1113 509
4926 1842 1097 1113 2410
4927 1119 2441 53 1137
4928 504 89 506 1115
4929 1837 456 2379 1120
4930 16 438 2390 1844
4931 1652 1121 1657 2390
4932 1795 2486 1880 2489
4933 1661 2462 1659 1094
4934 2222 1666 1657 1121
4935 438 1112 1121 2390
4936 2065 1666 1121 1112
4937 2276 1844 1103 1664
4938 693 753 2478 52
4939 1137 2222 1121 1119
4940 1959 1656 359 875
4941 2488 875 1111 2391
4942 873 1936 1880 546
4943 2488 1657 2391 1125
4944 1664 1124 1652 2276
4945 1664 1959 1652 1124
4946 1664 2276 1652 1103
4947 1090 2462 1659 1661
4948 2196 1666 2221 1095
4949 1111 1125 506 501
4950 1959 875 502 2144
4951 504 505 506 89
4952 1844 1103 1657 2390
4953 1112 1844 1657 2390
4954 1112 2196 1657 1844
4955 875 501 2144 1959
4956 1652 1657 1656 2488
4957 2196 1125 1657 1664
4958 1664 1844 1657 2196
4959 1844 1664 1657 1103
4960 1125 501 2488 1664
4961 1657 1125 2488 1664
4962 1652 1959 1656 1124
4963 1657 1664 2488 1103
4964 1652 1103 2488 1664
4965 1657 1103 2488 1652
4966 875 1656 501 1959
4967 1664 1959 1656 1652
4968 1664 501 1656 1959
4969 2488 501 1656 1664
4970 2488 1664 1656 1652
4971 54 2219 1656 1124
4972 2421 2219 1656 54
4973 2421 1124 1656 2219
4974 1127 1958 1659 1661
4975 2184 1054 83 2310
4976 1661 1094 1659 1127
4977 2391 1657 1115 2196
4978 2221 1657 1115 2391
4979 2221 2196 1115 1657
4980 2196 1095 1115 89
4981 2221 1095 1115 2196
4982 1094 1873 1659 1127
4983 1127 1666 1659 1958
4984 1873 1666 1659 1127
4985 1873 1958 1659 1666
4986 89 1095 504 505
4987 2221 1095 504 1115
4988 2221 1958 504 1095
4989 1436 1095 504 1958
4990 1115 2391 506 1111
4991 2196 1125 506 2391
4992 2196 89 506 1125
4993 1115 89 506 2196
4994 1115 2196 506 2391
4995 2272 1631 1069 1027
4996 1142 2264 2063 2132
4997 890 360 549 2037
4998 846 2037 549 2210
4999 2414 132 130 1797
5000 57 1099 267 1107
5001 1013 391 1007 1025
5002 1011 1631 1069 2272
5003 999 2408 399 1822
5004 1589 1936 1880 2354
5005 866 2414 2487 1724
5006 544 2210 2085 1928
5007 359 2264 1142 502
5008 502 1124 1142 359
5009 359 1124 1142 54
5010 2219 2224 1142 54
5011 2219 1124 1142 2224
5012 54 1124 1142 2219
5013 54 2224 1110 2219
5014 1106 1109 2497 1653
5015 324 69 70 830
5016 749 1139 350 273
5017 1665 272 1651 1840
5018 57 1108 1106 2078
5019 1120 1660 1110 1665
5020 2279 1108 1653 1109
5021 488 2263 858 1559
5022 1777 119 2239 532
5023 350 1099 1141 1107
5024 2063 2264 1101 2132
5025 749 273 1839 1139
5026 1651 1110 1106 1665
5027 2063 359 1101 2264
5028 1960 455 1653 2279
5029 616 2094 2248 2415
5030 2274 1101 1096 2132
5031 2059 1107 1141 1099
5032 336 1109 2497 1960
5033 749 1099 350 1107
5034 272 2063 267 1101
5035 2059 1096 267 1648
5036 57 1107 267 272
5037 834 2167 1586 895
5038 2274 1662 2059 1096
5039 2274 1648 1096 2059
5040 2034 877 840 848
5041 1662 1096 267 2059
5042 2059 57 267 1662
5043 1096 2274 267 272
5044 1662 2274 267 1096
5045 1110 1665 1651 1120
5046 1120 2224 1110 1837
5047 57 1099 33 1648
5048 1653 2060 2279 1839
5049 1110 1660 1106 1665
5050 350 1139 1839 455
5051 749 1139 1839 350
5052 2279 455 1839 1139
5053 1839 749 1653 1107
5054 350 749 1653 1839
5055 350 1107 1653 749
5056 33 57 2078 1108
5057 2059 57 2078 33
5058 1651 1120 2497 1106
5059 456 2224 1120 1837
5060 1120 1660 2379 1110
5061 1110 1837 2379 1120
5062 1840 1120 1651 1665
5063 1142 2224 36 2132
5064 1653 1960 1961 455
5065 339 1586 2456 1562
5066 1665 272 2379 57
5067 888 2115 830 2035
5068 2421 2219 1110 2276
5069 1837 2063 36 2224
5070 456 2063 36 1837
5071 1837 2224 36 456
5072 2063 456 36 1101
5073 1101 2132 36 2063
5074 1819 1830 1064 2125
5075 502 2224 36 1142
5076 1665 57 1651 272
5077 267 1662 1651 1840
5078 336 1120 2497 1651
5079 2263 888 1930 1791
5080 2078 1106 2497 336
5081 1120 1660 1840 2379
5082 1120 1665 1840 1660
5083 57 1662 1651 267
5084 267 272 1651 57
5085 350 455 1141 1139
5086 2059 1099 1141 1648
5087 2078 1108 336 33
5088 1106 1108 336 2078
5089 1580 1559 72 2263
5090 33 2059 336 2078
5091 2059 1648 1141 350
5092 1012 1085 2181 2129
5093 895 531 344 34
5094 336 1960 1961 1109
5095 1653 1109 1961 1960
5096 486 2115 888 35
5097 1791 886 1790 2263
5098 2497 1109 1961 1653
5099 336 1109 1961 2497
5100 2497 1653 1961 336
5101 1653 33 1961 336
5102 1653 1107 1961 33
5103 33 2059 1961 336
5104 33 1107 1961 2059
5105 455 31 1141 1139
5106 851 865 1779 1570
5107 1653 1107 1141 1961
5108 1653 350 1141 1107
5109 1839 350 1141 1653
5110 1653 455 1141 1839
5111 1961 455 1141 1653
5112 2265 884 332 2113
5113 888 486 69 2115
5114 486 35 69 2115
5115 69 35 830 2115
5116 354 863 34 1572
5117 2302 1985 1788 1779
5118 73 1578 269 1590
5119 487 2263 1930 886
5120 888 486 1791 886
5121 2035 1564 2209 71
5122 1572 531 34 354
5123 69 2351 2501 486
5124 888 2115 2035 35
5125 886 35 1790 865
5126 865 1570 1930 487
5127 2301 884 332 2265
5128 888 35 1791 486
5129 886 2263 1791 888
5130 488 1582 858 2263
5131 834 34 118 327
5132 344 34 326 895
5133 2329 2313 1069 993
5134 1570 865 1930 1790
5135 158 1703 591 2318
5136 841 73 354 531
5137 1789 1580 326 836
5138 487 886 1930 865
5139 1069 1060 1623 993
5140 888 2115 1582 2263
5141 2351 2115 1582 888
5142 35 486 71 886
5143 1582 2263 488 2501
5144 354 863 1572 1985
5145 1562 842 892 1571
5146 2265 832 2301 2404
5147 2355 1781 2265 1569
5148 69 2115 331 2351
5149 831 1564 70 485
5150 1791 35 2035 1790
5151 831 2301 70 332
5152 2113 1404 331 332
5153 1569 1781 1404 832
5154 332 832 831 2301
5155 2404 1569 2265 832
5156 1017 1817 2175 1003
5157 2355 1569 2265 2404
5158 333 1583 2113 884
5159 1404 1781 2113 1583
5160 832 1781 1404 1583
5161 831 324 331 332
5162 383 2218 2174 1077
5163 61 1629 2311 1953
5164 2301 2265 332 1404
5165 71 1564 485 830
5166 831 1404 331 2115
5167 832 2209 831 2301
5168 1404 1583 2113 1561
5169 34 531 344 863
5170 269 2167 835 1586
5171 1561 1583 2113 333
5172 2301 2404 485 2265
5173 324 2351 331 1582
5174 2265 884 2113 1781
5175 2265 1781 2113 1404
5176 1404 2265 332 2113
5177 832 2209 2301 2404
5178 830 888 831 2115
5179 1404 832 332 2301
5180 2209 2404 485 2301
5181 2209 71 485 2404
5182 2209 1564 485 71
5183 324 2351 70 69
5184 332 324 70 831
5185 69 2351 331 324
5186 1582 2351 331 2115
5187 1582 2115 331 2263
5188 485 69 70 2301
5189 832 1564 831 2209
5190 485 2209 831 1564
5191 2301 2209 831 485
5192 831 830 70 1564
5193 324 830 70 831
5194 485 1564 70 830
5195 831 332 331 1404
5196 831 2115 331 830
5197 831 830 331 324
5198 830 69 331 324
5199 830 2115 331 69
5200 327 895 118 834
5201 1631 2330 2273 121
5202 1985 354 2302 841
5203 2501 1582 858 488
5204 1590 834 2456 118
5205 530 118 2456 1787
5206 2033 354 858 2302
5207 851 1572 836 1789
5208 858 1582 72 2263
5209 861 860 893 1577
5210 2033 354 2302 1985
5211 1779 1788 1789 1580
5212 1586 842 2456 1562
5213 858 1559 72 488
5214 836 851 1794 1572
5215 2204 708 235 2023
5216 73 531 1985 354
5217 325 849 269 1787
5218 488 1788 72 858
5219 1985 841 2302 73
5220 1787 849 2456 530
5221 829 119 1565 864
5222 1930 836 1559 32
5223 1586 842 269 2456
5224 1586 834 2456 2167
5225 2056 1077 2174 2179
5226 222 467 734 1755
5227 2501 2263 488 487
5228 487 1570 1779 865
5229 1572 863 836 2033
5230 1778 882 1793 345
5231 1985 863 1572 2033
5232 341 347 1250 2458
5233 72 2033 1789 863
5234 1580 1788 72 488
5235 2501 2351 858 1582
5236 1570 1559 488 1779
5237 1570 487 488 1559
5238 1779 487 488 1570
5239 893 843 2325 348
5240 1787 849 269 2456
5241 1571 834 2456 339
5242 72 1788 1789 2302
5243 1580 1788 1789 72
5244 72 2302 1789 2033
5245 1779 1559 1580 1570
5246 1789 2033 836 863
5247 1577 1777 2114 119
5248 344 895 326 1590
5249 1572 2033 836 1789
5250 1518 708 245 242
5251 1779 1788 1580 488
5252 488 1559 1580 1779
5253 354 531 34 863
5254 1779 2302 1789 1788
5255 1985 2033 1789 2302
5256 1572 2033 1789 1985
5257 1590 2167 118 895
5258 851 1779 1789 1580
5259 1779 851 1789 1572
5260 1779 1572 1789 1985
5261 1779 1985 1789 2302
5262 836 327 30 32
5263 339 1586 835 268
5264 1570 1779 32 1580
5265 892 842 268 1571
5266 1570 851 32 1779
5267 1572 851 1794 34
5268 532 860 859 1777
5269 836 32 30 1794
5270 32 851 1794 836
5271 32 1570 1794 851
5272 993 2329 1623 1069
5273 1578 841 849 354
5274 1571 1585 268 827
5275 1590 1578 344 531
5276 2377 1065 2055 2054
5277 836 327 326 30
5278 895 34 326 327
5279 1590 1578 269 344
5280 1003 1031 1017 1817
5281 1199 352 2375 2042
5282 843 855 2325 348
5283 401 1018 2181 1625
5284 325 892 864 829
5285 1777 860 859 1577
5286 2127 2178 1953 909
5287 1520 2204 235 2023
5288 269 842 835 1590
5289 834 2167 118 1590
5290 344 895 118 531
5291 1590 531 118 73
5292 34 531 118 895
5293 354 863 344 531
5294 1578 863 344 354
5295 354 531 344 841
5296 1578 841 344 531
5297 354 841 344 1578
5298 836 863 326 1789
5299 344 1789 326 863
5300 1140 1139 31 2064
5301 827 119 2114 871
5302 120 1031 2377 1622
5303 2239 119 534 533
5304 119 532 533 2239
5305 344 863 326 34
5306 836 1572 326 863
5307 1794 1572 326 836
5308 34 863 326 1572
5309 34 1794 326 30
5310 34 1572 326 1794
5311 1590 895 118 344
5312 344 531 118 1590
5313 827 1571 2456 1562
5314 1787 842 269 325
5315 881 877 1786 1577
5316 861 1452 843 348
5317 871 119 1565 827
5318 245 2459 731 711
5319 1787 118 2456 1562
5320 1577 881 2114 1563
5321 1863 252 1259 251
5322 118 834 2456 34
5323 1586 2167 835 268
5324 881 1576 1786 877
5325 1830 1030 1036 120
5326 2457 536 1575 340
5327 2239 532 533 1777
5328 1565 842 835 892
5329 73 841 530 849
5330 893 861 1934 860
5331 1472 1484 593 1477
5332 1585 1563 2114 871
5333 120 1031 1036 1830
5334 861 1577 893 843
5335 530 849 847 1787
5336 1571 339 2456 1562
5337 339 834 2456 1586
5338 118 531 530 73
5339 882 1778 1793 840
5340 530 841 847 849
5341 1590 2167 2456 834
5342 530 849 2456 118
5343 1064 1829 2273 909
5344 536 537 1793 839
5345 1777 532 1934 864
5346 530 118 1787 531
5347 1577 1777 1786 859
5348 1069 1631 1623 1060
5349 909 1629 2273 1064
5350 841 849 355 847
5351 355 2239 892 829
5352 843 348 893 861
5353 1836 1011 1057 2272
5354 827 1585 1565 871
5355 1577 1777 1934 2114
5356 869 1937 867 1933
5357 877 1576 1933 348
5358 877 2168 1933 1937
5359 850 1933 867 876
5360 859 860 535 1452
5361 876 1576 850 877
5362 2461 870 1567 902
5363 322 2442 1931 870
5364 877 848 850 876
5365 1937 876 850 848
5366 1933 876 850 1937
5367 1937 877 850 1933
5368 1937 848 850 877
5369 1933 1452 535 850
5370 1933 1576 535 1452
5371 850 1576 535 1933
5372 1030 120 1622 1036
5373 325 842 892 1562
5374 1578 849 269 325
5375 847 849 325 1787
5376 1452 1786 861 881
5377 859 1786 861 1452
5378 1452 860 861 859
5379 534 532 1934 860
5380 325 355 892 829
5381 1577 881 861 1786
5382 859 1577 861 1786
5383 859 860 861 1577
5384 893 348 1934 861
5385 893 860 1934 1577
5386 1777 860 1934 532
5387 850 876 867 1793
5388 1787 847 355 325
5389 897 2168 2429 248
5390 1577 881 843 861
5391 1586 339 835 1562
5392 1571 339 835 268
5393 2303 328 868 855
5394 1566 2303 868 853
5395 2239 847 534 355
5396 1631 385 1623 1060
5397 534 860 1934 861
5398 325 1562 892 355
5399 2036 119 1565 871
5400 1565 892 835 268
5401 847 1787 355 2239
5402 893 843 853 2036
5403 328 855 843 881
5404 892 1585 1565 827
5405 864 534 1934 829
5406 829 119 534 2239
5407 1656 875 501 2488
5408 1787 827 119 1562
5409 1571 827 892 1562
5410 551 394 133 135
5411 2114 1777 864 119
5412 532 119 864 1777
5413 534 119 864 532
5414 829 119 864 534
5415 897 2325 2429 2168
5416 2114 1563 893 1577
5417 1638 1038 2448 2173
5418 244 1518 758 733
5419 43 733 746 721
5420 835 268 1782 1565
5421 893 2114 2036 1563
5422 1586 1585 268 339
5423 252 237 1863 1287
5424 2023 1518 242 708
5425 893 864 2036 1934
5426 1934 2114 2036 893
5427 1586 1560 268 1585
5428 892 827 268 1585
5429 1562 842 269 1787
5430 1934 1777 2036 2114
5431 864 1777 2036 1934
5432 864 2114 2036 1777
5433 2114 119 2036 871
5434 864 119 2036 2114
5435 2456 842 269 1562
5436 1562 1787 269 2456
5437 1571 827 268 892
5438 118 1590 269 2456
5439 2456 849 269 118
5440 118 849 269 73
5441 118 73 269 1590
5442 849 1578 269 841
5443 73 841 269 1578
5444 849 841 269 73
5445 2456 1590 269 2167
5446 2456 2167 269 1586
5447 268 842 835 1571
5448 1562 1571 835 842
5449 339 1571 835 1562
5450 2457 852 260 1938
5451 2325 1933 867 348
5452 2461 2442 1931 345
5453 348 855 2325 328
5454 328 2168 2325 348
5455 877 2168 2325 1933
5456 877 348 2325 2168
5457 1933 348 2325 877
5458 222 1755 2200 719
5459 1225 1230 1218 1221
5460 1406 2477 239 722
5461 2461 2442 2208 1567
5462 1933 2168 869 1937
5463 887 2475 124 539
5464 1264 249 1213 263
5465 2032 1783 260 891
5466 2345 731 758 743
5467 2475 903 901 1783
5468 2461 854 2208 345
5469 1782 871 1560 837
5470 882 828 345 876
5471 867 1937 2208 882
5472 222 1755 734 2021
5473 1009 2129 125 2128
5474 579 2363 580 1080
5475 2325 2168 897 869
5476 1056 2328 1020 2086
5477 248 869 897 2168
5478 2168 328 2429 2303
5479 857 873 1785 1927
5480 123 1826 1827 1061
5481 539 889 124 887
5482 869 855 897 2325
5483 551 394 393 1826
5484 1783 2457 260 891
5485 889 883 880 1927
5486 1589 2486 2475 2354
5487 901 342 1587 903
5488 1783 2032 260 1575
5489 1933 1937 867 876
5490 2442 852 2208 260
5491 837 868 1560 1566
5492 322 260 894 852
5493 887 2354 2475 2486
5494 2486 887 901 2475
5495 2457 1938 260 891
5496 1041 195 1630 2176
5497 870 2032 260 2442
5498 345 882 867 854
5499 838 900 1568 1588
5500 1275 1274 1863 2231
5501 134 135 1012 2177
5502 2418 1037 401 346
5503 330 887 901 2486
5504 1795 1932 838 1587
5505 2210 1936 2085 1928
5506 1086 1635 1836 2480
5507 882 2442 2208 345
5508 1575 1783 891 2457
5509 2486 2354 1880 330
5510 346 2126 401 125
5511 545 1936 546 1589
5512 544 2085 546 545
5513 1638 2240 1038 1632
5514 1009 2128 125 346
5515 1575 2457 260 1783
5516 711 721 244 2079
5517 1221 1230 2283 1225
5518 2032 340 260 1575
5519 2457 340 260 852
5520 1575 340 260 2457
5521 611 2384 1487 615
5522 2442 882 2208 852
5523 235 708 1529 245
5524 1589 546 1568 1880
5525 1778 882 345 2442
5526 365 2422 1228 1211
5527 363 2458 1268 1250
5528 322 870 2461 902
5529 2357 2419 1005 2058
5530 854 322 1931 2461
5531 322 870 1931 2461
5532 854 2461 2208 1567
5533 2461 345 1931 854
5534 1575 340 322 902
5535 902 340 322 2032
5536 260 2032 322 340
5537 870 2032 322 260
5538 2442 870 322 260
5539 854 345 1931 867
5540 231 1272 1863 1203
5541 2461 869 1567 854
5542 2461 2442 1567 870
5543 1588 2486 1199 1589
5544 1863 251 1259 1203
5545 731 245 1529 708
5546 1256 1291 1253 270
5547 908 352 2375 2166
5548 852 2034 1931 2442
5549 345 1778 1931 2034
5550 2442 1778 1931 345
5551 2442 2034 1931 1778
5552 852 839 1931 2034
5553 1793 2034 1931 839
5554 345 2034 1931 1793
5555 260 2442 1931 322
5556 260 852 1931 2442
5557 322 852 1931 260
5558 1567 2442 2208 248
5559 854 1567 2208 248
5560 248 2168 2208 1937
5561 253 742 2011 240
5562 262 1264 261 1245
5563 869 2168 248 1937
5564 367 1253 1259 252
5565 868 2303 2429 328
5566 869 854 248 1567
5567 867 869 248 1937
5568 854 869 248 867
5569 867 882 2208 854
5570 867 854 2208 248
5571 248 1937 2208 867
5572 328 881 2303 1563
5573 843 881 2303 328
5574 1567 869 897 248
5575 843 1577 2303 881
5576 1563 881 2303 1577
5577 1577 843 2303 893
5578 893 1563 2303 1577
5579 43 46 1425 1984
5580 1910 2158 730 219
5581 837 871 1560 1585
5582 897 1566 868 855
5583 2036 1563 853 893
5584 2303 843 853 893
5585 2303 1563 853 1566
5586 2303 893 853 1563
5587 234 1910 684 686
5588 2114 2036 837 1782
5589 2429 837 2303 868
5590 1566 1563 837 2303
5591 853 843 868 855
5592 2303 843 868 853
5593 2303 855 868 843
5594 328 2168 2429 2325
5595 868 328 2429 855
5596 868 855 2429 897
5597 2325 855 2429 328
5598 897 855 2429 2325
5599 1566 1782 1560 837
5600 1782 268 1560 1585
5601 688 2200 1903 2205
5602 853 1566 1782 1565
5603 853 1565 1782 2036
5604 1565 1585 1782 871
5605 2036 871 1782 2114
5606 1565 871 1782 2036
5607 1518 733 244 235
5608 2114 871 837 1585
5609 1782 871 837 2114
5610 853 1566 837 1782
5611 853 1563 837 1566
5612 853 2036 837 1563
5613 1782 2036 837 853
5614 1520 2400 746 2256
5615 1759 2256 746 1425
5616 1759 46 1425 746
5617 2345 758 1515 2385
5618 43 2400 746 1520
5619 1521 1904 1753 2256
5620 686 1910 684 1916
5621 1529 731 743 2259
5622 244 721 726 2079
5623 1518 2023 235 708
5624 731 47 758 2459
5625 720 1914 726 721
5626 743 1528 726 1427
5627 685 229 2159 2347
5628 2345 731 743 1529
5629 1528 466 743 2459
5630 2259 47 2459 466
5631 2345 1529 1515 758
5632 43 2347 1753 721
5633 1903 2361 684 1910
5634 2400 2204 235 1520
5635 235 1515 1529 708
5636 2023 2346 1520 2400
5637 2023 733 1520 2346
5638 1518 733 235 2023
5639 46 721 746 733
5640 254 1910 2205 1903
5641 466 1427 743 1914
5642 726 733 2194 721
5643 466 47 2459 1528
5644 244 2345 758 743
5645 1984 41 1425 43
5646 2200 1755 688 686
5647 2361 1755 686 1916
5648 464 1984 1425 46
5649 2079 47 711 46
5650 245 47 711 2079
5651 235 1520 711 245
5652 235 733 711 1520
5653 2259 731 1406 1529
5654 463 721 726 1427
5655 1528 47 726 2079
5656 2079 46 711 721
5657 733 721 711 46
5658 245 242 731 1518
5659 1916 1755 734 467
5660 245 47 758 731
5661 270 1241 1234 261
5662 1909 686 684 2361
5663 1518 235 244 245
5664 725 2021 734 1755
5665 245 47 731 2459
5666 2385 2205 254 688
5667 711 46 746 733
5668 2256 2102 746 1904
5669 1425 2400 746 43
5670 1425 2256 746 2400
5671 1425 43 746 46
5672 711 733 746 1520
5673 2346 2204 2159 2194
5674 466 2259 731 2459
5675 2459 746 711 47
5676 2345 720 743 722
5677 41 2347 1753 43
5678 686 1909 688 2200
5679 730 234 684 686
5680 1909 253 684 730
5681 1909 2205 1903 2200
5682 688 2385 1903 1909
5683 730 686 684 1909
5684 1237 1233 263 1245
5685 1529 731 758 2345
5686 743 2345 688 2200
5687 743 47 758 726
5688 1753 2347 2159 714
5689 244 733 726 721
5690 743 2424 2200 722
5691 743 731 758 2459
5692 463 1528 726 2079
5693 2079 721 726 463
5694 2346 229 2159 685
5695 2194 733 2159 2346
5696 245 47 726 244
5697 245 2079 726 47
5698 711 245 726 244
5699 711 2079 726 245
5700 244 2079 726 711
5701 41 2256 1753 1904
5702 1425 41 1753 43
5703 1521 754 1753 1904
5704 2347 754 1753 1521
5705 2347 1904 1753 754
5706 42 41 1753 1904
5707 42 2347 1753 41
5708 1759 2256 1753 41
5709 244 733 758 2345
5710 2102 42 1753 1904
5711 2102 2347 1753 42
5712 1904 2347 1753 2102
5713 1520 733 2194 2346
5714 1520 2346 2194 2400
5715 1520 2400 2194 43
5716 1520 43 2194 733
5717 2400 2346 2194 2204
5718 1425 43 2194 2400
5719 1753 43 2194 1425
5720 686 1916 684 2361
5721 2400 2256 2194 1425
5722 1753 1759 2194 2256
5723 1425 2256 2194 1759
5724 1753 1425 2194 41
5725 1759 41 2194 1425
5726 1753 41 2194 1759
5727 1521 2347 2159 1753
5728 1521 685 2159 2347
5729 2204 685 2159 1521
5730 1753 2256 2159 1521
5731 2194 2256 2159 1753
5732 1521 2256 2159 2204
5733 2400 2256 2159 2194
5734 2400 2204 2159 2256
5735 2194 2204 2159 2400
5736 1702 2321 2195 2362
5737 234 686 730 734
5738 2011 219 730 253
5739 2361 719 2200 1755
5740 1406 688 254 2477
5741 2200 722 688 743
5742 758 2345 688 2385
5743 2385 758 1515 242
5744 2259 2459 1406 731
5745 686 2385 688 1909
5746 734 686 688 1755
5747 2477 2424 688 2200
5748 743 722 688 2345
5749 1909 2205 2200 2361
5750 1909 2361 2200 686
5751 2361 2205 2200 2101
5752 2101 719 2200 2361
5753 2101 2477 2200 2424
5754 2205 2477 2200 2101
5755 2101 2295 2200 719
5756 2424 2295 2200 2101
5757 2424 719 2200 2295
5758 1197 1971 365 1204
5759 1200 1201 1222 232
5760 2477 722 688 689
5761 2424 689 688 722
5762 2477 689 688 2424
5763 1910 2205 1903 2361
5764 465 722 239 2477
5765 2459 2259 239 47
5766 1529 242 1515 758
5767 688 2205 1903 2385
5768 688 2205 254 2477
5769 1909 253 730 686
5770 734 1910 730 234
5771 734 1916 730 1910
5772 2158 1910 730 1916
5773 734 2021 730 1916
5774 2158 1916 730 2021
5775 1841 1138 1667 271
5776 1529 708 1515 242
5777 2259 1529 1406 2345
5778 281 1383 1372 1379
5779 1253 251 1259 252
5780 2259 2345 1406 743
5781 688 2477 1406 722
5782 232 1219 1222 1233
5783 688 722 1406 2345
5784 2345 720 1406 743
5785 2345 722 1406 720
5786 465 720 1406 722
5787 465 466 1406 720
5788 2259 466 1406 465
5789 466 2259 1406 743
5790 743 720 1406 466
5791 254 1529 1515 1406
5792 1406 1529 1515 2345
5793 254 1406 1515 688
5794 254 688 1515 2385
5795 688 2345 1515 2385
5796 1406 2345 1515 688
5797 249 1237 263 1264
5798 1213 1201 1230 1225
5799 1931 322 894 852
5800 1256 1245 262 1241
5801 261 1245 263 1241
5802 270 1234 341 361
5803 1909 2021 240 253
5804 386 2480 1074 2180
5805 83 1054 1084 2467
5806 1200 1233 1222 1237
5807 263 1237 1222 1233
5808 263 1201 1222 1237
5809 347 1241 2283 341
5810 900 1589 1568 1588
5811 2414 129 905 547
5812 252 1287 1863 1275
5813 2230 1219 1222 232
5814 1256 1263 1241 262
5815 1234 1241 2283 261
5816 1263 256 1241 262
5817 367 1291 2458 270
5818 193 2419 1005 2213
5819 1588 1587 838 1932
5820 2482 255 907 249
5821 1263 1241 347 341
5822 341 1221 2283 347
5823 1931 1793 894 345
5824 263 261 1225 1245
5825 1264 1245 1225 261
5826 263 1245 1225 1264
5827 1638 2173 2448 2271
5828 1390 1399 207 1366
5829 2458 1291 1268 1250
5830 1909 1515 2385 1903
5831 898 342 1932 2475
5832 1203 1272 1863 251
5833 1247 1218 1240 1232
5834 367 252 1259 2231
5835 870 897 248 1567
5836 2422 1211 365 1971
5837 1234 261 2283 1225
5838 1221 1247 1232 1218
5839 2283 347 1232 256
5840 1271 1269 1278 184
5841 361 341 2458 367
5842 270 1241 341 1234
5843 270 1256 341 1241
5844 1234 361 2283 341
5845 1227 255 365 358
5846 261 1241 2283 262
5847 1221 1264 2283 262
5848 261 262 2283 1264
5849 1230 1201 2283 1225
5850 1287 252 2231 1275
5851 1287 1291 2231 252
5852 1227 357 907 358
5853 1087 1037 2418 346
5854 252 251 1863 237
5855 1287 1330 2231 1291
5856 1294 1275 1292 2316
5857 1272 1287 1863 237
5858 1272 237 1863 251
5859 1275 2468 1863 2316
5860 2468 1272 1863 231
5861 1332 2468 1863 231
5862 1332 2316 1863 2468
5863 231 2316 1863 1332
5864 241 1272 1863 2468
5865 1287 1272 1863 241
5866 241 2468 1863 1287
5867 361 270 2458 341
5868 367 270 2458 361
5869 1863 2231 1259 252
5870 367 2231 1259 1863
5871 1626 2313 2329 62
5872 2489 887 2490 539
5873 1294 1330 402 1284
5874 1325 374 1705 1317
5875 2128 2129 1641 1636
5876 2334 1266 904 1252
5877 2042 1796 908 896
5878 2458 2231 363 367
5879 1332 2316 1304 1331
5880 2003 673 624 191
5881 1263 256 1250 347
5882 1263 1317 1250 256
5883 1263 1291 1250 1317
5884 341 1263 1250 347
5885 2458 1291 1250 1256
5886 1256 1263 1250 341
5887 1256 1291 1250 1263
5888 270 341 1250 2458
5889 270 1256 1250 341
5890 2458 1256 1250 270
5891 1250 1317 1268 256
5892 1696 2334 904 349
5893 1317 1291 1268 1269
5894 1250 1291 1268 1317
5895 2440 123 1821 1646
5896 2199 663 2149 618
5897 907 357 1240 1218
5898 1225 1264 1218 263
5899 549 1993 2414 1724
5900 1221 256 1218 262
5901 536 839 894 852
5902 544 126 866 2210
5903 1218 2482 907 249
5904 1048 1954 67 576
5905 302 299 1333 186
5906 546 1936 1880 1589
5907 1793 536 894 537
5908 1247 1221 1232 256
5909 1221 347 1232 2283
5910 1218 347 1232 1221
5911 1053 1025 1007 1887
5912 1227 358 1212 357
5913 1971 2230 365 2422
5914 249 1264 907 1218
5915 1213 249 907 358
5916 1264 249 907 1213
5917 607 484 1713 66
5918 1283 255 397 907
5919 1218 358 907 357
5920 1213 358 907 1218
5921 1261 1089 80 2337
5922 263 1213 907 1218
5923 263 1264 907 1213
5924 1218 1264 907 263
5925 2480 1725 2180 550
5926 1879 539 880 1723
5927 1587 901 1199 2486
5928 1828 1027 1069 993
5929 2475 889 2435 891
5930 903 2475 2435 891
5931 903 342 2435 2475
5932 1568 541 543 545
5933 545 1435 546 544
5934 128 1887 542 1042
5935 340 260 894 322
5936 340 852 894 260
5937 2166 360 2375 890
5938 1828 2313 1069 1011
5939 2489 1453 124 539
5940 346 2126 125 1009
5941 2085 1936 546 545
5942 2332 392 2271 1642
5943 2435 2475 124 889
5944 395 2058 2419 906
5945 1879 1722 539 2084
5946 1723 899 1935 124
5947 1641 125 2129 2128
5948 61 2329 385 1035
5949 1332 1341 1975 1345
5950 594 1747 1504 631
5951 551 1456 1825 1827
5952 2418 346 401 125
5953 1637 1456 1825 1826
5954 61 2125 1953 2178
5955 53 1207 2186 2187
5956 1625 1018 2181 2309
5957 2180 1836 1074 1835
5958 2440 1051 992 2409
5959 1382 287 315 1401
5960 125 2129 401 2418
5961 887 845 539 883
5962 2177 2126 1009 2129
5963 123 1061 1637 1826
5964 1012 2126 1625 1037
5965 2440 2409 992 2177
5966 42 746 1759 2102
5967 997 2419 2271 193
5968 1057 1011 1074 1828
5969 2243 1497 2244 1483
5970 992 2177 1009 2128
5971 1454 1785 2490 873
5972 1006 1038 2448 2240
5973 1012 134 1625 135
5974 133 394 1825 1826
5975 632 1481 1494 1732
5976 2180 1018 386 2308
5977 2177 134 2128 992
5978 2058 392 1005 2332
5979 2177 135 2128 134
5980 2128 1636 1009 2129
5981 2177 2129 1009 1636
5982 2128 135 1009 1636
5983 2177 135 1009 2128
5984 2177 1636 1009 135
5985 2128 134 1641 992
5986 2128 1636 1641 135
5987 2128 135 1641 134
5988 2128 2409 1641 1051
5989 992 2409 1641 2128
5990 992 1051 1641 2409
5991 1641 135 551 134
5992 1641 134 551 992
5993 1057 1836 1074 1011
5994 1636 135 551 1641
5995 1636 394 551 135
5996 1641 394 551 1636
5997 2417 1043 1034 1006
5998 615 646 2384 1748
5999 546 545 1881 1435
6000 992 134 1012 2177
6001 2242 646 615 1748
6002 2409 1051 123 2440
6003 1010 1055 1824 1021
6004 2440 123 1646 1827
6005 1827 2240 552 1456
6006 549 2210 2085 544
6007 2417 1056 1034 1043
6008 2199 2089 2344 1897
6009 1828 1011 1074 2313
6010 1069 2313 1074 1011
6011 2180 2480 1074 1836
6012 1011 1836 1074 1069
6013 1815 398 994 556
6014 1005 193 2271 2419
6015 992 2440 1646 1827
6016 1827 2240 1646 992
6017 1637 2240 1646 1456
6018 1637 1456 1646 123
6019 193 1646 2271 1038
6020 1827 1456 1646 2240
6021 123 1456 1646 1827
6022 974 1945 940 923
6023 1486 1472 1729 1477
6024 2177 2126 1012 1037
6025 2129 2126 1012 2177
6026 156 155 1888 656
6027 1085 1636 1012 135
6028 2177 135 1012 1636
6029 1636 2129 1012 2177
6030 1085 2129 1012 1636
6031 1888 656 2248 2094
6032 1827 1826 393 1061
6033 1816 1001 2378 2218
6034 1472 1469 1486 606
6035 2480 2180 386 2308
6036 1086 401 386 2480
6037 401 2126 2181 125
6038 1625 135 2309 1012
6039 1631 2272 1057 1027
6040 2180 1835 1074 1626
6041 1012 2126 2309 1625
6042 1012 2129 2309 2126
6043 1641 123 393 1637
6044 1636 2129 401 1085
6045 2308 1018 386 1037
6046 1009 2126 125 2129
6047 1087 1075 1057 1635
6048 2309 2126 2181 1625
6049 1075 1952 1635 1087
6050 1075 1725 1635 1952
6051 2281 2070 1144 1159
6052 1835 1075 1057 1828
6053 401 1037 386 1018
6054 1086 2129 401 1636
6055 1086 2418 401 2129
6056 2480 2449 386 1952
6057 1626 1828 1074 2313
6058 2418 1836 1086 1635
6059 1635 1836 1057 2272
6060 1635 1725 2480 1952
6061 1635 1952 2480 1087
6062 1064 1829 909 1830
6063 2449 1725 2480 550
6064 2418 1635 1086 1087
6065 2054 1036 1819 1017
6066 1085 394 393 1636
6067 2309 1018 2308 1625
6068 1087 1037 1086 2418
6069 1087 1952 1086 1037
6070 346 1037 401 2126
6071 123 1456 1825 1637
6072 1625 1037 401 1018
6073 2449 1952 2480 1725
6074 1828 1725 1835 1075
6075 1066 2357 1624 2058
6076 121 1629 2273 2127
6077 1635 1075 1057 1836
6078 1027 2272 1057 1828
6079 1011 2272 1069 1027
6080 393 1827 1825 1826
6081 1835 1836 1057 1075
6082 1017 2125 2175 1819
6083 1635 1836 2272 1011
6084 993 2313 1069 1828
6085 1828 1075 1057 1027
6086 1828 2272 1057 1011
6087 2127 2125 909 1830
6088 2329 1060 1623 385
6089 121 2330 2273 1829
6090 2330 385 1631 1060
6091 1622 1030 1017 1817
6092 1637 1826 1825 123
6093 1217 2474 529 2184
6094 1629 2127 121 120
6095 1828 1011 1027 2272
6096 551 1827 1825 393
6097 2009 1498 137 2091
6098 1625 2449 2308 550
6099 1065 2054 2377 1031
6100 2127 1830 2377 120
6101 1030 1068 120 1830
6102 868 248 897 2429
6103 1036 1830 1819 1030
6104 2377 2054 2055 1003
6105 2054 1065 1627 1077
6106 2054 1003 2377 1031
6107 1629 2127 120 1068
6108 1569 321 2355 1574
6109 1953 1629 2311 2389
6110 1017 1030 2175 1817
6111 1085 135 133 394
6112 2127 1830 120 1068
6113 1031 1817 2377 1622
6114 401 1037 2181 2126
6115 909 2330 2273 1631
6116 2149 1897 2253 2089
6117 2377 1003 2055 1817
6118 2175 1068 2178 1030
6119 1828 1060 993 385
6120 1733 618 640 2149
6121 2055 1817 2056 1622
6122 2330 385 2389 1631
6123 1030 1068 1622 120
6124 1030 1817 1622 1068
6125 640 1498 2009 2091
6126 592 161 2253 618
6127 2407 556 2053 179
6128 2199 2149 2009 2089
6129 1064 1830 909 2125
6130 659 660 608 163
6131 133 1018 2181 394
6132 2480 1952 386 1086
6133 62 385 993 1060
6134 2242 1748 615 137
6135 2175 2125 2178 1819
6136 1036 1829 1064 1830
6137 1622 1031 1017 1036
6138 1036 1017 2175 1819
6139 1036 1030 2175 1017
6140 1819 1030 2175 1036
6141 1830 1030 2175 1819
6142 1830 1068 2175 1030
6143 2178 2125 1953 909
6144 62 2313 2329 993
6145 2175 1830 2178 1068
6146 1819 1830 2178 2175
6147 1830 2125 2178 2127
6148 1819 2125 2178 1830
6149 1830 2127 2178 1068
6150 1069 2313 1623 2389
6151 1623 2311 385 2389
6152 1040 550 2308 2180
6153 993 1060 1623 2329
6154 2127 1068 1953 2178
6155 2313 62 1626 993
6156 1040 993 1626 62
6157 1086 1037 386 401
6158 2330 1829 121 2389
6159 2127 1629 1953 1068
6160 1631 2330 121 2389
6161 1027 1631 1069 1060
6162 125 2126 2181 2129
6163 1828 1011 1069 1027
6164 62 1040 2329 1626
6165 909 1629 1953 2127
6166 2056 2179 2174 1816
6167 550 2480 2308 2180
6168 1835 2449 1040 1725
6169 550 2449 1040 1835
6170 550 1725 1040 2449
6171 1625 550 2308 2309
6172 1012 2129 2181 2309
6173 1040 1835 1626 993
6174 1827 1456 1825 123
6175 993 1835 1626 1828
6176 993 1828 1626 2313
6177 1430 76 2338 489
6178 125 2129 2181 401
6179 1060 62 2329 993
6180 62 1060 2329 385
6181 1879 1722 880 539
6182 2309 135 133 1012
6183 873 1785 2490 887
6184 993 385 1035 1064
6185 2330 1829 1035 385
6186 993 62 1035 385
6187 61 2125 1035 1064
6188 121 2389 2311 1629
6189 395 2058 1005 2419
6190 551 1826 1825 394
6191 123 1826 1825 1827
6192 1019 2312 1633 67
6193 130 1797 2425 2414
6194 133 1085 2181 1012
6195 61 2329 1035 62
6196 1631 1011 121 2272
6197 2389 1011 121 1631
6198 1011 1629 2389 121
6199 61 385 1623 2311
6200 2178 2125 909 2127
6201 61 385 2311 1035
6202 385 62 1035 2329
6203 1064 385 1035 1829
6204 1068 1030 1953 2178
6205 1012 2309 2181 133
6206 2309 1018 2181 133
6207 394 1085 2181 133
6208 2309 2129 2181 2126
6209 2389 385 1623 1631
6210 1953 2178 2311 61
6211 1069 2389 1623 1631
6212 1069 2329 1623 2313
6213 1626 2313 1623 2329
6214 1064 1629 1953 909
6215 909 2125 1953 1064
6216 1064 2125 1953 61
6217 61 1629 1953 1064
6218 997 2213 2417 1624
6219 2273 121 2311 1629
6220 121 1829 2311 2389
6221 2330 385 2311 2389
6222 1035 385 2311 2330
6223 1626 1040 2308 2180
6224 61 1064 2311 1629
6225 2273 1629 2311 1064
6226 2273 1829 2311 121
6227 1035 2330 2311 1829
6228 2389 1829 2311 2330
6229 1064 61 2311 1035
6230 1035 1829 2311 1064
6231 2273 1064 2311 1829
6232 2308 2449 386 2480
6233 2308 1037 386 2449
6234 1835 1075 2180 1836
6235 1635 2480 2180 1836
6236 1635 1725 2180 2480
6237 1835 1725 2180 1075
6238 1040 1725 2180 1835
6239 1635 1075 2180 1725
6240 1836 1075 2180 1635
6241 1627 1817 2056 1003
6242 1003 1817 2056 2055
6243 1077 2218 2174 2179
6244 1003 2055 2056 1627
6245 1637 123 393 1061
6246 1827 1061 393 123
6247 2449 1625 2308 1037
6248 1018 1037 2308 1625
6249 1641 394 393 551
6250 2480 550 2308 2449
6251 1636 394 393 1641
6252 1625 1037 2181 401
6253 1625 2126 2181 1037
6254 1086 1952 386 1037
6255 2449 1037 386 1952
6256 992 1641 393 551
6257 123 1051 393 1827
6258 123 1641 393 1051
6259 992 1051 393 1641
6260 2440 992 393 1827
6261 2440 1051 393 992
6262 1827 1051 393 2440
6263 1058 1066 1624 1020
6264 1643 2331 1833 995
6265 2093 1481 2004 2142
6266 1880 545 1568 1881
6267 1089 1318 1316 80
6268 1057 1835 1074 1836
6269 1828 1835 1074 1057
6270 1626 1835 1074 1828
6271 1822 399 1643 2496
6272 999 1628 2376 1822
6273 1796 2414 1205 905
6274 576 1053 1007 1887
6275 496 76 75 1328
6276 518 1445 1446 515
6277 1579 2210 2388 2037
6278 1149 1146 418 2136
6279 1884 1202 364 129
6280 1884 2116 364 1202
6281 1430 489 2338 2285
6282 1588 2486 838 1587
6283 1055 1021 86 1824
6284 1192 108 1191 2190
6285 195 2176 146 1630
6286 1319 1297 186 1303
6287 349 2334 904 1195
6288 2423 202 2399 635
6289 856 1797 1796 905
6290 1022 2216 82 2130
6291 1831 1055 2183 1010
6292 167 1889 2426 2290
6293 1630 2331 388 1044
6294 2069 1182 1178 1174
6295 81 84 1019 1052
6296 1071 2182 1643 2496
6297 2331 906 388 1044
6298 2184 1054 2310 2474
6299 1703 1320 1430 76
6300 856 1584 1784 1211
6301 1111 1958 504 1115
6302 1579 360 2388 1929
6303 1454 539 2490 1785
6304 2388 1993 351 2414
6305 2486 901 838 1587
6306 351 1993 1205 2414
6307 1993 548 2414 1724
6308 1431 499 1987 2320
6309 1818 2493 1023 1973
6310 343 351 896 1796
6311 2388 1993 549 1884
6312 2414 1926 866 132
6313 1231 1208 1434 364
6314 525 1451 1157 2134
6315 1936 2037 846 2210
6316 2388 862 1579 1884
6317 351 2414 1796 1797
6318 1573 2038 862 1196
6319 838 2486 1880 1795
6320 1757 878 2210 1928
6321 2282 1573 1202 2038
6322 364 1195 904 1252
6323 1010 2216 1988 1063
6324 83 2310 1217 2474
6325 1231 364 1434 1243
6326 77 1322 1262 1260
6327 1446 79 2413 2195
6328 2038 1126 1202 1258
6329 1446 520 2413 79
6330 1831 131 1024 1823
6331 1316 1715 77 1323
6332 1262 904 500 1211
6333 2037 2388 549 2210
6334 2214 1054 1988 1063
6335 856 1929 1971 1584
6336 2116 2282 364 1202
6337 905 129 856 1696
6338 1432 2285 2338 493
6339 2337 1318 1249 1089
6340 2038 1573 364 353
6341 1202 1573 364 2038
6342 353 349 364 1195
6343 353 1195 364 2038
6344 862 2116 364 353
6345 2282 2116 364 862
6346 1266 1306 364 1258
6347 1279 1258 364 1306
6348 1195 329 364 2038
6349 862 353 364 1573
6350 2282 1573 364 1202
6351 862 1573 364 2282
6352 2116 1929 856 349
6353 1261 1308 1316 1329
6354 2038 1126 364 1202
6355 2038 329 364 1126
6356 1195 1126 364 329
6357 330 1785 873 887
6358 1202 1126 364 1258
6359 1195 1258 364 1126
6360 1252 1258 364 1195
6361 1252 1265 364 1258
6362 1757 1928 2210 846
6363 1637 1061 1043 1638
6364 342 2042 1588 1587
6365 1044 1630 2408 388
6366 2210 2166 544 126
6367 1928 2166 544 2210
6368 2479 2500 628 622
6369 1257 907 1254 396
6370 1796 351 896 1205
6371 351 549 2375 890
6372 2422 1242 365 255
6373 1025 1053 1007 1013
6374 2084 1879 1723 539
6375 639 599 630 168
6376 2388 1929 351 1884
6377 1928 2166 545 544
6378 1928 1589 545 2166
6379 2085 1928 545 544
6380 399 999 1643 1071
6381 898 1932 838 1795
6382 1928 1936 545 1589
6383 2085 1936 545 1928
6384 2210 126 866 2166
6385 132 2414 130 866
6386 896 2042 2375 908
6387 541 352 900 1926
6388 1796 905 1205 856
6389 1237 1242 365 1233
6390 1322 1266 1211 1295
6391 126 1435 1455 545
6392 1884 2116 1205 856
6393 2388 1993 2414 549
6394 1797 2414 1796 905
6395 1236 1212 1228 1227
6396 132 1926 130 1797
6397 351 1797 1796 343
6398 352 126 908 541
6399 2210 846 866 549
6400 2210 2166 866 846
6401 549 846 866 890
6402 2166 890 866 846
6403 1884 129 1205 1993
6404 1795 901 838 2486
6405 623 618 2253 161
6406 1318 1295 1211 2422
6407 1295 1266 1211 2422
6408 1971 1929 1204 1206
6409 1197 2230 1971 1584
6410 124 2435 1723 899
6411 132 541 1926 126
6412 2334 1252 904 1195
6413 622 2003 628 673
6414 1211 1266 904 2334
6415 1213 358 1204 1206
6416 364 1884 1696 2116
6417 129 1884 1696 364
6418 2230 1242 365 2422
6419 1971 1929 1205 351
6420 1013 151 2358 148
6421 364 353 1696 349
6422 2116 353 1696 364
6423 2116 349 1696 353
6424 1797 2414 905 2425
6425 2334 1696 904 1211
6426 905 2414 1205 1993
6427 890 360 351 549
6428 541 1926 908 352
6429 1211 1584 1971 2230
6430 905 1696 856 1797
6431 1197 1584 1971 1929
6432 496 1715 492 490
6433 2116 349 856 1696
6434 1884 2116 856 1696
6435 1973 79 1255 2139
6436 1258 1266 904 364
6437 1258 1265 904 1266
6438 364 1252 904 1265
6439 1266 1265 904 1252
6440 364 1265 904 1258
6441 2414 1993 905 129
6442 2414 547 905 2425
6443 549 2388 351 2414
6444 351 2414 1205 1796
6445 132 1926 908 126
6446 349 1584 856 1696
6447 1249 2337 2287 1260
6448 1260 1322 1262 1211
6449 351 1929 1205 1884
6450 129 1884 856 1696
6451 1237 1233 365 1206
6452 2334 1584 1211 2230
6453 349 2334 1211 1696
6454 349 1584 1211 2334
6455 1696 1584 1211 349
6456 1197 2230 365 1971
6457 1821 2357 2058 2419
6458 2334 2230 1211 676
6459 2422 676 1211 2230
6460 2334 676 1211 2422
6461 1884 1993 1205 351
6462 2116 1579 1205 1929
6463 1211 2230 1971 2422
6464 1227 358 365 1212
6465 1971 1211 1228 1784
6466 856 2116 1971 1929
6467 606 1469 1487 1472
6468 1971 856 1784 1205
6469 1205 856 1784 1796
6470 905 129 1205 856
6471 549 360 351 2037
6472 2388 2037 351 360
6473 549 2037 351 2388
6474 549 2414 351 866
6475 352 1926 908 343
6476 896 549 2375 351
6477 896 343 908 1926
6478 1227 255 1089 1236
6479 2332 193 2271 1005
6480 1971 1206 1204 1197
6481 343 1926 900 352
6482 1051 2409 1821 2128
6483 1227 255 1236 365
6484 1638 1061 1043 1826
6485 1795 1587 838 901
6486 365 1212 1236 1227
6487 545 352 900 541
6488 179 1642 392 395
6489 1277 1308 1261 1329
6490 1237 1289 365 1242
6491 255 1289 365 1237
6492 255 1242 365 1289
6493 1233 2230 365 1206
6494 365 1211 1228 1971
6495 1236 2422 1228 365
6496 255 2422 1236 365
6497 255 1318 1236 2422
6498 1589 2486 1199 2166
6499 1927 1785 1454 873
6500 343 1797 896 351
6501 343 1926 896 1797
6502 873 2489 1880 2486
6503 1932 342 1588 1587
6504 2414 1797 896 1926
6505 351 1797 896 2414
6506 2489 901 2490 887
6507 900 2042 1588 352
6508 866 1926 896 132
6509 887 1785 539 845
6510 866 549 896 351
6511 2414 866 896 351
6512 2414 1926 896 866
6513 1199 2166 2375 352
6514 1879 1927 880 1992
6515 539 1785 1454 845
6516 1588 352 838 900
6517 1588 900 1199 2042
6518 1589 900 1199 1588
6519 545 2166 1199 352
6520 1589 2166 1199 545
6521 1589 545 1199 900
6522 900 352 1199 2042
6523 545 352 1199 900
6524 126 132 2375 908
6525 126 2166 2375 132
6526 908 2166 2375 126
6527 908 132 2375 1926
6528 896 1926 2375 132
6529 908 1926 2375 896
6530 866 549 2375 896
6531 866 890 2375 549
6532 132 866 2375 896
6533 866 2166 2375 890
6534 132 2166 2375 866
6535 1795 838 1568 1880
6536 2332 2213 1005 2357
6537 545 1881 543 1568
6538 124 889 1723 2435
6539 539 540 880 1454
6540 545 1589 1568 900
6541 1932 1795 356 2489
6542 1932 1587 1795 901
6543 906 179 395 1050
6544 1632 123 1820 1051
6545 898 2475 124 2435
6546 124 539 356 2489
6547 330 2354 1880 1936
6548 1589 545 1568 546
6549 1588 2486 1568 838
6550 539 887 2490 1785
6551 1880 2489 1568 1795
6552 887 889 124 2475
6553 1454 1927 880 845
6554 539 1453 124 2084
6555 887 883 539 889
6556 539 2475 2489 887
6557 901 887 2489 2475
6558 901 1932 2489 1795
6559 2486 901 2489 1795
6560 1992 1927 880 839
6561 546 545 1880 1881
6562 901 2475 2489 1932
6563 2435 891 1723 899
6564 2435 889 1723 891
6565 2182 570 1833 572
6566 1927 1938 1723 889
6567 873 330 1880 1936
6568 1323 490 1316 1715
6569 2435 898 356 124
6570 2435 899 356 898
6571 124 899 356 2435
6572 124 898 356 2475
6573 124 2475 356 539
6574 2489 2475 356 1932
6575 539 2475 356 2489
6576 1932 2475 356 898
6577 356 124 1935 899
6578 894 899 1935 340
6579 894 340 1935 536
6580 1723 536 1935 1879
6581 1723 1879 1935 1927
6582 899 1575 1935 340
6583 536 340 1935 1575
6584 1723 1927 1935 1938
6585 1879 536 1935 1992
6586 1927 1992 1935 536
6587 1879 1992 1935 1927
6588 1575 2457 1935 536
6589 1938 1927 1935 874
6590 1723 1938 1935 889
6591 1723 889 1935 899
6592 874 536 1935 2457
6593 857 536 1935 874
6594 857 1927 1935 536
6595 874 1927 1935 857
6596 891 1575 1935 899
6597 891 2457 1935 1575
6598 891 889 1935 1938
6599 899 889 1935 891
6600 1938 2457 1935 891
6601 1938 874 1935 2457
6602 2210 1936 873 2085
6603 1142 1111 2144 2264
6604 844 1785 873 330
6605 1936 1785 873 844
6606 844 330 873 1936
6607 2210 1785 873 1936
6608 539 1453 538 2490
6609 883 845 880 1927
6610 1624 554 1034 1056
6611 2486 901 873 2489
6612 2486 330 873 901
6613 545 541 543 1455
6614 2408 1042 2376 1067
6615 330 901 2490 873
6616 330 887 2490 901
6617 873 887 2490 330
6618 539 883 880 889
6619 1927 1879 880 1723
6620 1723 889 880 1927
6621 2490 540 538 539
6622 1454 546 873 2490
6623 2490 1453 538 2489
6624 1053 1025 1887 1032
6625 1071 570 1833 1643
6626 570 2182 1643 1071
6627 2213 2419 997 193
6628 1475 620 653 610
6629 1257 1283 396 397
6630 395 2058 906 1050
6631 148 1639 2358 998
6632 1026 1029 1950 2496
6633 906 179 2331 395
6634 592 618 2253 2094
6635 1472 1477 593 1729
6636 995 2331 2407 1815
6637 1642 1050 392 395
6638 589 672 177 649
6639 1006 1043 1034 136
6640 1005 2419 1624 2213
6641 1317 1269 1271 184
6642 1729 1484 593 1472
6643 2008 1742 665 169
6644 1624 1020 2417 1058
6645 558 994 1066 1050
6646 656 2415 2249 155
6647 558 1050 2398 994
6648 2091 2089 1748 137
6649 1821 1038 2173 1646
6650 1637 1061 1638 1826
6651 1026 995 1833 999
6652 1005 392 2271 2332
6653 2331 179 2053 195
6654 556 572 994 1815
6655 398 2328 994 1029
6656 1005 2419 2271 2173
6657 136 1456 2448 2240
6658 2271 1038 2448 193
6659 1034 1029 2328 398
6660 1058 2328 1020 1950
6661 1646 2240 1038 992
6662 997 2213 1624 2419
6663 1056 1020 2417 1624
6664 594 1734 1504 1747
6665 136 1638 2448 2417
6666 1307 2316 1304 1305
6667 1740 2150 182 1485
6668 1638 2240 2448 1038
6669 1043 1020 2417 1056
6670 2332 554 553 2213
6671 1637 2240 1632 1646
6672 2409 1051 1821 123
6673 2058 2332 1005 2357
6674 2440 2409 1821 123
6675 1638 1637 1632 123
6676 1624 1638 2417 997
6677 1271 1247 1278 1254
6678 395 2058 392 1005
6679 1638 2240 1632 1637
6680 363 2458 1284 1268
6681 2419 997 1821 2357
6682 1218 2482 1254 396
6683 2173 1038 2271 1646
6684 997 1638 1820 1632
6685 1357 302 658 1372
6686 895 339 1586 834
6687 1307 1503 1304 2316
6688 1646 2440 2173 1821
6689 624 191 2092 1491
6690 2440 2409 2173 1821
6691 1643 570 1833 2182
6692 201 1868 1382 1391
6693 193 2213 1005 2332
6694 197 612 2495 631
6695 123 1637 1821 1646
6696 1632 1646 1821 1637
6697 2074 410 1248 1267
6698 1632 123 1821 1820
6699 1632 1637 1821 123
6700 359 1656 1124 54
6701 997 2419 1821 2173
6702 1038 1821 1632 1646
6703 1821 1038 1632 1638
6704 1638 2173 1821 1038
6705 2173 2271 997 2419
6706 1006 1994 555 2213
6707 2366 619 1747 1734
6708 592 1478 623 2247
6709 1388 1397 185 1385
6710 67 1053 1007 576
6711 2010 2150 182 1740
6712 1283 2482 396 1297
6713 1071 2182 2496 399
6714 399 1071 1643 2496
6715 1058 995 1950 1026
6716 2312 1072 1025 998
6717 1478 156 1888 1480
6718 1262 1431 2320 498
6719 186 1303 1277 1308
6720 1041 1007 1013 1033
6721 1464 151 1887 1834
6722 195 1630 1044 2331
6723 579 1080 580 1730
6724 1042 388 2408 998
6725 397 1303 1261 186
6726 1246 2484 2467 1255
6727 997 2419 1624 2357
6728 769 2108 1918 783
6729 1041 998 1630 1033
6730 994 557 2398 2086
6731 1089 1318 1249 1236
6732 1261 1089 1244 255
6733 662 1504 664 594
6734 2288 2008 665 164
6735 623 1897 2253 2199
6736 1704 1329 1333 299
6737 2057 588 2217 1999
6738 995 1050 1028 1066
6739 131 1831 1062 1047
6740 994 1050 2398 556
6741 1032 2312 1633 84
6742 2087 67 1016 1954
6743 1886 574 146 2176
6744 195 2088 1044 1630
6745 1053 151 1887 577
6746 1818 1973 100 2493
6747 1041 2176 388 573
6748 1041 573 388 998
6749 1041 998 388 1630
6750 1630 2176 388 1041
6751 1052 1047 1079 1080
6752 1640 128 542 1067
6753 1067 128 542 1042
6754 573 2176 146 574
6755 1333 186 658 1357
6756 2086 554 1056 2328
6757 592 1888 623 1478
6758 577 151 1464 1053
6759 391 2312 67 576
6760 150 148 1834 1014
6761 1216 1215 1697 1207
6762 1481 197 1740 2150
6763 84 1047 1079 1052
6764 576 1032 1887 1025
6765 197 631 651 1479
6766 388 998 2376 2408
6767 168 1485 630 667
6768 1013 1033 2358 1041
6769 148 998 2358 1033
6770 1044 195 1000 2088
6771 1745 2093 662 2495
6772 577 576 1403 1887
6773 561 1882 560 139
6774 1815 2331 2407 906
6775 1640 1008 1002 2450
6776 605 1469 1486 1472
6777 1489 2089 640 2149
6778 1079 1052 1019 84
6779 542 131 1062 1640
6780 148 149 2358 1639
6781 81 1954 1019 84
6782 1025 2312 576 1032
6783 391 2312 576 1025
6784 588 1468 2217 1466
6785 278 1300 2139 1279
6786 806 783 1918 2108
6787 1277 1261 80 2337
6788 1244 907 1257 397
6789 391 1016 67 81
6790 1032 1042 542 1887
6791 577 1887 1403 1463
6792 1481 2142 1740 2465
6793 2376 573 1045 1639
6794 1025 1033 1013 391
6795 1072 1033 1013 1025
6796 148 151 2358 1834
6797 1034 1029 1056 2328
6798 2344 1747 636 619
6799 1032 1025 1013 1053
6800 1032 1072 1013 1025
6801 1053 151 1013 1887
6802 1887 1032 1013 1053
6803 1032 1042 1013 1072
6804 1042 151 1013 1834
6805 1033 998 2358 1041
6806 1887 151 1013 1042
6807 1887 1042 1013 1032
6808 1621 1021 1832 1647
6809 2399 1428 607 484
6810 634 1898 1473 1493
6811 67 391 1019 2312
6812 1277 1308 80 1261
6813 1997 1731 1466 1076
6814 2320 1211 500 85
6815 81 391 1019 67
6816 388 573 2376 998
6817 1951 1832 1016 2087
6818 1954 576 1053 67
6819 662 594 664 1737
6820 1504 594 662 1745
6821 81 67 1019 1954
6822 2004 1471 664 2243
6823 588 1999 2057 1832
6824 1624 1056 1034 2417
6825 397 255 1244 1227
6826 907 255 397 1227
6827 1047 1824 1079 2183
6828 1430 1266 1262 1306
6829 2286 1255 529 1231
6830 1059 1466 1998 586
6831 1951 1052 1016 81
6832 2217 1468 1998 1466
6833 2183 1831 1079 1047
6834 2215 127 2450 1640
6835 81 1025 1019 391
6836 2312 391 1019 1025
6837 84 1954 1019 1048
6838 67 1048 1019 1954
6839 1297 1303 1277 1283
6840 1430 904 1262 1266
6841 1021 1824 1082 1079
6842 2093 1481 197 1479
6843 1067 1042 2376 998
6844 388 2176 146 573
6845 1047 1831 1062 2183
6846 1045 1639 1071 2182
6847 86 1039 1634 1055
6848 399 2408 1045 1822
6849 1822 1628 2376 1639
6850 1845 108 411 1192
6851 1247 2482 1254 256
6852 1633 84 1062 1047
6853 131 1047 1062 84
6854 1013 1033 1007 391
6855 1231 2073 529 1217
6856 1045 399 1071 573
6857 1041 998 2358 1639
6858 1005 2213 1624 2357
6859 998 573 2376 1639
6860 2363 1954 580 1048
6861 2377 1065 2174 2055
6862 2093 1481 2495 197
6863 1643 995 1833 1026
6864 1045 573 1071 1639
6865 1062 1633 542 1640
6866 149 573 2358 1639
6867 128 1004 542 1887
6868 1006 1043 136 2417
6869 195 2088 146 2176
6870 1633 1042 542 1032
6871 146 999 1833 2408
6872 1628 128 2376 1067
6873 2408 388 146 573
6874 2248 618 1733 2094
6875 579 1052 580 2363
6876 1066 1050 1028 558
6877 1026 2496 1950 1643
6878 1822 999 1643 399
6879 1633 1032 542 1640
6880 127 128 542 1640
6881 558 1050 1028 1642
6882 1026 1066 1058 995
6883 1071 146 1833 570
6884 2408 573 2376 388
6885 149 148 2358 1996
6886 2199 1897 2253 2149
6887 1630 2088 146 195
6888 570 2088 145 146
6889 1486 1469 611 2483
6890 610 620 653 1729
6891 2376 2408 1045 573
6892 1822 2408 1045 2376
6893 580 1048 585 584
6894 150 1004 390 128
6895 1059 586 1998 1046
6896 1067 998 148 1042
6897 574 2176 1886 1996
6898 1072 998 148 1033
6899 2182 399 1071 1045
6900 2416 1498 640 2091
6901 574 2176 149 573
6902 592 2094 636 637
6903 611 1498 171 646
6904 146 1630 570 2088
6905 1013 1072 148 1033
6906 151 1834 148 1013
6907 1498 646 2091 2416
6908 1013 1042 148 1072
6909 2376 1639 148 998
6910 1067 1639 148 2376
6911 2376 998 148 1067
6912 1044 2088 570 1630
6913 570 147 571 145
6914 1041 1639 2358 573
6915 149 2176 2358 573
6916 1041 573 2358 2176
6917 574 149 2358 1996
6918 574 2176 2358 149
6919 1996 2176 2358 574
6920 2149 618 2253 2199
6921 1891 1732 1483 1497
6922 2417 1043 136 1638
6923 146 573 570 1071
6924 179 906 2407 1050
6925 2331 195 1000 1044
6926 399 2408 146 1045
6927 1045 573 146 399
6928 2357 1050 2058 1028
6929 1056 1029 1020 2328
6930 1642 392 1949 2332
6931 1815 572 994 398
6932 2242 1498 137 2009
6933 1066 2058 1028 2357
6934 398 1029 1026 2496
6935 2183 1831 1070 1078
6936 1642 1050 1028 392
6937 398 2182 572 2328
6938 1022 1054 1083 2438
6939 2408 999 1833 2376
6940 2378 1003 2054 1017
6941 995 2053 1815 2407
6942 994 556 2398 557
6943 2182 399 398 2496
6944 558 1642 1949 2332
6945 2053 906 2407 179
6946 570 146 1833 1630
6947 1044 1630 1833 2408
6948 995 2496 1026 1643
6949 1065 2054 1627 2055
6950 1000 1044 1833 2331
6951 2376 1044 1833 2408
6952 995 2331 1833 1044
6953 1026 995 1950 1029
6954 997 1638 2417 2271
6955 1071 2182 572 570
6956 1813 370 981 969
6957 556 1050 2407 995
6958 1815 2331 1000 572
6959 2357 2419 1624 1005
6960 906 2331 2407 1044
6961 995 1044 2407 2331
6962 553 554 555 2213
6963 1043 1826 136 1638
6964 1815 571 1000 147
6965 572 571 1000 1815
6966 2213 554 1624 2332
6967 571 570 1000 147
6968 572 570 1000 571
6969 145 2088 1000 147
6970 570 2088 1000 145
6971 145 147 1000 570
6972 1044 2088 1000 570
6973 2328 554 994 2086
6974 179 1050 556 395
6975 2328 398 994 572
6976 2271 193 2417 997
6977 2213 1994 555 553
6978 370 379 1813 981
6979 2094 1888 592 1478
6980 558 1642 1028 1066
6981 1020 2086 553 554
6982 1000 572 1833 570
6983 2271 193 2448 2417
6984 1642 179 2053 558
6985 556 395 558 179
6986 1642 179 558 395
6987 395 1050 558 1642
6988 2331 195 2053 1000
6989 556 1050 558 395
6990 558 179 2053 556
6991 995 2053 556 398
6992 2053 1815 2331 1000
6993 556 1000 1815 2053
6994 558 1000 556 2053
6995 2331 906 2053 179
6996 1815 2053 2331 906
6997 1043 1826 1034 136
6998 398 1815 2053 556
6999 2053 995 1815 398
7000 179 1050 2407 556
7001 612 156 1480 594
7002 2213 554 555 1006
7003 556 1050 995 994
7004 994 1029 995 556
7005 1000 2331 1833 572
7006 1643 2331 995 2182
7007 995 2053 2407 556
7008 556 1029 995 398
7009 1026 999 1833 1643
7010 2407 1050 1028 995
7011 1000 570 1833 1044
7012 1643 2182 995 2496
7013 2053 1815 2407 906
7014 2182 2331 995 572
7015 1058 1066 1950 995
7016 572 2331 995 1815
7017 398 572 995 1815
7018 398 2182 995 572
7019 2086 994 1066 558
7020 1043 1056 1034 1826
7021 1643 2182 1833 2331
7022 1643 999 1833 1071
7023 572 2331 1833 2182
7024 995 2182 1026 2496
7025 398 2182 1026 995
7026 398 2496 1026 2182
7027 553 1994 1949 2213
7028 570 1630 1833 1044
7029 1825 1456 136 1826
7030 392 2058 1949 2332
7031 2328 1029 1020 1950
7032 553 1020 1949 2086
7033 2086 994 1058 1066
7034 2086 2328 1058 994
7035 2213 2332 1624 2357
7036 1058 2328 1950 994
7037 1058 994 1950 1066
7038 995 994 1950 1029
7039 2328 1029 1950 994
7040 1066 2058 1624 1020
7041 1066 994 1950 1050
7042 995 1050 1950 994
7043 1066 1050 1950 995
7044 2271 2173 2448 1038
7045 615 1495 1487 611
7046 136 1826 1034 1825
7047 1056 2086 1020 554
7048 136 1006 554 1034
7049 1056 554 1034 2328
7050 1734 2415 619 155
7051 558 2086 1949 1066
7052 2417 1006 2448 136
7053 2417 1638 2448 2271
7054 2332 2357 1949 553
7055 2417 2213 1006 1624
7056 2417 193 2448 1006
7057 2417 997 1006 2213
7058 193 997 1006 2417
7059 193 2213 1006 997
7060 136 2240 2448 1638
7061 552 2240 2448 1456
7062 1006 193 2448 1038
7063 552 1456 2448 136
7064 1637 2240 136 1638
7065 1638 1826 136 1637
7066 1637 1456 136 2240
7067 1826 1456 136 1637
7068 1958 1090 1661 2277
7069 555 1994 1949 553
7070 2086 558 1949 2398
7071 2213 2332 1949 553
7072 2055 1065 2056 1627
7073 1624 2058 553 1020
7074 1624 554 553 2332
7075 1624 2332 553 2357
7076 1624 1020 553 1056
7077 554 1056 553 1020
7078 1624 1056 553 554
7079 2242 1498 611 646
7080 2332 2058 1949 2357
7081 553 2058 1949 1020
7082 1028 1066 1949 392
7083 1642 1066 1949 1028
7084 1028 392 1949 1642
7085 1624 2058 1949 553
7086 1624 2357 1949 2058
7087 553 2357 1949 1624
7088 1066 2058 1949 392
7089 1020 2058 1949 1066
7090 1058 2086 1949 1020
7091 1058 1066 1949 2086
7092 1020 1066 1949 1058
7093 1624 2417 1034 1006
7094 1006 554 1034 2213
7095 1624 2213 1034 554
7096 1006 2213 1034 1624
7097 2453 2142 654 1497
7098 1486 642 2483 1477
7099 1745 1732 1483 632
7100 619 155 612 1747
7101 651 632 1745 190
7102 612 156 594 1747
7103 1479 197 1745 651
7104 2344 619 636 2247
7105 2242 646 1748 1498
7106 2415 656 619 155
7107 2366 656 619 2415
7108 2008 164 2383 1473
7109 155 156 612 1747
7110 2199 663 636 2149
7111 617 1471 664 2004
7112 1360 1334 1325 1344
7113 2010 599 182 2150
7114 2242 1498 1748 137
7115 1627 2179 2378 2218
7116 2253 623 1489 1897
7117 2199 1897 2149 2089
7118 1747 631 612 619
7119 2495 1471 662 651
7120 2465 1481 190 1479
7121 2483 1498 171 611
7122 302 1337 186 1283
7123 612 1747 594 631
7124 1346 2482 1312 374
7125 1334 204 1377 1345
7126 1742 157 1500 481
7127 1490 2142 2150 1481
7128 2431 1251 105 2137
7129 2495 2093 662 1471
7130 2142 2093 654 2004
7131 2243 1745 2004 2093
7132 2142 1481 1494 2465
7133 1485 1732 1494 1497
7134 2465 1481 1494 632
7135 1688 318 2000 1146
7136 1481 2093 190 1479
7137 1304 1331 1975 1332
7138 651 631 1504 1747
7139 2465 1481 632 190
7140 907 2482 1283 255
7141 1712 481 665 2288
7142 1502 1734 594 1747
7143 2243 1737 664 1483
7144 1500 481 2098 1742
7145 148 1013 1014 1042
7146 2097 156 2249 1502
7147 597 602 653 1470
7148 2150 2142 1740 1481
7149 2244 2439 159 2289
7150 2098 1500 595 481
7151 2097 1502 1480 156
7152 1497 1732 1483 2243
7153 2243 1471 662 2093
7154 1294 2316 1304 1332
7155 1341 1331 1975 1503
7156 197 631 2495 651
7157 2495 1478 1480 156
7158 2317 2339 2382 1296
7159 2092 2003 628 2500
7160 2242 646 611 615
7161 1745 197 2495 651
7162 1740 2453 1496 2142
7163 1745 2093 2495 197
7164 2495 1471 2097 2093
7165 1484 1477 1472 605
7166 2243 1732 1483 662
7167 662 1732 1497 2243
7168 2439 2244 2007 630
7169 2453 1485 1496 1497
7170 1497 2142 1496 2453
7171 1485 1497 1494 1496
7172 1496 168 1494 1485
7173 1500 1742 2098 183
7174 2207 1768 816 2105
7175 1745 662 2004 1483
7176 168 599 182 2010
7177 1867 1868 1325 1330
7178 632 190 1496 2465
7179 157 596 1500 598
7180 1891 1483 2439 2244
7181 2162 1405 1556 2297
7182 632 1732 1891 1481
7183 2142 1481 1891 1732
7184 178 596 177 66
7185 617 1471 2097 2495
7186 197 1481 1740 1479
7187 1473 481 2383 1896
7188 1656 359 1124 1959
7189 1337 255 186 1283
7190 1742 183 2010 604
7191 1311 205 1373 1342
7192 1297 302 1283 2481
7193 1342 374 1373 1311
7194 1479 1481 1740 2465
7195 178 595 626 598
7196 2150 604 2010 599
7197 299 1337 186 302
7198 1497 1891 2244 1483
7199 186 255 397 1283
7200 183 604 160 2010
7201 595 598 1898 1493
7202 1290 2482 1312 1346
7203 287 1397 201 1385
7204 381 1706 1342 374
7205 1740 183 182 2010
7206 1261 397 1244 1089
7207 637 1502 2248 2366
7208 76 489 1430 1703
7209 1732 1745 1494 632
7210 1490 2142 1740 2150
7211 2453 2142 1740 1490
7212 182 2010 160 639
7213 1290 396 1278 1254
7214 2073 2474 529 362
7215 595 1500 1898 481
7216 191 1889 622 2003
7217 639 168 160 182
7218 182 183 160 2010
7219 622 2365 191 655
7220 1533 19 1412 1922
7221 1490 1485 182 2150
7222 168 1485 182 1490
7223 168 1490 182 599
7224 2150 599 182 1490
7225 182 1485 1496 1740
7226 2010 599 639 168
7227 178 2428 177 596
7228 182 2010 639 168
7229 182 168 1496 1485
7230 76 493 1429 492
7231 1332 1331 1975 1341
7232 1490 599 159 2453
7233 1150 1155 142 1160
7234 182 1740 1496 2465
7235 1711 2341 479 614
7236 1304 1503 1975 1331
7237 1332 1345 1975 1294
7238 1742 596 1500 157
7239 1493 157 1500 598
7240 1490 2453 1496 1740
7241 1490 1485 1496 2453
7242 2150 1490 1496 1740
7243 2150 1485 1496 1490
7244 1740 1485 1496 2150
7245 1496 2142 1494 2465
7246 1497 2142 1494 1496
7247 1497 1732 1494 2142
7248 1254 2482 1278 1290
7249 396 2482 1254 1290
7250 1271 1268 1284 1269
7251 669 673 1736 2005
7252 255 2482 1283 1337
7253 496 1328 77 1715
7254 1363 381 1342 287
7255 1312 1311 1705 181
7256 2481 1346 1283 1297
7257 199 1366 1372 1383
7258 2481 1337 1283 1346
7259 1317 1330 1325 1360
7260 1402 310 207 1399
7261 1337 2481 1283 302
7262 1277 1303 1261 1283
7263 1290 1346 1312 1311
7264 1337 2482 1283 1346
7265 1329 186 1277 1308
7266 1704 1366 1333 1357
7267 1297 1311 1319 1290
7268 1290 1346 1297 2482
7269 169 604 2007 1893
7270 2197 66 177 607
7271 198 292 185 1397
7272 1089 255 1261 1318
7273 1429 76 491 493
7274 1261 255 1244 397
7275 1329 299 1261 186
7276 1297 1346 1319 2481
7277 1290 1346 1319 1297
7278 1329 1318 1261 255
7279 1236 1227 1244 1089
7280 596 672 626 2428
7281 1143 2394 1691 2333
7282 1316 1323 77 2434
7283 2246 589 177 2197
7284 397 1283 1261 1303
7285 1228 2422 1249 1211
7286 1277 186 1261 1303
7287 397 1227 1244 907
7288 1458 1726 647 1499
7289 202 138 1890 1895
7290 1297 1290 396 1283
7291 75 76 492 493
7292 1236 907 1244 1227
7293 186 299 1261 255
7294 1329 255 1261 299
7295 1236 1318 1249 2422
7296 494 493 2338 75
7297 1076 2484 2494 1433
7298 255 1318 1089 1236
7299 493 489 2338 76
7300 1295 1318 77 2434
7301 1227 255 1244 1089
7302 154 1482 479 480
7303 561 2427 647 1726
7304 2003 2290 622 2500
7305 1360 1330 1325 1868
7306 1366 1372 1333 1357
7307 2291 672 2152 2001
7308 2003 1889 622 2290
7309 185 281 1372 302
7310 198 1397 185 1388
7311 201 1391 1382 287
7312 180 1736 1741 2005
7313 627 2368 625 657
7314 2431 2189 1161 1251
7315 1290 1311 205 1346
7316 1319 1311 205 1290
7317 1283 907 396 2482
7318 1257 907 396 1283
7319 1218 2482 396 907
7320 1268 1291 1284 1269
7321 1268 1269 1271 1317
7322 396 907 1254 1218
7323 1218 1298 1254 2482
7324 256 1298 1254 1218
7325 256 2482 1254 1298
7326 2458 1291 1284 1268
7327 204 1378 1377 1345
7328 1268 1317 1271 256
7329 1247 1268 1271 1232
7330 1232 256 1271 1247
7331 1268 1250 1271 1232
7332 1268 256 1271 1250
7333 1232 347 1271 256
7334 1250 347 1271 1232
7335 1250 256 1271 347
7336 1271 256 1278 1247
7337 184 1317 1278 1271
7338 184 374 1278 1317
7339 1247 256 1278 2482
7340 374 2482 1278 256
7341 1317 256 1278 1271
7342 1317 374 1278 256
7343 367 2458 1284 363
7344 1275 2231 1284 363
7345 363 1275 1292 1284
7346 1304 1503 206 1975
7347 367 1291 1284 2458
7348 1317 1291 1284 1330
7349 1269 1291 1284 1317
7350 1317 1330 1284 1269
7351 2231 1330 1284 1291
7352 2231 367 1284 363
7353 2231 1291 1284 367
7354 1294 206 1975 1304
7355 381 1363 1342 1706
7356 1345 1359 1294 1332
7357 1275 2316 1294 2468
7358 1339 1351 1294 1359
7359 1332 1351 1294 1339
7360 1332 1359 1294 1351
7361 2468 2316 1294 1332
7362 2468 1332 1294 1339
7363 1284 2231 1294 1330
7364 1275 2231 1294 1284
7365 1339 1330 1294 1287
7366 2468 1287 1294 1275
7367 2468 1339 1294 1287
7368 2231 1287 1294 1330
7369 1275 1287 1294 2231
7370 1332 1294 1975 1304
7371 1360 1363 201 1334
7372 1385 1363 201 287
7373 1317 181 1325 1269
7374 374 1360 381 1317
7375 374 1312 1342 1705
7376 1401 292 198 1397
7377 1294 1339 1867 1330
7378 1359 1339 1867 1294
7379 1344 674 1345 1294
7380 402 181 1867 674
7381 1360 1334 201 1377
7382 1402 281 207 1390
7383 1867 402 1325 181
7384 374 1360 1342 381
7385 1378 1294 1345 1359
7386 1355 1359 1867 1378
7387 1355 1330 1867 1339
7388 1359 1355 1867 1339
7389 402 1294 1867 1330
7390 674 1294 1867 402
7391 1355 1868 1867 1330
7392 201 1360 1382 1868
7393 287 1391 1382 1394
7394 1342 287 201 1363
7395 1317 1868 1360 201
7396 1363 1360 201 1342
7397 201 287 1382 1397
7398 1377 211 1382 1394
7399 480 596 626 178
7400 1705 1311 1342 205
7401 287 1382 315 1394
7402 1346 1706 1373 1376
7403 184 181 1705 1269
7404 1868 1317 1360 1330
7405 1317 1269 1705 181
7406 184 1269 1705 1317
7407 374 184 1705 1317
7408 1705 1325 1317 181
7409 1278 374 1705 1312
7410 1278 184 1705 374
7411 1312 184 1705 1278
7412 2098 1500 626 595
7413 1269 181 1325 402
7414 402 1330 1325 1269
7415 1867 1330 1325 402
7416 1377 1394 1382 1868
7417 630 2244 2289 2439
7418 2152 2428 589 672
7419 185 292 1373 1385
7420 1385 1706 1373 1363
7421 1397 1401 1385 287
7422 1385 1363 1373 201
7423 2151 614 479 478
7424 1342 205 1373 209
7425 209 1363 1373 1342
7426 1868 381 201 1317
7427 287 1706 1385 1363
7428 1401 1706 1385 287
7429 292 1706 1385 1401
7430 904 1266 1430 1306
7431 1367 1366 1357 1372
7432 2198 1488 1491 2096
7433 198 1383 1372 281
7434 496 1316 77 80
7435 2003 673 622 624
7436 1344 1294 1345 1378
7437 1344 1378 1345 1377
7438 1867 1378 1377 1355
7439 201 1397 1382 1385
7440 1394 1375 1377 211
7441 1977 1355 1377 1378
7442 1977 1378 1377 211
7443 1360 1334 1377 1325
7444 1325 1868 1377 1360
7445 1867 1355 1377 1868
7446 1977 211 1377 1369
7447 1369 1355 1377 1977
7448 1369 1375 1377 1355
7449 211 1375 1377 1369
7450 1325 1867 1377 1868
7451 1334 1867 1377 1325
7452 1868 1375 1377 1394
7453 1868 1355 1377 1375
7454 281 1376 198 292
7455 186 299 1333 1329
7456 1385 292 1373 1706
7457 374 1346 1373 1311
7458 310 1398 207 1399
7459 1356 208 1338 1371
7460 1390 198 207 1402
7461 185 1383 1372 198
7462 650 2423 666 1743
7463 1379 302 1372 281
7464 1346 1376 1373 209
7465 1473 634 1482 2383
7466 144 1728 1461 2002
7467 1402 1399 207 281
7468 1319 1346 209 2481
7469 1290 1319 209 205
7470 1290 1346 209 1319
7471 205 1346 209 1290
7472 1367 209 1373 185
7473 1890 484 68 635
7474 1376 2481 185 209
7475 281 1376 185 198
7476 1385 1401 185 292
7477 1397 1401 185 1385
7478 1397 292 185 1401
7479 117 2484 100 529
7480 1376 302 185 2481
7481 281 302 185 1376
7482 589 649 177 2197
7483 1704 1323 1316 1338
7484 596 2428 626 178
7485 1706 374 1373 1342
7486 1333 1324 658 186
7487 198 1402 1390 281
7488 1367 209 658 1357
7489 281 1383 1390 198
7490 140 638 1462 141
7491 157 1742 480 481
7492 1399 299 1366 1370
7493 1379 1370 1366 299
7494 1399 1370 1366 1379
7495 209 1367 658 185
7496 199 1383 1390 1366
7497 209 1319 658 205
7498 1533 2105 1924 816
7499 281 1379 1390 1383
7500 1399 1379 1390 281
7501 205 1319 658 1324
7502 1372 1367 658 1357
7503 1366 1379 1390 1399
7504 1372 1383 1390 1379
7505 1366 1383 1390 1372
7506 1372 1379 1390 1366
7507 1366 199 207 1390
7508 416 2228 2226 1177
7509 484 635 1890 2423
7510 1482 2197 2151 649
7511 591 2318 629 158
7512 1739 660 2251 170
7513 1260 1211 500 2287
7514 660 659 2251 163
7515 660 603 2340 645
7516 1686 1692 2228 1681
7517 1243 1306 1430 278
7518 1372 1379 1333 302
7519 1324 1297 658 186
7520 209 2481 658 1319
7521 185 2481 658 209
7522 185 1367 658 1372
7523 1372 302 658 185
7524 185 302 658 2481
7525 1297 2481 658 302
7526 1319 2481 658 1297
7527 1319 1297 658 1324
7528 624 673 2092 191
7529 1500 598 595 1493
7530 2095 74 633 1746
7531 1338 2434 1316 1704
7532 1329 299 1316 1318
7533 2244 1497 2439 1891
7534 1732 1485 630 1497
7535 162 769 2261 174
7536 160 2010 1893 667
7537 1493 2001 154 2291
7538 2483 1477 611 1486
7539 2244 1497 159 2439
7540 484 1428 483 635
7541 592 2247 623 161
7542 2244 1485 630 168
7543 2439 1497 159 1891
7544 481 1742 665 2288
7545 2495 612 1480 631
7546 1896 2098 1473 481
7547 1771 794 1554 806
7548 164 2244 2007 2439
7549 2007 2439 165 164
7550 178 2428 626 672
7551 650 176 1743 666
7552 657 626 596 672
7553 169 160 1893 667
7554 1493 1500 1898 595
7555 2483 1469 611 1495
7556 2008 1893 2007 630
7557 2005 669 625 627
7558 2197 1713 2399 2250
7559 647 561 1459 1727
7560 1146 2136 1149 2000
7561 276 1412 1556 1405
7562 157 596 626 480
7563 157 598 626 596
7564 2426 2500 2479 2290
7565 634 1712 1711 2341
7566 1533 19 1413 2104
7567 596 657 672 2428
7568 816 1922 826 2110
7569 626 598 2291 178
7570 63 165 2383 164
7571 183 160 169 2098
7572 604 183 169 1742
7573 2090 167 1499 2427
7574 1457 167 647 2090
7575 648 1743 2367 176
7576 164 604 2007 169
7577 667 169 1896 1893
7578 1712 604 665 481
7579 164 169 2007 2008
7580 630 2439 165 2007
7581 140 143 1462 590
7582 188 644 625 176
7583 657 2428 2152 672
7584 176 1743 666 644
7585 2098 1742 169 183
7586 2244 1497 630 1485
7587 639 168 630 667
7588 160 2010 667 639
7589 169 595 1896 2098
7590 2244 168 630 599
7591 65 478 66 479
7592 2008 1893 1896 169
7593 1898 481 1473 2098
7594 595 598 1896 1898
7595 630 599 2289 2244
7596 160 604 1893 2010
7597 169 604 1893 183
7598 160 183 1893 604
7599 169 183 1893 160
7600 2008 164 1473 2007
7601 2008 1898 1473 1896
7602 2253 1498 640 1489
7603 1737 2243 664 662
7604 2244 1497 2007 630
7605 620 605 1475 1477
7606 2098 595 1896 1898
7607 2008 169 2007 1893
7608 159 2453 654 1497
7609 1896 2008 2383 1473
7610 2427 2290 2426 2367
7611 188 176 625 627
7612 2289 2453 159 599
7613 169 1742 1896 2008
7614 169 2098 1896 1742
7615 2098 481 1896 1742
7616 794 2108 806 1771
7617 1493 1898 1473 2008
7618 154 614 479 2151
7619 667 630 2007 1893
7620 174 166 2261 162
7621 2253 2089 1489 2149
7622 1883 1457 1727 139
7623 481 604 665 1742
7624 2092 2500 628 613
7625 479 178 66 480
7626 614 634 154 1493
7627 2197 2423 609 2246
7628 1497 2142 654 1732
7629 1898 2098 1473 1896
7630 169 164 665 2008
7631 1891 1481 654 2004
7632 1482 2291 154 2001
7633 2007 604 165 1893
7634 2439 165 159 2289
7635 1697 2393 387 1215
7636 2439 164 2383 165
7637 634 165 2383 63
7638 1280 1644 389 510
7639 617 594 664 1504
7640 1483 662 2004 2243
7641 1891 1481 2004 632
7642 164 604 63 165
7643 802 1405 2297 826
7644 169 1742 665 604
7645 2093 2495 1480 2097
7646 1896 481 2383 1742
7647 1896 1742 2383 2008
7648 2360 670 288 1768
7649 2207 763 816 1768
7650 786 2110 816 2207
7651 650 649 589 2246
7652 1889 176 652 2367
7653 1365 295 1381 1393
7654 2110 19 1412 785
7655 2104 19 1412 1533
7656 800 670 1537 778
7657 792 162 2261 280
7658 763 1768 288 670
7659 1543 2372 1770 2162
7660 785 802 807 1532
7661 2479 2426 1457 2090
7662 2500 2003 661 200
7663 1546 2110 786 785
7664 479 480 66 1711
7665 763 670 1537 2207
7666 1143 2469 1693 2394
7667 2207 1768 1537 763
7668 2360 1768 288 2027
7669 2027 442 288 2360
7670 2207 1768 288 1537
7671 2207 442 288 1768
7672 2105 442 288 2207
7673 1850 1673 1693 2469
7674 1405 1413 2297 826
7675 826 1412 2297 802
7676 2162 1744 808 175
7677 1537 2207 786 288
7678 1692 1177 2071 1686
7679 2364 2152 644 657
7680 650 2152 589 2364
7681 1405 1413 826 1412
7682 826 1405 1543 1744
7683 826 1405 1412 1922
7684 1537 2207 194 786
7685 1537 670 194 2207
7686 1405 1413 1412 1556
7687 786 298 194 1546
7688 288 1537 1532 194
7689 786 2207 194 298
7690 670 298 194 2207
7691 1309 1300 2139 278
7692 2246 2197 1482 649
7693 1413 1405 2297 1556
7694 2105 442 1924 288
7695 175 1543 1554 276
7696 762 2261 20 777
7697 2411 1160 1180 1673
7698 1963 412 1161 103
7699 1554 1771 1536 1770
7700 1533 1922 1924 19
7701 1413 2297 1550 1556
7702 1543 175 1770 2372
7703 1163 1178 25 1181
7704 802 19 1532 785
7705 1762 175 808 1744
7706 802 785 807 826
7707 826 785 807 1762
7708 808 1532 807 802
7709 650 2364 666 657
7710 792 794 1918 162
7711 1458 561 647 1726
7712 202 138 1743 648
7713 1413 19 2297 1412
7714 1412 19 2297 802
7715 1543 1405 1556 2162
7716 2003 191 661 200
7717 2162 175 1770 1543
7718 1533 442 1924 2105
7719 1744 826 802 1762
7720 1744 1405 802 826
7721 1550 2372 2163 276
7722 102 103 412 96
7723 1533 19 2297 1413
7724 1412 19 802 785
7725 1412 785 802 826
7726 1771 783 777 2108
7727 1771 2108 1536 1770
7728 826 1762 807 802
7729 2162 802 808 1744
7730 2297 2372 2162 802
7731 1744 175 2162 1543
7732 1762 785 807 1546
7733 2162 2372 1770 1771
7734 808 194 807 1532
7735 802 1405 2162 2297
7736 802 1744 2162 1405
7737 777 806 20 794
7738 1543 1405 2162 1744
7739 1692 1163 1672 1167
7740 1834 1042 1014 1013
7741 276 1556 2163 1550
7742 105 104 1699 1852
7743 1963 275 1177 1251
7744 2431 1152 1161 2189
7745 2394 104 2333 105
7746 2189 1152 1161 1852
7747 2191 1251 1177 2188
7748 1428 2250 2399 1713
7749 809 791 1327 2164
7750 816 1922 1924 1533
7751 276 2163 20 794
7752 1554 806 1536 1771
7753 1554 1770 1536 175
7754 2297 2372 1550 2162
7755 276 1543 1550 175
7756 2372 175 1550 1543
7757 276 175 1550 2372
7758 276 1405 1550 1543
7759 1556 1405 1550 276
7760 1556 1543 1550 1405
7761 2162 1543 1550 1556
7762 2162 2372 1550 1543
7763 1073 1045 390 1639
7764 1024 1823 88 1831
7765 789 166 769 162
7766 162 792 2261 769
7767 806 2108 1536 1771
7768 2163 1771 20 794
7769 794 276 1554 1543
7770 1543 175 1554 1744
7771 1918 794 20 806
7772 1070 581 2450 1008
7773 1554 175 1536 806
7774 194 786 1924 288
7775 442 2360 1924 288
7776 1533 19 1924 442
7777 2163 276 1554 794
7778 794 1771 1554 2163
7779 2163 1771 1554 2372
7780 2163 2372 1554 276
7781 276 2372 1554 175
7782 1770 175 1554 2372
7783 1770 2372 1554 1771
7784 2105 786 1924 816
7785 786 1546 1924 816
7786 194 1546 1924 786
7787 786 2105 1924 2207
7788 288 2207 1924 2105
7789 786 2207 1924 288
7790 808 802 807 1762
7791 194 1546 1532 1924
7792 785 2110 1532 1546
7793 785 19 1532 2110
7794 1924 1922 1532 19
7795 2110 19 1532 1922
7796 1546 816 1532 1924
7797 1546 2110 1532 816
7798 1924 816 1532 1922
7799 2110 1922 1532 816
7800 590 2476 200 140
7801 78 2148 2002 143
7802 1963 96 1181 412
7803 2342 203 2446 189
7804 1178 1171 1181 1851
7805 1741 673 628 196
7806 645 2006 2251 629
7807 1492 2340 1739 173
7808 2479 2426 1883 1457
7809 652 669 2005 167
7810 196 673 628 1491
7811 644 657 625 2368
7812 188 176 666 644
7813 2479 2427 2426 2090
7814 1429 489 491 76
7815 1726 2427 648 202
7816 1741 627 167 2005
7817 1546 670 194 671
7818 167 1736 2005 652
7819 652 1736 2005 669
7820 673 1492 172 196
7821 167 1889 2005 1736
7822 1491 196 200 2198
7823 2426 167 1457 2090
7824 1328 2434 77 1323
7825 1852 1251 105 1161
7826 1194 1251 416 1177
7827 2447 2006 1349 2362
7828 1728 633 2095 1702
7829 144 1728 568 2340
7830 1076 1621 1832 1647
7831 199 1383 1371 1390
7832 1365 2432 1350 772
7833 2451 187 1381 1356
7834 1703 489 1430 1320
7835 1890 1458 647 1895
7836 2073 2184 529 2474
7837 559 1726 1458 648
7838 2083 103 412 102
7839 607 2428 1890 1895
7840 2250 649 66 2291
7841 2005 669 627 167
7842 644 2152 625 657
7843 634 2383 2151 1482
7844 644 1743 666 2368
7845 2152 2001 589 2364
7846 1499 1726 647 2427
7847 769 783 174 2108
7848 1155 2136 142 1688
7849 1852 2137 105 1251
7850 202 138 648 1726
7851 648 202 2423 1743
7852 1726 138 648 559
7853 627 669 625 188
7854 644 657 666 2364
7855 2427 2290 2367 648
7856 1338 1323 1316 2434
7857 178 672 177 2428
7858 1145 2135 111 99
7859 2364 657 650 2152
7860 1882 559 2147 1726
7861 652 167 2367 669
7862 1895 1458 647 1499
7863 66 2291 177 178
7864 652 669 188 1736
7865 2367 669 188 652
7866 1890 1458 68 647
7867 1895 2423 1890 666
7868 1499 2090 647 167
7869 2000 1857 1149 318
7870 1743 2423 2246 650
7871 1428 635 484 2399
7872 1500 481 1711 1712
7873 1296 1310 2146 1314
7874 589 2428 177 672
7875 627 176 625 648
7876 1743 644 625 2368
7877 1743 648 625 176
7878 1743 176 625 644
7879 648 2368 625 627
7880 627 2368 1499 648
7881 2152 672 625 657
7882 188 669 625 644
7883 1499 167 647 621
7884 561 1457 647 2090
7885 80 2434 77 1318
7886 2152 672 589 2001
7887 627 167 1499 2368
7888 202 1743 666 2423
7889 1895 648 1738 1458
7890 478 178 479 2250
7891 2001 672 589 649
7892 650 2364 589 666
7893 607 484 1890 657
7894 2341 614 1711 634
7895 1460 613 1459 1883
7896 1316 2434 77 80
7897 2367 669 627 188
7898 176 2367 627 188
7899 2198 189 2446 203
7900 2368 648 625 1743
7901 1231 2184 529 83
7902 1460 1894 1459 613
7903 561 1882 1727 1457
7904 2197 649 2246 589
7905 607 589 177 2246
7906 178 596 66 480
7907 652 1889 2426 167
7908 1889 652 2426 2367
7909 2367 2290 2426 1889
7910 2367 652 2426 2427
7911 2291 2001 177 672
7912 2151 1482 479 154
7913 2291 2001 1482 649
7914 178 626 1482 2291
7915 178 480 1482 626
7916 2250 2151 609 2197
7917 1493 649 154 2001
7918 200 638 141 1491
7919 614 634 2250 2151
7920 593 1729 1470 620
7921 762 166 2261 1919
7922 614 2151 2250 478
7923 1473 634 154 1482
7924 1473 1493 154 634
7925 1482 649 154 2246
7926 1482 2001 154 649
7927 2151 2197 2250 649
7928 1713 649 2250 2197
7929 482 635 483 1428
7930 1482 649 2250 2291
7931 2151 649 2250 1482
7932 2250 2291 66 178
7933 1482 2291 2250 178
7934 480 596 66 157
7935 661 191 2446 2365
7936 2151 1482 154 634
7937 2151 634 154 614
7938 2291 598 154 1493
7939 1458 1738 1890 68
7940 1493 480 154 614
7941 626 2291 154 1482
7942 626 598 154 2291
7943 65 649 66 2250
7944 1493 598 154 157
7945 1493 157 154 480
7946 1482 480 154 626
7947 626 157 154 598
7948 480 157 154 626
7949 650 589 609 2246
7950 2246 2423 609 650
7951 2423 657 609 650
7952 2152 2428 609 589
7953 2152 657 609 2428
7954 650 2152 609 589
7955 650 657 609 2152
7956 1260 2337 77 1249
7957 561 139 1727 1882
7958 1428 635 2399 202
7959 1428 202 2399 138
7960 609 202 2399 2423
7961 2197 2250 2399 609
7962 169 604 665 164
7963 1711 614 479 480
7964 1482 178 479 480
7965 1713 482 483 1428
7966 1497 1732 654 1891
7967 2151 478 479 2250
7968 1892 180 601 2092
7969 207 199 1338 208
7970 2290 2500 2479 622
7971 1460 1883 1459 1727
7972 178 478 66 2250
7973 2426 167 2090 652
7974 2426 652 2090 2427
7975 68 561 647 1458
7976 2291 649 66 2001
7977 1895 657 1890 2423
7978 2367 652 2090 167
7979 2427 652 2090 2367
7980 2367 167 2090 2427
7981 2090 2476 1457 2479
7982 1688 1183 142 1155
7983 1249 1211 77 1260
7984 608 2252 2002 2096
7985 2001 2291 177 66
7986 180 621 2092 1894
7987 74 1746 2002 78
7988 2340 2252 567 173
7989 638 1491 200 1488
7990 566 141 563 565
7991 614 480 1711 1493
7992 65 2250 66 478
7993 613 2479 1883 1457
7994 1894 180 601 1892
7995 1356 1398 310 187
7996 159 1497 654 1891
7997 2289 599 64 2453
7998 665 599 64 604
7999 1894 1460 601 180
8000 278 2195 1432 2139
8001 1460 1894 601 1459
8002 1741 167 628 180
8003 196 173 1492 189
8004 904 1306 1430 364
8005 1895 2428 1890 657
8006 636 637 2248 2366
8007 630 2439 2289 165
8008 154 480 479 614
8009 2288 164 665 63
8010 666 202 1890 1895
8011 2423 635 1890 202
8012 2383 1473 1712 481
8013 634 1473 1712 2383
8014 478 614 479 2341
8015 1898 1500 1712 481
8016 1473 1898 1712 481
8017 634 1898 1712 1473
8018 1493 1898 1712 634
8019 1493 1500 1712 1898
8020 1713 2197 66 65
8021 481 157 1711 480
8022 1500 157 1711 481
8023 1712 1493 1711 1500
8024 1712 634 1711 1493
8025 614 1493 1711 634
8026 1493 157 1711 1500
8027 1493 480 1711 157
8028 1482 2151 479 2250
8029 66 596 177 157
8030 2197 649 66 65
8031 2291 672 177 178
8032 647 1457 1727 621
8033 2250 478 65 1713
8034 1890 138 1738 1895
8035 1499 648 1458 1726
8036 65 482 483 1713
8037 2250 1713 65 649
8038 529 2073 387 1858
8039 613 1894 180 1460
8040 66 65 483 1713
8041 2197 649 65 1713
8042 561 1726 1458 559
8043 191 1491 200 2476
8044 658 1329 1324 1333
8045 650 657 1895 2423
8046 1499 2368 1458 648
8047 648 138 1458 559
8048 635 2423 484 2399
8049 2427 167 1499 2367
8050 609 657 607 2428
8051 484 657 607 609
8052 609 2423 484 657
8053 2399 2423 484 609
8054 607 2428 177 589
8055 1738 1458 1890 1895
8056 66 649 177 2001
8057 2399 1713 607 1428
8058 484 1713 66 483
8059 1382 315 211 1396
8060 609 2399 607 484
8061 1211 1318 77 1295
8062 1211 1322 77 1260
8063 2197 1713 607 2399
8064 66 1713 607 2197
8065 2368 2428 1895 657
8066 2399 609 607 2197
8067 2246 2197 607 609
8068 607 2428 1895 177
8069 609 2428 607 589
8070 609 589 607 2246
8071 621 2290 180 167
8072 666 657 1895 650
8073 666 650 1895 2423
8074 1743 648 1895 2368
8075 1743 138 1895 648
8076 1986 1243 497 1714
8077 666 644 1895 657
8078 2368 644 1895 666
8079 2368 657 1895 644
8080 202 138 1895 1743
8081 666 202 1895 1743
8082 666 1743 1895 2368
8083 1726 2427 1499 648
8084 1895 138 1738 648
8085 627 669 1499 167
8086 2367 669 1499 627
8087 2367 167 1499 669
8088 2367 648 1499 2427
8089 176 2367 1499 627
8090 176 648 1499 2367
8091 627 648 1499 176
8092 2090 1882 561 1457
8093 2090 1726 561 1882
8094 2090 2427 561 1726
8095 196 673 1491 655
8096 1895 2368 1458 1499
8097 1895 648 1458 2368
8098 318 1676 1149 2000
8099 111 2135 2444 99
8100 2087 1080 1016 1052
8101 1458 559 560 561
8102 2147 1882 560 559
8103 2147 559 560 1458
8104 1726 1882 560 561
8105 1726 559 560 1882
8106 561 559 560 1726
8107 621 1457 1727 1883
8108 492 490 1429 76
8109 80 1318 77 2337
8110 1738 484 635 68
8111 1738 138 68 635
8112 1890 138 68 1738
8113 202 138 68 1890
8114 202 635 68 138
8115 1890 635 68 202
8116 2426 1457 621 1883
8117 2426 167 621 1457
8118 2290 167 621 2426
8119 1371 199 1338 1353
8120 139 1457 1727 1882
8121 1741 196 628 2198
8122 1328 76 1356 1703
8123 180 613 628 2500
8124 655 172 668 196
8125 673 172 655 196
8126 561 2090 647 2427
8127 1499 2427 647 2090
8128 621 647 1459 1727
8129 621 1894 1459 647
8130 1727 1883 1459 621
8131 613 2479 1459 1883
8132 613 1894 1459 2479
8133 621 2479 1459 1894
8134 621 1883 1459 2426
8135 2479 2426 1459 1883
8136 621 2426 1459 2479
8137 629 2006 163 2318
8138 187 1393 1381 1395
8139 1894 180 1892 2092
8140 621 167 180 1499
8141 167 1889 180 2005
8142 167 2290 180 1889
8143 2479 622 180 2290
8144 1491 1488 1892 2092
8145 2005 1889 180 1736
8146 613 2479 180 1894
8147 2500 2479 180 613
8148 621 2426 180 2290
8149 2479 2426 180 621
8150 2479 2290 180 2426
8151 622 1736 180 1889
8152 622 1889 180 2290
8153 1741 189 196 2198
8154 513 95 98 2447
8155 2445 2362 591 1703
8156 180 2005 1741 167
8157 2070 1144 1964 413
8158 172 1492 173 189
8159 191 2003 2092 2500
8160 1491 673 2092 624
8161 173 2252 608 2096
8162 1491 1488 638 1892
8163 1746 643 600 2252
8164 622 673 1741 1736
8165 1491 673 628 2092
8166 2500 2003 628 622
8167 1177 275 2228 1692
8168 655 2365 1491 196
8169 2479 622 628 180
8170 2092 613 628 180
8171 1850 1151 1143 1676
8172 624 191 1491 655
8173 78 143 2002 74
8174 655 673 1491 624
8175 1467 1731 1466 1997
8176 2003 191 200 2476
8177 1688 1673 142 1183
8178 1457 2476 613 2479
8179 173 2096 1735 668
8180 1674 142 1155 2136
8181 1322 2434 77 307
8182 2092 180 601 613
8183 1460 613 601 180
8184 1243 1714 1987 1434
8185 140 565 562 563
8186 2362 2006 513 2447
8187 2476 2500 200 2003
8188 1022 2467 82 2131
8189 80 1308 1316 1261
8190 567 2340 2002 2252
8191 661 2365 2446 200
8192 590 2198 2446 203
8193 1462 638 74 141
8194 1356 1703 1476 1328
8195 2362 643 1702 1476
8196 208 2451 1371 1356
8197 1492 645 1739 2340
8198 2340 643 1476 2318
8199 2362 1703 1476 2318
8200 172 189 668 196
8201 1328 490 1323 1715
8202 1320 1266 1262 1322
8203 629 668 172 645
8204 643 1703 1476 2362
8205 1356 1328 1476 1353
8206 569 567 568 2002
8207 2447 1991 513 1443
8208 2321 2362 1702 2318
8209 1739 2340 567 170
8210 76 2362 489 1703
8211 637 2094 2248 1733
8212 158 2451 1703 1356
8213 2362 489 2285 2195
8214 203 660 608 170
8215 1443 1991 513 1444
8216 2495 156 1480 612
8217 494 75 2338 1430
8218 492 493 2143 495
8219 2069 2315 1174 1690
8220 1703 1320 2362 489
8221 1320 1365 2362 278
8222 1688 2469 142 1673
8223 2494 1645 2467 2484
8224 2285 489 493 1716
8225 2096 189 2342 668
8226 208 199 1371 1390
8227 1356 1398 2434 310
8228 2340 603 1492 645
8229 187 207 310 208
8230 85 904 500 1262
8231 2287 1262 500 1260
8232 2252 643 2340 1746
8233 187 1395 1381 1356
8234 191 2003 628 2092
8235 191 673 628 2003
8236 2092 673 628 191
8237 2340 2252 1476 643
8238 1366 199 1338 207
8239 1353 1356 1338 1371
8240 1356 2318 1476 1703
8241 295 2395 1381 1393
8242 1322 307 77 1328
8243 608 173 567 2252
8244 2252 2096 173 2340
8245 1320 1703 1356 76
8246 2451 1703 1356 1320
8247 1320 76 1356 1328
8248 2434 307 1356 1328
8249 170 661 1735 203
8250 1546 670 298 194
8251 310 1356 1338 2434
8252 187 310 1356 208
8253 1323 2434 1356 1328
8254 2362 489 1430 1432
8255 2434 1395 1356 307
8256 1398 187 1393 310
8257 1322 1320 1356 1328
8258 1322 307 1356 1320
8259 1328 307 1356 1322
8260 2451 1320 1356 2395
8261 307 2395 1356 1320
8262 668 189 2342 196
8263 1492 189 172 196
8264 307 1395 1356 2395
8265 1491 655 200 2365
8266 1328 1356 1338 1353
8267 1328 1323 1338 1356
8268 1704 299 1338 2434
8269 310 2434 1338 1398
8270 1621 1049 1832 1999
8271 207 310 1338 1398
8272 208 310 1338 207
8273 1356 1323 1338 2434
8274 1398 1399 1338 207
8275 1398 2434 1338 1399
8276 1333 1366 1338 299
8277 1704 1366 1338 1333
8278 1333 299 1338 1704
8279 1399 1366 1338 207
8280 1399 299 1338 1366
8281 902 901 1587 903
8282 1398 187 2434 1395
8283 1356 310 1338 208
8284 1399 2434 1338 1370
8285 299 1370 1338 2434
8286 1399 1370 1338 299
8287 191 2365 200 655
8288 2340 2318 173 603
8289 172 603 629 645
8290 645 603 2251 660
8291 2340 603 173 1492
8292 2198 173 189 2096
8293 187 158 2451 2445
8294 1356 1395 1381 2395
8295 187 310 1381 1393
8296 493 2285 2338 489
8297 1381 1365 2445 295
8298 668 645 1739 172
8299 1381 2451 2445 187
8300 1381 295 2445 2395
8301 1381 2395 2445 2451
8302 158 1703 2318 1356
8303 2362 1320 2445 1365
8304 1703 1320 2445 2362
8305 1320 295 2445 1365
8306 1320 2395 2445 295
8307 1320 1703 2445 2451
8308 2451 2395 2445 1320
8309 772 2024 1350 1365
8310 2002 2340 568 1728
8311 2362 643 600 2095
8312 600 1746 2095 633
8313 1681 1147 1686 1692
8314 2321 1728 144 1702
8315 1365 2445 591 1350
8316 1365 2362 591 2445
8317 173 2096 668 189
8318 173 189 668 172
8319 172 645 1739 1492
8320 173 2096 608 170
8321 608 2096 2471 590
8322 78 1746 1728 633
8323 74 1746 78 633
8324 2340 173 567 170
8325 173 2096 170 1735
8326 140 565 563 141
8327 1686 2226 1187 1670
8328 2340 173 170 1739
8329 172 1735 170 1739
8330 172 173 170 1735
8331 1739 173 170 1492
8332 172 1492 170 173
8333 1739 1492 170 172
8334 629 603 2251 645
8335 568 513 1443 659
8336 591 2362 1349 2006
8337 493 76 491 489
8338 629 2318 2251 603
8339 665 604 64 63
8340 1885 2002 1461 1728
8341 567 660 568 2340
8342 2340 603 2251 2318
8343 660 603 2251 2340
8344 2087 1052 1016 1082
8345 493 489 491 1716
8346 2251 659 568 144
8347 2096 608 203 590
8348 2006 629 163 2251
8349 1735 668 2342 1739
8350 2096 1735 2342 203
8351 1476 2318 1702 2362
8352 191 655 200 1491
8353 2096 1488 590 2198
8354 613 2479 2476 2500
8355 1491 2365 200 196
8356 590 638 1462 140
8357 590 2198 203 2096
8358 189 2096 203 2198
8359 2148 1995 2002 143
8360 567 608 2002 2471
8361 140 200 563 2476
8362 203 189 2342 2096
8363 141 566 563 1460
8364 2003 191 2476 2500
8365 1150 1160 142 2469
8366 668 645 2342 1739
8367 2096 668 2342 1735
8368 191 1491 2476 2092
8369 2092 2500 2476 191
8370 2092 613 2476 2500
8371 563 2476 562 140
8372 563 564 562 2476
8373 1692 1163 2228 1672
8374 668 196 2342 655
8375 2365 655 2342 196
8376 1160 1183 142 1673
8377 1476 643 1702 2318
8378 141 200 563 140
8379 1322 1295 77 2434
8380 189 2198 2446 196
8381 200 196 2446 2198
8382 661 200 2446 203
8383 590 203 2446 200
8384 200 2198 2446 590
8385 2342 189 2446 196
8386 2342 196 2446 2365
8387 2096 1488 1462 590
8388 200 1491 563 2476
8389 638 1892 141 1491
8390 141 1491 563 200
8391 141 1460 563 601
8392 566 564 563 1460
8393 200 638 140 141
8394 2471 143 140 590
8395 200 1488 140 638
8396 590 1488 140 200
8397 590 638 140 1488
8398 2476 613 563 564
8399 1460 564 563 613
8400 1460 613 563 601
8401 141 601 563 1892
8402 141 1892 563 1491
8403 2476 2092 563 613
8404 601 613 563 2092
8405 2092 1892 563 601
8406 2092 1491 563 1892
8407 2476 1491 563 2092
8408 200 608 590 203
8409 2002 78 1728 1885
8410 1446 1309 2139 278
8411 1746 643 633 600
8412 638 1488 74 1746
8413 2002 1746 1728 78
8414 492 491 493 1429
8415 1885 2148 2002 78
8416 1995 567 2002 2471
8417 1167 1163 25 1181
8418 1746 1488 74 2252
8419 144 2002 568 1728
8420 1015 1076 586 1731
8421 1967 2232 526 2066
8422 1462 2096 74 1488
8423 2252 1488 74 2096
8424 1328 1322 75 77
8425 1208 1202 1231 1210
8426 1462 143 74 2471
8427 1462 590 74 2096
8428 2471 590 74 1462
8429 2471 2096 74 590
8430 2447 2362 2195 2321
8431 1160 2469 1150 1673
8432 2471 143 2002 1995
8433 98 95 641 2447
8434 2002 2340 1728 1746
8435 608 2096 2002 2471
8436 74 2252 2002 1746
8437 1746 2252 2002 2340
8438 1231 2073 1023 1818
8439 1021 1824 2057 1951
8440 2362 489 1432 2285
8441 1430 2285 2338 1432
8442 516 520 2413 1446
8443 633 1746 1728 2340
8444 2321 2318 1702 659
8445 1702 659 144 2321
8446 1858 2184 1084 529
8447 1858 2073 387 1644
8448 1446 514 512 210
8449 144 2318 568 2251
8450 1702 1728 144 2095
8451 80 1318 1316 2434
8452 2251 2318 163 659
8453 643 659 1702 2318
8454 2251 2241 163 641
8455 528 527 526 525
8456 591 1365 2195 2362
8457 1350 1365 2195 591
8458 2143 493 494 495
8459 1015 2131 82 2467
8460 1716 489 491 2285
8461 163 2251 1349 2006
8462 2362 2318 513 2006
8463 144 659 1443 2321
8464 1702 643 144 659
8465 2095 643 144 1702
8466 2069 1182 1174 2315
8467 2002 1995 569 567
8468 2095 600 144 643
8469 1054 1039 2214 1988
8470 2095 633 144 600
8471 1728 633 144 2095
8472 643 600 144 633
8473 568 659 1443 144
8474 2318 659 144 643
8475 2251 659 144 2318
8476 2340 633 144 1728
8477 2340 643 144 633
8478 2251 629 163 2318
8479 2340 2318 144 643
8480 2002 567 568 2340
8481 2340 660 568 2251
8482 2251 2318 568 2340
8483 513 1445 1719 98
8484 2321 659 1443 2318
8485 98 514 2241 1501
8486 513 95 163 659
8487 2447 1991 1443 2321
8488 2362 2447 1443 2321
8489 645 1349 2251 2006
8490 2321 2318 1443 2362
8491 1442 1501 512 514
8492 1280 97 512 514
8493 278 2195 2139 1446
8494 513 2318 163 2006
8495 1279 1300 2139 1258
8496 1446 2195 2139 79
8497 2139 2195 1432 79
8498 163 513 2241 95
8499 2195 2362 1349 591
8500 1174 1173 1689 1178
8501 1144 1148 25 1171
8502 2349 389 2146 512
8503 2349 2381 512 1326
8504 1446 2436 512 1535
8505 1443 2318 163 513
8506 1443 659 163 2318
8507 513 659 163 1443
8508 2006 2447 1349 513
8509 1163 413 1964 25
8510 2237 97 2146 2382
8511 2493 1862 2484 2494
8512 514 98 1446 1445
8513 2004 2243 664 1483
8514 2135 1677 111 1191
8515 2467 83 2286 1255
8516 1209 2073 362 2474
8517 2467 1645 117 2484
8518 516 1991 1875 1446
8519 408 2393 421 1224
8520 389 1296 2382 2339
8521 410 1188 1248 421
8522 1967 2066 2237 2232
8523 83 2184 1084 1054
8524 1088 2131 1433 1246
8525 2006 513 1349 163
8526 1328 76 75 1320
8527 117 1645 1084 529
8528 2494 2420 2484 2493
8529 2434 1318 1316 299
8530 2413 79 1432 2195
8531 1621 1999 1832 1021
8532 641 513 1349 2447
8533 996 1021 1634 1055
8534 2494 1645 2484 2420
8535 2447 98 1446 641
8536 1876 518 1446 515
8537 516 1991 1446 2447
8538 2195 2447 1446 1349
8539 2195 2285 1432 2413
8540 98 1719 1446 515
8541 2467 1645 1083 1084
8542 1328 1320 75 1322
8543 1273 520 1446 79
8544 98 515 1446 1445
8545 1818 117 1023 100
8546 1446 79 1973 1273
8547 1329 1089 1316 1261
8548 1446 519 517 520
8549 1446 1991 1875 1444
8550 2438 1054 1083 1084
8551 1348 641 1446 210
8552 2241 98 1446 514
8553 519 520 1446 1273
8554 1348 1974 1446 2432
8555 1348 1350 1446 1349
8556 1348 2432 1446 1350
8557 1974 422 1446 1309
8558 1349 1350 1446 591
8559 2195 591 1446 1350
8560 1349 591 1446 2195
8561 513 1444 1446 1719
8562 513 1991 1446 1444
8563 1348 2436 1446 1974
8564 210 2436 1446 1348
8565 210 1501 1446 514
8566 2241 1501 1446 210
8567 2241 514 1446 1501
8568 1273 1644 1446 519
8569 2024 1309 1446 278
8570 1974 2024 1446 2432
8571 1974 1309 1446 2024
8572 1350 1365 1446 2195
8573 1350 2024 1446 1365
8574 1288 422 1446 1974
8575 285 1288 1446 1974
8576 422 2405 1446 1309
8577 422 1214 1446 2405
8578 1350 772 1446 2024
8579 2432 772 1446 1350
8580 2432 2024 1446 772
8581 1365 278 1446 2195
8582 1365 2024 1446 278
8583 285 1535 1446 1288
8584 1535 285 1446 1974
8585 1974 2436 1446 1535
8586 510 117 1023 1081
8587 1023 2073 1081 387
8588 2193 510 389 1081
8589 862 1196 2072 1116
8590 1288 1214 1446 422
8591 2073 1054 2184 2474
8592 1309 2405 1446 2038
8593 2072 1446 1858 1207
8594 1320 1306 1262 1266
8595 1207 1214 1446 1288
8596 1089 1329 1316 1318
8597 496 490 492 76
8598 1446 2447 2413 516
8599 2074 410 1267 1188
8600 510 1644 389 1697
8601 1243 2286 1434 1231
8602 1260 1211 2287 1249
8603 1211 1266 1262 904
8604 2072 1644 1858 1446
8605 586 1731 153 1015
8606 1704 2434 1316 299
8607 1243 904 85 1986
8608 2286 2139 1231 1243
8609 364 1258 1243 1202
8610 2139 1258 1243 1279
8611 364 1279 1243 1258
8612 1015 86 82 2130
8613 117 83 1084 2467
8614 2139 278 1243 1432
8615 2139 1279 1243 278
8616 1320 1322 1262 75
8617 81 1954 1016 67
8618 1084 529 1083 2438
8619 83 1255 2467 2484
8620 1209 1644 1858 2072
8621 421 2393 387 1697
8622 364 1306 1243 1279
8623 278 1279 1243 1306
8624 374 1325 1360 1317
8625 1433 1088 1731 2131
8626 1217 2184 1231 83
8627 1217 2310 362 2474
8628 1208 364 1231 1202
8629 2420 1997 2494 1731
8630 1696 85 904 1211
8631 1466 1021 2217 1999
8632 1433 1647 2131 1076
8633 1243 2139 1430 1986
8634 83 1054 1022 2310
8635 579 1047 580 1052
8636 1210 1644 1209 1273
8637 1211 1322 1262 1266
8638 2467 1054 1022 83
8639 1161 1152 105 1852
8640 2484 2493 100 1862
8641 152 1999 1466 588
8642 1084 1645 1083 529
8643 1432 1320 1430 2362
8644 105 2431 2333 1161
8645 2484 2494 1433 2467
8646 2467 1246 1433 2484
8647 1255 2484 1433 1246
8648 2467 1645 1433 1246
8649 2494 1645 1433 2467
8650 1645 1088 1433 1246
8651 2420 1088 1433 1645
8652 2494 2420 1433 1645
8653 1255 1973 1433 2484
8654 1210 2073 362 1209
8655 2073 1217 1231 1210
8656 1208 1210 1231 1217
8657 1973 1644 1210 1273
8658 2038 2282 1210 1202
8659 1210 1217 362 2073
8660 1273 1446 1210 1973
8661 1704 1329 1316 1323
8662 2282 2038 1210 862
8663 1217 1022 362 2310
8664 862 2038 1210 1196
8665 1196 2038 1210 405
8666 2038 1214 1210 405
8667 1196 1214 1210 1446
8668 1196 405 1210 1214
8669 1446 1214 1210 2405
8670 2038 2405 1210 1214
8671 1446 2405 1210 2038
8672 1209 1644 2072 1446
8673 1210 2282 2072 1209
8674 1210 862 2072 2282
8675 1210 1196 2072 862
8676 1446 1210 2072 1209
8677 1446 1196 2072 1210
8678 1214 1196 2072 1446
8679 1214 1116 2072 1196
8680 1207 1214 2072 1446
8681 1207 1116 2072 1214
8682 2484 83 117 2467
8683 2073 1210 1231 1209
8684 1255 2139 1231 2286
8685 529 1255 1818 1231
8686 2139 79 1231 1446
8687 2139 1446 1231 1309
8688 2038 1446 1231 1210
8689 1210 1202 1231 2038
8690 1255 79 1231 2139
8691 1209 2073 1858 1231
8692 1231 1644 1858 1209
8693 1231 2073 1858 1644
8694 1209 1210 1231 1973
8695 1209 1973 1231 1644
8696 2073 1644 1231 1973
8697 91 1224 1697 2393
8698 1446 2038 1231 1309
8699 2139 1309 1231 1300
8700 1210 1446 1231 1973
8701 1255 1973 1231 79
8702 1446 79 1231 1973
8703 1258 2038 1231 1202
8704 1258 1309 1231 2038
8705 1258 1300 1231 1309
8706 2139 1300 1231 1258
8707 2139 1258 1231 1202
8708 80 1715 1316 1308
8709 80 1261 1316 1089
8710 307 2434 77 1328
8711 496 1715 77 1316
8712 1951 1082 1016 1052
8713 1089 2337 2287 1249
8714 497 499 1987 1714
8715 150 1002 1014 390
8716 2337 1089 80 1318
8717 2143 493 491 1716
8718 2362 1320 1430 489
8719 1277 1303 80 1308
8720 493 76 2338 75
8721 1432 489 1430 2285
8722 278 1306 1430 1320
8723 1431 499 2320 498
8724 495 493 494 75
8725 496 1328 75 77
8726 1328 1715 496 490
8727 2004 1483 664 1891
8728 75 496 492 76
8729 1987 85 2320 1434
8730 1328 490 496 76
8731 75 495 492 496
8732 904 364 1430 1243
8733 904 1243 1430 1986
8734 278 1320 1430 1432
8735 1243 364 1430 1306
8736 76 1320 1430 75
8737 1262 2287 2320 1431
8738 85 904 1262 1986
8739 1262 2287 500 2320
8740 1262 499 2320 497
8741 1987 497 2320 499
8742 85 1211 500 904
8743 1049 1082 2087 1951
8744 1434 1243 2320 1987
8745 1262 497 2320 1986
8746 1243 1434 2320 85
8747 1262 1211 500 1260
8748 75 1322 1262 77
8749 1712 634 2288 2341
8750 1430 1986 1262 904
8751 2287 1211 500 1249
8752 85 1986 2320 1243
8753 1243 1714 2320 1987
8754 1243 1986 2320 1714
8755 1714 497 2320 1987
8756 1714 1986 2320 497
8757 1832 1049 2087 1951
8758 2073 1973 1023 1644
8759 1015 1082 1951 1647
8760 1015 1021 1951 1082
8761 1647 1021 1951 1015
8762 63 634 2288 2383
8763 1712 2383 2288 634
8764 1076 2087 1832 1621
8765 634 614 2288 2341
8766 1021 1824 1951 1082
8767 1621 1049 2087 1832
8768 1082 1079 1951 1049
8769 1824 1079 1951 1082
8770 1079 1049 2087 1080
8771 1082 1049 2087 1079
8772 1079 1052 2087 1082
8773 1079 1080 2087 1052
8774 2188 1163 1692 275
8775 2383 1742 2288 2008
8776 2383 481 2288 1742
8777 1712 481 2288 2383
8778 2383 2008 2288 164
8779 2383 164 2288 63
8780 63 2288 64 665
8781 1502 1737 616 2249
8782 619 2366 1888 656
8783 1891 2142 654 1481
8784 1729 1477 593 1486
8785 2289 599 159 2244
8786 2453 1485 159 1490
8787 2244 1485 159 1497
8788 2453 1497 159 1485
8789 642 1469 2483 606
8790 168 599 159 1490
8791 2244 599 159 168
8792 2244 168 159 1485
8793 1490 1485 159 168
8794 2288 1742 665 2008
8795 63 604 64 165
8796 2010 604 64 599
8797 2289 630 64 599
8798 1893 604 64 2010
8799 165 604 64 1893
8800 2289 165 64 630
8801 1893 2010 64 667
8802 630 639 64 599
8803 667 639 64 630
8804 2010 639 64 667
8805 2010 599 64 639
8806 165 2007 64 630
8807 667 630 64 2007
8808 1893 2007 64 165
8809 1893 667 64 2007
8810 2004 159 654 1891
8811 2004 2093 654 1471
8812 2289 2453 654 159
8813 1745 2243 2004 662
8814 1481 190 2004 632
8815 1481 2093 2004 190
8816 1745 632 2004 190
8817 1483 632 2004 1745
8818 594 1502 2097 1737
8819 617 594 2097 1737
8820 617 1504 2097 594
8821 1478 2366 1888 619
8822 1504 651 664 617
8823 662 1471 664 651
8824 662 651 664 1504
8825 2495 1471 664 617
8826 2495 651 664 1471
8827 617 651 664 2495
8828 594 1502 1480 2097
8829 594 156 1480 1502
8830 2097 1504 1480 594
8831 2495 631 1480 651
8832 594 631 1480 612
8833 1504 631 1480 594
8834 651 631 1480 1504
8835 2495 617 1480 2097
8836 2495 651 1480 617
8837 2097 617 1480 1504
8838 651 1504 1480 617
8839 2199 161 1733 618
8840 2366 619 636 1747
8841 592 2415 2249 656
8842 161 1888 623 592
8843 1192 2190 1191 411
8844 2225 108 1677 1145
8845 1480 156 1888 656
8846 637 2094 1733 161
8847 1851 1182 412 2083
8848 2344 161 636 637
8849 640 2149 2242 1733
8850 2091 2089 2009 2416
8851 2097 656 2249 1480
8852 1472 1469 1487 1484
8853 1194 2137 416 1251
8854 1478 1897 623 2247
8855 2483 606 1487 2343
8856 2253 161 1489 623
8857 663 618 1733 2149
8858 637 663 636 2199
8859 636 2366 2248 2094
8860 387 1084 529 1858
8861 2094 2415 592 656
8862 2416 2089 640 1489
8863 1489 1498 640 2416
8864 619 656 1888 155
8865 637 2199 636 2344
8866 1478 155 1888 156
8867 161 656 623 1888
8868 619 155 1888 1478
8869 642 606 1486 1469
8870 2242 1498 2009 640
8871 2366 1747 636 1734
8872 137 1498 1748 2091
8873 637 161 636 592
8874 1478 619 636 2366
8875 2344 592 636 161
8876 2094 1478 636 2366
8877 161 618 2199 623
8878 2094 161 637 592
8879 2199 618 1733 663
8880 2094 637 2248 636
8881 2094 656 2248 2415
8882 616 2366 2248 1502
8883 616 2415 2248 2366
8884 592 2094 1733 618
8885 161 2094 1733 592
8886 592 618 1733 161
8887 2247 1897 2344 2089
8888 1480 156 2249 2097
8889 1502 1737 2249 2097
8890 1480 656 2249 156
8891 656 155 2249 156
8892 616 1502 2248 1737
8893 1897 623 2344 2199
8894 1897 2247 2344 623
8895 2097 1737 2249 617
8896 592 656 2249 161
8897 592 161 2344 2247
8898 637 663 2344 161
8899 2199 663 2344 637
8900 2199 161 2344 663
8901 623 161 2344 2199
8902 623 2247 2344 161
8903 2247 619 636 1478
8904 592 2247 636 1478
8905 592 1478 636 2094
8906 1734 155 2249 2415
8907 1747 1502 2249 156
8908 1734 1502 2249 1747
8909 155 1734 2249 1747
8910 1747 156 2249 155
8911 617 2415 616 2249
8912 2249 1737 616 617
8913 1734 2415 616 2366
8914 2366 1502 616 1734
8915 1734 1502 616 2249
8916 2249 2415 616 1734
8917 2366 656 2248 1888
8918 2366 2415 2248 656
8919 2094 2366 2248 1478
8920 1888 1478 2248 2366
8921 2094 1478 2248 1888
8922 1729 1484 620 593
8923 642 1472 1729 1486
8924 1486 1477 593 642
8925 640 1498 611 2242
8926 1486 1469 2483 642
8927 1748 615 1487 2384
8928 2416 2089 1489 1897
8929 1674 1183 2444 2000
8930 581 1062 585 84
8931 606 2384 1487 2343
8932 640 2149 2009 2242
8933 1858 1207 1697 1215
8934 2215 581 2450 1070
8935 646 1498 1489 2416
8936 362 2474 529 1217
8937 1059 1021 1634 2057
8938 640 2089 2009 2149
8939 2091 1897 1748 2089
8940 1466 1999 2217 588
8941 2136 1168 2444 99
8942 606 1469 2483 1495
8943 171 1495 2343 2483
8944 615 646 611 2384
8945 585 2312 1403 67
8946 663 1733 2242 2149
8947 2416 1897 1489 623
8948 2091 2416 2009 640
8949 2242 137 615 2009
8950 1477 1484 593 605
8951 2416 1897 2091 2089
8952 640 2416 2009 2089
8953 151 1834 150 1887
8954 581 84 580 1047
8955 2438 2131 1046 1083
8956 1887 1042 150 151
8957 2483 1498 611 640
8958 1729 1472 610 1484
8959 83 1255 529 2286
8960 2253 2149 640 618
8961 84 1954 580 81
8962 1469 605 610 1484
8963 1495 615 1487 1748
8964 2483 1495 1487 606
8965 2091 1498 1748 646
8966 2009 2091 137 2089
8967 642 171 593 2343
8968 2089 2199 137 2009
8969 2009 2149 615 2242
8970 615 1495 611 1469
8971 593 1484 620 605
8972 108 2190 1192 1172
8973 2146 512 1989 1310
8974 606 642 2343 2483
8975 1748 137 1487 1495
8976 1729 1484 610 620
8977 1677 2190 1191 108
8978 646 2384 2343 171
8979 1486 2242 611 615
8980 605 1469 1472 1484
8981 1046 1015 2214 1059
8982 1016 1080 2363 1052
8983 1748 137 1495 615
8984 128 1042 150 1887
8985 593 1477 620 642
8986 615 137 1495 2009
8987 387 529 1818 2073
8988 1231 2073 1818 529
8989 171 2483 2343 642
8990 606 642 593 2343
8991 646 2091 2384 1748
8992 1145 108 1845 1192
8993 606 2343 593 1729
8994 2087 1049 2363 1080
8995 1729 642 593 606
8996 1052 81 2363 1016
8997 615 1469 611 1486
8998 1470 620 653 1475
8999 611 646 171 2384
9000 83 2286 529 1231
9001 1016 1954 2363 2087
9002 1486 642 593 1729
9003 1472 1484 653 610
9004 1823 1640 2215 131
9005 620 1484 1475 605
9006 824 1921 2026 2350
9007 610 1484 1475 620
9008 1484 1469 1487 1495
9009 1729 1472 653 610
9010 611 1495 171 2483
9011 1472 1477 1486 605
9012 412 1173 1181 1178
9013 777 783 20 806
9014 605 615 1486 1469
9015 1470 1475 653 597
9016 2343 171 1487 1495
9017 611 1495 1487 171
9018 171 2384 1487 611
9019 2343 2384 1487 171
9020 597 1475 2245 1470
9021 1470 1729 653 620
9022 1477 593 620 605
9023 606 1472 1729 642
9024 1470 1475 2245 620
9025 610 605 1475 1484
9026 1024 400 88 996
9027 1246 1645 1083 2467
9028 2087 1080 2363 1016
9029 1078 579 1070 581
9030 362 1217 529 2073
9031 81 1954 2363 1016
9032 512 1326 1989 1310
9033 1486 1477 1475 605
9034 1217 2184 529 1231
9035 2054 1003 1627 2055
9036 1640 575 542 1002
9037 355 827 892 2239
9038 1014 1834 150 151
9039 67 576 1403 1048
9040 1887 1004 150 128
9041 1633 1403 1008 585
9042 1049 1954 2087 2363
9043 1858 1446 1697 1207
9044 2484 1862 100 1973
9045 1697 1023 389 1081
9046 510 1644 1081 1023
9047 510 1697 1081 1644
9048 421 1697 389 2393
9049 410 2339 2473 2066
9050 1226 1224 1697 91
9051 1226 1814 1697 1224
9052 421 1697 2473 389
9053 1446 1288 1697 1207
9054 1216 1207 1697 1288
9055 1226 91 1697 1216
9056 1216 1814 1697 1226
9057 421 408 2473 2066
9058 421 2193 2382 389
9059 1059 86 1634 1021
9060 1973 1862 100 2493
9061 1076 2494 1731 1433
9062 1059 2057 1634 400
9063 996 1055 1634 1039
9064 2473 2193 526 2382
9065 1433 2420 1731 1088
9066 588 1468 1466 152
9067 587 1466 1465 586
9068 82 2131 2438 1022
9069 2382 410 2237 1248
9070 115 116 1450 525
9071 1731 1088 1046 2131
9072 2214 1039 1634 1059
9073 1022 1054 2438 2310
9074 1467 1999 1466 152
9075 1467 1621 1466 1999
9076 1997 1621 1466 1467
9077 117 1088 100 2420
9078 1621 1021 1466 1999
9079 1076 1621 1466 1997
9080 1015 86 1466 1021
9081 1621 1076 1466 1647
9082 1647 1021 1466 1621
9083 1647 1015 1466 1021
9084 1076 1015 1466 1647
9085 2190 418 1172 1857
9086 400 1021 1634 996
9087 2438 82 1046 2131
9088 1015 2131 1046 82
9089 1818 529 100 1255
9090 2214 1059 1634 2438
9091 400 2438 1634 1059
9092 586 1015 153 1046
9093 1046 1083 1059 2438
9094 1039 86 1634 1059
9095 1046 1731 153 1088
9096 586 1466 153 1731
9097 1465 1731 153 1466
9098 1990 2145 2146 512
9099 1442 514 512 97
9100 2473 1248 2237 410
9101 2484 2420 100 2493
9102 2317 1314 2146 1310
9103 1046 2438 2214 82
9104 581 1062 2215 1008
9105 581 84 585 1048
9106 1633 575 1403 2312
9107 1046 1015 1059 586
9108 1168 2136 418 1146
9109 659 660 567 608
9110 525 2232 526 419
9111 117 2420 100 2484
9112 419 1967 526 525
9113 2217 1021 1998 2057
9114 2382 2339 2237 410
9115 2217 1466 1998 1021
9116 1078 581 1070 1008
9117 67 1048 1403 585
9118 2363 1080 579 1052
9119 587 1466 1998 1468
9120 400 2057 1634 1021
9121 1059 1021 1998 1466
9122 2057 1021 1998 1059
9123 1015 1466 1059 586
9124 1015 86 1059 1466
9125 86 2130 1059 1039
9126 1015 2130 1059 86
9127 2420 1644 100 2493
9128 1466 86 1059 1021
9129 2057 1080 2217 588
9130 115 524 2359 525
9131 1446 1644 1280 519
9132 519 518 1280 1446
9133 1441 1280 2237 2382
9134 1280 1446 389 1644
9135 1697 1644 389 1446
9136 2134 2473 1157 2066
9137 526 2237 2359 1967
9138 2232 2066 2237 2473
9139 2232 2339 2237 2317
9140 2473 410 2237 2339
9141 2473 2339 2237 2232
9142 2382 2317 2237 2339
9143 421 1248 2473 1188
9144 1023 1645 117 1818
9145 512 1442 511 1501
9146 1967 2317 1720 419
9147 410 2066 2473 408
9148 1967 525 1720 2359
9149 1188 1248 2473 408
9150 1188 408 2473 421
9151 1248 410 2473 408
9152 92 2134 1157 2066
9153 1446 1288 389 1697
9154 2349 1296 389 1701
9155 2349 1288 389 2381
9156 1701 1296 389 1235
9157 1235 1267 389 1224
9158 1235 1296 389 1267
9159 1224 1814 389 1235
9160 1697 1814 389 1224
9161 2349 1701 389 1814
9162 1814 1288 389 2349
9163 1224 1188 389 421
9164 1224 410 389 1188
9165 1267 410 389 1224
9166 1267 2339 389 410
9167 1267 1296 389 2339
9168 1701 1235 389 1814
9169 1697 1288 389 1216
9170 1814 1216 389 1288
9171 1697 1216 389 1814
9172 2473 2193 2382 421
9173 389 2339 2382 410
9174 389 410 2382 1188
9175 421 1188 2382 410
9176 389 1188 2382 421
9177 2381 1535 512 1326
9178 421 1248 2382 2473
9179 421 410 2382 1248
9180 115 2464 1450 116
9181 389 1446 512 1288
9182 419 2464 115 116
9183 525 2232 1157 526
9184 2000 1857 2444 2136
9185 1154 411 2280 1845
9186 115 1193 1720 2359
9187 525 524 1450 115
9188 1693 104 1699 2394
9189 419 116 115 525
9190 526 2066 1157 2473
9191 92 2232 1157 2134
9192 526 2473 1157 2193
9193 527 1451 1157 525
9194 2378 2179 2174 2218
9195 1150 1966 1968 1684
9196 527 525 1157 526
9197 1157 389 2193 2473
9198 526 2232 1157 2066
9199 789 2107 788 791
9200 525 116 1721 2134
9201 525 2134 1721 1451
9202 389 1296 2146 2382
9203 512 97 2146 1990
9204 2464 1193 1449 1678
9205 1854 1678 1449 113
9206 512 1280 2146 97
9207 2381 1288 512 1535
9208 2359 525 1720 419
9209 2382 97 2146 1280
9210 115 419 1720 1678
9211 2464 1678 1449 1176
9212 113 1877 1449 1854
9213 1878 1877 1449 113
9214 1176 1678 1449 1854
9215 2464 1176 1449 1849
9216 2464 1849 1449 1878
9217 1854 1877 1449 1176
9218 1849 1877 1449 1878
9219 1849 1176 1449 1877
9220 389 2381 512 2349
9221 210 1326 512 2436
9222 1967 419 1720 525
9223 512 210 1989 1326
9224 2359 419 1720 115
9225 1967 97 2146 2237
9226 1719 1445 515 98
9227 1445 97 1280 514
9228 2237 2317 2146 1967
9229 1296 2317 2146 2382
9230 1296 1314 2146 2317
9231 2349 1296 2146 389
9232 2349 1310 2146 1296
9233 2237 1967 1720 2359
9234 1191 1168 111 2135
9235 1173 2188 2191 96
9236 275 1163 1181 1963
9237 1173 1163 1181 1178
9238 96 1173 1181 412
9239 1155 1183 2000 1688
9240 2215 1008 2450 581
9241 584 583 580 1048
9242 2238 2315 1962 1182
9243 1172 2190 1677 108
9244 413 1851 1178 2069
9245 1966 1150 1180 2411
9246 1676 1146 1149 2000
9247 2260 166 280 762
9248 2135 1674 2444 99
9249 2000 2136 1149 1857
9250 1850 2469 1143 1151
9251 318 1673 1688 1183
9252 318 1676 1688 1151
9253 1146 1676 1688 318
9254 1146 1151 1688 1676
9255 1672 413 1964 1163
9256 1163 25 1964 1672
9257 1150 2469 142 1966
9258 102 96 412 1173
9259 1078 1831 1070 1047
9260 1145 1677 111 2135
9261 1155 1183 142 1160
9262 279 1966 1180 1684
9263 1046 117 1645 1088
9264 2188 1163 1963 96
9265 2191 2188 1963 103
9266 2083 1178 1689 1173
9267 1463 1887 1403 575
9268 1692 1672 2228 1681
9269 1174 1182 1962 2315
9270 1679 2319 1175 109
9271 2069 1851 1178 1182
9272 1178 1171 25 1181
9273 2225 411 2280 1154
9274 1679 2133 1175 2319
9275 1447 1679 1690 1175
9276 1679 1690 1175 2133
9277 1145 1677 2135 1191
9278 1689 1173 102 2083
9279 1175 2319 107 109
9280 1175 2133 107 2319
9281 2227 2319 107 2133
9282 2227 1690 107 1447
9283 2133 1690 107 2227
9284 1175 1447 107 1690
9285 1175 1690 107 2133
9286 103 96 102 2189
9287 1178 413 25 1171
9288 162 2107 789 2260
9289 2083 1689 2238 101
9290 102 2083 101 1689
9291 2191 96 103 2189
9292 783 1770 2108 1771
9293 275 1167 1181 1163
9294 2188 96 103 2191
9295 1174 1447 1962 1689
9296 521 1447 1962 2227
9297 777 794 20 1771
9298 1172 1857 1168 2190
9299 2083 1182 2238 1851
9300 1178 1174 2238 1689
9301 1178 1182 2238 1174
9302 1178 1851 2238 1182
9303 2083 1178 2238 1689
9304 2083 1851 2238 1178
9305 107 106 521 2319
9306 1845 1145 2135 1191
9307 2260 162 280 166
9308 2227 106 521 107
9309 2450 127 1002 1640
9310 107 1447 521 2227
9311 105 2137 2333 2431
9312 1634 1039 88 996
9313 1168 1857 418 2136
9314 1046 82 2214 1015
9315 1845 1192 411 1145
9316 1145 2225 411 1845
9317 108 1172 1168 1677
9318 1628 127 1073 1822
9319 102 1173 412 2083
9320 1677 108 1191 1845
9321 581 1008 1403 585
9322 1048 84 580 581
9323 1168 1172 111 1677
9324 318 1151 1850 1676
9325 318 1183 2000 1673
9326 1052 1047 580 84
9327 1155 2136 2000 1183
9328 578 1004 150 1887
9329 1688 2136 2000 1155
9330 1191 2190 1168 1857
9331 99 1168 111 2136
9332 99 1168 2444 111
9333 1073 2450 1002 390
9334 411 1192 1154 2225
9335 1168 2190 111 1172
9336 2312 575 1032 1640
9337 1845 2225 2280 1145
9338 1145 108 1677 1845
9339 1676 1146 2000 318
9340 2136 1857 2444 1168
9341 318 1676 1850 1149
9342 2225 1845 2280 411
9343 1845 108 1191 411
9344 2136 1688 2000 1146
9345 1172 2190 111 1677
9346 1191 1677 111 2190
9347 1168 1146 111 2136
9348 1168 1857 2444 1191
9349 1178 1851 412 2083
9350 2083 1173 412 1178
9351 2003 2446 661 191
9352 1688 1151 1850 318
9353 2260 166 789 162
9354 1963 1163 1181 96
9355 96 1163 1181 1173
9356 1672 1692 1970 1147
9357 412 103 1963 96
9358 2188 96 1963 103
9359 809 2260 789 2107
9360 413 1144 25 1171
9361 1964 25 1970 1167
9362 1163 413 25 1178
9363 25 1167 1964 1672
9364 275 1163 1692 1167
9365 1177 1692 2228 1686
9366 1964 1144 1970 25
9367 1964 1159 1144 2070
9368 1966 2469 1180 1150
9369 1919 166 2260 762
9370 2251 1735 1739 170
9371 1963 2191 1177 2188
9372 1963 2188 1177 275
9373 1251 2189 1177 2431
9374 1251 2191 1177 2189
9375 2226 1686 2228 1670
9376 1852 104 279 1966
9377 2191 2188 416 1251
9378 1963 2189 1177 2191
9379 2431 2189 1177 1963
9380 1852 1251 416 2137
9381 1970 1964 1681 1147
9382 575 1887 1403 576
9383 1970 1147 1681 1672
9384 2070 1672 1681 413
9385 1688 1673 1850 1151
9386 1673 1160 1180 1150
9387 2228 2226 1177 2071
9388 151 1042 1014 1834
9389 416 2228 1177 2188
9390 2071 1177 2228 1686
9391 1692 275 2228 2188
9392 1693 1180 1699 104
9393 1687 1684 279 2411
9394 2226 1187 1687 1194
9395 2071 2226 1194 1187
9396 1177 2188 2228 275
9397 1194 2071 416 2226
9398 1177 2071 416 1194
9399 1177 2226 416 2071
9400 1161 2189 416 1251
9401 1852 2189 416 1161
9402 1161 1251 416 1852
9403 2411 1684 1180 1966
9404 1852 1966 279 416
9405 1699 2333 1691 104
9406 1194 2137 279 416
9407 1143 1850 1691 1699
9408 1852 1152 105 2189
9409 416 1968 279 1687
9410 1966 1150 2411 1684
9411 2226 1670 1687 1187
9412 2411 1687 1180 279
9413 2226 1194 1687 416
9414 2226 416 1687 1968
9415 1968 1670 1687 2226
9416 1670 1684 1968 1687
9417 1968 1684 279 1687
9418 1968 1966 279 1684
9419 416 1966 279 1968
9420 279 1684 1180 2411
9421 2394 1143 1699 1693
9422 2394 1151 1143 2469
9423 1143 1850 1699 1693
9424 104 1151 2394 2469
9425 1699 105 1691 2333
9426 2394 104 1691 2333
9427 318 1673 1693 1850
9428 1850 2469 1693 1143
9429 2333 2137 1691 2431
9430 1699 104 1691 2394
9431 2164 2107 788 789
9432 279 1180 1699 1693
9433 2137 1852 1699 279
9434 806 1536 174 769
9435 1150 1673 1693 1180
9436 1150 2469 1693 1673
9437 1180 2469 1693 1150
9438 2394 2469 1693 104
9439 792 162 1918 769
9440 1180 1966 1693 2469
9441 104 1966 1693 1180
9442 104 2469 1693 1966
9443 2333 104 1699 105
9444 1180 279 1699 1966
9445 104 1966 1699 279
9446 1180 1966 1699 104
9447 1699 2137 1691 1852
9448 105 1852 1691 2137
9449 1699 1852 1691 105
9450 1919 166 788 789
9451 996 1055 1988 1010
9452 791 1919 788 789
9453 1014 151 150 1042
9454 996 400 88 1634
9455 1073 127 1002 2450
9456 578 575 1004 1887
9457 2164 791 1327 788
9458 1640 131 1823 127
9459 1042 1067 1014 148
9460 1004 1008 1002 575
9461 2363 1052 580 81
9462 762 166 280 162
9463 150 128 390 1042
9464 1073 399 390 1045
9465 148 1639 1014 149
9466 769 162 1918 789
9467 1834 1464 578 1887
9468 1919 2260 789 809
9469 2107 809 1327 2164
9470 1919 166 789 2260
9471 762 791 809 1919
9472 794 806 1918 1554
9473 1918 174 777 2261
9474 2215 127 1073 2450
9475 762 1919 809 2260
9476 174 769 2261 1918
9477 806 2108 1918 769
9478 769 783 1918 174
9479 20 2261 792 1918
9480 1771 2108 777 794
9481 280 2261 20 762
9482 174 783 2261 2108
9483 1918 783 777 174
9484 806 2108 777 783
9485 794 2108 777 806
9486 1045 1822 1073 399
9487 584 582 585 580
9488 2312 575 576 1032
9489 581 1008 585 1062
9490 791 2107 2164 809
9491 579 582 580 581
9492 583 2363 580 1048
9493 2378 1003 1627 2054
9494 1045 1639 1073 1822
9495 1633 575 2312 1640
9496 580 581 585 1048
9497 580 582 585 581
9498 2107 2260 1327 809
9499 1262 2287 1431 1260
9500 150 1042 390 1014
9501 1048 1954 580 84
9502 2363 81 580 1954
9503 1078 2217 2057 1080
9504 579 2217 1078 1080
9505 579 1080 1078 1047
9506 2183 1831 1078 1079
9507 1047 1080 1078 1079
9508 1079 1831 1078 1047
9509 1824 2183 1078 1079
9510 588 1080 1078 2057
9511 588 1049 1078 1080
9512 2057 1049 1078 588
9513 2183 1010 1024 1831
9514 2438 1084 2214 1054
9515 1079 1080 1078 1049
9516 1951 1079 1078 1049
9517 1824 1079 1078 1951
9518 1633 1062 585 1008
9519 1633 84 585 1062
9520 1019 84 585 1633
9521 1019 1048 585 84
9522 1633 2312 585 67
9523 67 1019 585 1633
9524 67 1048 585 1019
9525 374 1325 1342 1360
9526 575 1640 1008 1002
9527 1070 579 1823 581
9528 1047 579 1823 1070
9529 1047 581 1823 579
9530 581 1047 1823 84
9531 131 84 1823 1047
9532 1047 1831 1823 131
9533 1262 1431 498 1260
9534 84 1062 1823 581
9535 84 131 1823 1062
9536 1823 1062 2215 581
9537 1640 1062 2215 131
9538 1004 1008 575 581
9539 1823 131 2215 1062
9540 1634 400 88 1070
9541 2215 1640 2450 1062
9542 2215 1062 2450 1008
9543 150 1002 390 1004
9544 1627 1065 2056 1077
9545 1633 1640 2450 1008
9546 1633 1062 2450 1640
9547 1008 1062 2450 1633
9548 1014 1628 1073 1639
9549 1822 1639 1073 1628
9550 128 127 1073 1628
9551 390 1004 1002 128
9552 359 1115 875 2391
9553 1067 1628 1073 1014
9554 1067 128 1073 1628
9555 1042 1067 1073 1014
9556 1042 128 1073 1067
9557 128 1073 1002 390
9558 128 127 1002 1073
9559 542 128 1002 1004
9560 127 128 1002 542
9561 1360 381 1317 201
9562 1640 127 1002 542
9563 575 1008 1403 581
9564 542 1032 1002 575
9565 1887 1004 1002 575
9566 575 1032 1002 1887
9567 1887 1032 1002 542
9568 542 1004 1002 1887
9569 2216 2214 1988 1063
9570 1084 2184 2214 1054
9571 1059 2130 2214 1039
9572 1021 1055 996 1010
9573 1831 1010 1024 131
9574 2438 1046 2214 1059
9575 484 1713 483 1428
9576 1824 2183 400 1078
9577 1824 1951 400 2057
9578 1078 1951 400 1824
9579 2057 1021 400 1824
9580 996 1010 400 1021
9581 1824 1021 400 1010
9582 2215 996 1823 88
9583 1078 1049 400 1951
9584 2057 1049 400 1078
9585 1832 1049 400 2057
9586 1832 1951 400 1049
9587 2057 1951 400 1832
9588 1054 1039 2184 2214
9589 82 2216 2214 2130
9590 82 2130 2214 1015
9591 1824 2183 1024 400
9592 1824 1010 1024 2183
9593 400 1010 1024 1824
9594 2310 2216 1063 1022
9595 2438 1054 1063 2310
9596 2214 1054 1063 2438
9597 1070 2215 88 2450
9598 2310 1022 1063 2438
9599 2214 2438 1063 82
9600 2214 82 1063 2216
9601 1022 82 1063 2438
9602 1022 2216 1063 82
9603 996 1010 1988 1024
9604 2214 2216 1988 2130
9605 2214 2130 1988 1039
9606 86 1039 1988 2130
9607 1055 1039 1988 86
9608 86 2130 1988 1055
9609 1024 2183 88 400
9610 1823 1047 88 1831
9611 1070 1047 88 1823
9612 1070 1831 88 1047
9613 2183 1831 88 1070
9614 1024 1831 88 2183
9615 400 2183 88 1078
9616 1070 1078 88 2183
9617 400 1078 88 1070
9618 1344 674 1294 1867
9619 875 1958 1111 1115
9620 384 1816 383 1001
9621 1816 1001 2218 383
9622 2218 2054 1627 1077
9623 1627 2218 2378 2054
9624 1344 1294 1378 1867
9625 1077 2179 2056 1627
9626 1378 1294 1359 1867
9627 1344 1378 1377 1867
9628 674 1975 1345 1294
9629 377 2380 1190 1170
9630 2378 1816 2174 2179
9631 1989 2317 2146 1310
9632 150 1002 1004 1014
9633 1735 661 2446 203
9634 968 2043 435 983
9635 966 952 967 370
9636 370 988 969 966
9637 917 982 819 1773
9638 1128 2186 2185 406
9639 1945 941 314 940
9640 1702 2447 2195 2321
9641 1812 1806 1411 436
9642 1294 206 1304 674
9643 414 1965 1162 1683
9644 1647 1433 2131 1246
9645 2441 2222 90 406
9646 798 277 296 767
9647 827 829 1565 892
9648 1228 500 1211 1249
9649 1365 1347 1348 2432
9650 2067 1685 1856 2068
9651 569 144 2002 568
9652 902 901 903 1783
9653 2058 395 392 1050
9654 2150 2495 1481 197
9655 1730 2363 1080 580
9656 2296 771 28 1763
9657 1795 541 1568 900
9658 845 2353 874 2457
9659 645 1349 1739 2251
9660 2369 2412 257 473
9661 2060 2279 1092 29
9662 670 1546 298 782
9663 1979 984 1611 2267
9664 107 522 109 2319
9665 20 2261 1918 777
9666 818 1767 779 812
9667 756 59 467 2103
9668 2055 120 2377 1622
9669 622 655 191 624
9670 2382 2359 526 2237
9671 1189 2232 92 116
9672 1314 2339 2232 2317
9673 1909 2021 253 686
9674 2179 1001 1816 384
9675 1401 315 1382 1396
9676 2329 61 385 1623
9677 342 1575 903 2435
9678 766 787 2165 811
9679 766 787 775 2165
9680 1807 2170 2045 311
9681 1038 2213 1006 193
9682 2240 2213 1006 1038
9683 1121 1838 2222 1137
9684 470 56 51 2293
9685 1726 2399 202 138
9686 2476 608 590 200
9687 1238 729 1252 2336
9688 158 1703 2445 591
9689 1993 1202 1884 129
9690 117 510 1023 100
9691 1575 1931 322 340
9692 1713 479 478 65
9693 46 2259 2079 47
9694 1101 1099 267 1096
9695 1929 1213 1204 1206
9696 516 517 520 1875
9697 2339 415 410 1267
9698 1014 1002 1004 1639
9699 1617 1942 311 306
9700 895 339 834 327
9701 2442 2429 2208 248
9702 988 2049 974 1610
9703 492 491 2143 493
9704 1696 343 856 1797
9705 578 575 1887 1463
9706 1267 1235 1248 2074
9707 1821 1638 1632 1820
9708 2389 1011 1631 1069
9709 2303 1585 1563 837
9710 2261 280 20 792
9711 1491 180 2092 628
9712 1821 997 2173 1638
9713 2271 2173 997 1638
9714 359 1656 1837 2488
9715 2490 540 539 1454
9716 40 460 739 738
9717 965 2124 266 976
9718 1016 1007 391 67
9719 1513 1512 2255 2257
9720 2025 304 2026 2403
9721 596 183 1742 1500
9722 878 845 844 330
9723 1474 670 768 671
9724 1635 346 1087 2418
9725 1057 346 1087 1635
9726 351 2166 360 2375
9727 1837 359 2063 54
9728 359 1656 54 1837
9729 837 1586 1585 1560
9730 187 1398 1393 1395
9731 1546 670 671 782
9732 1384 289 1380 1387
9733 1610 966 2122 988
9734 374 1325 1705 1342
9735 976 2192 380 965
9736 2070 1672 413 1964
9737 433 434 11 1946
9738 618 1498 640 2253
9739 484 607 1713 1428
9740 1098 29 2060 1104
9741 2090 1726 202 2427
9742 42 746 46 1759
9743 2190 418 1857 1149
9744 1515 684 1903 1909
9745 248 1566 868 897
9746 1884 1724 1993 549
9747 974 1945 2049 940
9748 1042 388 998 1072
9749 974 370 988 969
9750 1641 125 2128 1051
9751 1799 1805 2119 925
9752 1518 686 2385 688
9753 1356 1398 187 2434
9754 2070 1672 1964 1681
9755 1640 575 1032 542
9756 1909 2021 686 240
9757 827 355 1562 1787
