20808
0 -0.5 -6.6434346e-08 -0.5
1 -0.50000006 -9.96515155e-08 -0.494999975
2 -0.50000006 -9.96515155e-08 -0.484999985
3 -0.494999975 -9.96515155e-08 -0.50000006
4 -0.494999975 -0.00125017436 -0.494999975
5 -0.494999975 -0.00250014942 -0.484999985
6 -0.484999985 -9.96515155e-08 -0.50000006
7 -0.484999985 -0.00250014942 -0.494999975
8 -0.484999985 -0.00500009954 -0.484999985
9 -0.50000006 -9.96515155e-08 -0.474999994
10 -0.50000006 -9.96515155e-08 -0.465000004
11 -0.50000006 -9.96515155e-08 -0.454999983
12 -0.50000006 -9.96515155e-08 -0.444999993
13 -0.50000006 -9.96515155e-08 -0.435000002
14 -0.50000006 -9.96515155e-08 -0.424999982
15 -0.50000006 -9.96515155e-08 -0.414999992
16 -0.50000006 -9.96515155e-08 -0.405000001
17 -0.494999975 -0.00250014942 -0.474999994
18 -0.494999975 -0.00250014942 -0.465000004
19 -0.494999975 -0.00250014942 -0.454999983
20 -0.494999975 -0.00250014942 -0.444999993
21 -0.494999975 -0.00250014942 -0.435000002
22 -0.494999975 -0.00250014942 -0.424999982
23 -0.494999975 -0.00250014942 -0.414999992
24 -0.494999975 -0.00250014942 -0.405000001
25 -0.484999985 -0.00500009954 -0.474999994
26 -0.484999985 -0.00500009954 -0.465000004
27 -0.484999985 -0.00500009954 -0.454999983
28 -0.484999985 -0.00500009954 -0.444999993
29 -0.484999985 -0.00500009954 -0.435000002
30 -0.484999985 -0.00500009954 -0.424999982
31 -0.484999985 -0.00500009954 -0.414999992
32 -0.484999985 -0.00500009954 -0.405000001
33 -0.50000006 -9.96515155e-08 -0.394999981
34 -0.50000006 -9.96515155e-08 -0.38499999
35 -0.50000006 -9.96515155e-08 -0.375
36 -0.50000006 -9.96515155e-08 -0.36499998
37 -0.50000006 -9.96515155e-08 -0.354999989
38 -0.50000006 -9.96515155e-08 -0.344999999
39 -0.50000006 -9.96515155e-08 -0.334999979
40 -0.50000006 -9.96515155e-08 -0.324999988
41 -0.494999975 -0.00250014942 -0.394999981
42 -0.494999975 -0.00250014942 -0.38499999
43 -0.494999975 -0.00250014942 -0.375
44 -0.494999975 -0.00250014942 -0.36499998
45 -0.494999975 -0.00250014942 -0.354999989
46 -0.494999975 -0.00250014942 -0.344999999
47 -0.494999975 -0.00250014942 -0.334999979
48 -0.494999975 -0.00250014942 -0.324999988
49 -0.484999985 -0.00500009954 -0.394999981
50 -0.484999985 -0.00500009954 -0.38499999
51 -0.484999985 -0.00500009954 -0.375
52 -0.484999985 -0.00500009954 -0.36499998
53 -0.484999985 -0.00500009954 -0.354999989
54 -0.484999985 -0.00500009954 -0.344999999
55 -0.484999985 -0.00500009954 -0.334999979
56 -0.484999985 -0.00500009954 -0.324999988
57 -0.50000006 -9.96515155e-08 -0.314999998
58 -0.50000006 -9.96515155e-08 -0.305000007
59 -0.50000006 -9.96515155e-08 -0.294999987
60 -0.50000006 -9.96515155e-08 -0.284999996
61 -0.50000006 -9.96515155e-08 -0.275000006
62 -0.50000006 -9.96515155e-08 -0.264999986
63 -0.50000006 -9.96515155e-08 -0.254999995
64 -0.50000006 -9.96515155e-08 -0.24499999
65 -0.494999975 -0.00250014942 -0.314999998
66 -0.494999975 -0.00250014942 -0.305000007
67 -0.494999975 -0.00250014942 -0.294999987
68 -0.494999975 -0.00250014942 -0.284999996
69 -0.494999975 -0.00250014942 -0.275000006
70 -0.494999975 -0.00250014942 -0.264999986
71 -0.494999975 -0.00250014942 -0.254999995
72 -0.494999975 -0.00250014942 -0.24499999
73 -0.484999985 -0.00500009954 -0.314999998
74 -0.484999985 -0.00500009954 -0.305000007
75 -0.484999985 -0.00500009954 -0.294999987
76 -0.484999985 -0.00500009954 -0.284999996
77 -0.484999985 -0.00500009954 -0.275000006
78 -0.484999985 -0.00500009954 -0.264999986
79 -0.484999985 -0.00500009954 -0.254999995
80 -0.484999985 -0.00500009954 -0.24499999
81 -0.50000006 -9.96515155e-08 -0.234999999
82 -0.50000006 -9.96515155e-08 -0.224999994
83 -0.50000006 -9.96515155e-08 -0.214999989
84 -0.50000006 -9.96515155e-08 -0.204999998
85 -0.50000006 -9.96515155e-08 -0.194999993
86 -0.50000006 -9.96515155e-08 -0.185000002
87 -0.50000006 -9.96515155e-08 -0.174999997
88 -0.50000006 -9.96515155e-08 -0.164999992
89 -0.494999975 -0.00250014942 -0.234999999
90 -0.494999975 -0.00250014942 -0.224999994
91 -0.494999975 -0.00250014942 -0.214999989
92 -0.494999975 -0.00250014942 -0.204999998
93 -0.494999975 -0.00250014942 -0.194999993
94 -0.494999975 -0.00250014942 -0.185000002
95 -0.494999975 -0.00250014942 -0.174999997
96 -0.494999975 -0.00250014942 -0.164999992
97 -0.484999985 -0.00500009954 -0.234999999
98 -0.484999985 -0.00500009954 -0.224999994
99 -0.484999985 -0.00500009954 -0.214999989
100 -0.484999985 -0.00500009954 -0.204999998
101 -0.484999985 -0.00500009954 -0.194999993
102 -0.484999985 -0.00500009954 -0.185000002
103 -0.484999985 -0.00500009954 -0.174999997
104 -0.484999985 -0.00500009954 -0.164999992
105 -0.50000006 -9.96515155e-08 -0.155000001
106 -0.50000006 -9.96515155e-08 -0.144999996
107 -0.50000006 -9.96515155e-08 -0.13499999
108 -0.50000006 -9.96515155e-08 -0.125
109 -0.50000006 -9.96515155e-08 -0.114999995
110 -0.50000006 -9.96515155e-08 -0.104999997
111 -0.50000006 -9.96515155e-08 -0.0949999988
112 -0.50000006 -9.96515155e-08 -0.0850000009
113 -0.494999975 -0.00250014942 -0.155000001
114 -0.494999975 -0.00250014942 -0.144999996
115 -0.494999975 -0.00250014942 -0.13499999
116 -0.494999975 -0.00250014942 -0.125
117 -0.494999975 -0.00250014942 -0.114999995
118 -0.494999975 -0.00250014942 -0.104999997
119 -0.494999975 -0.00250014942 -0.0949999988
120 -0.494999975 -0.00250014942 -0.0850000009
121 -0.484999985 -0.00500009954 -0.155000001
122 -0.484999985 -0.00500009954 -0.144999996
123 -0.484999985 -0.00500009954 -0.13499999
124 -0.484999985 -0.00500009954 -0.125
125 -0.484999985 -0.00500009954 -0.114999995
126 -0.484999985 -0.00500009954 -0.104999997
127 -0.484999985 -0.00500009954 -0.0949999988
128 -0.484999985 -0.00500009954 -0.0850000009
129 -0.50000006 -9.96515155e-08 -0.0749999955
130 -0.50000006 -9.96515155e-08 -0.0649999976
131 -0.50000006 -9.96515155e-08 -0.0549999997
132 -0.50000006 -9.96515155e-08 -0.0449999981
133 -0.50000006 -9.96515155e-08 -0.0350000001
134 -0.50000006 -9.96515155e-08 -0.0249999985
135 -0.50000006 -9.96515155e-08 -0.0149999997
136 -0.50000006 -9.96515155e-08 -0.00499999989
137 -0.494999975 -0.00250014942 -0.0749999955
138 -0.494999975 -0.00250014942 -0.0649999976
139 -0.494999975 -0.00250014942 -0.0549999997
140 -0.494999975 -0.00250014942 -0.0449999981
141 -0.494999975 -0.00250014942 -0.0350000001
142 -0.494999975 -0.00250014942 -0.0249999985
143 -0.494999975 -0.00250014942 -0.0149999997
144 -0.494999975 -0.00250014942 -0.00499999989
145 -0.484999985 -0.00500009954 -0.0749999955
146 -0.484999985 -0.00500009954 -0.0649999976
147 -0.484999985 -0.00500009954 -0.0549999997
148 -0.484999985 -0.00500009954 -0.0449999981
149 -0.484999985 -0.00500009954 -0.0350000001
150 -0.484999985 -0.00500009954 -0.0249999985
151 -0.484999985 -0.00500009954 -0.0149999997
152 -0.484999985 -0.00500009954 -0.00499999989
153 -0.474999994 -9.96515155e-08 -0.50000006
154 -0.474999994 -0.00250014942 -0.494999975
155 -0.474999994 -0.00500009954 -0.484999985
156 -0.465000004 -9.96515155e-08 -0.50000006
157 -0.465000004 -0.00250014942 -0.494999975
158 -0.465000004 -0.00500009954 -0.484999985
159 -0.454999983 -9.96515155e-08 -0.50000006
160 -0.454999983 -0.00250014942 -0.494999975
161 -0.454999983 -0.00500009954 -0.484999985
162 -0.444999993 -9.96515155e-08 -0.50000006
163 -0.444999993 -0.00250014942 -0.494999975
164 -0.444999993 -0.00500009954 -0.484999985
165 -0.435000002 -9.96515155e-08 -0.50000006
166 -0.435000002 -0.00250014942 -0.494999975
167 -0.435000002 -0.00500009954 -0.484999985
168 -0.424999982 -9.96515155e-08 -0.50000006
169 -0.424999982 -0.00250014942 -0.494999975
170 -0.424999982 -0.00500009954 -0.484999985
171 -0.414999992 -9.96515155e-08 -0.50000006
172 -0.414999992 -0.00250014942 -0.494999975
173 -0.414999992 -0.00500009954 -0.484999985
174 -0.405000001 -9.96515155e-08 -0.50000006
175 -0.405000001 -0.00250014942 -0.494999975
176 -0.405000001 -0.00500009954 -0.484999985
177 -0.474999994 -0.00500009954 -0.474999994
178 -0.474999994 -0.00500009954 -0.465000004
179 -0.474999994 -0.00500009954 -0.454999983
180 -0.474999994 -0.00500009954 -0.444999993
181 -0.474999994 -0.00500009954 -0.435000002
182 -0.474999994 -0.00500009954 -0.424999982
183 -0.474999994 -0.00500009954 -0.414999992
184 -0.474999994 -0.00500009954 -0.405000001
185 -0.465000004 -0.00500009954 -0.474999994
186 -0.465000004 -0.00500009954 -0.465000004
187 -0.465000004 -0.00500009954 -0.454999983
188 -0.465000004 -0.00500009954 -0.444999993
189 -0.465000004 -0.00500009954 -0.435000002
190 -0.465000004 -0.00500009954 -0.424999982
191 -0.465000004 -0.00500009954 -0.414999992
192 -0.465000004 -0.00500009954 -0.405000001
193 -0.454999983 -0.00500009954 -0.474999994
194 -0.454999983 -0.00500009954 -0.465000004
195 -0.454999983 -0.00500009954 -0.454999983
196 -0.454999983 -0.00500009954 -0.444999993
197 -0.454999983 -0.00500009954 -0.435000002
198 -0.454999983 -0.00500009954 -0.424999982
199 -0.454999983 -0.00500009954 -0.414999992
200 -0.454999983 -0.00500009954 -0.405000001
201 -0.444999993 -0.00500009954 -0.474999994
202 -0.444999993 -0.00500009954 -0.465000004
203 -0.444999993 -0.00500009954 -0.454999983
204 -0.444999993 -0.00500009954 -0.444999993
205 -0.444999993 -0.00500009954 -0.435000002
206 -0.444999993 -0.00500009954 -0.424999982
207 -0.444999993 -0.00500009954 -0.414999992
208 -0.444999993 -0.00500009954 -0.405000001
209 -0.435000002 -0.00500009954 -0.474999994
210 -0.435000002 -0.00500009954 -0.465000004
211 -0.435000002 -0.00500009954 -0.454999983
212 -0.435000002 -0.00500009954 -0.444999993
213 -0.435000002 -0.00500009954 -0.435000002
214 -0.435000002 -0.00500009954 -0.424999982
215 -0.435000002 -0.00500009954 -0.414999992
216 -0.435000002 -0.00500009954 -0.405000001
217 -0.424999982 -0.00500009954 -0.474999994
218 -0.424999982 -0.00500009954 -0.465000004
219 -0.424999982 -0.00500009954 -0.454999983
220 -0.424999982 -0.00500009954 -0.444999993
221 -0.424999982 -0.00500009954 -0.435000002
222 -0.424999982 -0.00500009954 -0.424999982
223 -0.424999982 -0.00500009954 -0.414999992
224 -0.424999982 -0.00500009954 -0.405000001
225 -0.414999992 -0.00500009954 -0.474999994
226 -0.414999992 -0.00500009954 -0.465000004
227 -0.414999992 -0.00500009954 -0.454999983
228 -0.414999992 -0.00500009954 -0.444999993
229 -0.414999992 -0.00500009954 -0.435000002
230 -0.414999992 -0.00500009954 -0.424999982
231 -0.414999992 -0.00500009954 -0.414999992
232 -0.414999992 -0.00500009954 -0.405000001
233 -0.405000001 -0.00500009954 -0.474999994
234 -0.405000001 -0.00500009954 -0.465000004
235 -0.405000001 -0.00500009954 -0.454999983
236 -0.405000001 -0.00500009954 -0.444999993
237 -0.405000001 -0.00500009954 -0.435000002
238 -0.405000001 -0.00500009954 -0.424999982
239 -0.405000001 -0.00500009954 -0.414999992
240 -0.405000001 -0.00500009954 -0.405000001
241 -0.474999994 -0.00500009954 -0.394999981
242 -0.474999994 -0.00500009954 -0.38499999
243 -0.474999994 -0.00500009954 -0.375
244 -0.474999994 -0.00500009954 -0.36499998
245 -0.474999994 -0.00500009954 -0.354999989
246 -0.474999994 -0.00500009954 -0.344999999
247 -0.474999994 -0.00500009954 -0.334999979
248 -0.474999994 -0.00500009954 -0.324999988
249 -0.465000004 -0.00500009954 -0.394999981
250 -0.465000004 -0.00500009954 -0.38499999
251 -0.465000004 -0.00500009954 -0.375
252 -0.465000004 -0.00500009954 -0.36499998
253 -0.465000004 -0.00500009954 -0.354999989
254 -0.465000004 -0.00500009954 -0.344999999
255 -0.465000004 -0.00500009954 -0.334999979
256 -0.465000004 -0.00500009954 -0.324999988
257 -0.454999983 -0.00500009954 -0.394999981
258 -0.454999983 -0.00500009954 -0.38499999
259 -0.454999983 -0.00500009954 -0.375
260 -0.454999983 -0.00500009954 -0.36499998
261 -0.454999983 -0.00500009954 -0.354999989
262 -0.454999983 -0.00500009954 -0.344999999
263 -0.454999983 -0.00500009954 -0.334999979
264 -0.454999983 -0.00500009954 -0.324999988
265 -0.444999993 -0.00500009954 -0.394999981
266 -0.444999993 -0.00500009954 -0.38499999
267 -0.444999993 -0.00500009954 -0.375
268 -0.444999993 -0.00500009954 -0.36499998
269 -0.444999993 -0.00500009954 -0.354999989
270 -0.444999993 -0.00500009954 -0.344999999
271 -0.444999993 -0.00500009954 -0.334999979
272 -0.444999993 -0.00500009954 -0.324999988
273 -0.435000002 -0.00500009954 -0.394999981
274 -0.435000002 -0.00500009954 -0.38499999
275 -0.435000002 -0.00500009954 -0.375
276 -0.435000002 -0.00500009954 -0.36499998
277 -0.435000002 -0.00500009954 -0.354999989
278 -0.435000002 -0.00500009954 -0.344999999
279 -0.435000002 -0.00500009954 -0.334999979
280 -0.435000002 -0.00500009954 -0.324999988
281 -0.424999982 -0.00500009954 -0.394999981
282 -0.424999982 -0.00500009954 -0.38499999
283 -0.424999982 -0.00500009954 -0.375
284 -0.424999982 -0.00500009954 -0.36499998
285 -0.424999982 -0.00500009954 -0.354999989
286 -0.424999982 -0.00500009954 -0.344999999
287 -0.424999982 -0.00500009954 -0.334999979
288 -0.424999982 -0.00500009954 -0.324999988
289 -0.414999992 -0.00500009954 -0.394999981
290 -0.414999992 -0.00500009954 -0.38499999
291 -0.414999992 -0.00500009954 -0.375
292 -0.414999992 -0.00500009954 -0.36499998
293 -0.414999992 -0.00500009954 -0.354999989
294 -0.414999992 -0.00500009954 -0.344999999
295 -0.414999992 -0.00500009954 -0.334999979
296 -0.414999992 -0.00500009954 -0.324999988
297 -0.405000001 -0.00500009954 -0.394999981
298 -0.405000001 -0.00500009954 -0.38499999
299 -0.405000001 -0.00500009954 -0.375
300 -0.405000001 -0.00500009954 -0.36499998
301 -0.405000001 -0.00500009954 -0.354999989
302 -0.405000001 -0.00500009954 -0.344999999
303 -0.405000001 -0.00500009954 -0.334999979
304 -0.405000001 -0.00500009954 -0.324999988
305 -0.474999994 -0.00500009954 -0.314999998
306 -0.474999994 -0.00500009954 -0.305000007
307 -0.474999994 -0.00500009954 -0.294999987
308 -0.474999994 -0.00500009954 -0.284999996
309 -0.474999994 -0.00500009954 -0.275000006
310 -0.474999994 -0.00500009954 -0.264999986
311 -0.474999994 -0.00500009954 -0.254999995
312 -0.474999994 -0.00500009954 -0.24499999
313 -0.465000004 -0.00500009954 -0.314999998
314 -0.465000004 -0.00500009954 -0.305000007
315 -0.465000004 -0.00500009954 -0.294999987
316 -0.465000004 -0.00500009954 -0.284999996
317 -0.465000004 -0.00500009954 -0.275000006
318 -0.465000004 -0.00500009954 -0.264999986
319 -0.465000004 -0.00500009954 -0.254999995
320 -0.465000004 -0.00500009954 -0.24499999
321 -0.454999983 -0.00500009954 -0.314999998
322 -0.454999983 -0.00500009954 -0.305000007
323 -0.454999983 -0.00500009954 -0.294999987
324 -0.454999983 -0.00500009954 -0.284999996
325 -0.454999983 -0.00500009954 -0.275000006
326 -0.454999983 -0.00500009954 -0.264999986
327 -0.454999983 -0.00500009954 -0.254999995
328 -0.454999983 -0.00500009954 -0.24499999
329 -0.444999993 -0.00500009954 -0.314999998
330 -0.444999993 -0.00500009954 -0.305000007
331 -0.444999993 -0.00500009954 -0.294999987
332 -0.444999993 -0.00500009954 -0.284999996
333 -0.444999993 -0.00500009954 -0.275000006
334 -0.444999993 -0.00500009954 -0.264999986
335 -0.444999993 -0.00500009954 -0.254999995
336 -0.444999993 -0.00500009954 -0.24499999
337 -0.435000002 -0.00500009954 -0.314999998
338 -0.435000002 -0.00500009954 -0.305000007
339 -0.435000002 -0.00500009954 -0.294999987
340 -0.435000002 -0.00500009954 -0.284999996
341 -0.435000002 -0.00500009954 -0.275000006
342 -0.435000002 -0.00500009954 -0.264999986
343 -0.435000002 -0.00500009954 -0.254999995
344 -0.435000002 -0.00500009954 -0.24499999
345 -0.424999982 -0.00500009954 -0.314999998
346 -0.424999982 -0.00500009954 -0.305000007
347 -0.424999982 -0.00500009954 -0.294999987
348 -0.424999982 -0.00500009954 -0.284999996
349 -0.424999982 -0.00500009954 -0.275000006
350 -0.424999982 -0.00500009954 -0.264999986
351 -0.424999982 -0.00500009954 -0.254999995
352 -0.424999982 -0.00500009954 -0.24499999
353 -0.414999992 -0.00500009954 -0.314999998
354 -0.414999992 -0.00500009954 -0.305000007
355 -0.414999992 -0.00500009954 -0.294999987
356 -0.414999992 -0.00500009954 -0.284999996
357 -0.414999992 -0.00500009954 -0.275000006
358 -0.414999992 -0.00500009954 -0.264999986
359 -0.414999992 -0.00500009954 -0.254999995
360 -0.414999992 -0.00500009954 -0.24499999
361 -0.405000001 -0.00500009954 -0.314999998
362 -0.405000001 -0.00500009954 -0.305000007
363 -0.405000001 -0.00500009954 -0.294999987
364 -0.405000001 -0.00500009954 -0.284999996
365 -0.405000001 -0.00500009954 -0.275000006
366 -0.405000001 -0.00500009954 -0.264999986
367 -0.405000001 -0.00500009954 -0.254999995
368 -0.405000001 -0.00500009954 -0.24499999
369 -0.474999994 -0.00500009954 -0.234999999
370 -0.474999994 -0.00500009954 -0.224999994
371 -0.474999994 -0.00500009954 -0.214999989
372 -0.474999994 -0.00500009954 -0.204999998
373 -0.474999994 -0.00500009954 -0.194999993
374 -0.474999994 -0.00500009954 -0.185000002
375 -0.474999994 -0.00500009954 -0.174999997
376 -0.474999994 -0.00500009954 -0.164999992
377 -0.465000004 -0.00500009954 -0.234999999
378 -0.465000004 -0.00500009954 -0.224999994
379 -0.465000004 -0.00500009954 -0.214999989
380 -0.465000004 -0.00500009954 -0.204999998
381 -0.465000004 -0.00500009954 -0.194999993
382 -0.465000004 -0.00500009954 -0.185000002
383 -0.465000004 -0.00500009954 -0.174999997
384 -0.465000004 -0.00500009954 -0.164999992
385 -0.454999983 -0.00500009954 -0.234999999
386 -0.454999983 -0.00500009954 -0.224999994
387 -0.454999983 -0.00500009954 -0.214999989
388 -0.454999983 -0.00500009954 -0.204999998
389 -0.454999983 -0.00500009954 -0.194999993
390 -0.454999983 -0.00500009954 -0.185000002
391 -0.454999983 -0.00500009954 -0.174999997
392 -0.454999983 -0.00500009954 -0.164999992
393 -0.444999993 -0.00500009954 -0.234999999
394 -0.444999993 -0.00500009954 -0.224999994
395 -0.444999993 -0.00500009954 -0.214999989
396 -0.444999993 -0.00500009954 -0.204999998
397 -0.444999993 -0.00500009954 -0.194999993
398 -0.444999993 -0.00500009954 -0.185000002
399 -0.444999993 -0.00500009954 -0.174999997
400 -0.444999993 -0.00500009954 -0.164999992
401 -0.435000002 -0.00500009954 -0.234999999
402 -0.435000002 -0.00500009954 -0.224999994
403 -0.435000002 -0.00500009954 -0.214999989
404 -0.435000002 -0.00500009954 -0.204999998
405 -0.435000002 -0.00500009954 -0.194999993
406 -0.435000002 -0.00500009954 -0.185000002
407 -0.435000002 -0.00500009954 -0.174999997
408 -0.435000002 -0.00500009954 -0.164999992
409 -0.424999982 -0.00500009954 -0.234999999
410 -0.424999982 -0.00500009954 -0.224999994
411 -0.424999982 -0.00500009954 -0.214999989
412 -0.424999982 -0.00500009954 -0.204999998
413 -0.424999982 -0.00500009954 -0.194999993
414 -0.424999982 -0.00500009954 -0.185000002
415 -0.424999982 -0.00500009954 -0.174999997
416 -0.424999982 -0.00500009954 -0.164999992
417 -0.414999992 -0.00500009954 -0.234999999
418 -0.414999992 -0.00500009954 -0.224999994
419 -0.414999992 -0.00500009954 -0.214999989
420 -0.414999992 -0.00500009954 -0.204999998
421 -0.414999992 -0.00500009954 -0.194999993
422 -0.414999992 -0.00500009954 -0.185000002
423 -0.414999992 -0.00500009954 -0.174999997
424 -0.414999992 -0.00500009954 -0.164999992
425 -0.405000001 -0.00500009954 -0.234999999
426 -0.405000001 -0.00500009954 -0.224999994
427 -0.405000001 -0.00500009954 -0.214999989
428 -0.405000001 -0.00500009954 -0.204999998
429 -0.405000001 -0.00500009954 -0.194999993
430 -0.405000001 -0.00500009954 -0.185000002
431 -0.405000001 -0.00500009954 -0.174999997
432 -0.405000001 -0.00500009954 -0.164999992
433 -0.474999994 -0.00500009954 -0.155000001
434 -0.474999994 -0.00500009954 -0.144999996
435 -0.474999994 -0.00500009954 -0.13499999
436 -0.474999994 -0.00500009954 -0.125
437 -0.474999994 -0.00500009954 -0.114999995
438 -0.474999994 -0.00500009954 -0.104999997
439 -0.474999994 -0.00500009954 -0.0949999988
440 -0.474999994 -0.00500009954 -0.0850000009
441 -0.465000004 -0.00500009954 -0.155000001
442 -0.465000004 -0.00500009954 -0.144999996
443 -0.465000004 -0.00500009954 -0.13499999
444 -0.465000004 -0.00500009954 -0.125
445 -0.465000004 -0.00500009954 -0.114999995
446 -0.465000004 -0.00500009954 -0.104999997
447 -0.465000004 -0.00500009954 -0.0949999988
448 -0.465000004 -0.00500009954 -0.0850000009
449 -0.454999983 -0.00500009954 -0.155000001
450 -0.454999983 -0.00500009954 -0.144999996
451 -0.454999983 -0.00500009954 -0.13499999
452 -0.454999983 -0.00500009954 -0.125
453 -0.454999983 -0.00500009954 -0.114999995
454 -0.454999983 -0.00500009954 -0.104999997
455 -0.454999983 -0.00500009954 -0.0949999988
456 -0.454999983 -0.00500009954 -0.0850000009
457 -0.444999993 -0.00500009954 -0.155000001
458 -0.444999993 -0.00500009954 -0.144999996
459 -0.444999993 -0.00500009954 -0.13499999
460 -0.444999993 -0.00500009954 -0.125
461 -0.444999993 -0.00500009954 -0.114999995
462 -0.444999993 -0.00500009954 -0.104999997
463 -0.444999993 -0.00500009954 -0.0949999988
464 -0.444999993 -0.00500009954 -0.0850000009
465 -0.435000002 -0.00500009954 -0.155000001
466 -0.435000002 -0.00500009954 -0.144999996
467 -0.435000002 -0.00500009954 -0.13499999
468 -0.435000002 -0.00500009954 -0.125
469 -0.435000002 -0.00500009954 -0.114999995
470 -0.435000002 -0.00500009954 -0.104999997
471 -0.435000002 -0.00500009954 -0.0949999988
472 -0.435000002 -0.00500009954 -0.0850000009
473 -0.424999982 -0.00500009954 -0.155000001
474 -0.424999982 -0.00500009954 -0.144999996
475 -0.424999982 -0.00500009954 -0.13499999
476 -0.424999982 -0.00500009954 -0.125
477 -0.424999982 -0.00500009954 -0.114999995
478 -0.424999982 -0.00500009954 -0.104999997
479 -0.424999982 -0.00500009954 -0.0949999988
480 -0.424999982 -0.00500009954 -0.0850000009
481 -0.414999992 -0.00500009954 -0.155000001
482 -0.414999992 -0.00500009954 -0.144999996
483 -0.414999992 -0.00500009954 -0.13499999
484 -0.414999992 -0.00500009954 -0.125
485 -0.414999992 -0.00500009954 -0.114999995
486 -0.414999992 -0.00500009954 -0.104999997
487 -0.414999992 -0.00500009954 -0.0949999988
488 -0.414999992 -0.00500009954 -0.0850000009
489 -0.405000001 -0.00500009954 -0.155000001
490 -0.405000001 -0.00500009954 -0.144999996
491 -0.405000001 -0.00500009954 -0.13499999
492 -0.405000001 -0.00500009954 -0.125
493 -0.405000001 -0.00500009954 -0.114999995
494 -0.405000001 -0.00500009954 -0.104999997
495 -0.405000001 -0.00500009954 -0.0949999988
496 -0.405000001 -0.00500009954 -0.0850000009
497 -0.474999994 -0.00500009954 -0.0749999955
498 -0.474999994 -0.00500009954 -0.0649999976
499 -0.474999994 -0.00500009954 -0.0549999997
500 -0.474999994 -0.00500009954 -0.0449999981
501 -0.474999994 -0.00500009954 -0.0350000001
502 -0.474999994 -0.00500009954 -0.0249999985
503 -0.474999994 -0.00500009954 -0.0149999997
504 -0.474999994 -0.00500009954 -0.00499999989
505 -0.465000004 -0.00500009954 -0.0749999955
506 -0.465000004 -0.00500009954 -0.0649999976
507 -0.465000004 -0.00500009954 -0.0549999997
508 -0.465000004 -0.00500009954 -0.0449999981
509 -0.465000004 -0.00500009954 -0.0350000001
510 -0.465000004 -0.00500009954 -0.0249999985
511 -0.465000004 -0.00500009954 -0.0149999997
512 -0.465000004 -0.00500009954 -0.00499999989
513 -0.454999983 -0.00500009954 -0.0749999955
514 -0.454999983 -0.00500009954 -0.0649999976
515 -0.454999983 -0.00500009954 -0.0549999997
516 -0.454999983 -0.00500009954 -0.0449999981
517 -0.454999983 -0.00500009954 -0.0350000001
518 -0.454999983 -0.00500009954 -0.0249999985
519 -0.454999983 -0.00500009954 -0.0149999997
520 -0.454999983 -0.00500009954 -0.00499999989
521 -0.444999993 -0.00500009954 -0.0749999955
522 -0.444999993 -0.00500009954 -0.0649999976
523 -0.444999993 -0.00500009954 -0.0549999997
524 -0.444999993 -0.00500009954 -0.0449999981
525 -0.444999993 -0.00500009954 -0.0350000001
526 -0.444999993 -0.00500009954 -0.0249999985
527 -0.444999993 -0.00500009954 -0.0149999997
528 -0.444999993 -0.00500009954 -0.00499999989
529 -0.435000002 -0.00500009954 -0.0749999955
530 -0.435000002 -0.00500009954 -0.0649999976
531 -0.435000002 -0.00500009954 -0.0549999997
532 -0.435000002 -0.00500009954 -0.0449999981
533 -0.435000002 -0.00500009954 -0.0350000001
534 -0.435000002 -0.00500009954 -0.0249999985
535 -0.435000002 -0.00500009954 -0.0149999997
536 -0.435000002 -0.00500009954 -0.00499999989
537 -0.424999982 -0.00500009954 -0.0749999955
538 -0.424999982 -0.00500009954 -0.0649999976
539 -0.424999982 -0.00500009954 -0.0549999997
540 -0.424999982 -0.00500009954 -0.0449999981
541 -0.424999982 -0.00500009954 -0.0350000001
542 -0.424999982 -0.00500009954 -0.0249999985
543 -0.424999982 -0.00500009954 -0.0149999997
544 -0.424999982 -0.00500009954 -0.00499999989
545 -0.414999992 -0.00500009954 -0.0749999955
546 -0.414999992 -0.00500009954 -0.0649999976
547 -0.414999992 -0.00500009954 -0.0549999997
548 -0.414999992 -0.00500009954 -0.0449999981
549 -0.414999992 -0.00500009954 -0.0350000001
550 -0.414999992 -0.00500009954 -0.0249999985
551 -0.414999992 -0.00500009954 -0.0149999997
552 -0.414999992 -0.00500009954 -0.00499999989
553 -0.405000001 -0.00500009954 -0.0749999955
554 -0.405000001 -0.00500009954 -0.0649999976
555 -0.405000001 -0.00500009954 -0.0549999997
556 -0.405000001 -0.00500009954 -0.0449999981
557 -0.405000001 -0.00500009954 -0.0350000001
558 -0.405000001 -0.00500009954 -0.0249999985
559 -0.405000001 -0.00500009954 -0.0149999997
560 -0.405000001 -0.00500009954 -0.00499999989
561 -0.394999981 -9.96515155e-08 -0.50000006
562 -0.394999981 -0.00250014942 -0.494999975
563 -0.394999981 -0.00500009954 -0.484999985
564 -0.38499999 -9.96515155e-08 -0.50000006
565 -0.38499999 -0.00250014942 -0.494999975
566 -0.38499999 -0.00500009954 -0.484999985
567 -0.375 -9.96515155e-08 -0.50000006
568 -0.375 -0.00250014942 -0.494999975
569 -0.375 -0.00500009954 -0.484999985
570 -0.36499998 -9.96515155e-08 -0.50000006
571 -0.36499998 -0.00250014942 -0.494999975
572 -0.36499998 -0.00500009954 -0.484999985
573 -0.354999989 -9.96515155e-08 -0.50000006
574 -0.354999989 -0.00250014942 -0.494999975
575 -0.354999989 -0.00500009954 -0.484999985
576 -0.344999999 -9.96515155e-08 -0.50000006
577 -0.344999999 -0.00250014942 -0.494999975
578 -0.344999999 -0.00500009954 -0.484999985
579 -0.334999979 -9.96515155e-08 -0.50000006
580 -0.334999979 -0.00250014942 -0.494999975
581 -0.334999979 -0.00500009954 -0.484999985
582 -0.324999988 -9.96515155e-08 -0.50000006
583 -0.324999988 -0.00250014942 -0.494999975
584 -0.324999988 -0.00500009954 -0.484999985
585 -0.394999981 -0.00500009954 -0.474999994
586 -0.394999981 -0.00500009954 -0.465000004
587 -0.394999981 -0.00500009954 -0.454999983
588 -0.394999981 -0.00500009954 -0.444999993
589 -0.394999981 -0.00500009954 -0.435000002
590 -0.394999981 -0.00500009954 -0.424999982
591 -0.394999981 -0.00500009954 -0.414999992
592 -0.394999981 -0.00500009954 -0.405000001
593 -0.38499999 -0.00500009954 -0.474999994
594 -0.38499999 -0.00500009954 -0.465000004
595 -0.38499999 -0.00500009954 -0.454999983
596 -0.38499999 -0.00500009954 -0.444999993
597 -0.38499999 -0.00500009954 -0.435000002
598 -0.38499999 -0.00500009954 -0.424999982
599 -0.38499999 -0.00500009954 -0.414999992
600 -0.38499999 -0.00500009954 -0.405000001
601 -0.375 -0.00500009954 -0.474999994
602 -0.375 -0.00500009954 -0.465000004
603 -0.375 -0.00500009954 -0.454999983
604 -0.375 -0.00500009954 -0.444999993
605 -0.375 -0.00500009954 -0.435000002
606 -0.375 -0.00500009954 -0.424999982
607 -0.375 -0.00500009954 -0.414999992
608 -0.375 -0.00500009954 -0.405000001
609 -0.36499998 -0.00500009954 -0.474999994
610 -0.36499998 -0.00500009954 -0.465000004
611 -0.36499998 -0.00500009954 -0.454999983
612 -0.36499998 -0.00500009954 -0.444999993
613 -0.36499998 -0.00500009954 -0.435000002
614 -0.36499998 -0.00500009954 -0.424999982
615 -0.36499998 -0.00500009954 -0.414999992
616 -0.36499998 -0.00500009954 -0.405000001
617 -0.354999989 -0.00500009954 -0.474999994
618 -0.354999989 -0.00500009954 -0.465000004
619 -0.354999989 -0.00500009954 -0.454999983
620 -0.354999989 -0.00500009954 -0.444999993
621 -0.354999989 -0.00500009954 -0.435000002
622 -0.354999989 -0.00500009954 -0.424999982
623 -0.354999989 -0.00500009954 -0.414999992
624 -0.354999989 -0.00500009954 -0.405000001
625 -0.344999999 -0.00500009954 -0.474999994
626 -0.344999999 -0.00500009954 -0.465000004
627 -0.344999999 -0.00500009954 -0.454999983
628 -0.344999999 -0.00500009954 -0.444999993
629 -0.344999999 -0.00500009954 -0.435000002
630 -0.344999999 -0.00500009954 -0.424999982
631 -0.344999999 -0.00500009954 -0.414999992
632 -0.344999999 -0.00500009954 -0.405000001
633 -0.334999979 -0.00500009954 -0.474999994
634 -0.334999979 -0.00500009954 -0.465000004
635 -0.334999979 -0.00500009954 -0.454999983
636 -0.334999979 -0.00500009954 -0.444999993
637 -0.334999979 -0.00500009954 -0.435000002
638 -0.334999979 -0.00500009954 -0.424999982
639 -0.334999979 -0.00500009954 -0.414999992
640 -0.334999979 -0.00500009954 -0.405000001
641 -0.324999988 -0.00500009954 -0.474999994
642 -0.324999988 -0.00500009954 -0.465000004
643 -0.324999988 -0.00500009954 -0.454999983
644 -0.324999988 -0.00500009954 -0.444999993
645 -0.324999988 -0.00500009954 -0.435000002
646 -0.324999988 -0.00500009954 -0.424999982
647 -0.324999988 -0.00500009954 -0.414999992
648 -0.324999988 -0.00500009954 -0.405000001
649 -0.394999981 -0.00500009954 -0.394999981
650 -0.394999981 -0.00500009954 -0.38499999
651 -0.394999981 -0.00500009954 -0.375
652 -0.394999981 -0.00500009954 -0.36499998
653 -0.394999981 -0.00500009954 -0.354999989
654 -0.394999981 -0.00500009954 -0.344999999
655 -0.394999981 -0.00500009954 -0.334999979
656 -0.394999981 -0.00500009954 -0.324999988
657 -0.38499999 -0.00500009954 -0.394999981
658 -0.38499999 -0.00500009954 -0.38499999
659 -0.38499999 -0.00500009954 -0.375
660 -0.38499999 -0.00500009954 -0.36499998
661 -0.38499999 -0.00500009954 -0.354999989
662 -0.38499999 -0.00500009954 -0.344999999
663 -0.38499999 -0.00500009954 -0.334999979
664 -0.38499999 -0.00500009954 -0.324999988
665 -0.375 -0.00500009954 -0.394999981
666 -0.375 -0.00500009954 -0.38499999
667 -0.375 -0.00500009954 -0.375
668 -0.375 -0.00500009954 -0.36499998
669 -0.375 -0.00500009954 -0.354999989
670 -0.375 -0.00500009954 -0.344999999
671 -0.375 -0.00500009954 -0.334999979
672 -0.375 -0.00500009954 -0.324999988
673 -0.36499998 -0.00500009954 -0.394999981
674 -0.36499998 -0.00500009954 -0.38499999
675 -0.36499998 -0.00500009954 -0.375
676 -0.36499998 -0.00500009954 -0.36499998
677 -0.36499998 -0.00500009954 -0.354999989
678 -0.36499998 -0.00500009954 -0.344999999
679 -0.36499998 -0.00500009954 -0.334999979
680 -0.36499998 -0.00500009954 -0.324999988
681 -0.354999989 -0.00500009954 -0.394999981
682 -0.354999989 -0.00500009954 -0.38499999
683 -0.354999989 -0.00500009954 -0.375
684 -0.354999989 -0.00500009954 -0.36499998
685 -0.354999989 -0.00500009954 -0.354999989
686 -0.354999989 -0.00500009954 -0.344999999
687 -0.354999989 -0.00500009954 -0.334999979
688 -0.354999989 -0.00500009954 -0.324999988
689 -0.344999999 -0.00500009954 -0.394999981
690 -0.344999999 -0.00500009954 -0.38499999
691 -0.344999999 -0.00500009954 -0.375
692 -0.344999999 -0.00500009954 -0.36499998
693 -0.344999999 -0.00500009954 -0.354999989
694 -0.344999999 -0.00500009954 -0.344999999
695 -0.344999999 -0.00500009954 -0.334999979
696 -0.344999999 -0.00500009954 -0.324999988
697 -0.334999979 -0.00500009954 -0.394999981
698 -0.334999979 -0.00500009954 -0.38499999
699 -0.334999979 -0.00500009954 -0.375
700 -0.334999979 -0.00500009954 -0.36499998
701 -0.334999979 -0.00500009954 -0.354999989
702 -0.334999979 -0.00500009954 -0.344999999
703 -0.334999979 -0.00500009954 -0.334999979
704 -0.334999979 -0.00500009954 -0.324999988
705 -0.324999988 -0.00500009954 -0.394999981
706 -0.324999988 -0.00500009954 -0.38499999
707 -0.324999988 -0.00500009954 -0.375
708 -0.324999988 -0.00500009954 -0.36499998
709 -0.324999988 -0.00500009954 -0.354999989
710 -0.324999988 -0.00500009954 -0.344999999
711 -0.324999988 -0.00500009954 -0.334999979
712 -0.324999988 -0.00500009954 -0.324999988
713 -0.394999981 -0.00500009954 -0.314999998
714 -0.394999981 -0.00500009954 -0.305000007
715 -0.394999981 -0.00500009954 -0.294999987
716 -0.394999981 -0.00500009954 -0.284999996
717 -0.394999981 -0.00500009954 -0.275000006
718 -0.394999981 -0.00500009954 -0.264999986
719 -0.394999981 -0.00500009954 -0.254999995
720 -0.394999981 -0.00500009954 -0.24499999
721 -0.38499999 -0.00500009954 -0.314999998
722 -0.38499999 -0.00500009954 -0.305000007
723 -0.38499999 -0.00500009954 -0.294999987
724 -0.38499999 -0.00500009954 -0.284999996
725 -0.38499999 -0.00500009954 -0.275000006
726 -0.38499999 -0.00500009954 -0.264999986
727 -0.38499999 -0.00500009954 -0.254999995
728 -0.38499999 -0.00500009954 -0.24499999
729 -0.375 -0.00500009954 -0.314999998
730 -0.375 -0.00500009954 -0.305000007
731 -0.375 -0.00500009954 -0.294999987
732 -0.375 -0.00500009954 -0.284999996
733 -0.375 -0.00500009954 -0.275000006
734 -0.375 -0.00500009954 -0.264999986
735 -0.375 -0.00500009954 -0.254999995
736 -0.375 -0.00500009954 -0.24499999
737 -0.36499998 -0.00500009954 -0.314999998
738 -0.36499998 -0.00500009954 -0.305000007
739 -0.36499998 -0.00500009954 -0.294999987
740 -0.36499998 -0.00500009954 -0.284999996
741 -0.36499998 -0.00500009954 -0.275000006
742 -0.36499998 -0.00500009954 -0.264999986
743 -0.36499998 -0.00500009954 -0.254999995
744 -0.36499998 -0.00500009954 -0.24499999
745 -0.354999989 -0.00500009954 -0.314999998
746 -0.354999989 -0.00500009954 -0.305000007
747 -0.354999989 -0.00500009954 -0.294999987
748 -0.354999989 -0.00500009954 -0.284999996
749 -0.354999989 -0.00500009954 -0.275000006
750 -0.354999989 -0.00500009954 -0.264999986
751 -0.354999989 -0.00500009954 -0.254999995
752 -0.354999989 -0.00500009954 -0.24499999
753 -0.344999999 -0.00500009954 -0.314999998
754 -0.344999999 -0.00500009954 -0.305000007
755 -0.344999999 -0.00500009954 -0.294999987
756 -0.344999999 -0.00500009954 -0.284999996
757 -0.344999999 -0.00500009954 -0.275000006
758 -0.344999999 -0.00500009954 -0.264999986
759 -0.344999999 -0.00500009954 -0.254999995
760 -0.344999999 -0.00500009954 -0.24499999
761 -0.334999979 -0.00500009954 -0.314999998
762 -0.334999979 -0.00500009954 -0.305000007
763 -0.334999979 -0.00500009954 -0.294999987
764 -0.334999979 -0.00500009954 -0.284999996
765 -0.334999979 -0.00500009954 -0.275000006
766 -0.334999979 -0.00500009954 -0.264999986
767 -0.334999979 -0.00500009954 -0.254999995
768 -0.334999979 -0.00500009954 -0.24499999
769 -0.324999988 -0.00500009954 -0.314999998
770 -0.324999988 -0.00500009954 -0.305000007
771 -0.324999988 -0.00500009954 -0.294999987
772 -0.324999988 -0.00500009954 -0.284999996
773 -0.324999988 -0.00500009954 -0.275000006
774 -0.324999988 -0.00500009954 -0.264999986
775 -0.324999988 -0.00500009954 -0.254999995
776 -0.324999988 -0.00500009954 -0.24499999
777 -0.394999981 -0.00500009954 -0.234999999
778 -0.394999981 -0.00500009954 -0.224999994
779 -0.394999981 -0.00500009954 -0.214999989
780 -0.394999981 -0.00500009954 -0.204999998
781 -0.394999981 -0.00500009954 -0.194999993
782 -0.394999981 -0.00500009954 -0.185000002
783 -0.394999981 -0.00500009954 -0.174999997
784 -0.394999981 -0.00500009954 -0.164999992
785 -0.38499999 -0.00500009954 -0.234999999
786 -0.38499999 -0.00500009954 -0.224999994
787 -0.38499999 -0.00500009954 -0.214999989
788 -0.38499999 -0.00500009954 -0.204999998
789 -0.38499999 -0.00500009954 -0.194999993
790 -0.38499999 -0.00500009954 -0.185000002
791 -0.38499999 -0.00500009954 -0.174999997
792 -0.38499999 -0.00500009954 -0.164999992
793 -0.375 -0.00500009954 -0.234999999
794 -0.375 -0.00500009954 -0.224999994
795 -0.375 -0.00500009954 -0.214999989
796 -0.375 -0.00500009954 -0.204999998
797 -0.375 -0.00500009954 -0.194999993
798 -0.375 -0.00500009954 -0.185000002
799 -0.375 -0.00500009954 -0.174999997
800 -0.375 -0.00500009954 -0.164999992
801 -0.36499998 -0.00500009954 -0.234999999
802 -0.36499998 -0.00500009954 -0.224999994
803 -0.36499998 -0.00500009954 -0.214999989
804 -0.36499998 -0.00500009954 -0.204999998
805 -0.36499998 -0.00500009954 -0.194999993
806 -0.36499998 -0.00500009954 -0.185000002
807 -0.36499998 -0.00500009954 -0.174999997
808 -0.36499998 -0.00500009954 -0.164999992
809 -0.354999989 -0.00500009954 -0.234999999
810 -0.354999989 -0.00500009954 -0.224999994
811 -0.354999989 -0.00500009954 -0.214999989
812 -0.354999989 -0.00500009954 -0.204999998
813 -0.354999989 -0.00500009954 -0.194999993
814 -0.354999989 -0.00500009954 -0.185000002
815 -0.354999989 -0.00500009954 -0.174999997
816 -0.354999989 -0.00500009954 -0.164999992
817 -0.344999999 -0.00500009954 -0.234999999
818 -0.344999999 -0.00500009954 -0.224999994
819 -0.344999999 -0.00500009954 -0.214999989
820 -0.344999999 -0.00500009954 -0.204999998
821 -0.344999999 -0.00500009954 -0.194999993
822 -0.344999999 -0.00500009954 -0.185000002
823 -0.344999999 -0.00500009954 -0.174999997
824 -0.344999999 -0.00500009954 -0.164999992
825 -0.334999979 -0.00500009954 -0.234999999
826 -0.334999979 -0.00500009954 -0.224999994
827 -0.334999979 -0.00500009954 -0.214999989
828 -0.334999979 -0.00500009954 -0.204999998
829 -0.334999979 -0.00500009954 -0.194999993
830 -0.334999979 -0.00500009954 -0.185000002
831 -0.334999979 -0.00500009954 -0.174999997
832 -0.334999979 -0.00500009954 -0.164999992
833 -0.324999988 -0.00500009954 -0.234999999
834 -0.324999988 -0.00500009954 -0.224999994
835 -0.324999988 -0.00500009954 -0.214999989
836 -0.324999988 -0.00500009954 -0.204999998
837 -0.324999988 -0.00500009954 -0.194999993
838 -0.324999988 -0.00500009954 -0.185000002
839 -0.324999988 -0.00500009954 -0.174999997
840 -0.324999988 -0.00500009954 -0.164999992
841 -0.394999981 -0.00500009954 -0.155000001
842 -0.394999981 -0.00500009954 -0.144999996
843 -0.394999981 -0.00500009954 -0.13499999
844 -0.394999981 -0.00500009954 -0.125
845 -0.394999981 -0.00500009954 -0.114999995
846 -0.394999981 -0.00500009954 -0.104999997
847 -0.394999981 -0.00500009954 -0.0949999988
848 -0.394999981 -0.00500009954 -0.0850000009
849 -0.38499999 -0.00500009954 -0.155000001
850 -0.38499999 -0.00500009954 -0.144999996
851 -0.38499999 -0.00500009954 -0.13499999
852 -0.38499999 -0.00500009954 -0.125
853 -0.38499999 -0.00500009954 -0.114999995
854 -0.38499999 -0.00500009954 -0.104999997
855 -0.38499999 -0.00500009954 -0.0949999988
856 -0.38499999 -0.00500009954 -0.0850000009
857 -0.375 -0.00500009954 -0.155000001
858 -0.375 -0.00500009954 -0.144999996
859 -0.375 -0.00500009954 -0.13499999
860 -0.375 -0.00500009954 -0.125
861 -0.375 -0.00500009954 -0.114999995
862 -0.375 -0.00500009954 -0.104999997
863 -0.375 -0.00500009954 -0.0949999988
864 -0.375 -0.00500009954 -0.0850000009
865 -0.36499998 -0.00500009954 -0.155000001
866 -0.36499998 -0.00500009954 -0.144999996
867 -0.36499998 -0.00500009954 -0.13499999
868 -0.36499998 -0.00500009954 -0.125
869 -0.36499998 -0.00500009954 -0.114999995
870 -0.36499998 -0.00500009954 -0.104999997
871 -0.36499998 -0.00500009954 -0.0949999988
872 -0.36499998 -0.00500009954 -0.0850000009
873 -0.354999989 -0.00500009954 -0.155000001
874 -0.354999989 -0.00500009954 -0.144999996
875 -0.354999989 -0.00500009954 -0.13499999
876 -0.354999989 -0.00500009954 -0.125
877 -0.354999989 -0.00500009954 -0.114999995
878 -0.354999989 -0.00500009954 -0.104999997
879 -0.354999989 -0.00500009954 -0.0949999988
880 -0.354999989 -0.00500009954 -0.0850000009
881 -0.344999999 -0.00500009954 -0.155000001
882 -0.344999999 -0.00500009954 -0.144999996
883 -0.344999999 -0.00500009954 -0.13499999
884 -0.344999999 -0.00500009954 -0.125
885 -0.344999999 -0.00500009954 -0.114999995
886 -0.344999999 -0.00500009954 -0.104999997
887 -0.344999999 -0.00500009954 -0.0949999988
888 -0.344999999 -0.00500009954 -0.0850000009
889 -0.334999979 -0.00500009954 -0.155000001
890 -0.334999979 -0.00500009954 -0.144999996
891 -0.334999979 -0.00500009954 -0.13499999
892 -0.334999979 -0.00500009954 -0.125
893 -0.334999979 -0.00500009954 -0.114999995
894 -0.334999979 -0.00500009954 -0.104999997
895 -0.334999979 -0.00500009954 -0.0949999988
896 -0.334999979 -0.00500009954 -0.0850000009
897 -0.324999988 -0.00500009954 -0.155000001
898 -0.324999988 -0.00500009954 -0.144999996
899 -0.324999988 -0.00500009954 -0.13499999
900 -0.324999988 -0.00500009954 -0.125
901 -0.324999988 -0.00500009954 -0.114999995
902 -0.324999988 -0.00500009954 -0.104999997
903 -0.324999988 -0.00500009954 -0.0949999988
904 -0.324999988 -0.00500009954 -0.0850000009
905 -0.394999981 -0.00500009954 -0.0749999955
906 -0.394999981 -0.00500009954 -0.0649999976
907 -0.394999981 -0.00500009954 -0.0549999997
908 -0.394999981 -0.00500009954 -0.0449999981
909 -0.394999981 -0.00500009954 -0.0350000001
910 -0.394999981 -0.00500009954 -0.0249999985
911 -0.394999981 -0.00500009954 -0.0149999997
912 -0.394999981 -0.00500009954 -0.00499999989
913 -0.38499999 -0.00500009954 -0.0749999955
914 -0.38499999 -0.00500009954 -0.0649999976
915 -0.38499999 -0.00500009954 -0.0549999997
916 -0.38499999 -0.00500009954 -0.0449999981
917 -0.38499999 -0.00500009954 -0.0350000001
918 -0.38499999 -0.00500009954 -0.0249999985
919 -0.38499999 -0.00500009954 -0.0149999997
920 -0.38499999 -0.00500009954 -0.00499999989
921 -0.375 -0.00500009954 -0.0749999955
922 -0.375 -0.00500009954 -0.0649999976
923 -0.375 -0.00500009954 -0.0549999997
924 -0.375 -0.00500009954 -0.0449999981
925 -0.375 -0.00500009954 -0.0350000001
926 -0.375 -0.00500009954 -0.0249999985
927 -0.375 -0.00500009954 -0.0149999997
928 -0.375 -0.00500009954 -0.00499999989
929 -0.36499998 -0.00500009954 -0.0749999955
930 -0.36499998 -0.00500009954 -0.0649999976
931 -0.36499998 -0.00500009954 -0.0549999997
932 -0.36499998 -0.00500009954 -0.0449999981
933 -0.36499998 -0.00500009954 -0.0350000001
934 -0.36499998 -0.00500009954 -0.0249999985
935 -0.36499998 -0.00500009954 -0.0149999997
936 -0.36499998 -0.00500009954 -0.00499999989
937 -0.354999989 -0.00500009954 -0.0749999955
938 -0.354999989 -0.00500009954 -0.0649999976
939 -0.354999989 -0.00500009954 -0.0549999997
940 -0.354999989 -0.00500009954 -0.0449999981
941 -0.354999989 -0.00500009954 -0.0350000001
942 -0.354999989 -0.00500009954 -0.0249999985
943 -0.354999989 -0.00500009954 -0.0149999997
944 -0.354999989 -0.00500009954 -0.00499999989
945 -0.344999999 -0.00500009954 -0.0749999955
946 -0.344999999 -0.00500009954 -0.0649999976
947 -0.344999999 -0.00500009954 -0.0549999997
948 -0.344999999 -0.00500009954 -0.0449999981
949 -0.344999999 -0.00500009954 -0.0350000001
950 -0.344999999 -0.00500009954 -0.0249999985
951 -0.344999999 -0.00500009954 -0.0149999997
952 -0.344999999 -0.00500009954 -0.00499999989
953 -0.334999979 -0.00500009954 -0.0749999955
954 -0.334999979 -0.00500009954 -0.0649999976
955 -0.334999979 -0.00500009954 -0.0549999997
956 -0.334999979 -0.00500009954 -0.0449999981
957 -0.334999979 -0.00500009954 -0.0350000001
958 -0.334999979 -0.00500009954 -0.0249999985
959 -0.334999979 -0.00500009954 -0.0149999997
960 -0.334999979 -0.00500009954 -0.00499999989
961 -0.324999988 -0.00500009954 -0.0749999955
962 -0.324999988 -0.00500009954 -0.0649999976
963 -0.324999988 -0.00500009954 -0.0549999997
964 -0.324999988 -0.00500009954 -0.0449999981
965 -0.324999988 -0.00500009954 -0.0350000001
966 -0.324999988 -0.00500009954 -0.0249999985
967 -0.324999988 -0.00500009954 -0.0149999997
968 -0.324999988 -0.00500009954 -0.00499999989
969 -0.314999998 -9.96515155e-08 -0.50000006
970 -0.314999998 -0.00250014942 -0.494999975
971 -0.314999998 -0.00500009954 -0.484999985
972 -0.305000007 -9.96515155e-08 -0.50000006
973 -0.305000007 -0.00250014942 -0.494999975
974 -0.305000007 -0.00500009954 -0.484999985
975 -0.294999987 -9.96515155e-08 -0.50000006
976 -0.294999987 -0.00250014942 -0.494999975
977 -0.294999987 -0.00500009954 -0.484999985
978 -0.284999996 -9.96515155e-08 -0.50000006
979 -0.284999996 -0.00250014942 -0.494999975
980 -0.284999996 -0.00500009954 -0.484999985
981 -0.275000006 -9.96515155e-08 -0.50000006
982 -0.275000006 -0.00250014942 -0.494999975
983 -0.275000006 -0.00500009954 -0.484999985
984 -0.264999986 -9.96515155e-08 -0.50000006
985 -0.264999986 -0.00250014942 -0.494999975
986 -0.264999986 -0.00500009954 -0.484999985
987 -0.254999995 -9.96515155e-08 -0.50000006
988 -0.254999995 -0.00250014942 -0.494999975
989 -0.254999995 -0.00500009954 -0.484999985
990 -0.24499999 -9.96515155e-08 -0.50000006
991 -0.24499999 -0.00250014942 -0.494999975
992 -0.24499999 -0.00500009954 -0.484999985
993 -0.314999998 -0.00500009954 -0.474999994
994 -0.314999998 -0.00500009954 -0.465000004
995 -0.314999998 -0.00500009954 -0.454999983
996 -0.314999998 -0.00500009954 -0.444999993
997 -0.314999998 -0.00500009954 -0.435000002
998 -0.314999998 -0.00500009954 -0.424999982
999 -0.314999998 -0.00500009954 -0.414999992
1000 -0.314999998 -0.00500009954 -0.405000001
1001 -0.305000007 -0.00500009954 -0.474999994
1002 -0.305000007 -0.00500009954 -0.465000004
1003 -0.305000007 -0.00500009954 -0.454999983
1004 -0.305000007 -0.00500009954 -0.444999993
1005 -0.305000007 -0.00500009954 -0.435000002
1006 -0.305000007 -0.00500009954 -0.424999982
1007 -0.305000007 -0.00500009954 -0.414999992
1008 -0.305000007 -0.00500009954 -0.405000001
1009 -0.294999987 -0.00500009954 -0.474999994
1010 -0.294999987 -0.00500009954 -0.465000004
1011 -0.294999987 -0.00500009954 -0.454999983
1012 -0.294999987 -0.00500009954 -0.444999993
1013 -0.294999987 -0.00500009954 -0.435000002
1014 -0.294999987 -0.00500009954 -0.424999982
1015 -0.294999987 -0.00500009954 -0.414999992
1016 -0.294999987 -0.00500009954 -0.405000001
1017 -0.284999996 -0.00500009954 -0.474999994
1018 -0.284999996 -0.00500009954 -0.465000004
1019 -0.284999996 -0.00500009954 -0.454999983
1020 -0.284999996 -0.00500009954 -0.444999993
1021 -0.284999996 -0.00500009954 -0.435000002
1022 -0.284999996 -0.00500009954 -0.424999982
1023 -0.284999996 -0.00500009954 -0.414999992
1024 -0.284999996 -0.00500009954 -0.405000001
1025 -0.275000006 -0.00500009954 -0.474999994
1026 -0.275000006 -0.00500009954 -0.465000004
1027 -0.275000006 -0.00500009954 -0.454999983
1028 -0.275000006 -0.00500009954 -0.444999993
1029 -0.275000006 -0.00500009954 -0.435000002
1030 -0.275000006 -0.00500009954 -0.424999982
1031 -0.275000006 -0.00500009954 -0.414999992
1032 -0.275000006 -0.00500009954 -0.405000001
1033 -0.264999986 -0.00500009954 -0.474999994
1034 -0.264999986 -0.00500009954 -0.465000004
1035 -0.264999986 -0.00500009954 -0.454999983
1036 -0.264999986 -0.00500009954 -0.444999993
1037 -0.264999986 -0.00500009954 -0.435000002
1038 -0.264999986 -0.00500009954 -0.424999982
1039 -0.264999986 -0.00500009954 -0.414999992
1040 -0.264999986 -0.00500009954 -0.405000001
1041 -0.254999995 -0.00500009954 -0.474999994
1042 -0.254999995 -0.00500009954 -0.465000004
1043 -0.254999995 -0.00500009954 -0.454999983
1044 -0.254999995 -0.00500009954 -0.444999993
1045 -0.254999995 -0.00500009954 -0.435000002
1046 -0.254999995 -0.00500009954 -0.424999982
1047 -0.254999995 -0.00500009954 -0.414999992
1048 -0.254999995 -0.00500009954 -0.405000001
1049 -0.24499999 -0.00500009954 -0.474999994
1050 -0.24499999 -0.00500009954 -0.465000004
1051 -0.24499999 -0.00500009954 -0.454999983
1052 -0.24499999 -0.00500009954 -0.444999993
1053 -0.24499999 -0.00500009954 -0.435000002
1054 -0.24499999 -0.00500009954 -0.424999982
1055 -0.24499999 -0.00500009954 -0.414999992
1056 -0.24499999 -0.00500009954 -0.405000001
1057 -0.314999998 -0.00500009954 -0.394999981
1058 -0.314999998 -0.00500009954 -0.38499999
1059 -0.314999998 -0.00500009954 -0.375
1060 -0.314999998 -0.00500009954 -0.36499998
1061 -0.314999998 -0.00500009954 -0.354999989
1062 -0.314999998 -0.00500009954 -0.344999999
1063 -0.314999998 -0.00500009954 -0.334999979
1064 -0.314999998 -0.00500009954 -0.324999988
1065 -0.305000007 -0.00500009954 -0.394999981
1066 -0.305000007 -0.00500009954 -0.38499999
1067 -0.305000007 -0.00500009954 -0.375
1068 -0.305000007 -0.00500009954 -0.36499998
1069 -0.305000007 -0.00500009954 -0.354999989
1070 -0.305000007 -0.00500009954 -0.344999999
1071 -0.305000007 -0.00500009954 -0.334999979
1072 -0.305000007 -0.00500009954 -0.324999988
1073 -0.294999987 -0.00500009954 -0.394999981
1074 -0.294999987 -0.00500009954 -0.38499999
1075 -0.294999987 -0.00500009954 -0.375
1076 -0.294999987 -0.00500009954 -0.36499998
1077 -0.294999987 -0.00500009954 -0.354999989
1078 -0.294999987 -0.00500009954 -0.344999999
1079 -0.294999987 -0.00500009954 -0.334999979
1080 -0.294999987 -0.00500009954 -0.324999988
1081 -0.284999996 -0.00500009954 -0.394999981
1082 -0.284999996 -0.00500009954 -0.38499999
1083 -0.284999996 -0.00500009954 -0.375
1084 -0.284999996 -0.00500009954 -0.36499998
1085 -0.284999996 -0.00500009954 -0.354999989
1086 -0.284999996 -0.00500009954 -0.344999999
1087 -0.284999996 -0.00500009954 -0.334999979
1088 -0.284999996 -0.00500009954 -0.324999988
1089 -0.275000006 -0.00500009954 -0.394999981
1090 -0.275000006 -0.00500009954 -0.38499999
1091 -0.275000006 -0.00500009954 -0.375
1092 -0.275000006 -0.00500009954 -0.36499998
1093 -0.275000006 -0.00500009954 -0.354999989
1094 -0.275000006 -0.00500009954 -0.344999999
1095 -0.275000006 -0.00500009954 -0.334999979
1096 -0.275000006 -0.00500009954 -0.324999988
1097 -0.264999986 -0.00500009954 -0.394999981
1098 -0.264999986 -0.00500009954 -0.38499999
1099 -0.264999986 -0.00500009954 -0.375
1100 -0.264999986 -0.00500009954 -0.36499998
1101 -0.264999986 -0.00500009954 -0.354999989
1102 -0.264999986 -0.00500009954 -0.344999999
1103 -0.264999986 -0.00500009954 -0.334999979
1104 -0.264999986 -0.00500009954 -0.324999988
1105 -0.254999995 -0.00500009954 -0.394999981
1106 -0.254999995 -0.00500009954 -0.38499999
1107 -0.254999995 -0.00500009954 -0.375
1108 -0.254999995 -0.00500009954 -0.36499998
1109 -0.254999995 -0.00500009954 -0.354999989
1110 -0.254999995 -0.00500009954 -0.344999999
1111 -0.254999995 -0.00500009954 -0.334999979
1112 -0.254999995 -0.00500009954 -0.324999988
1113 -0.24499999 -0.00500009954 -0.394999981
1114 -0.24499999 -0.00500009954 -0.38499999
1115 -0.24499999 -0.00500009954 -0.375
1116 -0.24499999 -0.00500009954 -0.36499998
1117 -0.24499999 -0.00500009954 -0.354999989
1118 -0.24499999 -0.00500009954 -0.344999999
1119 -0.24499999 -0.00500009954 -0.334999979
1120 -0.24499999 -0.00500009954 -0.324999988
1121 -0.314999998 -0.00500009954 -0.314999998
1122 -0.314999998 -0.00500009954 -0.305000007
1123 -0.314999998 -0.00500009954 -0.294999987
1124 -0.314999998 -0.00500009954 -0.284999996
1125 -0.314999998 -0.00500009954 -0.275000006
1126 -0.314999998 -0.00500009954 -0.264999986
1127 -0.314999998 -0.00500009954 -0.254999995
1128 -0.314999998 -0.00500009954 -0.24499999
1129 -0.305000007 -0.00500009954 -0.314999998
1130 -0.305000007 -0.00500009954 -0.305000007
1131 -0.305000007 -0.00500009954 -0.294999987
1132 -0.305000007 -0.00500009954 -0.284999996
1133 -0.305000007 -0.00500009954 -0.275000006
1134 -0.305000007 -0.00500009954 -0.264999986
1135 -0.305000007 -0.00500009954 -0.254999995
1136 -0.305000007 -0.00500009954 -0.24499999
1137 -0.294999987 -0.00500009954 -0.314999998
1138 -0.294999987 -0.00500009954 -0.305000007
1139 -0.294999987 -0.00500009954 -0.294999987
1140 -0.294999987 -0.00500009954 -0.284999996
1141 -0.294999987 -0.00500009954 -0.275000006
1142 -0.294999987 -0.00500009954 -0.264999986
1143 -0.294999987 -0.00500009954 -0.254999995
1144 -0.294999987 -0.00500009954 -0.24499999
1145 -0.284999996 -0.00500009954 -0.314999998
1146 -0.284999996 -0.00500009954 -0.305000007
1147 -0.284999996 -0.00500009954 -0.294999987
1148 -0.284999996 -0.00500009954 -0.284999996
1149 -0.284999996 -0.00500009954 -0.275000006
1150 -0.284999996 -0.00500009954 -0.264999986
1151 -0.284999996 -0.00500009954 -0.254999995
1152 -0.284999996 -0.00500009954 -0.24499999
1153 -0.275000006 -0.00500009954 -0.314999998
1154 -0.275000006 -0.00500009954 -0.305000007
1155 -0.275000006 -0.00500009954 -0.294999987
1156 -0.275000006 -0.00500009954 -0.284999996
1157 -0.275000006 -0.00500009954 -0.275000006
1158 -0.275000006 -0.00500009954 -0.264999986
1159 -0.275000006 -0.00500009954 -0.254999995
1160 -0.275000006 -0.00500009954 -0.24499999
1161 -0.264999986 -0.00500009954 -0.314999998
1162 -0.264999986 -0.00500009954 -0.305000007
1163 -0.264999986 -0.00500009954 -0.294999987
1164 -0.264999986 -0.00500009954 -0.284999996
1165 -0.264999986 -0.00500009954 -0.275000006
1166 -0.264999986 -0.00500009954 -0.264999986
1167 -0.264999986 -0.00500009954 -0.254999995
1168 -0.264999986 -0.00500009954 -0.24499999
1169 -0.254999995 -0.00500009954 -0.314999998
1170 -0.254999995 -0.00500009954 -0.305000007
1171 -0.254999995 -0.00500009954 -0.294999987
1172 -0.254999995 -0.00500009954 -0.284999996
1173 -0.254999995 -0.00500009954 -0.275000006
1174 -0.254999995 -0.00500009954 -0.264999986
1175 -0.254999995 -0.00500009954 -0.254999995
1176 -0.254999995 -0.00500009954 -0.24499999
1177 -0.24499999 -0.00500009954 -0.314999998
1178 -0.24499999 -0.00500009954 -0.305000007
1179 -0.24499999 -0.00500009954 -0.294999987
1180 -0.24499999 -0.00500009954 -0.284999996
1181 -0.24499999 -0.00500009954 -0.275000006
1182 -0.24499999 -0.00500009954 -0.264999986
1183 -0.24499999 -0.00500009954 -0.254999995
1184 -0.24499999 -0.00500009954 -0.24499999
1185 -0.314999998 -0.00500009954 -0.234999999
1186 -0.314999998 -0.00500009954 -0.224999994
1187 -0.314999998 -0.00500009954 -0.214999989
1188 -0.314999998 -0.00500009954 -0.204999998
1189 -0.314999998 -0.00500009954 -0.194999993
1190 -0.314999998 -0.00500009954 -0.185000002
1191 -0.314999998 -0.00500009954 -0.174999997
1192 -0.314999998 -0.00500009954 -0.164999992
1193 -0.305000007 -0.00500009954 -0.234999999
1194 -0.305000007 -0.00500009954 -0.224999994
1195 -0.305000007 -0.00500009954 -0.214999989
1196 -0.305000007 -0.00500009954 -0.204999998
1197 -0.305000007 -0.00500009954 -0.194999993
1198 -0.305000007 -0.00500009954 -0.185000002
1199 -0.305000007 -0.00500009954 -0.174999997
1200 -0.305000007 -0.00500009954 -0.164999992
1201 -0.294999987 -0.00500009954 -0.234999999
1202 -0.294999987 -0.00500009954 -0.224999994
1203 -0.294999987 -0.00500009954 -0.214999989
1204 -0.294999987 -0.00500009954 -0.204999998
1205 -0.294999987 -0.00500009954 -0.194999993
1206 -0.294999987 -0.00500009954 -0.185000002
1207 -0.294999987 -0.00500009954 -0.174999997
1208 -0.294999987 -0.00500009954 -0.164999992
1209 -0.284999996 -0.00500009954 -0.234999999
1210 -0.284999996 -0.00500009954 -0.224999994
1211 -0.284999996 -0.00500009954 -0.214999989
1212 -0.284999996 -0.00500009954 -0.204999998
1213 -0.284999996 -0.00500009954 -0.194999993
1214 -0.284999996 -0.00500009954 -0.185000002
1215 -0.284999996 -0.00500009954 -0.174999997
1216 -0.284999996 -0.00500009954 -0.164999992
1217 -0.275000006 -0.00500009954 -0.234999999
1218 -0.275000006 -0.00500009954 -0.224999994
1219 -0.275000006 -0.00500009954 -0.214999989
1220 -0.275000006 -0.00500009954 -0.204999998
1221 -0.275000006 -0.00500009954 -0.194999993
1222 -0.275000006 -0.00500009954 -0.185000002
1223 -0.275000006 -0.00500009954 -0.174999997
1224 -0.275000006 -0.00500009954 -0.164999992
1225 -0.264999986 -0.00500009954 -0.234999999
1226 -0.264999986 -0.00500009954 -0.224999994
1227 -0.264999986 -0.00500009954 -0.214999989
1228 -0.264999986 -0.00500009954 -0.204999998
1229 -0.264999986 -0.00500009954 -0.194999993
1230 -0.264999986 -0.00500009954 -0.185000002
1231 -0.264999986 -0.00500009954 -0.174999997
1232 -0.264999986 -0.00500009954 -0.164999992
1233 -0.254999995 -0.00500009954 -0.234999999
1234 -0.254999995 -0.00500009954 -0.224999994
1235 -0.254999995 -0.00500009954 -0.214999989
1236 -0.254999995 -0.00500009954 -0.204999998
1237 -0.254999995 -0.00500009954 -0.194999993
1238 -0.254999995 -0.00500009954 -0.185000002
1239 -0.254999995 -0.00500009954 -0.174999997
1240 -0.254999995 -0.00500009954 -0.164999992
1241 -0.24499999 -0.00500009954 -0.234999999
1242 -0.24499999 -0.00500009954 -0.224999994
1243 -0.24499999 -0.00500009954 -0.214999989
1244 -0.24499999 -0.00500009954 -0.204999998
1245 -0.24499999 -0.00500009954 -0.194999993
1246 -0.24499999 -0.00500009954 -0.185000002
1247 -0.24499999 -0.00500009954 -0.174999997
1248 -0.24499999 -0.00500009954 -0.164999992
1249 -0.314999998 -0.00500009954 -0.155000001
1250 -0.314999998 -0.00500009954 -0.144999996
1251 -0.314999998 -0.00500009954 -0.13499999
1252 -0.314999998 -0.00500009954 -0.125
1253 -0.314999998 -0.00500009954 -0.114999995
1254 -0.314999998 -0.00500009954 -0.104999997
1255 -0.314999998 -0.00500009954 -0.0949999988
1256 -0.314999998 -0.00500009954 -0.0850000009
1257 -0.305000007 -0.00500009954 -0.155000001
1258 -0.305000007 -0.00500009954 -0.144999996
1259 -0.305000007 -0.00500009954 -0.13499999
1260 -0.305000007 -0.00500009954 -0.125
1261 -0.305000007 -0.00500009954 -0.114999995
1262 -0.305000007 -0.00500009954 -0.104999997
1263 -0.305000007 -0.00500009954 -0.0949999988
1264 -0.305000007 -0.00500009954 -0.0850000009
1265 -0.294999987 -0.00500009954 -0.155000001
1266 -0.294999987 -0.00500009954 -0.144999996
1267 -0.294999987 -0.00500009954 -0.13499999
1268 -0.294999987 -0.00500009954 -0.125
1269 -0.294999987 -0.00500009954 -0.114999995
1270 -0.294999987 -0.00500009954 -0.104999997
1271 -0.294999987 -0.00500009954 -0.0949999988
1272 -0.294999987 -0.00500009954 -0.0850000009
1273 -0.284999996 -0.00500009954 -0.155000001
1274 -0.284999996 -0.00500009954 -0.144999996
1275 -0.284999996 -0.00500009954 -0.13499999
1276 -0.284999996 -0.00500009954 -0.125
1277 -0.284999996 -0.00500009954 -0.114999995
1278 -0.284999996 -0.00500009954 -0.104999997
1279 -0.284999996 -0.00500009954 -0.0949999988
1280 -0.284999996 -0.00500009954 -0.0850000009
1281 -0.275000006 -0.00500009954 -0.155000001
1282 -0.275000006 -0.00500009954 -0.144999996
1283 -0.275000006 -0.00500009954 -0.13499999
1284 -0.275000006 -0.00500009954 -0.125
1285 -0.275000006 -0.00500009954 -0.114999995
1286 -0.275000006 -0.00500009954 -0.104999997
1287 -0.275000006 -0.00500009954 -0.0949999988
1288 -0.275000006 -0.00500009954 -0.0850000009
1289 -0.264999986 -0.00500009954 -0.155000001
1290 -0.264999986 -0.00500009954 -0.144999996
1291 -0.264999986 -0.00500009954 -0.13499999
1292 -0.264999986 -0.00500009954 -0.125
1293 -0.264999986 -0.00500009954 -0.114999995
1294 -0.264999986 -0.00500009954 -0.104999997
1295 -0.264999986 -0.00500009954 -0.0949999988
1296 -0.264999986 -0.00500009954 -0.0850000009
1297 -0.254999995 -0.00500009954 -0.155000001
1298 -0.254999995 -0.00500009954 -0.144999996
1299 -0.254999995 -0.00500009954 -0.13499999
1300 -0.254999995 -0.00500009954 -0.125
1301 -0.254999995 -0.00500009954 -0.114999995
1302 -0.254999995 -0.00500009954 -0.104999997
1303 -0.254999995 -0.00500009954 -0.0949999988
1304 -0.254999995 -0.00500009954 -0.0850000009
1305 -0.24499999 -0.00500009954 -0.155000001
1306 -0.24499999 -0.00500009954 -0.144999996
1307 -0.24499999 -0.00500009954 -0.13499999
1308 -0.24499999 -0.00500009954 -0.125
1309 -0.24499999 -0.00500009954 -0.114999995
1310 -0.24499999 -0.00500009954 -0.104999997
1311 -0.24499999 -0.00500009954 -0.0949999988
1312 -0.24499999 -0.00500009954 -0.0850000009
1313 -0.314999998 -0.00500009954 -0.0749999955
1314 -0.314999998 -0.00500009954 -0.0649999976
1315 -0.314999998 -0.00500009954 -0.0549999997
1316 -0.314999998 -0.00500009954 -0.0449999981
1317 -0.314999998 -0.00500009954 -0.0350000001
1318 -0.314999998 -0.00500009954 -0.0249999985
1319 -0.314999998 -0.00500009954 -0.0149999997
1320 -0.314999998 -0.00500009954 -0.00499999989
1321 -0.305000007 -0.00500009954 -0.0749999955
1322 -0.305000007 -0.00500009954 -0.0649999976
1323 -0.305000007 -0.00500009954 -0.0549999997
1324 -0.305000007 -0.00500009954 -0.0449999981
1325 -0.305000007 -0.00500009954 -0.0350000001
1326 -0.305000007 -0.00500009954 -0.0249999985
1327 -0.305000007 -0.00500009954 -0.0149999997
1328 -0.305000007 -0.00500009954 -0.00499999989
1329 -0.294999987 -0.00500009954 -0.0749999955
1330 -0.294999987 -0.00500009954 -0.0649999976
1331 -0.294999987 -0.00500009954 -0.0549999997
1332 -0.294999987 -0.00500009954 -0.0449999981
1333 -0.294999987 -0.00500009954 -0.0350000001
1334 -0.294999987 -0.00500009954 -0.0249999985
1335 -0.294999987 -0.00500009954 -0.0149999997
1336 -0.294999987 -0.00500009954 -0.00499999989
1337 -0.284999996 -0.00500009954 -0.0749999955
1338 -0.284999996 -0.00500009954 -0.0649999976
1339 -0.284999996 -0.00500009954 -0.0549999997
1340 -0.284999996 -0.00500009954 -0.0449999981
1341 -0.284999996 -0.00500009954 -0.0350000001
1342 -0.284999996 -0.00500009954 -0.0249999985
1343 -0.284999996 -0.00500009954 -0.0149999997
1344 -0.284999996 -0.00500009954 -0.00499999989
1345 -0.275000006 -0.00500009954 -0.0749999955
1346 -0.275000006 -0.00500009954 -0.0649999976
1347 -0.275000006 -0.00500009954 -0.0549999997
1348 -0.275000006 -0.00500009954 -0.0449999981
1349 -0.275000006 -0.00500009954 -0.0350000001
1350 -0.275000006 -0.00500009954 -0.0249999985
1351 -0.275000006 -0.00500009954 -0.0149999997
1352 -0.275000006 -0.00500009954 -0.00499999989
1353 -0.264999986 -0.00500009954 -0.0749999955
1354 -0.264999986 -0.00500009954 -0.0649999976
1355 -0.264999986 -0.00500009954 -0.0549999997
1356 -0.264999986 -0.00500009954 -0.0449999981
1357 -0.264999986 -0.00500009954 -0.0350000001
1358 -0.264999986 -0.00500009954 -0.0249999985
1359 -0.264999986 -0.00500009954 -0.0149999997
1360 -0.264999986 -0.00500009954 -0.00499999989
1361 -0.254999995 -0.00500009954 -0.0749999955
1362 -0.254999995 -0.00500009954 -0.0649999976
1363 -0.254999995 -0.00500009954 -0.0549999997
1364 -0.254999995 -0.00500009954 -0.0449999981
1365 -0.254999995 -0.00500009954 -0.0350000001
1366 -0.254999995 -0.00500009954 -0.0249999985
1367 -0.254999995 -0.00500009954 -0.0149999997
1368 -0.254999995 -0.00500009954 -0.00499999989
1369 -0.24499999 -0.00500009954 -0.0749999955
1370 -0.24499999 -0.00500009954 -0.0649999976
1371 -0.24499999 -0.00500009954 -0.0549999997
1372 -0.24499999 -0.00500009954 -0.0449999981
1373 -0.24499999 -0.00500009954 -0.0350000001
1374 -0.24499999 -0.00500009954 -0.0249999985
1375 -0.24499999 -0.00500009954 -0.0149999997
1376 -0.24499999 -0.00500009954 -0.00499999989
1377 -0.234999999 -9.96515155e-08 -0.50000006
1378 -0.234999999 -0.00250014942 -0.494999975
1379 -0.234999999 -0.00500009954 -0.484999985
1380 -0.224999994 -9.96515155e-08 -0.50000006
1381 -0.224999994 -0.00250014942 -0.494999975
1382 -0.224999994 -0.00500009954 -0.484999985
1383 -0.214999989 -9.96515155e-08 -0.50000006
1384 -0.214999989 -0.00250014942 -0.494999975
1385 -0.214999989 -0.00500009954 -0.484999985
1386 -0.204999998 -9.96515155e-08 -0.50000006
1387 -0.204999998 -0.00250014942 -0.494999975
1388 -0.204999998 -0.00500009954 -0.484999985
1389 -0.194999993 -9.96515155e-08 -0.50000006
1390 -0.194999993 -0.00250014942 -0.494999975
1391 -0.194999993 -0.00500009954 -0.484999985
1392 -0.185000002 -9.96515155e-08 -0.50000006
1393 -0.185000002 -0.00250014942 -0.494999975
1394 -0.185000002 -0.00500009954 -0.484999985
1395 -0.174999997 -9.96515155e-08 -0.50000006
1396 -0.174999997 -0.00250014942 -0.494999975
1397 -0.174999997 -0.00500009954 -0.484999985
1398 -0.164999992 -9.96515155e-08 -0.50000006
1399 -0.164999992 -0.00250014942 -0.494999975
1400 -0.164999992 -0.00500009954 -0.484999985
1401 -0.234999999 -0.00500009954 -0.474999994
1402 -0.234999999 -0.00500009954 -0.465000004
1403 -0.234999999 -0.00500009954 -0.454999983
1404 -0.234999999 -0.00500009954 -0.444999993
1405 -0.234999999 -0.00500009954 -0.435000002
1406 -0.234999999 -0.00500009954 -0.424999982
1407 -0.234999999 -0.00500009954 -0.414999992
1408 -0.234999999 -0.00500009954 -0.405000001
1409 -0.224999994 -0.00500009954 -0.474999994
1410 -0.224999994 -0.00500009954 -0.465000004
1411 -0.224999994 -0.00500009954 -0.454999983
1412 -0.224999994 -0.00500009954 -0.444999993
1413 -0.224999994 -0.00500009954 -0.435000002
1414 -0.224999994 -0.00500009954 -0.424999982
1415 -0.224999994 -0.00500009954 -0.414999992
1416 -0.224999994 -0.00500009954 -0.405000001
1417 -0.214999989 -0.00500009954 -0.474999994
1418 -0.214999989 -0.00500009954 -0.465000004
1419 -0.214999989 -0.00500009954 -0.454999983
1420 -0.214999989 -0.00500009954 -0.444999993
1421 -0.214999989 -0.00500009954 -0.435000002
1422 -0.214999989 -0.00500009954 -0.424999982
1423 -0.214999989 -0.00500009954 -0.414999992
1424 -0.214999989 -0.00500009954 -0.405000001
1425 -0.204999998 -0.00500009954 -0.474999994
1426 -0.204999998 -0.00500009954 -0.465000004
1427 -0.204999998 -0.00500009954 -0.454999983
1428 -0.204999998 -0.00500009954 -0.444999993
1429 -0.204999998 -0.00500009954 -0.435000002
1430 -0.204999998 -0.00500009954 -0.424999982
1431 -0.204999998 -0.00500009954 -0.414999992
1432 -0.204999998 -0.00500009954 -0.405000001
1433 -0.194999993 -0.00500009954 -0.474999994
1434 -0.194999993 -0.00500009954 -0.465000004
1435 -0.194999993 -0.00500009954 -0.454999983
1436 -0.194999993 -0.00500009954 -0.444999993
1437 -0.194999993 -0.00500009954 -0.435000002
1438 -0.194999993 -0.00500009954 -0.424999982
1439 -0.194999993 -0.00500009954 -0.414999992
1440 -0.194999993 -0.00500009954 -0.405000001
1441 -0.185000002 -0.00500009954 -0.474999994
1442 -0.185000002 -0.00500009954 -0.465000004
1443 -0.185000002 -0.00500009954 -0.454999983
1444 -0.185000002 -0.00500009954 -0.444999993
1445 -0.185000002 -0.00500009954 -0.435000002
1446 -0.185000002 -0.00500009954 -0.424999982
1447 -0.185000002 -0.00500009954 -0.414999992
1448 -0.185000002 -0.00500009954 -0.405000001
1449 -0.174999997 -0.00500009954 -0.474999994
1450 -0.174999997 -0.00500009954 -0.465000004
1451 -0.174999997 -0.00500009954 -0.454999983
1452 -0.174999997 -0.00500009954 -0.444999993
1453 -0.174999997 -0.00500009954 -0.435000002
1454 -0.174999997 -0.00500009954 -0.424999982
1455 -0.174999997 -0.00500009954 -0.414999992
1456 -0.174999997 -0.00500009954 -0.405000001
1457 -0.164999992 -0.00500009954 -0.474999994
1458 -0.164999992 -0.00500009954 -0.465000004
1459 -0.164999992 -0.00500009954 -0.454999983
1460 -0.164999992 -0.00500009954 -0.444999993
1461 -0.164999992 -0.00500009954 -0.435000002
1462 -0.164999992 -0.00500009954 -0.424999982
1463 -0.164999992 -0.00500009954 -0.414999992
1464 -0.164999992 -0.00500009954 -0.405000001
1465 -0.234999999 -0.00500009954 -0.394999981
1466 -0.234999999 -0.00500009954 -0.38499999
1467 -0.234999999 -0.00500009954 -0.375
1468 -0.234999999 -0.00500009954 -0.36499998
1469 -0.234999999 -0.00500009954 -0.354999989
1470 -0.234999999 -0.00500009954 -0.344999999
1471 -0.234999999 -0.00500009954 -0.334999979
1472 -0.234999999 -0.00500009954 -0.324999988
1473 -0.224999994 -0.00500009954 -0.394999981
1474 -0.224999994 -0.00500009954 -0.38499999
1475 -0.224999994 -0.00500009954 -0.375
1476 -0.224999994 -0.00500009954 -0.36499998
1477 -0.224999994 -0.00500009954 -0.354999989
1478 -0.224999994 -0.00500009954 -0.344999999
1479 -0.224999994 -0.00500009954 -0.334999979
1480 -0.224999994 -0.00500009954 -0.324999988
1481 -0.214999989 -0.00500009954 -0.394999981
1482 -0.214999989 -0.00500009954 -0.38499999
1483 -0.214999989 -0.00500009954 -0.375
1484 -0.214999989 -0.00500009954 -0.36499998
1485 -0.214999989 -0.00500009954 -0.354999989
1486 -0.214999989 -0.00500009954 -0.344999999
1487 -0.214999989 -0.00500009954 -0.334999979
1488 -0.214999989 -0.00500009954 -0.324999988
1489 -0.204999998 -0.00500009954 -0.394999981
1490 -0.204999998 -0.00500009954 -0.38499999
1491 -0.204999998 -0.00500009954 -0.375
1492 -0.204999998 -0.00500009954 -0.36499998
1493 -0.204999998 -0.00500009954 -0.354999989
1494 -0.204999998 -0.00500009954 -0.344999999
1495 -0.204999998 -0.00500009954 -0.334999979
1496 -0.204999998 -0.00500009954 -0.324999988
1497 -0.194999993 -0.00500009954 -0.394999981
1498 -0.194999993 -0.00500009954 -0.38499999
1499 -0.194999993 -0.00500009954 -0.375
1500 -0.194999993 -0.00500009954 -0.36499998
1501 -0.194999993 -0.00500009954 -0.354999989
1502 -0.194999993 -0.00500009954 -0.344999999
1503 -0.194999993 -0.00500009954 -0.334999979
1504 -0.194999993 -0.00500009954 -0.324999988
1505 -0.185000002 -0.00500009954 -0.394999981
1506 -0.185000002 -0.00500009954 -0.38499999
1507 -0.185000002 -0.00500009954 -0.375
1508 -0.185000002 -0.00500009954 -0.36499998
1509 -0.185000002 -0.00500009954 -0.354999989
1510 -0.185000002 -0.00500009954 -0.344999999
1511 -0.185000002 -0.00500009954 -0.334999979
1512 -0.185000002 -0.00500009954 -0.324999988
1513 -0.174999997 -0.00500009954 -0.394999981
1514 -0.174999997 -0.00500009954 -0.38499999
1515 -0.174999997 -0.00500009954 -0.375
1516 -0.174999997 -0.00500009954 -0.36499998
1517 -0.174999997 -0.00500009954 -0.354999989
1518 -0.174999997 -0.00500009954 -0.344999999
1519 -0.174999997 -0.00500009954 -0.334999979
1520 -0.174999997 -0.00500009954 -0.324999988
1521 -0.164999992 -0.00500009954 -0.394999981
1522 -0.164999992 -0.00500009954 -0.38499999
1523 -0.164999992 -0.00500009954 -0.375
1524 -0.164999992 -0.00500009954 -0.36499998
1525 -0.164999992 -0.00500009954 -0.354999989
1526 -0.164999992 -0.00500009954 -0.344999999
1527 -0.164999992 -0.00500009954 -0.334999979
1528 -0.164999992 -0.00500009954 -0.324999988
1529 -0.234999999 -0.00500009954 -0.314999998
1530 -0.234999999 -0.00500009954 -0.305000007
1531 -0.234999999 -0.00500009954 -0.294999987
1532 -0.234999999 -0.00500009954 -0.284999996
1533 -0.234999999 -0.00500009954 -0.275000006
1534 -0.234999999 -0.00500009954 -0.264999986
1535 -0.234999999 -0.00500009954 -0.254999995
1536 -0.234999999 -0.00500009954 -0.24499999
1537 -0.224999994 -0.00500009954 -0.314999998
1538 -0.224999994 -0.00500009954 -0.305000007
1539 -0.224999994 -0.00500009954 -0.294999987
1540 -0.224999994 -0.00500009954 -0.284999996
1541 -0.224999994 -0.00500009954 -0.275000006
1542 -0.224999994 -0.00500009954 -0.264999986
1543 -0.224999994 -0.00500009954 -0.254999995
1544 -0.224999994 -0.00500009954 -0.24499999
1545 -0.214999989 -0.00500009954 -0.314999998
1546 -0.214999989 -0.00500009954 -0.305000007
1547 -0.214999989 -0.00500009954 -0.294999987
1548 -0.214999989 -0.00500009954 -0.284999996
1549 -0.214999989 -0.00500009954 -0.275000006
1550 -0.214999989 -0.00500009954 -0.264999986
1551 -0.214999989 -0.00500009954 -0.254999995
1552 -0.214999989 -0.00500009954 -0.24499999
1553 -0.204999998 -0.00500009954 -0.314999998
1554 -0.204999998 -0.00500009954 -0.305000007
1555 -0.204999998 -0.00500009954 -0.294999987
1556 -0.204999998 -0.00500009954 -0.284999996
1557 -0.204999998 -0.00500009954 -0.275000006
1558 -0.204999998 -0.00500009954 -0.264999986
1559 -0.204999998 -0.00500009954 -0.254999995
1560 -0.204999998 -0.00500009954 -0.24499999
1561 -0.194999993 -0.00500009954 -0.314999998
1562 -0.194999993 -0.00500009954 -0.305000007
1563 -0.194999993 -0.00500009954 -0.294999987
1564 -0.194999993 -0.00500009954 -0.284999996
1565 -0.194999993 -0.00500009954 -0.275000006
1566 -0.194999993 -0.00500009954 -0.264999986
1567 -0.194999993 -0.00500009954 -0.254999995
1568 -0.194999993 -0.00500009954 -0.24499999
1569 -0.185000002 -0.00500009954 -0.314999998
1570 -0.185000002 -0.00500009954 -0.305000007
1571 -0.185000002 -0.00500009954 -0.294999987
1572 -0.185000002 -0.00500009954 -0.284999996
1573 -0.185000002 -0.00500009954 -0.275000006
1574 -0.185000002 -0.00500009954 -0.264999986
1575 -0.185000002 -0.00500009954 -0.254999995
1576 -0.185000002 -0.00500009954 -0.24499999
1577 -0.174999997 -0.00500009954 -0.314999998
1578 -0.174999997 -0.00500009954 -0.305000007
1579 -0.174999997 -0.00500009954 -0.294999987
1580 -0.174999997 -0.00500009954 -0.284999996
1581 -0.174999997 -0.00500009954 -0.275000006
1582 -0.174999997 -0.00500009954 -0.264999986
1583 -0.174999997 -0.00500009954 -0.254999995
1584 -0.174999997 -0.00500009954 -0.24499999
1585 -0.164999992 -0.00500009954 -0.314999998
1586 -0.164999992 -0.00500009954 -0.305000007
1587 -0.164999992 -0.00500009954 -0.294999987
1588 -0.164999992 -0.00500009954 -0.284999996
1589 -0.164999992 -0.00500009954 -0.275000006
1590 -0.164999992 -0.00500009954 -0.264999986
1591 -0.164999992 -0.00500009954 -0.254999995
1592 -0.164999992 -0.00500009954 -0.24499999
1593 -0.234999999 -0.00500009954 -0.234999999
1594 -0.234999999 -0.00500009954 -0.224999994
1595 -0.234999999 -0.00500009954 -0.214999989
1596 -0.234999999 -0.00500009954 -0.204999998
1597 -0.234999999 -0.00500009954 -0.194999993
1598 -0.234999999 -0.00500009954 -0.185000002
1599 -0.234999999 -0.00500009954 -0.174999997
1600 -0.234999999 -0.00500009954 -0.164999992
1601 -0.224999994 -0.00500009954 -0.234999999
1602 -0.224999994 -0.00500009954 -0.224999994
1603 -0.224999994 -0.00500009954 -0.214999989
1604 -0.224999994 -0.00500009954 -0.204999998
1605 -0.224999994 -0.00500009954 -0.194999993
1606 -0.224999994 -0.00500009954 -0.185000002
1607 -0.224999994 -0.00500009954 -0.174999997
1608 -0.224999994 -0.00500009954 -0.164999992
1609 -0.214999989 -0.00500009954 -0.234999999
1610 -0.214999989 -0.00500009954 -0.224999994
1611 -0.214999989 -0.00500009954 -0.214999989
1612 -0.214999989 -0.00500009954 -0.204999998
1613 -0.214999989 -0.00500009954 -0.194999993
1614 -0.214999989 -0.00500009954 -0.185000002
1615 -0.214999989 -0.00500009954 -0.174999997
1616 -0.214999989 -0.00500009954 -0.164999992
1617 -0.204999998 -0.00500009954 -0.234999999
1618 -0.204999998 -0.00500009954 -0.224999994
1619 -0.204999998 -0.00500009954 -0.214999989
1620 -0.204999998 -0.00500009954 -0.204999998
1621 -0.204999998 -0.00500009954 -0.194999993
1622 -0.204999998 -0.00500009954 -0.185000002
1623 -0.204999998 -0.00500009954 -0.174999997
1624 -0.204999998 -0.00500009954 -0.164999992
1625 -0.194999993 -0.00500009954 -0.234999999
1626 -0.194999993 -0.00500009954 -0.224999994
1627 -0.194999993 -0.00500009954 -0.214999989
1628 -0.194999993 -0.00500009954 -0.204999998
1629 -0.194999993 -0.00500009954 -0.194999993
1630 -0.194999993 -0.00500009954 -0.185000002
1631 -0.194999993 -0.00500009954 -0.174999997
1632 -0.194999993 -0.00500009954 -0.164999992
1633 -0.185000002 -0.00500009954 -0.234999999
1634 -0.185000002 -0.00500009954 -0.224999994
1635 -0.185000002 -0.00500009954 -0.214999989
1636 -0.185000002 -0.00500009954 -0.204999998
1637 -0.185000002 -0.00500009954 -0.194999993
1638 -0.185000002 -0.00500009954 -0.185000002
1639 -0.185000002 -0.00500009954 -0.174999997
1640 -0.185000002 -0.00500009954 -0.164999992
1641 -0.174999997 -0.00500009954 -0.234999999
1642 -0.174999997 -0.00500009954 -0.224999994
1643 -0.174999997 -0.00500009954 -0.214999989
1644 -0.174999997 -0.00500009954 -0.204999998
1645 -0.174999997 -0.00500009954 -0.194999993
1646 -0.174999997 -0.00500009954 -0.185000002
1647 -0.174999997 -0.00500009954 -0.174999997
1648 -0.174999997 -0.00500009954 -0.164999992
1649 -0.164999992 -0.00500009954 -0.234999999
1650 -0.164999992 -0.00500009954 -0.224999994
1651 -0.164999992 -0.00500009954 -0.214999989
1652 -0.164999992 -0.00500009954 -0.204999998
1653 -0.164999992 -0.00500009954 -0.194999993
1654 -0.164999992 -0.00500009954 -0.185000002
1655 -0.164999992 -0.00500009954 -0.174999997
1656 -0.164999992 -0.00500009954 -0.164999992
1657 -0.234999999 -0.00500009954 -0.155000001
1658 -0.234999999 -0.00500009954 -0.144999996
1659 -0.234999999 -0.00500009954 -0.13499999
1660 -0.234999999 -0.00500009954 -0.125
1661 -0.234999999 -0.00500009954 -0.114999995
1662 -0.234999999 -0.00500009954 -0.104999997
1663 -0.234999999 -0.00500009954 -0.0949999988
1664 -0.234999999 -0.00500009954 -0.0850000009
1665 -0.224999994 -0.00500009954 -0.155000001
1666 -0.224999994 -0.00500009954 -0.144999996
1667 -0.224999994 -0.00500009954 -0.13499999
1668 -0.224999994 -0.00500009954 -0.125
1669 -0.224999994 -0.00500009954 -0.114999995
1670 -0.224999994 -0.00500009954 -0.104999997
1671 -0.224999994 -0.00500009954 -0.0949999988
1672 -0.224999994 -0.00500009954 -0.0850000009
1673 -0.214999989 -0.00500009954 -0.155000001
1674 -0.214999989 -0.00500009954 -0.144999996
1675 -0.214999989 -0.00500009954 -0.13499999
1676 -0.214999989 -0.00500009954 -0.125
1677 -0.214999989 -0.00500009954 -0.114999995
1678 -0.214999989 -0.00500009954 -0.104999997
1679 -0.214999989 -0.00500009954 -0.0949999988
1680 -0.214999989 -0.00500009954 -0.0850000009
1681 -0.204999998 -0.00500009954 -0.155000001
1682 -0.204999998 -0.00500009954 -0.144999996
1683 -0.204999998 -0.00500009954 -0.13499999
1684 -0.204999998 -0.00500009954 -0.125
1685 -0.204999998 -0.00500009954 -0.114999995
1686 -0.204999998 -0.00500009954 -0.104999997
1687 -0.204999998 -0.00500009954 -0.0949999988
1688 -0.204999998 -0.00500009954 -0.0850000009
1689 -0.194999993 -0.00500009954 -0.155000001
1690 -0.194999993 -0.00500009954 -0.144999996
1691 -0.194999993 -0.00500009954 -0.13499999
1692 -0.194999993 -0.00500009954 -0.125
1693 -0.194999993 -0.00500009954 -0.114999995
1694 -0.194999993 -0.00500009954 -0.104999997
1695 -0.194999993 -0.00500009954 -0.0949999988
1696 -0.194999993 -0.00500009954 -0.0850000009
1697 -0.185000002 -0.00500009954 -0.155000001
1698 -0.185000002 -0.00500009954 -0.144999996
1699 -0.185000002 -0.00500009954 -0.13499999
1700 -0.185000002 -0.00500009954 -0.125
1701 -0.185000002 -0.00500009954 -0.114999995
1702 -0.185000002 -0.00500009954 -0.104999997
1703 -0.185000002 -0.00500009954 -0.0949999988
1704 -0.185000002 -0.00500009954 -0.0850000009
1705 -0.174999997 -0.00500009954 -0.155000001
1706 -0.174999997 -0.00500009954 -0.144999996
1707 -0.174999997 -0.00500009954 -0.13499999
1708 -0.174999997 -0.00500009954 -0.125
1709 -0.174999997 -0.00500009954 -0.114999995
1710 -0.174999997 -0.00500009954 -0.104999997
1711 -0.174999997 -0.00500009954 -0.0949999988
1712 -0.174999997 -0.00500009954 -0.0850000009
1713 -0.164999992 -0.00500009954 -0.155000001
1714 -0.164999992 -0.00500009954 -0.144999996
1715 -0.164999992 -0.00500009954 -0.13499999
1716 -0.164999992 -0.00500009954 -0.125
1717 -0.164999992 -0.00500009954 -0.114999995
1718 -0.164999992 -0.00500009954 -0.104999997
1719 -0.164999992 -0.00500009954 -0.0949999988
1720 -0.164999992 -0.00500009954 -0.0850000009
1721 -0.234999999 -0.00500009954 -0.0749999955
1722 -0.234999999 -0.00500009954 -0.0649999976
1723 -0.234999999 -0.00500009954 -0.0549999997
1724 -0.234999999 -0.00500009954 -0.0449999981
1725 -0.234999999 -0.00500009954 -0.0350000001
1726 -0.234999999 -0.00500009954 -0.0249999985
1727 -0.234999999 -0.00500009954 -0.0149999997
1728 -0.234999999 -0.00500009954 -0.00499999989
1729 -0.224999994 -0.00500009954 -0.0749999955
1730 -0.224999994 -0.00500009954 -0.0649999976
1731 -0.224999994 -0.00500009954 -0.0549999997
1732 -0.224999994 -0.00500009954 -0.0449999981
1733 -0.224999994 -0.00500009954 -0.0350000001
1734 -0.224999994 -0.00500009954 -0.0249999985
1735 -0.224999994 -0.00500009954 -0.0149999997
1736 -0.224999994 -0.00500009954 -0.00499999989
1737 -0.214999989 -0.00500009954 -0.0749999955
1738 -0.214999989 -0.00500009954 -0.0649999976
1739 -0.214999989 -0.00500009954 -0.0549999997
1740 -0.214999989 -0.00500009954 -0.0449999981
1741 -0.214999989 -0.00500009954 -0.0350000001
1742 -0.214999989 -0.00500009954 -0.0249999985
1743 -0.214999989 -0.00500009954 -0.0149999997
1744 -0.214999989 -0.00500009954 -0.00499999989
1745 -0.204999998 -0.00500009954 -0.0749999955
1746 -0.204999998 -0.00500009954 -0.0649999976
1747 -0.204999998 -0.00500009954 -0.0549999997
1748 -0.204999998 -0.00500009954 -0.0449999981
1749 -0.204999998 -0.00500009954 -0.0350000001
1750 -0.204999998 -0.00500009954 -0.0249999985
1751 -0.204999998 -0.00500009954 -0.0149999997
1752 -0.204999998 -0.00500009954 -0.00499999989
1753 -0.194999993 -0.00500009954 -0.0749999955
1754 -0.194999993 -0.00500009954 -0.0649999976
1755 -0.194999993 -0.00500009954 -0.0549999997
1756 -0.194999993 -0.00500009954 -0.0449999981
1757 -0.194999993 -0.00500009954 -0.0350000001
1758 -0.194999993 -0.00500009954 -0.0249999985
1759 -0.194999993 -0.00500009954 -0.0149999997
1760 -0.194999993 -0.00500009954 -0.00499999989
1761 -0.185000002 -0.00500009954 -0.0749999955
1762 -0.185000002 -0.00500009954 -0.0649999976
1763 -0.185000002 -0.00500009954 -0.0549999997
1764 -0.185000002 -0.00500009954 -0.0449999981
1765 -0.185000002 -0.00500009954 -0.0350000001
1766 -0.185000002 -0.00500009954 -0.0249999985
1767 -0.185000002 -0.00500009954 -0.0149999997
1768 -0.185000002 -0.00500009954 -0.00499999989
1769 -0.174999997 -0.00500009954 -0.0749999955
1770 -0.174999997 -0.00500009954 -0.0649999976
1771 -0.174999997 -0.00500009954 -0.0549999997
1772 -0.174999997 -0.00500009954 -0.0449999981
1773 -0.174999997 -0.00500009954 -0.0350000001
1774 -0.174999997 -0.00500009954 -0.0249999985
1775 -0.174999997 -0.00500009954 -0.0149999997
1776 -0.174999997 -0.00500009954 -0.00499999989
1777 -0.164999992 -0.00500009954 -0.0749999955
1778 -0.164999992 -0.00500009954 -0.0649999976
1779 -0.164999992 -0.00500009954 -0.0549999997
1780 -0.164999992 -0.00500009954 -0.0449999981
1781 -0.164999992 -0.00500009954 -0.0350000001
1782 -0.164999992 -0.00500009954 -0.0249999985
1783 -0.164999992 -0.00500009954 -0.0149999997
1784 -0.164999992 -0.00500009954 -0.00499999989
1785 -0.155000001 -9.96515155e-08 -0.50000006
1786 -0.155000001 -0.00250014942 -0.494999975
1787 -0.155000001 -0.00500009954 -0.484999985
1788 -0.144999996 -9.96515155e-08 -0.50000006
1789 -0.144999996 -0.00250014942 -0.494999975
1790 -0.144999996 -0.00500009954 -0.484999985
1791 -0.13499999 -9.96515155e-08 -0.50000006
1792 -0.13499999 -0.00250014942 -0.494999975
1793 -0.13499999 -0.00500009954 -0.484999985
1794 -0.125 -9.96515155e-08 -0.50000006
1795 -0.125 -0.00250014942 -0.494999975
1796 -0.125 -0.00500009954 -0.484999985
1797 -0.114999995 -9.96515155e-08 -0.50000006
1798 -0.114999995 -0.00250014942 -0.494999975
1799 -0.114999995 -0.00500009954 -0.484999985
1800 -0.104999997 -9.96515155e-08 -0.50000006
1801 -0.104999997 -0.00250014942 -0.494999975
1802 -0.104999997 -0.00500009954 -0.484999985
1803 -0.0949999988 -9.96515155e-08 -0.50000006
1804 -0.0949999988 -0.00250014942 -0.494999975
1805 -0.0949999988 -0.00500009954 -0.484999985
1806 -0.0850000009 -9.96515155e-08 -0.50000006
1807 -0.0850000009 -0.00250014942 -0.494999975
1808 -0.0850000009 -0.00500009954 -0.484999985
1809 -0.155000001 -0.00500009954 -0.474999994
1810 -0.155000001 -0.00500009954 -0.465000004
1811 -0.155000001 -0.00500009954 -0.454999983
1812 -0.155000001 -0.00500009954 -0.444999993
1813 -0.155000001 -0.00500009954 -0.435000002
1814 -0.155000001 -0.00500009954 -0.424999982
1815 -0.155000001 -0.00500009954 -0.414999992
1816 -0.155000001 -0.00500009954 -0.405000001
1817 -0.144999996 -0.00500009954 -0.474999994
1818 -0.144999996 -0.00500009954 -0.465000004
1819 -0.144999996 -0.00500009954 -0.454999983
1820 -0.144999996 -0.00500009954 -0.444999993
1821 -0.144999996 -0.00500009954 -0.435000002
1822 -0.144999996 -0.00500009954 -0.424999982
1823 -0.144999996 -0.00500009954 -0.414999992
1824 -0.144999996 -0.00500009954 -0.405000001
1825 -0.13499999 -0.00500009954 -0.474999994
1826 -0.13499999 -0.00500009954 -0.465000004
1827 -0.13499999 -0.00500009954 -0.454999983
1828 -0.13499999 -0.00500009954 -0.444999993
1829 -0.13499999 -0.00500009954 -0.435000002
1830 -0.13499999 -0.00500009954 -0.424999982
1831 -0.13499999 -0.00500009954 -0.414999992
1832 -0.13499999 -0.00500009954 -0.405000001
1833 -0.125 -0.00500009954 -0.474999994
1834 -0.125 -0.00500009954 -0.465000004
1835 -0.125 -0.00500009954 -0.454999983
1836 -0.125 -0.00500009954 -0.444999993
1837 -0.125 -0.00500009954 -0.435000002
1838 -0.125 -0.00500009954 -0.424999982
1839 -0.125 -0.00500009954 -0.414999992
1840 -0.125 -0.00500009954 -0.405000001
1841 -0.114999995 -0.00500009954 -0.474999994
1842 -0.114999995 -0.00500009954 -0.465000004
1843 -0.114999995 -0.00500009954 -0.454999983
1844 -0.114999995 -0.00500009954 -0.444999993
1845 -0.114999995 -0.00500009954 -0.435000002
1846 -0.114999995 -0.00500009954 -0.424999982
1847 -0.114999995 -0.00500009954 -0.414999992
1848 -0.114999995 -0.00500009954 -0.405000001
1849 -0.104999997 -0.00500009954 -0.474999994
1850 -0.104999997 -0.00500009954 -0.465000004
1851 -0.104999997 -0.00500009954 -0.454999983
1852 -0.104999997 -0.00500009954 -0.444999993
1853 -0.104999997 -0.00500009954 -0.435000002
1854 -0.104999997 -0.00500009954 -0.424999982
1855 -0.104999997 -0.00500009954 -0.414999992
1856 -0.104999997 -0.00500009954 -0.405000001
1857 -0.0949999988 -0.00500009954 -0.474999994
1858 -0.0949999988 -0.00500009954 -0.465000004
1859 -0.0949999988 -0.00500009954 -0.454999983
1860 -0.0949999988 -0.00500009954 -0.444999993
1861 -0.0949999988 -0.00500009954 -0.435000002
1862 -0.0949999988 -0.00500009954 -0.424999982
1863 -0.0949999988 -0.00500009954 -0.414999992
1864 -0.0949999988 -0.00500009954 -0.405000001
1865 -0.0850000009 -0.00500009954 -0.474999994
1866 -0.0850000009 -0.00500009954 -0.465000004
1867 -0.0850000009 -0.00500009954 -0.454999983
1868 -0.0850000009 -0.00500009954 -0.444999993
1869 -0.0850000009 -0.00500009954 -0.435000002
1870 -0.0850000009 -0.00500009954 -0.424999982
1871 -0.0850000009 -0.00500009954 -0.414999992
1872 -0.0850000009 -0.00500009954 -0.405000001
1873 -0.155000001 -0.00500009954 -0.394999981
1874 -0.155000001 -0.00500009954 -0.38499999
1875 -0.155000001 -0.00500009954 -0.375
1876 -0.155000001 -0.00500009954 -0.36499998
1877 -0.155000001 -0.00500009954 -0.354999989
1878 -0.155000001 -0.00500009954 -0.344999999
1879 -0.155000001 -0.00500009954 -0.334999979
1880 -0.155000001 -0.00500009954 -0.324999988
1881 -0.144999996 -0.00500009954 -0.394999981
1882 -0.144999996 -0.00500009954 -0.38499999
1883 -0.144999996 -0.00500009954 -0.375
1884 -0.144999996 -0.00500009954 -0.36499998
1885 -0.144999996 -0.00500009954 -0.354999989
1886 -0.144999996 -0.00500009954 -0.344999999
1887 -0.144999996 -0.00500009954 -0.334999979
1888 -0.144999996 -0.00500009954 -0.324999988
1889 -0.13499999 -0.00500009954 -0.394999981
1890 -0.13499999 -0.00500009954 -0.38499999
1891 -0.13499999 -0.00500009954 -0.375
1892 -0.13499999 -0.00500009954 -0.36499998
1893 -0.13499999 -0.00500009954 -0.354999989
1894 -0.13499999 -0.00500009954 -0.344999999
1895 -0.13499999 -0.00500009954 -0.334999979
1896 -0.13499999 -0.00500009954 -0.324999988
1897 -0.125 -0.00500009954 -0.394999981
1898 -0.125 -0.00500009954 -0.38499999
1899 -0.125 -0.00500009954 -0.375
1900 -0.125 -0.00500009954 -0.36499998
1901 -0.125 -0.00500009954 -0.354999989
1902 -0.125 -0.00500009954 -0.344999999
1903 -0.125 -0.00500009954 -0.334999979
1904 -0.125 -0.00500009954 -0.324999988
1905 -0.114999995 -0.00500009954 -0.394999981
1906 -0.114999995 -0.00500009954 -0.38499999
1907 -0.114999995 -0.00500009954 -0.375
1908 -0.114999995 -0.00500009954 -0.36499998
1909 -0.114999995 -0.00500009954 -0.354999989
1910 -0.114999995 -0.00500009954 -0.344999999
1911 -0.114999995 -0.00500009954 -0.334999979
1912 -0.114999995 -0.00500009954 -0.324999988
1913 -0.104999997 -0.00500009954 -0.394999981
1914 -0.104999997 -0.00500009954 -0.38499999
1915 -0.104999997 -0.00500009954 -0.375
1916 -0.104999997 -0.00500009954 -0.36499998
1917 -0.104999997 -0.00500009954 -0.354999989
1918 -0.104999997 -0.00500009954 -0.344999999
1919 -0.104999997 -0.00500009954 -0.334999979
1920 -0.104999997 -0.00500009954 -0.324999988
1921 -0.0949999988 -0.00500009954 -0.394999981
1922 -0.0949999988 -0.00500009954 -0.38499999
1923 -0.0949999988 -0.00500009954 -0.375
1924 -0.0949999988 -0.00500009954 -0.36499998
1925 -0.0949999988 -0.00500009954 -0.354999989
1926 -0.0949999988 -0.00500009954 -0.344999999
1927 -0.0949999988 -0.00500009954 -0.334999979
1928 -0.0949999988 -0.00500009954 -0.324999988
1929 -0.0850000009 -0.00500009954 -0.394999981
1930 -0.0850000009 -0.00500009954 -0.38499999
1931 -0.0850000009 -0.00500009954 -0.375
1932 -0.0850000009 -0.00500009954 -0.36499998
1933 -0.0850000009 -0.00500009954 -0.354999989
1934 -0.0850000009 -0.00500009954 -0.344999999
1935 -0.0850000009 -0.00500009954 -0.334999979
1936 -0.0850000009 -0.00500009954 -0.324999988
1937 -0.155000001 -0.00500009954 -0.314999998
1938 -0.155000001 -0.00500009954 -0.305000007
1939 -0.155000001 -0.00500009954 -0.294999987
1940 -0.155000001 -0.00500009954 -0.284999996
1941 -0.155000001 -0.00500009954 -0.275000006
1942 -0.155000001 -0.00500009954 -0.264999986
1943 -0.155000001 -0.00500009954 -0.254999995
1944 -0.155000001 -0.00500009954 -0.24499999
1945 -0.144999996 -0.00500009954 -0.314999998
1946 -0.144999996 -0.00500009954 -0.305000007
1947 -0.144999996 -0.00500009954 -0.294999987
1948 -0.144999996 -0.00500009954 -0.284999996
1949 -0.144999996 -0.00500009954 -0.275000006
1950 -0.144999996 -0.00500009954 -0.264999986
1951 -0.144999996 -0.00500009954 -0.254999995
1952 -0.144999996 -0.00500009954 -0.24499999
1953 -0.13499999 -0.00500009954 -0.314999998
1954 -0.13499999 -0.00500009954 -0.305000007
1955 -0.13499999 -0.00500009954 -0.294999987
1956 -0.13499999 -0.00500009954 -0.284999996
1957 -0.13499999 -0.00500009954 -0.275000006
1958 -0.13499999 -0.00500009954 -0.264999986
1959 -0.13499999 -0.00500009954 -0.254999995
1960 -0.13499999 -0.00500009954 -0.24499999
1961 -0.125 -0.00500009954 -0.314999998
1962 -0.125 -0.00500009954 -0.305000007
1963 -0.125 -0.00500009954 -0.294999987
1964 -0.125 -0.00500009954 -0.284999996
1965 -0.125 -0.00500009954 -0.275000006
1966 -0.125 -0.00500009954 -0.264999986
1967 -0.125 -0.00500009954 -0.254999995
1968 -0.125 -0.00500009954 -0.24499999
1969 -0.114999995 -0.00500009954 -0.314999998
1970 -0.114999995 -0.00500009954 -0.305000007
1971 -0.114999995 -0.00500009954 -0.294999987
1972 -0.114999995 -0.00500009954 -0.284999996
1973 -0.114999995 -0.00500009954 -0.275000006
1974 -0.114999995 -0.00500009954 -0.264999986
1975 -0.114999995 -0.00500009954 -0.254999995
1976 -0.114999995 -0.00500009954 -0.24499999
1977 -0.104999997 -0.00500009954 -0.314999998
1978 -0.104999997 -0.00500009954 -0.305000007
1979 -0.104999997 -0.00500009954 -0.294999987
1980 -0.104999997 -0.00500009954 -0.284999996
1981 -0.104999997 -0.00500009954 -0.275000006
1982 -0.104999997 -0.00500009954 -0.264999986
1983 -0.104999997 -0.00500009954 -0.254999995
1984 -0.104999997 -0.00500009954 -0.24499999
1985 -0.0949999988 -0.00500009954 -0.314999998
1986 -0.0949999988 -0.00500009954 -0.305000007
1987 -0.0949999988 -0.00500009954 -0.294999987
1988 -0.0949999988 -0.00500009954 -0.284999996
1989 -0.0949999988 -0.00500009954 -0.275000006
1990 -0.0949999988 -0.00500009954 -0.264999986
1991 -0.0949999988 -0.00500009954 -0.254999995
1992 -0.0949999988 -0.00500009954 -0.24499999
1993 -0.0850000009 -0.00500009954 -0.314999998
1994 -0.0850000009 -0.00500009954 -0.305000007
1995 -0.0850000009 -0.00500009954 -0.294999987
1996 -0.0850000009 -0.00500009954 -0.284999996
1997 -0.0850000009 -0.00500009954 -0.275000006
1998 -0.0850000009 -0.00500009954 -0.264999986
1999 -0.0850000009 -0.00500009954 -0.254999995
2000 -0.0850000009 -0.00500009954 -0.24499999
2001 -0.155000001 -0.00500009954 -0.234999999
2002 -0.155000001 -0.00500009954 -0.224999994
2003 -0.155000001 -0.00500009954 -0.214999989
2004 -0.155000001 -0.00500009954 -0.204999998
2005 -0.155000001 -0.00500009954 -0.194999993
2006 -0.155000001 -0.00500009954 -0.185000002
2007 -0.155000001 -0.00500009954 -0.174999997
2008 -0.155000001 -0.00500009954 -0.164999992
2009 -0.144999996 -0.00500009954 -0.234999999
2010 -0.144999996 -0.00500009954 -0.224999994
2011 -0.144999996 -0.00500009954 -0.214999989
2012 -0.144999996 -0.00500009954 -0.204999998
2013 -0.144999996 -0.00500009954 -0.194999993
2014 -0.144999996 -0.00500009954 -0.185000002
2015 -0.144999996 -0.00500009954 -0.174999997
2016 -0.144999996 -0.00500009954 -0.164999992
2017 -0.13499999 -0.00500009954 -0.234999999
2018 -0.13499999 -0.00500009954 -0.224999994
2019 -0.13499999 -0.00500009954 -0.214999989
2020 -0.13499999 -0.00500009954 -0.204999998
2021 -0.13499999 -0.00500009954 -0.194999993
2022 -0.13499999 -0.00500009954 -0.185000002
2023 -0.13499999 -0.00500009954 -0.174999997
2024 -0.13499999 -0.00500009954 -0.164999992
2025 -0.125 -0.00500009954 -0.234999999
2026 -0.125 -0.00500009954 -0.224999994
2027 -0.125 -0.00500009954 -0.214999989
2028 -0.125 -0.00500009954 -0.204999998
2029 -0.125 -0.00500009954 -0.194999993
2030 -0.125 -0.00500009954 -0.185000002
2031 -0.125 -0.00500009954 -0.174999997
2032 -0.125 -0.00500009954 -0.164999992
2033 -0.114999995 -0.00500009954 -0.234999999
2034 -0.114999995 -0.00500009954 -0.224999994
2035 -0.114999995 -0.00500009954 -0.214999989
2036 -0.114999995 -0.00500009954 -0.204999998
2037 -0.114999995 -0.00500009954 -0.194999993
2038 -0.114999995 -0.00500009954 -0.185000002
2039 -0.114999995 -0.00500009954 -0.174999997
2040 -0.114999995 -0.00500009954 -0.164999992
2041 -0.104999997 -0.00500009954 -0.234999999
2042 -0.104999997 -0.00500009954 -0.224999994
2043 -0.104999997 -0.00500009954 -0.214999989
2044 -0.104999997 -0.00500009954 -0.204999998
2045 -0.104999997 -0.00500009954 -0.194999993
2046 -0.104999997 -0.00500009954 -0.185000002
2047 -0.104999997 -0.00500009954 -0.174999997
2048 -0.104999997 -0.00500009954 -0.164999992
2049 -0.0949999988 -0.00500009954 -0.234999999
2050 -0.0949999988 -0.00500009954 -0.224999994
2051 -0.0949999988 -0.00500009954 -0.214999989
2052 -0.0949999988 -0.00500009954 -0.204999998
2053 -0.0949999988 -0.00500009954 -0.194999993
2054 -0.0949999988 -0.00500009954 -0.185000002
2055 -0.0949999988 -0.00500009954 -0.174999997
2056 -0.0949999988 -0.00500009954 -0.164999992
2057 -0.0850000009 -0.00500009954 -0.234999999
2058 -0.0850000009 -0.00500009954 -0.224999994
2059 -0.0850000009 -0.00500009954 -0.214999989
2060 -0.0850000009 -0.00500009954 -0.204999998
2061 -0.0850000009 -0.00500009954 -0.194999993
2062 -0.0850000009 -0.00500009954 -0.185000002
2063 -0.0850000009 -0.00500009954 -0.174999997
2064 -0.0850000009 -0.00500009954 -0.164999992
2065 -0.155000001 -0.00500009954 -0.155000001
2066 -0.155000001 -0.00500009954 -0.144999996
2067 -0.155000001 -0.00500009954 -0.13499999
2068 -0.155000001 -0.00500009954 -0.125
2069 -0.155000001 -0.00500009954 -0.114999995
2070 -0.155000001 -0.00500009954 -0.104999997
2071 -0.155000001 -0.00500009954 -0.0949999988
2072 -0.155000001 -0.00500009954 -0.0850000009
2073 -0.144999996 -0.00500009954 -0.155000001
2074 -0.144999996 -0.00500009954 -0.144999996
2075 -0.144999996 -0.00500009954 -0.13499999
2076 -0.144999996 -0.00500009954 -0.125
2077 -0.144999996 -0.00500009954 -0.114999995
2078 -0.144999996 -0.00500009954 -0.104999997
2079 -0.144999996 -0.00500009954 -0.0949999988
2080 -0.144999996 -0.00500009954 -0.0850000009
2081 -0.13499999 -0.00500009954 -0.155000001
2082 -0.13499999 -0.00500009954 -0.144999996
2083 -0.13499999 -0.00500009954 -0.13499999
2084 -0.13499999 -0.00500009954 -0.125
2085 -0.13499999 -0.00500009954 -0.114999995
2086 -0.13499999 -0.00500009954 -0.104999997
2087 -0.13499999 -0.00500009954 -0.0949999988
2088 -0.13499999 -0.00500009954 -0.0850000009
2089 -0.125 -0.00500009954 -0.155000001
2090 -0.125 -0.00500009954 -0.144999996
2091 -0.125 -0.00500009954 -0.13499999
2092 -0.125 -0.00500009954 -0.125
2093 -0.125 -0.00500009954 -0.114999995
2094 -0.125 -0.00500009954 -0.104999997
2095 -0.125 -0.00500009954 -0.0949999988
2096 -0.125 -0.00500009954 -0.0850000009
2097 -0.114999995 -0.00500009954 -0.155000001
2098 -0.114999995 -0.00500009954 -0.144999996
2099 -0.114999995 -0.00500009954 -0.13499999
2100 -0.114999995 -0.00500009954 -0.125
2101 -0.114999995 -0.00500009954 -0.114999995
2102 -0.114999995 -0.00500009954 -0.104999997
2103 -0.114999995 -0.00500009954 -0.0949999988
2104 -0.114999995 -0.00500009954 -0.0850000009
2105 -0.104999997 -0.00500009954 -0.155000001
2106 -0.104999997 -0.00500009954 -0.144999996
2107 -0.104999997 -0.00500009954 -0.13499999
2108 -0.104999997 -0.00500009954 -0.125
2109 -0.104999997 -0.00500009954 -0.114999995
2110 -0.104999997 -0.00500009954 -0.104999997
2111 -0.104999997 -0.00500009954 -0.0949999988
2112 -0.104999997 -0.00500009954 -0.0850000009
2113 -0.0949999988 -0.00500009954 -0.155000001
2114 -0.0949999988 -0.00500009954 -0.144999996
2115 -0.0949999988 -0.00500009954 -0.13499999
2116 -0.0949999988 -0.00500009954 -0.125
2117 -0.0949999988 -0.00500009954 -0.114999995
2118 -0.0949999988 -0.00500009954 -0.104999997
2119 -0.0949999988 -0.00500009954 -0.0949999988
2120 -0.0949999988 -0.00500009954 -0.0850000009
2121 -0.0850000009 -0.00500009954 -0.155000001
2122 -0.0850000009 -0.00500009954 -0.144999996
2123 -0.0850000009 -0.00500009954 -0.13499999
2124 -0.0850000009 -0.00500009954 -0.125
2125 -0.0850000009 -0.00500009954 -0.114999995
2126 -0.0850000009 -0.00500009954 -0.104999997
2127 -0.0850000009 -0.00500009954 -0.0949999988
2128 -0.0850000009 -0.00500009954 -0.0850000009
2129 -0.155000001 -0.00500009954 -0.0749999955
2130 -0.155000001 -0.00500009954 -0.0649999976
2131 -0.155000001 -0.00500009954 -0.0549999997
2132 -0.155000001 -0.00500009954 -0.0449999981
2133 -0.155000001 -0.00500009954 -0.0350000001
2134 -0.155000001 -0.00500009954 -0.0249999985
2135 -0.155000001 -0.00500009954 -0.0149999997
2136 -0.155000001 -0.00500009954 -0.00499999989
2137 -0.144999996 -0.00500009954 -0.0749999955
2138 -0.144999996 -0.00500009954 -0.0649999976
2139 -0.144999996 -0.00500009954 -0.0549999997
2140 -0.144999996 -0.00500009954 -0.0449999981
2141 -0.144999996 -0.00500009954 -0.0350000001
2142 -0.144999996 -0.00500009954 -0.0249999985
2143 -0.144999996 -0.00500009954 -0.0149999997
2144 -0.144999996 -0.00500009954 -0.00499999989
2145 -0.13499999 -0.00500009954 -0.0749999955
2146 -0.13499999 -0.00500009954 -0.0649999976
2147 -0.13499999 -0.00500009954 -0.0549999997
2148 -0.13499999 -0.00500009954 -0.0449999981
2149 -0.13499999 -0.00500009954 -0.0350000001
2150 -0.13499999 -0.00500009954 -0.0249999985
2151 -0.13499999 -0.00500009954 -0.0149999997
2152 -0.13499999 -0.00500009954 -0.00499999989
2153 -0.125 -0.00500009954 -0.0749999955
2154 -0.125 -0.00500009954 -0.0649999976
2155 -0.125 -0.00500009954 -0.0549999997
2156 -0.125 -0.00500009954 -0.0449999981
2157 -0.125 -0.00500009954 -0.0350000001
2158 -0.125 -0.00500009954 -0.0249999985
2159 -0.125 -0.00500009954 -0.0149999997
2160 -0.125 -0.00500009954 -0.00499999989
2161 -0.114999995 -0.00500009954 -0.0749999955
2162 -0.114999995 -0.00500009954 -0.0649999976
2163 -0.114999995 -0.00500009954 -0.0549999997
2164 -0.114999995 -0.00500009954 -0.0449999981
2165 -0.114999995 -0.00500009954 -0.0350000001
2166 -0.114999995 -0.00500009954 -0.0249999985
2167 -0.114999995 -0.00500009954 -0.0149999997
2168 -0.114999995 -0.00500009954 -0.00499999989
2169 -0.104999997 -0.00500009954 -0.0749999955
2170 -0.104999997 -0.00500009954 -0.0649999976
2171 -0.104999997 -0.00500009954 -0.0549999997
2172 -0.104999997 -0.00500009954 -0.0449999981
2173 -0.104999997 -0.00500009954 -0.0350000001
2174 -0.104999997 -0.00500009954 -0.0249999985
2175 -0.104999997 -0.00500009954 -0.0149999997
2176 -0.104999997 -0.00500009954 -0.00499999989
2177 -0.0949999988 -0.00500009954 -0.0749999955
2178 -0.0949999988 -0.00500009954 -0.0649999976
2179 -0.0949999988 -0.00500009954 -0.0549999997
2180 -0.0949999988 -0.00500009954 -0.0449999981
2181 -0.0949999988 -0.00500009954 -0.0350000001
2182 -0.0949999988 -0.00500009954 -0.0249999985
2183 -0.0949999988 -0.00500009954 -0.0149999997
2184 -0.0949999988 -0.00500009954 -0.00499999989
2185 -0.0850000009 -0.00500009954 -0.0749999955
2186 -0.0850000009 -0.00500009954 -0.0649999976
2187 -0.0850000009 -0.00500009954 -0.0549999997
2188 -0.0850000009 -0.00500009954 -0.0449999981
2189 -0.0850000009 -0.00500009954 -0.0350000001
2190 -0.0850000009 -0.00500009954 -0.0249999985
2191 -0.0850000009 -0.00500009954 -0.0149999997
2192 -0.0850000009 -0.00500009954 -0.00499999989
2193 -0.0749999955 -9.96515155e-08 -0.50000006
2194 -0.0749999955 -0.00250014942 -0.494999975
2195 -0.0749999955 -0.00500009954 -0.484999985
2196 -0.0649999976 -9.96515155e-08 -0.50000006
2197 -0.0649999976 -0.00250014942 -0.494999975
2198 -0.0649999976 -0.00500009954 -0.484999985
2199 -0.0549999997 -9.96515155e-08 -0.50000006
2200 -0.0549999997 -0.00250014942 -0.494999975
2201 -0.0549999997 -0.00500009954 -0.484999985
2202 -0.0449999981 -9.96515155e-08 -0.50000006
2203 -0.0449999981 -0.00250014942 -0.494999975
2204 -0.0449999981 -0.00500009954 -0.484999985
2205 -0.0350000001 -9.96515155e-08 -0.50000006
2206 -0.0350000001 -0.00250014942 -0.494999975
2207 -0.0350000001 -0.00500009954 -0.484999985
2208 -0.0249999985 -9.96515155e-08 -0.50000006
2209 -0.0249999985 -0.00250014942 -0.494999975
2210 -0.0249999985 -0.00500009954 -0.484999985
2211 -0.0149999997 -9.96515155e-08 -0.50000006
2212 -0.0149999997 -0.00250014942 -0.494999975
2213 -0.0149999997 -0.00500009954 -0.484999985
2214 -0.00499999989 -9.96515155e-08 -0.50000006
2215 -0.00499999989 -0.00250014942 -0.494999975
2216 -0.00499999989 -0.00500009954 -0.484999985
2217 -0.0749999955 -0.00500009954 -0.474999994
2218 -0.0749999955 -0.00500009954 -0.465000004
2219 -0.0749999955 -0.00500009954 -0.454999983
2220 -0.0749999955 -0.00500009954 -0.444999993
2221 -0.0749999955 -0.00500009954 -0.435000002
2222 -0.0749999955 -0.00500009954 -0.424999982
2223 -0.0749999955 -0.00500009954 -0.414999992
2224 -0.0749999955 -0.00500009954 -0.405000001
2225 -0.0649999976 -0.00500009954 -0.474999994
2226 -0.0649999976 -0.00500009954 -0.465000004
2227 -0.0649999976 -0.00500009954 -0.454999983
2228 -0.0649999976 -0.00500009954 -0.444999993
2229 -0.0649999976 -0.00500009954 -0.435000002
2230 -0.0649999976 -0.00500009954 -0.424999982
2231 -0.0649999976 -0.00500009954 -0.414999992
2232 -0.0649999976 -0.00500009954 -0.405000001
2233 -0.0549999997 -0.00500009954 -0.474999994
2234 -0.0549999997 -0.00500009954 -0.465000004
2235 -0.0549999997 -0.00500009954 -0.454999983
2236 -0.0549999997 -0.00500009954 -0.444999993
2237 -0.0549999997 -0.00500009954 -0.435000002
2238 -0.0549999997 -0.00500009954 -0.424999982
2239 -0.0549999997 -0.00500009954 -0.414999992
2240 -0.0549999997 -0.00500009954 -0.405000001
2241 -0.0449999981 -0.00500009954 -0.474999994
2242 -0.0449999981 -0.00500009954 -0.465000004
2243 -0.0449999981 -0.00500009954 -0.454999983
2244 -0.0449999981 -0.00500009954 -0.444999993
2245 -0.0449999981 -0.00500009954 -0.435000002
2246 -0.0449999981 -0.00500009954 -0.424999982
2247 -0.0449999981 -0.00500009954 -0.414999992
2248 -0.0449999981 -0.00500009954 -0.405000001
2249 -0.0350000001 -0.00500009954 -0.474999994
2250 -0.0350000001 -0.00500009954 -0.465000004
2251 -0.0350000001 -0.00500009954 -0.454999983
2252 -0.0350000001 -0.00500009954 -0.444999993
2253 -0.0350000001 -0.00500009954 -0.435000002
2254 -0.0350000001 -0.00500009954 -0.424999982
2255 -0.0350000001 -0.00500009954 -0.414999992
2256 -0.0350000001 -0.00500009954 -0.405000001
2257 -0.0249999985 -0.00500009954 -0.474999994
2258 -0.0249999985 -0.00500009954 -0.465000004
2259 -0.0249999985 -0.00500009954 -0.454999983
2260 -0.0249999985 -0.00500009954 -0.444999993
2261 -0.0249999985 -0.00500009954 -0.435000002
2262 -0.0249999985 -0.00500009954 -0.424999982
2263 -0.0249999985 -0.00500009954 -0.414999992
2264 -0.0249999985 -0.00500009954 -0.405000001
2265 -0.0149999997 -0.00500009954 -0.474999994
2266 -0.0149999997 -0.00500009954 -0.465000004
2267 -0.0149999997 -0.00500009954 -0.454999983
2268 -0.0149999997 -0.00500009954 -0.444999993
2269 -0.0149999997 -0.00500009954 -0.435000002
2270 -0.0149999997 -0.00500009954 -0.424999982
2271 -0.0149999997 -0.00500009954 -0.414999992
2272 -0.0149999997 -0.00500009954 -0.405000001
2273 -0.00499999989 -0.00500009954 -0.474999994
2274 -0.00499999989 -0.00500009954 -0.465000004
2275 -0.00499999989 -0.00500009954 -0.454999983
2276 -0.00499999989 -0.00500009954 -0.444999993
2277 -0.00499999989 -0.00500009954 -0.435000002
2278 -0.00499999989 -0.00500009954 -0.424999982
2279 -0.00499999989 -0.00500009954 -0.414999992
2280 -0.00499999989 -0.00500009954 -0.405000001
2281 -0.0749999955 -0.00500009954 -0.394999981
2282 -0.0749999955 -0.00500009954 -0.38499999
2283 -0.0749999955 -0.00500009954 -0.375
2284 -0.0749999955 -0.00500009954 -0.36499998
2285 -0.0749999955 -0.00500009954 -0.354999989
2286 -0.0749999955 -0.00500009954 -0.344999999
2287 -0.0749999955 -0.00500009954 -0.334999979
2288 -0.0749999955 -0.00500009954 -0.324999988
2289 -0.0649999976 -0.00500009954 -0.394999981
2290 -0.0649999976 -0.00500009954 -0.38499999
2291 -0.0649999976 -0.00500009954 -0.375
2292 -0.0649999976 -0.00500009954 -0.36499998
2293 -0.0649999976 -0.00500009954 -0.354999989
2294 -0.0649999976 -0.00500009954 -0.344999999
2295 -0.0649999976 -0.00500009954 -0.334999979
2296 -0.0649999976 -0.00500009954 -0.324999988
2297 -0.0549999997 -0.00500009954 -0.394999981
2298 -0.0549999997 -0.00500009954 -0.38499999
2299 -0.0549999997 -0.00500009954 -0.375
2300 -0.0549999997 -0.00500009954 -0.36499998
2301 -0.0549999997 -0.00500009954 -0.354999989
2302 -0.0549999997 -0.00500009954 -0.344999999
2303 -0.0549999997 -0.00500009954 -0.334999979
2304 -0.0549999997 -0.00500009954 -0.324999988
2305 -0.0449999981 -0.00500009954 -0.394999981
2306 -0.0449999981 -0.00500009954 -0.38499999
2307 -0.0449999981 -0.00500009954 -0.375
2308 -0.0449999981 -0.00500009954 -0.36499998
2309 -0.0449999981 -0.00500009954 -0.354999989
2310 -0.0449999981 -0.00500009954 -0.344999999
2311 -0.0449999981 -0.00500009954 -0.334999979
2312 -0.0449999981 -0.00500009954 -0.324999988
2313 -0.0350000001 -0.00500009954 -0.394999981
2314 -0.0350000001 -0.00500009954 -0.38499999
2315 -0.0350000001 -0.00500009954 -0.375
2316 -0.0350000001 -0.00500009954 -0.36499998
2317 -0.0350000001 -0.00500009954 -0.354999989
2318 -0.0350000001 -0.00500009954 -0.344999999
2319 -0.0350000001 -0.00500009954 -0.334999979
2320 -0.0350000001 -0.00500009954 -0.324999988
2321 -0.0249999985 -0.00500009954 -0.394999981
2322 -0.0249999985 -0.00500009954 -0.38499999
2323 -0.0249999985 -0.00500009954 -0.375
2324 -0.0249999985 -0.00500009954 -0.36499998
2325 -0.0249999985 -0.00500009954 -0.354999989
2326 -0.0249999985 -0.00500009954 -0.344999999
2327 -0.0249999985 -0.00500009954 -0.334999979
2328 -0.0249999985 -0.00500009954 -0.324999988
2329 -0.0149999997 -0.00500009954 -0.394999981
2330 -0.0149999997 -0.00500009954 -0.38499999
2331 -0.0149999997 -0.00500009954 -0.375
2332 -0.0149999997 -0.00500009954 -0.36499998
2333 -0.0149999997 -0.00500009954 -0.354999989
2334 -0.0149999997 -0.00500009954 -0.344999999
2335 -0.0149999997 -0.00500009954 -0.334999979
2336 -0.0149999997 -0.00500009954 -0.324999988
2337 -0.00499999989 -0.00500009954 -0.394999981
2338 -0.00499999989 -0.00500009954 -0.38499999
2339 -0.00499999989 -0.00500009954 -0.375
2340 -0.00499999989 -0.00500009954 -0.36499998
2341 -0.00499999989 -0.00500009954 -0.354999989
2342 -0.00499999989 -0.00500009954 -0.344999999
2343 -0.00499999989 -0.00500009954 -0.334999979
2344 -0.00499999989 -0.00500009954 -0.324999988
2345 -0.0749999955 -0.00500009954 -0.314999998
2346 -0.0749999955 -0.00500009954 -0.305000007
2347 -0.0749999955 -0.00500009954 -0.294999987
2348 -0.0749999955 -0.00500009954 -0.284999996
2349 -0.0749999955 -0.00500009954 -0.275000006
2350 -0.0749999955 -0.00500009954 -0.264999986
2351 -0.0749999955 -0.00500009954 -0.254999995
2352 -0.0749999955 -0.00500009954 -0.24499999
2353 -0.0649999976 -0.00500009954 -0.314999998
2354 -0.0649999976 -0.00500009954 -0.305000007
2355 -0.0649999976 -0.00500009954 -0.294999987
2356 -0.0649999976 -0.00500009954 -0.284999996
2357 -0.0649999976 -0.00500009954 -0.275000006
2358 -0.0649999976 -0.00500009954 -0.264999986
2359 -0.0649999976 -0.00500009954 -0.254999995
2360 -0.0649999976 -0.00500009954 -0.24499999
2361 -0.0549999997 -0.00500009954 -0.314999998
2362 -0.0549999997 -0.00500009954 -0.305000007
2363 -0.0549999997 -0.00500009954 -0.294999987
2364 -0.0549999997 -0.00500009954 -0.284999996
2365 -0.0549999997 -0.00500009954 -0.275000006
2366 -0.0549999997 -0.00500009954 -0.264999986
2367 -0.0549999997 -0.00500009954 -0.254999995
2368 -0.0549999997 -0.00500009954 -0.24499999
2369 -0.0449999981 -0.00500009954 -0.314999998
2370 -0.0449999981 -0.00500009954 -0.305000007
2371 -0.0449999981 -0.00500009954 -0.294999987
2372 -0.0449999981 -0.00500009954 -0.284999996
2373 -0.0449999981 -0.00500009954 -0.275000006
2374 -0.0449999981 -0.00500009954 -0.264999986
2375 -0.0449999981 -0.00500009954 -0.254999995
2376 -0.0449999981 -0.00500009954 -0.24499999
2377 -0.0350000001 -0.00500009954 -0.314999998
2378 -0.0350000001 -0.00500009954 -0.305000007
2379 -0.0350000001 -0.00500009954 -0.294999987
2380 -0.0350000001 -0.00500009954 -0.284999996
2381 -0.0350000001 -0.00500009954 -0.275000006
2382 -0.0350000001 -0.00500009954 -0.264999986
2383 -0.0350000001 -0.00500009954 -0.254999995
2384 -0.0350000001 -0.00500009954 -0.24499999
2385 -0.0249999985 -0.00500009954 -0.314999998
2386 -0.0249999985 -0.00500009954 -0.305000007
2387 -0.0249999985 -0.00500009954 -0.294999987
2388 -0.0249999985 -0.00500009954 -0.284999996
2389 -0.0249999985 -0.00500009954 -0.275000006
2390 -0.0249999985 -0.00500009954 -0.264999986
2391 -0.0249999985 -0.00500009954 -0.254999995
2392 -0.0249999985 -0.00500009954 -0.24499999
2393 -0.0149999997 -0.00500009954 -0.314999998
2394 -0.0149999997 -0.00500009954 -0.305000007
2395 -0.0149999997 -0.00500009954 -0.294999987
2396 -0.0149999997 -0.00500009954 -0.284999996
2397 -0.0149999997 -0.00500009954 -0.275000006
2398 -0.0149999997 -0.00500009954 -0.264999986
2399 -0.0149999997 -0.00500009954 -0.254999995
2400 -0.0149999997 -0.00500009954 -0.24499999
2401 -0.00499999989 -0.00500009954 -0.314999998
2402 -0.00499999989 -0.00500009954 -0.305000007
2403 -0.00499999989 -0.00500009954 -0.294999987
2404 -0.00499999989 -0.00500009954 -0.284999996
2405 -0.00499999989 -0.00500009954 -0.275000006
2406 -0.00499999989 -0.00500009954 -0.264999986
2407 -0.00499999989 -0.00500009954 -0.254999995
2408 -0.00499999989 -0.00500009954 -0.24499999
2409 -0.0749999955 -0.00500009954 -0.234999999
2410 -0.0749999955 -0.00500009954 -0.224999994
2411 -0.0749999955 -0.00500009954 -0.214999989
2412 -0.0749999955 -0.00500009954 -0.204999998
2413 -0.0749999955 -0.00500009954 -0.194999993
2414 -0.0749999955 -0.00500009954 -0.185000002
2415 -0.0749999955 -0.00500009954 -0.174999997
2416 -0.0749999955 -0.00500009954 -0.164999992
2417 -0.0649999976 -0.00500009954 -0.234999999
2418 -0.0649999976 -0.00500009954 -0.224999994
2419 -0.0649999976 -0.00500009954 -0.214999989
2420 -0.0649999976 -0.00500009954 -0.204999998
2421 -0.0649999976 -0.00500009954 -0.194999993
2422 -0.0649999976 -0.00500009954 -0.185000002
2423 -0.0649999976 -0.00500009954 -0.174999997
2424 -0.0649999976 -0.00500009954 -0.164999992
2425 -0.0549999997 -0.00500009954 -0.234999999
2426 -0.0549999997 -0.00500009954 -0.224999994
2427 -0.0549999997 -0.00500009954 -0.214999989
2428 -0.0549999997 -0.00500009954 -0.204999998
2429 -0.0549999997 -0.00500009954 -0.194999993
2430 -0.0549999997 -0.00500009954 -0.185000002
2431 -0.0549999997 -0.00500009954 -0.174999997
2432 -0.0549999997 -0.00500009954 -0.164999992
2433 -0.0449999981 -0.00500009954 -0.234999999
2434 -0.0449999981 -0.00500009954 -0.224999994
2435 -0.0449999981 -0.00500009954 -0.214999989
2436 -0.0449999981 -0.00500009954 -0.204999998
2437 -0.0449999981 -0.00500009954 -0.194999993
2438 -0.0449999981 -0.00500009954 -0.185000002
2439 -0.0449999981 -0.00500009954 -0.174999997
2440 -0.0449999981 -0.00500009954 -0.164999992
2441 -0.0350000001 -0.00500009954 -0.234999999
2442 -0.0350000001 -0.00500009954 -0.224999994
2443 -0.0350000001 -0.00500009954 -0.214999989
2444 -0.0350000001 -0.00500009954 -0.204999998
2445 -0.0350000001 -0.00500009954 -0.194999993
2446 -0.0350000001 -0.00500009954 -0.185000002
2447 -0.0350000001 -0.00500009954 -0.174999997
2448 -0.0350000001 -0.00500009954 -0.164999992
2449 -0.0249999985 -0.00500009954 -0.234999999
2450 -0.0249999985 -0.00500009954 -0.224999994
2451 -0.0249999985 -0.00500009954 -0.214999989
2452 -0.0249999985 -0.00500009954 -0.204999998
2453 -0.0249999985 -0.00500009954 -0.194999993
2454 -0.0249999985 -0.00500009954 -0.185000002
2455 -0.0249999985 -0.00500009954 -0.174999997
2456 -0.0249999985 -0.00500009954 -0.164999992
2457 -0.0149999997 -0.00500009954 -0.234999999
2458 -0.0149999997 -0.00500009954 -0.224999994
2459 -0.0149999997 -0.00500009954 -0.214999989
2460 -0.0149999997 -0.00500009954 -0.204999998
2461 -0.0149999997 -0.00500009954 -0.194999993
2462 -0.0149999997 -0.00500009954 -0.185000002
2463 -0.0149999997 -0.00500009954 -0.174999997
2464 -0.0149999997 -0.00500009954 -0.164999992
2465 -0.00499999989 -0.00500009954 -0.234999999
2466 -0.00499999989 -0.00500009954 -0.224999994
2467 -0.00499999989 -0.00500009954 -0.214999989
2468 -0.00499999989 -0.00500009954 -0.204999998
2469 -0.00499999989 -0.00500009954 -0.194999993
2470 -0.00499999989 -0.00500009954 -0.185000002
2471 -0.00499999989 -0.00500009954 -0.174999997
2472 -0.00499999989 -0.00500009954 -0.164999992
2473 -0.0749999955 -0.00500009954 -0.155000001
2474 -0.0749999955 -0.00500009954 -0.144999996
2475 -0.0749999955 -0.00500009954 -0.13499999
2476 -0.0749999955 -0.00500009954 -0.125
2477 -0.0749999955 -0.00500009954 -0.114999995
2478 -0.0749999955 -0.00500009954 -0.104999997
2479 -0.0749999955 -0.00500009954 -0.0949999988
2480 -0.0749999955 -0.00500009954 -0.0850000009
2481 -0.0649999976 -0.00500009954 -0.155000001
2482 -0.0649999976 -0.00500009954 -0.144999996
2483 -0.0649999976 -0.00500009954 -0.13499999
2484 -0.0649999976 -0.00500009954 -0.125
2485 -0.0649999976 -0.00500009954 -0.114999995
2486 -0.0649999976 -0.00500009954 -0.104999997
2487 -0.0649999976 -0.00500009954 -0.0949999988
2488 -0.0649999976 -0.00500009954 -0.0850000009
2489 -0.0549999997 -0.00500009954 -0.155000001
2490 -0.0549999997 -0.00500009954 -0.144999996
2491 -0.0549999997 -0.00500009954 -0.13499999
2492 -0.0549999997 -0.00500009954 -0.125
2493 -0.0549999997 -0.00500009954 -0.114999995
2494 -0.0549999997 -0.00500009954 -0.104999997
2495 -0.0549999997 -0.00500009954 -0.0949999988
2496 -0.0549999997 -0.00500009954 -0.0850000009
2497 -0.0449999981 -0.00500009954 -0.155000001
2498 -0.0449999981 -0.00500009954 -0.144999996
2499 -0.0449999981 -0.00500009954 -0.13499999
2500 -0.0449999981 -0.00500009954 -0.125
2501 -0.0449999981 -0.00500009954 -0.114999995
2502 -0.0449999981 -0.00500009954 -0.104999997
2503 -0.0449999981 -0.00500009954 -0.0949999988
2504 -0.0449999981 -0.00500009954 -0.0850000009
2505 -0.0350000001 -0.00500009954 -0.155000001
2506 -0.0350000001 -0.00500009954 -0.144999996
2507 -0.0350000001 -0.00500009954 -0.13499999
2508 -0.0350000001 -0.00500009954 -0.125
2509 -0.0350000001 -0.00500009954 -0.114999995
2510 -0.0350000001 -0.00500009954 -0.104999997
2511 -0.0350000001 -0.00500009954 -0.0949999988
2512 -0.0350000001 -0.00500009954 -0.0850000009
2513 -0.0249999985 -0.00500009954 -0.155000001
2514 -0.0249999985 -0.00500009954 -0.144999996
2515 -0.0249999985 -0.00500009954 -0.13499999
2516 -0.0249999985 -0.00500009954 -0.125
2517 -0.0249999985 -0.00500009954 -0.114999995
2518 -0.0249999985 -0.00500009954 -0.104999997
2519 -0.0249999985 -0.00500009954 -0.0949999988
2520 -0.0249999985 -0.00500009954 -0.0850000009
2521 -0.0149999997 -0.00500009954 -0.155000001
2522 -0.0149999997 -0.00500009954 -0.144999996
2523 -0.0149999997 -0.00500009954 -0.13499999
2524 -0.0149999997 -0.00500009954 -0.125
2525 -0.0149999997 -0.00500009954 -0.114999995
2526 -0.0149999997 -0.00500009954 -0.104999997
2527 -0.0149999997 -0.00500009954 -0.0949999988
2528 -0.0149999997 -0.00500009954 -0.0850000009
2529 -0.00499999989 -0.00500009954 -0.155000001
2530 -0.00499999989 -0.00500009954 -0.144999996
2531 -0.00499999989 -0.00500009954 -0.13499999
2532 -0.00499999989 -0.00500009954 -0.125
2533 -0.00499999989 -0.00500009954 -0.114999995
2534 -0.00499999989 -0.00500009954 -0.104999997
2535 -0.00499999989 -0.00500009954 -0.0949999988
2536 -0.00499999989 -0.00500009954 -0.0850000009
2537 -0.0749999955 -0.00500009954 -0.0749999955
2538 -0.0749999955 -0.00500009954 -0.0649999976
2539 -0.0749999955 -0.00500009954 -0.0549999997
2540 -0.0749999955 -0.00500009954 -0.0449999981
2541 -0.0749999955 -0.00500009954 -0.0350000001
2542 -0.0749999955 -0.00500009954 -0.0249999985
2543 -0.0749999955 -0.00500009954 -0.0149999997
2544 -0.0749999955 -0.00500009954 -0.00499999989
2545 -0.0649999976 -0.00500009954 -0.0749999955
2546 -0.0649999976 -0.00500009954 -0.0649999976
2547 -0.0649999976 -0.00500009954 -0.0549999997
2548 -0.0649999976 -0.00500009954 -0.0449999981
2549 -0.0649999976 -0.00500009954 -0.0350000001
2550 -0.0649999976 -0.00500009954 -0.0249999985
2551 -0.0649999976 -0.00500009954 -0.0149999997
2552 -0.0649999976 -0.00500009954 -0.00499999989
2553 -0.0549999997 -0.00500009954 -0.0749999955
2554 -0.0549999997 -0.00500009954 -0.0649999976
2555 -0.0549999997 -0.00500009954 -0.0549999997
2556 -0.0549999997 -0.00500009954 -0.0449999981
2557 -0.0549999997 -0.00500009954 -0.0350000001
2558 -0.0549999997 -0.00500009954 -0.0249999985
2559 -0.0549999997 -0.00500009954 -0.0149999997
2560 -0.0549999997 -0.00500009954 -0.00499999989
2561 -0.0449999981 -0.00500009954 -0.0749999955
2562 -0.0449999981 -0.00500009954 -0.0649999976
2563 -0.0449999981 -0.00500009954 -0.0549999997
2564 -0.0449999981 -0.00500009954 -0.0449999981
2565 -0.0449999981 -0.00500009954 -0.0350000001
2566 -0.0449999981 -0.00500009954 -0.0249999985
2567 -0.0449999981 -0.00500009954 -0.0149999997
2568 -0.0449999981 -0.00500009954 -0.00499999989
2569 -0.0350000001 -0.00500009954 -0.0749999955
2570 -0.0350000001 -0.00500009954 -0.0649999976
2571 -0.0350000001 -0.00500009954 -0.0549999997
2572 -0.0350000001 -0.00500009954 -0.0449999981
2573 -0.0350000001 -0.00500009954 -0.0350000001
2574 -0.0350000001 -0.00500009954 -0.0249999985
2575 -0.0350000001 -0.00500009954 -0.0149999997
2576 -0.0350000001 -0.00500009954 -0.00499999989
2577 -0.0249999985 -0.00500009954 -0.0749999955
2578 -0.0249999985 -0.00500009954 -0.0649999976
2579 -0.0249999985 -0.00500009954 -0.0549999997
2580 -0.0249999985 -0.00500009954 -0.0449999981
2581 -0.0249999985 -0.00500009954 -0.0350000001
2582 -0.0249999985 -0.00500009954 -0.0249999985
2583 -0.0249999985 -0.00500009954 -0.0149999997
2584 -0.0249999985 -0.00500009954 -0.00499999989
2585 -0.0149999997 -0.00500009954 -0.0749999955
2586 -0.0149999997 -0.00500009954 -0.0649999976
2587 -0.0149999997 -0.00500009954 -0.0549999997
2588 -0.0149999997 -0.00500009954 -0.0449999981
2589 -0.0149999997 -0.00500009954 -0.0350000001
2590 -0.0149999997 -0.00500009954 -0.0249999985
2591 -0.0149999997 -0.00500009954 -0.0149999997
2592 -0.0149999997 -0.00500009954 -0.00499999989
2593 -0.00499999989 -0.00500009954 -0.0749999955
2594 -0.00499999989 -0.00500009954 -0.0649999976
2595 -0.00499999989 -0.00500009954 -0.0549999997
2596 -0.00499999989 -0.00500009954 -0.0449999981
2597 -0.00499999989 -0.00500009954 -0.0350000001
2598 -0.00499999989 -0.00500009954 -0.0249999985
2599 -0.00499999989 -0.00500009954 -0.0149999997
2600 -0.00499999989 -0.00500009954 -0.00499999989
2601 -0.50000006 -9.96515155e-08 0.00499999989
2602 -0.50000006 -9.96515155e-08 0.0149999997
2603 -0.50000006 -9.96515155e-08 0.0249999985
2604 -0.50000006 -9.96515155e-08 0.0350000001
2605 -0.50000006 -9.96515155e-08 0.0449999981
2606 -0.50000006 -9.96515155e-08 0.0549999997
2607 -0.50000006 -9.96515155e-08 0.0649999976
2608 -0.50000006 -9.96515155e-08 0.0749999955
2609 -0.494999975 -0.00250014942 0.00499999989
2610 -0.494999975 -0.00250014942 0.0149999997
2611 -0.494999975 -0.00250014942 0.0249999985
2612 -0.494999975 -0.00250014942 0.0350000001
2613 -0.494999975 -0.00250014942 0.0449999981
2614 -0.494999975 -0.00250014942 0.0549999997
2615 -0.494999975 -0.00250014942 0.0649999976
2616 -0.494999975 -0.00250014942 0.0749999955
2617 -0.484999985 -0.00500009954 0.00499999989
2618 -0.484999985 -0.00500009954 0.0149999997
2619 -0.484999985 -0.00500009954 0.0249999985
2620 -0.484999985 -0.00500009954 0.0350000001
2621 -0.484999985 -0.00500009954 0.0449999981
2622 -0.484999985 -0.00500009954 0.0549999997
2623 -0.484999985 -0.00500009954 0.0649999976
2624 -0.484999985 -0.00500009954 0.0749999955
2625 -0.50000006 -9.96515155e-08 0.0850000009
2626 -0.50000006 -9.96515155e-08 0.0949999988
2627 -0.50000006 -9.96515155e-08 0.104999997
2628 -0.50000006 -9.96515155e-08 0.114999995
2629 -0.50000006 -9.96515155e-08 0.125
2630 -0.50000006 -9.96515155e-08 0.13499999
2631 -0.50000006 -9.96515155e-08 0.144999996
2632 -0.50000006 -9.96515155e-08 0.155000001
2633 -0.494999975 -0.00250014942 0.0850000009
2634 -0.494999975 -0.00250014942 0.0949999988
2635 -0.494999975 -0.00250014942 0.104999997
2636 -0.494999975 -0.00250014942 0.114999995
2637 -0.494999975 -0.00250014942 0.125
2638 -0.494999975 -0.00250014942 0.13499999
2639 -0.494999975 -0.00250014942 0.144999996
2640 -0.494999975 -0.00250014942 0.155000001
2641 -0.484999985 -0.00500009954 0.0850000009
2642 -0.484999985 -0.00500009954 0.0949999988
2643 -0.484999985 -0.00500009954 0.104999997
2644 -0.484999985 -0.00500009954 0.114999995
2645 -0.484999985 -0.00500009954 0.125
2646 -0.484999985 -0.00500009954 0.13499999
2647 -0.484999985 -0.00500009954 0.144999996
2648 -0.484999985 -0.00500009954 0.155000001
2649 -0.50000006 -9.96515155e-08 0.164999992
2650 -0.50000006 -9.96515155e-08 0.174999997
2651 -0.50000006 -9.96515155e-08 0.185000002
2652 -0.50000006 -9.96515155e-08 0.194999993
2653 -0.50000006 -9.96515155e-08 0.204999998
2654 -0.50000006 -9.96515155e-08 0.214999989
2655 -0.50000006 -9.96515155e-08 0.224999994
2656 -0.50000006 -9.96515155e-08 0.234999999
2657 -0.494999975 -0.00250014942 0.164999992
2658 -0.494999975 -0.00250014942 0.174999997
2659 -0.494999975 -0.00250014942 0.185000002
2660 -0.494999975 -0.00250014942 0.194999993
2661 -0.494999975 -0.00250014942 0.204999998
2662 -0.494999975 -0.00250014942 0.214999989
2663 -0.494999975 -0.00250014942 0.224999994
2664 -0.494999975 -0.00250014942 0.234999999
2665 -0.484999985 -0.00500009954 0.164999992
2666 -0.484999985 -0.00500009954 0.174999997
2667 -0.484999985 -0.00500009954 0.185000002
2668 -0.484999985 -0.00500009954 0.194999993
2669 -0.484999985 -0.00500009954 0.204999998
2670 -0.484999985 -0.00500009954 0.214999989
2671 -0.484999985 -0.00500009954 0.224999994
2672 -0.484999985 -0.00500009954 0.234999999
2673 -0.50000006 -9.96515155e-08 0.24499999
2674 -0.50000006 -9.96515155e-08 0.254999995
2675 -0.50000006 -9.96515155e-08 0.264999986
2676 -0.50000006 -9.96515155e-08 0.275000006
2677 -0.50000006 -9.96515155e-08 0.284999996
2678 -0.50000006 -9.96515155e-08 0.294999987
2679 -0.50000006 -9.96515155e-08 0.305000007
2680 -0.50000006 -9.96515155e-08 0.314999998
2681 -0.494999975 -0.00250014942 0.24499999
2682 -0.494999975 -0.00250014942 0.254999995
2683 -0.494999975 -0.00250014942 0.264999986
2684 -0.494999975 -0.00250014942 0.275000006
2685 -0.494999975 -0.00250014942 0.284999996
2686 -0.494999975 -0.00250014942 0.294999987
2687 -0.494999975 -0.00250014942 0.305000007
2688 -0.494999975 -0.00250014942 0.314999998
2689 -0.484999985 -0.00500009954 0.24499999
2690 -0.484999985 -0.00500009954 0.254999995
2691 -0.484999985 -0.00500009954 0.264999986
2692 -0.484999985 -0.00500009954 0.275000006
2693 -0.484999985 -0.00500009954 0.284999996
2694 -0.484999985 -0.00500009954 0.294999987
2695 -0.484999985 -0.00500009954 0.305000007
2696 -0.484999985 -0.00500009954 0.314999998
2697 -0.50000006 -9.96515155e-08 0.324999988
2698 -0.50000006 -9.96515155e-08 0.334999979
2699 -0.50000006 -9.96515155e-08 0.344999999
2700 -0.50000006 -9.96515155e-08 0.354999989
2701 -0.50000006 -9.96515155e-08 0.36499998
2702 -0.50000006 -9.96515155e-08 0.375
2703 -0.50000006 -9.96515155e-08 0.38499999
2704 -0.50000006 -9.96515155e-08 0.394999981
2705 -0.494999975 -0.00250014942 0.324999988
2706 -0.494999975 -0.00250014942 0.334999979
2707 -0.494999975 -0.00250014942 0.344999999
2708 -0.494999975 -0.00250014942 0.354999989
2709 -0.494999975 -0.00250014942 0.36499998
2710 -0.494999975 -0.00250014942 0.375
2711 -0.494999975 -0.00250014942 0.38499999
2712 -0.494999975 -0.00250014942 0.394999981
2713 -0.484999985 -0.00500009954 0.324999988
2714 -0.484999985 -0.00500009954 0.334999979
2715 -0.484999985 -0.00500009954 0.344999999
2716 -0.484999985 -0.00500009954 0.354999989
2717 -0.484999985 -0.00500009954 0.36499998
2718 -0.484999985 -0.00500009954 0.375
2719 -0.484999985 -0.00500009954 0.38499999
2720 -0.484999985 -0.00500009954 0.394999981
2721 -0.50000006 -9.96515155e-08 0.405000001
2722 -0.50000006 -9.96515155e-08 0.414999992
2723 -0.50000006 -9.96515155e-08 0.424999982
2724 -0.50000006 -9.96515155e-08 0.435000002
2725 -0.50000006 -9.96515155e-08 0.444999993
2726 -0.50000006 -9.96515155e-08 0.454999983
2727 -0.50000006 -9.96515155e-08 0.465000004
2728 -0.50000006 -9.96515155e-08 0.474999994
2729 -0.494999975 -0.00250014942 0.405000001
2730 -0.494999975 -0.00250014942 0.414999992
2731 -0.494999975 -0.00250014942 0.424999982
2732 -0.494999975 -0.00250014942 0.435000002
2733 -0.494999975 -0.00250014942 0.444999993
2734 -0.494999975 -0.00250014942 0.454999983
2735 -0.494999975 -0.00250014942 0.465000004
2736 -0.494999975 -0.00250014942 0.474999994
2737 -0.484999985 -0.00500009954 0.405000001
2738 -0.484999985 -0.00500009954 0.414999992
2739 -0.484999985 -0.00500009954 0.424999982
2740 -0.484999985 -0.00500009954 0.435000002
2741 -0.484999985 -0.00500009954 0.444999993
2742 -0.484999985 -0.00500009954 0.454999983
2743 -0.484999985 -0.00500009954 0.465000004
2744 -0.484999985 -0.00500009954 0.474999994
2745 -0.50000006 -9.96515155e-08 0.484999985
2746 -0.50000006 -9.96515155e-08 0.494999975
2747 -0.5 -6.6434346e-08 0.5
2748 -0.494999975 -0.00250014942 0.484999985
2749 -0.494999975 -0.00125017436 0.494999975
2750 -0.494999975 -9.96515155e-08 0.50000006
2751 -0.484999985 -0.00500009954 0.484999985
2752 -0.484999985 -0.00250014942 0.494999975
2753 -0.484999985 -9.96515155e-08 0.50000006
2754 -0.474999994 -0.00500009954 0.00499999989
2755 -0.474999994 -0.00500009954 0.0149999997
2756 -0.474999994 -0.00500009954 0.0249999985
2757 -0.474999994 -0.00500009954 0.0350000001
2758 -0.474999994 -0.00500009954 0.0449999981
2759 -0.474999994 -0.00500009954 0.0549999997
2760 -0.474999994 -0.00500009954 0.0649999976
2761 -0.474999994 -0.00500009954 0.0749999955
2762 -0.465000004 -0.00500009954 0.00499999989
2763 -0.465000004 -0.00500009954 0.0149999997
2764 -0.465000004 -0.00500009954 0.0249999985
2765 -0.465000004 -0.00500009954 0.0350000001
2766 -0.465000004 -0.00500009954 0.0449999981
2767 -0.465000004 -0.00500009954 0.0549999997
2768 -0.465000004 -0.00500009954 0.0649999976
2769 -0.465000004 -0.00500009954 0.0749999955
2770 -0.454999983 -0.00500009954 0.00499999989
2771 -0.454999983 -0.00500009954 0.0149999997
2772 -0.454999983 -0.00500009954 0.0249999985
2773 -0.454999983 -0.00500009954 0.0350000001
2774 -0.454999983 -0.00500009954 0.0449999981
2775 -0.454999983 -0.00500009954 0.0549999997
2776 -0.454999983 -0.00500009954 0.0649999976
2777 -0.454999983 -0.00500009954 0.0749999955
2778 -0.444999993 -0.00500009954 0.00499999989
2779 -0.444999993 -0.00500009954 0.0149999997
2780 -0.444999993 -0.00500009954 0.0249999985
2781 -0.444999993 -0.00500009954 0.0350000001
2782 -0.444999993 -0.00500009954 0.0449999981
2783 -0.444999993 -0.00500009954 0.0549999997
2784 -0.444999993 -0.00500009954 0.0649999976
2785 -0.444999993 -0.00500009954 0.0749999955
2786 -0.435000002 -0.00500009954 0.00499999989
2787 -0.435000002 -0.00500009954 0.0149999997
2788 -0.435000002 -0.00500009954 0.0249999985
2789 -0.435000002 -0.00500009954 0.0350000001
2790 -0.435000002 -0.00500009954 0.0449999981
2791 -0.435000002 -0.00500009954 0.0549999997
2792 -0.435000002 -0.00500009954 0.0649999976
2793 -0.435000002 -0.00500009954 0.0749999955
2794 -0.424999982 -0.00500009954 0.00499999989
2795 -0.424999982 -0.00500009954 0.0149999997
2796 -0.424999982 -0.00500009954 0.0249999985
2797 -0.424999982 -0.00500009954 0.0350000001
2798 -0.424999982 -0.00500009954 0.0449999981
2799 -0.424999982 -0.00500009954 0.0549999997
2800 -0.424999982 -0.00500009954 0.0649999976
2801 -0.424999982 -0.00500009954 0.0749999955
2802 -0.414999992 -0.00500009954 0.00499999989
2803 -0.414999992 -0.00500009954 0.0149999997
2804 -0.414999992 -0.00500009954 0.0249999985
2805 -0.414999992 -0.00500009954 0.0350000001
2806 -0.414999992 -0.00500009954 0.0449999981
2807 -0.414999992 -0.00500009954 0.0549999997
2808 -0.414999992 -0.00500009954 0.0649999976
2809 -0.414999992 -0.00500009954 0.0749999955
2810 -0.405000001 -0.00500009954 0.00499999989
2811 -0.405000001 -0.00500009954 0.0149999997
2812 -0.405000001 -0.00500009954 0.0249999985
2813 -0.405000001 -0.00500009954 0.0350000001
2814 -0.405000001 -0.00500009954 0.0449999981
2815 -0.405000001 -0.00500009954 0.0549999997
2816 -0.405000001 -0.00500009954 0.0649999976
2817 -0.405000001 -0.00500009954 0.0749999955
2818 -0.474999994 -0.00500009954 0.0850000009
2819 -0.474999994 -0.00500009954 0.0949999988
2820 -0.474999994 -0.00500009954 0.104999997
2821 -0.474999994 -0.00500009954 0.114999995
2822 -0.474999994 -0.00500009954 0.125
2823 -0.474999994 -0.00500009954 0.13499999
2824 -0.474999994 -0.00500009954 0.144999996
2825 -0.474999994 -0.00500009954 0.155000001
2826 -0.465000004 -0.00500009954 0.0850000009
2827 -0.465000004 -0.00500009954 0.0949999988
2828 -0.465000004 -0.00500009954 0.104999997
2829 -0.465000004 -0.00500009954 0.114999995
2830 -0.465000004 -0.00500009954 0.125
2831 -0.465000004 -0.00500009954 0.13499999
2832 -0.465000004 -0.00500009954 0.144999996
2833 -0.465000004 -0.00500009954 0.155000001
2834 -0.454999983 -0.00500009954 0.0850000009
2835 -0.454999983 -0.00500009954 0.0949999988
2836 -0.454999983 -0.00500009954 0.104999997
2837 -0.454999983 -0.00500009954 0.114999995
2838 -0.454999983 -0.00500009954 0.125
2839 -0.454999983 -0.00500009954 0.13499999
2840 -0.454999983 -0.00500009954 0.144999996
2841 -0.454999983 -0.00500009954 0.155000001
2842 -0.444999993 -0.00500009954 0.0850000009
2843 -0.444999993 -0.00500009954 0.0949999988
2844 -0.444999993 -0.00500009954 0.104999997
2845 -0.444999993 -0.00500009954 0.114999995
2846 -0.444999993 -0.00500009954 0.125
2847 -0.444999993 -0.00500009954 0.13499999
2848 -0.444999993 -0.00500009954 0.144999996
2849 -0.444999993 -0.00500009954 0.155000001
2850 -0.435000002 -0.00500009954 0.0850000009
2851 -0.435000002 -0.00500009954 0.0949999988
2852 -0.435000002 -0.00500009954 0.104999997
2853 -0.435000002 -0.00500009954 0.114999995
2854 -0.435000002 -0.00500009954 0.125
2855 -0.435000002 -0.00500009954 0.13499999
2856 -0.435000002 -0.00500009954 0.144999996
2857 -0.435000002 -0.00500009954 0.155000001
2858 -0.424999982 -0.00500009954 0.0850000009
2859 -0.424999982 -0.00500009954 0.0949999988
2860 -0.424999982 -0.00500009954 0.104999997
2861 -0.424999982 -0.00500009954 0.114999995
2862 -0.424999982 -0.00500009954 0.125
2863 -0.424999982 -0.00500009954 0.13499999
2864 -0.424999982 -0.00500009954 0.144999996
2865 -0.424999982 -0.00500009954 0.155000001
2866 -0.414999992 -0.00500009954 0.0850000009
2867 -0.414999992 -0.00500009954 0.0949999988
2868 -0.414999992 -0.00500009954 0.104999997
2869 -0.414999992 -0.00500009954 0.114999995
2870 -0.414999992 -0.00500009954 0.125
2871 -0.414999992 -0.00500009954 0.13499999
2872 -0.414999992 -0.00500009954 0.144999996
2873 -0.414999992 -0.00500009954 0.155000001
2874 -0.405000001 -0.00500009954 0.0850000009
2875 -0.405000001 -0.00500009954 0.0949999988
2876 -0.405000001 -0.00500009954 0.104999997
2877 -0.405000001 -0.00500009954 0.114999995
2878 -0.405000001 -0.00500009954 0.125
2879 -0.405000001 -0.00500009954 0.13499999
2880 -0.405000001 -0.00500009954 0.144999996
2881 -0.405000001 -0.00500009954 0.155000001
2882 -0.474999994 -0.00500009954 0.164999992
2883 -0.474999994 -0.00500009954 0.174999997
2884 -0.474999994 -0.00500009954 0.185000002
2885 -0.474999994 -0.00500009954 0.194999993
2886 -0.474999994 -0.00500009954 0.204999998
2887 -0.474999994 -0.00500009954 0.214999989
2888 -0.474999994 -0.00500009954 0.224999994
2889 -0.474999994 -0.00500009954 0.234999999
2890 -0.465000004 -0.00500009954 0.164999992
2891 -0.465000004 -0.00500009954 0.174999997
2892 -0.465000004 -0.00500009954 0.185000002
2893 -0.465000004 -0.00500009954 0.194999993
2894 -0.465000004 -0.00500009954 0.204999998
2895 -0.465000004 -0.00500009954 0.214999989
2896 -0.465000004 -0.00500009954 0.224999994
2897 -0.465000004 -0.00500009954 0.234999999
2898 -0.454999983 -0.00500009954 0.164999992
2899 -0.454999983 -0.00500009954 0.174999997
2900 -0.454999983 -0.00500009954 0.185000002
2901 -0.454999983 -0.00500009954 0.194999993
2902 -0.454999983 -0.00500009954 0.204999998
2903 -0.454999983 -0.00500009954 0.214999989
2904 -0.454999983 -0.00500009954 0.224999994
2905 -0.454999983 -0.00500009954 0.234999999
2906 -0.444999993 -0.00500009954 0.164999992
2907 -0.444999993 -0.00500009954 0.174999997
2908 -0.444999993 -0.00500009954 0.185000002
2909 -0.444999993 -0.00500009954 0.194999993
2910 -0.444999993 -0.00500009954 0.204999998
2911 -0.444999993 -0.00500009954 0.214999989
2912 -0.444999993 -0.00500009954 0.224999994
2913 -0.444999993 -0.00500009954 0.234999999
2914 -0.435000002 -0.00500009954 0.164999992
2915 -0.435000002 -0.00500009954 0.174999997
2916 -0.435000002 -0.00500009954 0.185000002
2917 -0.435000002 -0.00500009954 0.194999993
2918 -0.435000002 -0.00500009954 0.204999998
2919 -0.435000002 -0.00500009954 0.214999989
2920 -0.435000002 -0.00500009954 0.224999994
2921 -0.435000002 -0.00500009954 0.234999999
2922 -0.424999982 -0.00500009954 0.164999992
2923 -0.424999982 -0.00500009954 0.174999997
2924 -0.424999982 -0.00500009954 0.185000002
2925 -0.424999982 -0.00500009954 0.194999993
2926 -0.424999982 -0.00500009954 0.204999998
2927 -0.424999982 -0.00500009954 0.214999989
2928 -0.424999982 -0.00500009954 0.224999994
2929 -0.424999982 -0.00500009954 0.234999999
2930 -0.414999992 -0.00500009954 0.164999992
2931 -0.414999992 -0.00500009954 0.174999997
2932 -0.414999992 -0.00500009954 0.185000002
2933 -0.414999992 -0.00500009954 0.194999993
2934 -0.414999992 -0.00500009954 0.204999998
2935 -0.414999992 -0.00500009954 0.214999989
2936 -0.414999992 -0.00500009954 0.224999994
2937 -0.414999992 -0.00500009954 0.234999999
2938 -0.405000001 -0.00500009954 0.164999992
2939 -0.405000001 -0.00500009954 0.174999997
2940 -0.405000001 -0.00500009954 0.185000002
2941 -0.405000001 -0.00500009954 0.194999993
2942 -0.405000001 -0.00500009954 0.204999998
2943 -0.405000001 -0.00500009954 0.214999989
2944 -0.405000001 -0.00500009954 0.224999994
2945 -0.405000001 -0.00500009954 0.234999999
2946 -0.474999994 -0.00500009954 0.24499999
2947 -0.474999994 -0.00500009954 0.254999995
2948 -0.474999994 -0.00500009954 0.264999986
2949 -0.474999994 -0.00500009954 0.275000006
2950 -0.474999994 -0.00500009954 0.284999996
2951 -0.474999994 -0.00500009954 0.294999987
2952 -0.474999994 -0.00500009954 0.305000007
2953 -0.474999994 -0.00500009954 0.314999998
2954 -0.465000004 -0.00500009954 0.24499999
2955 -0.465000004 -0.00500009954 0.254999995
2956 -0.465000004 -0.00500009954 0.264999986
2957 -0.465000004 -0.00500009954 0.275000006
2958 -0.465000004 -0.00500009954 0.284999996
2959 -0.465000004 -0.00500009954 0.294999987
2960 -0.465000004 -0.00500009954 0.305000007
2961 -0.465000004 -0.00500009954 0.314999998
2962 -0.454999983 -0.00500009954 0.24499999
2963 -0.454999983 -0.00500009954 0.254999995
2964 -0.454999983 -0.00500009954 0.264999986
2965 -0.454999983 -0.00500009954 0.275000006
2966 -0.454999983 -0.00500009954 0.284999996
2967 -0.454999983 -0.00500009954 0.294999987
2968 -0.454999983 -0.00500009954 0.305000007
2969 -0.454999983 -0.00500009954 0.314999998
2970 -0.444999993 -0.00500009954 0.24499999
2971 -0.444999993 -0.00500009954 0.254999995
2972 -0.444999993 -0.00500009954 0.264999986
2973 -0.444999993 -0.00500009954 0.275000006
2974 -0.444999993 -0.00500009954 0.284999996
2975 -0.444999993 -0.00500009954 0.294999987
2976 -0.444999993 -0.00500009954 0.305000007
2977 -0.444999993 -0.00500009954 0.314999998
2978 -0.435000002 -0.00500009954 0.24499999
2979 -0.435000002 -0.00500009954 0.254999995
2980 -0.435000002 -0.00500009954 0.264999986
2981 -0.435000002 -0.00500009954 0.275000006
2982 -0.435000002 -0.00500009954 0.284999996
2983 -0.435000002 -0.00500009954 0.294999987
2984 -0.435000002 -0.00500009954 0.305000007
2985 -0.435000002 -0.00500009954 0.314999998
2986 -0.424999982 -0.00500009954 0.24499999
2987 -0.424999982 -0.00500009954 0.254999995
2988 -0.424999982 -0.00500009954 0.264999986
2989 -0.424999982 -0.00500009954 0.275000006
2990 -0.424999982 -0.00500009954 0.284999996
2991 -0.424999982 -0.00500009954 0.294999987
2992 -0.424999982 -0.00500009954 0.305000007
2993 -0.424999982 -0.00500009954 0.314999998
2994 -0.414999992 -0.00500009954 0.24499999
2995 -0.414999992 -0.00500009954 0.254999995
2996 -0.414999992 -0.00500009954 0.264999986
2997 -0.414999992 -0.00500009954 0.275000006
2998 -0.414999992 -0.00500009954 0.284999996
2999 -0.414999992 -0.00500009954 0.294999987
3000 -0.414999992 -0.00500009954 0.305000007
3001 -0.414999992 -0.00500009954 0.314999998
3002 -0.405000001 -0.00500009954 0.24499999
3003 -0.405000001 -0.00500009954 0.254999995
3004 -0.405000001 -0.00500009954 0.264999986
3005 -0.405000001 -0.00500009954 0.275000006
3006 -0.405000001 -0.00500009954 0.284999996
3007 -0.405000001 -0.00500009954 0.294999987
3008 -0.405000001 -0.00500009954 0.305000007
3009 -0.405000001 -0.00500009954 0.314999998
3010 -0.474999994 -0.00500009954 0.324999988
3011 -0.474999994 -0.00500009954 0.334999979
3012 -0.474999994 -0.00500009954 0.344999999
3013 -0.474999994 -0.00500009954 0.354999989
3014 -0.474999994 -0.00500009954 0.36499998
3015 -0.474999994 -0.00500009954 0.375
3016 -0.474999994 -0.00500009954 0.38499999
3017 -0.474999994 -0.00500009954 0.394999981
3018 -0.465000004 -0.00500009954 0.324999988
3019 -0.465000004 -0.00500009954 0.334999979
3020 -0.465000004 -0.00500009954 0.344999999
3021 -0.465000004 -0.00500009954 0.354999989
3022 -0.465000004 -0.00500009954 0.36499998
3023 -0.465000004 -0.00500009954 0.375
3024 -0.465000004 -0.00500009954 0.38499999
3025 -0.465000004 -0.00500009954 0.394999981
3026 -0.454999983 -0.00500009954 0.324999988
3027 -0.454999983 -0.00500009954 0.334999979
3028 -0.454999983 -0.00500009954 0.344999999
3029 -0.454999983 -0.00500009954 0.354999989
3030 -0.454999983 -0.00500009954 0.36499998
3031 -0.454999983 -0.00500009954 0.375
3032 -0.454999983 -0.00500009954 0.38499999
3033 -0.454999983 -0.00500009954 0.394999981
3034 -0.444999993 -0.00500009954 0.324999988
3035 -0.444999993 -0.00500009954 0.334999979
3036 -0.444999993 -0.00500009954 0.344999999
3037 -0.444999993 -0.00500009954 0.354999989
3038 -0.444999993 -0.00500009954 0.36499998
3039 -0.444999993 -0.00500009954 0.375
3040 -0.444999993 -0.00500009954 0.38499999
3041 -0.444999993 -0.00500009954 0.394999981
3042 -0.435000002 -0.00500009954 0.324999988
3043 -0.435000002 -0.00500009954 0.334999979
3044 -0.435000002 -0.00500009954 0.344999999
3045 -0.435000002 -0.00500009954 0.354999989
3046 -0.435000002 -0.00500009954 0.36499998
3047 -0.435000002 -0.00500009954 0.375
3048 -0.435000002 -0.00500009954 0.38499999
3049 -0.435000002 -0.00500009954 0.394999981
3050 -0.424999982 -0.00500009954 0.324999988
3051 -0.424999982 -0.00500009954 0.334999979
3052 -0.424999982 -0.00500009954 0.344999999
3053 -0.424999982 -0.00500009954 0.354999989
3054 -0.424999982 -0.00500009954 0.36499998
3055 -0.424999982 -0.00500009954 0.375
3056 -0.424999982 -0.00500009954 0.38499999
3057 -0.424999982 -0.00500009954 0.394999981
3058 -0.414999992 -0.00500009954 0.324999988
3059 -0.414999992 -0.00500009954 0.334999979
3060 -0.414999992 -0.00500009954 0.344999999
3061 -0.414999992 -0.00500009954 0.354999989
3062 -0.414999992 -0.00500009954 0.36499998
3063 -0.414999992 -0.00500009954 0.375
3064 -0.414999992 -0.00500009954 0.38499999
3065 -0.414999992 -0.00500009954 0.394999981
3066 -0.405000001 -0.00500009954 0.324999988
3067 -0.405000001 -0.00500009954 0.334999979
3068 -0.405000001 -0.00500009954 0.344999999
3069 -0.405000001 -0.00500009954 0.354999989
3070 -0.405000001 -0.00500009954 0.36499998
3071 -0.405000001 -0.00500009954 0.375
3072 -0.405000001 -0.00500009954 0.38499999
3073 -0.405000001 -0.00500009954 0.394999981
3074 -0.474999994 -0.00500009954 0.405000001
3075 -0.474999994 -0.00500009954 0.414999992
3076 -0.474999994 -0.00500009954 0.424999982
3077 -0.474999994 -0.00500009954 0.435000002
3078 -0.474999994 -0.00500009954 0.444999993
3079 -0.474999994 -0.00500009954 0.454999983
3080 -0.474999994 -0.00500009954 0.465000004
3081 -0.474999994 -0.00500009954 0.474999994
3082 -0.465000004 -0.00500009954 0.405000001
3083 -0.465000004 -0.00500009954 0.414999992
3084 -0.465000004 -0.00500009954 0.424999982
3085 -0.465000004 -0.00500009954 0.435000002
3086 -0.465000004 -0.00500009954 0.444999993
3087 -0.465000004 -0.00500009954 0.454999983
3088 -0.465000004 -0.00500009954 0.465000004
3089 -0.465000004 -0.00500009954 0.474999994
3090 -0.454999983 -0.00500009954 0.405000001
3091 -0.454999983 -0.00500009954 0.414999992
3092 -0.454999983 -0.00500009954 0.424999982
3093 -0.454999983 -0.00500009954 0.435000002
3094 -0.454999983 -0.00500009954 0.444999993
3095 -0.454999983 -0.00500009954 0.454999983
3096 -0.454999983 -0.00500009954 0.465000004
3097 -0.454999983 -0.00500009954 0.474999994
3098 -0.444999993 -0.00500009954 0.405000001
3099 -0.444999993 -0.00500009954 0.414999992
3100 -0.444999993 -0.00500009954 0.424999982
3101 -0.444999993 -0.00500009954 0.435000002
3102 -0.444999993 -0.00500009954 0.444999993
3103 -0.444999993 -0.00500009954 0.454999983
3104 -0.444999993 -0.00500009954 0.465000004
3105 -0.444999993 -0.00500009954 0.474999994
3106 -0.435000002 -0.00500009954 0.405000001
3107 -0.435000002 -0.00500009954 0.414999992
3108 -0.435000002 -0.00500009954 0.424999982
3109 -0.435000002 -0.00500009954 0.435000002
3110 -0.435000002 -0.00500009954 0.444999993
3111 -0.435000002 -0.00500009954 0.454999983
3112 -0.435000002 -0.00500009954 0.465000004
3113 -0.435000002 -0.00500009954 0.474999994
3114 -0.424999982 -0.00500009954 0.405000001
3115 -0.424999982 -0.00500009954 0.414999992
3116 -0.424999982 -0.00500009954 0.424999982
3117 -0.424999982 -0.00500009954 0.435000002
3118 -0.424999982 -0.00500009954 0.444999993
3119 -0.424999982 -0.00500009954 0.454999983
3120 -0.424999982 -0.00500009954 0.465000004
3121 -0.424999982 -0.00500009954 0.474999994
3122 -0.414999992 -0.00500009954 0.405000001
3123 -0.414999992 -0.00500009954 0.414999992
3124 -0.414999992 -0.00500009954 0.424999982
3125 -0.414999992 -0.00500009954 0.435000002
3126 -0.414999992 -0.00500009954 0.444999993
3127 -0.414999992 -0.00500009954 0.454999983
3128 -0.414999992 -0.00500009954 0.465000004
3129 -0.414999992 -0.00500009954 0.474999994
3130 -0.405000001 -0.00500009954 0.405000001
3131 -0.405000001 -0.00500009954 0.414999992
3132 -0.405000001 -0.00500009954 0.424999982
3133 -0.405000001 -0.00500009954 0.435000002
3134 -0.405000001 -0.00500009954 0.444999993
3135 -0.405000001 -0.00500009954 0.454999983
3136 -0.405000001 -0.00500009954 0.465000004
3137 -0.405000001 -0.00500009954 0.474999994
3138 -0.474999994 -0.00500009954 0.484999985
3139 -0.474999994 -0.00250014942 0.494999975
3140 -0.474999994 -9.96515155e-08 0.50000006
3141 -0.465000004 -0.00500009954 0.484999985
3142 -0.465000004 -0.00250014942 0.494999975
3143 -0.465000004 -9.96515155e-08 0.50000006
3144 -0.454999983 -0.00500009954 0.484999985
3145 -0.454999983 -0.00250014942 0.494999975
3146 -0.454999983 -9.96515155e-08 0.50000006
3147 -0.444999993 -0.00500009954 0.484999985
3148 -0.444999993 -0.00250014942 0.494999975
3149 -0.444999993 -9.96515155e-08 0.50000006
3150 -0.435000002 -0.00500009954 0.484999985
3151 -0.435000002 -0.00250014942 0.494999975
3152 -0.435000002 -9.96515155e-08 0.50000006
3153 -0.424999982 -0.00500009954 0.484999985
3154 -0.424999982 -0.00250014942 0.494999975
3155 -0.424999982 -9.96515155e-08 0.50000006
3156 -0.414999992 -0.00500009954 0.484999985
3157 -0.414999992 -0.00250014942 0.494999975
3158 -0.414999992 -9.96515155e-08 0.50000006
3159 -0.405000001 -0.00500009954 0.484999985
3160 -0.405000001 -0.00250014942 0.494999975
3161 -0.405000001 -9.96515155e-08 0.50000006
3162 -0.394999981 -0.00500009954 0.00499999989
3163 -0.394999981 -0.00500009954 0.0149999997
3164 -0.394999981 -0.00500009954 0.0249999985
3165 -0.394999981 -0.00500009954 0.0350000001
3166 -0.394999981 -0.00500009954 0.0449999981
3167 -0.394999981 -0.00500009954 0.0549999997
3168 -0.394999981 -0.00500009954 0.0649999976
3169 -0.394999981 -0.00500009954 0.0749999955
3170 -0.38499999 -0.00500009954 0.00499999989
3171 -0.38499999 -0.00500009954 0.0149999997
3172 -0.38499999 -0.00500009954 0.0249999985
3173 -0.38499999 -0.00500009954 0.0350000001
3174 -0.38499999 -0.00500009954 0.0449999981
3175 -0.38499999 -0.00500009954 0.0549999997
3176 -0.38499999 -0.00500009954 0.0649999976
3177 -0.38499999 -0.00500009954 0.0749999955
3178 -0.375 -0.00500009954 0.00499999989
3179 -0.375 -0.00500009954 0.0149999997
3180 -0.375 -0.00500009954 0.0249999985
3181 -0.375 -0.00500009954 0.0350000001
3182 -0.375 -0.00500009954 0.0449999981
3183 -0.375 -0.00500009954 0.0549999997
3184 -0.375 -0.00500009954 0.0649999976
3185 -0.375 -0.00500009954 0.0749999955
3186 -0.36499998 -0.00500009954 0.00499999989
3187 -0.36499998 -0.00500009954 0.0149999997
3188 -0.36499998 -0.00500009954 0.0249999985
3189 -0.36499998 -0.00500009954 0.0350000001
3190 -0.36499998 -0.00500009954 0.0449999981
3191 -0.36499998 -0.00500009954 0.0549999997
3192 -0.36499998 -0.00500009954 0.0649999976
3193 -0.36499998 -0.00500009954 0.0749999955
3194 -0.354999989 -0.00500009954 0.00499999989
3195 -0.354999989 -0.00500009954 0.0149999997
3196 -0.354999989 -0.00500009954 0.0249999985
3197 -0.354999989 -0.00500009954 0.0350000001
3198 -0.354999989 -0.00500009954 0.0449999981
3199 -0.354999989 -0.00500009954 0.0549999997
3200 -0.354999989 -0.00500009954 0.0649999976
3201 -0.354999989 -0.00500009954 0.0749999955
3202 -0.344999999 -0.00500009954 0.00499999989
3203 -0.344999999 -0.00500009954 0.0149999997
3204 -0.344999999 -0.00500009954 0.0249999985
3205 -0.344999999 -0.00500009954 0.0350000001
3206 -0.344999999 -0.00500009954 0.0449999981
3207 -0.344999999 -0.00500009954 0.0549999997
3208 -0.344999999 -0.00500009954 0.0649999976
3209 -0.344999999 -0.00500009954 0.0749999955
3210 -0.334999979 -0.00500009954 0.00499999989
3211 -0.334999979 -0.00500009954 0.0149999997
3212 -0.334999979 -0.00500009954 0.0249999985
3213 -0.334999979 -0.00500009954 0.0350000001
3214 -0.334999979 -0.00500009954 0.0449999981
3215 -0.334999979 -0.00500009954 0.0549999997
3216 -0.334999979 -0.00500009954 0.0649999976
3217 -0.334999979 -0.00500009954 0.0749999955
3218 -0.324999988 -0.00500009954 0.00499999989
3219 -0.324999988 -0.00500009954 0.0149999997
3220 -0.324999988 -0.00500009954 0.0249999985
3221 -0.324999988 -0.00500009954 0.0350000001
3222 -0.324999988 -0.00500009954 0.0449999981
3223 -0.324999988 -0.00500009954 0.0549999997
3224 -0.324999988 -0.00500009954 0.0649999976
3225 -0.324999988 -0.00500009954 0.0749999955
3226 -0.394999981 -0.00500009954 0.0850000009
3227 -0.394999981 -0.00500009954 0.0949999988
3228 -0.394999981 -0.00500009954 0.104999997
3229 -0.394999981 -0.00500009954 0.114999995
3230 -0.394999981 -0.00500009954 0.125
3231 -0.394999981 -0.00500009954 0.13499999
3232 -0.394999981 -0.00500009954 0.144999996
3233 -0.394999981 -0.00500009954 0.155000001
3234 -0.38499999 -0.00500009954 0.0850000009
3235 -0.38499999 -0.00500009954 0.0949999988
3236 -0.38499999 -0.00500009954 0.104999997
3237 -0.38499999 -0.00500009954 0.114999995
3238 -0.38499999 -0.00500009954 0.125
3239 -0.38499999 -0.00500009954 0.13499999
3240 -0.38499999 -0.00500009954 0.144999996
3241 -0.38499999 -0.00500009954 0.155000001
3242 -0.375 -0.00500009954 0.0850000009
3243 -0.375 -0.00500009954 0.0949999988
3244 -0.375 -0.00500009954 0.104999997
3245 -0.375 -0.00500009954 0.114999995
3246 -0.375 -0.00500009954 0.125
3247 -0.375 -0.00500009954 0.13499999
3248 -0.375 -0.00500009954 0.144999996
3249 -0.375 -0.00500009954 0.155000001
3250 -0.36499998 -0.00500009954 0.0850000009
3251 -0.36499998 -0.00500009954 0.0949999988
3252 -0.36499998 -0.00500009954 0.104999997
3253 -0.36499998 -0.00500009954 0.114999995
3254 -0.36499998 -0.00500009954 0.125
3255 -0.36499998 -0.00500009954 0.13499999
3256 -0.36499998 -0.00500009954 0.144999996
3257 -0.36499998 -0.00500009954 0.155000001
3258 -0.354999989 -0.00500009954 0.0850000009
3259 -0.354999989 -0.00500009954 0.0949999988
3260 -0.354999989 -0.00500009954 0.104999997
3261 -0.354999989 -0.00500009954 0.114999995
3262 -0.354999989 -0.00500009954 0.125
3263 -0.354999989 -0.00500009954 0.13499999
3264 -0.354999989 -0.00500009954 0.144999996
3265 -0.354999989 -0.00500009954 0.155000001
3266 -0.344999999 -0.00500009954 0.0850000009
3267 -0.344999999 -0.00500009954 0.0949999988
3268 -0.344999999 -0.00500009954 0.104999997
3269 -0.344999999 -0.00500009954 0.114999995
3270 -0.344999999 -0.00500009954 0.125
3271 -0.344999999 -0.00500009954 0.13499999
3272 -0.344999999 -0.00500009954 0.144999996
3273 -0.344999999 -0.00500009954 0.155000001
3274 -0.334999979 -0.00500009954 0.0850000009
3275 -0.334999979 -0.00500009954 0.0949999988
3276 -0.334999979 -0.00500009954 0.104999997
3277 -0.334999979 -0.00500009954 0.114999995
3278 -0.334999979 -0.00500009954 0.125
3279 -0.334999979 -0.00500009954 0.13499999
3280 -0.334999979 -0.00500009954 0.144999996
3281 -0.334999979 -0.00500009954 0.155000001
3282 -0.324999988 -0.00500009954 0.0850000009
3283 -0.324999988 -0.00500009954 0.0949999988
3284 -0.324999988 -0.00500009954 0.104999997
3285 -0.324999988 -0.00500009954 0.114999995
3286 -0.324999988 -0.00500009954 0.125
3287 -0.324999988 -0.00500009954 0.13499999
3288 -0.324999988 -0.00500009954 0.144999996
3289 -0.324999988 -0.00500009954 0.155000001
3290 -0.394999981 -0.00500009954 0.164999992
3291 -0.394999981 -0.00500009954 0.174999997
3292 -0.394999981 -0.00500009954 0.185000002
3293 -0.394999981 -0.00500009954 0.194999993
3294 -0.394999981 -0.00500009954 0.204999998
3295 -0.394999981 -0.00500009954 0.214999989
3296 -0.394999981 -0.00500009954 0.224999994
3297 -0.394999981 -0.00500009954 0.234999999
3298 -0.38499999 -0.00500009954 0.164999992
3299 -0.38499999 -0.00500009954 0.174999997
3300 -0.38499999 -0.00500009954 0.185000002
3301 -0.38499999 -0.00500009954 0.194999993
3302 -0.38499999 -0.00500009954 0.204999998
3303 -0.38499999 -0.00500009954 0.214999989
3304 -0.38499999 -0.00500009954 0.224999994
3305 -0.38499999 -0.00500009954 0.234999999
3306 -0.375 -0.00500009954 0.164999992
3307 -0.375 -0.00500009954 0.174999997
3308 -0.375 -0.00500009954 0.185000002
3309 -0.375 -0.00500009954 0.194999993
3310 -0.375 -0.00500009954 0.204999998
3311 -0.375 -0.00500009954 0.214999989
3312 -0.375 -0.00500009954 0.224999994
3313 -0.375 -0.00500009954 0.234999999
3314 -0.36499998 -0.00500009954 0.164999992
3315 -0.36499998 -0.00500009954 0.174999997
3316 -0.36499998 -0.00500009954 0.185000002
3317 -0.36499998 -0.00500009954 0.194999993
3318 -0.36499998 -0.00500009954 0.204999998
3319 -0.36499998 -0.00500009954 0.214999989
3320 -0.36499998 -0.00500009954 0.224999994
3321 -0.36499998 -0.00500009954 0.234999999
3322 -0.354999989 -0.00500009954 0.164999992
3323 -0.354999989 -0.00500009954 0.174999997
3324 -0.354999989 -0.00500009954 0.185000002
3325 -0.354999989 -0.00500009954 0.194999993
3326 -0.354999989 -0.00500009954 0.204999998
3327 -0.354999989 -0.00500009954 0.214999989
3328 -0.354999989 -0.00500009954 0.224999994
3329 -0.354999989 -0.00500009954 0.234999999
3330 -0.344999999 -0.00500009954 0.164999992
3331 -0.344999999 -0.00500009954 0.174999997
3332 -0.344999999 -0.00500009954 0.185000002
3333 -0.344999999 -0.00500009954 0.194999993
3334 -0.344999999 -0.00500009954 0.204999998
3335 -0.344999999 -0.00500009954 0.214999989
3336 -0.344999999 -0.00500009954 0.224999994
3337 -0.344999999 -0.00500009954 0.234999999
3338 -0.334999979 -0.00500009954 0.164999992
3339 -0.334999979 -0.00500009954 0.174999997
3340 -0.334999979 -0.00500009954 0.185000002
3341 -0.334999979 -0.00500009954 0.194999993
3342 -0.334999979 -0.00500009954 0.204999998
3343 -0.334999979 -0.00500009954 0.214999989
3344 -0.334999979 -0.00500009954 0.224999994
3345 -0.334999979 -0.00500009954 0.234999999
3346 -0.324999988 -0.00500009954 0.164999992
3347 -0.324999988 -0.00500009954 0.174999997
3348 -0.324999988 -0.00500009954 0.185000002
3349 -0.324999988 -0.00500009954 0.194999993
3350 -0.324999988 -0.00500009954 0.204999998
3351 -0.324999988 -0.00500009954 0.214999989
3352 -0.324999988 -0.00500009954 0.224999994
3353 -0.324999988 -0.00500009954 0.234999999
3354 -0.394999981 -0.00500009954 0.24499999
3355 -0.394999981 -0.00500009954 0.254999995
3356 -0.394999981 -0.00500009954 0.264999986
3357 -0.394999981 -0.00500009954 0.275000006
3358 -0.394999981 -0.00500009954 0.284999996
3359 -0.394999981 -0.00500009954 0.294999987
3360 -0.394999981 -0.00500009954 0.305000007
3361 -0.394999981 -0.00500009954 0.314999998
3362 -0.38499999 -0.00500009954 0.24499999
3363 -0.38499999 -0.00500009954 0.254999995
3364 -0.38499999 -0.00500009954 0.264999986
3365 -0.38499999 -0.00500009954 0.275000006
3366 -0.38499999 -0.00500009954 0.284999996
3367 -0.38499999 -0.00500009954 0.294999987
3368 -0.38499999 -0.00500009954 0.305000007
3369 -0.38499999 -0.00500009954 0.314999998
3370 -0.375 -0.00500009954 0.24499999
3371 -0.375 -0.00500009954 0.254999995
3372 -0.375 -0.00500009954 0.264999986
3373 -0.375 -0.00500009954 0.275000006
3374 -0.375 -0.00500009954 0.284999996
3375 -0.375 -0.00500009954 0.294999987
3376 -0.375 -0.00500009954 0.305000007
3377 -0.375 -0.00500009954 0.314999998
3378 -0.36499998 -0.00500009954 0.24499999
3379 -0.36499998 -0.00500009954 0.254999995
3380 -0.36499998 -0.00500009954 0.264999986
3381 -0.36499998 -0.00500009954 0.275000006
3382 -0.36499998 -0.00500009954 0.284999996
3383 -0.36499998 -0.00500009954 0.294999987
3384 -0.36499998 -0.00500009954 0.305000007
3385 -0.36499998 -0.00500009954 0.314999998
3386 -0.354999989 -0.00500009954 0.24499999
3387 -0.354999989 -0.00500009954 0.254999995
3388 -0.354999989 -0.00500009954 0.264999986
3389 -0.354999989 -0.00500009954 0.275000006
3390 -0.354999989 -0.00500009954 0.284999996
3391 -0.354999989 -0.00500009954 0.294999987
3392 -0.354999989 -0.00500009954 0.305000007
3393 -0.354999989 -0.00500009954 0.314999998
3394 -0.344999999 -0.00500009954 0.24499999
3395 -0.344999999 -0.00500009954 0.254999995
3396 -0.344999999 -0.00500009954 0.264999986
3397 -0.344999999 -0.00500009954 0.275000006
3398 -0.344999999 -0.00500009954 0.284999996
3399 -0.344999999 -0.00500009954 0.294999987
3400 -0.344999999 -0.00500009954 0.305000007
3401 -0.344999999 -0.00500009954 0.314999998
3402 -0.334999979 -0.00500009954 0.24499999
3403 -0.334999979 -0.00500009954 0.254999995
3404 -0.334999979 -0.00500009954 0.264999986
3405 -0.334999979 -0.00500009954 0.275000006
3406 -0.334999979 -0.00500009954 0.284999996
3407 -0.334999979 -0.00500009954 0.294999987
3408 -0.334999979 -0.00500009954 0.305000007
3409 -0.334999979 -0.00500009954 0.314999998
3410 -0.324999988 -0.00500009954 0.24499999
3411 -0.324999988 -0.00500009954 0.254999995
3412 -0.324999988 -0.00500009954 0.264999986
3413 -0.324999988 -0.00500009954 0.275000006
3414 -0.324999988 -0.00500009954 0.284999996
3415 -0.324999988 -0.00500009954 0.294999987
3416 -0.324999988 -0.00500009954 0.305000007
3417 -0.324999988 -0.00500009954 0.314999998
3418 -0.394999981 -0.00500009954 0.324999988
3419 -0.394999981 -0.00500009954 0.334999979
3420 -0.394999981 -0.00500009954 0.344999999
3421 -0.394999981 -0.00500009954 0.354999989
3422 -0.394999981 -0.00500009954 0.36499998
3423 -0.394999981 -0.00500009954 0.375
3424 -0.394999981 -0.00500009954 0.38499999
3425 -0.394999981 -0.00500009954 0.394999981
3426 -0.38499999 -0.00500009954 0.324999988
3427 -0.38499999 -0.00500009954 0.334999979
3428 -0.38499999 -0.00500009954 0.344999999
3429 -0.38499999 -0.00500009954 0.354999989
3430 -0.38499999 -0.00500009954 0.36499998
3431 -0.38499999 -0.00500009954 0.375
3432 -0.38499999 -0.00500009954 0.38499999
3433 -0.38499999 -0.00500009954 0.394999981
3434 -0.375 -0.00500009954 0.324999988
3435 -0.375 -0.00500009954 0.334999979
3436 -0.375 -0.00500009954 0.344999999
3437 -0.375 -0.00500009954 0.354999989
3438 -0.375 -0.00500009954 0.36499998
3439 -0.375 -0.00500009954 0.375
3440 -0.375 -0.00500009954 0.38499999
3441 -0.375 -0.00500009954 0.394999981
3442 -0.36499998 -0.00500009954 0.324999988
3443 -0.36499998 -0.00500009954 0.334999979
3444 -0.36499998 -0.00500009954 0.344999999
3445 -0.36499998 -0.00500009954 0.354999989
3446 -0.36499998 -0.00500009954 0.36499998
3447 -0.36499998 -0.00500009954 0.375
3448 -0.36499998 -0.00500009954 0.38499999
3449 -0.36499998 -0.00500009954 0.394999981
3450 -0.354999989 -0.00500009954 0.324999988
3451 -0.354999989 -0.00500009954 0.334999979
3452 -0.354999989 -0.00500009954 0.344999999
3453 -0.354999989 -0.00500009954 0.354999989
3454 -0.354999989 -0.00500009954 0.36499998
3455 -0.354999989 -0.00500009954 0.375
3456 -0.354999989 -0.00500009954 0.38499999
3457 -0.354999989 -0.00500009954 0.394999981
3458 -0.344999999 -0.00500009954 0.324999988
3459 -0.344999999 -0.00500009954 0.334999979
3460 -0.344999999 -0.00500009954 0.344999999
3461 -0.344999999 -0.00500009954 0.354999989
3462 -0.344999999 -0.00500009954 0.36499998
3463 -0.344999999 -0.00500009954 0.375
3464 -0.344999999 -0.00500009954 0.38499999
3465 -0.344999999 -0.00500009954 0.394999981
3466 -0.334999979 -0.00500009954 0.324999988
3467 -0.334999979 -0.00500009954 0.334999979
3468 -0.334999979 -0.00500009954 0.344999999
3469 -0.334999979 -0.00500009954 0.354999989
3470 -0.334999979 -0.00500009954 0.36499998
3471 -0.334999979 -0.00500009954 0.375
3472 -0.334999979 -0.00500009954 0.38499999
3473 -0.334999979 -0.00500009954 0.394999981
3474 -0.324999988 -0.00500009954 0.324999988
3475 -0.324999988 -0.00500009954 0.334999979
3476 -0.324999988 -0.00500009954 0.344999999
3477 -0.324999988 -0.00500009954 0.354999989
3478 -0.324999988 -0.00500009954 0.36499998
3479 -0.324999988 -0.00500009954 0.375
3480 -0.324999988 -0.00500009954 0.38499999
3481 -0.324999988 -0.00500009954 0.394999981
3482 -0.394999981 -0.00500009954 0.405000001
3483 -0.394999981 -0.00500009954 0.414999992
3484 -0.394999981 -0.00500009954 0.424999982
3485 -0.394999981 -0.00500009954 0.435000002
3486 -0.394999981 -0.00500009954 0.444999993
3487 -0.394999981 -0.00500009954 0.454999983
3488 -0.394999981 -0.00500009954 0.465000004
3489 -0.394999981 -0.00500009954 0.474999994
3490 -0.38499999 -0.00500009954 0.405000001
3491 -0.38499999 -0.00500009954 0.414999992
3492 -0.38499999 -0.00500009954 0.424999982
3493 -0.38499999 -0.00500009954 0.435000002
3494 -0.38499999 -0.00500009954 0.444999993
3495 -0.38499999 -0.00500009954 0.454999983
3496 -0.38499999 -0.00500009954 0.465000004
3497 -0.38499999 -0.00500009954 0.474999994
3498 -0.375 -0.00500009954 0.405000001
3499 -0.375 -0.00500009954 0.414999992
3500 -0.375 -0.00500009954 0.424999982
3501 -0.375 -0.00500009954 0.435000002
3502 -0.375 -0.00500009954 0.444999993
3503 -0.375 -0.00500009954 0.454999983
3504 -0.375 -0.00500009954 0.465000004
3505 -0.375 -0.00500009954 0.474999994
3506 -0.36499998 -0.00500009954 0.405000001
3507 -0.36499998 -0.00500009954 0.414999992
3508 -0.36499998 -0.00500009954 0.424999982
3509 -0.36499998 -0.00500009954 0.435000002
3510 -0.36499998 -0.00500009954 0.444999993
3511 -0.36499998 -0.00500009954 0.454999983
3512 -0.36499998 -0.00500009954 0.465000004
3513 -0.36499998 -0.00500009954 0.474999994
3514 -0.354999989 -0.00500009954 0.405000001
3515 -0.354999989 -0.00500009954 0.414999992
3516 -0.354999989 -0.00500009954 0.424999982
3517 -0.354999989 -0.00500009954 0.435000002
3518 -0.354999989 -0.00500009954 0.444999993
3519 -0.354999989 -0.00500009954 0.454999983
3520 -0.354999989 -0.00500009954 0.465000004
3521 -0.354999989 -0.00500009954 0.474999994
3522 -0.344999999 -0.00500009954 0.405000001
3523 -0.344999999 -0.00500009954 0.414999992
3524 -0.344999999 -0.00500009954 0.424999982
3525 -0.344999999 -0.00500009954 0.435000002
3526 -0.344999999 -0.00500009954 0.444999993
3527 -0.344999999 -0.00500009954 0.454999983
3528 -0.344999999 -0.00500009954 0.465000004
3529 -0.344999999 -0.00500009954 0.474999994
3530 -0.334999979 -0.00500009954 0.405000001
3531 -0.334999979 -0.00500009954 0.414999992
3532 -0.334999979 -0.00500009954 0.424999982
3533 -0.334999979 -0.00500009954 0.435000002
3534 -0.334999979 -0.00500009954 0.444999993
3535 -0.334999979 -0.00500009954 0.454999983
3536 -0.334999979 -0.00500009954 0.465000004
3537 -0.334999979 -0.00500009954 0.474999994
3538 -0.324999988 -0.00500009954 0.405000001
3539 -0.324999988 -0.00500009954 0.414999992
3540 -0.324999988 -0.00500009954 0.424999982
3541 -0.324999988 -0.00500009954 0.435000002
3542 -0.324999988 -0.00500009954 0.444999993
3543 -0.324999988 -0.00500009954 0.454999983
3544 -0.324999988 -0.00500009954 0.465000004
3545 -0.324999988 -0.00500009954 0.474999994
3546 -0.394999981 -0.00500009954 0.484999985
3547 -0.394999981 -0.00250014942 0.494999975
3548 -0.394999981 -9.96515155e-08 0.50000006
3549 -0.38499999 -0.00500009954 0.484999985
3550 -0.38499999 -0.00250014942 0.494999975
3551 -0.38499999 -9.96515155e-08 0.50000006
3552 -0.375 -0.00500009954 0.484999985
3553 -0.375 -0.00250014942 0.494999975
3554 -0.375 -9.96515155e-08 0.50000006
3555 -0.36499998 -0.00500009954 0.484999985
3556 -0.36499998 -0.00250014942 0.494999975
3557 -0.36499998 -9.96515155e-08 0.50000006
3558 -0.354999989 -0.00500009954 0.484999985
3559 -0.354999989 -0.00250014942 0.494999975
3560 -0.354999989 -9.96515155e-08 0.50000006
3561 -0.344999999 -0.00500009954 0.484999985
3562 -0.344999999 -0.00250014942 0.494999975
3563 -0.344999999 -9.96515155e-08 0.50000006
3564 -0.334999979 -0.00500009954 0.484999985
3565 -0.334999979 -0.00250014942 0.494999975
3566 -0.334999979 -9.96515155e-08 0.50000006
3567 -0.324999988 -0.00500009954 0.484999985
3568 -0.324999988 -0.00250014942 0.494999975
3569 -0.324999988 -9.96515155e-08 0.50000006
3570 -0.314999998 -0.00500009954 0.00499999989
3571 -0.314999998 -0.00500009954 0.0149999997
3572 -0.314999998 -0.00500009954 0.0249999985
3573 -0.314999998 -0.00500009954 0.0350000001
3574 -0.314999998 -0.00500009954 0.0449999981
3575 -0.314999998 -0.00500009954 0.0549999997
3576 -0.314999998 -0.00500009954 0.0649999976
3577 -0.314999998 -0.00500009954 0.0749999955
3578 -0.305000007 -0.00500009954 0.00499999989
3579 -0.305000007 -0.00500009954 0.0149999997
3580 -0.305000007 -0.00500009954 0.0249999985
3581 -0.305000007 -0.00500009954 0.0350000001
3582 -0.305000007 -0.00500009954 0.0449999981
3583 -0.305000007 -0.00500009954 0.0549999997
3584 -0.305000007 -0.00500009954 0.0649999976
3585 -0.305000007 -0.00500009954 0.0749999955
3586 -0.294999987 -0.00500009954 0.00499999989
3587 -0.294999987 -0.00500009954 0.0149999997
3588 -0.294999987 -0.00500009954 0.0249999985
3589 -0.294999987 -0.00500009954 0.0350000001
3590 -0.294999987 -0.00500009954 0.0449999981
3591 -0.294999987 -0.00500009954 0.0549999997
3592 -0.294999987 -0.00500009954 0.0649999976
3593 -0.294999987 -0.00500009954 0.0749999955
3594 -0.284999996 -0.00500009954 0.00499999989
3595 -0.284999996 -0.00500009954 0.0149999997
3596 -0.284999996 -0.00500009954 0.0249999985
3597 -0.284999996 -0.00500009954 0.0350000001
3598 -0.284999996 -0.00500009954 0.0449999981
3599 -0.284999996 -0.00500009954 0.0549999997
3600 -0.284999996 -0.00500009954 0.0649999976
3601 -0.284999996 -0.00500009954 0.0749999955
3602 -0.275000006 -0.00500009954 0.00499999989
3603 -0.275000006 -0.00500009954 0.0149999997
3604 -0.275000006 -0.00500009954 0.0249999985
3605 -0.275000006 -0.00500009954 0.0350000001
3606 -0.275000006 -0.00500009954 0.0449999981
3607 -0.275000006 -0.00500009954 0.0549999997
3608 -0.275000006 -0.00500009954 0.0649999976
3609 -0.275000006 -0.00500009954 0.0749999955
3610 -0.264999986 -0.00500009954 0.00499999989
3611 -0.264999986 -0.00500009954 0.0149999997
3612 -0.264999986 -0.00500009954 0.0249999985
3613 -0.264999986 -0.00500009954 0.0350000001
3614 -0.264999986 -0.00500009954 0.0449999981
3615 -0.264999986 -0.00500009954 0.0549999997
3616 -0.264999986 -0.00500009954 0.0649999976
3617 -0.264999986 -0.00500009954 0.0749999955
3618 -0.254999995 -0.00500009954 0.00499999989
3619 -0.254999995 -0.00500009954 0.0149999997
3620 -0.254999995 -0.00500009954 0.0249999985
3621 -0.254999995 -0.00500009954 0.0350000001
3622 -0.254999995 -0.00500009954 0.0449999981
3623 -0.254999995 -0.00500009954 0.0549999997
3624 -0.254999995 -0.00500009954 0.0649999976
3625 -0.254999995 -0.00500009954 0.0749999955
3626 -0.24499999 -0.00500009954 0.00499999989
3627 -0.24499999 -0.00500009954 0.0149999997
3628 -0.24499999 -0.00500009954 0.0249999985
3629 -0.24499999 -0.00500009954 0.0350000001
3630 -0.24499999 -0.00500009954 0.0449999981
3631 -0.24499999 -0.00500009954 0.0549999997
3632 -0.24499999 -0.00500009954 0.0649999976
3633 -0.24499999 -0.00500009954 0.0749999955
3634 -0.314999998 -0.00500009954 0.0850000009
3635 -0.314999998 -0.00500009954 0.0949999988
3636 -0.314999998 -0.00500009954 0.104999997
3637 -0.314999998 -0.00500009954 0.114999995
3638 -0.314999998 -0.00500009954 0.125
3639 -0.314999998 -0.00500009954 0.13499999
3640 -0.314999998 -0.00500009954 0.144999996
3641 -0.314999998 -0.00500009954 0.155000001
3642 -0.305000007 -0.00500009954 0.0850000009
3643 -0.305000007 -0.00500009954 0.0949999988
3644 -0.305000007 -0.00500009954 0.104999997
3645 -0.305000007 -0.00500009954 0.114999995
3646 -0.305000007 -0.00500009954 0.125
3647 -0.305000007 -0.00500009954 0.13499999
3648 -0.305000007 -0.00500009954 0.144999996
3649 -0.305000007 -0.00500009954 0.155000001
3650 -0.294999987 -0.00500009954 0.0850000009
3651 -0.294999987 -0.00500009954 0.0949999988
3652 -0.294999987 -0.00500009954 0.104999997
3653 -0.294999987 -0.00500009954 0.114999995
3654 -0.294999987 -0.00500009954 0.125
3655 -0.294999987 -0.00500009954 0.13499999
3656 -0.294999987 -0.00500009954 0.144999996
3657 -0.294999987 -0.00500009954 0.155000001
3658 -0.284999996 -0.00500009954 0.0850000009
3659 -0.284999996 -0.00500009954 0.0949999988
3660 -0.284999996 -0.00500009954 0.104999997
3661 -0.284999996 -0.00500009954 0.114999995
3662 -0.284999996 -0.00500009954 0.125
3663 -0.284999996 -0.00500009954 0.13499999
3664 -0.284999996 -0.00500009954 0.144999996
3665 -0.284999996 -0.00500009954 0.155000001
3666 -0.275000006 -0.00500009954 0.0850000009
3667 -0.275000006 -0.00500009954 0.0949999988
3668 -0.275000006 -0.00500009954 0.104999997
3669 -0.275000006 -0.00500009954 0.114999995
3670 -0.275000006 -0.00500009954 0.125
3671 -0.275000006 -0.00500009954 0.13499999
3672 -0.275000006 -0.00500009954 0.144999996
3673 -0.275000006 -0.00500009954 0.155000001
3674 -0.264999986 -0.00500009954 0.0850000009
3675 -0.264999986 -0.00500009954 0.0949999988
3676 -0.264999986 -0.00500009954 0.104999997
3677 -0.264999986 -0.00500009954 0.114999995
3678 -0.264999986 -0.00500009954 0.125
3679 -0.264999986 -0.00500009954 0.13499999
3680 -0.264999986 -0.00500009954 0.144999996
3681 -0.264999986 -0.00500009954 0.155000001
3682 -0.254999995 -0.00500009954 0.0850000009
3683 -0.254999995 -0.00500009954 0.0949999988
3684 -0.254999995 -0.00500009954 0.104999997
3685 -0.254999995 -0.00500009954 0.114999995
3686 -0.254999995 -0.00500009954 0.125
3687 -0.254999995 -0.00500009954 0.13499999
3688 -0.254999995 -0.00500009954 0.144999996
3689 -0.254999995 -0.00500009954 0.155000001
3690 -0.24499999 -0.00500009954 0.0850000009
3691 -0.24499999 -0.00500009954 0.0949999988
3692 -0.24499999 -0.00500009954 0.104999997
3693 -0.24499999 -0.00500009954 0.114999995
3694 -0.24499999 -0.00500009954 0.125
3695 -0.24499999 -0.00500009954 0.13499999
3696 -0.24499999 -0.00500009954 0.144999996
3697 -0.24499999 -0.00500009954 0.155000001
3698 -0.314999998 -0.00500009954 0.164999992
3699 -0.314999998 -0.00500009954 0.174999997
3700 -0.314999998 -0.00500009954 0.185000002
3701 -0.314999998 -0.00500009954 0.194999993
3702 -0.314999998 -0.00500009954 0.204999998
3703 -0.314999998 -0.00500009954 0.214999989
3704 -0.314999998 -0.00500009954 0.224999994
3705 -0.314999998 -0.00500009954 0.234999999
3706 -0.305000007 -0.00500009954 0.164999992
3707 -0.305000007 -0.00500009954 0.174999997
3708 -0.305000007 -0.00500009954 0.185000002
3709 -0.305000007 -0.00500009954 0.194999993
3710 -0.305000007 -0.00500009954 0.204999998
3711 -0.305000007 -0.00500009954 0.214999989
3712 -0.305000007 -0.00500009954 0.224999994
3713 -0.305000007 -0.00500009954 0.234999999
3714 -0.294999987 -0.00500009954 0.164999992
3715 -0.294999987 -0.00500009954 0.174999997
3716 -0.294999987 -0.00500009954 0.185000002
3717 -0.294999987 -0.00500009954 0.194999993
3718 -0.294999987 -0.00500009954 0.204999998
3719 -0.294999987 -0.00500009954 0.214999989
3720 -0.294999987 -0.00500009954 0.224999994
3721 -0.294999987 -0.00500009954 0.234999999
3722 -0.284999996 -0.00500009954 0.164999992
3723 -0.284999996 -0.00500009954 0.174999997
3724 -0.284999996 -0.00500009954 0.185000002
3725 -0.284999996 -0.00500009954 0.194999993
3726 -0.284999996 -0.00500009954 0.204999998
3727 -0.284999996 -0.00500009954 0.214999989
3728 -0.284999996 -0.00500009954 0.224999994
3729 -0.284999996 -0.00500009954 0.234999999
3730 -0.275000006 -0.00500009954 0.164999992
3731 -0.275000006 -0.00500009954 0.174999997
3732 -0.275000006 -0.00500009954 0.185000002
3733 -0.275000006 -0.00500009954 0.194999993
3734 -0.275000006 -0.00500009954 0.204999998
3735 -0.275000006 -0.00500009954 0.214999989
3736 -0.275000006 -0.00500009954 0.224999994
3737 -0.275000006 -0.00500009954 0.234999999
3738 -0.264999986 -0.00500009954 0.164999992
3739 -0.264999986 -0.00500009954 0.174999997
3740 -0.264999986 -0.00500009954 0.185000002
3741 -0.264999986 -0.00500009954 0.194999993
3742 -0.264999986 -0.00500009954 0.204999998
3743 -0.264999986 -0.00500009954 0.214999989
3744 -0.264999986 -0.00500009954 0.224999994
3745 -0.264999986 -0.00500009954 0.234999999
3746 -0.254999995 -0.00500009954 0.164999992
3747 -0.254999995 -0.00500009954 0.174999997
3748 -0.254999995 -0.00500009954 0.185000002
3749 -0.254999995 -0.00500009954 0.194999993
3750 -0.254999995 -0.00500009954 0.204999998
3751 -0.254999995 -0.00500009954 0.214999989
3752 -0.254999995 -0.00500009954 0.224999994
3753 -0.254999995 -0.00500009954 0.234999999
3754 -0.24499999 -0.00500009954 0.164999992
3755 -0.24499999 -0.00500009954 0.174999997
3756 -0.24499999 -0.00500009954 0.185000002
3757 -0.24499999 -0.00500009954 0.194999993
3758 -0.24499999 -0.00500009954 0.204999998
3759 -0.24499999 -0.00500009954 0.214999989
3760 -0.24499999 -0.00500009954 0.224999994
3761 -0.24499999 -0.00500009954 0.234999999
3762 -0.314999998 -0.00500009954 0.24499999
3763 -0.314999998 -0.00500009954 0.254999995
3764 -0.314999998 -0.00500009954 0.264999986
3765 -0.314999998 -0.00500009954 0.275000006
3766 -0.314999998 -0.00500009954 0.284999996
3767 -0.314999998 -0.00500009954 0.294999987
3768 -0.314999998 -0.00500009954 0.305000007
3769 -0.314999998 -0.00500009954 0.314999998
3770 -0.305000007 -0.00500009954 0.24499999
3771 -0.305000007 -0.00500009954 0.254999995
3772 -0.305000007 -0.00500009954 0.264999986
3773 -0.305000007 -0.00500009954 0.275000006
3774 -0.305000007 -0.00500009954 0.284999996
3775 -0.305000007 -0.00500009954 0.294999987
3776 -0.305000007 -0.00500009954 0.305000007
3777 -0.305000007 -0.00500009954 0.314999998
3778 -0.294999987 -0.00500009954 0.24499999
3779 -0.294999987 -0.00500009954 0.254999995
3780 -0.294999987 -0.00500009954 0.264999986
3781 -0.294999987 -0.00500009954 0.275000006
3782 -0.294999987 -0.00500009954 0.284999996
3783 -0.294999987 -0.00500009954 0.294999987
3784 -0.294999987 -0.00500009954 0.305000007
3785 -0.294999987 -0.00500009954 0.314999998
3786 -0.284999996 -0.00500009954 0.24499999
3787 -0.284999996 -0.00500009954 0.254999995
3788 -0.284999996 -0.00500009954 0.264999986
3789 -0.284999996 -0.00500009954 0.275000006
3790 -0.284999996 -0.00500009954 0.284999996
3791 -0.284999996 -0.00500009954 0.294999987
3792 -0.284999996 -0.00500009954 0.305000007
3793 -0.284999996 -0.00500009954 0.314999998
3794 -0.275000006 -0.00500009954 0.24499999
3795 -0.275000006 -0.00500009954 0.254999995
3796 -0.275000006 -0.00500009954 0.264999986
3797 -0.275000006 -0.00500009954 0.275000006
3798 -0.275000006 -0.00500009954 0.284999996
3799 -0.275000006 -0.00500009954 0.294999987
3800 -0.275000006 -0.00500009954 0.305000007
3801 -0.275000006 -0.00500009954 0.314999998
3802 -0.264999986 -0.00500009954 0.24499999
3803 -0.264999986 -0.00500009954 0.254999995
3804 -0.264999986 -0.00500009954 0.264999986
3805 -0.264999986 -0.00500009954 0.275000006
3806 -0.264999986 -0.00500009954 0.284999996
3807 -0.264999986 -0.00500009954 0.294999987
3808 -0.264999986 -0.00500009954 0.305000007
3809 -0.264999986 -0.00500009954 0.314999998
3810 -0.254999995 -0.00500009954 0.24499999
3811 -0.254999995 -0.00500009954 0.254999995
3812 -0.254999995 -0.00500009954 0.264999986
3813 -0.254999995 -0.00500009954 0.275000006
3814 -0.254999995 -0.00500009954 0.284999996
3815 -0.254999995 -0.00500009954 0.294999987
3816 -0.254999995 -0.00500009954 0.305000007
3817 -0.254999995 -0.00500009954 0.314999998
3818 -0.24499999 -0.00500009954 0.24499999
3819 -0.24499999 -0.00500009954 0.254999995
3820 -0.24499999 -0.00500009954 0.264999986
3821 -0.24499999 -0.00500009954 0.275000006
3822 -0.24499999 -0.00500009954 0.284999996
3823 -0.24499999 -0.00500009954 0.294999987
3824 -0.24499999 -0.00500009954 0.305000007
3825 -0.24499999 -0.00500009954 0.314999998
3826 -0.314999998 -0.00500009954 0.324999988
3827 -0.314999998 -0.00500009954 0.334999979
3828 -0.314999998 -0.00500009954 0.344999999
3829 -0.314999998 -0.00500009954 0.354999989
3830 -0.314999998 -0.00500009954 0.36499998
3831 -0.314999998 -0.00500009954 0.375
3832 -0.314999998 -0.00500009954 0.38499999
3833 -0.314999998 -0.00500009954 0.394999981
3834 -0.305000007 -0.00500009954 0.324999988
3835 -0.305000007 -0.00500009954 0.334999979
3836 -0.305000007 -0.00500009954 0.344999999
3837 -0.305000007 -0.00500009954 0.354999989
3838 -0.305000007 -0.00500009954 0.36499998
3839 -0.305000007 -0.00500009954 0.375
3840 -0.305000007 -0.00500009954 0.38499999
3841 -0.305000007 -0.00500009954 0.394999981
3842 -0.294999987 -0.00500009954 0.324999988
3843 -0.294999987 -0.00500009954 0.334999979
3844 -0.294999987 -0.00500009954 0.344999999
3845 -0.294999987 -0.00500009954 0.354999989
3846 -0.294999987 -0.00500009954 0.36499998
3847 -0.294999987 -0.00500009954 0.375
3848 -0.294999987 -0.00500009954 0.38499999
3849 -0.294999987 -0.00500009954 0.394999981
3850 -0.284999996 -0.00500009954 0.324999988
3851 -0.284999996 -0.00500009954 0.334999979
3852 -0.284999996 -0.00500009954 0.344999999
3853 -0.284999996 -0.00500009954 0.354999989
3854 -0.284999996 -0.00500009954 0.36499998
3855 -0.284999996 -0.00500009954 0.375
3856 -0.284999996 -0.00500009954 0.38499999
3857 -0.284999996 -0.00500009954 0.394999981
3858 -0.275000006 -0.00500009954 0.324999988
3859 -0.275000006 -0.00500009954 0.334999979
3860 -0.275000006 -0.00500009954 0.344999999
3861 -0.275000006 -0.00500009954 0.354999989
3862 -0.275000006 -0.00500009954 0.36499998
3863 -0.275000006 -0.00500009954 0.375
3864 -0.275000006 -0.00500009954 0.38499999
3865 -0.275000006 -0.00500009954 0.394999981
3866 -0.264999986 -0.00500009954 0.324999988
3867 -0.264999986 -0.00500009954 0.334999979
3868 -0.264999986 -0.00500009954 0.344999999
3869 -0.264999986 -0.00500009954 0.354999989
3870 -0.264999986 -0.00500009954 0.36499998
3871 -0.264999986 -0.00500009954 0.375
3872 -0.264999986 -0.00500009954 0.38499999
3873 -0.264999986 -0.00500009954 0.394999981
3874 -0.254999995 -0.00500009954 0.324999988
3875 -0.254999995 -0.00500009954 0.334999979
3876 -0.254999995 -0.00500009954 0.344999999
3877 -0.254999995 -0.00500009954 0.354999989
3878 -0.254999995 -0.00500009954 0.36499998
3879 -0.254999995 -0.00500009954 0.375
3880 -0.254999995 -0.00500009954 0.38499999
3881 -0.254999995 -0.00500009954 0.394999981
3882 -0.24499999 -0.00500009954 0.324999988
3883 -0.24499999 -0.00500009954 0.334999979
3884 -0.24499999 -0.00500009954 0.344999999
3885 -0.24499999 -0.00500009954 0.354999989
3886 -0.24499999 -0.00500009954 0.36499998
3887 -0.24499999 -0.00500009954 0.375
3888 -0.24499999 -0.00500009954 0.38499999
3889 -0.24499999 -0.00500009954 0.394999981
3890 -0.314999998 -0.00500009954 0.405000001
3891 -0.314999998 -0.00500009954 0.414999992
3892 -0.314999998 -0.00500009954 0.424999982
3893 -0.314999998 -0.00500009954 0.435000002
3894 -0.314999998 -0.00500009954 0.444999993
3895 -0.314999998 -0.00500009954 0.454999983
3896 -0.314999998 -0.00500009954 0.465000004
3897 -0.314999998 -0.00500009954 0.474999994
3898 -0.305000007 -0.00500009954 0.405000001
3899 -0.305000007 -0.00500009954 0.414999992
3900 -0.305000007 -0.00500009954 0.424999982
3901 -0.305000007 -0.00500009954 0.435000002
3902 -0.305000007 -0.00500009954 0.444999993
3903 -0.305000007 -0.00500009954 0.454999983
3904 -0.305000007 -0.00500009954 0.465000004
3905 -0.305000007 -0.00500009954 0.474999994
3906 -0.294999987 -0.00500009954 0.405000001
3907 -0.294999987 -0.00500009954 0.414999992
3908 -0.294999987 -0.00500009954 0.424999982
3909 -0.294999987 -0.00500009954 0.435000002
3910 -0.294999987 -0.00500009954 0.444999993
3911 -0.294999987 -0.00500009954 0.454999983
3912 -0.294999987 -0.00500009954 0.465000004
3913 -0.294999987 -0.00500009954 0.474999994
3914 -0.284999996 -0.00500009954 0.405000001
3915 -0.284999996 -0.00500009954 0.414999992
3916 -0.284999996 -0.00500009954 0.424999982
3917 -0.284999996 -0.00500009954 0.435000002
3918 -0.284999996 -0.00500009954 0.444999993
3919 -0.284999996 -0.00500009954 0.454999983
3920 -0.284999996 -0.00500009954 0.465000004
3921 -0.284999996 -0.00500009954 0.474999994
3922 -0.275000006 -0.00500009954 0.405000001
3923 -0.275000006 -0.00500009954 0.414999992
3924 -0.275000006 -0.00500009954 0.424999982
3925 -0.275000006 -0.00500009954 0.435000002
3926 -0.275000006 -0.00500009954 0.444999993
3927 -0.275000006 -0.00500009954 0.454999983
3928 -0.275000006 -0.00500009954 0.465000004
3929 -0.275000006 -0.00500009954 0.474999994
3930 -0.264999986 -0.00500009954 0.405000001
3931 -0.264999986 -0.00500009954 0.414999992
3932 -0.264999986 -0.00500009954 0.424999982
3933 -0.264999986 -0.00500009954 0.435000002
3934 -0.264999986 -0.00500009954 0.444999993
3935 -0.264999986 -0.00500009954 0.454999983
3936 -0.264999986 -0.00500009954 0.465000004
3937 -0.264999986 -0.00500009954 0.474999994
3938 -0.254999995 -0.00500009954 0.405000001
3939 -0.254999995 -0.00500009954 0.414999992
3940 -0.254999995 -0.00500009954 0.424999982
3941 -0.254999995 -0.00500009954 0.435000002
3942 -0.254999995 -0.00500009954 0.444999993
3943 -0.254999995 -0.00500009954 0.454999983
3944 -0.254999995 -0.00500009954 0.465000004
3945 -0.254999995 -0.00500009954 0.474999994
3946 -0.24499999 -0.00500009954 0.405000001
3947 -0.24499999 -0.00500009954 0.414999992
3948 -0.24499999 -0.00500009954 0.424999982
3949 -0.24499999 -0.00500009954 0.435000002
3950 -0.24499999 -0.00500009954 0.444999993
3951 -0.24499999 -0.00500009954 0.454999983
3952 -0.24499999 -0.00500009954 0.465000004
3953 -0.24499999 -0.00500009954 0.474999994
3954 -0.314999998 -0.00500009954 0.484999985
3955 -0.314999998 -0.00250014942 0.494999975
3956 -0.314999998 -9.96515155e-08 0.50000006
3957 -0.305000007 -0.00500009954 0.484999985
3958 -0.305000007 -0.00250014942 0.494999975
3959 -0.305000007 -9.96515155e-08 0.50000006
3960 -0.294999987 -0.00500009954 0.484999985
3961 -0.294999987 -0.00250014942 0.494999975
3962 -0.294999987 -9.96515155e-08 0.50000006
3963 -0.284999996 -0.00500009954 0.484999985
3964 -0.284999996 -0.00250014942 0.494999975
3965 -0.284999996 -9.96515155e-08 0.50000006
3966 -0.275000006 -0.00500009954 0.484999985
3967 -0.275000006 -0.00250014942 0.494999975
3968 -0.275000006 -9.96515155e-08 0.50000006
3969 -0.264999986 -0.00500009954 0.484999985
3970 -0.264999986 -0.00250014942 0.494999975
3971 -0.264999986 -9.96515155e-08 0.50000006
3972 -0.254999995 -0.00500009954 0.484999985
3973 -0.254999995 -0.00250014942 0.494999975
3974 -0.254999995 -9.96515155e-08 0.50000006
3975 -0.24499999 -0.00500009954 0.484999985
3976 -0.24499999 -0.00250014942 0.494999975
3977 -0.24499999 -9.96515155e-08 0.50000006
3978 -0.234999999 -0.00500009954 0.00499999989
3979 -0.234999999 -0.00500009954 0.0149999997
3980 -0.234999999 -0.00500009954 0.0249999985
3981 -0.234999999 -0.00500009954 0.0350000001
3982 -0.234999999 -0.00500009954 0.0449999981
3983 -0.234999999 -0.00500009954 0.0549999997
3984 -0.234999999 -0.00500009954 0.0649999976
3985 -0.234999999 -0.00500009954 0.0749999955
3986 -0.224999994 -0.00500009954 0.00499999989
3987 -0.224999994 -0.00500009954 0.0149999997
3988 -0.224999994 -0.00500009954 0.0249999985
3989 -0.224999994 -0.00500009954 0.0350000001
3990 -0.224999994 -0.00500009954 0.0449999981
3991 -0.224999994 -0.00500009954 0.0549999997
3992 -0.224999994 -0.00500009954 0.0649999976
3993 -0.224999994 -0.00500009954 0.0749999955
3994 -0.214999989 -0.00500009954 0.00499999989
3995 -0.214999989 -0.00500009954 0.0149999997
3996 -0.214999989 -0.00500009954 0.0249999985
3997 -0.214999989 -0.00500009954 0.0350000001
3998 -0.214999989 -0.00500009954 0.0449999981
3999 -0.214999989 -0.00500009954 0.0549999997
4000 -0.214999989 -0.00500009954 0.0649999976
4001 -0.214999989 -0.00500009954 0.0749999955
4002 -0.204999998 -0.00500009954 0.00499999989
4003 -0.204999998 -0.00500009954 0.0149999997
4004 -0.204999998 -0.00500009954 0.0249999985
4005 -0.204999998 -0.00500009954 0.0350000001
4006 -0.204999998 -0.00500009954 0.0449999981
4007 -0.204999998 -0.00500009954 0.0549999997
4008 -0.204999998 -0.00500009954 0.0649999976
4009 -0.204999998 -0.00500009954 0.0749999955
4010 -0.194999993 -0.00500009954 0.00499999989
4011 -0.194999993 -0.00500009954 0.0149999997
4012 -0.194999993 -0.00500009954 0.0249999985
4013 -0.194999993 -0.00500009954 0.0350000001
4014 -0.194999993 -0.00500009954 0.0449999981
4015 -0.194999993 -0.00500009954 0.0549999997
4016 -0.194999993 -0.00500009954 0.0649999976
4017 -0.194999993 -0.00500009954 0.0749999955
4018 -0.185000002 -0.00500009954 0.00499999989
4019 -0.185000002 -0.00500009954 0.0149999997
4020 -0.185000002 -0.00500009954 0.0249999985
4021 -0.185000002 -0.00500009954 0.0350000001
4022 -0.185000002 -0.00500009954 0.0449999981
4023 -0.185000002 -0.00500009954 0.0549999997
4024 -0.185000002 -0.00500009954 0.0649999976
4025 -0.185000002 -0.00500009954 0.0749999955
4026 -0.174999997 -0.00500009954 0.00499999989
4027 -0.174999997 -0.00500009954 0.0149999997
4028 -0.174999997 -0.00500009954 0.0249999985
4029 -0.174999997 -0.00500009954 0.0350000001
4030 -0.174999997 -0.00500009954 0.0449999981
4031 -0.174999997 -0.00500009954 0.0549999997
4032 -0.174999997 -0.00500009954 0.0649999976
4033 -0.174999997 -0.00500009954 0.0749999955
4034 -0.164999992 -0.00500009954 0.00499999989
4035 -0.164999992 -0.00500009954 0.0149999997
4036 -0.164999992 -0.00500009954 0.0249999985
4037 -0.164999992 -0.00500009954 0.0350000001
4038 -0.164999992 -0.00500009954 0.0449999981
4039 -0.164999992 -0.00500009954 0.0549999997
4040 -0.164999992 -0.00500009954 0.0649999976
4041 -0.164999992 -0.00500009954 0.0749999955
4042 -0.234999999 -0.00500009954 0.0850000009
4043 -0.234999999 -0.00500009954 0.0949999988
4044 -0.234999999 -0.00500009954 0.104999997
4045 -0.234999999 -0.00500009954 0.114999995
4046 -0.234999999 -0.00500009954 0.125
4047 -0.234999999 -0.00500009954 0.13499999
4048 -0.234999999 -0.00500009954 0.144999996
4049 -0.234999999 -0.00500009954 0.155000001
4050 -0.224999994 -0.00500009954 0.0850000009
4051 -0.224999994 -0.00500009954 0.0949999988
4052 -0.224999994 -0.00500009954 0.104999997
4053 -0.224999994 -0.00500009954 0.114999995
4054 -0.224999994 -0.00500009954 0.125
4055 -0.224999994 -0.00500009954 0.13499999
4056 -0.224999994 -0.00500009954 0.144999996
4057 -0.224999994 -0.00500009954 0.155000001
4058 -0.214999989 -0.00500009954 0.0850000009
4059 -0.214999989 -0.00500009954 0.0949999988
4060 -0.214999989 -0.00500009954 0.104999997
4061 -0.214999989 -0.00500009954 0.114999995
4062 -0.214999989 -0.00500009954 0.125
4063 -0.214999989 -0.00500009954 0.13499999
4064 -0.214999989 -0.00500009954 0.144999996
4065 -0.214999989 -0.00500009954 0.155000001
4066 -0.204999998 -0.00500009954 0.0850000009
4067 -0.204999998 -0.00500009954 0.0949999988
4068 -0.204999998 -0.00500009954 0.104999997
4069 -0.204999998 -0.00500009954 0.114999995
4070 -0.204999998 -0.00500009954 0.125
4071 -0.204999998 -0.00500009954 0.13499999
4072 -0.204999998 -0.00500009954 0.144999996
4073 -0.204999998 -0.00500009954 0.155000001
4074 -0.194999993 -0.00500009954 0.0850000009
4075 -0.194999993 -0.00500009954 0.0949999988
4076 -0.194999993 -0.00500009954 0.104999997
4077 -0.194999993 -0.00500009954 0.114999995
4078 -0.194999993 -0.00500009954 0.125
4079 -0.194999993 -0.00500009954 0.13499999
4080 -0.194999993 -0.00500009954 0.144999996
4081 -0.194999993 -0.00500009954 0.155000001
4082 -0.185000002 -0.00500009954 0.0850000009
4083 -0.185000002 -0.00500009954 0.0949999988
4084 -0.185000002 -0.00500009954 0.104999997
4085 -0.185000002 -0.00500009954 0.114999995
4086 -0.185000002 -0.00500009954 0.125
4087 -0.185000002 -0.00500009954 0.13499999
4088 -0.185000002 -0.00500009954 0.144999996
4089 -0.185000002 -0.00500009954 0.155000001
4090 -0.174999997 -0.00500009954 0.0850000009
4091 -0.174999997 -0.00500009954 0.0949999988
4092 -0.174999997 -0.00500009954 0.104999997
4093 -0.174999997 -0.00500009954 0.114999995
4094 -0.174999997 -0.00500009954 0.125
4095 -0.174999997 -0.00500009954 0.13499999
4096 -0.174999997 -0.00500009954 0.144999996
4097 -0.174999997 -0.00500009954 0.155000001
4098 -0.164999992 -0.00500009954 0.0850000009
4099 -0.164999992 -0.00500009954 0.0949999988
4100 -0.164999992 -0.00500009954 0.104999997
4101 -0.164999992 -0.00500009954 0.114999995
4102 -0.164999992 -0.00500009954 0.125
4103 -0.164999992 -0.00500009954 0.13499999
4104 -0.164999992 -0.00500009954 0.144999996
4105 -0.164999992 -0.00500009954 0.155000001
4106 -0.234999999 -0.00500009954 0.164999992
4107 -0.234999999 -0.00500009954 0.174999997
4108 -0.234999999 -0.00500009954 0.185000002
4109 -0.234999999 -0.00500009954 0.194999993
4110 -0.234999999 -0.00500009954 0.204999998
4111 -0.234999999 -0.00500009954 0.214999989
4112 -0.234999999 -0.00500009954 0.224999994
4113 -0.234999999 -0.00500009954 0.234999999
4114 -0.224999994 -0.00500009954 0.164999992
4115 -0.224999994 -0.00500009954 0.174999997
4116 -0.224999994 -0.00500009954 0.185000002
4117 -0.224999994 -0.00500009954 0.194999993
4118 -0.224999994 -0.00500009954 0.204999998
4119 -0.224999994 -0.00500009954 0.214999989
4120 -0.224999994 -0.00500009954 0.224999994
4121 -0.224999994 -0.00500009954 0.234999999
4122 -0.214999989 -0.00500009954 0.164999992
4123 -0.214999989 -0.00500009954 0.174999997
4124 -0.214999989 -0.00500009954 0.185000002
4125 -0.214999989 -0.00500009954 0.194999993
4126 -0.214999989 -0.00500009954 0.204999998
4127 -0.214999989 -0.00500009954 0.214999989
4128 -0.214999989 -0.00500009954 0.224999994
4129 -0.214999989 -0.00500009954 0.234999999
4130 -0.204999998 -0.00500009954 0.164999992
4131 -0.204999998 -0.00500009954 0.174999997
4132 -0.204999998 -0.00500009954 0.185000002
4133 -0.204999998 -0.00500009954 0.194999993
4134 -0.204999998 -0.00500009954 0.204999998
4135 -0.204999998 -0.00500009954 0.214999989
4136 -0.204999998 -0.00500009954 0.224999994
4137 -0.204999998 -0.00500009954 0.234999999
4138 -0.194999993 -0.00500009954 0.164999992
4139 -0.194999993 -0.00500009954 0.174999997
4140 -0.194999993 -0.00500009954 0.185000002
4141 -0.194999993 -0.00500009954 0.194999993
4142 -0.194999993 -0.00500009954 0.204999998
4143 -0.194999993 -0.00500009954 0.214999989
4144 -0.194999993 -0.00500009954 0.224999994
4145 -0.194999993 -0.00500009954 0.234999999
4146 -0.185000002 -0.00500009954 0.164999992
4147 -0.185000002 -0.00500009954 0.174999997
4148 -0.185000002 -0.00500009954 0.185000002
4149 -0.185000002 -0.00500009954 0.194999993
4150 -0.185000002 -0.00500009954 0.204999998
4151 -0.185000002 -0.00500009954 0.214999989
4152 -0.185000002 -0.00500009954 0.224999994
4153 -0.185000002 -0.00500009954 0.234999999
4154 -0.174999997 -0.00500009954 0.164999992
4155 -0.174999997 -0.00500009954 0.174999997
4156 -0.174999997 -0.00500009954 0.185000002
4157 -0.174999997 -0.00500009954 0.194999993
4158 -0.174999997 -0.00500009954 0.204999998
4159 -0.174999997 -0.00500009954 0.214999989
4160 -0.174999997 -0.00500009954 0.224999994
4161 -0.174999997 -0.00500009954 0.234999999
4162 -0.164999992 -0.00500009954 0.164999992
4163 -0.164999992 -0.00500009954 0.174999997
4164 -0.164999992 -0.00500009954 0.185000002
4165 -0.164999992 -0.00500009954 0.194999993
4166 -0.164999992 -0.00500009954 0.204999998
4167 -0.164999992 -0.00500009954 0.214999989
4168 -0.164999992 -0.00500009954 0.224999994
4169 -0.164999992 -0.00500009954 0.234999999
4170 -0.234999999 -0.00500009954 0.24499999
4171 -0.234999999 -0.00500009954 0.254999995
4172 -0.234999999 -0.00500009954 0.264999986
4173 -0.234999999 -0.00500009954 0.275000006
4174 -0.234999999 -0.00500009954 0.284999996
4175 -0.234999999 -0.00500009954 0.294999987
4176 -0.234999999 -0.00500009954 0.305000007
4177 -0.234999999 -0.00500009954 0.314999998
4178 -0.224999994 -0.00500009954 0.24499999
4179 -0.224999994 -0.00500009954 0.254999995
4180 -0.224999994 -0.00500009954 0.264999986
4181 -0.224999994 -0.00500009954 0.275000006
4182 -0.224999994 -0.00500009954 0.284999996
4183 -0.224999994 -0.00500009954 0.294999987
4184 -0.224999994 -0.00500009954 0.305000007
4185 -0.224999994 -0.00500009954 0.314999998
4186 -0.214999989 -0.00500009954 0.24499999
4187 -0.214999989 -0.00500009954 0.254999995
4188 -0.214999989 -0.00500009954 0.264999986
4189 -0.214999989 -0.00500009954 0.275000006
4190 -0.214999989 -0.00500009954 0.284999996
4191 -0.214999989 -0.00500009954 0.294999987
4192 -0.214999989 -0.00500009954 0.305000007
4193 -0.214999989 -0.00500009954 0.314999998
4194 -0.204999998 -0.00500009954 0.24499999
4195 -0.204999998 -0.00500009954 0.254999995
4196 -0.204999998 -0.00500009954 0.264999986
4197 -0.204999998 -0.00500009954 0.275000006
4198 -0.204999998 -0.00500009954 0.284999996
4199 -0.204999998 -0.00500009954 0.294999987
4200 -0.204999998 -0.00500009954 0.305000007
4201 -0.204999998 -0.00500009954 0.314999998
4202 -0.194999993 -0.00500009954 0.24499999
4203 -0.194999993 -0.00500009954 0.254999995
4204 -0.194999993 -0.00500009954 0.264999986
4205 -0.194999993 -0.00500009954 0.275000006
4206 -0.194999993 -0.00500009954 0.284999996
4207 -0.194999993 -0.00500009954 0.294999987
4208 -0.194999993 -0.00500009954 0.305000007
4209 -0.194999993 -0.00500009954 0.314999998
4210 -0.185000002 -0.00500009954 0.24499999
4211 -0.185000002 -0.00500009954 0.254999995
4212 -0.185000002 -0.00500009954 0.264999986
4213 -0.185000002 -0.00500009954 0.275000006
4214 -0.185000002 -0.00500009954 0.284999996
4215 -0.185000002 -0.00500009954 0.294999987
4216 -0.185000002 -0.00500009954 0.305000007
4217 -0.185000002 -0.00500009954 0.314999998
4218 -0.174999997 -0.00500009954 0.24499999
4219 -0.174999997 -0.00500009954 0.254999995
4220 -0.174999997 -0.00500009954 0.264999986
4221 -0.174999997 -0.00500009954 0.275000006
4222 -0.174999997 -0.00500009954 0.284999996
4223 -0.174999997 -0.00500009954 0.294999987
4224 -0.174999997 -0.00500009954 0.305000007
4225 -0.174999997 -0.00500009954 0.314999998
4226 -0.164999992 -0.00500009954 0.24499999
4227 -0.164999992 -0.00500009954 0.254999995
4228 -0.164999992 -0.00500009954 0.264999986
4229 -0.164999992 -0.00500009954 0.275000006
4230 -0.164999992 -0.00500009954 0.284999996
4231 -0.164999992 -0.00500009954 0.294999987
4232 -0.164999992 -0.00500009954 0.305000007
4233 -0.164999992 -0.00500009954 0.314999998
4234 -0.234999999 -0.00500009954 0.324999988
4235 -0.234999999 -0.00500009954 0.334999979
4236 -0.234999999 -0.00500009954 0.344999999
4237 -0.234999999 -0.00500009954 0.354999989
4238 -0.234999999 -0.00500009954 0.36499998
4239 -0.234999999 -0.00500009954 0.375
4240 -0.234999999 -0.00500009954 0.38499999
4241 -0.234999999 -0.00500009954 0.394999981
4242 -0.224999994 -0.00500009954 0.324999988
4243 -0.224999994 -0.00500009954 0.334999979
4244 -0.224999994 -0.00500009954 0.344999999
4245 -0.224999994 -0.00500009954 0.354999989
4246 -0.224999994 -0.00500009954 0.36499998
4247 -0.224999994 -0.00500009954 0.375
4248 -0.224999994 -0.00500009954 0.38499999
4249 -0.224999994 -0.00500009954 0.394999981
4250 -0.214999989 -0.00500009954 0.324999988
4251 -0.214999989 -0.00500009954 0.334999979
4252 -0.214999989 -0.00500009954 0.344999999
4253 -0.214999989 -0.00500009954 0.354999989
4254 -0.214999989 -0.00500009954 0.36499998
4255 -0.214999989 -0.00500009954 0.375
4256 -0.214999989 -0.00500009954 0.38499999
4257 -0.214999989 -0.00500009954 0.394999981
4258 -0.204999998 -0.00500009954 0.324999988
4259 -0.204999998 -0.00500009954 0.334999979
4260 -0.204999998 -0.00500009954 0.344999999
4261 -0.204999998 -0.00500009954 0.354999989
4262 -0.204999998 -0.00500009954 0.36499998
4263 -0.204999998 -0.00500009954 0.375
4264 -0.204999998 -0.00500009954 0.38499999
4265 -0.204999998 -0.00500009954 0.394999981
4266 -0.194999993 -0.00500009954 0.324999988
4267 -0.194999993 -0.00500009954 0.334999979
4268 -0.194999993 -0.00500009954 0.344999999
4269 -0.194999993 -0.00500009954 0.354999989
4270 -0.194999993 -0.00500009954 0.36499998
4271 -0.194999993 -0.00500009954 0.375
4272 -0.194999993 -0.00500009954 0.38499999
4273 -0.194999993 -0.00500009954 0.394999981
4274 -0.185000002 -0.00500009954 0.324999988
4275 -0.185000002 -0.00500009954 0.334999979
4276 -0.185000002 -0.00500009954 0.344999999
4277 -0.185000002 -0.00500009954 0.354999989
4278 -0.185000002 -0.00500009954 0.36499998
4279 -0.185000002 -0.00500009954 0.375
4280 -0.185000002 -0.00500009954 0.38499999
4281 -0.185000002 -0.00500009954 0.394999981
4282 -0.174999997 -0.00500009954 0.324999988
4283 -0.174999997 -0.00500009954 0.334999979
4284 -0.174999997 -0.00500009954 0.344999999
4285 -0.174999997 -0.00500009954 0.354999989
4286 -0.174999997 -0.00500009954 0.36499998
4287 -0.174999997 -0.00500009954 0.375
4288 -0.174999997 -0.00500009954 0.38499999
4289 -0.174999997 -0.00500009954 0.394999981
4290 -0.164999992 -0.00500009954 0.324999988
4291 -0.164999992 -0.00500009954 0.334999979
4292 -0.164999992 -0.00500009954 0.344999999
4293 -0.164999992 -0.00500009954 0.354999989
4294 -0.164999992 -0.00500009954 0.36499998
4295 -0.164999992 -0.00500009954 0.375
4296 -0.164999992 -0.00500009954 0.38499999
4297 -0.164999992 -0.00500009954 0.394999981
4298 -0.234999999 -0.00500009954 0.405000001
4299 -0.234999999 -0.00500009954 0.414999992
4300 -0.234999999 -0.00500009954 0.424999982
4301 -0.234999999 -0.00500009954 0.435000002
4302 -0.234999999 -0.00500009954 0.444999993
4303 -0.234999999 -0.00500009954 0.454999983
4304 -0.234999999 -0.00500009954 0.465000004
4305 -0.234999999 -0.00500009954 0.474999994
4306 -0.224999994 -0.00500009954 0.405000001
4307 -0.224999994 -0.00500009954 0.414999992
4308 -0.224999994 -0.00500009954 0.424999982
4309 -0.224999994 -0.00500009954 0.435000002
4310 -0.224999994 -0.00500009954 0.444999993
4311 -0.224999994 -0.00500009954 0.454999983
4312 -0.224999994 -0.00500009954 0.465000004
4313 -0.224999994 -0.00500009954 0.474999994
4314 -0.214999989 -0.00500009954 0.405000001
4315 -0.214999989 -0.00500009954 0.414999992
4316 -0.214999989 -0.00500009954 0.424999982
4317 -0.214999989 -0.00500009954 0.435000002
4318 -0.214999989 -0.00500009954 0.444999993
4319 -0.214999989 -0.00500009954 0.454999983
4320 -0.214999989 -0.00500009954 0.465000004
4321 -0.214999989 -0.00500009954 0.474999994
4322 -0.204999998 -0.00500009954 0.405000001
4323 -0.204999998 -0.00500009954 0.414999992
4324 -0.204999998 -0.00500009954 0.424999982
4325 -0.204999998 -0.00500009954 0.435000002
4326 -0.204999998 -0.00500009954 0.444999993
4327 -0.204999998 -0.00500009954 0.454999983
4328 -0.204999998 -0.00500009954 0.465000004
4329 -0.204999998 -0.00500009954 0.474999994
4330 -0.194999993 -0.00500009954 0.405000001
4331 -0.194999993 -0.00500009954 0.414999992
4332 -0.194999993 -0.00500009954 0.424999982
4333 -0.194999993 -0.00500009954 0.435000002
4334 -0.194999993 -0.00500009954 0.444999993
4335 -0.194999993 -0.00500009954 0.454999983
4336 -0.194999993 -0.00500009954 0.465000004
4337 -0.194999993 -0.00500009954 0.474999994
4338 -0.185000002 -0.00500009954 0.405000001
4339 -0.185000002 -0.00500009954 0.414999992
4340 -0.185000002 -0.00500009954 0.424999982
4341 -0.185000002 -0.00500009954 0.435000002
4342 -0.185000002 -0.00500009954 0.444999993
4343 -0.185000002 -0.00500009954 0.454999983
4344 -0.185000002 -0.00500009954 0.465000004
4345 -0.185000002 -0.00500009954 0.474999994
4346 -0.174999997 -0.00500009954 0.405000001
4347 -0.174999997 -0.00500009954 0.414999992
4348 -0.174999997 -0.00500009954 0.424999982
4349 -0.174999997 -0.00500009954 0.435000002
4350 -0.174999997 -0.00500009954 0.444999993
4351 -0.174999997 -0.00500009954 0.454999983
4352 -0.174999997 -0.00500009954 0.465000004
4353 -0.174999997 -0.00500009954 0.474999994
4354 -0.164999992 -0.00500009954 0.405000001
4355 -0.164999992 -0.00500009954 0.414999992
4356 -0.164999992 -0.00500009954 0.424999982
4357 -0.164999992 -0.00500009954 0.435000002
4358 -0.164999992 -0.00500009954 0.444999993
4359 -0.164999992 -0.00500009954 0.454999983
4360 -0.164999992 -0.00500009954 0.465000004
4361 -0.164999992 -0.00500009954 0.474999994
4362 -0.234999999 -0.00500009954 0.484999985
4363 -0.234999999 -0.00250014942 0.494999975
4364 -0.234999999 -9.96515155e-08 0.50000006
4365 -0.224999994 -0.00500009954 0.484999985
4366 -0.224999994 -0.00250014942 0.494999975
4367 -0.224999994 -9.96515155e-08 0.50000006
4368 -0.214999989 -0.00500009954 0.484999985
4369 -0.214999989 -0.00250014942 0.494999975
4370 -0.214999989 -9.96515155e-08 0.50000006
4371 -0.204999998 -0.00500009954 0.484999985
4372 -0.204999998 -0.00250014942 0.494999975
4373 -0.204999998 -9.96515155e-08 0.50000006
4374 -0.194999993 -0.00500009954 0.484999985
4375 -0.194999993 -0.00250014942 0.494999975
4376 -0.194999993 -9.96515155e-08 0.50000006
4377 -0.185000002 -0.00500009954 0.484999985
4378 -0.185000002 -0.00250014942 0.494999975
4379 -0.185000002 -9.96515155e-08 0.50000006
4380 -0.174999997 -0.00500009954 0.484999985
4381 -0.174999997 -0.00250014942 0.494999975
4382 -0.174999997 -9.96515155e-08 0.50000006
4383 -0.164999992 -0.00500009954 0.484999985
4384 -0.164999992 -0.00250014942 0.494999975
4385 -0.164999992 -9.96515155e-08 0.50000006
4386 -0.155000001 -0.00500009954 0.00499999989
4387 -0.155000001 -0.00500009954 0.0149999997
4388 -0.155000001 -0.00500009954 0.0249999985
4389 -0.155000001 -0.00500009954 0.0350000001
4390 -0.155000001 -0.00500009954 0.0449999981
4391 -0.155000001 -0.00500009954 0.0549999997
4392 -0.155000001 -0.00500009954 0.0649999976
4393 -0.155000001 -0.00500009954 0.0749999955
4394 -0.144999996 -0.00500009954 0.00499999989
4395 -0.144999996 -0.00500009954 0.0149999997
4396 -0.144999996 -0.00500009954 0.0249999985
4397 -0.144999996 -0.00500009954 0.0350000001
4398 -0.144999996 -0.00500009954 0.0449999981
4399 -0.144999996 -0.00500009954 0.0549999997
4400 -0.144999996 -0.00500009954 0.0649999976
4401 -0.144999996 -0.00500009954 0.0749999955
4402 -0.13499999 -0.00500009954 0.00499999989
4403 -0.13499999 -0.00500009954 0.0149999997
4404 -0.13499999 -0.00500009954 0.0249999985
4405 -0.13499999 -0.00500009954 0.0350000001
4406 -0.13499999 -0.00500009954 0.0449999981
4407 -0.13499999 -0.00500009954 0.0549999997
4408 -0.13499999 -0.00500009954 0.0649999976
4409 -0.13499999 -0.00500009954 0.0749999955
4410 -0.125 -0.00500009954 0.00499999989
4411 -0.125 -0.00500009954 0.0149999997
4412 -0.125 -0.00500009954 0.0249999985
4413 -0.125 -0.00500009954 0.0350000001
4414 -0.125 -0.00500009954 0.0449999981
4415 -0.125 -0.00500009954 0.0549999997
4416 -0.125 -0.00500009954 0.0649999976
4417 -0.125 -0.00500009954 0.0749999955
4418 -0.114999995 -0.00500009954 0.00499999989
4419 -0.114999995 -0.00500009954 0.0149999997
4420 -0.114999995 -0.00500009954 0.0249999985
4421 -0.114999995 -0.00500009954 0.0350000001
4422 -0.114999995 -0.00500009954 0.0449999981
4423 -0.114999995 -0.00500009954 0.0549999997
4424 -0.114999995 -0.00500009954 0.0649999976
4425 -0.114999995 -0.00500009954 0.0749999955
4426 -0.104999997 -0.00500009954 0.00499999989
4427 -0.104999997 -0.00500009954 0.0149999997
4428 -0.104999997 -0.00500009954 0.0249999985
4429 -0.104999997 -0.00500009954 0.0350000001
4430 -0.104999997 -0.00500009954 0.0449999981
4431 -0.104999997 -0.00500009954 0.0549999997
4432 -0.104999997 -0.00500009954 0.0649999976
4433 -0.104999997 -0.00500009954 0.0749999955
4434 -0.0949999988 -0.00500009954 0.00499999989
4435 -0.0949999988 -0.00500009954 0.0149999997
4436 -0.0949999988 -0.00500009954 0.0249999985
4437 -0.0949999988 -0.00500009954 0.0350000001
4438 -0.0949999988 -0.00500009954 0.0449999981
4439 -0.0949999988 -0.00500009954 0.0549999997
4440 -0.0949999988 -0.00500009954 0.0649999976
4441 -0.0949999988 -0.00500009954 0.0749999955
4442 -0.0850000009 -0.00500009954 0.00499999989
4443 -0.0850000009 -0.00500009954 0.0149999997
4444 -0.0850000009 -0.00500009954 0.0249999985
4445 -0.0850000009 -0.00500009954 0.0350000001
4446 -0.0850000009 -0.00500009954 0.0449999981
4447 -0.0850000009 -0.00500009954 0.0549999997
4448 -0.0850000009 -0.00500009954 0.0649999976
4449 -0.0850000009 -0.00500009954 0.0749999955
4450 -0.155000001 -0.00500009954 0.0850000009
4451 -0.155000001 -0.00500009954 0.0949999988
4452 -0.155000001 -0.00500009954 0.104999997
4453 -0.155000001 -0.00500009954 0.114999995
4454 -0.155000001 -0.00500009954 0.125
4455 -0.155000001 -0.00500009954 0.13499999
4456 -0.155000001 -0.00500009954 0.144999996
4457 -0.155000001 -0.00500009954 0.155000001
4458 -0.144999996 -0.00500009954 0.0850000009
4459 -0.144999996 -0.00500009954 0.0949999988
4460 -0.144999996 -0.00500009954 0.104999997
4461 -0.144999996 -0.00500009954 0.114999995
4462 -0.144999996 -0.00500009954 0.125
4463 -0.144999996 -0.00500009954 0.13499999
4464 -0.144999996 -0.00500009954 0.144999996
4465 -0.144999996 -0.00500009954 0.155000001
4466 -0.13499999 -0.00500009954 0.0850000009
4467 -0.13499999 -0.00500009954 0.0949999988
4468 -0.13499999 -0.00500009954 0.104999997
4469 -0.13499999 -0.00500009954 0.114999995
4470 -0.13499999 -0.00500009954 0.125
4471 -0.13499999 -0.00500009954 0.13499999
4472 -0.13499999 -0.00500009954 0.144999996
4473 -0.13499999 -0.00500009954 0.155000001
4474 -0.125 -0.00500009954 0.0850000009
4475 -0.125 -0.00500009954 0.0949999988
4476 -0.125 -0.00500009954 0.104999997
4477 -0.125 -0.00500009954 0.114999995
4478 -0.125 -0.00500009954 0.125
4479 -0.125 -0.00500009954 0.13499999
4480 -0.125 -0.00500009954 0.144999996
4481 -0.125 -0.00500009954 0.155000001
4482 -0.114999995 -0.00500009954 0.0850000009
4483 -0.114999995 -0.00500009954 0.0949999988
4484 -0.114999995 -0.00500009954 0.104999997
4485 -0.114999995 -0.00500009954 0.114999995
4486 -0.114999995 -0.00500009954 0.125
4487 -0.114999995 -0.00500009954 0.13499999
4488 -0.114999995 -0.00500009954 0.144999996
4489 -0.114999995 -0.00500009954 0.155000001
4490 -0.104999997 -0.00500009954 0.0850000009
4491 -0.104999997 -0.00500009954 0.0949999988
4492 -0.104999997 -0.00500009954 0.104999997
4493 -0.104999997 -0.00500009954 0.114999995
4494 -0.104999997 -0.00500009954 0.125
4495 -0.104999997 -0.00500009954 0.13499999
4496 -0.104999997 -0.00500009954 0.144999996
4497 -0.104999997 -0.00500009954 0.155000001
4498 -0.0949999988 -0.00500009954 0.0850000009
4499 -0.0949999988 -0.00500009954 0.0949999988
4500 -0.0949999988 -0.00500009954 0.104999997
4501 -0.0949999988 -0.00500009954 0.114999995
4502 -0.0949999988 -0.00500009954 0.125
4503 -0.0949999988 -0.00500009954 0.13499999
4504 -0.0949999988 -0.00500009954 0.144999996
4505 -0.0949999988 -0.00500009954 0.155000001
4506 -0.0850000009 -0.00500009954 0.0850000009
4507 -0.0850000009 -0.00500009954 0.0949999988
4508 -0.0850000009 -0.00500009954 0.104999997
4509 -0.0850000009 -0.00500009954 0.114999995
4510 -0.0850000009 -0.00500009954 0.125
4511 -0.0850000009 -0.00500009954 0.13499999
4512 -0.0850000009 -0.00500009954 0.144999996
4513 -0.0850000009 -0.00500009954 0.155000001
4514 -0.155000001 -0.00500009954 0.164999992
4515 -0.155000001 -0.00500009954 0.174999997
4516 -0.155000001 -0.00500009954 0.185000002
4517 -0.155000001 -0.00500009954 0.194999993
4518 -0.155000001 -0.00500009954 0.204999998
4519 -0.155000001 -0.00500009954 0.214999989
4520 -0.155000001 -0.00500009954 0.224999994
4521 -0.155000001 -0.00500009954 0.234999999
4522 -0.144999996 -0.00500009954 0.164999992
4523 -0.144999996 -0.00500009954 0.174999997
4524 -0.144999996 -0.00500009954 0.185000002
4525 -0.144999996 -0.00500009954 0.194999993
4526 -0.144999996 -0.00500009954 0.204999998
4527 -0.144999996 -0.00500009954 0.214999989
4528 -0.144999996 -0.00500009954 0.224999994
4529 -0.144999996 -0.00500009954 0.234999999
4530 -0.13499999 -0.00500009954 0.164999992
4531 -0.13499999 -0.00500009954 0.174999997
4532 -0.13499999 -0.00500009954 0.185000002
4533 -0.13499999 -0.00500009954 0.194999993
4534 -0.13499999 -0.00500009954 0.204999998
4535 -0.13499999 -0.00500009954 0.214999989
4536 -0.13499999 -0.00500009954 0.224999994
4537 -0.13499999 -0.00500009954 0.234999999
4538 -0.125 -0.00500009954 0.164999992
4539 -0.125 -0.00500009954 0.174999997
4540 -0.125 -0.00500009954 0.185000002
4541 -0.125 -0.00500009954 0.194999993
4542 -0.125 -0.00500009954 0.204999998
4543 -0.125 -0.00500009954 0.214999989
4544 -0.125 -0.00500009954 0.224999994
4545 -0.125 -0.00500009954 0.234999999
4546 -0.114999995 -0.00500009954 0.164999992
4547 -0.114999995 -0.00500009954 0.174999997
4548 -0.114999995 -0.00500009954 0.185000002
4549 -0.114999995 -0.00500009954 0.194999993
4550 -0.114999995 -0.00500009954 0.204999998
4551 -0.114999995 -0.00500009954 0.214999989
4552 -0.114999995 -0.00500009954 0.224999994
4553 -0.114999995 -0.00500009954 0.234999999
4554 -0.104999997 -0.00500009954 0.164999992
4555 -0.104999997 -0.00500009954 0.174999997
4556 -0.104999997 -0.00500009954 0.185000002
4557 -0.104999997 -0.00500009954 0.194999993
4558 -0.104999997 -0.00500009954 0.204999998
4559 -0.104999997 -0.00500009954 0.214999989
4560 -0.104999997 -0.00500009954 0.224999994
4561 -0.104999997 -0.00500009954 0.234999999
4562 -0.0949999988 -0.00500009954 0.164999992
4563 -0.0949999988 -0.00500009954 0.174999997
4564 -0.0949999988 -0.00500009954 0.185000002
4565 -0.0949999988 -0.00500009954 0.194999993
4566 -0.0949999988 -0.00500009954 0.204999998
4567 -0.0949999988 -0.00500009954 0.214999989
4568 -0.0949999988 -0.00500009954 0.224999994
4569 -0.0949999988 -0.00500009954 0.234999999
4570 -0.0850000009 -0.00500009954 0.164999992
4571 -0.0850000009 -0.00500009954 0.174999997
4572 -0.0850000009 -0.00500009954 0.185000002
4573 -0.0850000009 -0.00500009954 0.194999993
4574 -0.0850000009 -0.00500009954 0.204999998
4575 -0.0850000009 -0.00500009954 0.214999989
4576 -0.0850000009 -0.00500009954 0.224999994
4577 -0.0850000009 -0.00500009954 0.234999999
4578 -0.155000001 -0.00500009954 0.24499999
4579 -0.155000001 -0.00500009954 0.254999995
4580 -0.155000001 -0.00500009954 0.264999986
4581 -0.155000001 -0.00500009954 0.275000006
4582 -0.155000001 -0.00500009954 0.284999996
4583 -0.155000001 -0.00500009954 0.294999987
4584 -0.155000001 -0.00500009954 0.305000007
4585 -0.155000001 -0.00500009954 0.314999998
4586 -0.144999996 -0.00500009954 0.24499999
4587 -0.144999996 -0.00500009954 0.254999995
4588 -0.144999996 -0.00500009954 0.264999986
4589 -0.144999996 -0.00500009954 0.275000006
4590 -0.144999996 -0.00500009954 0.284999996
4591 -0.144999996 -0.00500009954 0.294999987
4592 -0.144999996 -0.00500009954 0.305000007
4593 -0.144999996 -0.00500009954 0.314999998
4594 -0.13499999 -0.00500009954 0.24499999
4595 -0.13499999 -0.00500009954 0.254999995
4596 -0.13499999 -0.00500009954 0.264999986
4597 -0.13499999 -0.00500009954 0.275000006
4598 -0.13499999 -0.00500009954 0.284999996
4599 -0.13499999 -0.00500009954 0.294999987
4600 -0.13499999 -0.00500009954 0.305000007
4601 -0.13499999 -0.00500009954 0.314999998
4602 -0.125 -0.00500009954 0.24499999
4603 -0.125 -0.00500009954 0.254999995
4604 -0.125 -0.00500009954 0.264999986
4605 -0.125 -0.00500009954 0.275000006
4606 -0.125 -0.00500009954 0.284999996
4607 -0.125 -0.00500009954 0.294999987
4608 -0.125 -0.00500009954 0.305000007
4609 -0.125 -0.00500009954 0.314999998
4610 -0.114999995 -0.00500009954 0.24499999
4611 -0.114999995 -0.00500009954 0.254999995
4612 -0.114999995 -0.00500009954 0.264999986
4613 -0.114999995 -0.00500009954 0.275000006
4614 -0.114999995 -0.00500009954 0.284999996
4615 -0.114999995 -0.00500009954 0.294999987
4616 -0.114999995 -0.00500009954 0.305000007
4617 -0.114999995 -0.00500009954 0.314999998
4618 -0.104999997 -0.00500009954 0.24499999
4619 -0.104999997 -0.00500009954 0.254999995
4620 -0.104999997 -0.00500009954 0.264999986
4621 -0.104999997 -0.00500009954 0.275000006
4622 -0.104999997 -0.00500009954 0.284999996
4623 -0.104999997 -0.00500009954 0.294999987
4624 -0.104999997 -0.00500009954 0.305000007
4625 -0.104999997 -0.00500009954 0.314999998
4626 -0.0949999988 -0.00500009954 0.24499999
4627 -0.0949999988 -0.00500009954 0.254999995
4628 -0.0949999988 -0.00500009954 0.264999986
4629 -0.0949999988 -0.00500009954 0.275000006
4630 -0.0949999988 -0.00500009954 0.284999996
4631 -0.0949999988 -0.00500009954 0.294999987
4632 -0.0949999988 -0.00500009954 0.305000007
4633 -0.0949999988 -0.00500009954 0.314999998
4634 -0.0850000009 -0.00500009954 0.24499999
4635 -0.0850000009 -0.00500009954 0.254999995
4636 -0.0850000009 -0.00500009954 0.264999986
4637 -0.0850000009 -0.00500009954 0.275000006
4638 -0.0850000009 -0.00500009954 0.284999996
4639 -0.0850000009 -0.00500009954 0.294999987
4640 -0.0850000009 -0.00500009954 0.305000007
4641 -0.0850000009 -0.00500009954 0.314999998
4642 -0.155000001 -0.00500009954 0.324999988
4643 -0.155000001 -0.00500009954 0.334999979
4644 -0.155000001 -0.00500009954 0.344999999
4645 -0.155000001 -0.00500009954 0.354999989
4646 -0.155000001 -0.00500009954 0.36499998
4647 -0.155000001 -0.00500009954 0.375
4648 -0.155000001 -0.00500009954 0.38499999
4649 -0.155000001 -0.00500009954 0.394999981
4650 -0.144999996 -0.00500009954 0.324999988
4651 -0.144999996 -0.00500009954 0.334999979
4652 -0.144999996 -0.00500009954 0.344999999
4653 -0.144999996 -0.00500009954 0.354999989
4654 -0.144999996 -0.00500009954 0.36499998
4655 -0.144999996 -0.00500009954 0.375
4656 -0.144999996 -0.00500009954 0.38499999
4657 -0.144999996 -0.00500009954 0.394999981
4658 -0.13499999 -0.00500009954 0.324999988
4659 -0.13499999 -0.00500009954 0.334999979
4660 -0.13499999 -0.00500009954 0.344999999
4661 -0.13499999 -0.00500009954 0.354999989
4662 -0.13499999 -0.00500009954 0.36499998
4663 -0.13499999 -0.00500009954 0.375
4664 -0.13499999 -0.00500009954 0.38499999
4665 -0.13499999 -0.00500009954 0.394999981
4666 -0.125 -0.00500009954 0.324999988
4667 -0.125 -0.00500009954 0.334999979
4668 -0.125 -0.00500009954 0.344999999
4669 -0.125 -0.00500009954 0.354999989
4670 -0.125 -0.00500009954 0.36499998
4671 -0.125 -0.00500009954 0.375
4672 -0.125 -0.00500009954 0.38499999
4673 -0.125 -0.00500009954 0.394999981
4674 -0.114999995 -0.00500009954 0.324999988
4675 -0.114999995 -0.00500009954 0.334999979
4676 -0.114999995 -0.00500009954 0.344999999
4677 -0.114999995 -0.00500009954 0.354999989
4678 -0.114999995 -0.00500009954 0.36499998
4679 -0.114999995 -0.00500009954 0.375
4680 -0.114999995 -0.00500009954 0.38499999
4681 -0.114999995 -0.00500009954 0.394999981
4682 -0.104999997 -0.00500009954 0.324999988
4683 -0.104999997 -0.00500009954 0.334999979
4684 -0.104999997 -0.00500009954 0.344999999
4685 -0.104999997 -0.00500009954 0.354999989
4686 -0.104999997 -0.00500009954 0.36499998
4687 -0.104999997 -0.00500009954 0.375
4688 -0.104999997 -0.00500009954 0.38499999
4689 -0.104999997 -0.00500009954 0.394999981
4690 -0.0949999988 -0.00500009954 0.324999988
4691 -0.0949999988 -0.00500009954 0.334999979
4692 -0.0949999988 -0.00500009954 0.344999999
4693 -0.0949999988 -0.00500009954 0.354999989
4694 -0.0949999988 -0.00500009954 0.36499998
4695 -0.0949999988 -0.00500009954 0.375
4696 -0.0949999988 -0.00500009954 0.38499999
4697 -0.0949999988 -0.00500009954 0.394999981
4698 -0.0850000009 -0.00500009954 0.324999988
4699 -0.0850000009 -0.00500009954 0.334999979
4700 -0.0850000009 -0.00500009954 0.344999999
4701 -0.0850000009 -0.00500009954 0.354999989
4702 -0.0850000009 -0.00500009954 0.36499998
4703 -0.0850000009 -0.00500009954 0.375
4704 -0.0850000009 -0.00500009954 0.38499999
4705 -0.0850000009 -0.00500009954 0.394999981
4706 -0.155000001 -0.00500009954 0.405000001
4707 -0.155000001 -0.00500009954 0.414999992
4708 -0.155000001 -0.00500009954 0.424999982
4709 -0.155000001 -0.00500009954 0.435000002
4710 -0.155000001 -0.00500009954 0.444999993
4711 -0.155000001 -0.00500009954 0.454999983
4712 -0.155000001 -0.00500009954 0.465000004
4713 -0.155000001 -0.00500009954 0.474999994
4714 -0.144999996 -0.00500009954 0.405000001
4715 -0.144999996 -0.00500009954 0.414999992
4716 -0.144999996 -0.00500009954 0.424999982
4717 -0.144999996 -0.00500009954 0.435000002
4718 -0.144999996 -0.00500009954 0.444999993
4719 -0.144999996 -0.00500009954 0.454999983
4720 -0.144999996 -0.00500009954 0.465000004
4721 -0.144999996 -0.00500009954 0.474999994
4722 -0.13499999 -0.00500009954 0.405000001
4723 -0.13499999 -0.00500009954 0.414999992
4724 -0.13499999 -0.00500009954 0.424999982
4725 -0.13499999 -0.00500009954 0.435000002
4726 -0.13499999 -0.00500009954 0.444999993
4727 -0.13499999 -0.00500009954 0.454999983
4728 -0.13499999 -0.00500009954 0.465000004
4729 -0.13499999 -0.00500009954 0.474999994
4730 -0.125 -0.00500009954 0.405000001
4731 -0.125 -0.00500009954 0.414999992
4732 -0.125 -0.00500009954 0.424999982
4733 -0.125 -0.00500009954 0.435000002
4734 -0.125 -0.00500009954 0.444999993
4735 -0.125 -0.00500009954 0.454999983
4736 -0.125 -0.00500009954 0.465000004
4737 -0.125 -0.00500009954 0.474999994
4738 -0.114999995 -0.00500009954 0.405000001
4739 -0.114999995 -0.00500009954 0.414999992
4740 -0.114999995 -0.00500009954 0.424999982
4741 -0.114999995 -0.00500009954 0.435000002
4742 -0.114999995 -0.00500009954 0.444999993
4743 -0.114999995 -0.00500009954 0.454999983
4744 -0.114999995 -0.00500009954 0.465000004
4745 -0.114999995 -0.00500009954 0.474999994
4746 -0.104999997 -0.00500009954 0.405000001
4747 -0.104999997 -0.00500009954 0.414999992
4748 -0.104999997 -0.00500009954 0.424999982
4749 -0.104999997 -0.00500009954 0.435000002
4750 -0.104999997 -0.00500009954 0.444999993
4751 -0.104999997 -0.00500009954 0.454999983
4752 -0.104999997 -0.00500009954 0.465000004
4753 -0.104999997 -0.00500009954 0.474999994
4754 -0.0949999988 -0.00500009954 0.405000001
4755 -0.0949999988 -0.00500009954 0.414999992
4756 -0.0949999988 -0.00500009954 0.424999982
4757 -0.0949999988 -0.00500009954 0.435000002
4758 -0.0949999988 -0.00500009954 0.444999993
4759 -0.0949999988 -0.00500009954 0.454999983
4760 -0.0949999988 -0.00500009954 0.465000004
4761 -0.0949999988 -0.00500009954 0.474999994
4762 -0.0850000009 -0.00500009954 0.405000001
4763 -0.0850000009 -0.00500009954 0.414999992
4764 -0.0850000009 -0.00500009954 0.424999982
4765 -0.0850000009 -0.00500009954 0.435000002
4766 -0.0850000009 -0.00500009954 0.444999993
4767 -0.0850000009 -0.00500009954 0.454999983
4768 -0.0850000009 -0.00500009954 0.465000004
4769 -0.0850000009 -0.00500009954 0.474999994
4770 -0.155000001 -0.00500009954 0.484999985
4771 -0.155000001 -0.00250014942 0.494999975
4772 -0.155000001 -9.96515155e-08 0.50000006
4773 -0.144999996 -0.00500009954 0.484999985
4774 -0.144999996 -0.00250014942 0.494999975
4775 -0.144999996 -9.96515155e-08 0.50000006
4776 -0.13499999 -0.00500009954 0.484999985
4777 -0.13499999 -0.00250014942 0.494999975
4778 -0.13499999 -9.96515155e-08 0.50000006
4779 -0.125 -0.00500009954 0.484999985
4780 -0.125 -0.00250014942 0.494999975
4781 -0.125 -9.96515155e-08 0.50000006
4782 -0.114999995 -0.00500009954 0.484999985
4783 -0.114999995 -0.00250014942 0.494999975
4784 -0.114999995 -9.96515155e-08 0.50000006
4785 -0.104999997 -0.00500009954 0.484999985
4786 -0.104999997 -0.00250014942 0.494999975
4787 -0.104999997 -9.96515155e-08 0.50000006
4788 -0.0949999988 -0.00500009954 0.484999985
4789 -0.0949999988 -0.00250014942 0.494999975
4790 -0.0949999988 -9.96515155e-08 0.50000006
4791 -0.0850000009 -0.00500009954 0.484999985
4792 -0.0850000009 -0.00250014942 0.494999975
4793 -0.0850000009 -9.96515155e-08 0.50000006
4794 -0.0749999955 -0.00500009954 0.00499999989
4795 -0.0749999955 -0.00500009954 0.0149999997
4796 -0.0749999955 -0.00500009954 0.0249999985
4797 -0.0749999955 -0.00500009954 0.0350000001
4798 -0.0749999955 -0.00500009954 0.0449999981
4799 -0.0749999955 -0.00500009954 0.0549999997
4800 -0.0749999955 -0.00500009954 0.0649999976
4801 -0.0749999955 -0.00500009954 0.0749999955
4802 -0.0649999976 -0.00500009954 0.00499999989
4803 -0.0649999976 -0.00500009954 0.0149999997
4804 -0.0649999976 -0.00500009954 0.0249999985
4805 -0.0649999976 -0.00500009954 0.0350000001
4806 -0.0649999976 -0.00500009954 0.0449999981
4807 -0.0649999976 -0.00500009954 0.0549999997
4808 -0.0649999976 -0.00500009954 0.0649999976
4809 -0.0649999976 -0.00500009954 0.0749999955
4810 -0.0549999997 -0.00500009954 0.00499999989
4811 -0.0549999997 -0.00500009954 0.0149999997
4812 -0.0549999997 -0.00500009954 0.0249999985
4813 -0.0549999997 -0.00500009954 0.0350000001
4814 -0.0549999997 -0.00500009954 0.0449999981
4815 -0.0549999997 -0.00500009954 0.0549999997
4816 -0.0549999997 -0.00500009954 0.0649999976
4817 -0.0549999997 -0.00500009954 0.0749999955
4818 -0.0449999981 -0.00500009954 0.00499999989
4819 -0.0449999981 -0.00500009954 0.0149999997
4820 -0.0449999981 -0.00500009954 0.0249999985
4821 -0.0449999981 -0.00500009954 0.0350000001
4822 -0.0449999981 -0.00500009954 0.0449999981
4823 -0.0449999981 -0.00500009954 0.0549999997
4824 -0.0449999981 -0.00500009954 0.0649999976
4825 -0.0449999981 -0.00500009954 0.0749999955
4826 -0.0350000001 -0.00500009954 0.00499999989
4827 -0.0350000001 -0.00500009954 0.0149999997
4828 -0.0350000001 -0.00500009954 0.0249999985
4829 -0.0350000001 -0.00500009954 0.0350000001
4830 -0.0350000001 -0.00500009954 0.0449999981
4831 -0.0350000001 -0.00500009954 0.0549999997
4832 -0.0350000001 -0.00500009954 0.0649999976
4833 -0.0350000001 -0.00500009954 0.0749999955
4834 -0.0249999985 -0.00500009954 0.00499999989
4835 -0.0249999985 -0.00500009954 0.0149999997
4836 -0.0249999985 -0.00500009954 0.0249999985
4837 -0.0249999985 -0.00500009954 0.0350000001
4838 -0.0249999985 -0.00500009954 0.0449999981
4839 -0.0249999985 -0.00500009954 0.0549999997
4840 -0.0249999985 -0.00500009954 0.0649999976
4841 -0.0249999985 -0.00500009954 0.0749999955
4842 -0.0149999997 -0.00500009954 0.00499999989
4843 -0.0149999997 -0.00500009954 0.0149999997
4844 -0.0149999997 -0.00500009954 0.0249999985
4845 -0.0149999997 -0.00500009954 0.0350000001
4846 -0.0149999997 -0.00500009954 0.0449999981
4847 -0.0149999997 -0.00500009954 0.0549999997
4848 -0.0149999997 -0.00500009954 0.0649999976
4849 -0.0149999997 -0.00500009954 0.0749999955
4850 -0.00499999989 -0.00500009954 0.00499999989
4851 -0.00499999989 -0.00500009954 0.0149999997
4852 -0.00499999989 -0.00500009954 0.0249999985
4853 -0.00499999989 -0.00500009954 0.0350000001
4854 -0.00499999989 -0.00500009954 0.0449999981
4855 -0.00499999989 -0.00500009954 0.0549999997
4856 -0.00499999989 -0.00500009954 0.0649999976
4857 -0.00499999989 -0.00500009954 0.0749999955
4858 -0.0749999955 -0.00500009954 0.0850000009
4859 -0.0749999955 -0.00500009954 0.0949999988
4860 -0.0749999955 -0.00500009954 0.104999997
4861 -0.0749999955 -0.00500009954 0.114999995
4862 -0.0749999955 -0.00500009954 0.125
4863 -0.0749999955 -0.00500009954 0.13499999
4864 -0.0749999955 -0.00500009954 0.144999996
4865 -0.0749999955 -0.00500009954 0.155000001
4866 -0.0649999976 -0.00500009954 0.0850000009
4867 -0.0649999976 -0.00500009954 0.0949999988
4868 -0.0649999976 -0.00500009954 0.104999997
4869 -0.0649999976 -0.00500009954 0.114999995
4870 -0.0649999976 -0.00500009954 0.125
4871 -0.0649999976 -0.00500009954 0.13499999
4872 -0.0649999976 -0.00500009954 0.144999996
4873 -0.0649999976 -0.00500009954 0.155000001
4874 -0.0549999997 -0.00500009954 0.0850000009
4875 -0.0549999997 -0.00500009954 0.0949999988
4876 -0.0549999997 -0.00500009954 0.104999997
4877 -0.0549999997 -0.00500009954 0.114999995
4878 -0.0549999997 -0.00500009954 0.125
4879 -0.0549999997 -0.00500009954 0.13499999
4880 -0.0549999997 -0.00500009954 0.144999996
4881 -0.0549999997 -0.00500009954 0.155000001
4882 -0.0449999981 -0.00500009954 0.0850000009
4883 -0.0449999981 -0.00500009954 0.0949999988
4884 -0.0449999981 -0.00500009954 0.104999997
4885 -0.0449999981 -0.00500009954 0.114999995
4886 -0.0449999981 -0.00500009954 0.125
4887 -0.0449999981 -0.00500009954 0.13499999
4888 -0.0449999981 -0.00500009954 0.144999996
4889 -0.0449999981 -0.00500009954 0.155000001
4890 -0.0350000001 -0.00500009954 0.0850000009
4891 -0.0350000001 -0.00500009954 0.0949999988
4892 -0.0350000001 -0.00500009954 0.104999997
4893 -0.0350000001 -0.00500009954 0.114999995
4894 -0.0350000001 -0.00500009954 0.125
4895 -0.0350000001 -0.00500009954 0.13499999
4896 -0.0350000001 -0.00500009954 0.144999996
4897 -0.0350000001 -0.00500009954 0.155000001
4898 -0.0249999985 -0.00500009954 0.0850000009
4899 -0.0249999985 -0.00500009954 0.0949999988
4900 -0.0249999985 -0.00500009954 0.104999997
4901 -0.0249999985 -0.00500009954 0.114999995
4902 -0.0249999985 -0.00500009954 0.125
4903 -0.0249999985 -0.00500009954 0.13499999
4904 -0.0249999985 -0.00500009954 0.144999996
4905 -0.0249999985 -0.00500009954 0.155000001
4906 -0.0149999997 -0.00500009954 0.0850000009
4907 -0.0149999997 -0.00500009954 0.0949999988
4908 -0.0149999997 -0.00500009954 0.104999997
4909 -0.0149999997 -0.00500009954 0.114999995
4910 -0.0149999997 -0.00500009954 0.125
4911 -0.0149999997 -0.00500009954 0.13499999
4912 -0.0149999997 -0.00500009954 0.144999996
4913 -0.0149999997 -0.00500009954 0.155000001
4914 -0.00499999989 -0.00500009954 0.0850000009
4915 -0.00499999989 -0.00500009954 0.0949999988
4916 -0.00499999989 -0.00500009954 0.104999997
4917 -0.00499999989 -0.00500009954 0.114999995
4918 -0.00499999989 -0.00500009954 0.125
4919 -0.00499999989 -0.00500009954 0.13499999
4920 -0.00499999989 -0.00500009954 0.144999996
4921 -0.00499999989 -0.00500009954 0.155000001
4922 -0.0749999955 -0.00500009954 0.164999992
4923 -0.0749999955 -0.00500009954 0.174999997
4924 -0.0749999955 -0.00500009954 0.185000002
4925 -0.0749999955 -0.00500009954 0.194999993
4926 -0.0749999955 -0.00500009954 0.204999998
4927 -0.0749999955 -0.00500009954 0.214999989
4928 -0.0749999955 -0.00500009954 0.224999994
4929 -0.0749999955 -0.00500009954 0.234999999
4930 -0.0649999976 -0.00500009954 0.164999992
4931 -0.0649999976 -0.00500009954 0.174999997
4932 -0.0649999976 -0.00500009954 0.185000002
4933 -0.0649999976 -0.00500009954 0.194999993
4934 -0.0649999976 -0.00500009954 0.204999998
4935 -0.0649999976 -0.00500009954 0.214999989
4936 -0.0649999976 -0.00500009954 0.224999994
4937 -0.0649999976 -0.00500009954 0.234999999
4938 -0.0549999997 -0.00500009954 0.164999992
4939 -0.0549999997 -0.00500009954 0.174999997
4940 -0.0549999997 -0.00500009954 0.185000002
4941 -0.0549999997 -0.00500009954 0.194999993
4942 -0.0549999997 -0.00500009954 0.204999998
4943 -0.0549999997 -0.00500009954 0.214999989
4944 -0.0549999997 -0.00500009954 0.224999994
4945 -0.0549999997 -0.00500009954 0.234999999
4946 -0.0449999981 -0.00500009954 0.164999992
4947 -0.0449999981 -0.00500009954 0.174999997
4948 -0.0449999981 -0.00500009954 0.185000002
4949 -0.0449999981 -0.00500009954 0.194999993
4950 -0.0449999981 -0.00500009954 0.204999998
4951 -0.0449999981 -0.00500009954 0.214999989
4952 -0.0449999981 -0.00500009954 0.224999994
4953 -0.0449999981 -0.00500009954 0.234999999
4954 -0.0350000001 -0.00500009954 0.164999992
4955 -0.0350000001 -0.00500009954 0.174999997
4956 -0.0350000001 -0.00500009954 0.185000002
4957 -0.0350000001 -0.00500009954 0.194999993
4958 -0.0350000001 -0.00500009954 0.204999998
4959 -0.0350000001 -0.00500009954 0.214999989
4960 -0.0350000001 -0.00500009954 0.224999994
4961 -0.0350000001 -0.00500009954 0.234999999
4962 -0.0249999985 -0.00500009954 0.164999992
4963 -0.0249999985 -0.00500009954 0.174999997
4964 -0.0249999985 -0.00500009954 0.185000002
4965 -0.0249999985 -0.00500009954 0.194999993
4966 -0.0249999985 -0.00500009954 0.204999998
4967 -0.0249999985 -0.00500009954 0.214999989
4968 -0.0249999985 -0.00500009954 0.224999994
4969 -0.0249999985 -0.00500009954 0.234999999
4970 -0.0149999997 -0.00500009954 0.164999992
4971 -0.0149999997 -0.00500009954 0.174999997
4972 -0.0149999997 -0.00500009954 0.185000002
4973 -0.0149999997 -0.00500009954 0.194999993
4974 -0.0149999997 -0.00500009954 0.204999998
4975 -0.0149999997 -0.00500009954 0.214999989
4976 -0.0149999997 -0.00500009954 0.224999994
4977 -0.0149999997 -0.00500009954 0.234999999
4978 -0.00499999989 -0.00500009954 0.164999992
4979 -0.00499999989 -0.00500009954 0.174999997
4980 -0.00499999989 -0.00500009954 0.185000002
4981 -0.00499999989 -0.00500009954 0.194999993
4982 -0.00499999989 -0.00500009954 0.204999998
4983 -0.00499999989 -0.00500009954 0.214999989
4984 -0.00499999989 -0.00500009954 0.224999994
4985 -0.00499999989 -0.00500009954 0.234999999
4986 -0.0749999955 -0.00500009954 0.24499999
4987 -0.0749999955 -0.00500009954 0.254999995
4988 -0.0749999955 -0.00500009954 0.264999986
4989 -0.0749999955 -0.00500009954 0.275000006
4990 -0.0749999955 -0.00500009954 0.284999996
4991 -0.0749999955 -0.00500009954 0.294999987
4992 -0.0749999955 -0.00500009954 0.305000007
4993 -0.0749999955 -0.00500009954 0.314999998
4994 -0.0649999976 -0.00500009954 0.24499999
4995 -0.0649999976 -0.00500009954 0.254999995
4996 -0.0649999976 -0.00500009954 0.264999986
4997 -0.0649999976 -0.00500009954 0.275000006
4998 -0.0649999976 -0.00500009954 0.284999996
4999 -0.0649999976 -0.00500009954 0.294999987
5000 -0.0649999976 -0.00500009954 0.305000007
5001 -0.0649999976 -0.00500009954 0.314999998
5002 -0.0549999997 -0.00500009954 0.24499999
5003 -0.0549999997 -0.00500009954 0.254999995
5004 -0.0549999997 -0.00500009954 0.264999986
5005 -0.0549999997 -0.00500009954 0.275000006
5006 -0.0549999997 -0.00500009954 0.284999996
5007 -0.0549999997 -0.00500009954 0.294999987
5008 -0.0549999997 -0.00500009954 0.305000007
5009 -0.0549999997 -0.00500009954 0.314999998
5010 -0.0449999981 -0.00500009954 0.24499999
5011 -0.0449999981 -0.00500009954 0.254999995
5012 -0.0449999981 -0.00500009954 0.264999986
5013 -0.0449999981 -0.00500009954 0.275000006
5014 -0.0449999981 -0.00500009954 0.284999996
5015 -0.0449999981 -0.00500009954 0.294999987
5016 -0.0449999981 -0.00500009954 0.305000007
5017 -0.0449999981 -0.00500009954 0.314999998
5018 -0.0350000001 -0.00500009954 0.24499999
5019 -0.0350000001 -0.00500009954 0.254999995
5020 -0.0350000001 -0.00500009954 0.264999986
5021 -0.0350000001 -0.00500009954 0.275000006
5022 -0.0350000001 -0.00500009954 0.284999996
5023 -0.0350000001 -0.00500009954 0.294999987
5024 -0.0350000001 -0.00500009954 0.305000007
5025 -0.0350000001 -0.00500009954 0.314999998
5026 -0.0249999985 -0.00500009954 0.24499999
5027 -0.0249999985 -0.00500009954 0.254999995
5028 -0.0249999985 -0.00500009954 0.264999986
5029 -0.0249999985 -0.00500009954 0.275000006
5030 -0.0249999985 -0.00500009954 0.284999996
5031 -0.0249999985 -0.00500009954 0.294999987
5032 -0.0249999985 -0.00500009954 0.305000007
5033 -0.0249999985 -0.00500009954 0.314999998
5034 -0.0149999997 -0.00500009954 0.24499999
5035 -0.0149999997 -0.00500009954 0.254999995
5036 -0.0149999997 -0.00500009954 0.264999986
5037 -0.0149999997 -0.00500009954 0.275000006
5038 -0.0149999997 -0.00500009954 0.284999996
5039 -0.0149999997 -0.00500009954 0.294999987
5040 -0.0149999997 -0.00500009954 0.305000007
5041 -0.0149999997 -0.00500009954 0.314999998
5042 -0.00499999989 -0.00500009954 0.24499999
5043 -0.00499999989 -0.00500009954 0.254999995
5044 -0.00499999989 -0.00500009954 0.264999986
5045 -0.00499999989 -0.00500009954 0.275000006
5046 -0.00499999989 -0.00500009954 0.284999996
5047 -0.00499999989 -0.00500009954 0.294999987
5048 -0.00499999989 -0.00500009954 0.305000007
5049 -0.00499999989 -0.00500009954 0.314999998
5050 -0.0749999955 -0.00500009954 0.324999988
5051 -0.0749999955 -0.00500009954 0.334999979
5052 -0.0749999955 -0.00500009954 0.344999999
5053 -0.0749999955 -0.00500009954 0.354999989
5054 -0.0749999955 -0.00500009954 0.36499998
5055 -0.0749999955 -0.00500009954 0.375
5056 -0.0749999955 -0.00500009954 0.38499999
5057 -0.0749999955 -0.00500009954 0.394999981
5058 -0.0649999976 -0.00500009954 0.324999988
5059 -0.0649999976 -0.00500009954 0.334999979
5060 -0.0649999976 -0.00500009954 0.344999999
5061 -0.0649999976 -0.00500009954 0.354999989
5062 -0.0649999976 -0.00500009954 0.36499998
5063 -0.0649999976 -0.00500009954 0.375
5064 -0.0649999976 -0.00500009954 0.38499999
5065 -0.0649999976 -0.00500009954 0.394999981
5066 -0.0549999997 -0.00500009954 0.324999988
5067 -0.0549999997 -0.00500009954 0.334999979
5068 -0.0549999997 -0.00500009954 0.344999999
5069 -0.0549999997 -0.00500009954 0.354999989
5070 -0.0549999997 -0.00500009954 0.36499998
5071 -0.0549999997 -0.00500009954 0.375
5072 -0.0549999997 -0.00500009954 0.38499999
5073 -0.0549999997 -0.00500009954 0.394999981
5074 -0.0449999981 -0.00500009954 0.324999988
5075 -0.0449999981 -0.00500009954 0.334999979
5076 -0.0449999981 -0.00500009954 0.344999999
5077 -0.0449999981 -0.00500009954 0.354999989
5078 -0.0449999981 -0.00500009954 0.36499998
5079 -0.0449999981 -0.00500009954 0.375
5080 -0.0449999981 -0.00500009954 0.38499999
5081 -0.0449999981 -0.00500009954 0.394999981
5082 -0.0350000001 -0.00500009954 0.324999988
5083 -0.0350000001 -0.00500009954 0.334999979
5084 -0.0350000001 -0.00500009954 0.344999999
5085 -0.0350000001 -0.00500009954 0.354999989
5086 -0.0350000001 -0.00500009954 0.36499998
5087 -0.0350000001 -0.00500009954 0.375
5088 -0.0350000001 -0.00500009954 0.38499999
5089 -0.0350000001 -0.00500009954 0.394999981
5090 -0.0249999985 -0.00500009954 0.324999988
5091 -0.0249999985 -0.00500009954 0.334999979
5092 -0.0249999985 -0.00500009954 0.344999999
5093 -0.0249999985 -0.00500009954 0.354999989
5094 -0.0249999985 -0.00500009954 0.36499998
5095 -0.0249999985 -0.00500009954 0.375
5096 -0.0249999985 -0.00500009954 0.38499999
5097 -0.0249999985 -0.00500009954 0.394999981
5098 -0.0149999997 -0.00500009954 0.324999988
5099 -0.0149999997 -0.00500009954 0.334999979
5100 -0.0149999997 -0.00500009954 0.344999999
5101 -0.0149999997 -0.00500009954 0.354999989
5102 -0.0149999997 -0.00500009954 0.36499998
5103 -0.0149999997 -0.00500009954 0.375
5104 -0.0149999997 -0.00500009954 0.38499999
5105 -0.0149999997 -0.00500009954 0.394999981
5106 -0.00499999989 -0.00500009954 0.324999988
5107 -0.00499999989 -0.00500009954 0.334999979
5108 -0.00499999989 -0.00500009954 0.344999999
5109 -0.00499999989 -0.00500009954 0.354999989
5110 -0.00499999989 -0.00500009954 0.36499998
5111 -0.00499999989 -0.00500009954 0.375
5112 -0.00499999989 -0.00500009954 0.38499999
5113 -0.00499999989 -0.00500009954 0.394999981
5114 -0.0749999955 -0.00500009954 0.405000001
5115 -0.0749999955 -0.00500009954 0.414999992
5116 -0.0749999955 -0.00500009954 0.424999982
5117 -0.0749999955 -0.00500009954 0.435000002
5118 -0.0749999955 -0.00500009954 0.444999993
5119 -0.0749999955 -0.00500009954 0.454999983
5120 -0.0749999955 -0.00500009954 0.465000004
5121 -0.0749999955 -0.00500009954 0.474999994
5122 -0.0649999976 -0.00500009954 0.405000001
5123 -0.0649999976 -0.00500009954 0.414999992
5124 -0.0649999976 -0.00500009954 0.424999982
5125 -0.0649999976 -0.00500009954 0.435000002
5126 -0.0649999976 -0.00500009954 0.444999993
5127 -0.0649999976 -0.00500009954 0.454999983
5128 -0.0649999976 -0.00500009954 0.465000004
5129 -0.0649999976 -0.00500009954 0.474999994
5130 -0.0549999997 -0.00500009954 0.405000001
5131 -0.0549999997 -0.00500009954 0.414999992
5132 -0.0549999997 -0.00500009954 0.424999982
5133 -0.0549999997 -0.00500009954 0.435000002
5134 -0.0549999997 -0.00500009954 0.444999993
5135 -0.0549999997 -0.00500009954 0.454999983
5136 -0.0549999997 -0.00500009954 0.465000004
5137 -0.0549999997 -0.00500009954 0.474999994
5138 -0.0449999981 -0.00500009954 0.405000001
5139 -0.0449999981 -0.00500009954 0.414999992
5140 -0.0449999981 -0.00500009954 0.424999982
5141 -0.0449999981 -0.00500009954 0.435000002
5142 -0.0449999981 -0.00500009954 0.444999993
5143 -0.0449999981 -0.00500009954 0.454999983
5144 -0.0449999981 -0.00500009954 0.465000004
5145 -0.0449999981 -0.00500009954 0.474999994
5146 -0.0350000001 -0.00500009954 0.405000001
5147 -0.0350000001 -0.00500009954 0.414999992
5148 -0.0350000001 -0.00500009954 0.424999982
5149 -0.0350000001 -0.00500009954 0.435000002
5150 -0.0350000001 -0.00500009954 0.444999993
5151 -0.0350000001 -0.00500009954 0.454999983
5152 -0.0350000001 -0.00500009954 0.465000004
5153 -0.0350000001 -0.00500009954 0.474999994
5154 -0.0249999985 -0.00500009954 0.405000001
5155 -0.0249999985 -0.00500009954 0.414999992
5156 -0.0249999985 -0.00500009954 0.424999982
5157 -0.0249999985 -0.00500009954 0.435000002
5158 -0.0249999985 -0.00500009954 0.444999993
5159 -0.0249999985 -0.00500009954 0.454999983
5160 -0.0249999985 -0.00500009954 0.465000004
5161 -0.0249999985 -0.00500009954 0.474999994
5162 -0.0149999997 -0.00500009954 0.405000001
5163 -0.0149999997 -0.00500009954 0.414999992
5164 -0.0149999997 -0.00500009954 0.424999982
5165 -0.0149999997 -0.00500009954 0.435000002
5166 -0.0149999997 -0.00500009954 0.444999993
5167 -0.0149999997 -0.00500009954 0.454999983
5168 -0.0149999997 -0.00500009954 0.465000004
5169 -0.0149999997 -0.00500009954 0.474999994
5170 -0.00499999989 -0.00500009954 0.405000001
5171 -0.00499999989 -0.00500009954 0.414999992
5172 -0.00499999989 -0.00500009954 0.424999982
5173 -0.00499999989 -0.00500009954 0.435000002
5174 -0.00499999989 -0.00500009954 0.444999993
5175 -0.00499999989 -0.00500009954 0.454999983
5176 -0.00499999989 -0.00500009954 0.465000004
5177 -0.00499999989 -0.00500009954 0.474999994
5178 -0.0749999955 -0.00500009954 0.484999985
5179 -0.0749999955 -0.00250014942 0.494999975
5180 -0.0749999955 -9.96515155e-08 0.50000006
5181 -0.0649999976 -0.00500009954 0.484999985
5182 -0.0649999976 -0.00250014942 0.494999975
5183 -0.0649999976 -9.96515155e-08 0.50000006
5184 -0.0549999997 -0.00500009954 0.484999985
5185 -0.0549999997 -0.00250014942 0.494999975
5186 -0.0549999997 -9.96515155e-08 0.50000006
5187 -0.0449999981 -0.00500009954 0.484999985
5188 -0.0449999981 -0.00250014942 0.494999975
5189 -0.0449999981 -9.96515155e-08 0.50000006
5190 -0.0350000001 -0.00500009954 0.484999985
5191 -0.0350000001 -0.00250014942 0.494999975
5192 -0.0350000001 -9.96515155e-08 0.50000006
5193 -0.0249999985 -0.00500009954 0.484999985
5194 -0.0249999985 -0.00250014942 0.494999975
5195 -0.0249999985 -9.96515155e-08 0.50000006
5196 -0.0149999997 -0.00500009954 0.484999985
5197 -0.0149999997 -0.00250014942 0.494999975
5198 -0.0149999997 -9.96515155e-08 0.50000006
5199 -0.00499999989 -0.00500009954 0.484999985
5200 -0.00499999989 -0.00250014942 0.494999975
5201 -0.00499999989 -9.96515155e-08 0.50000006
5202 -0.5 6.6434346e-08 -0.5
5203 -0.50000006 9.96515155e-08 -0.494999975
5204 -0.50000006 9.96515155e-08 -0.484999985
5205 -0.494999975 9.96515155e-08 -0.50000006
5206 -0.494999975 0.00125017436 -0.494999975
5207 -0.494999975 0.00250014942 -0.484999985
5208 -0.484999985 9.96515155e-08 -0.50000006
5209 -0.484999985 0.00250014942 -0.494999975
5210 -0.484999985 0.00500009954 -0.484999985
5211 -0.50000006 9.96515155e-08 -0.474999994
5212 -0.50000006 9.96515155e-08 -0.465000004
5213 -0.50000006 9.96515155e-08 -0.454999983
5214 -0.50000006 9.96515155e-08 -0.444999993
5215 -0.50000006 9.96515155e-08 -0.435000002
5216 -0.50000006 9.96515155e-08 -0.424999982
5217 -0.50000006 9.96515155e-08 -0.414999992
5218 -0.50000006 9.96515155e-08 -0.405000001
5219 -0.494999975 0.00250014942 -0.474999994
5220 -0.494999975 0.00250014942 -0.465000004
5221 -0.494999975 0.00250014942 -0.454999983
5222 -0.494999975 0.00250014942 -0.444999993
5223 -0.494999975 0.00250014942 -0.435000002
5224 -0.494999975 0.00250014942 -0.424999982
5225 -0.494999975 0.00250014942 -0.414999992
5226 -0.494999975 0.00250014942 -0.405000001
5227 -0.484999985 0.00500009954 -0.474999994
5228 -0.484999985 0.00500009954 -0.465000004
5229 -0.484999985 0.00500009954 -0.454999983
5230 -0.484999985 0.00500009954 -0.444999993
5231 -0.484999985 0.00500009954 -0.435000002
5232 -0.484999985 0.00500009954 -0.424999982
5233 -0.484999985 0.00500009954 -0.414999992
5234 -0.484999985 0.00500009954 -0.405000001
5235 -0.50000006 9.96515155e-08 -0.394999981
5236 -0.50000006 9.96515155e-08 -0.38499999
5237 -0.50000006 9.96515155e-08 -0.375
5238 -0.50000006 9.96515155e-08 -0.36499998
5239 -0.50000006 9.96515155e-08 -0.354999989
5240 -0.50000006 9.96515155e-08 -0.344999999
5241 -0.50000006 9.96515155e-08 -0.334999979
5242 -0.50000006 9.96515155e-08 -0.324999988
5243 -0.494999975 0.00250014942 -0.394999981
5244 -0.494999975 0.00250014942 -0.38499999
5245 -0.494999975 0.00250014942 -0.375
5246 -0.494999975 0.00250014942 -0.36499998
5247 -0.494999975 0.00250014942 -0.354999989
5248 -0.494999975 0.00250014942 -0.344999999
5249 -0.494999975 0.00250014942 -0.334999979
5250 -0.494999975 0.00250014942 -0.324999988
5251 -0.484999985 0.00500009954 -0.394999981
5252 -0.484999985 0.00500009954 -0.38499999
5253 -0.484999985 0.00500009954 -0.375
5254 -0.484999985 0.00500009954 -0.36499998
5255 -0.484999985 0.00500009954 -0.354999989
5256 -0.484999985 0.00500009954 -0.344999999
5257 -0.484999985 0.00500009954 -0.334999979
5258 -0.484999985 0.00500009954 -0.324999988
5259 -0.50000006 9.96515155e-08 -0.314999998
5260 -0.50000006 9.96515155e-08 -0.305000007
5261 -0.50000006 9.96515155e-08 -0.294999987
5262 -0.50000006 9.96515155e-08 -0.284999996
5263 -0.50000006 9.96515155e-08 -0.275000006
5264 -0.50000006 9.96515155e-08 -0.264999986
5265 -0.50000006 9.96515155e-08 -0.254999995
5266 -0.50000006 9.96515155e-08 -0.24499999
5267 -0.494999975 0.00250014942 -0.314999998
5268 -0.494999975 0.00250014942 -0.305000007
5269 -0.494999975 0.00250014942 -0.294999987
5270 -0.494999975 0.00250014942 -0.284999996
5271 -0.494999975 0.00250014942 -0.275000006
5272 -0.494999975 0.00250014942 -0.264999986
5273 -0.494999975 0.00250014942 -0.254999995
5274 -0.494999975 0.00250014942 -0.24499999
5275 -0.484999985 0.00500009954 -0.314999998
5276 -0.484999985 0.00500009954 -0.305000007
5277 -0.484999985 0.00500009954 -0.294999987
5278 -0.484999985 0.00500009954 -0.284999996
5279 -0.484999985 0.00500009954 -0.275000006
5280 -0.484999985 0.00500009954 -0.264999986
5281 -0.484999985 0.00500009954 -0.254999995
5282 -0.484999985 0.00500009954 -0.24499999
5283 -0.50000006 9.96515155e-08 -0.234999999
5284 -0.50000006 9.96515155e-08 -0.224999994
5285 -0.50000006 9.96515155e-08 -0.214999989
5286 -0.50000006 9.96515155e-08 -0.204999998
5287 -0.50000006 9.96515155e-08 -0.194999993
5288 -0.50000006 9.96515155e-08 -0.185000002
5289 -0.50000006 9.96515155e-08 -0.174999997
5290 -0.50000006 9.96515155e-08 -0.164999992
5291 -0.494999975 0.00250014942 -0.234999999
5292 -0.494999975 0.00250014942 -0.224999994
5293 -0.494999975 0.00250014942 -0.214999989
5294 -0.494999975 0.00250014942 -0.204999998
5295 -0.494999975 0.00250014942 -0.194999993
5296 -0.494999975 0.00250014942 -0.185000002
5297 -0.494999975 0.00250014942 -0.174999997
5298 -0.494999975 0.00250014942 -0.164999992
5299 -0.484999985 0.00500009954 -0.234999999
5300 -0.484999985 0.00500009954 -0.224999994
5301 -0.484999985 0.00500009954 -0.214999989
5302 -0.484999985 0.00500009954 -0.204999998
5303 -0.484999985 0.00500009954 -0.194999993
5304 -0.484999985 0.00500009954 -0.185000002
5305 -0.484999985 0.00500009954 -0.174999997
5306 -0.484999985 0.00500009954 -0.164999992
5307 -0.50000006 9.96515155e-08 -0.155000001
5308 -0.50000006 9.96515155e-08 -0.144999996
5309 -0.50000006 9.96515155e-08 -0.13499999
5310 -0.50000006 9.96515155e-08 -0.125
5311 -0.50000006 9.96515155e-08 -0.114999995
5312 -0.50000006 9.96515155e-08 -0.104999997
5313 -0.50000006 9.96515155e-08 -0.0949999988
5314 -0.50000006 9.96515155e-08 -0.0850000009
5315 -0.494999975 0.00250014942 -0.155000001
5316 -0.494999975 0.00250014942 -0.144999996
5317 -0.494999975 0.00250014942 -0.13499999
5318 -0.494999975 0.00250014942 -0.125
5319 -0.494999975 0.00250014942 -0.114999995
5320 -0.494999975 0.00250014942 -0.104999997
5321 -0.494999975 0.00250014942 -0.0949999988
5322 -0.494999975 0.00250014942 -0.0850000009
5323 -0.484999985 0.00500009954 -0.155000001
5324 -0.484999985 0.00500009954 -0.144999996
5325 -0.484999985 0.00500009954 -0.13499999
5326 -0.484999985 0.00500009954 -0.125
5327 -0.484999985 0.00500009954 -0.114999995
5328 -0.484999985 0.00500009954 -0.104999997
5329 -0.484999985 0.00500009954 -0.0949999988
5330 -0.484999985 0.00500009954 -0.0850000009
5331 -0.50000006 9.96515155e-08 -0.0749999955
5332 -0.50000006 9.96515155e-08 -0.0649999976
5333 -0.50000006 9.96515155e-08 -0.0549999997
5334 -0.50000006 9.96515155e-08 -0.0449999981
5335 -0.50000006 9.96515155e-08 -0.0350000001
5336 -0.50000006 9.96515155e-08 -0.0249999985
5337 -0.50000006 9.96515155e-08 -0.0149999997
5338 -0.50000006 9.96515155e-08 -0.00499999989
5339 -0.494999975 0.00250014942 -0.0749999955
5340 -0.494999975 0.00250014942 -0.0649999976
5341 -0.494999975 0.00250014942 -0.0549999997
5342 -0.494999975 0.00250014942 -0.0449999981
5343 -0.494999975 0.00250014942 -0.0350000001
5344 -0.494999975 0.00250014942 -0.0249999985
5345 -0.494999975 0.00250014942 -0.0149999997
5346 -0.494999975 0.00250014942 -0.00499999989
5347 -0.484999985 0.00500009954 -0.0749999955
5348 -0.484999985 0.00500009954 -0.0649999976
5349 -0.484999985 0.00500009954 -0.0549999997
5350 -0.484999985 0.00500009954 -0.0449999981
5351 -0.484999985 0.00500009954 -0.0350000001
5352 -0.484999985 0.00500009954 -0.0249999985
5353 -0.484999985 0.00500009954 -0.0149999997
5354 -0.484999985 0.00500009954 -0.00499999989
5355 -0.474999994 9.96515155e-08 -0.50000006
5356 -0.474999994 0.00250014942 -0.494999975
5357 -0.474999994 0.00500009954 -0.484999985
5358 -0.465000004 9.96515155e-08 -0.50000006
5359 -0.465000004 0.00250014942 -0.494999975
5360 -0.465000004 0.00500009954 -0.484999985
5361 -0.454999983 9.96515155e-08 -0.50000006
5362 -0.454999983 0.00250014942 -0.494999975
5363 -0.454999983 0.00500009954 -0.484999985
5364 -0.444999993 9.96515155e-08 -0.50000006
5365 -0.444999993 0.00250014942 -0.494999975
5366 -0.444999993 0.00500009954 -0.484999985
5367 -0.435000002 9.96515155e-08 -0.50000006
5368 -0.435000002 0.00250014942 -0.494999975
5369 -0.435000002 0.00500009954 -0.484999985
5370 -0.424999982 9.96515155e-08 -0.50000006
5371 -0.424999982 0.00250014942 -0.494999975
5372 -0.424999982 0.00500009954 -0.484999985
5373 -0.414999992 9.96515155e-08 -0.50000006
5374 -0.414999992 0.00250014942 -0.494999975
5375 -0.414999992 0.00500009954 -0.484999985
5376 -0.405000001 9.96515155e-08 -0.50000006
5377 -0.405000001 0.00250014942 -0.494999975
5378 -0.405000001 0.00500009954 -0.484999985
5379 -0.474999994 0.00500009954 -0.474999994
5380 -0.474999994 0.00500009954 -0.465000004
5381 -0.474999994 0.00500009954 -0.454999983
5382 -0.474999994 0.00500009954 -0.444999993
5383 -0.474999994 0.00500009954 -0.435000002
5384 -0.474999994 0.00500009954 -0.424999982
5385 -0.474999994 0.00500009954 -0.414999992
5386 -0.474999994 0.00500009954 -0.405000001
5387 -0.465000004 0.00500009954 -0.474999994
5388 -0.465000004 0.00500009954 -0.465000004
5389 -0.465000004 0.00500009954 -0.454999983
5390 -0.465000004 0.00500009954 -0.444999993
5391 -0.465000004 0.00500009954 -0.435000002
5392 -0.465000004 0.00500009954 -0.424999982
5393 -0.465000004 0.00500009954 -0.414999992
5394 -0.465000004 0.00500009954 -0.405000001
5395 -0.454999983 0.00500009954 -0.474999994
5396 -0.454999983 0.00500009954 -0.465000004
5397 -0.454999983 0.00500009954 -0.454999983
5398 -0.454999983 0.00500009954 -0.444999993
5399 -0.454999983 0.00500009954 -0.435000002
5400 -0.454999983 0.00500009954 -0.424999982
5401 -0.454999983 0.00500009954 -0.414999992
5402 -0.454999983 0.00500009954 -0.405000001
5403 -0.444999993 0.00500009954 -0.474999994
5404 -0.444999993 0.00500009954 -0.465000004
5405 -0.444999993 0.00500009954 -0.454999983
5406 -0.444999993 0.00500009954 -0.444999993
5407 -0.444999993 0.00500009954 -0.435000002
5408 -0.444999993 0.00500009954 -0.424999982
5409 -0.444999993 0.00500009954 -0.414999992
5410 -0.444999993 0.00500009954 -0.405000001
5411 -0.435000002 0.00500009954 -0.474999994
5412 -0.435000002 0.00500009954 -0.465000004
5413 -0.435000002 0.00500009954 -0.454999983
5414 -0.435000002 0.00500009954 -0.444999993
5415 -0.435000002 0.00500009954 -0.435000002
5416 -0.435000002 0.00500009954 -0.424999982
5417 -0.435000002 0.00500009954 -0.414999992
5418 -0.435000002 0.00500009954 -0.405000001
5419 -0.424999982 0.00500009954 -0.474999994
5420 -0.424999982 0.00500009954 -0.465000004
5421 -0.424999982 0.00500009954 -0.454999983
5422 -0.424999982 0.00500009954 -0.444999993
5423 -0.424999982 0.00500009954 -0.435000002
5424 -0.424999982 0.00500009954 -0.424999982
5425 -0.424999982 0.00500009954 -0.414999992
5426 -0.424999982 0.00500009954 -0.405000001
5427 -0.414999992 0.00500009954 -0.474999994
5428 -0.414999992 0.00500009954 -0.465000004
5429 -0.414999992 0.00500009954 -0.454999983
5430 -0.414999992 0.00500009954 -0.444999993
5431 -0.414999992 0.00500009954 -0.435000002
5432 -0.414999992 0.00500009954 -0.424999982
5433 -0.414999992 0.00500009954 -0.414999992
5434 -0.414999992 0.00500009954 -0.405000001
5435 -0.405000001 0.00500009954 -0.474999994
5436 -0.405000001 0.00500009954 -0.465000004
5437 -0.405000001 0.00500009954 -0.454999983
5438 -0.405000001 0.00500009954 -0.444999993
5439 -0.405000001 0.00500009954 -0.435000002
5440 -0.405000001 0.00500009954 -0.424999982
5441 -0.405000001 0.00500009954 -0.414999992
5442 -0.405000001 0.00500009954 -0.405000001
5443 -0.474999994 0.00500009954 -0.394999981
5444 -0.474999994 0.00500009954 -0.38499999
5445 -0.474999994 0.00500009954 -0.375
5446 -0.474999994 0.00500009954 -0.36499998
5447 -0.474999994 0.00500009954 -0.354999989
5448 -0.474999994 0.00500009954 -0.344999999
5449 -0.474999994 0.00500009954 -0.334999979
5450 -0.474999994 0.00500009954 -0.324999988
5451 -0.465000004 0.00500009954 -0.394999981
5452 -0.465000004 0.00500009954 -0.38499999
5453 -0.465000004 0.00500009954 -0.375
5454 -0.465000004 0.00500009954 -0.36499998
5455 -0.465000004 0.00500009954 -0.354999989
5456 -0.465000004 0.00500009954 -0.344999999
5457 -0.465000004 0.00500009954 -0.334999979
5458 -0.465000004 0.00500009954 -0.324999988
5459 -0.454999983 0.00500009954 -0.394999981
5460 -0.454999983 0.00500009954 -0.38499999
5461 -0.454999983 0.00500009954 -0.375
5462 -0.454999983 0.00500009954 -0.36499998
5463 -0.454999983 0.00500009954 -0.354999989
5464 -0.454999983 0.00500009954 -0.344999999
5465 -0.454999983 0.00500009954 -0.334999979
5466 -0.454999983 0.00500009954 -0.324999988
5467 -0.444999993 0.00500009954 -0.394999981
5468 -0.444999993 0.00500009954 -0.38499999
5469 -0.444999993 0.00500009954 -0.375
5470 -0.444999993 0.00500009954 -0.36499998
5471 -0.444999993 0.00500009954 -0.354999989
5472 -0.444999993 0.00500009954 -0.344999999
5473 -0.444999993 0.00500009954 -0.334999979
5474 -0.444999993 0.00500009954 -0.324999988
5475 -0.435000002 0.00500009954 -0.394999981
5476 -0.435000002 0.00500009954 -0.38499999
5477 -0.435000002 0.00500009954 -0.375
5478 -0.435000002 0.00500009954 -0.36499998
5479 -0.435000002 0.00500009954 -0.354999989
5480 -0.435000002 0.00500009954 -0.344999999
5481 -0.435000002 0.00500009954 -0.334999979
5482 -0.435000002 0.00500009954 -0.324999988
5483 -0.424999982 0.00500009954 -0.394999981
5484 -0.424999982 0.00500009954 -0.38499999
5485 -0.424999982 0.00500009954 -0.375
5486 -0.424999982 0.00500009954 -0.36499998
5487 -0.424999982 0.00500009954 -0.354999989
5488 -0.424999982 0.00500009954 -0.344999999
5489 -0.424999982 0.00500009954 -0.334999979
5490 -0.424999982 0.00500009954 -0.324999988
5491 -0.414999992 0.00500009954 -0.394999981
5492 -0.414999992 0.00500009954 -0.38499999
5493 -0.414999992 0.00500009954 -0.375
5494 -0.414999992 0.00500009954 -0.36499998
5495 -0.414999992 0.00500009954 -0.354999989
5496 -0.414999992 0.00500009954 -0.344999999
5497 -0.414999992 0.00500009954 -0.334999979
5498 -0.414999992 0.00500009954 -0.324999988
5499 -0.405000001 0.00500009954 -0.394999981
5500 -0.405000001 0.00500009954 -0.38499999
5501 -0.405000001 0.00500009954 -0.375
5502 -0.405000001 0.00500009954 -0.36499998
5503 -0.405000001 0.00500009954 -0.354999989
5504 -0.405000001 0.00500009954 -0.344999999
5505 -0.405000001 0.00500009954 -0.334999979
5506 -0.405000001 0.00500009954 -0.324999988
5507 -0.474999994 0.00500009954 -0.314999998
5508 -0.474999994 0.00500009954 -0.305000007
5509 -0.474999994 0.00500009954 -0.294999987
5510 -0.474999994 0.00500009954 -0.284999996
5511 -0.474999994 0.00500009954 -0.275000006
5512 -0.474999994 0.00500009954 -0.264999986
5513 -0.474999994 0.00500009954 -0.254999995
5514 -0.474999994 0.00500009954 -0.24499999
5515 -0.465000004 0.00500009954 -0.314999998
5516 -0.465000004 0.00500009954 -0.305000007
5517 -0.465000004 0.00500009954 -0.294999987
5518 -0.465000004 0.00500009954 -0.284999996
5519 -0.465000004 0.00500009954 -0.275000006
5520 -0.465000004 0.00500009954 -0.264999986
5521 -0.465000004 0.00500009954 -0.254999995
5522 -0.465000004 0.00500009954 -0.24499999
5523 -0.454999983 0.00500009954 -0.314999998
5524 -0.454999983 0.00500009954 -0.305000007
5525 -0.454999983 0.00500009954 -0.294999987
5526 -0.454999983 0.00500009954 -0.284999996
5527 -0.454999983 0.00500009954 -0.275000006
5528 -0.454999983 0.00500009954 -0.264999986
5529 -0.454999983 0.00500009954 -0.254999995
5530 -0.454999983 0.00500009954 -0.24499999
5531 -0.444999993 0.00500009954 -0.314999998
5532 -0.444999993 0.00500009954 -0.305000007
5533 -0.444999993 0.00500009954 -0.294999987
5534 -0.444999993 0.00500009954 -0.284999996
5535 -0.444999993 0.00500009954 -0.275000006
5536 -0.444999993 0.00500009954 -0.264999986
5537 -0.444999993 0.00500009954 -0.254999995
5538 -0.444999993 0.00500009954 -0.24499999
5539 -0.435000002 0.00500009954 -0.314999998
5540 -0.435000002 0.00500009954 -0.305000007
5541 -0.435000002 0.00500009954 -0.294999987
5542 -0.435000002 0.00500009954 -0.284999996
5543 -0.435000002 0.00500009954 -0.275000006
5544 -0.435000002 0.00500009954 -0.264999986
5545 -0.435000002 0.00500009954 -0.254999995
5546 -0.435000002 0.00500009954 -0.24499999
5547 -0.424999982 0.00500009954 -0.314999998
5548 -0.424999982 0.00500009954 -0.305000007
5549 -0.424999982 0.00500009954 -0.294999987
5550 -0.424999982 0.00500009954 -0.284999996
5551 -0.424999982 0.00500009954 -0.275000006
5552 -0.424999982 0.00500009954 -0.264999986
5553 -0.424999982 0.00500009954 -0.254999995
5554 -0.424999982 0.00500009954 -0.24499999
5555 -0.414999992 0.00500009954 -0.314999998
5556 -0.414999992 0.00500009954 -0.305000007
5557 -0.414999992 0.00500009954 -0.294999987
5558 -0.414999992 0.00500009954 -0.284999996
5559 -0.414999992 0.00500009954 -0.275000006
5560 -0.414999992 0.00500009954 -0.264999986
5561 -0.414999992 0.00500009954 -0.254999995
5562 -0.414999992 0.00500009954 -0.24499999
5563 -0.405000001 0.00500009954 -0.314999998
5564 -0.405000001 0.00500009954 -0.305000007
5565 -0.405000001 0.00500009954 -0.294999987
5566 -0.405000001 0.00500009954 -0.284999996
5567 -0.405000001 0.00500009954 -0.275000006
5568 -0.405000001 0.00500009954 -0.264999986
5569 -0.405000001 0.00500009954 -0.254999995
5570 -0.405000001 0.00500009954 -0.24499999
5571 -0.474999994 0.00500009954 -0.234999999
5572 -0.474999994 0.00500009954 -0.224999994
5573 -0.474999994 0.00500009954 -0.214999989
5574 -0.474999994 0.00500009954 -0.204999998
5575 -0.474999994 0.00500009954 -0.194999993
5576 -0.474999994 0.00500009954 -0.185000002
5577 -0.474999994 0.00500009954 -0.174999997
5578 -0.474999994 0.00500009954 -0.164999992
5579 -0.465000004 0.00500009954 -0.234999999
5580 -0.465000004 0.00500009954 -0.224999994
5581 -0.465000004 0.00500009954 -0.214999989
5582 -0.465000004 0.00500009954 -0.204999998
5583 -0.465000004 0.00500009954 -0.194999993
5584 -0.465000004 0.00500009954 -0.185000002
5585 -0.465000004 0.00500009954 -0.174999997
5586 -0.465000004 0.00500009954 -0.164999992
5587 -0.454999983 0.00500009954 -0.234999999
5588 -0.454999983 0.00500009954 -0.224999994
5589 -0.454999983 0.00500009954 -0.214999989
5590 -0.454999983 0.00500009954 -0.204999998
5591 -0.454999983 0.00500009954 -0.194999993
5592 -0.454999983 0.00500009954 -0.185000002
5593 -0.454999983 0.00500009954 -0.174999997
5594 -0.454999983 0.00500009954 -0.164999992
5595 -0.444999993 0.00500009954 -0.234999999
5596 -0.444999993 0.00500009954 -0.224999994
5597 -0.444999993 0.00500009954 -0.214999989
5598 -0.444999993 0.00500009954 -0.204999998
5599 -0.444999993 0.00500009954 -0.194999993
5600 -0.444999993 0.00500009954 -0.185000002
5601 -0.444999993 0.00500009954 -0.174999997
5602 -0.444999993 0.00500009954 -0.164999992
5603 -0.435000002 0.00500009954 -0.234999999
5604 -0.435000002 0.00500009954 -0.224999994
5605 -0.435000002 0.00500009954 -0.214999989
5606 -0.435000002 0.00500009954 -0.204999998
5607 -0.435000002 0.00500009954 -0.194999993
5608 -0.435000002 0.00500009954 -0.185000002
5609 -0.435000002 0.00500009954 -0.174999997
5610 -0.435000002 0.00500009954 -0.164999992
5611 -0.424999982 0.00500009954 -0.234999999
5612 -0.424999982 0.00500009954 -0.224999994
5613 -0.424999982 0.00500009954 -0.214999989
5614 -0.424999982 0.00500009954 -0.204999998
5615 -0.424999982 0.00500009954 -0.194999993
5616 -0.424999982 0.00500009954 -0.185000002
5617 -0.424999982 0.00500009954 -0.174999997
5618 -0.424999982 0.00500009954 -0.164999992
5619 -0.414999992 0.00500009954 -0.234999999
5620 -0.414999992 0.00500009954 -0.224999994
5621 -0.414999992 0.00500009954 -0.214999989
5622 -0.414999992 0.00500009954 -0.204999998
5623 -0.414999992 0.00500009954 -0.194999993
5624 -0.414999992 0.00500009954 -0.185000002
5625 -0.414999992 0.00500009954 -0.174999997
5626 -0.414999992 0.00500009954 -0.164999992
5627 -0.405000001 0.00500009954 -0.234999999
5628 -0.405000001 0.00500009954 -0.224999994
5629 -0.405000001 0.00500009954 -0.214999989
5630 -0.405000001 0.00500009954 -0.204999998
5631 -0.405000001 0.00500009954 -0.194999993
5632 -0.405000001 0.00500009954 -0.185000002
5633 -0.405000001 0.00500009954 -0.174999997
5634 -0.405000001 0.00500009954 -0.164999992
5635 -0.474999994 0.00500009954 -0.155000001
5636 -0.474999994 0.00500009954 -0.144999996
5637 -0.474999994 0.00500009954 -0.13499999
5638 -0.474999994 0.00500009954 -0.125
5639 -0.474999994 0.00500009954 -0.114999995
5640 -0.474999994 0.00500009954 -0.104999997
5641 -0.474999994 0.00500009954 -0.0949999988
5642 -0.474999994 0.00500009954 -0.0850000009
5643 -0.465000004 0.00500009954 -0.155000001
5644 -0.465000004 0.00500009954 -0.144999996
5645 -0.465000004 0.00500009954 -0.13499999
5646 -0.465000004 0.00500009954 -0.125
5647 -0.465000004 0.00500009954 -0.114999995
5648 -0.465000004 0.00500009954 -0.104999997
5649 -0.465000004 0.00500009954 -0.0949999988
5650 -0.465000004 0.00500009954 -0.0850000009
5651 -0.454999983 0.00500009954 -0.155000001
5652 -0.454999983 0.00500009954 -0.144999996
5653 -0.454999983 0.00500009954 -0.13499999
5654 -0.454999983 0.00500009954 -0.125
5655 -0.454999983 0.00500009954 -0.114999995
5656 -0.454999983 0.00500009954 -0.104999997
5657 -0.454999983 0.00500009954 -0.0949999988
5658 -0.454999983 0.00500009954 -0.0850000009
5659 -0.444999993 0.00500009954 -0.155000001
5660 -0.444999993 0.00500009954 -0.144999996
5661 -0.444999993 0.00500009954 -0.13499999
5662 -0.444999993 0.00500009954 -0.125
5663 -0.444999993 0.00500009954 -0.114999995
5664 -0.444999993 0.00500009954 -0.104999997
5665 -0.444999993 0.00500009954 -0.0949999988
5666 -0.444999993 0.00500009954 -0.0850000009
5667 -0.435000002 0.00500009954 -0.155000001
5668 -0.435000002 0.00500009954 -0.144999996
5669 -0.435000002 0.00500009954 -0.13499999
5670 -0.435000002 0.00500009954 -0.125
5671 -0.435000002 0.00500009954 -0.114999995
5672 -0.435000002 0.00500009954 -0.104999997
5673 -0.435000002 0.00500009954 -0.0949999988
5674 -0.435000002 0.00500009954 -0.0850000009
5675 -0.424999982 0.00500009954 -0.155000001
5676 -0.424999982 0.00500009954 -0.144999996
5677 -0.424999982 0.00500009954 -0.13499999
5678 -0.424999982 0.00500009954 -0.125
5679 -0.424999982 0.00500009954 -0.114999995
5680 -0.424999982 0.00500009954 -0.104999997
5681 -0.424999982 0.00500009954 -0.0949999988
5682 -0.424999982 0.00500009954 -0.0850000009
5683 -0.414999992 0.00500009954 -0.155000001
5684 -0.414999992 0.00500009954 -0.144999996
5685 -0.414999992 0.00500009954 -0.13499999
5686 -0.414999992 0.00500009954 -0.125
5687 -0.414999992 0.00500009954 -0.114999995
5688 -0.414999992 0.00500009954 -0.104999997
5689 -0.414999992 0.00500009954 -0.0949999988
5690 -0.414999992 0.00500009954 -0.0850000009
5691 -0.405000001 0.00500009954 -0.155000001
5692 -0.405000001 0.00500009954 -0.144999996
5693 -0.405000001 0.00500009954 -0.13499999
5694 -0.405000001 0.00500009954 -0.125
5695 -0.405000001 0.00500009954 -0.114999995
5696 -0.405000001 0.00500009954 -0.104999997
5697 -0.405000001 0.00500009954 -0.0949999988
5698 -0.405000001 0.00500009954 -0.0850000009
5699 -0.474999994 0.00500009954 -0.0749999955
5700 -0.474999994 0.00500009954 -0.0649999976
5701 -0.474999994 0.00500009954 -0.0549999997
5702 -0.474999994 0.00500009954 -0.0449999981
5703 -0.474999994 0.00500009954 -0.0350000001
5704 -0.474999994 0.00500009954 -0.0249999985
5705 -0.474999994 0.00500009954 -0.0149999997
5706 -0.474999994 0.00500009954 -0.00499999989
5707 -0.465000004 0.00500009954 -0.0749999955
5708 -0.465000004 0.00500009954 -0.0649999976
5709 -0.465000004 0.00500009954 -0.0549999997
5710 -0.465000004 0.00500009954 -0.0449999981
5711 -0.465000004 0.00500009954 -0.0350000001
5712 -0.465000004 0.00500009954 -0.0249999985
5713 -0.465000004 0.00500009954 -0.0149999997
5714 -0.465000004 0.00500009954 -0.00499999989
5715 -0.454999983 0.00500009954 -0.0749999955
5716 -0.454999983 0.00500009954 -0.0649999976
5717 -0.454999983 0.00500009954 -0.0549999997
5718 -0.454999983 0.00500009954 -0.0449999981
5719 -0.454999983 0.00500009954 -0.0350000001
5720 -0.454999983 0.00500009954 -0.0249999985
5721 -0.454999983 0.00500009954 -0.0149999997
5722 -0.454999983 0.00500009954 -0.00499999989
5723 -0.444999993 0.00500009954 -0.0749999955
5724 -0.444999993 0.00500009954 -0.0649999976
5725 -0.444999993 0.00500009954 -0.0549999997
5726 -0.444999993 0.00500009954 -0.0449999981
5727 -0.444999993 0.00500009954 -0.0350000001
5728 -0.444999993 0.00500009954 -0.0249999985
5729 -0.444999993 0.00500009954 -0.0149999997
5730 -0.444999993 0.00500009954 -0.00499999989
5731 -0.435000002 0.00500009954 -0.0749999955
5732 -0.435000002 0.00500009954 -0.0649999976
5733 -0.435000002 0.00500009954 -0.0549999997
5734 -0.435000002 0.00500009954 -0.0449999981
5735 -0.435000002 0.00500009954 -0.0350000001
5736 -0.435000002 0.00500009954 -0.0249999985
5737 -0.435000002 0.00500009954 -0.0149999997
5738 -0.435000002 0.00500009954 -0.00499999989
5739 -0.424999982 0.00500009954 -0.0749999955
5740 -0.424999982 0.00500009954 -0.0649999976
5741 -0.424999982 0.00500009954 -0.0549999997
5742 -0.424999982 0.00500009954 -0.0449999981
5743 -0.424999982 0.00500009954 -0.0350000001
5744 -0.424999982 0.00500009954 -0.0249999985
5745 -0.424999982 0.00500009954 -0.0149999997
5746 -0.424999982 0.00500009954 -0.00499999989
5747 -0.414999992 0.00500009954 -0.0749999955
5748 -0.414999992 0.00500009954 -0.0649999976
5749 -0.414999992 0.00500009954 -0.0549999997
5750 -0.414999992 0.00500009954 -0.0449999981
5751 -0.414999992 0.00500009954 -0.0350000001
5752 -0.414999992 0.00500009954 -0.0249999985
5753 -0.414999992 0.00500009954 -0.0149999997
5754 -0.414999992 0.00500009954 -0.00499999989
5755 -0.405000001 0.00500009954 -0.0749999955
5756 -0.405000001 0.00500009954 -0.0649999976
5757 -0.405000001 0.00500009954 -0.0549999997
5758 -0.405000001 0.00500009954 -0.0449999981
5759 -0.405000001 0.00500009954 -0.0350000001
5760 -0.405000001 0.00500009954 -0.0249999985
5761 -0.405000001 0.00500009954 -0.0149999997
5762 -0.405000001 0.00500009954 -0.00499999989
5763 -0.394999981 9.96515155e-08 -0.50000006
5764 -0.394999981 0.00250014942 -0.494999975
5765 -0.394999981 0.00500009954 -0.484999985
5766 -0.38499999 9.96515155e-08 -0.50000006
5767 -0.38499999 0.00250014942 -0.494999975
5768 -0.38499999 0.00500009954 -0.484999985
5769 -0.375 9.96515155e-08 -0.50000006
5770 -0.375 0.00250014942 -0.494999975
5771 -0.375 0.00500009954 -0.484999985
5772 -0.36499998 9.96515155e-08 -0.50000006
5773 -0.36499998 0.00250014942 -0.494999975
5774 -0.36499998 0.00500009954 -0.484999985
5775 -0.354999989 9.96515155e-08 -0.50000006
5776 -0.354999989 0.00250014942 -0.494999975
5777 -0.354999989 0.00500009954 -0.484999985
5778 -0.344999999 9.96515155e-08 -0.50000006
5779 -0.344999999 0.00250014942 -0.494999975
5780 -0.344999999 0.00500009954 -0.484999985
5781 -0.334999979 9.96515155e-08 -0.50000006
5782 -0.334999979 0.00250014942 -0.494999975
5783 -0.334999979 0.00500009954 -0.484999985
5784 -0.324999988 9.96515155e-08 -0.50000006
5785 -0.324999988 0.00250014942 -0.494999975
5786 -0.324999988 0.00500009954 -0.484999985
5787 -0.394999981 0.00500009954 -0.474999994
5788 -0.394999981 0.00500009954 -0.465000004
5789 -0.394999981 0.00500009954 -0.454999983
5790 -0.394999981 0.00500009954 -0.444999993
5791 -0.394999981 0.00500009954 -0.435000002
5792 -0.394999981 0.00500009954 -0.424999982
5793 -0.394999981 0.00500009954 -0.414999992
5794 -0.394999981 0.00500009954 -0.405000001
5795 -0.38499999 0.00500009954 -0.474999994
5796 -0.38499999 0.00500009954 -0.465000004
5797 -0.38499999 0.00500009954 -0.454999983
5798 -0.38499999 0.00500009954 -0.444999993
5799 -0.38499999 0.00500009954 -0.435000002
5800 -0.38499999 0.00500009954 -0.424999982
5801 -0.38499999 0.00500009954 -0.414999992
5802 -0.38499999 0.00500009954 -0.405000001
5803 -0.375 0.00500009954 -0.474999994
5804 -0.375 0.00500009954 -0.465000004
5805 -0.375 0.00500009954 -0.454999983
5806 -0.375 0.00500009954 -0.444999993
5807 -0.375 0.00500009954 -0.435000002
5808 -0.375 0.00500009954 -0.424999982
5809 -0.375 0.00500009954 -0.414999992
5810 -0.375 0.00500009954 -0.405000001
5811 -0.36499998 0.00500009954 -0.474999994
5812 -0.36499998 0.00500009954 -0.465000004
5813 -0.36499998 0.00500009954 -0.454999983
5814 -0.36499998 0.00500009954 -0.444999993
5815 -0.36499998 0.00500009954 -0.435000002
5816 -0.36499998 0.00500009954 -0.424999982
5817 -0.36499998 0.00500009954 -0.414999992
5818 -0.36499998 0.00500009954 -0.405000001
5819 -0.354999989 0.00500009954 -0.474999994
5820 -0.354999989 0.00500009954 -0.465000004
5821 -0.354999989 0.00500009954 -0.454999983
5822 -0.354999989 0.00500009954 -0.444999993
5823 -0.354999989 0.00500009954 -0.435000002
5824 -0.354999989 0.00500009954 -0.424999982
5825 -0.354999989 0.00500009954 -0.414999992
5826 -0.354999989 0.00500009954 -0.405000001
5827 -0.344999999 0.00500009954 -0.474999994
5828 -0.344999999 0.00500009954 -0.465000004
5829 -0.344999999 0.00500009954 -0.454999983
5830 -0.344999999 0.00500009954 -0.444999993
5831 -0.344999999 0.00500009954 -0.435000002
5832 -0.344999999 0.00500009954 -0.424999982
5833 -0.344999999 0.00500009954 -0.414999992
5834 -0.344999999 0.00500009954 -0.405000001
5835 -0.334999979 0.00500009954 -0.474999994
5836 -0.334999979 0.00500009954 -0.465000004
5837 -0.334999979 0.00500009954 -0.454999983
5838 -0.334999979 0.00500009954 -0.444999993
5839 -0.334999979 0.00500009954 -0.435000002
5840 -0.334999979 0.00500009954 -0.424999982
5841 -0.334999979 0.00500009954 -0.414999992
5842 -0.334999979 0.00500009954 -0.405000001
5843 -0.324999988 0.00500009954 -0.474999994
5844 -0.324999988 0.00500009954 -0.465000004
5845 -0.324999988 0.00500009954 -0.454999983
5846 -0.324999988 0.00500009954 -0.444999993
5847 -0.324999988 0.00500009954 -0.435000002
5848 -0.324999988 0.00500009954 -0.424999982
5849 -0.324999988 0.00500009954 -0.414999992
5850 -0.324999988 0.00500009954 -0.405000001
5851 -0.394999981 0.00500009954 -0.394999981
5852 -0.394999981 0.00500009954 -0.38499999
5853 -0.394999981 0.00500009954 -0.375
5854 -0.394999981 0.00500009954 -0.36499998
5855 -0.394999981 0.00500009954 -0.354999989
5856 -0.394999981 0.00500009954 -0.344999999
5857 -0.394999981 0.00500009954 -0.334999979
5858 -0.394999981 0.00500009954 -0.324999988
5859 -0.38499999 0.00500009954 -0.394999981
5860 -0.38499999 0.00500009954 -0.38499999
5861 -0.38499999 0.00500009954 -0.375
5862 -0.38499999 0.00500009954 -0.36499998
5863 -0.38499999 0.00500009954 -0.354999989
5864 -0.38499999 0.00500009954 -0.344999999
5865 -0.38499999 0.00500009954 -0.334999979
5866 -0.38499999 0.00500009954 -0.324999988
5867 -0.375 0.00500009954 -0.394999981
5868 -0.375 0.00500009954 -0.38499999
5869 -0.375 0.00500009954 -0.375
5870 -0.375 0.00500009954 -0.36499998
5871 -0.375 0.00500009954 -0.354999989
5872 -0.375 0.00500009954 -0.344999999
5873 -0.375 0.00500009954 -0.334999979
5874 -0.375 0.00500009954 -0.324999988
5875 -0.36499998 0.00500009954 -0.394999981
5876 -0.36499998 0.00500009954 -0.38499999
5877 -0.36499998 0.00500009954 -0.375
5878 -0.36499998 0.00500009954 -0.36499998
5879 -0.36499998 0.00500009954 -0.354999989
5880 -0.36499998 0.00500009954 -0.344999999
5881 -0.36499998 0.00500009954 -0.334999979
5882 -0.36499998 0.00500009954 -0.324999988
5883 -0.354999989 0.00500009954 -0.394999981
5884 -0.354999989 0.00500009954 -0.38499999
5885 -0.354999989 0.00500009954 -0.375
5886 -0.354999989 0.00500009954 -0.36499998
5887 -0.354999989 0.00500009954 -0.354999989
5888 -0.354999989 0.00500009954 -0.344999999
5889 -0.354999989 0.00500009954 -0.334999979
5890 -0.354999989 0.00500009954 -0.324999988
5891 -0.344999999 0.00500009954 -0.394999981
5892 -0.344999999 0.00500009954 -0.38499999
5893 -0.344999999 0.00500009954 -0.375
5894 -0.344999999 0.00500009954 -0.36499998
5895 -0.344999999 0.00500009954 -0.354999989
5896 -0.344999999 0.00500009954 -0.344999999
5897 -0.344999999 0.00500009954 -0.334999979
5898 -0.344999999 0.00500009954 -0.324999988
5899 -0.334999979 0.00500009954 -0.394999981
5900 -0.334999979 0.00500009954 -0.38499999
5901 -0.334999979 0.00500009954 -0.375
5902 -0.334999979 0.00500009954 -0.36499998
5903 -0.334999979 0.00500009954 -0.354999989
5904 -0.334999979 0.00500009954 -0.344999999
5905 -0.334999979 0.00500009954 -0.334999979
5906 -0.334999979 0.00500009954 -0.324999988
5907 -0.324999988 0.00500009954 -0.394999981
5908 -0.324999988 0.00500009954 -0.38499999
5909 -0.324999988 0.00500009954 -0.375
5910 -0.324999988 0.00500009954 -0.36499998
5911 -0.324999988 0.00500009954 -0.354999989
5912 -0.324999988 0.00500009954 -0.344999999
5913 -0.324999988 0.00500009954 -0.334999979
5914 -0.324999988 0.00500009954 -0.324999988
5915 -0.394999981 0.00500009954 -0.314999998
5916 -0.394999981 0.00500009954 -0.305000007
5917 -0.394999981 0.00500009954 -0.294999987
5918 -0.394999981 0.00500009954 -0.284999996
5919 -0.394999981 0.00500009954 -0.275000006
5920 -0.394999981 0.00500009954 -0.264999986
5921 -0.394999981 0.00500009954 -0.254999995
5922 -0.394999981 0.00500009954 -0.24499999
5923 -0.38499999 0.00500009954 -0.314999998
5924 -0.38499999 0.00500009954 -0.305000007
5925 -0.38499999 0.00500009954 -0.294999987
5926 -0.38499999 0.00500009954 -0.284999996
5927 -0.38499999 0.00500009954 -0.275000006
5928 -0.38499999 0.00500009954 -0.264999986
5929 -0.38499999 0.00500009954 -0.254999995
5930 -0.38499999 0.00500009954 -0.24499999
5931 -0.375 0.00500009954 -0.314999998
5932 -0.375 0.00500009954 -0.305000007
5933 -0.375 0.00500009954 -0.294999987
5934 -0.375 0.00500009954 -0.284999996
5935 -0.375 0.00500009954 -0.275000006
5936 -0.375 0.00500009954 -0.264999986
5937 -0.375 0.00500009954 -0.254999995
5938 -0.375 0.00500009954 -0.24499999
5939 -0.36499998 0.00500009954 -0.314999998
5940 -0.36499998 0.00500009954 -0.305000007
5941 -0.36499998 0.00500009954 -0.294999987
5942 -0.36499998 0.00500009954 -0.284999996
5943 -0.36499998 0.00500009954 -0.275000006
5944 -0.36499998 0.00500009954 -0.264999986
5945 -0.36499998 0.00500009954 -0.254999995
5946 -0.36499998 0.00500009954 -0.24499999
5947 -0.354999989 0.00500009954 -0.314999998
5948 -0.354999989 0.00500009954 -0.305000007
5949 -0.354999989 0.00500009954 -0.294999987
5950 -0.354999989 0.00500009954 -0.284999996
5951 -0.354999989 0.00500009954 -0.275000006
5952 -0.354999989 0.00500009954 -0.264999986
5953 -0.354999989 0.00500009954 -0.254999995
5954 -0.354999989 0.00500009954 -0.24499999
5955 -0.344999999 0.00500009954 -0.314999998
5956 -0.344999999 0.00500009954 -0.305000007
5957 -0.344999999 0.00500009954 -0.294999987
5958 -0.344999999 0.00500009954 -0.284999996
5959 -0.344999999 0.00500009954 -0.275000006
5960 -0.344999999 0.00500009954 -0.264999986
5961 -0.344999999 0.00500009954 -0.254999995
5962 -0.344999999 0.00500009954 -0.24499999
5963 -0.334999979 0.00500009954 -0.314999998
5964 -0.334999979 0.00500009954 -0.305000007
5965 -0.334999979 0.00500009954 -0.294999987
5966 -0.334999979 0.00500009954 -0.284999996
5967 -0.334999979 0.00500009954 -0.275000006
5968 -0.334999979 0.00500009954 -0.264999986
5969 -0.334999979 0.00500009954 -0.254999995
5970 -0.334999979 0.00500009954 -0.24499999
5971 -0.324999988 0.00500009954 -0.314999998
5972 -0.324999988 0.00500009954 -0.305000007
5973 -0.324999988 0.00500009954 -0.294999987
5974 -0.324999988 0.00500009954 -0.284999996
5975 -0.324999988 0.00500009954 -0.275000006
5976 -0.324999988 0.00500009954 -0.264999986
5977 -0.324999988 0.00500009954 -0.254999995
5978 -0.324999988 0.00500009954 -0.24499999
5979 -0.394999981 0.00500009954 -0.234999999
5980 -0.394999981 0.00500009954 -0.224999994
5981 -0.394999981 0.00500009954 -0.214999989
5982 -0.394999981 0.00500009954 -0.204999998
5983 -0.394999981 0.00500009954 -0.194999993
5984 -0.394999981 0.00500009954 -0.185000002
5985 -0.394999981 0.00500009954 -0.174999997
5986 -0.394999981 0.00500009954 -0.164999992
5987 -0.38499999 0.00500009954 -0.234999999
5988 -0.38499999 0.00500009954 -0.224999994
5989 -0.38499999 0.00500009954 -0.214999989
5990 -0.38499999 0.00500009954 -0.204999998
5991 -0.38499999 0.00500009954 -0.194999993
5992 -0.38499999 0.00500009954 -0.185000002
5993 -0.38499999 0.00500009954 -0.174999997
5994 -0.38499999 0.00500009954 -0.164999992
5995 -0.375 0.00500009954 -0.234999999
5996 -0.375 0.00500009954 -0.224999994
5997 -0.375 0.00500009954 -0.214999989
5998 -0.375 0.00500009954 -0.204999998
5999 -0.375 0.00500009954 -0.194999993
6000 -0.375 0.00500009954 -0.185000002
6001 -0.375 0.00500009954 -0.174999997
6002 -0.375 0.00500009954 -0.164999992
6003 -0.36499998 0.00500009954 -0.234999999
6004 -0.36499998 0.00500009954 -0.224999994
6005 -0.36499998 0.00500009954 -0.214999989
6006 -0.36499998 0.00500009954 -0.204999998
6007 -0.36499998 0.00500009954 -0.194999993
6008 -0.36499998 0.00500009954 -0.185000002
6009 -0.36499998 0.00500009954 -0.174999997
6010 -0.36499998 0.00500009954 -0.164999992
6011 -0.354999989 0.00500009954 -0.234999999
6012 -0.354999989 0.00500009954 -0.224999994
6013 -0.354999989 0.00500009954 -0.214999989
6014 -0.354999989 0.00500009954 -0.204999998
6015 -0.354999989 0.00500009954 -0.194999993
6016 -0.354999989 0.00500009954 -0.185000002
6017 -0.354999989 0.00500009954 -0.174999997
6018 -0.354999989 0.00500009954 -0.164999992
6019 -0.344999999 0.00500009954 -0.234999999
6020 -0.344999999 0.00500009954 -0.224999994
6021 -0.344999999 0.00500009954 -0.214999989
6022 -0.344999999 0.00500009954 -0.204999998
6023 -0.344999999 0.00500009954 -0.194999993
6024 -0.344999999 0.00500009954 -0.185000002
6025 -0.344999999 0.00500009954 -0.174999997
6026 -0.344999999 0.00500009954 -0.164999992
6027 -0.334999979 0.00500009954 -0.234999999
6028 -0.334999979 0.00500009954 -0.224999994
6029 -0.334999979 0.00500009954 -0.214999989
6030 -0.334999979 0.00500009954 -0.204999998
6031 -0.334999979 0.00500009954 -0.194999993
6032 -0.334999979 0.00500009954 -0.185000002
6033 -0.334999979 0.00500009954 -0.174999997
6034 -0.334999979 0.00500009954 -0.164999992
6035 -0.324999988 0.00500009954 -0.234999999
6036 -0.324999988 0.00500009954 -0.224999994
6037 -0.324999988 0.00500009954 -0.214999989
6038 -0.324999988 0.00500009954 -0.204999998
6039 -0.324999988 0.00500009954 -0.194999993
6040 -0.324999988 0.00500009954 -0.185000002
6041 -0.324999988 0.00500009954 -0.174999997
6042 -0.324999988 0.00500009954 -0.164999992
6043 -0.394999981 0.00500009954 -0.155000001
6044 -0.394999981 0.00500009954 -0.144999996
6045 -0.394999981 0.00500009954 -0.13499999
6046 -0.394999981 0.00500009954 -0.125
6047 -0.394999981 0.00500009954 -0.114999995
6048 -0.394999981 0.00500009954 -0.104999997
6049 -0.394999981 0.00500009954 -0.0949999988
6050 -0.394999981 0.00500009954 -0.0850000009
6051 -0.38499999 0.00500009954 -0.155000001
6052 -0.38499999 0.00500009954 -0.144999996
6053 -0.38499999 0.00500009954 -0.13499999
6054 -0.38499999 0.00500009954 -0.125
6055 -0.38499999 0.00500009954 -0.114999995
6056 -0.38499999 0.00500009954 -0.104999997
6057 -0.38499999 0.00500009954 -0.0949999988
6058 -0.38499999 0.00500009954 -0.0850000009
6059 -0.375 0.00500009954 -0.155000001
6060 -0.375 0.00500009954 -0.144999996
6061 -0.375 0.00500009954 -0.13499999
6062 -0.375 0.00500009954 -0.125
6063 -0.375 0.00500009954 -0.114999995
6064 -0.375 0.00500009954 -0.104999997
6065 -0.375 0.00500009954 -0.0949999988
6066 -0.375 0.00500009954 -0.0850000009
6067 -0.36499998 0.00500009954 -0.155000001
6068 -0.36499998 0.00500009954 -0.144999996
6069 -0.36499998 0.00500009954 -0.13499999
6070 -0.36499998 0.00500009954 -0.125
6071 -0.36499998 0.00500009954 -0.114999995
6072 -0.36499998 0.00500009954 -0.104999997
6073 -0.36499998 0.00500009954 -0.0949999988
6074 -0.36499998 0.00500009954 -0.0850000009
6075 -0.354999989 0.00500009954 -0.155000001
6076 -0.354999989 0.00500009954 -0.144999996
6077 -0.354999989 0.00500009954 -0.13499999
6078 -0.354999989 0.00500009954 -0.125
6079 -0.354999989 0.00500009954 -0.114999995
6080 -0.354999989 0.00500009954 -0.104999997
6081 -0.354999989 0.00500009954 -0.0949999988
6082 -0.354999989 0.00500009954 -0.0850000009
6083 -0.344999999 0.00500009954 -0.155000001
6084 -0.344999999 0.00500009954 -0.144999996
6085 -0.344999999 0.00500009954 -0.13499999
6086 -0.344999999 0.00500009954 -0.125
6087 -0.344999999 0.00500009954 -0.114999995
6088 -0.344999999 0.00500009954 -0.104999997
6089 -0.344999999 0.00500009954 -0.0949999988
6090 -0.344999999 0.00500009954 -0.0850000009
6091 -0.334999979 0.00500009954 -0.155000001
6092 -0.334999979 0.00500009954 -0.144999996
6093 -0.334999979 0.00500009954 -0.13499999
6094 -0.334999979 0.00500009954 -0.125
6095 -0.334999979 0.00500009954 -0.114999995
6096 -0.334999979 0.00500009954 -0.104999997
6097 -0.334999979 0.00500009954 -0.0949999988
6098 -0.334999979 0.00500009954 -0.0850000009
6099 -0.324999988 0.00500009954 -0.155000001
6100 -0.324999988 0.00500009954 -0.144999996
6101 -0.324999988 0.00500009954 -0.13499999
6102 -0.324999988 0.00500009954 -0.125
6103 -0.324999988 0.00500009954 -0.114999995
6104 -0.324999988 0.00500009954 -0.104999997
6105 -0.324999988 0.00500009954 -0.0949999988
6106 -0.324999988 0.00500009954 -0.0850000009
6107 -0.394999981 0.00500009954 -0.0749999955
6108 -0.394999981 0.00500009954 -0.0649999976
6109 -0.394999981 0.00500009954 -0.0549999997
6110 -0.394999981 0.00500009954 -0.0449999981
6111 -0.394999981 0.00500009954 -0.0350000001
6112 -0.394999981 0.00500009954 -0.0249999985
6113 -0.394999981 0.00500009954 -0.0149999997
6114 -0.394999981 0.00500009954 -0.00499999989
6115 -0.38499999 0.00500009954 -0.0749999955
6116 -0.38499999 0.00500009954 -0.0649999976
6117 -0.38499999 0.00500009954 -0.0549999997
6118 -0.38499999 0.00500009954 -0.0449999981
6119 -0.38499999 0.00500009954 -0.0350000001
6120 -0.38499999 0.00500009954 -0.0249999985
6121 -0.38499999 0.00500009954 -0.0149999997
6122 -0.38499999 0.00500009954 -0.00499999989
6123 -0.375 0.00500009954 -0.0749999955
6124 -0.375 0.00500009954 -0.0649999976
6125 -0.375 0.00500009954 -0.0549999997
6126 -0.375 0.00500009954 -0.0449999981
6127 -0.375 0.00500009954 -0.0350000001
6128 -0.375 0.00500009954 -0.0249999985
6129 -0.375 0.00500009954 -0.0149999997
6130 -0.375 0.00500009954 -0.00499999989
6131 -0.36499998 0.00500009954 -0.0749999955
6132 -0.36499998 0.00500009954 -0.0649999976
6133 -0.36499998 0.00500009954 -0.0549999997
6134 -0.36499998 0.00500009954 -0.0449999981
6135 -0.36499998 0.00500009954 -0.0350000001
6136 -0.36499998 0.00500009954 -0.0249999985
6137 -0.36499998 0.00500009954 -0.0149999997
6138 -0.36499998 0.00500009954 -0.00499999989
6139 -0.354999989 0.00500009954 -0.0749999955
6140 -0.354999989 0.00500009954 -0.0649999976
6141 -0.354999989 0.00500009954 -0.0549999997
6142 -0.354999989 0.00500009954 -0.0449999981
6143 -0.354999989 0.00500009954 -0.0350000001
6144 -0.354999989 0.00500009954 -0.0249999985
6145 -0.354999989 0.00500009954 -0.0149999997
6146 -0.354999989 0.00500009954 -0.00499999989
6147 -0.344999999 0.00500009954 -0.0749999955
6148 -0.344999999 0.00500009954 -0.0649999976
6149 -0.344999999 0.00500009954 -0.0549999997
6150 -0.344999999 0.00500009954 -0.0449999981
6151 -0.344999999 0.00500009954 -0.0350000001
6152 -0.344999999 0.00500009954 -0.0249999985
6153 -0.344999999 0.00500009954 -0.0149999997
6154 -0.344999999 0.00500009954 -0.00499999989
6155 -0.334999979 0.00500009954 -0.0749999955
6156 -0.334999979 0.00500009954 -0.0649999976
6157 -0.334999979 0.00500009954 -0.0549999997
6158 -0.334999979 0.00500009954 -0.0449999981
6159 -0.334999979 0.00500009954 -0.0350000001
6160 -0.334999979 0.00500009954 -0.0249999985
6161 -0.334999979 0.00500009954 -0.0149999997
6162 -0.334999979 0.00500009954 -0.00499999989
6163 -0.324999988 0.00500009954 -0.0749999955
6164 -0.324999988 0.00500009954 -0.0649999976
6165 -0.324999988 0.00500009954 -0.0549999997
6166 -0.324999988 0.00500009954 -0.0449999981
6167 -0.324999988 0.00500009954 -0.0350000001
6168 -0.324999988 0.00500009954 -0.0249999985
6169 -0.324999988 0.00500009954 -0.0149999997
6170 -0.324999988 0.00500009954 -0.00499999989
6171 -0.314999998 9.96515155e-08 -0.50000006
6172 -0.314999998 0.00250014942 -0.494999975
6173 -0.314999998 0.00500009954 -0.484999985
6174 -0.305000007 9.96515155e-08 -0.50000006
6175 -0.305000007 0.00250014942 -0.494999975
6176 -0.305000007 0.00500009954 -0.484999985
6177 -0.294999987 9.96515155e-08 -0.50000006
6178 -0.294999987 0.00250014942 -0.494999975
6179 -0.294999987 0.00500009954 -0.484999985
6180 -0.284999996 9.96515155e-08 -0.50000006
6181 -0.284999996 0.00250014942 -0.494999975
6182 -0.284999996 0.00500009954 -0.484999985
6183 -0.275000006 9.96515155e-08 -0.50000006
6184 -0.275000006 0.00250014942 -0.494999975
6185 -0.275000006 0.00500009954 -0.484999985
6186 -0.264999986 9.96515155e-08 -0.50000006
6187 -0.264999986 0.00250014942 -0.494999975
6188 -0.264999986 0.00500009954 -0.484999985
6189 -0.254999995 9.96515155e-08 -0.50000006
6190 -0.254999995 0.00250014942 -0.494999975
6191 -0.254999995 0.00500009954 -0.484999985
6192 -0.24499999 9.96515155e-08 -0.50000006
6193 -0.24499999 0.00250014942 -0.494999975
6194 -0.24499999 0.00500009954 -0.484999985
6195 -0.314999998 0.00500009954 -0.474999994
6196 -0.314999998 0.00500009954 -0.465000004
6197 -0.314999998 0.00500009954 -0.454999983
6198 -0.314999998 0.00500009954 -0.444999993
6199 -0.314999998 0.00500009954 -0.435000002
6200 -0.314999998 0.00500009954 -0.424999982
6201 -0.314999998 0.00500009954 -0.414999992
6202 -0.314999998 0.00500009954 -0.405000001
6203 -0.305000007 0.00500009954 -0.474999994
6204 -0.305000007 0.00500009954 -0.465000004
6205 -0.305000007 0.00500009954 -0.454999983
6206 -0.305000007 0.00500009954 -0.444999993
6207 -0.305000007 0.00500009954 -0.435000002
6208 -0.305000007 0.00500009954 -0.424999982
6209 -0.305000007 0.00500009954 -0.414999992
6210 -0.305000007 0.00500009954 -0.405000001
6211 -0.294999987 0.00500009954 -0.474999994
6212 -0.294999987 0.00500009954 -0.465000004
6213 -0.294999987 0.00500009954 -0.454999983
6214 -0.294999987 0.00500009954 -0.444999993
6215 -0.294999987 0.00500009954 -0.435000002
6216 -0.294999987 0.00500009954 -0.424999982
6217 -0.294999987 0.00500009954 -0.414999992
6218 -0.294999987 0.00500009954 -0.405000001
6219 -0.284999996 0.00500009954 -0.474999994
6220 -0.284999996 0.00500009954 -0.465000004
6221 -0.284999996 0.00500009954 -0.454999983
6222 -0.284999996 0.00500009954 -0.444999993
6223 -0.284999996 0.00500009954 -0.435000002
6224 -0.284999996 0.00500009954 -0.424999982
6225 -0.284999996 0.00500009954 -0.414999992
6226 -0.284999996 0.00500009954 -0.405000001
6227 -0.275000006 0.00500009954 -0.474999994
6228 -0.275000006 0.00500009954 -0.465000004
6229 -0.275000006 0.00500009954 -0.454999983
6230 -0.275000006 0.00500009954 -0.444999993
6231 -0.275000006 0.00500009954 -0.435000002
6232 -0.275000006 0.00500009954 -0.424999982
6233 -0.275000006 0.00500009954 -0.414999992
6234 -0.275000006 0.00500009954 -0.405000001
6235 -0.264999986 0.00500009954 -0.474999994
6236 -0.264999986 0.00500009954 -0.465000004
6237 -0.264999986 0.00500009954 -0.454999983
6238 -0.264999986 0.00500009954 -0.444999993
6239 -0.264999986 0.00500009954 -0.435000002
6240 -0.264999986 0.00500009954 -0.424999982
6241 -0.264999986 0.00500009954 -0.414999992
6242 -0.264999986 0.00500009954 -0.405000001
6243 -0.254999995 0.00500009954 -0.474999994
6244 -0.254999995 0.00500009954 -0.465000004
6245 -0.254999995 0.00500009954 -0.454999983
6246 -0.254999995 0.00500009954 -0.444999993
6247 -0.254999995 0.00500009954 -0.435000002
6248 -0.254999995 0.00500009954 -0.424999982
6249 -0.254999995 0.00500009954 -0.414999992
6250 -0.254999995 0.00500009954 -0.405000001
6251 -0.24499999 0.00500009954 -0.474999994
6252 -0.24499999 0.00500009954 -0.465000004
6253 -0.24499999 0.00500009954 -0.454999983
6254 -0.24499999 0.00500009954 -0.444999993
6255 -0.24499999 0.00500009954 -0.435000002
6256 -0.24499999 0.00500009954 -0.424999982
6257 -0.24499999 0.00500009954 -0.414999992
6258 -0.24499999 0.00500009954 -0.405000001
6259 -0.314999998 0.00500009954 -0.394999981
6260 -0.314999998 0.00500009954 -0.38499999
6261 -0.314999998 0.00500009954 -0.375
6262 -0.314999998 0.00500009954 -0.36499998
6263 -0.314999998 0.00500009954 -0.354999989
6264 -0.314999998 0.00500009954 -0.344999999
6265 -0.314999998 0.00500009954 -0.334999979
6266 -0.314999998 0.00500009954 -0.324999988
6267 -0.305000007 0.00500009954 -0.394999981
6268 -0.305000007 0.00500009954 -0.38499999
6269 -0.305000007 0.00500009954 -0.375
6270 -0.305000007 0.00500009954 -0.36499998
6271 -0.305000007 0.00500009954 -0.354999989
6272 -0.305000007 0.00500009954 -0.344999999
6273 -0.305000007 0.00500009954 -0.334999979
6274 -0.305000007 0.00500009954 -0.324999988
6275 -0.294999987 0.00500009954 -0.394999981
6276 -0.294999987 0.00500009954 -0.38499999
6277 -0.294999987 0.00500009954 -0.375
6278 -0.294999987 0.00500009954 -0.36499998
6279 -0.294999987 0.00500009954 -0.354999989
6280 -0.294999987 0.00500009954 -0.344999999
6281 -0.294999987 0.00500009954 -0.334999979
6282 -0.294999987 0.00500009954 -0.324999988
6283 -0.284999996 0.00500009954 -0.394999981
6284 -0.284999996 0.00500009954 -0.38499999
6285 -0.284999996 0.00500009954 -0.375
6286 -0.284999996 0.00500009954 -0.36499998
6287 -0.284999996 0.00500009954 -0.354999989
6288 -0.284999996 0.00500009954 -0.344999999
6289 -0.284999996 0.00500009954 -0.334999979
6290 -0.284999996 0.00500009954 -0.324999988
6291 -0.275000006 0.00500009954 -0.394999981
6292 -0.275000006 0.00500009954 -0.38499999
6293 -0.275000006 0.00500009954 -0.375
6294 -0.275000006 0.00500009954 -0.36499998
6295 -0.275000006 0.00500009954 -0.354999989
6296 -0.275000006 0.00500009954 -0.344999999
6297 -0.275000006 0.00500009954 -0.334999979
6298 -0.275000006 0.00500009954 -0.324999988
6299 -0.264999986 0.00500009954 -0.394999981
6300 -0.264999986 0.00500009954 -0.38499999
6301 -0.264999986 0.00500009954 -0.375
6302 -0.264999986 0.00500009954 -0.36499998
6303 -0.264999986 0.00500009954 -0.354999989
6304 -0.264999986 0.00500009954 -0.344999999
6305 -0.264999986 0.00500009954 -0.334999979
6306 -0.264999986 0.00500009954 -0.324999988
6307 -0.254999995 0.00500009954 -0.394999981
6308 -0.254999995 0.00500009954 -0.38499999
6309 -0.254999995 0.00500009954 -0.375
6310 -0.254999995 0.00500009954 -0.36499998
6311 -0.254999995 0.00500009954 -0.354999989
6312 -0.254999995 0.00500009954 -0.344999999
6313 -0.254999995 0.00500009954 -0.334999979
6314 -0.254999995 0.00500009954 -0.324999988
6315 -0.24499999 0.00500009954 -0.394999981
6316 -0.24499999 0.00500009954 -0.38499999
6317 -0.24499999 0.00500009954 -0.375
6318 -0.24499999 0.00500009954 -0.36499998
6319 -0.24499999 0.00500009954 -0.354999989
6320 -0.24499999 0.00500009954 -0.344999999
6321 -0.24499999 0.00500009954 -0.334999979
6322 -0.24499999 0.00500009954 -0.324999988
6323 -0.314999998 0.00500009954 -0.314999998
6324 -0.314999998 0.00500009954 -0.305000007
6325 -0.314999998 0.00500009954 -0.294999987
6326 -0.314999998 0.00500009954 -0.284999996
6327 -0.314999998 0.00500009954 -0.275000006
6328 -0.314999998 0.00500009954 -0.264999986
6329 -0.314999998 0.00500009954 -0.254999995
6330 -0.314999998 0.00500009954 -0.24499999
6331 -0.305000007 0.00500009954 -0.314999998
6332 -0.305000007 0.00500009954 -0.305000007
6333 -0.305000007 0.00500009954 -0.294999987
6334 -0.305000007 0.00500009954 -0.284999996
6335 -0.305000007 0.00500009954 -0.275000006
6336 -0.305000007 0.00500009954 -0.264999986
6337 -0.305000007 0.00500009954 -0.254999995
6338 -0.305000007 0.00500009954 -0.24499999
6339 -0.294999987 0.00500009954 -0.314999998
6340 -0.294999987 0.00500009954 -0.305000007
6341 -0.294999987 0.00500009954 -0.294999987
6342 -0.294999987 0.00500009954 -0.284999996
6343 -0.294999987 0.00500009954 -0.275000006
6344 -0.294999987 0.00500009954 -0.264999986
6345 -0.294999987 0.00500009954 -0.254999995
6346 -0.294999987 0.00500009954 -0.24499999
6347 -0.284999996 0.00500009954 -0.314999998
6348 -0.284999996 0.00500009954 -0.305000007
6349 -0.284999996 0.00500009954 -0.294999987
6350 -0.284999996 0.00500009954 -0.284999996
6351 -0.284999996 0.00500009954 -0.275000006
6352 -0.284999996 0.00500009954 -0.264999986
6353 -0.284999996 0.00500009954 -0.254999995
6354 -0.284999996 0.00500009954 -0.24499999
6355 -0.275000006 0.00500009954 -0.314999998
6356 -0.275000006 0.00500009954 -0.305000007
6357 -0.275000006 0.00500009954 -0.294999987
6358 -0.275000006 0.00500009954 -0.284999996
6359 -0.275000006 0.00500009954 -0.275000006
6360 -0.275000006 0.00500009954 -0.264999986
6361 -0.275000006 0.00500009954 -0.254999995
6362 -0.275000006 0.00500009954 -0.24499999
6363 -0.264999986 0.00500009954 -0.314999998
6364 -0.264999986 0.00500009954 -0.305000007
6365 -0.264999986 0.00500009954 -0.294999987
6366 -0.264999986 0.00500009954 -0.284999996
6367 -0.264999986 0.00500009954 -0.275000006
6368 -0.264999986 0.00500009954 -0.264999986
6369 -0.264999986 0.00500009954 -0.254999995
6370 -0.264999986 0.00500009954 -0.24499999
6371 -0.254999995 0.00500009954 -0.314999998
6372 -0.254999995 0.00500009954 -0.305000007
6373 -0.254999995 0.00500009954 -0.294999987
6374 -0.254999995 0.00500009954 -0.284999996
6375 -0.254999995 0.00500009954 -0.275000006
6376 -0.254999995 0.00500009954 -0.264999986
6377 -0.254999995 0.00500009954 -0.254999995
6378 -0.254999995 0.00500009954 -0.24499999
6379 -0.24499999 0.00500009954 -0.314999998
6380 -0.24499999 0.00500009954 -0.305000007
6381 -0.24499999 0.00500009954 -0.294999987
6382 -0.24499999 0.00500009954 -0.284999996
6383 -0.24499999 0.00500009954 -0.275000006
6384 -0.24499999 0.00500009954 -0.264999986
6385 -0.24499999 0.00500009954 -0.254999995
6386 -0.24499999 0.00500009954 -0.24499999
6387 -0.314999998 0.00500009954 -0.234999999
6388 -0.314999998 0.00500009954 -0.224999994
6389 -0.314999998 0.00500009954 -0.214999989
6390 -0.314999998 0.00500009954 -0.204999998
6391 -0.314999998 0.00500009954 -0.194999993
6392 -0.314999998 0.00500009954 -0.185000002
6393 -0.314999998 0.00500009954 -0.174999997
6394 -0.314999998 0.00500009954 -0.164999992
6395 -0.305000007 0.00500009954 -0.234999999
6396 -0.305000007 0.00500009954 -0.224999994
6397 -0.305000007 0.00500009954 -0.214999989
6398 -0.305000007 0.00500009954 -0.204999998
6399 -0.305000007 0.00500009954 -0.194999993
6400 -0.305000007 0.00500009954 -0.185000002
6401 -0.305000007 0.00500009954 -0.174999997
6402 -0.305000007 0.00500009954 -0.164999992
6403 -0.294999987 0.00500009954 -0.234999999
6404 -0.294999987 0.00500009954 -0.224999994
6405 -0.294999987 0.00500009954 -0.214999989
6406 -0.294999987 0.00500009954 -0.204999998
6407 -0.294999987 0.00500009954 -0.194999993
6408 -0.294999987 0.00500009954 -0.185000002
6409 -0.294999987 0.00500009954 -0.174999997
6410 -0.294999987 0.00500009954 -0.164999992
6411 -0.284999996 0.00500009954 -0.234999999
6412 -0.284999996 0.00500009954 -0.224999994
6413 -0.284999996 0.00500009954 -0.214999989
6414 -0.284999996 0.00500009954 -0.204999998
6415 -0.284999996 0.00500009954 -0.194999993
6416 -0.284999996 0.00500009954 -0.185000002
6417 -0.284999996 0.00500009954 -0.174999997
6418 -0.284999996 0.00500009954 -0.164999992
6419 -0.275000006 0.00500009954 -0.234999999
6420 -0.275000006 0.00500009954 -0.224999994
6421 -0.275000006 0.00500009954 -0.214999989
6422 -0.275000006 0.00500009954 -0.204999998
6423 -0.275000006 0.00500009954 -0.194999993
6424 -0.275000006 0.00500009954 -0.185000002
6425 -0.275000006 0.00500009954 -0.174999997
6426 -0.275000006 0.00500009954 -0.164999992
6427 -0.264999986 0.00500009954 -0.234999999
6428 -0.264999986 0.00500009954 -0.224999994
6429 -0.264999986 0.00500009954 -0.214999989
6430 -0.264999986 0.00500009954 -0.204999998
6431 -0.264999986 0.00500009954 -0.194999993
6432 -0.264999986 0.00500009954 -0.185000002
6433 -0.264999986 0.00500009954 -0.174999997
6434 -0.264999986 0.00500009954 -0.164999992
6435 -0.254999995 0.00500009954 -0.234999999
6436 -0.254999995 0.00500009954 -0.224999994
6437 -0.254999995 0.00500009954 -0.214999989
6438 -0.254999995 0.00500009954 -0.204999998
6439 -0.254999995 0.00500009954 -0.194999993
6440 -0.254999995 0.00500009954 -0.185000002
6441 -0.254999995 0.00500009954 -0.174999997
6442 -0.254999995 0.00500009954 -0.164999992
6443 -0.24499999 0.00500009954 -0.234999999
6444 -0.24499999 0.00500009954 -0.224999994
6445 -0.24499999 0.00500009954 -0.214999989
6446 -0.24499999 0.00500009954 -0.204999998
6447 -0.24499999 0.00500009954 -0.194999993
6448 -0.24499999 0.00500009954 -0.185000002
6449 -0.24499999 0.00500009954 -0.174999997
6450 -0.24499999 0.00500009954 -0.164999992
6451 -0.314999998 0.00500009954 -0.155000001
6452 -0.314999998 0.00500009954 -0.144999996
6453 -0.314999998 0.00500009954 -0.13499999
6454 -0.314999998 0.00500009954 -0.125
6455 -0.314999998 0.00500009954 -0.114999995
6456 -0.314999998 0.00500009954 -0.104999997
6457 -0.314999998 0.00500009954 -0.0949999988
6458 -0.314999998 0.00500009954 -0.0850000009
6459 -0.305000007 0.00500009954 -0.155000001
6460 -0.305000007 0.00500009954 -0.144999996
6461 -0.305000007 0.00500009954 -0.13499999
6462 -0.305000007 0.00500009954 -0.125
6463 -0.305000007 0.00500009954 -0.114999995
6464 -0.305000007 0.00500009954 -0.104999997
6465 -0.305000007 0.00500009954 -0.0949999988
6466 -0.305000007 0.00500009954 -0.0850000009
6467 -0.294999987 0.00500009954 -0.155000001
6468 -0.294999987 0.00500009954 -0.144999996
6469 -0.294999987 0.00500009954 -0.13499999
6470 -0.294999987 0.00500009954 -0.125
6471 -0.294999987 0.00500009954 -0.114999995
6472 -0.294999987 0.00500009954 -0.104999997
6473 -0.294999987 0.00500009954 -0.0949999988
6474 -0.294999987 0.00500009954 -0.0850000009
6475 -0.284999996 0.00500009954 -0.155000001
6476 -0.284999996 0.00500009954 -0.144999996
6477 -0.284999996 0.00500009954 -0.13499999
6478 -0.284999996 0.00500009954 -0.125
6479 -0.284999996 0.00500009954 -0.114999995
6480 -0.284999996 0.00500009954 -0.104999997
6481 -0.284999996 0.00500009954 -0.0949999988
6482 -0.284999996 0.00500009954 -0.0850000009
6483 -0.275000006 0.00500009954 -0.155000001
6484 -0.275000006 0.00500009954 -0.144999996
6485 -0.275000006 0.00500009954 -0.13499999
6486 -0.275000006 0.00500009954 -0.125
6487 -0.275000006 0.00500009954 -0.114999995
6488 -0.275000006 0.00500009954 -0.104999997
6489 -0.275000006 0.00500009954 -0.0949999988
6490 -0.275000006 0.00500009954 -0.0850000009
6491 -0.264999986 0.00500009954 -0.155000001
6492 -0.264999986 0.00500009954 -0.144999996
6493 -0.264999986 0.00500009954 -0.13499999
6494 -0.264999986 0.00500009954 -0.125
6495 -0.264999986 0.00500009954 -0.114999995
6496 -0.264999986 0.00500009954 -0.104999997
6497 -0.264999986 0.00500009954 -0.0949999988
6498 -0.264999986 0.00500009954 -0.0850000009
6499 -0.254999995 0.00500009954 -0.155000001
6500 -0.254999995 0.00500009954 -0.144999996
6501 -0.254999995 0.00500009954 -0.13499999
6502 -0.254999995 0.00500009954 -0.125
6503 -0.254999995 0.00500009954 -0.114999995
6504 -0.254999995 0.00500009954 -0.104999997
6505 -0.254999995 0.00500009954 -0.0949999988
6506 -0.254999995 0.00500009954 -0.0850000009
6507 -0.24499999 0.00500009954 -0.155000001
6508 -0.24499999 0.00500009954 -0.144999996
6509 -0.24499999 0.00500009954 -0.13499999
6510 -0.24499999 0.00500009954 -0.125
6511 -0.24499999 0.00500009954 -0.114999995
6512 -0.24499999 0.00500009954 -0.104999997
6513 -0.24499999 0.00500009954 -0.0949999988
6514 -0.24499999 0.00500009954 -0.0850000009
6515 -0.314999998 0.00500009954 -0.0749999955
6516 -0.314999998 0.00500009954 -0.0649999976
6517 -0.314999998 0.00500009954 -0.0549999997
6518 -0.314999998 0.00500009954 -0.0449999981
6519 -0.314999998 0.00500009954 -0.0350000001
6520 -0.314999998 0.00500009954 -0.0249999985
6521 -0.314999998 0.00500009954 -0.0149999997
6522 -0.314999998 0.00500009954 -0.00499999989
6523 -0.305000007 0.00500009954 -0.0749999955
6524 -0.305000007 0.00500009954 -0.0649999976
6525 -0.305000007 0.00500009954 -0.0549999997
6526 -0.305000007 0.00500009954 -0.0449999981
6527 -0.305000007 0.00500009954 -0.0350000001
6528 -0.305000007 0.00500009954 -0.0249999985
6529 -0.305000007 0.00500009954 -0.0149999997
6530 -0.305000007 0.00500009954 -0.00499999989
6531 -0.294999987 0.00500009954 -0.0749999955
6532 -0.294999987 0.00500009954 -0.0649999976
6533 -0.294999987 0.00500009954 -0.0549999997
6534 -0.294999987 0.00500009954 -0.0449999981
6535 -0.294999987 0.00500009954 -0.0350000001
6536 -0.294999987 0.00500009954 -0.0249999985
6537 -0.294999987 0.00500009954 -0.0149999997
6538 -0.294999987 0.00500009954 -0.00499999989
6539 -0.284999996 0.00500009954 -0.0749999955
6540 -0.284999996 0.00500009954 -0.0649999976
6541 -0.284999996 0.00500009954 -0.0549999997
6542 -0.284999996 0.00500009954 -0.0449999981
6543 -0.284999996 0.00500009954 -0.0350000001
6544 -0.284999996 0.00500009954 -0.0249999985
6545 -0.284999996 0.00500009954 -0.0149999997
6546 -0.284999996 0.00500009954 -0.00499999989
6547 -0.275000006 0.00500009954 -0.0749999955
6548 -0.275000006 0.00500009954 -0.0649999976
6549 -0.275000006 0.00500009954 -0.0549999997
6550 -0.275000006 0.00500009954 -0.0449999981
6551 -0.275000006 0.00500009954 -0.0350000001
6552 -0.275000006 0.00500009954 -0.0249999985
6553 -0.275000006 0.00500009954 -0.0149999997
6554 -0.275000006 0.00500009954 -0.00499999989
6555 -0.264999986 0.00500009954 -0.0749999955
6556 -0.264999986 0.00500009954 -0.0649999976
6557 -0.264999986 0.00500009954 -0.0549999997
6558 -0.264999986 0.00500009954 -0.0449999981
6559 -0.264999986 0.00500009954 -0.0350000001
6560 -0.264999986 0.00500009954 -0.0249999985
6561 -0.264999986 0.00500009954 -0.0149999997
6562 -0.264999986 0.00500009954 -0.00499999989
6563 -0.254999995 0.00500009954 -0.0749999955
6564 -0.254999995 0.00500009954 -0.0649999976
6565 -0.254999995 0.00500009954 -0.0549999997
6566 -0.254999995 0.00500009954 -0.0449999981
6567 -0.254999995 0.00500009954 -0.0350000001
6568 -0.254999995 0.00500009954 -0.0249999985
6569 -0.254999995 0.00500009954 -0.0149999997
6570 -0.254999995 0.00500009954 -0.00499999989
6571 -0.24499999 0.00500009954 -0.0749999955
6572 -0.24499999 0.00500009954 -0.0649999976
6573 -0.24499999 0.00500009954 -0.0549999997
6574 -0.24499999 0.00500009954 -0.0449999981
6575 -0.24499999 0.00500009954 -0.0350000001
6576 -0.24499999 0.00500009954 -0.0249999985
6577 -0.24499999 0.00500009954 -0.0149999997
6578 -0.24499999 0.00500009954 -0.00499999989
6579 -0.234999999 9.96515155e-08 -0.50000006
6580 -0.234999999 0.00250014942 -0.494999975
6581 -0.234999999 0.00500009954 -0.484999985
6582 -0.224999994 9.96515155e-08 -0.50000006
6583 -0.224999994 0.00250014942 -0.494999975
6584 -0.224999994 0.00500009954 -0.484999985
6585 -0.214999989 9.96515155e-08 -0.50000006
6586 -0.214999989 0.00250014942 -0.494999975
6587 -0.214999989 0.00500009954 -0.484999985
6588 -0.204999998 9.96515155e-08 -0.50000006
6589 -0.204999998 0.00250014942 -0.494999975
6590 -0.204999998 0.00500009954 -0.484999985
6591 -0.194999993 9.96515155e-08 -0.50000006
6592 -0.194999993 0.00250014942 -0.494999975
6593 -0.194999993 0.00500009954 -0.484999985
6594 -0.185000002 9.96515155e-08 -0.50000006
6595 -0.185000002 0.00250014942 -0.494999975
6596 -0.185000002 0.00500009954 -0.484999985
6597 -0.174999997 9.96515155e-08 -0.50000006
6598 -0.174999997 0.00250014942 -0.494999975
6599 -0.174999997 0.00500009954 -0.484999985
6600 -0.164999992 9.96515155e-08 -0.50000006
6601 -0.164999992 0.00250014942 -0.494999975
6602 -0.164999992 0.00500009954 -0.484999985
6603 -0.234999999 0.00500009954 -0.474999994
6604 -0.234999999 0.00500009954 -0.465000004
6605 -0.234999999 0.00500009954 -0.454999983
6606 -0.234999999 0.00500009954 -0.444999993
6607 -0.234999999 0.00500009954 -0.435000002
6608 -0.234999999 0.00500009954 -0.424999982
6609 -0.234999999 0.00500009954 -0.414999992
6610 -0.234999999 0.00500009954 -0.405000001
6611 -0.224999994 0.00500009954 -0.474999994
6612 -0.224999994 0.00500009954 -0.465000004
6613 -0.224999994 0.00500009954 -0.454999983
6614 -0.224999994 0.00500009954 -0.444999993
6615 -0.224999994 0.00500009954 -0.435000002
6616 -0.224999994 0.00500009954 -0.424999982
6617 -0.224999994 0.00500009954 -0.414999992
6618 -0.224999994 0.00500009954 -0.405000001
6619 -0.214999989 0.00500009954 -0.474999994
6620 -0.214999989 0.00500009954 -0.465000004
6621 -0.214999989 0.00500009954 -0.454999983
6622 -0.214999989 0.00500009954 -0.444999993
6623 -0.214999989 0.00500009954 -0.435000002
6624 -0.214999989 0.00500009954 -0.424999982
6625 -0.214999989 0.00500009954 -0.414999992
6626 -0.214999989 0.00500009954 -0.405000001
6627 -0.204999998 0.00500009954 -0.474999994
6628 -0.204999998 0.00500009954 -0.465000004
6629 -0.204999998 0.00500009954 -0.454999983
6630 -0.204999998 0.00500009954 -0.444999993
6631 -0.204999998 0.00500009954 -0.435000002
6632 -0.204999998 0.00500009954 -0.424999982
6633 -0.204999998 0.00500009954 -0.414999992
6634 -0.204999998 0.00500009954 -0.405000001
6635 -0.194999993 0.00500009954 -0.474999994
6636 -0.194999993 0.00500009954 -0.465000004
6637 -0.194999993 0.00500009954 -0.454999983
6638 -0.194999993 0.00500009954 -0.444999993
6639 -0.194999993 0.00500009954 -0.435000002
6640 -0.194999993 0.00500009954 -0.424999982
6641 -0.194999993 0.00500009954 -0.414999992
6642 -0.194999993 0.00500009954 -0.405000001
6643 -0.185000002 0.00500009954 -0.474999994
6644 -0.185000002 0.00500009954 -0.465000004
6645 -0.185000002 0.00500009954 -0.454999983
6646 -0.185000002 0.00500009954 -0.444999993
6647 -0.185000002 0.00500009954 -0.435000002
6648 -0.185000002 0.00500009954 -0.424999982
6649 -0.185000002 0.00500009954 -0.414999992
6650 -0.185000002 0.00500009954 -0.405000001
6651 -0.174999997 0.00500009954 -0.474999994
6652 -0.174999997 0.00500009954 -0.465000004
6653 -0.174999997 0.00500009954 -0.454999983
6654 -0.174999997 0.00500009954 -0.444999993
6655 -0.174999997 0.00500009954 -0.435000002
6656 -0.174999997 0.00500009954 -0.424999982
6657 -0.174999997 0.00500009954 -0.414999992
6658 -0.174999997 0.00500009954 -0.405000001
6659 -0.164999992 0.00500009954 -0.474999994
6660 -0.164999992 0.00500009954 -0.465000004
6661 -0.164999992 0.00500009954 -0.454999983
6662 -0.164999992 0.00500009954 -0.444999993
6663 -0.164999992 0.00500009954 -0.435000002
6664 -0.164999992 0.00500009954 -0.424999982
6665 -0.164999992 0.00500009954 -0.414999992
6666 -0.164999992 0.00500009954 -0.405000001
6667 -0.234999999 0.00500009954 -0.394999981
6668 -0.234999999 0.00500009954 -0.38499999
6669 -0.234999999 0.00500009954 -0.375
6670 -0.234999999 0.00500009954 -0.36499998
6671 -0.234999999 0.00500009954 -0.354999989
6672 -0.234999999 0.00500009954 -0.344999999
6673 -0.234999999 0.00500009954 -0.334999979
6674 -0.234999999 0.00500009954 -0.324999988
6675 -0.224999994 0.00500009954 -0.394999981
6676 -0.224999994 0.00500009954 -0.38499999
6677 -0.224999994 0.00500009954 -0.375
6678 -0.224999994 0.00500009954 -0.36499998
6679 -0.224999994 0.00500009954 -0.354999989
6680 -0.224999994 0.00500009954 -0.344999999
6681 -0.224999994 0.00500009954 -0.334999979
6682 -0.224999994 0.00500009954 -0.324999988
6683 -0.214999989 0.00500009954 -0.394999981
6684 -0.214999989 0.00500009954 -0.38499999
6685 -0.214999989 0.00500009954 -0.375
6686 -0.214999989 0.00500009954 -0.36499998
6687 -0.214999989 0.00500009954 -0.354999989
6688 -0.214999989 0.00500009954 -0.344999999
6689 -0.214999989 0.00500009954 -0.334999979
6690 -0.214999989 0.00500009954 -0.324999988
6691 -0.204999998 0.00500009954 -0.394999981
6692 -0.204999998 0.00500009954 -0.38499999
6693 -0.204999998 0.00500009954 -0.375
6694 -0.204999998 0.00500009954 -0.36499998
6695 -0.204999998 0.00500009954 -0.354999989
6696 -0.204999998 0.00500009954 -0.344999999
6697 -0.204999998 0.00500009954 -0.334999979
6698 -0.204999998 0.00500009954 -0.324999988
6699 -0.194999993 0.00500009954 -0.394999981
6700 -0.194999993 0.00500009954 -0.38499999
6701 -0.194999993 0.00500009954 -0.375
6702 -0.194999993 0.00500009954 -0.36499998
6703 -0.194999993 0.00500009954 -0.354999989
6704 -0.194999993 0.00500009954 -0.344999999
6705 -0.194999993 0.00500009954 -0.334999979
6706 -0.194999993 0.00500009954 -0.324999988
6707 -0.185000002 0.00500009954 -0.394999981
6708 -0.185000002 0.00500009954 -0.38499999
6709 -0.185000002 0.00500009954 -0.375
6710 -0.185000002 0.00500009954 -0.36499998
6711 -0.185000002 0.00500009954 -0.354999989
6712 -0.185000002 0.00500009954 -0.344999999
6713 -0.185000002 0.00500009954 -0.334999979
6714 -0.185000002 0.00500009954 -0.324999988
6715 -0.174999997 0.00500009954 -0.394999981
6716 -0.174999997 0.00500009954 -0.38499999
6717 -0.174999997 0.00500009954 -0.375
6718 -0.174999997 0.00500009954 -0.36499998
6719 -0.174999997 0.00500009954 -0.354999989
6720 -0.174999997 0.00500009954 -0.344999999
6721 -0.174999997 0.00500009954 -0.334999979
6722 -0.174999997 0.00500009954 -0.324999988
6723 -0.164999992 0.00500009954 -0.394999981
6724 -0.164999992 0.00500009954 -0.38499999
6725 -0.164999992 0.00500009954 -0.375
6726 -0.164999992 0.00500009954 -0.36499998
6727 -0.164999992 0.00500009954 -0.354999989
6728 -0.164999992 0.00500009954 -0.344999999
6729 -0.164999992 0.00500009954 -0.334999979
6730 -0.164999992 0.00500009954 -0.324999988
6731 -0.234999999 0.00500009954 -0.314999998
6732 -0.234999999 0.00500009954 -0.305000007
6733 -0.234999999 0.00500009954 -0.294999987
6734 -0.234999999 0.00500009954 -0.284999996
6735 -0.234999999 0.00500009954 -0.275000006
6736 -0.234999999 0.00500009954 -0.264999986
6737 -0.234999999 0.00500009954 -0.254999995
6738 -0.234999999 0.00500009954 -0.24499999
6739 -0.224999994 0.00500009954 -0.314999998
6740 -0.224999994 0.00500009954 -0.305000007
6741 -0.224999994 0.00500009954 -0.294999987
6742 -0.224999994 0.00500009954 -0.284999996
6743 -0.224999994 0.00500009954 -0.275000006
6744 -0.224999994 0.00500009954 -0.264999986
6745 -0.224999994 0.00500009954 -0.254999995
6746 -0.224999994 0.00500009954 -0.24499999
6747 -0.214999989 0.00500009954 -0.314999998
6748 -0.214999989 0.00500009954 -0.305000007
6749 -0.214999989 0.00500009954 -0.294999987
6750 -0.214999989 0.00500009954 -0.284999996
6751 -0.214999989 0.00500009954 -0.275000006
6752 -0.214999989 0.00500009954 -0.264999986
6753 -0.214999989 0.00500009954 -0.254999995
6754 -0.214999989 0.00500009954 -0.24499999
6755 -0.204999998 0.00500009954 -0.314999998
6756 -0.204999998 0.00500009954 -0.305000007
6757 -0.204999998 0.00500009954 -0.294999987
6758 -0.204999998 0.00500009954 -0.284999996
6759 -0.204999998 0.00500009954 -0.275000006
6760 -0.204999998 0.00500009954 -0.264999986
6761 -0.204999998 0.00500009954 -0.254999995
6762 -0.204999998 0.00500009954 -0.24499999
6763 -0.194999993 0.00500009954 -0.314999998
6764 -0.194999993 0.00500009954 -0.305000007
6765 -0.194999993 0.00500009954 -0.294999987
6766 -0.194999993 0.00500009954 -0.284999996
6767 -0.194999993 0.00500009954 -0.275000006
6768 -0.194999993 0.00500009954 -0.264999986
6769 -0.194999993 0.00500009954 -0.254999995
6770 -0.194999993 0.00500009954 -0.24499999
6771 -0.185000002 0.00500009954 -0.314999998
6772 -0.185000002 0.00500009954 -0.305000007
6773 -0.185000002 0.00500009954 -0.294999987
6774 -0.185000002 0.00500009954 -0.284999996
6775 -0.185000002 0.00500009954 -0.275000006
6776 -0.185000002 0.00500009954 -0.264999986
6777 -0.185000002 0.00500009954 -0.254999995
6778 -0.185000002 0.00500009954 -0.24499999
6779 -0.174999997 0.00500009954 -0.314999998
6780 -0.174999997 0.00500009954 -0.305000007
6781 -0.174999997 0.00500009954 -0.294999987
6782 -0.174999997 0.00500009954 -0.284999996
6783 -0.174999997 0.00500009954 -0.275000006
6784 -0.174999997 0.00500009954 -0.264999986
6785 -0.174999997 0.00500009954 -0.254999995
6786 -0.174999997 0.00500009954 -0.24499999
6787 -0.164999992 0.00500009954 -0.314999998
6788 -0.164999992 0.00500009954 -0.305000007
6789 -0.164999992 0.00500009954 -0.294999987
6790 -0.164999992 0.00500009954 -0.284999996
6791 -0.164999992 0.00500009954 -0.275000006
6792 -0.164999992 0.00500009954 -0.264999986
6793 -0.164999992 0.00500009954 -0.254999995
6794 -0.164999992 0.00500009954 -0.24499999
6795 -0.234999999 0.00500009954 -0.234999999
6796 -0.234999999 0.00500009954 -0.224999994
6797 -0.234999999 0.00500009954 -0.214999989
6798 -0.234999999 0.00500009954 -0.204999998
6799 -0.234999999 0.00500009954 -0.194999993
6800 -0.234999999 0.00500009954 -0.185000002
6801 -0.234999999 0.00500009954 -0.174999997
6802 -0.234999999 0.00500009954 -0.164999992
6803 -0.224999994 0.00500009954 -0.234999999
6804 -0.224999994 0.00500009954 -0.224999994
6805 -0.224999994 0.00500009954 -0.214999989
6806 -0.224999994 0.00500009954 -0.204999998
6807 -0.224999994 0.00500009954 -0.194999993
6808 -0.224999994 0.00500009954 -0.185000002
6809 -0.224999994 0.00500009954 -0.174999997
6810 -0.224999994 0.00500009954 -0.164999992
6811 -0.214999989 0.00500009954 -0.234999999
6812 -0.214999989 0.00500009954 -0.224999994
6813 -0.214999989 0.00500009954 -0.214999989
6814 -0.214999989 0.00500009954 -0.204999998
6815 -0.214999989 0.00500009954 -0.194999993
6816 -0.214999989 0.00500009954 -0.185000002
6817 -0.214999989 0.00500009954 -0.174999997
6818 -0.214999989 0.00500009954 -0.164999992
6819 -0.204999998 0.00500009954 -0.234999999
6820 -0.204999998 0.00500009954 -0.224999994
6821 -0.204999998 0.00500009954 -0.214999989
6822 -0.204999998 0.00500009954 -0.204999998
6823 -0.204999998 0.00500009954 -0.194999993
6824 -0.204999998 0.00500009954 -0.185000002
6825 -0.204999998 0.00500009954 -0.174999997
6826 -0.204999998 0.00500009954 -0.164999992
6827 -0.194999993 0.00500009954 -0.234999999
6828 -0.194999993 0.00500009954 -0.224999994
6829 -0.194999993 0.00500009954 -0.214999989
6830 -0.194999993 0.00500009954 -0.204999998
6831 -0.194999993 0.00500009954 -0.194999993
6832 -0.194999993 0.00500009954 -0.185000002
6833 -0.194999993 0.00500009954 -0.174999997
6834 -0.194999993 0.00500009954 -0.164999992
6835 -0.185000002 0.00500009954 -0.234999999
6836 -0.185000002 0.00500009954 -0.224999994
6837 -0.185000002 0.00500009954 -0.214999989
6838 -0.185000002 0.00500009954 -0.204999998
6839 -0.185000002 0.00500009954 -0.194999993
6840 -0.185000002 0.00500009954 -0.185000002
6841 -0.185000002 0.00500009954 -0.174999997
6842 -0.185000002 0.00500009954 -0.164999992
6843 -0.174999997 0.00500009954 -0.234999999
6844 -0.174999997 0.00500009954 -0.224999994
6845 -0.174999997 0.00500009954 -0.214999989
6846 -0.174999997 0.00500009954 -0.204999998
6847 -0.174999997 0.00500009954 -0.194999993
6848 -0.174999997 0.00500009954 -0.185000002
6849 -0.174999997 0.00500009954 -0.174999997
6850 -0.174999997 0.00500009954 -0.164999992
6851 -0.164999992 0.00500009954 -0.234999999
6852 -0.164999992 0.00500009954 -0.224999994
6853 -0.164999992 0.00500009954 -0.214999989
6854 -0.164999992 0.00500009954 -0.204999998
6855 -0.164999992 0.00500009954 -0.194999993
6856 -0.164999992 0.00500009954 -0.185000002
6857 -0.164999992 0.00500009954 -0.174999997
6858 -0.164999992 0.00500009954 -0.164999992
6859 -0.234999999 0.00500009954 -0.155000001
6860 -0.234999999 0.00500009954 -0.144999996
6861 -0.234999999 0.00500009954 -0.13499999
6862 -0.234999999 0.00500009954 -0.125
6863 -0.234999999 0.00500009954 -0.114999995
6864 -0.234999999 0.00500009954 -0.104999997
6865 -0.234999999 0.00500009954 -0.0949999988
6866 -0.234999999 0.00500009954 -0.0850000009
6867 -0.224999994 0.00500009954 -0.155000001
6868 -0.224999994 0.00500009954 -0.144999996
6869 -0.224999994 0.00500009954 -0.13499999
6870 -0.224999994 0.00500009954 -0.125
6871 -0.224999994 0.00500009954 -0.114999995
6872 -0.224999994 0.00500009954 -0.104999997
6873 -0.224999994 0.00500009954 -0.0949999988
6874 -0.224999994 0.00500009954 -0.0850000009
6875 -0.214999989 0.00500009954 -0.155000001
6876 -0.214999989 0.00500009954 -0.144999996
6877 -0.214999989 0.00500009954 -0.13499999
6878 -0.214999989 0.00500009954 -0.125
6879 -0.214999989 0.00500009954 -0.114999995
6880 -0.214999989 0.00500009954 -0.104999997
6881 -0.214999989 0.00500009954 -0.0949999988
6882 -0.214999989 0.00500009954 -0.0850000009
6883 -0.204999998 0.00500009954 -0.155000001
6884 -0.204999998 0.00500009954 -0.144999996
6885 -0.204999998 0.00500009954 -0.13499999
6886 -0.204999998 0.00500009954 -0.125
6887 -0.204999998 0.00500009954 -0.114999995
6888 -0.204999998 0.00500009954 -0.104999997
6889 -0.204999998 0.00500009954 -0.0949999988
6890 -0.204999998 0.00500009954 -0.0850000009
6891 -0.194999993 0.00500009954 -0.155000001
6892 -0.194999993 0.00500009954 -0.144999996
6893 -0.194999993 0.00500009954 -0.13499999
6894 -0.194999993 0.00500009954 -0.125
6895 -0.194999993 0.00500009954 -0.114999995
6896 -0.194999993 0.00500009954 -0.104999997
6897 -0.194999993 0.00500009954 -0.0949999988
6898 -0.194999993 0.00500009954 -0.0850000009
6899 -0.185000002 0.00500009954 -0.155000001
6900 -0.185000002 0.00500009954 -0.144999996
6901 -0.185000002 0.00500009954 -0.13499999
6902 -0.185000002 0.00500009954 -0.125
6903 -0.185000002 0.00500009954 -0.114999995
6904 -0.185000002 0.00500009954 -0.104999997
6905 -0.185000002 0.00500009954 -0.0949999988
6906 -0.185000002 0.00500009954 -0.0850000009
6907 -0.174999997 0.00500009954 -0.155000001
6908 -0.174999997 0.00500009954 -0.144999996
6909 -0.174999997 0.00500009954 -0.13499999
6910 -0.174999997 0.00500009954 -0.125
6911 -0.174999997 0.00500009954 -0.114999995
6912 -0.174999997 0.00500009954 -0.104999997
6913 -0.174999997 0.00500009954 -0.0949999988
6914 -0.174999997 0.00500009954 -0.0850000009
6915 -0.164999992 0.00500009954 -0.155000001
6916 -0.164999992 0.00500009954 -0.144999996
6917 -0.164999992 0.00500009954 -0.13499999
6918 -0.164999992 0.00500009954 -0.125
6919 -0.164999992 0.00500009954 -0.114999995
6920 -0.164999992 0.00500009954 -0.104999997
6921 -0.164999992 0.00500009954 -0.0949999988
6922 -0.164999992 0.00500009954 -0.0850000009
6923 -0.234999999 0.00500009954 -0.0749999955
6924 -0.234999999 0.00500009954 -0.0649999976
6925 -0.234999999 0.00500009954 -0.0549999997
6926 -0.234999999 0.00500009954 -0.0449999981
6927 -0.234999999 0.00500009954 -0.0350000001
6928 -0.234999999 0.00500009954 -0.0249999985
6929 -0.234999999 0.00500009954 -0.0149999997
6930 -0.234999999 0.00500009954 -0.00499999989
6931 -0.224999994 0.00500009954 -0.0749999955
6932 -0.224999994 0.00500009954 -0.0649999976
6933 -0.224999994 0.00500009954 -0.0549999997
6934 -0.224999994 0.00500009954 -0.0449999981
6935 -0.224999994 0.00500009954 -0.0350000001
6936 -0.224999994 0.00500009954 -0.0249999985
6937 -0.224999994 0.00500009954 -0.0149999997
6938 -0.224999994 0.00500009954 -0.00499999989
6939 -0.214999989 0.00500009954 -0.0749999955
6940 -0.214999989 0.00500009954 -0.0649999976
6941 -0.214999989 0.00500009954 -0.0549999997
6942 -0.214999989 0.00500009954 -0.0449999981
6943 -0.214999989 0.00500009954 -0.0350000001
6944 -0.214999989 0.00500009954 -0.0249999985
6945 -0.214999989 0.00500009954 -0.0149999997
6946 -0.214999989 0.00500009954 -0.00499999989
6947 -0.204999998 0.00500009954 -0.0749999955
6948 -0.204999998 0.00500009954 -0.0649999976
6949 -0.204999998 0.00500009954 -0.0549999997
6950 -0.204999998 0.00500009954 -0.0449999981
6951 -0.204999998 0.00500009954 -0.0350000001
6952 -0.204999998 0.00500009954 -0.0249999985
6953 -0.204999998 0.00500009954 -0.0149999997
6954 -0.204999998 0.00500009954 -0.00499999989
6955 -0.194999993 0.00500009954 -0.0749999955
6956 -0.194999993 0.00500009954 -0.0649999976
6957 -0.194999993 0.00500009954 -0.0549999997
6958 -0.194999993 0.00500009954 -0.0449999981
6959 -0.194999993 0.00500009954 -0.0350000001
6960 -0.194999993 0.00500009954 -0.0249999985
6961 -0.194999993 0.00500009954 -0.0149999997
6962 -0.194999993 0.00500009954 -0.00499999989
6963 -0.185000002 0.00500009954 -0.0749999955
6964 -0.185000002 0.00500009954 -0.0649999976
6965 -0.185000002 0.00500009954 -0.0549999997
6966 -0.185000002 0.00500009954 -0.0449999981
6967 -0.185000002 0.00500009954 -0.0350000001
6968 -0.185000002 0.00500009954 -0.0249999985
6969 -0.185000002 0.00500009954 -0.0149999997
6970 -0.185000002 0.00500009954 -0.00499999989
6971 -0.174999997 0.00500009954 -0.0749999955
6972 -0.174999997 0.00500009954 -0.0649999976
6973 -0.174999997 0.00500009954 -0.0549999997
6974 -0.174999997 0.00500009954 -0.0449999981
6975 -0.174999997 0.00500009954 -0.0350000001
6976 -0.174999997 0.00500009954 -0.0249999985
6977 -0.174999997 0.00500009954 -0.0149999997
6978 -0.174999997 0.00500009954 -0.00499999989
6979 -0.164999992 0.00500009954 -0.0749999955
6980 -0.164999992 0.00500009954 -0.0649999976
6981 -0.164999992 0.00500009954 -0.0549999997
6982 -0.164999992 0.00500009954 -0.0449999981
6983 -0.164999992 0.00500009954 -0.0350000001
6984 -0.164999992 0.00500009954 -0.0249999985
6985 -0.164999992 0.00500009954 -0.0149999997
6986 -0.164999992 0.00500009954 -0.00499999989
6987 -0.155000001 9.96515155e-08 -0.50000006
6988 -0.155000001 0.00250014942 -0.494999975
6989 -0.155000001 0.00500009954 -0.484999985
6990 -0.144999996 9.96515155e-08 -0.50000006
6991 -0.144999996 0.00250014942 -0.494999975
6992 -0.144999996 0.00500009954 -0.484999985
6993 -0.13499999 9.96515155e-08 -0.50000006
6994 -0.13499999 0.00250014942 -0.494999975
6995 -0.13499999 0.00500009954 -0.484999985
6996 -0.125 9.96515155e-08 -0.50000006
6997 -0.125 0.00250014942 -0.494999975
6998 -0.125 0.00500009954 -0.484999985
6999 -0.114999995 9.96515155e-08 -0.50000006
7000 -0.114999995 0.00250014942 -0.494999975
7001 -0.114999995 0.00500009954 -0.484999985
7002 -0.104999997 9.96515155e-08 -0.50000006
7003 -0.104999997 0.00250014942 -0.494999975
7004 -0.104999997 0.00500009954 -0.484999985
7005 -0.0949999988 9.96515155e-08 -0.50000006
7006 -0.0949999988 0.00250014942 -0.494999975
7007 -0.0949999988 0.00500009954 -0.484999985
7008 -0.0850000009 9.96515155e-08 -0.50000006
7009 -0.0850000009 0.00250014942 -0.494999975
7010 -0.0850000009 0.00500009954 -0.484999985
7011 -0.155000001 0.00500009954 -0.474999994
7012 -0.155000001 0.00500009954 -0.465000004
7013 -0.155000001 0.00500009954 -0.454999983
7014 -0.155000001 0.00500009954 -0.444999993
7015 -0.155000001 0.00500009954 -0.435000002
7016 -0.155000001 0.00500009954 -0.424999982
7017 -0.155000001 0.00500009954 -0.414999992
7018 -0.155000001 0.00500009954 -0.405000001
7019 -0.144999996 0.00500009954 -0.474999994
7020 -0.144999996 0.00500009954 -0.465000004
7021 -0.144999996 0.00500009954 -0.454999983
7022 -0.144999996 0.00500009954 -0.444999993
7023 -0.144999996 0.00500009954 -0.435000002
7024 -0.144999996 0.00500009954 -0.424999982
7025 -0.144999996 0.00500009954 -0.414999992
7026 -0.144999996 0.00500009954 -0.405000001
7027 -0.13499999 0.00500009954 -0.474999994
7028 -0.13499999 0.00500009954 -0.465000004
7029 -0.13499999 0.00500009954 -0.454999983
7030 -0.13499999 0.00500009954 -0.444999993
7031 -0.13499999 0.00500009954 -0.435000002
7032 -0.13499999 0.00500009954 -0.424999982
7033 -0.13499999 0.00500009954 -0.414999992
7034 -0.13499999 0.00500009954 -0.405000001
7035 -0.125 0.00500009954 -0.474999994
7036 -0.125 0.00500009954 -0.465000004
7037 -0.125 0.00500009954 -0.454999983
7038 -0.125 0.00500009954 -0.444999993
7039 -0.125 0.00500009954 -0.435000002
7040 -0.125 0.00500009954 -0.424999982
7041 -0.125 0.00500009954 -0.414999992
7042 -0.125 0.00500009954 -0.405000001
7043 -0.114999995 0.00500009954 -0.474999994
7044 -0.114999995 0.00500009954 -0.465000004
7045 -0.114999995 0.00500009954 -0.454999983
7046 -0.114999995 0.00500009954 -0.444999993
7047 -0.114999995 0.00500009954 -0.435000002
7048 -0.114999995 0.00500009954 -0.424999982
7049 -0.114999995 0.00500009954 -0.414999992
7050 -0.114999995 0.00500009954 -0.405000001
7051 -0.104999997 0.00500009954 -0.474999994
7052 -0.104999997 0.00500009954 -0.465000004
7053 -0.104999997 0.00500009954 -0.454999983
7054 -0.104999997 0.00500009954 -0.444999993
7055 -0.104999997 0.00500009954 -0.435000002
7056 -0.104999997 0.00500009954 -0.424999982
7057 -0.104999997 0.00500009954 -0.414999992
7058 -0.104999997 0.00500009954 -0.405000001
7059 -0.0949999988 0.00500009954 -0.474999994
7060 -0.0949999988 0.00500009954 -0.465000004
7061 -0.0949999988 0.00500009954 -0.454999983
7062 -0.0949999988 0.00500009954 -0.444999993
7063 -0.0949999988 0.00500009954 -0.435000002
7064 -0.0949999988 0.00500009954 -0.424999982
7065 -0.0949999988 0.00500009954 -0.414999992
7066 -0.0949999988 0.00500009954 -0.405000001
7067 -0.0850000009 0.00500009954 -0.474999994
7068 -0.0850000009 0.00500009954 -0.465000004
7069 -0.0850000009 0.00500009954 -0.454999983
7070 -0.0850000009 0.00500009954 -0.444999993
7071 -0.0850000009 0.00500009954 -0.435000002
7072 -0.0850000009 0.00500009954 -0.424999982
7073 -0.0850000009 0.00500009954 -0.414999992
7074 -0.0850000009 0.00500009954 -0.405000001
7075 -0.155000001 0.00500009954 -0.394999981
7076 -0.155000001 0.00500009954 -0.38499999
7077 -0.155000001 0.00500009954 -0.375
7078 -0.155000001 0.00500009954 -0.36499998
7079 -0.155000001 0.00500009954 -0.354999989
7080 -0.155000001 0.00500009954 -0.344999999
7081 -0.155000001 0.00500009954 -0.334999979
7082 -0.155000001 0.00500009954 -0.324999988
7083 -0.144999996 0.00500009954 -0.394999981
7084 -0.144999996 0.00500009954 -0.38499999
7085 -0.144999996 0.00500009954 -0.375
7086 -0.144999996 0.00500009954 -0.36499998
7087 -0.144999996 0.00500009954 -0.354999989
7088 -0.144999996 0.00500009954 -0.344999999
7089 -0.144999996 0.00500009954 -0.334999979
7090 -0.144999996 0.00500009954 -0.324999988
7091 -0.13499999 0.00500009954 -0.394999981
7092 -0.13499999 0.00500009954 -0.38499999
7093 -0.13499999 0.00500009954 -0.375
7094 -0.13499999 0.00500009954 -0.36499998
7095 -0.13499999 0.00500009954 -0.354999989
7096 -0.13499999 0.00500009954 -0.344999999
7097 -0.13499999 0.00500009954 -0.334999979
7098 -0.13499999 0.00500009954 -0.324999988
7099 -0.125 0.00500009954 -0.394999981
7100 -0.125 0.00500009954 -0.38499999
7101 -0.125 0.00500009954 -0.375
7102 -0.125 0.00500009954 -0.36499998
7103 -0.125 0.00500009954 -0.354999989
7104 -0.125 0.00500009954 -0.344999999
7105 -0.125 0.00500009954 -0.334999979
7106 -0.125 0.00500009954 -0.324999988
7107 -0.114999995 0.00500009954 -0.394999981
7108 -0.114999995 0.00500009954 -0.38499999
7109 -0.114999995 0.00500009954 -0.375
7110 -0.114999995 0.00500009954 -0.36499998
7111 -0.114999995 0.00500009954 -0.354999989
7112 -0.114999995 0.00500009954 -0.344999999
7113 -0.114999995 0.00500009954 -0.334999979
7114 -0.114999995 0.00500009954 -0.324999988
7115 -0.104999997 0.00500009954 -0.394999981
7116 -0.104999997 0.00500009954 -0.38499999
7117 -0.104999997 0.00500009954 -0.375
7118 -0.104999997 0.00500009954 -0.36499998
7119 -0.104999997 0.00500009954 -0.354999989
7120 -0.104999997 0.00500009954 -0.344999999
7121 -0.104999997 0.00500009954 -0.334999979
7122 -0.104999997 0.00500009954 -0.324999988
7123 -0.0949999988 0.00500009954 -0.394999981
7124 -0.0949999988 0.00500009954 -0.38499999
7125 -0.0949999988 0.00500009954 -0.375
7126 -0.0949999988 0.00500009954 -0.36499998
7127 -0.0949999988 0.00500009954 -0.354999989
7128 -0.0949999988 0.00500009954 -0.344999999
7129 -0.0949999988 0.00500009954 -0.334999979
7130 -0.0949999988 0.00500009954 -0.324999988
7131 -0.0850000009 0.00500009954 -0.394999981
7132 -0.0850000009 0.00500009954 -0.38499999
7133 -0.0850000009 0.00500009954 -0.375
7134 -0.0850000009 0.00500009954 -0.36499998
7135 -0.0850000009 0.00500009954 -0.354999989
7136 -0.0850000009 0.00500009954 -0.344999999
7137 -0.0850000009 0.00500009954 -0.334999979
7138 -0.0850000009 0.00500009954 -0.324999988
7139 -0.155000001 0.00500009954 -0.314999998
7140 -0.155000001 0.00500009954 -0.305000007
7141 -0.155000001 0.00500009954 -0.294999987
7142 -0.155000001 0.00500009954 -0.284999996
7143 -0.155000001 0.00500009954 -0.275000006
7144 -0.155000001 0.00500009954 -0.264999986
7145 -0.155000001 0.00500009954 -0.254999995
7146 -0.155000001 0.00500009954 -0.24499999
7147 -0.144999996 0.00500009954 -0.314999998
7148 -0.144999996 0.00500009954 -0.305000007
7149 -0.144999996 0.00500009954 -0.294999987
7150 -0.144999996 0.00500009954 -0.284999996
7151 -0.144999996 0.00500009954 -0.275000006
7152 -0.144999996 0.00500009954 -0.264999986
7153 -0.144999996 0.00500009954 -0.254999995
7154 -0.144999996 0.00500009954 -0.24499999
7155 -0.13499999 0.00500009954 -0.314999998
7156 -0.13499999 0.00500009954 -0.305000007
7157 -0.13499999 0.00500009954 -0.294999987
7158 -0.13499999 0.00500009954 -0.284999996
7159 -0.13499999 0.00500009954 -0.275000006
7160 -0.13499999 0.00500009954 -0.264999986
7161 -0.13499999 0.00500009954 -0.254999995
7162 -0.13499999 0.00500009954 -0.24499999
7163 -0.125 0.00500009954 -0.314999998
7164 -0.125 0.00500009954 -0.305000007
7165 -0.125 0.00500009954 -0.294999987
7166 -0.125 0.00500009954 -0.284999996
7167 -0.125 0.00500009954 -0.275000006
7168 -0.125 0.00500009954 -0.264999986
7169 -0.125 0.00500009954 -0.254999995
7170 -0.125 0.00500009954 -0.24499999
7171 -0.114999995 0.00500009954 -0.314999998
7172 -0.114999995 0.00500009954 -0.305000007
7173 -0.114999995 0.00500009954 -0.294999987
7174 -0.114999995 0.00500009954 -0.284999996
7175 -0.114999995 0.00500009954 -0.275000006
7176 -0.114999995 0.00500009954 -0.264999986
7177 -0.114999995 0.00500009954 -0.254999995
7178 -0.114999995 0.00500009954 -0.24499999
7179 -0.104999997 0.00500009954 -0.314999998
7180 -0.104999997 0.00500009954 -0.305000007
7181 -0.104999997 0.00500009954 -0.294999987
7182 -0.104999997 0.00500009954 -0.284999996
7183 -0.104999997 0.00500009954 -0.275000006
7184 -0.104999997 0.00500009954 -0.264999986
7185 -0.104999997 0.00500009954 -0.254999995
7186 -0.104999997 0.00500009954 -0.24499999
7187 -0.0949999988 0.00500009954 -0.314999998
7188 -0.0949999988 0.00500009954 -0.305000007
7189 -0.0949999988 0.00500009954 -0.294999987
7190 -0.0949999988 0.00500009954 -0.284999996
7191 -0.0949999988 0.00500009954 -0.275000006
7192 -0.0949999988 0.00500009954 -0.264999986
7193 -0.0949999988 0.00500009954 -0.254999995
7194 -0.0949999988 0.00500009954 -0.24499999
7195 -0.0850000009 0.00500009954 -0.314999998
7196 -0.0850000009 0.00500009954 -0.305000007
7197 -0.0850000009 0.00500009954 -0.294999987
7198 -0.0850000009 0.00500009954 -0.284999996
7199 -0.0850000009 0.00500009954 -0.275000006
7200 -0.0850000009 0.00500009954 -0.264999986
7201 -0.0850000009 0.00500009954 -0.254999995
7202 -0.0850000009 0.00500009954 -0.24499999
7203 -0.155000001 0.00500009954 -0.234999999
7204 -0.155000001 0.00500009954 -0.224999994
7205 -0.155000001 0.00500009954 -0.214999989
7206 -0.155000001 0.00500009954 -0.204999998
7207 -0.155000001 0.00500009954 -0.194999993
7208 -0.155000001 0.00500009954 -0.185000002
7209 -0.155000001 0.00500009954 -0.174999997
7210 -0.155000001 0.00500009954 -0.164999992
7211 -0.144999996 0.00500009954 -0.234999999
7212 -0.144999996 0.00500009954 -0.224999994
7213 -0.144999996 0.00500009954 -0.214999989
7214 -0.144999996 0.00500009954 -0.204999998
7215 -0.144999996 0.00500009954 -0.194999993
7216 -0.144999996 0.00500009954 -0.185000002
7217 -0.144999996 0.00500009954 -0.174999997
7218 -0.144999996 0.00500009954 -0.164999992
7219 -0.13499999 0.00500009954 -0.234999999
7220 -0.13499999 0.00500009954 -0.224999994
7221 -0.13499999 0.00500009954 -0.214999989
7222 -0.13499999 0.00500009954 -0.204999998
7223 -0.13499999 0.00500009954 -0.194999993
7224 -0.13499999 0.00500009954 -0.185000002
7225 -0.13499999 0.00500009954 -0.174999997
7226 -0.13499999 0.00500009954 -0.164999992
7227 -0.125 0.00500009954 -0.234999999
7228 -0.125 0.00500009954 -0.224999994
7229 -0.125 0.00500009954 -0.214999989
7230 -0.125 0.00500009954 -0.204999998
7231 -0.125 0.00500009954 -0.194999993
7232 -0.125 0.00500009954 -0.185000002
7233 -0.125 0.00500009954 -0.174999997
7234 -0.125 0.00500009954 -0.164999992
7235 -0.114999995 0.00500009954 -0.234999999
7236 -0.114999995 0.00500009954 -0.224999994
7237 -0.114999995 0.00500009954 -0.214999989
7238 -0.114999995 0.00500009954 -0.204999998
7239 -0.114999995 0.00500009954 -0.194999993
7240 -0.114999995 0.00500009954 -0.185000002
7241 -0.114999995 0.00500009954 -0.174999997
7242 -0.114999995 0.00500009954 -0.164999992
7243 -0.104999997 0.00500009954 -0.234999999
7244 -0.104999997 0.00500009954 -0.224999994
7245 -0.104999997 0.00500009954 -0.214999989
7246 -0.104999997 0.00500009954 -0.204999998
7247 -0.104999997 0.00500009954 -0.194999993
7248 -0.104999997 0.00500009954 -0.185000002
7249 -0.104999997 0.00500009954 -0.174999997
7250 -0.104999997 0.00500009954 -0.164999992
7251 -0.0949999988 0.00500009954 -0.234999999
7252 -0.0949999988 0.00500009954 -0.224999994
7253 -0.0949999988 0.00500009954 -0.214999989
7254 -0.0949999988 0.00500009954 -0.204999998
7255 -0.0949999988 0.00500009954 -0.194999993
7256 -0.0949999988 0.00500009954 -0.185000002
7257 -0.0949999988 0.00500009954 -0.174999997
7258 -0.0949999988 0.00500009954 -0.164999992
7259 -0.0850000009 0.00500009954 -0.234999999
7260 -0.0850000009 0.00500009954 -0.224999994
7261 -0.0850000009 0.00500009954 -0.214999989
7262 -0.0850000009 0.00500009954 -0.204999998
7263 -0.0850000009 0.00500009954 -0.194999993
7264 -0.0850000009 0.00500009954 -0.185000002
7265 -0.0850000009 0.00500009954 -0.174999997
7266 -0.0850000009 0.00500009954 -0.164999992
7267 -0.155000001 0.00500009954 -0.155000001
7268 -0.155000001 0.00500009954 -0.144999996
7269 -0.155000001 0.00500009954 -0.13499999
7270 -0.155000001 0.00500009954 -0.125
7271 -0.155000001 0.00500009954 -0.114999995
7272 -0.155000001 0.00500009954 -0.104999997
7273 -0.155000001 0.00500009954 -0.0949999988
7274 -0.155000001 0.00500009954 -0.0850000009
7275 -0.144999996 0.00500009954 -0.155000001
7276 -0.144999996 0.00500009954 -0.144999996
7277 -0.144999996 0.00500009954 -0.13499999
7278 -0.144999996 0.00500009954 -0.125
7279 -0.144999996 0.00500009954 -0.114999995
7280 -0.144999996 0.00500009954 -0.104999997
7281 -0.144999996 0.00500009954 -0.0949999988
7282 -0.144999996 0.00500009954 -0.0850000009
7283 -0.13499999 0.00500009954 -0.155000001
7284 -0.13499999 0.00500009954 -0.144999996
7285 -0.13499999 0.00500009954 -0.13499999
7286 -0.13499999 0.00500009954 -0.125
7287 -0.13499999 0.00500009954 -0.114999995
7288 -0.13499999 0.00500009954 -0.104999997
7289 -0.13499999 0.00500009954 -0.0949999988
7290 -0.13499999 0.00500009954 -0.0850000009
7291 -0.125 0.00500009954 -0.155000001
7292 -0.125 0.00500009954 -0.144999996
7293 -0.125 0.00500009954 -0.13499999
7294 -0.125 0.00500009954 -0.125
7295 -0.125 0.00500009954 -0.114999995
7296 -0.125 0.00500009954 -0.104999997
7297 -0.125 0.00500009954 -0.0949999988
7298 -0.125 0.00500009954 -0.0850000009
7299 -0.114999995 0.00500009954 -0.155000001
7300 -0.114999995 0.00500009954 -0.144999996
7301 -0.114999995 0.00500009954 -0.13499999
7302 -0.114999995 0.00500009954 -0.125
7303 -0.114999995 0.00500009954 -0.114999995
7304 -0.114999995 0.00500009954 -0.104999997
7305 -0.114999995 0.00500009954 -0.0949999988
7306 -0.114999995 0.00500009954 -0.0850000009
7307 -0.104999997 0.00500009954 -0.155000001
7308 -0.104999997 0.00500009954 -0.144999996
7309 -0.104999997 0.00500009954 -0.13499999
7310 -0.104999997 0.00500009954 -0.125
7311 -0.104999997 0.00500009954 -0.114999995
7312 -0.104999997 0.00500009954 -0.104999997
7313 -0.104999997 0.00500009954 -0.0949999988
7314 -0.104999997 0.00500009954 -0.0850000009
7315 -0.0949999988 0.00500009954 -0.155000001
7316 -0.0949999988 0.00500009954 -0.144999996
7317 -0.0949999988 0.00500009954 -0.13499999
7318 -0.0949999988 0.00500009954 -0.125
7319 -0.0949999988 0.00500009954 -0.114999995
7320 -0.0949999988 0.00500009954 -0.104999997
7321 -0.0949999988 0.00500009954 -0.0949999988
7322 -0.0949999988 0.00500009954 -0.0850000009
7323 -0.0850000009 0.00500009954 -0.155000001
7324 -0.0850000009 0.00500009954 -0.144999996
7325 -0.0850000009 0.00500009954 -0.13499999
7326 -0.0850000009 0.00500009954 -0.125
7327 -0.0850000009 0.00500009954 -0.114999995
7328 -0.0850000009 0.00500009954 -0.104999997
7329 -0.0850000009 0.00500009954 -0.0949999988
7330 -0.0850000009 0.00500009954 -0.0850000009
7331 -0.155000001 0.00500009954 -0.0749999955
7332 -0.155000001 0.00500009954 -0.0649999976
7333 -0.155000001 0.00500009954 -0.0549999997
7334 -0.155000001 0.00500009954 -0.0449999981
7335 -0.155000001 0.00500009954 -0.0350000001
7336 -0.155000001 0.00500009954 -0.0249999985
7337 -0.155000001 0.00500009954 -0.0149999997
7338 -0.155000001 0.00500009954 -0.00499999989
7339 -0.144999996 0.00500009954 -0.0749999955
7340 -0.144999996 0.00500009954 -0.0649999976
7341 -0.144999996 0.00500009954 -0.0549999997
7342 -0.144999996 0.00500009954 -0.0449999981
7343 -0.144999996 0.00500009954 -0.0350000001
7344 -0.144999996 0.00500009954 -0.0249999985
7345 -0.144999996 0.00500009954 -0.0149999997
7346 -0.144999996 0.00500009954 -0.00499999989
7347 -0.13499999 0.00500009954 -0.0749999955
7348 -0.13499999 0.00500009954 -0.0649999976
7349 -0.13499999 0.00500009954 -0.0549999997
7350 -0.13499999 0.00500009954 -0.0449999981
7351 -0.13499999 0.00500009954 -0.0350000001
7352 -0.13499999 0.00500009954 -0.0249999985
7353 -0.13499999 0.00500009954 -0.0149999997
7354 -0.13499999 0.00500009954 -0.00499999989
7355 -0.125 0.00500009954 -0.0749999955
7356 -0.125 0.00500009954 -0.0649999976
7357 -0.125 0.00500009954 -0.0549999997
7358 -0.125 0.00500009954 -0.0449999981
7359 -0.125 0.00500009954 -0.0350000001
7360 -0.125 0.00500009954 -0.0249999985
7361 -0.125 0.00500009954 -0.0149999997
7362 -0.125 0.00500009954 -0.00499999989
7363 -0.114999995 0.00500009954 -0.0749999955
7364 -0.114999995 0.00500009954 -0.0649999976
7365 -0.114999995 0.00500009954 -0.0549999997
7366 -0.114999995 0.00500009954 -0.0449999981
7367 -0.114999995 0.00500009954 -0.0350000001
7368 -0.114999995 0.00500009954 -0.0249999985
7369 -0.114999995 0.00500009954 -0.0149999997
7370 -0.114999995 0.00500009954 -0.00499999989
7371 -0.104999997 0.00500009954 -0.0749999955
7372 -0.104999997 0.00500009954 -0.0649999976
7373 -0.104999997 0.00500009954 -0.0549999997
7374 -0.104999997 0.00500009954 -0.0449999981
7375 -0.104999997 0.00500009954 -0.0350000001
7376 -0.104999997 0.00500009954 -0.0249999985
7377 -0.104999997 0.00500009954 -0.0149999997
7378 -0.104999997 0.00500009954 -0.00499999989
7379 -0.0949999988 0.00500009954 -0.0749999955
7380 -0.0949999988 0.00500009954 -0.0649999976
7381 -0.0949999988 0.00500009954 -0.0549999997
7382 -0.0949999988 0.00500009954 -0.0449999981
7383 -0.0949999988 0.00500009954 -0.0350000001
7384 -0.0949999988 0.00500009954 -0.0249999985
7385 -0.0949999988 0.00500009954 -0.0149999997
7386 -0.0949999988 0.00500009954 -0.00499999989
7387 -0.0850000009 0.00500009954 -0.0749999955
7388 -0.0850000009 0.00500009954 -0.0649999976
7389 -0.0850000009 0.00500009954 -0.0549999997
7390 -0.0850000009 0.00500009954 -0.0449999981
7391 -0.0850000009 0.00500009954 -0.0350000001
7392 -0.0850000009 0.00500009954 -0.0249999985
7393 -0.0850000009 0.00500009954 -0.0149999997
7394 -0.0850000009 0.00500009954 -0.00499999989
7395 -0.0749999955 9.96515155e-08 -0.50000006
7396 -0.0749999955 0.00250014942 -0.494999975
7397 -0.0749999955 0.00500009954 -0.484999985
7398 -0.0649999976 9.96515155e-08 -0.50000006
7399 -0.0649999976 0.00250014942 -0.494999975
7400 -0.0649999976 0.00500009954 -0.484999985
7401 -0.0549999997 9.96515155e-08 -0.50000006
7402 -0.0549999997 0.00250014942 -0.494999975
7403 -0.0549999997 0.00500009954 -0.484999985
7404 -0.0449999981 9.96515155e-08 -0.50000006
7405 -0.0449999981 0.00250014942 -0.494999975
7406 -0.0449999981 0.00500009954 -0.484999985
7407 -0.0350000001 9.96515155e-08 -0.50000006
7408 -0.0350000001 0.00250014942 -0.494999975
7409 -0.0350000001 0.00500009954 -0.484999985
7410 -0.0249999985 9.96515155e-08 -0.50000006
7411 -0.0249999985 0.00250014942 -0.494999975
7412 -0.0249999985 0.00500009954 -0.484999985
7413 -0.0149999997 9.96515155e-08 -0.50000006
7414 -0.0149999997 0.00250014942 -0.494999975
7415 -0.0149999997 0.00500009954 -0.484999985
7416 -0.00499999989 9.96515155e-08 -0.50000006
7417 -0.00499999989 0.00250014942 -0.494999975
7418 -0.00499999989 0.00500009954 -0.484999985
7419 -0.0749999955 0.00500009954 -0.474999994
7420 -0.0749999955 0.00500009954 -0.465000004
7421 -0.0749999955 0.00500009954 -0.454999983
7422 -0.0749999955 0.00500009954 -0.444999993
7423 -0.0749999955 0.00500009954 -0.435000002
7424 -0.0749999955 0.00500009954 -0.424999982
7425 -0.0749999955 0.00500009954 -0.414999992
7426 -0.0749999955 0.00500009954 -0.405000001
7427 -0.0649999976 0.00500009954 -0.474999994
7428 -0.0649999976 0.00500009954 -0.465000004
7429 -0.0649999976 0.00500009954 -0.454999983
7430 -0.0649999976 0.00500009954 -0.444999993
7431 -0.0649999976 0.00500009954 -0.435000002
7432 -0.0649999976 0.00500009954 -0.424999982
7433 -0.0649999976 0.00500009954 -0.414999992
7434 -0.0649999976 0.00500009954 -0.405000001
7435 -0.0549999997 0.00500009954 -0.474999994
7436 -0.0549999997 0.00500009954 -0.465000004
7437 -0.0549999997 0.00500009954 -0.454999983
7438 -0.0549999997 0.00500009954 -0.444999993
7439 -0.0549999997 0.00500009954 -0.435000002
7440 -0.0549999997 0.00500009954 -0.424999982
7441 -0.0549999997 0.00500009954 -0.414999992
7442 -0.0549999997 0.00500009954 -0.405000001
7443 -0.0449999981 0.00500009954 -0.474999994
7444 -0.0449999981 0.00500009954 -0.465000004
7445 -0.0449999981 0.00500009954 -0.454999983
7446 -0.0449999981 0.00500009954 -0.444999993
7447 -0.0449999981 0.00500009954 -0.435000002
7448 -0.0449999981 0.00500009954 -0.424999982
7449 -0.0449999981 0.00500009954 -0.414999992
7450 -0.0449999981 0.00500009954 -0.405000001
7451 -0.0350000001 0.00500009954 -0.474999994
7452 -0.0350000001 0.00500009954 -0.465000004
7453 -0.0350000001 0.00500009954 -0.454999983
7454 -0.0350000001 0.00500009954 -0.444999993
7455 -0.0350000001 0.00500009954 -0.435000002
7456 -0.0350000001 0.00500009954 -0.424999982
7457 -0.0350000001 0.00500009954 -0.414999992
7458 -0.0350000001 0.00500009954 -0.405000001
7459 -0.0249999985 0.00500009954 -0.474999994
7460 -0.0249999985 0.00500009954 -0.465000004
7461 -0.0249999985 0.00500009954 -0.454999983
7462 -0.0249999985 0.00500009954 -0.444999993
7463 -0.0249999985 0.00500009954 -0.435000002
7464 -0.0249999985 0.00500009954 -0.424999982
7465 -0.0249999985 0.00500009954 -0.414999992
7466 -0.0249999985 0.00500009954 -0.405000001
7467 -0.0149999997 0.00500009954 -0.474999994
7468 -0.0149999997 0.00500009954 -0.465000004
7469 -0.0149999997 0.00500009954 -0.454999983
7470 -0.0149999997 0.00500009954 -0.444999993
7471 -0.0149999997 0.00500009954 -0.435000002
7472 -0.0149999997 0.00500009954 -0.424999982
7473 -0.0149999997 0.00500009954 -0.414999992
7474 -0.0149999997 0.00500009954 -0.405000001
7475 -0.00499999989 0.00500009954 -0.474999994
7476 -0.00499999989 0.00500009954 -0.465000004
7477 -0.00499999989 0.00500009954 -0.454999983
7478 -0.00499999989 0.00500009954 -0.444999993
7479 -0.00499999989 0.00500009954 -0.435000002
7480 -0.00499999989 0.00500009954 -0.424999982
7481 -0.00499999989 0.00500009954 -0.414999992
7482 -0.00499999989 0.00500009954 -0.405000001
7483 -0.0749999955 0.00500009954 -0.394999981
7484 -0.0749999955 0.00500009954 -0.38499999
7485 -0.0749999955 0.00500009954 -0.375
7486 -0.0749999955 0.00500009954 -0.36499998
7487 -0.0749999955 0.00500009954 -0.354999989
7488 -0.0749999955 0.00500009954 -0.344999999
7489 -0.0749999955 0.00500009954 -0.334999979
7490 -0.0749999955 0.00500009954 -0.324999988
7491 -0.0649999976 0.00500009954 -0.394999981
7492 -0.0649999976 0.00500009954 -0.38499999
7493 -0.0649999976 0.00500009954 -0.375
7494 -0.0649999976 0.00500009954 -0.36499998
7495 -0.0649999976 0.00500009954 -0.354999989
7496 -0.0649999976 0.00500009954 -0.344999999
7497 -0.0649999976 0.00500009954 -0.334999979
7498 -0.0649999976 0.00500009954 -0.324999988
7499 -0.0549999997 0.00500009954 -0.394999981
7500 -0.0549999997 0.00500009954 -0.38499999
7501 -0.0549999997 0.00500009954 -0.375
7502 -0.0549999997 0.00500009954 -0.36499998
7503 -0.0549999997 0.00500009954 -0.354999989
7504 -0.0549999997 0.00500009954 -0.344999999
7505 -0.0549999997 0.00500009954 -0.334999979
7506 -0.0549999997 0.00500009954 -0.324999988
7507 -0.0449999981 0.00500009954 -0.394999981
7508 -0.0449999981 0.00500009954 -0.38499999
7509 -0.0449999981 0.00500009954 -0.375
7510 -0.0449999981 0.00500009954 -0.36499998
7511 -0.0449999981 0.00500009954 -0.354999989
7512 -0.0449999981 0.00500009954 -0.344999999
7513 -0.0449999981 0.00500009954 -0.334999979
7514 -0.0449999981 0.00500009954 -0.324999988
7515 -0.0350000001 0.00500009954 -0.394999981
7516 -0.0350000001 0.00500009954 -0.38499999
7517 -0.0350000001 0.00500009954 -0.375
7518 -0.0350000001 0.00500009954 -0.36499998
7519 -0.0350000001 0.00500009954 -0.354999989
7520 -0.0350000001 0.00500009954 -0.344999999
7521 -0.0350000001 0.00500009954 -0.334999979
7522 -0.0350000001 0.00500009954 -0.324999988
7523 -0.0249999985 0.00500009954 -0.394999981
7524 -0.0249999985 0.00500009954 -0.38499999
7525 -0.0249999985 0.00500009954 -0.375
7526 -0.0249999985 0.00500009954 -0.36499998
7527 -0.0249999985 0.00500009954 -0.354999989
7528 -0.0249999985 0.00500009954 -0.344999999
7529 -0.0249999985 0.00500009954 -0.334999979
7530 -0.0249999985 0.00500009954 -0.324999988
7531 -0.0149999997 0.00500009954 -0.394999981
7532 -0.0149999997 0.00500009954 -0.38499999
7533 -0.0149999997 0.00500009954 -0.375
7534 -0.0149999997 0.00500009954 -0.36499998
7535 -0.0149999997 0.00500009954 -0.354999989
7536 -0.0149999997 0.00500009954 -0.344999999
7537 -0.0149999997 0.00500009954 -0.334999979
7538 -0.0149999997 0.00500009954 -0.324999988
7539 -0.00499999989 0.00500009954 -0.394999981
7540 -0.00499999989 0.00500009954 -0.38499999
7541 -0.00499999989 0.00500009954 -0.375
7542 -0.00499999989 0.00500009954 -0.36499998
7543 -0.00499999989 0.00500009954 -0.354999989
7544 -0.00499999989 0.00500009954 -0.344999999
7545 -0.00499999989 0.00500009954 -0.334999979
7546 -0.00499999989 0.00500009954 -0.324999988
7547 -0.0749999955 0.00500009954 -0.314999998
7548 -0.0749999955 0.00500009954 -0.305000007
7549 -0.0749999955 0.00500009954 -0.294999987
7550 -0.0749999955 0.00500009954 -0.284999996
7551 -0.0749999955 0.00500009954 -0.275000006
7552 -0.0749999955 0.00500009954 -0.264999986
7553 -0.0749999955 0.00500009954 -0.254999995
7554 -0.0749999955 0.00500009954 -0.24499999
7555 -0.0649999976 0.00500009954 -0.314999998
7556 -0.0649999976 0.00500009954 -0.305000007
7557 -0.0649999976 0.00500009954 -0.294999987
7558 -0.0649999976 0.00500009954 -0.284999996
7559 -0.0649999976 0.00500009954 -0.275000006
7560 -0.0649999976 0.00500009954 -0.264999986
7561 -0.0649999976 0.00500009954 -0.254999995
7562 -0.0649999976 0.00500009954 -0.24499999
7563 -0.0549999997 0.00500009954 -0.314999998
7564 -0.0549999997 0.00500009954 -0.305000007
7565 -0.0549999997 0.00500009954 -0.294999987
7566 -0.0549999997 0.00500009954 -0.284999996
7567 -0.0549999997 0.00500009954 -0.275000006
7568 -0.0549999997 0.00500009954 -0.264999986
7569 -0.0549999997 0.00500009954 -0.254999995
7570 -0.0549999997 0.00500009954 -0.24499999
7571 -0.0449999981 0.00500009954 -0.314999998
7572 -0.0449999981 0.00500009954 -0.305000007
7573 -0.0449999981 0.00500009954 -0.294999987
7574 -0.0449999981 0.00500009954 -0.284999996
7575 -0.0449999981 0.00500009954 -0.275000006
7576 -0.0449999981 0.00500009954 -0.264999986
7577 -0.0449999981 0.00500009954 -0.254999995
7578 -0.0449999981 0.00500009954 -0.24499999
7579 -0.0350000001 0.00500009954 -0.314999998
7580 -0.0350000001 0.00500009954 -0.305000007
7581 -0.0350000001 0.00500009954 -0.294999987
7582 -0.0350000001 0.00500009954 -0.284999996
7583 -0.0350000001 0.00500009954 -0.275000006
7584 -0.0350000001 0.00500009954 -0.264999986
7585 -0.0350000001 0.00500009954 -0.254999995
7586 -0.0350000001 0.00500009954 -0.24499999
7587 -0.0249999985 0.00500009954 -0.314999998
7588 -0.0249999985 0.00500009954 -0.305000007
7589 -0.0249999985 0.00500009954 -0.294999987
7590 -0.0249999985 0.00500009954 -0.284999996
7591 -0.0249999985 0.00500009954 -0.275000006
7592 -0.0249999985 0.00500009954 -0.264999986
7593 -0.0249999985 0.00500009954 -0.254999995
7594 -0.0249999985 0.00500009954 -0.24499999
7595 -0.0149999997 0.00500009954 -0.314999998
7596 -0.0149999997 0.00500009954 -0.305000007
7597 -0.0149999997 0.00500009954 -0.294999987
7598 -0.0149999997 0.00500009954 -0.284999996
7599 -0.0149999997 0.00500009954 -0.275000006
7600 -0.0149999997 0.00500009954 -0.264999986
7601 -0.0149999997 0.00500009954 -0.254999995
7602 -0.0149999997 0.00500009954 -0.24499999
7603 -0.00499999989 0.00500009954 -0.314999998
7604 -0.00499999989 0.00500009954 -0.305000007
7605 -0.00499999989 0.00500009954 -0.294999987
7606 -0.00499999989 0.00500009954 -0.284999996
7607 -0.00499999989 0.00500009954 -0.275000006
7608 -0.00499999989 0.00500009954 -0.264999986
7609 -0.00499999989 0.00500009954 -0.254999995
7610 -0.00499999989 0.00500009954 -0.24499999
7611 -0.0749999955 0.00500009954 -0.234999999
7612 -0.0749999955 0.00500009954 -0.224999994
7613 -0.0749999955 0.00500009954 -0.214999989
7614 -0.0749999955 0.00500009954 -0.204999998
7615 -0.0749999955 0.00500009954 -0.194999993
7616 -0.0749999955 0.00500009954 -0.185000002
7617 -0.0749999955 0.00500009954 -0.174999997
7618 -0.0749999955 0.00500009954 -0.164999992
7619 -0.0649999976 0.00500009954 -0.234999999
7620 -0.0649999976 0.00500009954 -0.224999994
7621 -0.0649999976 0.00500009954 -0.214999989
7622 -0.0649999976 0.00500009954 -0.204999998
7623 -0.0649999976 0.00500009954 -0.194999993
7624 -0.0649999976 0.00500009954 -0.185000002
7625 -0.0649999976 0.00500009954 -0.174999997
7626 -0.0649999976 0.00500009954 -0.164999992
7627 -0.0549999997 0.00500009954 -0.234999999
7628 -0.0549999997 0.00500009954 -0.224999994
7629 -0.0549999997 0.00500009954 -0.214999989
7630 -0.0549999997 0.00500009954 -0.204999998
7631 -0.0549999997 0.00500009954 -0.194999993
7632 -0.0549999997 0.00500009954 -0.185000002
7633 -0.0549999997 0.00500009954 -0.174999997
7634 -0.0549999997 0.00500009954 -0.164999992
7635 -0.0449999981 0.00500009954 -0.234999999
7636 -0.0449999981 0.00500009954 -0.224999994
7637 -0.0449999981 0.00500009954 -0.214999989
7638 -0.0449999981 0.00500009954 -0.204999998
7639 -0.0449999981 0.00500009954 -0.194999993
7640 -0.0449999981 0.00500009954 -0.185000002
7641 -0.0449999981 0.00500009954 -0.174999997
7642 -0.0449999981 0.00500009954 -0.164999992
7643 -0.0350000001 0.00500009954 -0.234999999
7644 -0.0350000001 0.00500009954 -0.224999994
7645 -0.0350000001 0.00500009954 -0.214999989
7646 -0.0350000001 0.00500009954 -0.204999998
7647 -0.0350000001 0.00500009954 -0.194999993
7648 -0.0350000001 0.00500009954 -0.185000002
7649 -0.0350000001 0.00500009954 -0.174999997
7650 -0.0350000001 0.00500009954 -0.164999992
7651 -0.0249999985 0.00500009954 -0.234999999
7652 -0.0249999985 0.00500009954 -0.224999994
7653 -0.0249999985 0.00500009954 -0.214999989
7654 -0.0249999985 0.00500009954 -0.204999998
7655 -0.0249999985 0.00500009954 -0.194999993
7656 -0.0249999985 0.00500009954 -0.185000002
7657 -0.0249999985 0.00500009954 -0.174999997
7658 -0.0249999985 0.00500009954 -0.164999992
7659 -0.0149999997 0.00500009954 -0.234999999
7660 -0.0149999997 0.00500009954 -0.224999994
7661 -0.0149999997 0.00500009954 -0.214999989
7662 -0.0149999997 0.00500009954 -0.204999998
7663 -0.0149999997 0.00500009954 -0.194999993
7664 -0.0149999997 0.00500009954 -0.185000002
7665 -0.0149999997 0.00500009954 -0.174999997
7666 -0.0149999997 0.00500009954 -0.164999992
7667 -0.00499999989 0.00500009954 -0.234999999
7668 -0.00499999989 0.00500009954 -0.224999994
7669 -0.00499999989 0.00500009954 -0.214999989
7670 -0.00499999989 0.00500009954 -0.204999998
7671 -0.00499999989 0.00500009954 -0.194999993
7672 -0.00499999989 0.00500009954 -0.185000002
7673 -0.00499999989 0.00500009954 -0.174999997
7674 -0.00499999989 0.00500009954 -0.164999992
7675 -0.0749999955 0.00500009954 -0.155000001
7676 -0.0749999955 0.00500009954 -0.144999996
7677 -0.0749999955 0.00500009954 -0.13499999
7678 -0.0749999955 0.00500009954 -0.125
7679 -0.0749999955 0.00500009954 -0.114999995
7680 -0.0749999955 0.00500009954 -0.104999997
7681 -0.0749999955 0.00500009954 -0.0949999988
7682 -0.0749999955 0.00500009954 -0.0850000009
7683 -0.0649999976 0.00500009954 -0.155000001
7684 -0.0649999976 0.00500009954 -0.144999996
7685 -0.0649999976 0.00500009954 -0.13499999
7686 -0.0649999976 0.00500009954 -0.125
7687 -0.0649999976 0.00500009954 -0.114999995
7688 -0.0649999976 0.00500009954 -0.104999997
7689 -0.0649999976 0.00500009954 -0.0949999988
7690 -0.0649999976 0.00500009954 -0.0850000009
7691 -0.0549999997 0.00500009954 -0.155000001
7692 -0.0549999997 0.00500009954 -0.144999996
7693 -0.0549999997 0.00500009954 -0.13499999
7694 -0.0549999997 0.00500009954 -0.125
7695 -0.0549999997 0.00500009954 -0.114999995
7696 -0.0549999997 0.00500009954 -0.104999997
7697 -0.0549999997 0.00500009954 -0.0949999988
7698 -0.0549999997 0.00500009954 -0.0850000009
7699 -0.0449999981 0.00500009954 -0.155000001
7700 -0.0449999981 0.00500009954 -0.144999996
7701 -0.0449999981 0.00500009954 -0.13499999
7702 -0.0449999981 0.00500009954 -0.125
7703 -0.0449999981 0.00500009954 -0.114999995
7704 -0.0449999981 0.00500009954 -0.104999997
7705 -0.0449999981 0.00500009954 -0.0949999988
7706 -0.0449999981 0.00500009954 -0.0850000009
7707 -0.0350000001 0.00500009954 -0.155000001
7708 -0.0350000001 0.00500009954 -0.144999996
7709 -0.0350000001 0.00500009954 -0.13499999
7710 -0.0350000001 0.00500009954 -0.125
7711 -0.0350000001 0.00500009954 -0.114999995
7712 -0.0350000001 0.00500009954 -0.104999997
7713 -0.0350000001 0.00500009954 -0.0949999988
7714 -0.0350000001 0.00500009954 -0.0850000009
7715 -0.0249999985 0.00500009954 -0.155000001
7716 -0.0249999985 0.00500009954 -0.144999996
7717 -0.0249999985 0.00500009954 -0.13499999
7718 -0.0249999985 0.00500009954 -0.125
7719 -0.0249999985 0.00500009954 -0.114999995
7720 -0.0249999985 0.00500009954 -0.104999997
7721 -0.0249999985 0.00500009954 -0.0949999988
7722 -0.0249999985 0.00500009954 -0.0850000009
7723 -0.0149999997 0.00500009954 -0.155000001
7724 -0.0149999997 0.00500009954 -0.144999996
7725 -0.0149999997 0.00500009954 -0.13499999
7726 -0.0149999997 0.00500009954 -0.125
7727 -0.0149999997 0.00500009954 -0.114999995
7728 -0.0149999997 0.00500009954 -0.104999997
7729 -0.0149999997 0.00500009954 -0.0949999988
7730 -0.0149999997 0.00500009954 -0.0850000009
7731 -0.00499999989 0.00500009954 -0.155000001
7732 -0.00499999989 0.00500009954 -0.144999996
7733 -0.00499999989 0.00500009954 -0.13499999
7734 -0.00499999989 0.00500009954 -0.125
7735 -0.00499999989 0.00500009954 -0.114999995
7736 -0.00499999989 0.00500009954 -0.104999997
7737 -0.00499999989 0.00500009954 -0.0949999988
7738 -0.00499999989 0.00500009954 -0.0850000009
7739 -0.0749999955 0.00500009954 -0.0749999955
7740 -0.0749999955 0.00500009954 -0.0649999976
7741 -0.0749999955 0.00500009954 -0.0549999997
7742 -0.0749999955 0.00500009954 -0.0449999981
7743 -0.0749999955 0.00500009954 -0.0350000001
7744 -0.0749999955 0.00500009954 -0.0249999985
7745 -0.0749999955 0.00500009954 -0.0149999997
7746 -0.0749999955 0.00500009954 -0.00499999989
7747 -0.0649999976 0.00500009954 -0.0749999955
7748 -0.0649999976 0.00500009954 -0.0649999976
7749 -0.0649999976 0.00500009954 -0.0549999997
7750 -0.0649999976 0.00500009954 -0.0449999981
7751 -0.0649999976 0.00500009954 -0.0350000001
7752 -0.0649999976 0.00500009954 -0.0249999985
7753 -0.0649999976 0.00500009954 -0.0149999997
7754 -0.0649999976 0.00500009954 -0.00499999989
7755 -0.0549999997 0.00500009954 -0.0749999955
7756 -0.0549999997 0.00500009954 -0.0649999976
7757 -0.0549999997 0.00500009954 -0.0549999997
7758 -0.0549999997 0.00500009954 -0.0449999981
7759 -0.0549999997 0.00500009954 -0.0350000001
7760 -0.0549999997 0.00500009954 -0.0249999985
7761 -0.0549999997 0.00500009954 -0.0149999997
7762 -0.0549999997 0.00500009954 -0.00499999989
7763 -0.0449999981 0.00500009954 -0.0749999955
7764 -0.0449999981 0.00500009954 -0.0649999976
7765 -0.0449999981 0.00500009954 -0.0549999997
7766 -0.0449999981 0.00500009954 -0.0449999981
7767 -0.0449999981 0.00500009954 -0.0350000001
7768 -0.0449999981 0.00500009954 -0.0249999985
7769 -0.0449999981 0.00500009954 -0.0149999997
7770 -0.0449999981 0.00500009954 -0.00499999989
7771 -0.0350000001 0.00500009954 -0.0749999955
7772 -0.0350000001 0.00500009954 -0.0649999976
7773 -0.0350000001 0.00500009954 -0.0549999997
7774 -0.0350000001 0.00500009954 -0.0449999981
7775 -0.0350000001 0.00500009954 -0.0350000001
7776 -0.0350000001 0.00500009954 -0.0249999985
7777 -0.0350000001 0.00500009954 -0.0149999997
7778 -0.0350000001 0.00500009954 -0.00499999989
7779 -0.0249999985 0.00500009954 -0.0749999955
7780 -0.0249999985 0.00500009954 -0.0649999976
7781 -0.0249999985 0.00500009954 -0.0549999997
7782 -0.0249999985 0.00500009954 -0.0449999981
7783 -0.0249999985 0.00500009954 -0.0350000001
7784 -0.0249999985 0.00500009954 -0.0249999985
7785 -0.0249999985 0.00500009954 -0.0149999997
7786 -0.0249999985 0.00500009954 -0.00499999989
7787 -0.0149999997 0.00500009954 -0.0749999955
7788 -0.0149999997 0.00500009954 -0.0649999976
7789 -0.0149999997 0.00500009954 -0.0549999997
7790 -0.0149999997 0.00500009954 -0.0449999981
7791 -0.0149999997 0.00500009954 -0.0350000001
7792 -0.0149999997 0.00500009954 -0.0249999985
7793 -0.0149999997 0.00500009954 -0.0149999997
7794 -0.0149999997 0.00500009954 -0.00499999989
7795 -0.00499999989 0.00500009954 -0.0749999955
7796 -0.00499999989 0.00500009954 -0.0649999976
7797 -0.00499999989 0.00500009954 -0.0549999997
7798 -0.00499999989 0.00500009954 -0.0449999981
7799 -0.00499999989 0.00500009954 -0.0350000001
7800 -0.00499999989 0.00500009954 -0.0249999985
7801 -0.00499999989 0.00500009954 -0.0149999997
7802 -0.00499999989 0.00500009954 -0.00499999989
7803 -0.50000006 9.96515155e-08 0.00499999989
7804 -0.50000006 9.96515155e-08 0.0149999997
7805 -0.50000006 9.96515155e-08 0.0249999985
7806 -0.50000006 9.96515155e-08 0.0350000001
7807 -0.50000006 9.96515155e-08 0.0449999981
7808 -0.50000006 9.96515155e-08 0.0549999997
7809 -0.50000006 9.96515155e-08 0.0649999976
7810 -0.50000006 9.96515155e-08 0.0749999955
7811 -0.494999975 0.00250014942 0.00499999989
7812 -0.494999975 0.00250014942 0.0149999997
7813 -0.494999975 0.00250014942 0.0249999985
7814 -0.494999975 0.00250014942 0.0350000001
7815 -0.494999975 0.00250014942 0.0449999981
7816 -0.494999975 0.00250014942 0.0549999997
7817 -0.494999975 0.00250014942 0.0649999976
7818 -0.494999975 0.00250014942 0.0749999955
7819 -0.484999985 0.00500009954 0.00499999989
7820 -0.484999985 0.00500009954 0.0149999997
7821 -0.484999985 0.00500009954 0.0249999985
7822 -0.484999985 0.00500009954 0.0350000001
7823 -0.484999985 0.00500009954 0.0449999981
7824 -0.484999985 0.00500009954 0.0549999997
7825 -0.484999985 0.00500009954 0.0649999976
7826 -0.484999985 0.00500009954 0.0749999955
7827 -0.50000006 9.96515155e-08 0.0850000009
7828 -0.50000006 9.96515155e-08 0.0949999988
7829 -0.50000006 9.96515155e-08 0.104999997
7830 -0.50000006 9.96515155e-08 0.114999995
7831 -0.50000006 9.96515155e-08 0.125
7832 -0.50000006 9.96515155e-08 0.13499999
7833 -0.50000006 9.96515155e-08 0.144999996
7834 -0.50000006 9.96515155e-08 0.155000001
7835 -0.494999975 0.00250014942 0.0850000009
7836 -0.494999975 0.00250014942 0.0949999988
7837 -0.494999975 0.00250014942 0.104999997
7838 -0.494999975 0.00250014942 0.114999995
7839 -0.494999975 0.00250014942 0.125
7840 -0.494999975 0.00250014942 0.13499999
7841 -0.494999975 0.00250014942 0.144999996
7842 -0.494999975 0.00250014942 0.155000001
7843 -0.484999985 0.00500009954 0.0850000009
7844 -0.484999985 0.00500009954 0.0949999988
7845 -0.484999985 0.00500009954 0.104999997
7846 -0.484999985 0.00500009954 0.114999995
7847 -0.484999985 0.00500009954 0.125
7848 -0.484999985 0.00500009954 0.13499999
7849 -0.484999985 0.00500009954 0.144999996
7850 -0.484999985 0.00500009954 0.155000001
7851 -0.50000006 9.96515155e-08 0.164999992
7852 -0.50000006 9.96515155e-08 0.174999997
7853 -0.50000006 9.96515155e-08 0.185000002
7854 -0.50000006 9.96515155e-08 0.194999993
7855 -0.50000006 9.96515155e-08 0.204999998
7856 -0.50000006 9.96515155e-08 0.214999989
7857 -0.50000006 9.96515155e-08 0.224999994
7858 -0.50000006 9.96515155e-08 0.234999999
7859 -0.494999975 0.00250014942 0.164999992
7860 -0.494999975 0.00250014942 0.174999997
7861 -0.494999975 0.00250014942 0.185000002
7862 -0.494999975 0.00250014942 0.194999993
7863 -0.494999975 0.00250014942 0.204999998
7864 -0.494999975 0.00250014942 0.214999989
7865 -0.494999975 0.00250014942 0.224999994
7866 -0.494999975 0.00250014942 0.234999999
7867 -0.484999985 0.00500009954 0.164999992
7868 -0.484999985 0.00500009954 0.174999997
7869 -0.484999985 0.00500009954 0.185000002
7870 -0.484999985 0.00500009954 0.194999993
7871 -0.484999985 0.00500009954 0.204999998
7872 -0.484999985 0.00500009954 0.214999989
7873 -0.484999985 0.00500009954 0.224999994
7874 -0.484999985 0.00500009954 0.234999999
7875 -0.50000006 9.96515155e-08 0.24499999
7876 -0.50000006 9.96515155e-08 0.254999995
7877 -0.50000006 9.96515155e-08 0.264999986
7878 -0.50000006 9.96515155e-08 0.275000006
7879 -0.50000006 9.96515155e-08 0.284999996
7880 -0.50000006 9.96515155e-08 0.294999987
7881 -0.50000006 9.96515155e-08 0.305000007
7882 -0.50000006 9.96515155e-08 0.314999998
7883 -0.494999975 0.00250014942 0.24499999
7884 -0.494999975 0.00250014942 0.254999995
7885 -0.494999975 0.00250014942 0.264999986
7886 -0.494999975 0.00250014942 0.275000006
7887 -0.494999975 0.00250014942 0.284999996
7888 -0.494999975 0.00250014942 0.294999987
7889 -0.494999975 0.00250014942 0.305000007
7890 -0.494999975 0.00250014942 0.314999998
7891 -0.484999985 0.00500009954 0.24499999
7892 -0.484999985 0.00500009954 0.254999995
7893 -0.484999985 0.00500009954 0.264999986
7894 -0.484999985 0.00500009954 0.275000006
7895 -0.484999985 0.00500009954 0.284999996
7896 -0.484999985 0.00500009954 0.294999987
7897 -0.484999985 0.00500009954 0.305000007
7898 -0.484999985 0.00500009954 0.314999998
7899 -0.50000006 9.96515155e-08 0.324999988
7900 -0.50000006 9.96515155e-08 0.334999979
7901 -0.50000006 9.96515155e-08 0.344999999
7902 -0.50000006 9.96515155e-08 0.354999989
7903 -0.50000006 9.96515155e-08 0.36499998
7904 -0.50000006 9.96515155e-08 0.375
7905 -0.50000006 9.96515155e-08 0.38499999
7906 -0.50000006 9.96515155e-08 0.394999981
7907 -0.494999975 0.00250014942 0.324999988
7908 -0.494999975 0.00250014942 0.334999979
7909 -0.494999975 0.00250014942 0.344999999
7910 -0.494999975 0.00250014942 0.354999989
7911 -0.494999975 0.00250014942 0.36499998
7912 -0.494999975 0.00250014942 0.375
7913 -0.494999975 0.00250014942 0.38499999
7914 -0.494999975 0.00250014942 0.394999981
7915 -0.484999985 0.00500009954 0.324999988
7916 -0.484999985 0.00500009954 0.334999979
7917 -0.484999985 0.00500009954 0.344999999
7918 -0.484999985 0.00500009954 0.354999989
7919 -0.484999985 0.00500009954 0.36499998
7920 -0.484999985 0.00500009954 0.375
7921 -0.484999985 0.00500009954 0.38499999
7922 -0.484999985 0.00500009954 0.394999981
7923 -0.50000006 9.96515155e-08 0.405000001
7924 -0.50000006 9.96515155e-08 0.414999992
7925 -0.50000006 9.96515155e-08 0.424999982
7926 -0.50000006 9.96515155e-08 0.435000002
7927 -0.50000006 9.96515155e-08 0.444999993
7928 -0.50000006 9.96515155e-08 0.454999983
7929 -0.50000006 9.96515155e-08 0.465000004
7930 -0.50000006 9.96515155e-08 0.474999994
7931 -0.494999975 0.00250014942 0.405000001
7932 -0.494999975 0.00250014942 0.414999992
7933 -0.494999975 0.00250014942 0.424999982
7934 -0.494999975 0.00250014942 0.435000002
7935 -0.494999975 0.00250014942 0.444999993
7936 -0.494999975 0.00250014942 0.454999983
7937 -0.494999975 0.00250014942 0.465000004
7938 -0.494999975 0.00250014942 0.474999994
7939 -0.484999985 0.00500009954 0.405000001
7940 -0.484999985 0.00500009954 0.414999992
7941 -0.484999985 0.00500009954 0.424999982
7942 -0.484999985 0.00500009954 0.435000002
7943 -0.484999985 0.00500009954 0.444999993
7944 -0.484999985 0.00500009954 0.454999983
7945 -0.484999985 0.00500009954 0.465000004
7946 -0.484999985 0.00500009954 0.474999994
7947 -0.50000006 9.96515155e-08 0.484999985
7948 -0.50000006 9.96515155e-08 0.494999975
7949 -0.5 6.6434346e-08 0.5
7950 -0.494999975 0.00250014942 0.484999985
7951 -0.494999975 0.00125017436 0.494999975
7952 -0.494999975 9.96515155e-08 0.50000006
7953 -0.484999985 0.00500009954 0.484999985
7954 -0.484999985 0.00250014942 0.494999975
7955 -0.484999985 9.96515155e-08 0.50000006
7956 -0.474999994 0.00500009954 0.00499999989
7957 -0.474999994 0.00500009954 0.0149999997
7958 -0.474999994 0.00500009954 0.0249999985
7959 -0.474999994 0.00500009954 0.0350000001
7960 -0.474999994 0.00500009954 0.0449999981
7961 -0.474999994 0.00500009954 0.0549999997
7962 -0.474999994 0.00500009954 0.0649999976
7963 -0.474999994 0.00500009954 0.0749999955
7964 -0.465000004 0.00500009954 0.00499999989
7965 -0.465000004 0.00500009954 0.0149999997
7966 -0.465000004 0.00500009954 0.0249999985
7967 -0.465000004 0.00500009954 0.0350000001
7968 -0.465000004 0.00500009954 0.0449999981
7969 -0.465000004 0.00500009954 0.0549999997
7970 -0.465000004 0.00500009954 0.0649999976
7971 -0.465000004 0.00500009954 0.0749999955
7972 -0.454999983 0.00500009954 0.00499999989
7973 -0.454999983 0.00500009954 0.0149999997
7974 -0.454999983 0.00500009954 0.0249999985
7975 -0.454999983 0.00500009954 0.0350000001
7976 -0.454999983 0.00500009954 0.0449999981
7977 -0.454999983 0.00500009954 0.0549999997
7978 -0.454999983 0.00500009954 0.0649999976
7979 -0.454999983 0.00500009954 0.0749999955
7980 -0.444999993 0.00500009954 0.00499999989
7981 -0.444999993 0.00500009954 0.0149999997
7982 -0.444999993 0.00500009954 0.0249999985
7983 -0.444999993 0.00500009954 0.0350000001
7984 -0.444999993 0.00500009954 0.0449999981
7985 -0.444999993 0.00500009954 0.0549999997
7986 -0.444999993 0.00500009954 0.0649999976
7987 -0.444999993 0.00500009954 0.0749999955
7988 -0.435000002 0.00500009954 0.00499999989
7989 -0.435000002 0.00500009954 0.0149999997
7990 -0.435000002 0.00500009954 0.0249999985
7991 -0.435000002 0.00500009954 0.0350000001
7992 -0.435000002 0.00500009954 0.0449999981
7993 -0.435000002 0.00500009954 0.0549999997
7994 -0.435000002 0.00500009954 0.0649999976
7995 -0.435000002 0.00500009954 0.0749999955
7996 -0.424999982 0.00500009954 0.00499999989
7997 -0.424999982 0.00500009954 0.0149999997
7998 -0.424999982 0.00500009954 0.0249999985
7999 -0.424999982 0.00500009954 0.0350000001
8000 -0.424999982 0.00500009954 0.0449999981
8001 -0.424999982 0.00500009954 0.0549999997
8002 -0.424999982 0.00500009954 0.0649999976
8003 -0.424999982 0.00500009954 0.0749999955
8004 -0.414999992 0.00500009954 0.00499999989
8005 -0.414999992 0.00500009954 0.0149999997
8006 -0.414999992 0.00500009954 0.0249999985
8007 -0.414999992 0.00500009954 0.0350000001
8008 -0.414999992 0.00500009954 0.0449999981
8009 -0.414999992 0.00500009954 0.0549999997
8010 -0.414999992 0.00500009954 0.0649999976
8011 -0.414999992 0.00500009954 0.0749999955
8012 -0.405000001 0.00500009954 0.00499999989
8013 -0.405000001 0.00500009954 0.0149999997
8014 -0.405000001 0.00500009954 0.0249999985
8015 -0.405000001 0.00500009954 0.0350000001
8016 -0.405000001 0.00500009954 0.0449999981
8017 -0.405000001 0.00500009954 0.0549999997
8018 -0.405000001 0.00500009954 0.0649999976
8019 -0.405000001 0.00500009954 0.0749999955
8020 -0.474999994 0.00500009954 0.0850000009
8021 -0.474999994 0.00500009954 0.0949999988
8022 -0.474999994 0.00500009954 0.104999997
8023 -0.474999994 0.00500009954 0.114999995
8024 -0.474999994 0.00500009954 0.125
8025 -0.474999994 0.00500009954 0.13499999
8026 -0.474999994 0.00500009954 0.144999996
8027 -0.474999994 0.00500009954 0.155000001
8028 -0.465000004 0.00500009954 0.0850000009
8029 -0.465000004 0.00500009954 0.0949999988
8030 -0.465000004 0.00500009954 0.104999997
8031 -0.465000004 0.00500009954 0.114999995
8032 -0.465000004 0.00500009954 0.125
8033 -0.465000004 0.00500009954 0.13499999
8034 -0.465000004 0.00500009954 0.144999996
8035 -0.465000004 0.00500009954 0.155000001
8036 -0.454999983 0.00500009954 0.0850000009
8037 -0.454999983 0.00500009954 0.0949999988
8038 -0.454999983 0.00500009954 0.104999997
8039 -0.454999983 0.00500009954 0.114999995
8040 -0.454999983 0.00500009954 0.125
8041 -0.454999983 0.00500009954 0.13499999
8042 -0.454999983 0.00500009954 0.144999996
8043 -0.454999983 0.00500009954 0.155000001
8044 -0.444999993 0.00500009954 0.0850000009
8045 -0.444999993 0.00500009954 0.0949999988
8046 -0.444999993 0.00500009954 0.104999997
8047 -0.444999993 0.00500009954 0.114999995
8048 -0.444999993 0.00500009954 0.125
8049 -0.444999993 0.00500009954 0.13499999
8050 -0.444999993 0.00500009954 0.144999996
8051 -0.444999993 0.00500009954 0.155000001
8052 -0.435000002 0.00500009954 0.0850000009
8053 -0.435000002 0.00500009954 0.0949999988
8054 -0.435000002 0.00500009954 0.104999997
8055 -0.435000002 0.00500009954 0.114999995
8056 -0.435000002 0.00500009954 0.125
8057 -0.435000002 0.00500009954 0.13499999
8058 -0.435000002 0.00500009954 0.144999996
8059 -0.435000002 0.00500009954 0.155000001
8060 -0.424999982 0.00500009954 0.0850000009
8061 -0.424999982 0.00500009954 0.0949999988
8062 -0.424999982 0.00500009954 0.104999997
8063 -0.424999982 0.00500009954 0.114999995
8064 -0.424999982 0.00500009954 0.125
8065 -0.424999982 0.00500009954 0.13499999
8066 -0.424999982 0.00500009954 0.144999996
8067 -0.424999982 0.00500009954 0.155000001
8068 -0.414999992 0.00500009954 0.0850000009
8069 -0.414999992 0.00500009954 0.0949999988
8070 -0.414999992 0.00500009954 0.104999997
8071 -0.414999992 0.00500009954 0.114999995
8072 -0.414999992 0.00500009954 0.125
8073 -0.414999992 0.00500009954 0.13499999
8074 -0.414999992 0.00500009954 0.144999996
8075 -0.414999992 0.00500009954 0.155000001
8076 -0.405000001 0.00500009954 0.0850000009
8077 -0.405000001 0.00500009954 0.0949999988
8078 -0.405000001 0.00500009954 0.104999997
8079 -0.405000001 0.00500009954 0.114999995
8080 -0.405000001 0.00500009954 0.125
8081 -0.405000001 0.00500009954 0.13499999
8082 -0.405000001 0.00500009954 0.144999996
8083 -0.405000001 0.00500009954 0.155000001
8084 -0.474999994 0.00500009954 0.164999992
8085 -0.474999994 0.00500009954 0.174999997
8086 -0.474999994 0.00500009954 0.185000002
8087 -0.474999994 0.00500009954 0.194999993
8088 -0.474999994 0.00500009954 0.204999998
8089 -0.474999994 0.00500009954 0.214999989
8090 -0.474999994 0.00500009954 0.224999994
8091 -0.474999994 0.00500009954 0.234999999
8092 -0.465000004 0.00500009954 0.164999992
8093 -0.465000004 0.00500009954 0.174999997
8094 -0.465000004 0.00500009954 0.185000002
8095 -0.465000004 0.00500009954 0.194999993
8096 -0.465000004 0.00500009954 0.204999998
8097 -0.465000004 0.00500009954 0.214999989
8098 -0.465000004 0.00500009954 0.224999994
8099 -0.465000004 0.00500009954 0.234999999
8100 -0.454999983 0.00500009954 0.164999992
8101 -0.454999983 0.00500009954 0.174999997
8102 -0.454999983 0.00500009954 0.185000002
8103 -0.454999983 0.00500009954 0.194999993
8104 -0.454999983 0.00500009954 0.204999998
8105 -0.454999983 0.00500009954 0.214999989
8106 -0.454999983 0.00500009954 0.224999994
8107 -0.454999983 0.00500009954 0.234999999
8108 -0.444999993 0.00500009954 0.164999992
8109 -0.444999993 0.00500009954 0.174999997
8110 -0.444999993 0.00500009954 0.185000002
8111 -0.444999993 0.00500009954 0.194999993
8112 -0.444999993 0.00500009954 0.204999998
8113 -0.444999993 0.00500009954 0.214999989
8114 -0.444999993 0.00500009954 0.224999994
8115 -0.444999993 0.00500009954 0.234999999
8116 -0.435000002 0.00500009954 0.164999992
8117 -0.435000002 0.00500009954 0.174999997
8118 -0.435000002 0.00500009954 0.185000002
8119 -0.435000002 0.00500009954 0.194999993
8120 -0.435000002 0.00500009954 0.204999998
8121 -0.435000002 0.00500009954 0.214999989
8122 -0.435000002 0.00500009954 0.224999994
8123 -0.435000002 0.00500009954 0.234999999
8124 -0.424999982 0.00500009954 0.164999992
8125 -0.424999982 0.00500009954 0.174999997
8126 -0.424999982 0.00500009954 0.185000002
8127 -0.424999982 0.00500009954 0.194999993
8128 -0.424999982 0.00500009954 0.204999998
8129 -0.424999982 0.00500009954 0.214999989
8130 -0.424999982 0.00500009954 0.224999994
8131 -0.424999982 0.00500009954 0.234999999
8132 -0.414999992 0.00500009954 0.164999992
8133 -0.414999992 0.00500009954 0.174999997
8134 -0.414999992 0.00500009954 0.185000002
8135 -0.414999992 0.00500009954 0.194999993
8136 -0.414999992 0.00500009954 0.204999998
8137 -0.414999992 0.00500009954 0.214999989
8138 -0.414999992 0.00500009954 0.224999994
8139 -0.414999992 0.00500009954 0.234999999
8140 -0.405000001 0.00500009954 0.164999992
8141 -0.405000001 0.00500009954 0.174999997
8142 -0.405000001 0.00500009954 0.185000002
8143 -0.405000001 0.00500009954 0.194999993
8144 -0.405000001 0.00500009954 0.204999998
8145 -0.405000001 0.00500009954 0.214999989
8146 -0.405000001 0.00500009954 0.224999994
8147 -0.405000001 0.00500009954 0.234999999
8148 -0.474999994 0.00500009954 0.24499999
8149 -0.474999994 0.00500009954 0.254999995
8150 -0.474999994 0.00500009954 0.264999986
8151 -0.474999994 0.00500009954 0.275000006
8152 -0.474999994 0.00500009954 0.284999996
8153 -0.474999994 0.00500009954 0.294999987
8154 -0.474999994 0.00500009954 0.305000007
8155 -0.474999994 0.00500009954 0.314999998
8156 -0.465000004 0.00500009954 0.24499999
8157 -0.465000004 0.00500009954 0.254999995
8158 -0.465000004 0.00500009954 0.264999986
8159 -0.465000004 0.00500009954 0.275000006
8160 -0.465000004 0.00500009954 0.284999996
8161 -0.465000004 0.00500009954 0.294999987
8162 -0.465000004 0.00500009954 0.305000007
8163 -0.465000004 0.00500009954 0.314999998
8164 -0.454999983 0.00500009954 0.24499999
8165 -0.454999983 0.00500009954 0.254999995
8166 -0.454999983 0.00500009954 0.264999986
8167 -0.454999983 0.00500009954 0.275000006
8168 -0.454999983 0.00500009954 0.284999996
8169 -0.454999983 0.00500009954 0.294999987
8170 -0.454999983 0.00500009954 0.305000007
8171 -0.454999983 0.00500009954 0.314999998
8172 -0.444999993 0.00500009954 0.24499999
8173 -0.444999993 0.00500009954 0.254999995
8174 -0.444999993 0.00500009954 0.264999986
8175 -0.444999993 0.00500009954 0.275000006
8176 -0.444999993 0.00500009954 0.284999996
8177 -0.444999993 0.00500009954 0.294999987
8178 -0.444999993 0.00500009954 0.305000007
8179 -0.444999993 0.00500009954 0.314999998
8180 -0.435000002 0.00500009954 0.24499999
8181 -0.435000002 0.00500009954 0.254999995
8182 -0.435000002 0.00500009954 0.264999986
8183 -0.435000002 0.00500009954 0.275000006
8184 -0.435000002 0.00500009954 0.284999996
8185 -0.435000002 0.00500009954 0.294999987
8186 -0.435000002 0.00500009954 0.305000007
8187 -0.435000002 0.00500009954 0.314999998
8188 -0.424999982 0.00500009954 0.24499999
8189 -0.424999982 0.00500009954 0.254999995
8190 -0.424999982 0.00500009954 0.264999986
8191 -0.424999982 0.00500009954 0.275000006
8192 -0.424999982 0.00500009954 0.284999996
8193 -0.424999982 0.00500009954 0.294999987
8194 -0.424999982 0.00500009954 0.305000007
8195 -0.424999982 0.00500009954 0.314999998
8196 -0.414999992 0.00500009954 0.24499999
8197 -0.414999992 0.00500009954 0.254999995
8198 -0.414999992 0.00500009954 0.264999986
8199 -0.414999992 0.00500009954 0.275000006
8200 -0.414999992 0.00500009954 0.284999996
8201 -0.414999992 0.00500009954 0.294999987
8202 -0.414999992 0.00500009954 0.305000007
8203 -0.414999992 0.00500009954 0.314999998
8204 -0.405000001 0.00500009954 0.24499999
8205 -0.405000001 0.00500009954 0.254999995
8206 -0.405000001 0.00500009954 0.264999986
8207 -0.405000001 0.00500009954 0.275000006
8208 -0.405000001 0.00500009954 0.284999996
8209 -0.405000001 0.00500009954 0.294999987
8210 -0.405000001 0.00500009954 0.305000007
8211 -0.405000001 0.00500009954 0.314999998
8212 -0.474999994 0.00500009954 0.324999988
8213 -0.474999994 0.00500009954 0.334999979
8214 -0.474999994 0.00500009954 0.344999999
8215 -0.474999994 0.00500009954 0.354999989
8216 -0.474999994 0.00500009954 0.36499998
8217 -0.474999994 0.00500009954 0.375
8218 -0.474999994 0.00500009954 0.38499999
8219 -0.474999994 0.00500009954 0.394999981
8220 -0.465000004 0.00500009954 0.324999988
8221 -0.465000004 0.00500009954 0.334999979
8222 -0.465000004 0.00500009954 0.344999999
8223 -0.465000004 0.00500009954 0.354999989
8224 -0.465000004 0.00500009954 0.36499998
8225 -0.465000004 0.00500009954 0.375
8226 -0.465000004 0.00500009954 0.38499999
8227 -0.465000004 0.00500009954 0.394999981
8228 -0.454999983 0.00500009954 0.324999988
8229 -0.454999983 0.00500009954 0.334999979
8230 -0.454999983 0.00500009954 0.344999999
8231 -0.454999983 0.00500009954 0.354999989
8232 -0.454999983 0.00500009954 0.36499998
8233 -0.454999983 0.00500009954 0.375
8234 -0.454999983 0.00500009954 0.38499999
8235 -0.454999983 0.00500009954 0.394999981
8236 -0.444999993 0.00500009954 0.324999988
8237 -0.444999993 0.00500009954 0.334999979
8238 -0.444999993 0.00500009954 0.344999999
8239 -0.444999993 0.00500009954 0.354999989
8240 -0.444999993 0.00500009954 0.36499998
8241 -0.444999993 0.00500009954 0.375
8242 -0.444999993 0.00500009954 0.38499999
8243 -0.444999993 0.00500009954 0.394999981
8244 -0.435000002 0.00500009954 0.324999988
8245 -0.435000002 0.00500009954 0.334999979
8246 -0.435000002 0.00500009954 0.344999999
8247 -0.435000002 0.00500009954 0.354999989
8248 -0.435000002 0.00500009954 0.36499998
8249 -0.435000002 0.00500009954 0.375
8250 -0.435000002 0.00500009954 0.38499999
8251 -0.435000002 0.00500009954 0.394999981
8252 -0.424999982 0.00500009954 0.324999988
8253 -0.424999982 0.00500009954 0.334999979
8254 -0.424999982 0.00500009954 0.344999999
8255 -0.424999982 0.00500009954 0.354999989
8256 -0.424999982 0.00500009954 0.36499998
8257 -0.424999982 0.00500009954 0.375
8258 -0.424999982 0.00500009954 0.38499999
8259 -0.424999982 0.00500009954 0.394999981
8260 -0.414999992 0.00500009954 0.324999988
8261 -0.414999992 0.00500009954 0.334999979
8262 -0.414999992 0.00500009954 0.344999999
8263 -0.414999992 0.00500009954 0.354999989
8264 -0.414999992 0.00500009954 0.36499998
8265 -0.414999992 0.00500009954 0.375
8266 -0.414999992 0.00500009954 0.38499999
8267 -0.414999992 0.00500009954 0.394999981
8268 -0.405000001 0.00500009954 0.324999988
8269 -0.405000001 0.00500009954 0.334999979
8270 -0.405000001 0.00500009954 0.344999999
8271 -0.405000001 0.00500009954 0.354999989
8272 -0.405000001 0.00500009954 0.36499998
8273 -0.405000001 0.00500009954 0.375
8274 -0.405000001 0.00500009954 0.38499999
8275 -0.405000001 0.00500009954 0.394999981
8276 -0.474999994 0.00500009954 0.405000001
8277 -0.474999994 0.00500009954 0.414999992
8278 -0.474999994 0.00500009954 0.424999982
8279 -0.474999994 0.00500009954 0.435000002
8280 -0.474999994 0.00500009954 0.444999993
8281 -0.474999994 0.00500009954 0.454999983
8282 -0.474999994 0.00500009954 0.465000004
8283 -0.474999994 0.00500009954 0.474999994
8284 -0.465000004 0.00500009954 0.405000001
8285 -0.465000004 0.00500009954 0.414999992
8286 -0.465000004 0.00500009954 0.424999982
8287 -0.465000004 0.00500009954 0.435000002
8288 -0.465000004 0.00500009954 0.444999993
8289 -0.465000004 0.00500009954 0.454999983
8290 -0.465000004 0.00500009954 0.465000004
8291 -0.465000004 0.00500009954 0.474999994
8292 -0.454999983 0.00500009954 0.405000001
8293 -0.454999983 0.00500009954 0.414999992
8294 -0.454999983 0.00500009954 0.424999982
8295 -0.454999983 0.00500009954 0.435000002
8296 -0.454999983 0.00500009954 0.444999993
8297 -0.454999983 0.00500009954 0.454999983
8298 -0.454999983 0.00500009954 0.465000004
8299 -0.454999983 0.00500009954 0.474999994
8300 -0.444999993 0.00500009954 0.405000001
8301 -0.444999993 0.00500009954 0.414999992
8302 -0.444999993 0.00500009954 0.424999982
8303 -0.444999993 0.00500009954 0.435000002
8304 -0.444999993 0.00500009954 0.444999993
8305 -0.444999993 0.00500009954 0.454999983
8306 -0.444999993 0.00500009954 0.465000004
8307 -0.444999993 0.00500009954 0.474999994
8308 -0.435000002 0.00500009954 0.405000001
8309 -0.435000002 0.00500009954 0.414999992
8310 -0.435000002 0.00500009954 0.424999982
8311 -0.435000002 0.00500009954 0.435000002
8312 -0.435000002 0.00500009954 0.444999993
8313 -0.435000002 0.00500009954 0.454999983
8314 -0.435000002 0.00500009954 0.465000004
8315 -0.435000002 0.00500009954 0.474999994
8316 -0.424999982 0.00500009954 0.405000001
8317 -0.424999982 0.00500009954 0.414999992
8318 -0.424999982 0.00500009954 0.424999982
8319 -0.424999982 0.00500009954 0.435000002
8320 -0.424999982 0.00500009954 0.444999993
8321 -0.424999982 0.00500009954 0.454999983
8322 -0.424999982 0.00500009954 0.465000004
8323 -0.424999982 0.00500009954 0.474999994
8324 -0.414999992 0.00500009954 0.405000001
8325 -0.414999992 0.00500009954 0.414999992
8326 -0.414999992 0.00500009954 0.424999982
8327 -0.414999992 0.00500009954 0.435000002
8328 -0.414999992 0.00500009954 0.444999993
8329 -0.414999992 0.00500009954 0.454999983
8330 -0.414999992 0.00500009954 0.465000004
8331 -0.414999992 0.00500009954 0.474999994
8332 -0.405000001 0.00500009954 0.405000001
8333 -0.405000001 0.00500009954 0.414999992
8334 -0.405000001 0.00500009954 0.424999982
8335 -0.405000001 0.00500009954 0.435000002
8336 -0.405000001 0.00500009954 0.444999993
8337 -0.405000001 0.00500009954 0.454999983
8338 -0.405000001 0.00500009954 0.465000004
8339 -0.405000001 0.00500009954 0.474999994
8340 -0.474999994 0.00500009954 0.484999985
8341 -0.474999994 0.00250014942 0.494999975
8342 -0.474999994 9.96515155e-08 0.50000006
8343 -0.465000004 0.00500009954 0.484999985
8344 -0.465000004 0.00250014942 0.494999975
8345 -0.465000004 9.96515155e-08 0.50000006
8346 -0.454999983 0.00500009954 0.484999985
8347 -0.454999983 0.00250014942 0.494999975
8348 -0.454999983 9.96515155e-08 0.50000006
8349 -0.444999993 0.00500009954 0.484999985
8350 -0.444999993 0.00250014942 0.494999975
8351 -0.444999993 9.96515155e-08 0.50000006
8352 -0.435000002 0.00500009954 0.484999985
8353 -0.435000002 0.00250014942 0.494999975
8354 -0.435000002 9.96515155e-08 0.50000006
8355 -0.424999982 0.00500009954 0.484999985
8356 -0.424999982 0.00250014942 0.494999975
8357 -0.424999982 9.96515155e-08 0.50000006
8358 -0.414999992 0.00500009954 0.484999985
8359 -0.414999992 0.00250014942 0.494999975
8360 -0.414999992 9.96515155e-08 0.50000006
8361 -0.405000001 0.00500009954 0.484999985
8362 -0.405000001 0.00250014942 0.494999975
8363 -0.405000001 9.96515155e-08 0.50000006
8364 -0.394999981 0.00500009954 0.00499999989
8365 -0.394999981 0.00500009954 0.0149999997
8366 -0.394999981 0.00500009954 0.0249999985
8367 -0.394999981 0.00500009954 0.0350000001
8368 -0.394999981 0.00500009954 0.0449999981
8369 -0.394999981 0.00500009954 0.0549999997
8370 -0.394999981 0.00500009954 0.0649999976
8371 -0.394999981 0.00500009954 0.0749999955
8372 -0.38499999 0.00500009954 0.00499999989
8373 -0.38499999 0.00500009954 0.0149999997
8374 -0.38499999 0.00500009954 0.0249999985
8375 -0.38499999 0.00500009954 0.0350000001
8376 -0.38499999 0.00500009954 0.0449999981
8377 -0.38499999 0.00500009954 0.0549999997
8378 -0.38499999 0.00500009954 0.0649999976
8379 -0.38499999 0.00500009954 0.0749999955
8380 -0.375 0.00500009954 0.00499999989
8381 -0.375 0.00500009954 0.0149999997
8382 -0.375 0.00500009954 0.0249999985
8383 -0.375 0.00500009954 0.0350000001
8384 -0.375 0.00500009954 0.0449999981
8385 -0.375 0.00500009954 0.0549999997
8386 -0.375 0.00500009954 0.0649999976
8387 -0.375 0.00500009954 0.0749999955
8388 -0.36499998 0.00500009954 0.00499999989
8389 -0.36499998 0.00500009954 0.0149999997
8390 -0.36499998 0.00500009954 0.0249999985
8391 -0.36499998 0.00500009954 0.0350000001
8392 -0.36499998 0.00500009954 0.0449999981
8393 -0.36499998 0.00500009954 0.0549999997
8394 -0.36499998 0.00500009954 0.0649999976
8395 -0.36499998 0.00500009954 0.0749999955
8396 -0.354999989 0.00500009954 0.00499999989
8397 -0.354999989 0.00500009954 0.0149999997
8398 -0.354999989 0.00500009954 0.0249999985
8399 -0.354999989 0.00500009954 0.0350000001
8400 -0.354999989 0.00500009954 0.0449999981
8401 -0.354999989 0.00500009954 0.0549999997
8402 -0.354999989 0.00500009954 0.0649999976
8403 -0.354999989 0.00500009954 0.0749999955
8404 -0.344999999 0.00500009954 0.00499999989
8405 -0.344999999 0.00500009954 0.0149999997
8406 -0.344999999 0.00500009954 0.0249999985
8407 -0.344999999 0.00500009954 0.0350000001
8408 -0.344999999 0.00500009954 0.0449999981
8409 -0.344999999 0.00500009954 0.0549999997
8410 -0.344999999 0.00500009954 0.0649999976
8411 -0.344999999 0.00500009954 0.0749999955
8412 -0.334999979 0.00500009954 0.00499999989
8413 -0.334999979 0.00500009954 0.0149999997
8414 -0.334999979 0.00500009954 0.0249999985
8415 -0.334999979 0.00500009954 0.0350000001
8416 -0.334999979 0.00500009954 0.0449999981
8417 -0.334999979 0.00500009954 0.0549999997
8418 -0.334999979 0.00500009954 0.0649999976
8419 -0.334999979 0.00500009954 0.0749999955
8420 -0.324999988 0.00500009954 0.00499999989
8421 -0.324999988 0.00500009954 0.0149999997
8422 -0.324999988 0.00500009954 0.0249999985
8423 -0.324999988 0.00500009954 0.0350000001
8424 -0.324999988 0.00500009954 0.0449999981
8425 -0.324999988 0.00500009954 0.0549999997
8426 -0.324999988 0.00500009954 0.0649999976
8427 -0.324999988 0.00500009954 0.0749999955
8428 -0.394999981 0.00500009954 0.0850000009
8429 -0.394999981 0.00500009954 0.0949999988
8430 -0.394999981 0.00500009954 0.104999997
8431 -0.394999981 0.00500009954 0.114999995
8432 -0.394999981 0.00500009954 0.125
8433 -0.394999981 0.00500009954 0.13499999
8434 -0.394999981 0.00500009954 0.144999996
8435 -0.394999981 0.00500009954 0.155000001
8436 -0.38499999 0.00500009954 0.0850000009
8437 -0.38499999 0.00500009954 0.0949999988
8438 -0.38499999 0.00500009954 0.104999997
8439 -0.38499999 0.00500009954 0.114999995
8440 -0.38499999 0.00500009954 0.125
8441 -0.38499999 0.00500009954 0.13499999
8442 -0.38499999 0.00500009954 0.144999996
8443 -0.38499999 0.00500009954 0.155000001
8444 -0.375 0.00500009954 0.0850000009
8445 -0.375 0.00500009954 0.0949999988
8446 -0.375 0.00500009954 0.104999997
8447 -0.375 0.00500009954 0.114999995
8448 -0.375 0.00500009954 0.125
8449 -0.375 0.00500009954 0.13499999
8450 -0.375 0.00500009954 0.144999996
8451 -0.375 0.00500009954 0.155000001
8452 -0.36499998 0.00500009954 0.0850000009
8453 -0.36499998 0.00500009954 0.0949999988
8454 -0.36499998 0.00500009954 0.104999997
8455 -0.36499998 0.00500009954 0.114999995
8456 -0.36499998 0.00500009954 0.125
8457 -0.36499998 0.00500009954 0.13499999
8458 -0.36499998 0.00500009954 0.144999996
8459 -0.36499998 0.00500009954 0.155000001
8460 -0.354999989 0.00500009954 0.0850000009
8461 -0.354999989 0.00500009954 0.0949999988
8462 -0.354999989 0.00500009954 0.104999997
8463 -0.354999989 0.00500009954 0.114999995
8464 -0.354999989 0.00500009954 0.125
8465 -0.354999989 0.00500009954 0.13499999
8466 -0.354999989 0.00500009954 0.144999996
8467 -0.354999989 0.00500009954 0.155000001
8468 -0.344999999 0.00500009954 0.0850000009
8469 -0.344999999 0.00500009954 0.0949999988
8470 -0.344999999 0.00500009954 0.104999997
8471 -0.344999999 0.00500009954 0.114999995
8472 -0.344999999 0.00500009954 0.125
8473 -0.344999999 0.00500009954 0.13499999
8474 -0.344999999 0.00500009954 0.144999996
8475 -0.344999999 0.00500009954 0.155000001
8476 -0.334999979 0.00500009954 0.0850000009
8477 -0.334999979 0.00500009954 0.0949999988
8478 -0.334999979 0.00500009954 0.104999997
8479 -0.334999979 0.00500009954 0.114999995
8480 -0.334999979 0.00500009954 0.125
8481 -0.334999979 0.00500009954 0.13499999
8482 -0.334999979 0.00500009954 0.144999996
8483 -0.334999979 0.00500009954 0.155000001
8484 -0.324999988 0.00500009954 0.0850000009
8485 -0.324999988 0.00500009954 0.0949999988
8486 -0.324999988 0.00500009954 0.104999997
8487 -0.324999988 0.00500009954 0.114999995
8488 -0.324999988 0.00500009954 0.125
8489 -0.324999988 0.00500009954 0.13499999
8490 -0.324999988 0.00500009954 0.144999996
8491 -0.324999988 0.00500009954 0.155000001
8492 -0.394999981 0.00500009954 0.164999992
8493 -0.394999981 0.00500009954 0.174999997
8494 -0.394999981 0.00500009954 0.185000002
8495 -0.394999981 0.00500009954 0.194999993
8496 -0.394999981 0.00500009954 0.204999998
8497 -0.394999981 0.00500009954 0.214999989
8498 -0.394999981 0.00500009954 0.224999994
8499 -0.394999981 0.00500009954 0.234999999
8500 -0.38499999 0.00500009954 0.164999992
8501 -0.38499999 0.00500009954 0.174999997
8502 -0.38499999 0.00500009954 0.185000002
8503 -0.38499999 0.00500009954 0.194999993
8504 -0.38499999 0.00500009954 0.204999998
8505 -0.38499999 0.00500009954 0.214999989
8506 -0.38499999 0.00500009954 0.224999994
8507 -0.38499999 0.00500009954 0.234999999
8508 -0.375 0.00500009954 0.164999992
8509 -0.375 0.00500009954 0.174999997
8510 -0.375 0.00500009954 0.185000002
8511 -0.375 0.00500009954 0.194999993
8512 -0.375 0.00500009954 0.204999998
8513 -0.375 0.00500009954 0.214999989
8514 -0.375 0.00500009954 0.224999994
8515 -0.375 0.00500009954 0.234999999
8516 -0.36499998 0.00500009954 0.164999992
8517 -0.36499998 0.00500009954 0.174999997
8518 -0.36499998 0.00500009954 0.185000002
8519 -0.36499998 0.00500009954 0.194999993
8520 -0.36499998 0.00500009954 0.204999998
8521 -0.36499998 0.00500009954 0.214999989
8522 -0.36499998 0.00500009954 0.224999994
8523 -0.36499998 0.00500009954 0.234999999
8524 -0.354999989 0.00500009954 0.164999992
8525 -0.354999989 0.00500009954 0.174999997
8526 -0.354999989 0.00500009954 0.185000002
8527 -0.354999989 0.00500009954 0.194999993
8528 -0.354999989 0.00500009954 0.204999998
8529 -0.354999989 0.00500009954 0.214999989
8530 -0.354999989 0.00500009954 0.224999994
8531 -0.354999989 0.00500009954 0.234999999
8532 -0.344999999 0.00500009954 0.164999992
8533 -0.344999999 0.00500009954 0.174999997
8534 -0.344999999 0.00500009954 0.185000002
8535 -0.344999999 0.00500009954 0.194999993
8536 -0.344999999 0.00500009954 0.204999998
8537 -0.344999999 0.00500009954 0.214999989
8538 -0.344999999 0.00500009954 0.224999994
8539 -0.344999999 0.00500009954 0.234999999
8540 -0.334999979 0.00500009954 0.164999992
8541 -0.334999979 0.00500009954 0.174999997
8542 -0.334999979 0.00500009954 0.185000002
8543 -0.334999979 0.00500009954 0.194999993
8544 -0.334999979 0.00500009954 0.204999998
8545 -0.334999979 0.00500009954 0.214999989
8546 -0.334999979 0.00500009954 0.224999994
8547 -0.334999979 0.00500009954 0.234999999
8548 -0.324999988 0.00500009954 0.164999992
8549 -0.324999988 0.00500009954 0.174999997
8550 -0.324999988 0.00500009954 0.185000002
8551 -0.324999988 0.00500009954 0.194999993
8552 -0.324999988 0.00500009954 0.204999998
8553 -0.324999988 0.00500009954 0.214999989
8554 -0.324999988 0.00500009954 0.224999994
8555 -0.324999988 0.00500009954 0.234999999
8556 -0.394999981 0.00500009954 0.24499999
8557 -0.394999981 0.00500009954 0.254999995
8558 -0.394999981 0.00500009954 0.264999986
8559 -0.394999981 0.00500009954 0.275000006
8560 -0.394999981 0.00500009954 0.284999996
8561 -0.394999981 0.00500009954 0.294999987
8562 -0.394999981 0.00500009954 0.305000007
8563 -0.394999981 0.00500009954 0.314999998
8564 -0.38499999 0.00500009954 0.24499999
8565 -0.38499999 0.00500009954 0.254999995
8566 -0.38499999 0.00500009954 0.264999986
8567 -0.38499999 0.00500009954 0.275000006
8568 -0.38499999 0.00500009954 0.284999996
8569 -0.38499999 0.00500009954 0.294999987
8570 -0.38499999 0.00500009954 0.305000007
8571 -0.38499999 0.00500009954 0.314999998
8572 -0.375 0.00500009954 0.24499999
8573 -0.375 0.00500009954 0.254999995
8574 -0.375 0.00500009954 0.264999986
8575 -0.375 0.00500009954 0.275000006
8576 -0.375 0.00500009954 0.284999996
8577 -0.375 0.00500009954 0.294999987
8578 -0.375 0.00500009954 0.305000007
8579 -0.375 0.00500009954 0.314999998
8580 -0.36499998 0.00500009954 0.24499999
8581 -0.36499998 0.00500009954 0.254999995
8582 -0.36499998 0.00500009954 0.264999986
8583 -0.36499998 0.00500009954 0.275000006
8584 -0.36499998 0.00500009954 0.284999996
8585 -0.36499998 0.00500009954 0.294999987
8586 -0.36499998 0.00500009954 0.305000007
8587 -0.36499998 0.00500009954 0.314999998
8588 -0.354999989 0.00500009954 0.24499999
8589 -0.354999989 0.00500009954 0.254999995
8590 -0.354999989 0.00500009954 0.264999986
8591 -0.354999989 0.00500009954 0.275000006
8592 -0.354999989 0.00500009954 0.284999996
8593 -0.354999989 0.00500009954 0.294999987
8594 -0.354999989 0.00500009954 0.305000007
8595 -0.354999989 0.00500009954 0.314999998
8596 -0.344999999 0.00500009954 0.24499999
8597 -0.344999999 0.00500009954 0.254999995
8598 -0.344999999 0.00500009954 0.264999986
8599 -0.344999999 0.00500009954 0.275000006
8600 -0.344999999 0.00500009954 0.284999996
8601 -0.344999999 0.00500009954 0.294999987
8602 -0.344999999 0.00500009954 0.305000007
8603 -0.344999999 0.00500009954 0.314999998
8604 -0.334999979 0.00500009954 0.24499999
8605 -0.334999979 0.00500009954 0.254999995
8606 -0.334999979 0.00500009954 0.264999986
8607 -0.334999979 0.00500009954 0.275000006
8608 -0.334999979 0.00500009954 0.284999996
8609 -0.334999979 0.00500009954 0.294999987
8610 -0.334999979 0.00500009954 0.305000007
8611 -0.334999979 0.00500009954 0.314999998
8612 -0.324999988 0.00500009954 0.24499999
8613 -0.324999988 0.00500009954 0.254999995
8614 -0.324999988 0.00500009954 0.264999986
8615 -0.324999988 0.00500009954 0.275000006
8616 -0.324999988 0.00500009954 0.284999996
8617 -0.324999988 0.00500009954 0.294999987
8618 -0.324999988 0.00500009954 0.305000007
8619 -0.324999988 0.00500009954 0.314999998
8620 -0.394999981 0.00500009954 0.324999988
8621 -0.394999981 0.00500009954 0.334999979
8622 -0.394999981 0.00500009954 0.344999999
8623 -0.394999981 0.00500009954 0.354999989
8624 -0.394999981 0.00500009954 0.36499998
8625 -0.394999981 0.00500009954 0.375
8626 -0.394999981 0.00500009954 0.38499999
8627 -0.394999981 0.00500009954 0.394999981
8628 -0.38499999 0.00500009954 0.324999988
8629 -0.38499999 0.00500009954 0.334999979
8630 -0.38499999 0.00500009954 0.344999999
8631 -0.38499999 0.00500009954 0.354999989
8632 -0.38499999 0.00500009954 0.36499998
8633 -0.38499999 0.00500009954 0.375
8634 -0.38499999 0.00500009954 0.38499999
8635 -0.38499999 0.00500009954 0.394999981
8636 -0.375 0.00500009954 0.324999988
8637 -0.375 0.00500009954 0.334999979
8638 -0.375 0.00500009954 0.344999999
8639 -0.375 0.00500009954 0.354999989
8640 -0.375 0.00500009954 0.36499998
8641 -0.375 0.00500009954 0.375
8642 -0.375 0.00500009954 0.38499999
8643 -0.375 0.00500009954 0.394999981
8644 -0.36499998 0.00500009954 0.324999988
8645 -0.36499998 0.00500009954 0.334999979
8646 -0.36499998 0.00500009954 0.344999999
8647 -0.36499998 0.00500009954 0.354999989
8648 -0.36499998 0.00500009954 0.36499998
8649 -0.36499998 0.00500009954 0.375
8650 -0.36499998 0.00500009954 0.38499999
8651 -0.36499998 0.00500009954 0.394999981
8652 -0.354999989 0.00500009954 0.324999988
8653 -0.354999989 0.00500009954 0.334999979
8654 -0.354999989 0.00500009954 0.344999999
8655 -0.354999989 0.00500009954 0.354999989
8656 -0.354999989 0.00500009954 0.36499998
8657 -0.354999989 0.00500009954 0.375
8658 -0.354999989 0.00500009954 0.38499999
8659 -0.354999989 0.00500009954 0.394999981
8660 -0.344999999 0.00500009954 0.324999988
8661 -0.344999999 0.00500009954 0.334999979
8662 -0.344999999 0.00500009954 0.344999999
8663 -0.344999999 0.00500009954 0.354999989
8664 -0.344999999 0.00500009954 0.36499998
8665 -0.344999999 0.00500009954 0.375
8666 -0.344999999 0.00500009954 0.38499999
8667 -0.344999999 0.00500009954 0.394999981
8668 -0.334999979 0.00500009954 0.324999988
8669 -0.334999979 0.00500009954 0.334999979
8670 -0.334999979 0.00500009954 0.344999999
8671 -0.334999979 0.00500009954 0.354999989
8672 -0.334999979 0.00500009954 0.36499998
8673 -0.334999979 0.00500009954 0.375
8674 -0.334999979 0.00500009954 0.38499999
8675 -0.334999979 0.00500009954 0.394999981
8676 -0.324999988 0.00500009954 0.324999988
8677 -0.324999988 0.00500009954 0.334999979
8678 -0.324999988 0.00500009954 0.344999999
8679 -0.324999988 0.00500009954 0.354999989
8680 -0.324999988 0.00500009954 0.36499998
8681 -0.324999988 0.00500009954 0.375
8682 -0.324999988 0.00500009954 0.38499999
8683 -0.324999988 0.00500009954 0.394999981
8684 -0.394999981 0.00500009954 0.405000001
8685 -0.394999981 0.00500009954 0.414999992
8686 -0.394999981 0.00500009954 0.424999982
8687 -0.394999981 0.00500009954 0.435000002
8688 -0.394999981 0.00500009954 0.444999993
8689 -0.394999981 0.00500009954 0.454999983
8690 -0.394999981 0.00500009954 0.465000004
8691 -0.394999981 0.00500009954 0.474999994
8692 -0.38499999 0.00500009954 0.405000001
8693 -0.38499999 0.00500009954 0.414999992
8694 -0.38499999 0.00500009954 0.424999982
8695 -0.38499999 0.00500009954 0.435000002
8696 -0.38499999 0.00500009954 0.444999993
8697 -0.38499999 0.00500009954 0.454999983
8698 -0.38499999 0.00500009954 0.465000004
8699 -0.38499999 0.00500009954 0.474999994
8700 -0.375 0.00500009954 0.405000001
8701 -0.375 0.00500009954 0.414999992
8702 -0.375 0.00500009954 0.424999982
8703 -0.375 0.00500009954 0.435000002
8704 -0.375 0.00500009954 0.444999993
8705 -0.375 0.00500009954 0.454999983
8706 -0.375 0.00500009954 0.465000004
8707 -0.375 0.00500009954 0.474999994
8708 -0.36499998 0.00500009954 0.405000001
8709 -0.36499998 0.00500009954 0.414999992
8710 -0.36499998 0.00500009954 0.424999982
8711 -0.36499998 0.00500009954 0.435000002
8712 -0.36499998 0.00500009954 0.444999993
8713 -0.36499998 0.00500009954 0.454999983
8714 -0.36499998 0.00500009954 0.465000004
8715 -0.36499998 0.00500009954 0.474999994
8716 -0.354999989 0.00500009954 0.405000001
8717 -0.354999989 0.00500009954 0.414999992
8718 -0.354999989 0.00500009954 0.424999982
8719 -0.354999989 0.00500009954 0.435000002
8720 -0.354999989 0.00500009954 0.444999993
8721 -0.354999989 0.00500009954 0.454999983
8722 -0.354999989 0.00500009954 0.465000004
8723 -0.354999989 0.00500009954 0.474999994
8724 -0.344999999 0.00500009954 0.405000001
8725 -0.344999999 0.00500009954 0.414999992
8726 -0.344999999 0.00500009954 0.424999982
8727 -0.344999999 0.00500009954 0.435000002
8728 -0.344999999 0.00500009954 0.444999993
8729 -0.344999999 0.00500009954 0.454999983
8730 -0.344999999 0.00500009954 0.465000004
8731 -0.344999999 0.00500009954 0.474999994
8732 -0.334999979 0.00500009954 0.405000001
8733 -0.334999979 0.00500009954 0.414999992
8734 -0.334999979 0.00500009954 0.424999982
8735 -0.334999979 0.00500009954 0.435000002
8736 -0.334999979 0.00500009954 0.444999993
8737 -0.334999979 0.00500009954 0.454999983
8738 -0.334999979 0.00500009954 0.465000004
8739 -0.334999979 0.00500009954 0.474999994
8740 -0.324999988 0.00500009954 0.405000001
8741 -0.324999988 0.00500009954 0.414999992
8742 -0.324999988 0.00500009954 0.424999982
8743 -0.324999988 0.00500009954 0.435000002
8744 -0.324999988 0.00500009954 0.444999993
8745 -0.324999988 0.00500009954 0.454999983
8746 -0.324999988 0.00500009954 0.465000004
8747 -0.324999988 0.00500009954 0.474999994
8748 -0.394999981 0.00500009954 0.484999985
8749 -0.394999981 0.00250014942 0.494999975
8750 -0.394999981 9.96515155e-08 0.50000006
8751 -0.38499999 0.00500009954 0.484999985
8752 -0.38499999 0.00250014942 0.494999975
8753 -0.38499999 9.96515155e-08 0.50000006
8754 -0.375 0.00500009954 0.484999985
8755 -0.375 0.00250014942 0.494999975
8756 -0.375 9.96515155e-08 0.50000006
8757 -0.36499998 0.00500009954 0.484999985
8758 -0.36499998 0.00250014942 0.494999975
8759 -0.36499998 9.96515155e-08 0.50000006
8760 -0.354999989 0.00500009954 0.484999985
8761 -0.354999989 0.00250014942 0.494999975
8762 -0.354999989 9.96515155e-08 0.50000006
8763 -0.344999999 0.00500009954 0.484999985
8764 -0.344999999 0.00250014942 0.494999975
8765 -0.344999999 9.96515155e-08 0.50000006
8766 -0.334999979 0.00500009954 0.484999985
8767 -0.334999979 0.00250014942 0.494999975
8768 -0.334999979 9.96515155e-08 0.50000006
8769 -0.324999988 0.00500009954 0.484999985
8770 -0.324999988 0.00250014942 0.494999975
8771 -0.324999988 9.96515155e-08 0.50000006
8772 -0.314999998 0.00500009954 0.00499999989
8773 -0.314999998 0.00500009954 0.0149999997
8774 -0.314999998 0.00500009954 0.0249999985
8775 -0.314999998 0.00500009954 0.0350000001
8776 -0.314999998 0.00500009954 0.0449999981
8777 -0.314999998 0.00500009954 0.0549999997
8778 -0.314999998 0.00500009954 0.0649999976
8779 -0.314999998 0.00500009954 0.0749999955
8780 -0.305000007 0.00500009954 0.00499999989
8781 -0.305000007 0.00500009954 0.0149999997
8782 -0.305000007 0.00500009954 0.0249999985
8783 -0.305000007 0.00500009954 0.0350000001
8784 -0.305000007 0.00500009954 0.0449999981
8785 -0.305000007 0.00500009954 0.0549999997
8786 -0.305000007 0.00500009954 0.0649999976
8787 -0.305000007 0.00500009954 0.0749999955
8788 -0.294999987 0.00500009954 0.00499999989
8789 -0.294999987 0.00500009954 0.0149999997
8790 -0.294999987 0.00500009954 0.0249999985
8791 -0.294999987 0.00500009954 0.0350000001
8792 -0.294999987 0.00500009954 0.0449999981
8793 -0.294999987 0.00500009954 0.0549999997
8794 -0.294999987 0.00500009954 0.0649999976
8795 -0.294999987 0.00500009954 0.0749999955
8796 -0.284999996 0.00500009954 0.00499999989
8797 -0.284999996 0.00500009954 0.0149999997
8798 -0.284999996 0.00500009954 0.0249999985
8799 -0.284999996 0.00500009954 0.0350000001
8800 -0.284999996 0.00500009954 0.0449999981
8801 -0.284999996 0.00500009954 0.0549999997
8802 -0.284999996 0.00500009954 0.0649999976
8803 -0.284999996 0.00500009954 0.0749999955
8804 -0.275000006 0.00500009954 0.00499999989
8805 -0.275000006 0.00500009954 0.0149999997
8806 -0.275000006 0.00500009954 0.0249999985
8807 -0.275000006 0.00500009954 0.0350000001
8808 -0.275000006 0.00500009954 0.0449999981
8809 -0.275000006 0.00500009954 0.0549999997
8810 -0.275000006 0.00500009954 0.0649999976
8811 -0.275000006 0.00500009954 0.0749999955
8812 -0.264999986 0.00500009954 0.00499999989
8813 -0.264999986 0.00500009954 0.0149999997
8814 -0.264999986 0.00500009954 0.0249999985
8815 -0.264999986 0.00500009954 0.0350000001
8816 -0.264999986 0.00500009954 0.0449999981
8817 -0.264999986 0.00500009954 0.0549999997
8818 -0.264999986 0.00500009954 0.0649999976
8819 -0.264999986 0.00500009954 0.0749999955
8820 -0.254999995 0.00500009954 0.00499999989
8821 -0.254999995 0.00500009954 0.0149999997
8822 -0.254999995 0.00500009954 0.0249999985
8823 -0.254999995 0.00500009954 0.0350000001
8824 -0.254999995 0.00500009954 0.0449999981
8825 -0.254999995 0.00500009954 0.0549999997
8826 -0.254999995 0.00500009954 0.0649999976
8827 -0.254999995 0.00500009954 0.0749999955
8828 -0.24499999 0.00500009954 0.00499999989
8829 -0.24499999 0.00500009954 0.0149999997
8830 -0.24499999 0.00500009954 0.0249999985
8831 -0.24499999 0.00500009954 0.0350000001
8832 -0.24499999 0.00500009954 0.0449999981
8833 -0.24499999 0.00500009954 0.0549999997
8834 -0.24499999 0.00500009954 0.0649999976
8835 -0.24499999 0.00500009954 0.0749999955
8836 -0.314999998 0.00500009954 0.0850000009
8837 -0.314999998 0.00500009954 0.0949999988
8838 -0.314999998 0.00500009954 0.104999997
8839 -0.314999998 0.00500009954 0.114999995
8840 -0.314999998 0.00500009954 0.125
8841 -0.314999998 0.00500009954 0.13499999
8842 -0.314999998 0.00500009954 0.144999996
8843 -0.314999998 0.00500009954 0.155000001
8844 -0.305000007 0.00500009954 0.0850000009
8845 -0.305000007 0.00500009954 0.0949999988
8846 -0.305000007 0.00500009954 0.104999997
8847 -0.305000007 0.00500009954 0.114999995
8848 -0.305000007 0.00500009954 0.125
8849 -0.305000007 0.00500009954 0.13499999
8850 -0.305000007 0.00500009954 0.144999996
8851 -0.305000007 0.00500009954 0.155000001
8852 -0.294999987 0.00500009954 0.0850000009
8853 -0.294999987 0.00500009954 0.0949999988
8854 -0.294999987 0.00500009954 0.104999997
8855 -0.294999987 0.00500009954 0.114999995
8856 -0.294999987 0.00500009954 0.125
8857 -0.294999987 0.00500009954 0.13499999
8858 -0.294999987 0.00500009954 0.144999996
8859 -0.294999987 0.00500009954 0.155000001
8860 -0.284999996 0.00500009954 0.0850000009
8861 -0.284999996 0.00500009954 0.0949999988
8862 -0.284999996 0.00500009954 0.104999997
8863 -0.284999996 0.00500009954 0.114999995
8864 -0.284999996 0.00500009954 0.125
8865 -0.284999996 0.00500009954 0.13499999
8866 -0.284999996 0.00500009954 0.144999996
8867 -0.284999996 0.00500009954 0.155000001
8868 -0.275000006 0.00500009954 0.0850000009
8869 -0.275000006 0.00500009954 0.0949999988
8870 -0.275000006 0.00500009954 0.104999997
8871 -0.275000006 0.00500009954 0.114999995
8872 -0.275000006 0.00500009954 0.125
8873 -0.275000006 0.00500009954 0.13499999
8874 -0.275000006 0.00500009954 0.144999996
8875 -0.275000006 0.00500009954 0.155000001
8876 -0.264999986 0.00500009954 0.0850000009
8877 -0.264999986 0.00500009954 0.0949999988
8878 -0.264999986 0.00500009954 0.104999997
8879 -0.264999986 0.00500009954 0.114999995
8880 -0.264999986 0.00500009954 0.125
8881 -0.264999986 0.00500009954 0.13499999
8882 -0.264999986 0.00500009954 0.144999996
8883 -0.264999986 0.00500009954 0.155000001
8884 -0.254999995 0.00500009954 0.0850000009
8885 -0.254999995 0.00500009954 0.0949999988
8886 -0.254999995 0.00500009954 0.104999997
8887 -0.254999995 0.00500009954 0.114999995
8888 -0.254999995 0.00500009954 0.125
8889 -0.254999995 0.00500009954 0.13499999
8890 -0.254999995 0.00500009954 0.144999996
8891 -0.254999995 0.00500009954 0.155000001
8892 -0.24499999 0.00500009954 0.0850000009
8893 -0.24499999 0.00500009954 0.0949999988
8894 -0.24499999 0.00500009954 0.104999997
8895 -0.24499999 0.00500009954 0.114999995
8896 -0.24499999 0.00500009954 0.125
8897 -0.24499999 0.00500009954 0.13499999
8898 -0.24499999 0.00500009954 0.144999996
8899 -0.24499999 0.00500009954 0.155000001
8900 -0.314999998 0.00500009954 0.164999992
8901 -0.314999998 0.00500009954 0.174999997
8902 -0.314999998 0.00500009954 0.185000002
8903 -0.314999998 0.00500009954 0.194999993
8904 -0.314999998 0.00500009954 0.204999998
8905 -0.314999998 0.00500009954 0.214999989
8906 -0.314999998 0.00500009954 0.224999994
8907 -0.314999998 0.00500009954 0.234999999
8908 -0.305000007 0.00500009954 0.164999992
8909 -0.305000007 0.00500009954 0.174999997
8910 -0.305000007 0.00500009954 0.185000002
8911 -0.305000007 0.00500009954 0.194999993
8912 -0.305000007 0.00500009954 0.204999998
8913 -0.305000007 0.00500009954 0.214999989
8914 -0.305000007 0.00500009954 0.224999994
8915 -0.305000007 0.00500009954 0.234999999
8916 -0.294999987 0.00500009954 0.164999992
8917 -0.294999987 0.00500009954 0.174999997
8918 -0.294999987 0.00500009954 0.185000002
8919 -0.294999987 0.00500009954 0.194999993
8920 -0.294999987 0.00500009954 0.204999998
8921 -0.294999987 0.00500009954 0.214999989
8922 -0.294999987 0.00500009954 0.224999994
8923 -0.294999987 0.00500009954 0.234999999
8924 -0.284999996 0.00500009954 0.164999992
8925 -0.284999996 0.00500009954 0.174999997
8926 -0.284999996 0.00500009954 0.185000002
8927 -0.284999996 0.00500009954 0.194999993
8928 -0.284999996 0.00500009954 0.204999998
8929 -0.284999996 0.00500009954 0.214999989
8930 -0.284999996 0.00500009954 0.224999994
8931 -0.284999996 0.00500009954 0.234999999
8932 -0.275000006 0.00500009954 0.164999992
8933 -0.275000006 0.00500009954 0.174999997
8934 -0.275000006 0.00500009954 0.185000002
8935 -0.275000006 0.00500009954 0.194999993
8936 -0.275000006 0.00500009954 0.204999998
8937 -0.275000006 0.00500009954 0.214999989
8938 -0.275000006 0.00500009954 0.224999994
8939 -0.275000006 0.00500009954 0.234999999
8940 -0.264999986 0.00500009954 0.164999992
8941 -0.264999986 0.00500009954 0.174999997
8942 -0.264999986 0.00500009954 0.185000002
8943 -0.264999986 0.00500009954 0.194999993
8944 -0.264999986 0.00500009954 0.204999998
8945 -0.264999986 0.00500009954 0.214999989
8946 -0.264999986 0.00500009954 0.224999994
8947 -0.264999986 0.00500009954 0.234999999
8948 -0.254999995 0.00500009954 0.164999992
8949 -0.254999995 0.00500009954 0.174999997
8950 -0.254999995 0.00500009954 0.185000002
8951 -0.254999995 0.00500009954 0.194999993
8952 -0.254999995 0.00500009954 0.204999998
8953 -0.254999995 0.00500009954 0.214999989
8954 -0.254999995 0.00500009954 0.224999994
8955 -0.254999995 0.00500009954 0.234999999
8956 -0.24499999 0.00500009954 0.164999992
8957 -0.24499999 0.00500009954 0.174999997
8958 -0.24499999 0.00500009954 0.185000002
8959 -0.24499999 0.00500009954 0.194999993
8960 -0.24499999 0.00500009954 0.204999998
8961 -0.24499999 0.00500009954 0.214999989
8962 -0.24499999 0.00500009954 0.224999994
8963 -0.24499999 0.00500009954 0.234999999
8964 -0.314999998 0.00500009954 0.24499999
8965 -0.314999998 0.00500009954 0.254999995
8966 -0.314999998 0.00500009954 0.264999986
8967 -0.314999998 0.00500009954 0.275000006
8968 -0.314999998 0.00500009954 0.284999996
8969 -0.314999998 0.00500009954 0.294999987
8970 -0.314999998 0.00500009954 0.305000007
8971 -0.314999998 0.00500009954 0.314999998
8972 -0.305000007 0.00500009954 0.24499999
8973 -0.305000007 0.00500009954 0.254999995
8974 -0.305000007 0.00500009954 0.264999986
8975 -0.305000007 0.00500009954 0.275000006
8976 -0.305000007 0.00500009954 0.284999996
8977 -0.305000007 0.00500009954 0.294999987
8978 -0.305000007 0.00500009954 0.305000007
8979 -0.305000007 0.00500009954 0.314999998
8980 -0.294999987 0.00500009954 0.24499999
8981 -0.294999987 0.00500009954 0.254999995
8982 -0.294999987 0.00500009954 0.264999986
8983 -0.294999987 0.00500009954 0.275000006
8984 -0.294999987 0.00500009954 0.284999996
8985 -0.294999987 0.00500009954 0.294999987
8986 -0.294999987 0.00500009954 0.305000007
8987 -0.294999987 0.00500009954 0.314999998
8988 -0.284999996 0.00500009954 0.24499999
8989 -0.284999996 0.00500009954 0.254999995
8990 -0.284999996 0.00500009954 0.264999986
8991 -0.284999996 0.00500009954 0.275000006
8992 -0.284999996 0.00500009954 0.284999996
8993 -0.284999996 0.00500009954 0.294999987
8994 -0.284999996 0.00500009954 0.305000007
8995 -0.284999996 0.00500009954 0.314999998
8996 -0.275000006 0.00500009954 0.24499999
8997 -0.275000006 0.00500009954 0.254999995
8998 -0.275000006 0.00500009954 0.264999986
8999 -0.275000006 0.00500009954 0.275000006
9000 -0.275000006 0.00500009954 0.284999996
9001 -0.275000006 0.00500009954 0.294999987
9002 -0.275000006 0.00500009954 0.305000007
9003 -0.275000006 0.00500009954 0.314999998
9004 -0.264999986 0.00500009954 0.24499999
9005 -0.264999986 0.00500009954 0.254999995
9006 -0.264999986 0.00500009954 0.264999986
9007 -0.264999986 0.00500009954 0.275000006
9008 -0.264999986 0.00500009954 0.284999996
9009 -0.264999986 0.00500009954 0.294999987
9010 -0.264999986 0.00500009954 0.305000007
9011 -0.264999986 0.00500009954 0.314999998
9012 -0.254999995 0.00500009954 0.24499999
9013 -0.254999995 0.00500009954 0.254999995
9014 -0.254999995 0.00500009954 0.264999986
9015 -0.254999995 0.00500009954 0.275000006
9016 -0.254999995 0.00500009954 0.284999996
9017 -0.254999995 0.00500009954 0.294999987
9018 -0.254999995 0.00500009954 0.305000007
9019 -0.254999995 0.00500009954 0.314999998
9020 -0.24499999 0.00500009954 0.24499999
9021 -0.24499999 0.00500009954 0.254999995
9022 -0.24499999 0.00500009954 0.264999986
9023 -0.24499999 0.00500009954 0.275000006
9024 -0.24499999 0.00500009954 0.284999996
9025 -0.24499999 0.00500009954 0.294999987
9026 -0.24499999 0.00500009954 0.305000007
9027 -0.24499999 0.00500009954 0.314999998
9028 -0.314999998 0.00500009954 0.324999988
9029 -0.314999998 0.00500009954 0.334999979
9030 -0.314999998 0.00500009954 0.344999999
9031 -0.314999998 0.00500009954 0.354999989
9032 -0.314999998 0.00500009954 0.36499998
9033 -0.314999998 0.00500009954 0.375
9034 -0.314999998 0.00500009954 0.38499999
9035 -0.314999998 0.00500009954 0.394999981
9036 -0.305000007 0.00500009954 0.324999988
9037 -0.305000007 0.00500009954 0.334999979
9038 -0.305000007 0.00500009954 0.344999999
9039 -0.305000007 0.00500009954 0.354999989
9040 -0.305000007 0.00500009954 0.36499998
9041 -0.305000007 0.00500009954 0.375
9042 -0.305000007 0.00500009954 0.38499999
9043 -0.305000007 0.00500009954 0.394999981
9044 -0.294999987 0.00500009954 0.324999988
9045 -0.294999987 0.00500009954 0.334999979
9046 -0.294999987 0.00500009954 0.344999999
9047 -0.294999987 0.00500009954 0.354999989
9048 -0.294999987 0.00500009954 0.36499998
9049 -0.294999987 0.00500009954 0.375
9050 -0.294999987 0.00500009954 0.38499999
9051 -0.294999987 0.00500009954 0.394999981
9052 -0.284999996 0.00500009954 0.324999988
9053 -0.284999996 0.00500009954 0.334999979
9054 -0.284999996 0.00500009954 0.344999999
9055 -0.284999996 0.00500009954 0.354999989
9056 -0.284999996 0.00500009954 0.36499998
9057 -0.284999996 0.00500009954 0.375
9058 -0.284999996 0.00500009954 0.38499999
9059 -0.284999996 0.00500009954 0.394999981
9060 -0.275000006 0.00500009954 0.324999988
9061 -0.275000006 0.00500009954 0.334999979
9062 -0.275000006 0.00500009954 0.344999999
9063 -0.275000006 0.00500009954 0.354999989
9064 -0.275000006 0.00500009954 0.36499998
9065 -0.275000006 0.00500009954 0.375
9066 -0.275000006 0.00500009954 0.38499999
9067 -0.275000006 0.00500009954 0.394999981
9068 -0.264999986 0.00500009954 0.324999988
9069 -0.264999986 0.00500009954 0.334999979
9070 -0.264999986 0.00500009954 0.344999999
9071 -0.264999986 0.00500009954 0.354999989
9072 -0.264999986 0.00500009954 0.36499998
9073 -0.264999986 0.00500009954 0.375
9074 -0.264999986 0.00500009954 0.38499999
9075 -0.264999986 0.00500009954 0.394999981
9076 -0.254999995 0.00500009954 0.324999988
9077 -0.254999995 0.00500009954 0.334999979
9078 -0.254999995 0.00500009954 0.344999999
9079 -0.254999995 0.00500009954 0.354999989
9080 -0.254999995 0.00500009954 0.36499998
9081 -0.254999995 0.00500009954 0.375
9082 -0.254999995 0.00500009954 0.38499999
9083 -0.254999995 0.00500009954 0.394999981
9084 -0.24499999 0.00500009954 0.324999988
9085 -0.24499999 0.00500009954 0.334999979
9086 -0.24499999 0.00500009954 0.344999999
9087 -0.24499999 0.00500009954 0.354999989
9088 -0.24499999 0.00500009954 0.36499998
9089 -0.24499999 0.00500009954 0.375
9090 -0.24499999 0.00500009954 0.38499999
9091 -0.24499999 0.00500009954 0.394999981
9092 -0.314999998 0.00500009954 0.405000001
9093 -0.314999998 0.00500009954 0.414999992
9094 -0.314999998 0.00500009954 0.424999982
9095 -0.314999998 0.00500009954 0.435000002
9096 -0.314999998 0.00500009954 0.444999993
9097 -0.314999998 0.00500009954 0.454999983
9098 -0.314999998 0.00500009954 0.465000004
9099 -0.314999998 0.00500009954 0.474999994
9100 -0.305000007 0.00500009954 0.405000001
9101 -0.305000007 0.00500009954 0.414999992
9102 -0.305000007 0.00500009954 0.424999982
9103 -0.305000007 0.00500009954 0.435000002
9104 -0.305000007 0.00500009954 0.444999993
9105 -0.305000007 0.00500009954 0.454999983
9106 -0.305000007 0.00500009954 0.465000004
9107 -0.305000007 0.00500009954 0.474999994
9108 -0.294999987 0.00500009954 0.405000001
9109 -0.294999987 0.00500009954 0.414999992
9110 -0.294999987 0.00500009954 0.424999982
9111 -0.294999987 0.00500009954 0.435000002
9112 -0.294999987 0.00500009954 0.444999993
9113 -0.294999987 0.00500009954 0.454999983
9114 -0.294999987 0.00500009954 0.465000004
9115 -0.294999987 0.00500009954 0.474999994
9116 -0.284999996 0.00500009954 0.405000001
9117 -0.284999996 0.00500009954 0.414999992
9118 -0.284999996 0.00500009954 0.424999982
9119 -0.284999996 0.00500009954 0.435000002
9120 -0.284999996 0.00500009954 0.444999993
9121 -0.284999996 0.00500009954 0.454999983
9122 -0.284999996 0.00500009954 0.465000004
9123 -0.284999996 0.00500009954 0.474999994
9124 -0.275000006 0.00500009954 0.405000001
9125 -0.275000006 0.00500009954 0.414999992
9126 -0.275000006 0.00500009954 0.424999982
9127 -0.275000006 0.00500009954 0.435000002
9128 -0.275000006 0.00500009954 0.444999993
9129 -0.275000006 0.00500009954 0.454999983
9130 -0.275000006 0.00500009954 0.465000004
9131 -0.275000006 0.00500009954 0.474999994
9132 -0.264999986 0.00500009954 0.405000001
9133 -0.264999986 0.00500009954 0.414999992
9134 -0.264999986 0.00500009954 0.424999982
9135 -0.264999986 0.00500009954 0.435000002
9136 -0.264999986 0.00500009954 0.444999993
9137 -0.264999986 0.00500009954 0.454999983
9138 -0.264999986 0.00500009954 0.465000004
9139 -0.264999986 0.00500009954 0.474999994
9140 -0.254999995 0.00500009954 0.405000001
9141 -0.254999995 0.00500009954 0.414999992
9142 -0.254999995 0.00500009954 0.424999982
9143 -0.254999995 0.00500009954 0.435000002
9144 -0.254999995 0.00500009954 0.444999993
9145 -0.254999995 0.00500009954 0.454999983
9146 -0.254999995 0.00500009954 0.465000004
9147 -0.254999995 0.00500009954 0.474999994
9148 -0.24499999 0.00500009954 0.405000001
9149 -0.24499999 0.00500009954 0.414999992
9150 -0.24499999 0.00500009954 0.424999982
9151 -0.24499999 0.00500009954 0.435000002
9152 -0.24499999 0.00500009954 0.444999993
9153 -0.24499999 0.00500009954 0.454999983
9154 -0.24499999 0.00500009954 0.465000004
9155 -0.24499999 0.00500009954 0.474999994
9156 -0.314999998 0.00500009954 0.484999985
9157 -0.314999998 0.00250014942 0.494999975
9158 -0.314999998 9.96515155e-08 0.50000006
9159 -0.305000007 0.00500009954 0.484999985
9160 -0.305000007 0.00250014942 0.494999975
9161 -0.305000007 9.96515155e-08 0.50000006
9162 -0.294999987 0.00500009954 0.484999985
9163 -0.294999987 0.00250014942 0.494999975
9164 -0.294999987 9.96515155e-08 0.50000006
9165 -0.284999996 0.00500009954 0.484999985
9166 -0.284999996 0.00250014942 0.494999975
9167 -0.284999996 9.96515155e-08 0.50000006
9168 -0.275000006 0.00500009954 0.484999985
9169 -0.275000006 0.00250014942 0.494999975
9170 -0.275000006 9.96515155e-08 0.50000006
9171 -0.264999986 0.00500009954 0.484999985
9172 -0.264999986 0.00250014942 0.494999975
9173 -0.264999986 9.96515155e-08 0.50000006
9174 -0.254999995 0.00500009954 0.484999985
9175 -0.254999995 0.00250014942 0.494999975
9176 -0.254999995 9.96515155e-08 0.50000006
9177 -0.24499999 0.00500009954 0.484999985
9178 -0.24499999 0.00250014942 0.494999975
9179 -0.24499999 9.96515155e-08 0.50000006
9180 -0.234999999 0.00500009954 0.00499999989
9181 -0.234999999 0.00500009954 0.0149999997
9182 -0.234999999 0.00500009954 0.0249999985
9183 -0.234999999 0.00500009954 0.0350000001
9184 -0.234999999 0.00500009954 0.0449999981
9185 -0.234999999 0.00500009954 0.0549999997
9186 -0.234999999 0.00500009954 0.0649999976
9187 -0.234999999 0.00500009954 0.0749999955
9188 -0.224999994 0.00500009954 0.00499999989
9189 -0.224999994 0.00500009954 0.0149999997
9190 -0.224999994 0.00500009954 0.0249999985
9191 -0.224999994 0.00500009954 0.0350000001
9192 -0.224999994 0.00500009954 0.0449999981
9193 -0.224999994 0.00500009954 0.0549999997
9194 -0.224999994 0.00500009954 0.0649999976
9195 -0.224999994 0.00500009954 0.0749999955
9196 -0.214999989 0.00500009954 0.00499999989
9197 -0.214999989 0.00500009954 0.0149999997
9198 -0.214999989 0.00500009954 0.0249999985
9199 -0.214999989 0.00500009954 0.0350000001
9200 -0.214999989 0.00500009954 0.0449999981
9201 -0.214999989 0.00500009954 0.0549999997
9202 -0.214999989 0.00500009954 0.0649999976
9203 -0.214999989 0.00500009954 0.0749999955
9204 -0.204999998 0.00500009954 0.00499999989
9205 -0.204999998 0.00500009954 0.0149999997
9206 -0.204999998 0.00500009954 0.0249999985
9207 -0.204999998 0.00500009954 0.0350000001
9208 -0.204999998 0.00500009954 0.0449999981
9209 -0.204999998 0.00500009954 0.0549999997
9210 -0.204999998 0.00500009954 0.0649999976
9211 -0.204999998 0.00500009954 0.0749999955
9212 -0.194999993 0.00500009954 0.00499999989
9213 -0.194999993 0.00500009954 0.0149999997
9214 -0.194999993 0.00500009954 0.0249999985
9215 -0.194999993 0.00500009954 0.0350000001
9216 -0.194999993 0.00500009954 0.0449999981
9217 -0.194999993 0.00500009954 0.0549999997
9218 -0.194999993 0.00500009954 0.0649999976
9219 -0.194999993 0.00500009954 0.0749999955
9220 -0.185000002 0.00500009954 0.00499999989
9221 -0.185000002 0.00500009954 0.0149999997
9222 -0.185000002 0.00500009954 0.0249999985
9223 -0.185000002 0.00500009954 0.0350000001
9224 -0.185000002 0.00500009954 0.0449999981
9225 -0.185000002 0.00500009954 0.0549999997
9226 -0.185000002 0.00500009954 0.0649999976
9227 -0.185000002 0.00500009954 0.0749999955
9228 -0.174999997 0.00500009954 0.00499999989
9229 -0.174999997 0.00500009954 0.0149999997
9230 -0.174999997 0.00500009954 0.0249999985
9231 -0.174999997 0.00500009954 0.0350000001
9232 -0.174999997 0.00500009954 0.0449999981
9233 -0.174999997 0.00500009954 0.0549999997
9234 -0.174999997 0.00500009954 0.0649999976
9235 -0.174999997 0.00500009954 0.0749999955
9236 -0.164999992 0.00500009954 0.00499999989
9237 -0.164999992 0.00500009954 0.0149999997
9238 -0.164999992 0.00500009954 0.0249999985
9239 -0.164999992 0.00500009954 0.0350000001
9240 -0.164999992 0.00500009954 0.0449999981
9241 -0.164999992 0.00500009954 0.0549999997
9242 -0.164999992 0.00500009954 0.0649999976
9243 -0.164999992 0.00500009954 0.0749999955
9244 -0.234999999 0.00500009954 0.0850000009
9245 -0.234999999 0.00500009954 0.0949999988
9246 -0.234999999 0.00500009954 0.104999997
9247 -0.234999999 0.00500009954 0.114999995
9248 -0.234999999 0.00500009954 0.125
9249 -0.234999999 0.00500009954 0.13499999
9250 -0.234999999 0.00500009954 0.144999996
9251 -0.234999999 0.00500009954 0.155000001
9252 -0.224999994 0.00500009954 0.0850000009
9253 -0.224999994 0.00500009954 0.0949999988
9254 -0.224999994 0.00500009954 0.104999997
9255 -0.224999994 0.00500009954 0.114999995
9256 -0.224999994 0.00500009954 0.125
9257 -0.224999994 0.00500009954 0.13499999
9258 -0.224999994 0.00500009954 0.144999996
9259 -0.224999994 0.00500009954 0.155000001
9260 -0.214999989 0.00500009954 0.0850000009
9261 -0.214999989 0.00500009954 0.0949999988
9262 -0.214999989 0.00500009954 0.104999997
9263 -0.214999989 0.00500009954 0.114999995
9264 -0.214999989 0.00500009954 0.125
9265 -0.214999989 0.00500009954 0.13499999
9266 -0.214999989 0.00500009954 0.144999996
9267 -0.214999989 0.00500009954 0.155000001
9268 -0.204999998 0.00500009954 0.0850000009
9269 -0.204999998 0.00500009954 0.0949999988
9270 -0.204999998 0.00500009954 0.104999997
9271 -0.204999998 0.00500009954 0.114999995
9272 -0.204999998 0.00500009954 0.125
9273 -0.204999998 0.00500009954 0.13499999
9274 -0.204999998 0.00500009954 0.144999996
9275 -0.204999998 0.00500009954 0.155000001
9276 -0.194999993 0.00500009954 0.0850000009
9277 -0.194999993 0.00500009954 0.0949999988
9278 -0.194999993 0.00500009954 0.104999997
9279 -0.194999993 0.00500009954 0.114999995
9280 -0.194999993 0.00500009954 0.125
9281 -0.194999993 0.00500009954 0.13499999
9282 -0.194999993 0.00500009954 0.144999996
9283 -0.194999993 0.00500009954 0.155000001
9284 -0.185000002 0.00500009954 0.0850000009
9285 -0.185000002 0.00500009954 0.0949999988
9286 -0.185000002 0.00500009954 0.104999997
9287 -0.185000002 0.00500009954 0.114999995
9288 -0.185000002 0.00500009954 0.125
9289 -0.185000002 0.00500009954 0.13499999
9290 -0.185000002 0.00500009954 0.144999996
9291 -0.185000002 0.00500009954 0.155000001
9292 -0.174999997 0.00500009954 0.0850000009
9293 -0.174999997 0.00500009954 0.0949999988
9294 -0.174999997 0.00500009954 0.104999997
9295 -0.174999997 0.00500009954 0.114999995
9296 -0.174999997 0.00500009954 0.125
9297 -0.174999997 0.00500009954 0.13499999
9298 -0.174999997 0.00500009954 0.144999996
9299 -0.174999997 0.00500009954 0.155000001
9300 -0.164999992 0.00500009954 0.0850000009
9301 -0.164999992 0.00500009954 0.0949999988
9302 -0.164999992 0.00500009954 0.104999997
9303 -0.164999992 0.00500009954 0.114999995
9304 -0.164999992 0.00500009954 0.125
9305 -0.164999992 0.00500009954 0.13499999
9306 -0.164999992 0.00500009954 0.144999996
9307 -0.164999992 0.00500009954 0.155000001
9308 -0.234999999 0.00500009954 0.164999992
9309 -0.234999999 0.00500009954 0.174999997
9310 -0.234999999 0.00500009954 0.185000002
9311 -0.234999999 0.00500009954 0.194999993
9312 -0.234999999 0.00500009954 0.204999998
9313 -0.234999999 0.00500009954 0.214999989
9314 -0.234999999 0.00500009954 0.224999994
9315 -0.234999999 0.00500009954 0.234999999
9316 -0.224999994 0.00500009954 0.164999992
9317 -0.224999994 0.00500009954 0.174999997
9318 -0.224999994 0.00500009954 0.185000002
9319 -0.224999994 0.00500009954 0.194999993
9320 -0.224999994 0.00500009954 0.204999998
9321 -0.224999994 0.00500009954 0.214999989
9322 -0.224999994 0.00500009954 0.224999994
9323 -0.224999994 0.00500009954 0.234999999
9324 -0.214999989 0.00500009954 0.164999992
9325 -0.214999989 0.00500009954 0.174999997
9326 -0.214999989 0.00500009954 0.185000002
9327 -0.214999989 0.00500009954 0.194999993
9328 -0.214999989 0.00500009954 0.204999998
9329 -0.214999989 0.00500009954 0.214999989
9330 -0.214999989 0.00500009954 0.224999994
9331 -0.214999989 0.00500009954 0.234999999
9332 -0.204999998 0.00500009954 0.164999992
9333 -0.204999998 0.00500009954 0.174999997
9334 -0.204999998 0.00500009954 0.185000002
9335 -0.204999998 0.00500009954 0.194999993
9336 -0.204999998 0.00500009954 0.204999998
9337 -0.204999998 0.00500009954 0.214999989
9338 -0.204999998 0.00500009954 0.224999994
9339 -0.204999998 0.00500009954 0.234999999
9340 -0.194999993 0.00500009954 0.164999992
9341 -0.194999993 0.00500009954 0.174999997
9342 -0.194999993 0.00500009954 0.185000002
9343 -0.194999993 0.00500009954 0.194999993
9344 -0.194999993 0.00500009954 0.204999998
9345 -0.194999993 0.00500009954 0.214999989
9346 -0.194999993 0.00500009954 0.224999994
9347 -0.194999993 0.00500009954 0.234999999
9348 -0.185000002 0.00500009954 0.164999992
9349 -0.185000002 0.00500009954 0.174999997
9350 -0.185000002 0.00500009954 0.185000002
9351 -0.185000002 0.00500009954 0.194999993
9352 -0.185000002 0.00500009954 0.204999998
9353 -0.185000002 0.00500009954 0.214999989
9354 -0.185000002 0.00500009954 0.224999994
9355 -0.185000002 0.00500009954 0.234999999
9356 -0.174999997 0.00500009954 0.164999992
9357 -0.174999997 0.00500009954 0.174999997
9358 -0.174999997 0.00500009954 0.185000002
9359 -0.174999997 0.00500009954 0.194999993
9360 -0.174999997 0.00500009954 0.204999998
9361 -0.174999997 0.00500009954 0.214999989
9362 -0.174999997 0.00500009954 0.224999994
9363 -0.174999997 0.00500009954 0.234999999
9364 -0.164999992 0.00500009954 0.164999992
9365 -0.164999992 0.00500009954 0.174999997
9366 -0.164999992 0.00500009954 0.185000002
9367 -0.164999992 0.00500009954 0.194999993
9368 -0.164999992 0.00500009954 0.204999998
9369 -0.164999992 0.00500009954 0.214999989
9370 -0.164999992 0.00500009954 0.224999994
9371 -0.164999992 0.00500009954 0.234999999
9372 -0.234999999 0.00500009954 0.24499999
9373 -0.234999999 0.00500009954 0.254999995
9374 -0.234999999 0.00500009954 0.264999986
9375 -0.234999999 0.00500009954 0.275000006
9376 -0.234999999 0.00500009954 0.284999996
9377 -0.234999999 0.00500009954 0.294999987
9378 -0.234999999 0.00500009954 0.305000007
9379 -0.234999999 0.00500009954 0.314999998
9380 -0.224999994 0.00500009954 0.24499999
9381 -0.224999994 0.00500009954 0.254999995
9382 -0.224999994 0.00500009954 0.264999986
9383 -0.224999994 0.00500009954 0.275000006
9384 -0.224999994 0.00500009954 0.284999996
9385 -0.224999994 0.00500009954 0.294999987
9386 -0.224999994 0.00500009954 0.305000007
9387 -0.224999994 0.00500009954 0.314999998
9388 -0.214999989 0.00500009954 0.24499999
9389 -0.214999989 0.00500009954 0.254999995
9390 -0.214999989 0.00500009954 0.264999986
9391 -0.214999989 0.00500009954 0.275000006
9392 -0.214999989 0.00500009954 0.284999996
9393 -0.214999989 0.00500009954 0.294999987
9394 -0.214999989 0.00500009954 0.305000007
9395 -0.214999989 0.00500009954 0.314999998
9396 -0.204999998 0.00500009954 0.24499999
9397 -0.204999998 0.00500009954 0.254999995
9398 -0.204999998 0.00500009954 0.264999986
9399 -0.204999998 0.00500009954 0.275000006
9400 -0.204999998 0.00500009954 0.284999996
9401 -0.204999998 0.00500009954 0.294999987
9402 -0.204999998 0.00500009954 0.305000007
9403 -0.204999998 0.00500009954 0.314999998
9404 -0.194999993 0.00500009954 0.24499999
9405 -0.194999993 0.00500009954 0.254999995
9406 -0.194999993 0.00500009954 0.264999986
9407 -0.194999993 0.00500009954 0.275000006
9408 -0.194999993 0.00500009954 0.284999996
9409 -0.194999993 0.00500009954 0.294999987
9410 -0.194999993 0.00500009954 0.305000007
9411 -0.194999993 0.00500009954 0.314999998
9412 -0.185000002 0.00500009954 0.24499999
9413 -0.185000002 0.00500009954 0.254999995
9414 -0.185000002 0.00500009954 0.264999986
9415 -0.185000002 0.00500009954 0.275000006
9416 -0.185000002 0.00500009954 0.284999996
9417 -0.185000002 0.00500009954 0.294999987
9418 -0.185000002 0.00500009954 0.305000007
9419 -0.185000002 0.00500009954 0.314999998
9420 -0.174999997 0.00500009954 0.24499999
9421 -0.174999997 0.00500009954 0.254999995
9422 -0.174999997 0.00500009954 0.264999986
9423 -0.174999997 0.00500009954 0.275000006
9424 -0.174999997 0.00500009954 0.284999996
9425 -0.174999997 0.00500009954 0.294999987
9426 -0.174999997 0.00500009954 0.305000007
9427 -0.174999997 0.00500009954 0.314999998
9428 -0.164999992 0.00500009954 0.24499999
9429 -0.164999992 0.00500009954 0.254999995
9430 -0.164999992 0.00500009954 0.264999986
9431 -0.164999992 0.00500009954 0.275000006
9432 -0.164999992 0.00500009954 0.284999996
9433 -0.164999992 0.00500009954 0.294999987
9434 -0.164999992 0.00500009954 0.305000007
9435 -0.164999992 0.00500009954 0.314999998
9436 -0.234999999 0.00500009954 0.324999988
9437 -0.234999999 0.00500009954 0.334999979
9438 -0.234999999 0.00500009954 0.344999999
9439 -0.234999999 0.00500009954 0.354999989
9440 -0.234999999 0.00500009954 0.36499998
9441 -0.234999999 0.00500009954 0.375
9442 -0.234999999 0.00500009954 0.38499999
9443 -0.234999999 0.00500009954 0.394999981
9444 -0.224999994 0.00500009954 0.324999988
9445 -0.224999994 0.00500009954 0.334999979
9446 -0.224999994 0.00500009954 0.344999999
9447 -0.224999994 0.00500009954 0.354999989
9448 -0.224999994 0.00500009954 0.36499998
9449 -0.224999994 0.00500009954 0.375
9450 -0.224999994 0.00500009954 0.38499999
9451 -0.224999994 0.00500009954 0.394999981
9452 -0.214999989 0.00500009954 0.324999988
9453 -0.214999989 0.00500009954 0.334999979
9454 -0.214999989 0.00500009954 0.344999999
9455 -0.214999989 0.00500009954 0.354999989
9456 -0.214999989 0.00500009954 0.36499998
9457 -0.214999989 0.00500009954 0.375
9458 -0.214999989 0.00500009954 0.38499999
9459 -0.214999989 0.00500009954 0.394999981
9460 -0.204999998 0.00500009954 0.324999988
9461 -0.204999998 0.00500009954 0.334999979
9462 -0.204999998 0.00500009954 0.344999999
9463 -0.204999998 0.00500009954 0.354999989
9464 -0.204999998 0.00500009954 0.36499998
9465 -0.204999998 0.00500009954 0.375
9466 -0.204999998 0.00500009954 0.38499999
9467 -0.204999998 0.00500009954 0.394999981
9468 -0.194999993 0.00500009954 0.324999988
9469 -0.194999993 0.00500009954 0.334999979
9470 -0.194999993 0.00500009954 0.344999999
9471 -0.194999993 0.00500009954 0.354999989
9472 -0.194999993 0.00500009954 0.36499998
9473 -0.194999993 0.00500009954 0.375
9474 -0.194999993 0.00500009954 0.38499999
9475 -0.194999993 0.00500009954 0.394999981
9476 -0.185000002 0.00500009954 0.324999988
9477 -0.185000002 0.00500009954 0.334999979
9478 -0.185000002 0.00500009954 0.344999999
9479 -0.185000002 0.00500009954 0.354999989
9480 -0.185000002 0.00500009954 0.36499998
9481 -0.185000002 0.00500009954 0.375
9482 -0.185000002 0.00500009954 0.38499999
9483 -0.185000002 0.00500009954 0.394999981
9484 -0.174999997 0.00500009954 0.324999988
9485 -0.174999997 0.00500009954 0.334999979
9486 -0.174999997 0.00500009954 0.344999999
9487 -0.174999997 0.00500009954 0.354999989
9488 -0.174999997 0.00500009954 0.36499998
9489 -0.174999997 0.00500009954 0.375
9490 -0.174999997 0.00500009954 0.38499999
9491 -0.174999997 0.00500009954 0.394999981
9492 -0.164999992 0.00500009954 0.324999988
9493 -0.164999992 0.00500009954 0.334999979
9494 -0.164999992 0.00500009954 0.344999999
9495 -0.164999992 0.00500009954 0.354999989
9496 -0.164999992 0.00500009954 0.36499998
9497 -0.164999992 0.00500009954 0.375
9498 -0.164999992 0.00500009954 0.38499999
9499 -0.164999992 0.00500009954 0.394999981
9500 -0.234999999 0.00500009954 0.405000001
9501 -0.234999999 0.00500009954 0.414999992
9502 -0.234999999 0.00500009954 0.424999982
9503 -0.234999999 0.00500009954 0.435000002
9504 -0.234999999 0.00500009954 0.444999993
9505 -0.234999999 0.00500009954 0.454999983
9506 -0.234999999 0.00500009954 0.465000004
9507 -0.234999999 0.00500009954 0.474999994
9508 -0.224999994 0.00500009954 0.405000001
9509 -0.224999994 0.00500009954 0.414999992
9510 -0.224999994 0.00500009954 0.424999982
9511 -0.224999994 0.00500009954 0.435000002
9512 -0.224999994 0.00500009954 0.444999993
9513 -0.224999994 0.00500009954 0.454999983
9514 -0.224999994 0.00500009954 0.465000004
9515 -0.224999994 0.00500009954 0.474999994
9516 -0.214999989 0.00500009954 0.405000001
9517 -0.214999989 0.00500009954 0.414999992
9518 -0.214999989 0.00500009954 0.424999982
9519 -0.214999989 0.00500009954 0.435000002
9520 -0.214999989 0.00500009954 0.444999993
9521 -0.214999989 0.00500009954 0.454999983
9522 -0.214999989 0.00500009954 0.465000004
9523 -0.214999989 0.00500009954 0.474999994
9524 -0.204999998 0.00500009954 0.405000001
9525 -0.204999998 0.00500009954 0.414999992
9526 -0.204999998 0.00500009954 0.424999982
9527 -0.204999998 0.00500009954 0.435000002
9528 -0.204999998 0.00500009954 0.444999993
9529 -0.204999998 0.00500009954 0.454999983
9530 -0.204999998 0.00500009954 0.465000004
9531 -0.204999998 0.00500009954 0.474999994
9532 -0.194999993 0.00500009954 0.405000001
9533 -0.194999993 0.00500009954 0.414999992
9534 -0.194999993 0.00500009954 0.424999982
9535 -0.194999993 0.00500009954 0.435000002
9536 -0.194999993 0.00500009954 0.444999993
9537 -0.194999993 0.00500009954 0.454999983
9538 -0.194999993 0.00500009954 0.465000004
9539 -0.194999993 0.00500009954 0.474999994
9540 -0.185000002 0.00500009954 0.405000001
9541 -0.185000002 0.00500009954 0.414999992
9542 -0.185000002 0.00500009954 0.424999982
9543 -0.185000002 0.00500009954 0.435000002
9544 -0.185000002 0.00500009954 0.444999993
9545 -0.185000002 0.00500009954 0.454999983
9546 -0.185000002 0.00500009954 0.465000004
9547 -0.185000002 0.00500009954 0.474999994
9548 -0.174999997 0.00500009954 0.405000001
9549 -0.174999997 0.00500009954 0.414999992
9550 -0.174999997 0.00500009954 0.424999982
9551 -0.174999997 0.00500009954 0.435000002
9552 -0.174999997 0.00500009954 0.444999993
9553 -0.174999997 0.00500009954 0.454999983
9554 -0.174999997 0.00500009954 0.465000004
9555 -0.174999997 0.00500009954 0.474999994
9556 -0.164999992 0.00500009954 0.405000001
9557 -0.164999992 0.00500009954 0.414999992
9558 -0.164999992 0.00500009954 0.424999982
9559 -0.164999992 0.00500009954 0.435000002
9560 -0.164999992 0.00500009954 0.444999993
9561 -0.164999992 0.00500009954 0.454999983
9562 -0.164999992 0.00500009954 0.465000004
9563 -0.164999992 0.00500009954 0.474999994
9564 -0.234999999 0.00500009954 0.484999985
9565 -0.234999999 0.00250014942 0.494999975
9566 -0.234999999 9.96515155e-08 0.50000006
9567 -0.224999994 0.00500009954 0.484999985
9568 -0.224999994 0.00250014942 0.494999975
9569 -0.224999994 9.96515155e-08 0.50000006
9570 -0.214999989 0.00500009954 0.484999985
9571 -0.214999989 0.00250014942 0.494999975
9572 -0.214999989 9.96515155e-08 0.50000006
9573 -0.204999998 0.00500009954 0.484999985
9574 -0.204999998 0.00250014942 0.494999975
9575 -0.204999998 9.96515155e-08 0.50000006
9576 -0.194999993 0.00500009954 0.484999985
9577 -0.194999993 0.00250014942 0.494999975
9578 -0.194999993 9.96515155e-08 0.50000006
9579 -0.185000002 0.00500009954 0.484999985
9580 -0.185000002 0.00250014942 0.494999975
9581 -0.185000002 9.96515155e-08 0.50000006
9582 -0.174999997 0.00500009954 0.484999985
9583 -0.174999997 0.00250014942 0.494999975
9584 -0.174999997 9.96515155e-08 0.50000006
9585 -0.164999992 0.00500009954 0.484999985
9586 -0.164999992 0.00250014942 0.494999975
9587 -0.164999992 9.96515155e-08 0.50000006
9588 -0.155000001 0.00500009954 0.00499999989
9589 -0.155000001 0.00500009954 0.0149999997
9590 -0.155000001 0.00500009954 0.0249999985
9591 -0.155000001 0.00500009954 0.0350000001
9592 -0.155000001 0.00500009954 0.0449999981
9593 -0.155000001 0.00500009954 0.0549999997
9594 -0.155000001 0.00500009954 0.0649999976
9595 -0.155000001 0.00500009954 0.0749999955
9596 -0.144999996 0.00500009954 0.00499999989
9597 -0.144999996 0.00500009954 0.0149999997
9598 -0.144999996 0.00500009954 0.0249999985
9599 -0.144999996 0.00500009954 0.0350000001
9600 -0.144999996 0.00500009954 0.0449999981
9601 -0.144999996 0.00500009954 0.0549999997
9602 -0.144999996 0.00500009954 0.0649999976
9603 -0.144999996 0.00500009954 0.0749999955
9604 -0.13499999 0.00500009954 0.00499999989
9605 -0.13499999 0.00500009954 0.0149999997
9606 -0.13499999 0.00500009954 0.0249999985
9607 -0.13499999 0.00500009954 0.0350000001
9608 -0.13499999 0.00500009954 0.0449999981
9609 -0.13499999 0.00500009954 0.0549999997
9610 -0.13499999 0.00500009954 0.0649999976
9611 -0.13499999 0.00500009954 0.0749999955
9612 -0.125 0.00500009954 0.00499999989
9613 -0.125 0.00500009954 0.0149999997
9614 -0.125 0.00500009954 0.0249999985
9615 -0.125 0.00500009954 0.0350000001
9616 -0.125 0.00500009954 0.0449999981
9617 -0.125 0.00500009954 0.0549999997
9618 -0.125 0.00500009954 0.0649999976
9619 -0.125 0.00500009954 0.0749999955
9620 -0.114999995 0.00500009954 0.00499999989
9621 -0.114999995 0.00500009954 0.0149999997
9622 -0.114999995 0.00500009954 0.0249999985
9623 -0.114999995 0.00500009954 0.0350000001
9624 -0.114999995 0.00500009954 0.0449999981
9625 -0.114999995 0.00500009954 0.0549999997
9626 -0.114999995 0.00500009954 0.0649999976
9627 -0.114999995 0.00500009954 0.0749999955
9628 -0.104999997 0.00500009954 0.00499999989
9629 -0.104999997 0.00500009954 0.0149999997
9630 -0.104999997 0.00500009954 0.0249999985
9631 -0.104999997 0.00500009954 0.0350000001
9632 -0.104999997 0.00500009954 0.0449999981
9633 -0.104999997 0.00500009954 0.0549999997
9634 -0.104999997 0.00500009954 0.0649999976
9635 -0.104999997 0.00500009954 0.0749999955
9636 -0.0949999988 0.00500009954 0.00499999989
9637 -0.0949999988 0.00500009954 0.0149999997
9638 -0.0949999988 0.00500009954 0.0249999985
9639 -0.0949999988 0.00500009954 0.0350000001
9640 -0.0949999988 0.00500009954 0.0449999981
9641 -0.0949999988 0.00500009954 0.0549999997
9642 -0.0949999988 0.00500009954 0.0649999976
9643 -0.0949999988 0.00500009954 0.0749999955
9644 -0.0850000009 0.00500009954 0.00499999989
9645 -0.0850000009 0.00500009954 0.0149999997
9646 -0.0850000009 0.00500009954 0.0249999985
9647 -0.0850000009 0.00500009954 0.0350000001
9648 -0.0850000009 0.00500009954 0.0449999981
9649 -0.0850000009 0.00500009954 0.0549999997
9650 -0.0850000009 0.00500009954 0.0649999976
9651 -0.0850000009 0.00500009954 0.0749999955
9652 -0.155000001 0.00500009954 0.0850000009
9653 -0.155000001 0.00500009954 0.0949999988
9654 -0.155000001 0.00500009954 0.104999997
9655 -0.155000001 0.00500009954 0.114999995
9656 -0.155000001 0.00500009954 0.125
9657 -0.155000001 0.00500009954 0.13499999
9658 -0.155000001 0.00500009954 0.144999996
9659 -0.155000001 0.00500009954 0.155000001
9660 -0.144999996 0.00500009954 0.0850000009
9661 -0.144999996 0.00500009954 0.0949999988
9662 -0.144999996 0.00500009954 0.104999997
9663 -0.144999996 0.00500009954 0.114999995
9664 -0.144999996 0.00500009954 0.125
9665 -0.144999996 0.00500009954 0.13499999
9666 -0.144999996 0.00500009954 0.144999996
9667 -0.144999996 0.00500009954 0.155000001
9668 -0.13499999 0.00500009954 0.0850000009
9669 -0.13499999 0.00500009954 0.0949999988
9670 -0.13499999 0.00500009954 0.104999997
9671 -0.13499999 0.00500009954 0.114999995
9672 -0.13499999 0.00500009954 0.125
9673 -0.13499999 0.00500009954 0.13499999
9674 -0.13499999 0.00500009954 0.144999996
9675 -0.13499999 0.00500009954 0.155000001
9676 -0.125 0.00500009954 0.0850000009
9677 -0.125 0.00500009954 0.0949999988
9678 -0.125 0.00500009954 0.104999997
9679 -0.125 0.00500009954 0.114999995
9680 -0.125 0.00500009954 0.125
9681 -0.125 0.00500009954 0.13499999
9682 -0.125 0.00500009954 0.144999996
9683 -0.125 0.00500009954 0.155000001
9684 -0.114999995 0.00500009954 0.0850000009
9685 -0.114999995 0.00500009954 0.0949999988
9686 -0.114999995 0.00500009954 0.104999997
9687 -0.114999995 0.00500009954 0.114999995
9688 -0.114999995 0.00500009954 0.125
9689 -0.114999995 0.00500009954 0.13499999
9690 -0.114999995 0.00500009954 0.144999996
9691 -0.114999995 0.00500009954 0.155000001
9692 -0.104999997 0.00500009954 0.0850000009
9693 -0.104999997 0.00500009954 0.0949999988
9694 -0.104999997 0.00500009954 0.104999997
9695 -0.104999997 0.00500009954 0.114999995
9696 -0.104999997 0.00500009954 0.125
9697 -0.104999997 0.00500009954 0.13499999
9698 -0.104999997 0.00500009954 0.144999996
9699 -0.104999997 0.00500009954 0.155000001
9700 -0.0949999988 0.00500009954 0.0850000009
9701 -0.0949999988 0.00500009954 0.0949999988
9702 -0.0949999988 0.00500009954 0.104999997
9703 -0.0949999988 0.00500009954 0.114999995
9704 -0.0949999988 0.00500009954 0.125
9705 -0.0949999988 0.00500009954 0.13499999
9706 -0.0949999988 0.00500009954 0.144999996
9707 -0.0949999988 0.00500009954 0.155000001
9708 -0.0850000009 0.00500009954 0.0850000009
9709 -0.0850000009 0.00500009954 0.0949999988
9710 -0.0850000009 0.00500009954 0.104999997
9711 -0.0850000009 0.00500009954 0.114999995
9712 -0.0850000009 0.00500009954 0.125
9713 -0.0850000009 0.00500009954 0.13499999
9714 -0.0850000009 0.00500009954 0.144999996
9715 -0.0850000009 0.00500009954 0.155000001
9716 -0.155000001 0.00500009954 0.164999992
9717 -0.155000001 0.00500009954 0.174999997
9718 -0.155000001 0.00500009954 0.185000002
9719 -0.155000001 0.00500009954 0.194999993
9720 -0.155000001 0.00500009954 0.204999998
9721 -0.155000001 0.00500009954 0.214999989
9722 -0.155000001 0.00500009954 0.224999994
9723 -0.155000001 0.00500009954 0.234999999
9724 -0.144999996 0.00500009954 0.164999992
9725 -0.144999996 0.00500009954 0.174999997
9726 -0.144999996 0.00500009954 0.185000002
9727 -0.144999996 0.00500009954 0.194999993
9728 -0.144999996 0.00500009954 0.204999998
9729 -0.144999996 0.00500009954 0.214999989
9730 -0.144999996 0.00500009954 0.224999994
9731 -0.144999996 0.00500009954 0.234999999
9732 -0.13499999 0.00500009954 0.164999992
9733 -0.13499999 0.00500009954 0.174999997
9734 -0.13499999 0.00500009954 0.185000002
9735 -0.13499999 0.00500009954 0.194999993
9736 -0.13499999 0.00500009954 0.204999998
9737 -0.13499999 0.00500009954 0.214999989
9738 -0.13499999 0.00500009954 0.224999994
9739 -0.13499999 0.00500009954 0.234999999
9740 -0.125 0.00500009954 0.164999992
9741 -0.125 0.00500009954 0.174999997
9742 -0.125 0.00500009954 0.185000002
9743 -0.125 0.00500009954 0.194999993
9744 -0.125 0.00500009954 0.204999998
9745 -0.125 0.00500009954 0.214999989
9746 -0.125 0.00500009954 0.224999994
9747 -0.125 0.00500009954 0.234999999
9748 -0.114999995 0.00500009954 0.164999992
9749 -0.114999995 0.00500009954 0.174999997
9750 -0.114999995 0.00500009954 0.185000002
9751 -0.114999995 0.00500009954 0.194999993
9752 -0.114999995 0.00500009954 0.204999998
9753 -0.114999995 0.00500009954 0.214999989
9754 -0.114999995 0.00500009954 0.224999994
9755 -0.114999995 0.00500009954 0.234999999
9756 -0.104999997 0.00500009954 0.164999992
9757 -0.104999997 0.00500009954 0.174999997
9758 -0.104999997 0.00500009954 0.185000002
9759 -0.104999997 0.00500009954 0.194999993
9760 -0.104999997 0.00500009954 0.204999998
9761 -0.104999997 0.00500009954 0.214999989
9762 -0.104999997 0.00500009954 0.224999994
9763 -0.104999997 0.00500009954 0.234999999
9764 -0.0949999988 0.00500009954 0.164999992
9765 -0.0949999988 0.00500009954 0.174999997
9766 -0.0949999988 0.00500009954 0.185000002
9767 -0.0949999988 0.00500009954 0.194999993
9768 -0.0949999988 0.00500009954 0.204999998
9769 -0.0949999988 0.00500009954 0.214999989
9770 -0.0949999988 0.00500009954 0.224999994
9771 -0.0949999988 0.00500009954 0.234999999
9772 -0.0850000009 0.00500009954 0.164999992
9773 -0.0850000009 0.00500009954 0.174999997
9774 -0.0850000009 0.00500009954 0.185000002
9775 -0.0850000009 0.00500009954 0.194999993
9776 -0.0850000009 0.00500009954 0.204999998
9777 -0.0850000009 0.00500009954 0.214999989
9778 -0.0850000009 0.00500009954 0.224999994
9779 -0.0850000009 0.00500009954 0.234999999
9780 -0.155000001 0.00500009954 0.24499999
9781 -0.155000001 0.00500009954 0.254999995
9782 -0.155000001 0.00500009954 0.264999986
9783 -0.155000001 0.00500009954 0.275000006
9784 -0.155000001 0.00500009954 0.284999996
9785 -0.155000001 0.00500009954 0.294999987
9786 -0.155000001 0.00500009954 0.305000007
9787 -0.155000001 0.00500009954 0.314999998
9788 -0.144999996 0.00500009954 0.24499999
9789 -0.144999996 0.00500009954 0.254999995
9790 -0.144999996 0.00500009954 0.264999986
9791 -0.144999996 0.00500009954 0.275000006
9792 -0.144999996 0.00500009954 0.284999996
9793 -0.144999996 0.00500009954 0.294999987
9794 -0.144999996 0.00500009954 0.305000007
9795 -0.144999996 0.00500009954 0.314999998
9796 -0.13499999 0.00500009954 0.24499999
9797 -0.13499999 0.00500009954 0.254999995
9798 -0.13499999 0.00500009954 0.264999986
9799 -0.13499999 0.00500009954 0.275000006
9800 -0.13499999 0.00500009954 0.284999996
9801 -0.13499999 0.00500009954 0.294999987
9802 -0.13499999 0.00500009954 0.305000007
9803 -0.13499999 0.00500009954 0.314999998
9804 -0.125 0.00500009954 0.24499999
9805 -0.125 0.00500009954 0.254999995
9806 -0.125 0.00500009954 0.264999986
9807 -0.125 0.00500009954 0.275000006
9808 -0.125 0.00500009954 0.284999996
9809 -0.125 0.00500009954 0.294999987
9810 -0.125 0.00500009954 0.305000007
9811 -0.125 0.00500009954 0.314999998
9812 -0.114999995 0.00500009954 0.24499999
9813 -0.114999995 0.00500009954 0.254999995
9814 -0.114999995 0.00500009954 0.264999986
9815 -0.114999995 0.00500009954 0.275000006
9816 -0.114999995 0.00500009954 0.284999996
9817 -0.114999995 0.00500009954 0.294999987
9818 -0.114999995 0.00500009954 0.305000007
9819 -0.114999995 0.00500009954 0.314999998
9820 -0.104999997 0.00500009954 0.24499999
9821 -0.104999997 0.00500009954 0.254999995
9822 -0.104999997 0.00500009954 0.264999986
9823 -0.104999997 0.00500009954 0.275000006
9824 -0.104999997 0.00500009954 0.284999996
9825 -0.104999997 0.00500009954 0.294999987
9826 -0.104999997 0.00500009954 0.305000007
9827 -0.104999997 0.00500009954 0.314999998
9828 -0.0949999988 0.00500009954 0.24499999
9829 -0.0949999988 0.00500009954 0.254999995
9830 -0.0949999988 0.00500009954 0.264999986
9831 -0.0949999988 0.00500009954 0.275000006
9832 -0.0949999988 0.00500009954 0.284999996
9833 -0.0949999988 0.00500009954 0.294999987
9834 -0.0949999988 0.00500009954 0.305000007
9835 -0.0949999988 0.00500009954 0.314999998
9836 -0.0850000009 0.00500009954 0.24499999
9837 -0.0850000009 0.00500009954 0.254999995
9838 -0.0850000009 0.00500009954 0.264999986
9839 -0.0850000009 0.00500009954 0.275000006
9840 -0.0850000009 0.00500009954 0.284999996
9841 -0.0850000009 0.00500009954 0.294999987
9842 -0.0850000009 0.00500009954 0.305000007
9843 -0.0850000009 0.00500009954 0.314999998
9844 -0.155000001 0.00500009954 0.324999988
9845 -0.155000001 0.00500009954 0.334999979
9846 -0.155000001 0.00500009954 0.344999999
9847 -0.155000001 0.00500009954 0.354999989
9848 -0.155000001 0.00500009954 0.36499998
9849 -0.155000001 0.00500009954 0.375
9850 -0.155000001 0.00500009954 0.38499999
9851 -0.155000001 0.00500009954 0.394999981
9852 -0.144999996 0.00500009954 0.324999988
9853 -0.144999996 0.00500009954 0.334999979
9854 -0.144999996 0.00500009954 0.344999999
9855 -0.144999996 0.00500009954 0.354999989
9856 -0.144999996 0.00500009954 0.36499998
9857 -0.144999996 0.00500009954 0.375
9858 -0.144999996 0.00500009954 0.38499999
9859 -0.144999996 0.00500009954 0.394999981
9860 -0.13499999 0.00500009954 0.324999988
9861 -0.13499999 0.00500009954 0.334999979
9862 -0.13499999 0.00500009954 0.344999999
9863 -0.13499999 0.00500009954 0.354999989
9864 -0.13499999 0.00500009954 0.36499998
9865 -0.13499999 0.00500009954 0.375
9866 -0.13499999 0.00500009954 0.38499999
9867 -0.13499999 0.00500009954 0.394999981
9868 -0.125 0.00500009954 0.324999988
9869 -0.125 0.00500009954 0.334999979
9870 -0.125 0.00500009954 0.344999999
9871 -0.125 0.00500009954 0.354999989
9872 -0.125 0.00500009954 0.36499998
9873 -0.125 0.00500009954 0.375
9874 -0.125 0.00500009954 0.38499999
9875 -0.125 0.00500009954 0.394999981
9876 -0.114999995 0.00500009954 0.324999988
9877 -0.114999995 0.00500009954 0.334999979
9878 -0.114999995 0.00500009954 0.344999999
9879 -0.114999995 0.00500009954 0.354999989
9880 -0.114999995 0.00500009954 0.36499998
9881 -0.114999995 0.00500009954 0.375
9882 -0.114999995 0.00500009954 0.38499999
9883 -0.114999995 0.00500009954 0.394999981
9884 -0.104999997 0.00500009954 0.324999988
9885 -0.104999997 0.00500009954 0.334999979
9886 -0.104999997 0.00500009954 0.344999999
9887 -0.104999997 0.00500009954 0.354999989
9888 -0.104999997 0.00500009954 0.36499998
9889 -0.104999997 0.00500009954 0.375
9890 -0.104999997 0.00500009954 0.38499999
9891 -0.104999997 0.00500009954 0.394999981
9892 -0.0949999988 0.00500009954 0.324999988
9893 -0.0949999988 0.00500009954 0.334999979
9894 -0.0949999988 0.00500009954 0.344999999
9895 -0.0949999988 0.00500009954 0.354999989
9896 -0.0949999988 0.00500009954 0.36499998
9897 -0.0949999988 0.00500009954 0.375
9898 -0.0949999988 0.00500009954 0.38499999
9899 -0.0949999988 0.00500009954 0.394999981
9900 -0.0850000009 0.00500009954 0.324999988
9901 -0.0850000009 0.00500009954 0.334999979
9902 -0.0850000009 0.00500009954 0.344999999
9903 -0.0850000009 0.00500009954 0.354999989
9904 -0.0850000009 0.00500009954 0.36499998
9905 -0.0850000009 0.00500009954 0.375
9906 -0.0850000009 0.00500009954 0.38499999
9907 -0.0850000009 0.00500009954 0.394999981
9908 -0.155000001 0.00500009954 0.405000001
9909 -0.155000001 0.00500009954 0.414999992
9910 -0.155000001 0.00500009954 0.424999982
9911 -0.155000001 0.00500009954 0.435000002
9912 -0.155000001 0.00500009954 0.444999993
9913 -0.155000001 0.00500009954 0.454999983
9914 -0.155000001 0.00500009954 0.465000004
9915 -0.155000001 0.00500009954 0.474999994
9916 -0.144999996 0.00500009954 0.405000001
9917 -0.144999996 0.00500009954 0.414999992
9918 -0.144999996 0.00500009954 0.424999982
9919 -0.144999996 0.00500009954 0.435000002
9920 -0.144999996 0.00500009954 0.444999993
9921 -0.144999996 0.00500009954 0.454999983
9922 -0.144999996 0.00500009954 0.465000004
9923 -0.144999996 0.00500009954 0.474999994
9924 -0.13499999 0.00500009954 0.405000001
9925 -0.13499999 0.00500009954 0.414999992
9926 -0.13499999 0.00500009954 0.424999982
9927 -0.13499999 0.00500009954 0.435000002
9928 -0.13499999 0.00500009954 0.444999993
9929 -0.13499999 0.00500009954 0.454999983
9930 -0.13499999 0.00500009954 0.465000004
9931 -0.13499999 0.00500009954 0.474999994
9932 -0.125 0.00500009954 0.405000001
9933 -0.125 0.00500009954 0.414999992
9934 -0.125 0.00500009954 0.424999982
9935 -0.125 0.00500009954 0.435000002
9936 -0.125 0.00500009954 0.444999993
9937 -0.125 0.00500009954 0.454999983
9938 -0.125 0.00500009954 0.465000004
9939 -0.125 0.00500009954 0.474999994
9940 -0.114999995 0.00500009954 0.405000001
9941 -0.114999995 0.00500009954 0.414999992
9942 -0.114999995 0.00500009954 0.424999982
9943 -0.114999995 0.00500009954 0.435000002
9944 -0.114999995 0.00500009954 0.444999993
9945 -0.114999995 0.00500009954 0.454999983
9946 -0.114999995 0.00500009954 0.465000004
9947 -0.114999995 0.00500009954 0.474999994
9948 -0.104999997 0.00500009954 0.405000001
9949 -0.104999997 0.00500009954 0.414999992
9950 -0.104999997 0.00500009954 0.424999982
9951 -0.104999997 0.00500009954 0.435000002
9952 -0.104999997 0.00500009954 0.444999993
9953 -0.104999997 0.00500009954 0.454999983
9954 -0.104999997 0.00500009954 0.465000004
9955 -0.104999997 0.00500009954 0.474999994
9956 -0.0949999988 0.00500009954 0.405000001
9957 -0.0949999988 0.00500009954 0.414999992
9958 -0.0949999988 0.00500009954 0.424999982
9959 -0.0949999988 0.00500009954 0.435000002
9960 -0.0949999988 0.00500009954 0.444999993
9961 -0.0949999988 0.00500009954 0.454999983
9962 -0.0949999988 0.00500009954 0.465000004
9963 -0.0949999988 0.00500009954 0.474999994
9964 -0.0850000009 0.00500009954 0.405000001
9965 -0.0850000009 0.00500009954 0.414999992
9966 -0.0850000009 0.00500009954 0.424999982
9967 -0.0850000009 0.00500009954 0.435000002
9968 -0.0850000009 0.00500009954 0.444999993
9969 -0.0850000009 0.00500009954 0.454999983
9970 -0.0850000009 0.00500009954 0.465000004
9971 -0.0850000009 0.00500009954 0.474999994
9972 -0.155000001 0.00500009954 0.484999985
9973 -0.155000001 0.00250014942 0.494999975
9974 -0.155000001 9.96515155e-08 0.50000006
9975 -0.144999996 0.00500009954 0.484999985
9976 -0.144999996 0.00250014942 0.494999975
9977 -0.144999996 9.96515155e-08 0.50000006
9978 -0.13499999 0.00500009954 0.484999985
9979 -0.13499999 0.00250014942 0.494999975
9980 -0.13499999 9.96515155e-08 0.50000006
9981 -0.125 0.00500009954 0.484999985
9982 -0.125 0.00250014942 0.494999975
9983 -0.125 9.96515155e-08 0.50000006
9984 -0.114999995 0.00500009954 0.484999985
9985 -0.114999995 0.00250014942 0.494999975
9986 -0.114999995 9.96515155e-08 0.50000006
9987 -0.104999997 0.00500009954 0.484999985
9988 -0.104999997 0.00250014942 0.494999975
9989 -0.104999997 9.96515155e-08 0.50000006
9990 -0.0949999988 0.00500009954 0.484999985
9991 -0.0949999988 0.00250014942 0.494999975
9992 -0.0949999988 9.96515155e-08 0.50000006
9993 -0.0850000009 0.00500009954 0.484999985
9994 -0.0850000009 0.00250014942 0.494999975
9995 -0.0850000009 9.96515155e-08 0.50000006
9996 -0.0749999955 0.00500009954 0.00499999989
9997 -0.0749999955 0.00500009954 0.0149999997
9998 -0.0749999955 0.00500009954 0.0249999985
9999 -0.0749999955 0.00500009954 0.0350000001
10000 -0.0749999955 0.00500009954 0.0449999981
10001 -0.0749999955 0.00500009954 0.0549999997
10002 -0.0749999955 0.00500009954 0.0649999976
10003 -0.0749999955 0.00500009954 0.0749999955
10004 -0.0649999976 0.00500009954 0.00499999989
10005 -0.0649999976 0.00500009954 0.0149999997
10006 -0.0649999976 0.00500009954 0.0249999985
10007 -0.0649999976 0.00500009954 0.0350000001
10008 -0.0649999976 0.00500009954 0.0449999981
10009 -0.0649999976 0.00500009954 0.0549999997
10010 -0.0649999976 0.00500009954 0.0649999976
10011 -0.0649999976 0.00500009954 0.0749999955
10012 -0.0549999997 0.00500009954 0.00499999989
10013 -0.0549999997 0.00500009954 0.0149999997
10014 -0.0549999997 0.00500009954 0.0249999985
10015 -0.0549999997 0.00500009954 0.0350000001
10016 -0.0549999997 0.00500009954 0.0449999981
10017 -0.0549999997 0.00500009954 0.0549999997
10018 -0.0549999997 0.00500009954 0.0649999976
10019 -0.0549999997 0.00500009954 0.0749999955
10020 -0.0449999981 0.00500009954 0.00499999989
10021 -0.0449999981 0.00500009954 0.0149999997
10022 -0.0449999981 0.00500009954 0.0249999985
10023 -0.0449999981 0.00500009954 0.0350000001
10024 -0.0449999981 0.00500009954 0.0449999981
10025 -0.0449999981 0.00500009954 0.0549999997
10026 -0.0449999981 0.00500009954 0.0649999976
10027 -0.0449999981 0.00500009954 0.0749999955
10028 -0.0350000001 0.00500009954 0.00499999989
10029 -0.0350000001 0.00500009954 0.0149999997
10030 -0.0350000001 0.00500009954 0.0249999985
10031 -0.0350000001 0.00500009954 0.0350000001
10032 -0.0350000001 0.00500009954 0.0449999981
10033 -0.0350000001 0.00500009954 0.0549999997
10034 -0.0350000001 0.00500009954 0.0649999976
10035 -0.0350000001 0.00500009954 0.0749999955
10036 -0.0249999985 0.00500009954 0.00499999989
10037 -0.0249999985 0.00500009954 0.0149999997
10038 -0.0249999985 0.00500009954 0.0249999985
10039 -0.0249999985 0.00500009954 0.0350000001
10040 -0.0249999985 0.00500009954 0.0449999981
10041 -0.0249999985 0.00500009954 0.0549999997
10042 -0.0249999985 0.00500009954 0.0649999976
10043 -0.0249999985 0.00500009954 0.0749999955
10044 -0.0149999997 0.00500009954 0.00499999989
10045 -0.0149999997 0.00500009954 0.0149999997
10046 -0.0149999997 0.00500009954 0.0249999985
10047 -0.0149999997 0.00500009954 0.0350000001
10048 -0.0149999997 0.00500009954 0.0449999981
10049 -0.0149999997 0.00500009954 0.0549999997
10050 -0.0149999997 0.00500009954 0.0649999976
10051 -0.0149999997 0.00500009954 0.0749999955
10052 -0.00499999989 0.00500009954 0.00499999989
10053 -0.00499999989 0.00500009954 0.0149999997
10054 -0.00499999989 0.00500009954 0.0249999985
10055 -0.00499999989 0.00500009954 0.0350000001
10056 -0.00499999989 0.00500009954 0.0449999981
10057 -0.00499999989 0.00500009954 0.0549999997
10058 -0.00499999989 0.00500009954 0.0649999976
10059 -0.00499999989 0.00500009954 0.0749999955
10060 -0.0749999955 0.00500009954 0.0850000009
10061 -0.0749999955 0.00500009954 0.0949999988
10062 -0.0749999955 0.00500009954 0.104999997
10063 -0.0749999955 0.00500009954 0.114999995
10064 -0.0749999955 0.00500009954 0.125
10065 -0.0749999955 0.00500009954 0.13499999
10066 -0.0749999955 0.00500009954 0.144999996
10067 -0.0749999955 0.00500009954 0.155000001
10068 -0.0649999976 0.00500009954 0.0850000009
10069 -0.0649999976 0.00500009954 0.0949999988
10070 -0.0649999976 0.00500009954 0.104999997
10071 -0.0649999976 0.00500009954 0.114999995
10072 -0.0649999976 0.00500009954 0.125
10073 -0.0649999976 0.00500009954 0.13499999
10074 -0.0649999976 0.00500009954 0.144999996
10075 -0.0649999976 0.00500009954 0.155000001
10076 -0.0549999997 0.00500009954 0.0850000009
10077 -0.0549999997 0.00500009954 0.0949999988
10078 -0.0549999997 0.00500009954 0.104999997
10079 -0.0549999997 0.00500009954 0.114999995
10080 -0.0549999997 0.00500009954 0.125
10081 -0.0549999997 0.00500009954 0.13499999
10082 -0.0549999997 0.00500009954 0.144999996
10083 -0.0549999997 0.00500009954 0.155000001
10084 -0.0449999981 0.00500009954 0.0850000009
10085 -0.0449999981 0.00500009954 0.0949999988
10086 -0.0449999981 0.00500009954 0.104999997
10087 -0.0449999981 0.00500009954 0.114999995
10088 -0.0449999981 0.00500009954 0.125
10089 -0.0449999981 0.00500009954 0.13499999
10090 -0.0449999981 0.00500009954 0.144999996
10091 -0.0449999981 0.00500009954 0.155000001
10092 -0.0350000001 0.00500009954 0.0850000009
10093 -0.0350000001 0.00500009954 0.0949999988
10094 -0.0350000001 0.00500009954 0.104999997
10095 -0.0350000001 0.00500009954 0.114999995
10096 -0.0350000001 0.00500009954 0.125
10097 -0.0350000001 0.00500009954 0.13499999
10098 -0.0350000001 0.00500009954 0.144999996
10099 -0.0350000001 0.00500009954 0.155000001
10100 -0.0249999985 0.00500009954 0.0850000009
10101 -0.0249999985 0.00500009954 0.0949999988
10102 -0.0249999985 0.00500009954 0.104999997
10103 -0.0249999985 0.00500009954 0.114999995
10104 -0.0249999985 0.00500009954 0.125
10105 -0.0249999985 0.00500009954 0.13499999
10106 -0.0249999985 0.00500009954 0.144999996
10107 -0.0249999985 0.00500009954 0.155000001
10108 -0.0149999997 0.00500009954 0.0850000009
10109 -0.0149999997 0.00500009954 0.0949999988
10110 -0.0149999997 0.00500009954 0.104999997
10111 -0.0149999997 0.00500009954 0.114999995
10112 -0.0149999997 0.00500009954 0.125
10113 -0.0149999997 0.00500009954 0.13499999
10114 -0.0149999997 0.00500009954 0.144999996
10115 -0.0149999997 0.00500009954 0.155000001
10116 -0.00499999989 0.00500009954 0.0850000009
10117 -0.00499999989 0.00500009954 0.0949999988
10118 -0.00499999989 0.00500009954 0.104999997
10119 -0.00499999989 0.00500009954 0.114999995
10120 -0.00499999989 0.00500009954 0.125
10121 -0.00499999989 0.00500009954 0.13499999
10122 -0.00499999989 0.00500009954 0.144999996
10123 -0.00499999989 0.00500009954 0.155000001
10124 -0.0749999955 0.00500009954 0.164999992
10125 -0.0749999955 0.00500009954 0.174999997
10126 -0.0749999955 0.00500009954 0.185000002
10127 -0.0749999955 0.00500009954 0.194999993
10128 -0.0749999955 0.00500009954 0.204999998
10129 -0.0749999955 0.00500009954 0.214999989
10130 -0.0749999955 0.00500009954 0.224999994
10131 -0.0749999955 0.00500009954 0.234999999
10132 -0.0649999976 0.00500009954 0.164999992
10133 -0.0649999976 0.00500009954 0.174999997
10134 -0.0649999976 0.00500009954 0.185000002
10135 -0.0649999976 0.00500009954 0.194999993
10136 -0.0649999976 0.00500009954 0.204999998
10137 -0.0649999976 0.00500009954 0.214999989
10138 -0.0649999976 0.00500009954 0.224999994
10139 -0.0649999976 0.00500009954 0.234999999
10140 -0.0549999997 0.00500009954 0.164999992
10141 -0.0549999997 0.00500009954 0.174999997
10142 -0.0549999997 0.00500009954 0.185000002
10143 -0.0549999997 0.00500009954 0.194999993
10144 -0.0549999997 0.00500009954 0.204999998
10145 -0.0549999997 0.00500009954 0.214999989
10146 -0.0549999997 0.00500009954 0.224999994
10147 -0.0549999997 0.00500009954 0.234999999
10148 -0.0449999981 0.00500009954 0.164999992
10149 -0.0449999981 0.00500009954 0.174999997
10150 -0.0449999981 0.00500009954 0.185000002
10151 -0.0449999981 0.00500009954 0.194999993
10152 -0.0449999981 0.00500009954 0.204999998
10153 -0.0449999981 0.00500009954 0.214999989
10154 -0.0449999981 0.00500009954 0.224999994
10155 -0.0449999981 0.00500009954 0.234999999
10156 -0.0350000001 0.00500009954 0.164999992
10157 -0.0350000001 0.00500009954 0.174999997
10158 -0.0350000001 0.00500009954 0.185000002
10159 -0.0350000001 0.00500009954 0.194999993
10160 -0.0350000001 0.00500009954 0.204999998
10161 -0.0350000001 0.00500009954 0.214999989
10162 -0.0350000001 0.00500009954 0.224999994
10163 -0.0350000001 0.00500009954 0.234999999
10164 -0.0249999985 0.00500009954 0.164999992
10165 -0.0249999985 0.00500009954 0.174999997
10166 -0.0249999985 0.00500009954 0.185000002
10167 -0.0249999985 0.00500009954 0.194999993
10168 -0.0249999985 0.00500009954 0.204999998
10169 -0.0249999985 0.00500009954 0.214999989
10170 -0.0249999985 0.00500009954 0.224999994
10171 -0.0249999985 0.00500009954 0.234999999
10172 -0.0149999997 0.00500009954 0.164999992
10173 -0.0149999997 0.00500009954 0.174999997
10174 -0.0149999997 0.00500009954 0.185000002
10175 -0.0149999997 0.00500009954 0.194999993
10176 -0.0149999997 0.00500009954 0.204999998
10177 -0.0149999997 0.00500009954 0.214999989
10178 -0.0149999997 0.00500009954 0.224999994
10179 -0.0149999997 0.00500009954 0.234999999
10180 -0.00499999989 0.00500009954 0.164999992
10181 -0.00499999989 0.00500009954 0.174999997
10182 -0.00499999989 0.00500009954 0.185000002
10183 -0.00499999989 0.00500009954 0.194999993
10184 -0.00499999989 0.00500009954 0.204999998
10185 -0.00499999989 0.00500009954 0.214999989
10186 -0.00499999989 0.00500009954 0.224999994
10187 -0.00499999989 0.00500009954 0.234999999
10188 -0.0749999955 0.00500009954 0.24499999
10189 -0.0749999955 0.00500009954 0.254999995
10190 -0.0749999955 0.00500009954 0.264999986
10191 -0.0749999955 0.00500009954 0.275000006
10192 -0.0749999955 0.00500009954 0.284999996
10193 -0.0749999955 0.00500009954 0.294999987
10194 -0.0749999955 0.00500009954 0.305000007
10195 -0.0749999955 0.00500009954 0.314999998
10196 -0.0649999976 0.00500009954 0.24499999
10197 -0.0649999976 0.00500009954 0.254999995
10198 -0.0649999976 0.00500009954 0.264999986
10199 -0.0649999976 0.00500009954 0.275000006
10200 -0.0649999976 0.00500009954 0.284999996
10201 -0.0649999976 0.00500009954 0.294999987
10202 -0.0649999976 0.00500009954 0.305000007
10203 -0.0649999976 0.00500009954 0.314999998
10204 -0.0549999997 0.00500009954 0.24499999
10205 -0.0549999997 0.00500009954 0.254999995
10206 -0.0549999997 0.00500009954 0.264999986
10207 -0.0549999997 0.00500009954 0.275000006
10208 -0.0549999997 0.00500009954 0.284999996
10209 -0.0549999997 0.00500009954 0.294999987
10210 -0.0549999997 0.00500009954 0.305000007
10211 -0.0549999997 0.00500009954 0.314999998
10212 -0.0449999981 0.00500009954 0.24499999
10213 -0.0449999981 0.00500009954 0.254999995
10214 -0.0449999981 0.00500009954 0.264999986
10215 -0.0449999981 0.00500009954 0.275000006
10216 -0.0449999981 0.00500009954 0.284999996
10217 -0.0449999981 0.00500009954 0.294999987
10218 -0.0449999981 0.00500009954 0.305000007
10219 -0.0449999981 0.00500009954 0.314999998
10220 -0.0350000001 0.00500009954 0.24499999
10221 -0.0350000001 0.00500009954 0.254999995
10222 -0.0350000001 0.00500009954 0.264999986
10223 -0.0350000001 0.00500009954 0.275000006
10224 -0.0350000001 0.00500009954 0.284999996
10225 -0.0350000001 0.00500009954 0.294999987
10226 -0.0350000001 0.00500009954 0.305000007
10227 -0.0350000001 0.00500009954 0.314999998
10228 -0.0249999985 0.00500009954 0.24499999
10229 -0.0249999985 0.00500009954 0.254999995
10230 -0.0249999985 0.00500009954 0.264999986
10231 -0.0249999985 0.00500009954 0.275000006
10232 -0.0249999985 0.00500009954 0.284999996
10233 -0.0249999985 0.00500009954 0.294999987
10234 -0.0249999985 0.00500009954 0.305000007
10235 -0.0249999985 0.00500009954 0.314999998
10236 -0.0149999997 0.00500009954 0.24499999
10237 -0.0149999997 0.00500009954 0.254999995
10238 -0.0149999997 0.00500009954 0.264999986
10239 -0.0149999997 0.00500009954 0.275000006
10240 -0.0149999997 0.00500009954 0.284999996
10241 -0.0149999997 0.00500009954 0.294999987
10242 -0.0149999997 0.00500009954 0.305000007
10243 -0.0149999997 0.00500009954 0.314999998
10244 -0.00499999989 0.00500009954 0.24499999
10245 -0.00499999989 0.00500009954 0.254999995
10246 -0.00499999989 0.00500009954 0.264999986
10247 -0.00499999989 0.00500009954 0.275000006
10248 -0.00499999989 0.00500009954 0.284999996
10249 -0.00499999989 0.00500009954 0.294999987
10250 -0.00499999989 0.00500009954 0.305000007
10251 -0.00499999989 0.00500009954 0.314999998
10252 -0.0749999955 0.00500009954 0.324999988
10253 -0.0749999955 0.00500009954 0.334999979
10254 -0.0749999955 0.00500009954 0.344999999
10255 -0.0749999955 0.00500009954 0.354999989
10256 -0.0749999955 0.00500009954 0.36499998
10257 -0.0749999955 0.00500009954 0.375
10258 -0.0749999955 0.00500009954 0.38499999
10259 -0.0749999955 0.00500009954 0.394999981
10260 -0.0649999976 0.00500009954 0.324999988
10261 -0.0649999976 0.00500009954 0.334999979
10262 -0.0649999976 0.00500009954 0.344999999
10263 -0.0649999976 0.00500009954 0.354999989
10264 -0.0649999976 0.00500009954 0.36499998
10265 -0.0649999976 0.00500009954 0.375
10266 -0.0649999976 0.00500009954 0.38499999
10267 -0.0649999976 0.00500009954 0.394999981
10268 -0.0549999997 0.00500009954 0.324999988
10269 -0.0549999997 0.00500009954 0.334999979
10270 -0.0549999997 0.00500009954 0.344999999
10271 -0.0549999997 0.00500009954 0.354999989
10272 -0.0549999997 0.00500009954 0.36499998
10273 -0.0549999997 0.00500009954 0.375
10274 -0.0549999997 0.00500009954 0.38499999
10275 -0.0549999997 0.00500009954 0.394999981
10276 -0.0449999981 0.00500009954 0.324999988
10277 -0.0449999981 0.00500009954 0.334999979
10278 -0.0449999981 0.00500009954 0.344999999
10279 -0.0449999981 0.00500009954 0.354999989
10280 -0.0449999981 0.00500009954 0.36499998
10281 -0.0449999981 0.00500009954 0.375
10282 -0.0449999981 0.00500009954 0.38499999
10283 -0.0449999981 0.00500009954 0.394999981
10284 -0.0350000001 0.00500009954 0.324999988
10285 -0.0350000001 0.00500009954 0.334999979
10286 -0.0350000001 0.00500009954 0.344999999
10287 -0.0350000001 0.00500009954 0.354999989
10288 -0.0350000001 0.00500009954 0.36499998
10289 -0.0350000001 0.00500009954 0.375
10290 -0.0350000001 0.00500009954 0.38499999
10291 -0.0350000001 0.00500009954 0.394999981
10292 -0.0249999985 0.00500009954 0.324999988
10293 -0.0249999985 0.00500009954 0.334999979
10294 -0.0249999985 0.00500009954 0.344999999
10295 -0.0249999985 0.00500009954 0.354999989
10296 -0.0249999985 0.00500009954 0.36499998
10297 -0.0249999985 0.00500009954 0.375
10298 -0.0249999985 0.00500009954 0.38499999
10299 -0.0249999985 0.00500009954 0.394999981
10300 -0.0149999997 0.00500009954 0.324999988
10301 -0.0149999997 0.00500009954 0.334999979
10302 -0.0149999997 0.00500009954 0.344999999
10303 -0.0149999997 0.00500009954 0.354999989
10304 -0.0149999997 0.00500009954 0.36499998
10305 -0.0149999997 0.00500009954 0.375
10306 -0.0149999997 0.00500009954 0.38499999
10307 -0.0149999997 0.00500009954 0.394999981
10308 -0.00499999989 0.00500009954 0.324999988
10309 -0.00499999989 0.00500009954 0.334999979
10310 -0.00499999989 0.00500009954 0.344999999
10311 -0.00499999989 0.00500009954 0.354999989
10312 -0.00499999989 0.00500009954 0.36499998
10313 -0.00499999989 0.00500009954 0.375
10314 -0.00499999989 0.00500009954 0.38499999
10315 -0.00499999989 0.00500009954 0.394999981
10316 -0.0749999955 0.00500009954 0.405000001
10317 -0.0749999955 0.00500009954 0.414999992
10318 -0.0749999955 0.00500009954 0.424999982
10319 -0.0749999955 0.00500009954 0.435000002
10320 -0.0749999955 0.00500009954 0.444999993
10321 -0.0749999955 0.00500009954 0.454999983
10322 -0.0749999955 0.00500009954 0.465000004
10323 -0.0749999955 0.00500009954 0.474999994
10324 -0.0649999976 0.00500009954 0.405000001
10325 -0.0649999976 0.00500009954 0.414999992
10326 -0.0649999976 0.00500009954 0.424999982
10327 -0.0649999976 0.00500009954 0.435000002
10328 -0.0649999976 0.00500009954 0.444999993
10329 -0.0649999976 0.00500009954 0.454999983
10330 -0.0649999976 0.00500009954 0.465000004
10331 -0.0649999976 0.00500009954 0.474999994
10332 -0.0549999997 0.00500009954 0.405000001
10333 -0.0549999997 0.00500009954 0.414999992
10334 -0.0549999997 0.00500009954 0.424999982
10335 -0.0549999997 0.00500009954 0.435000002
10336 -0.0549999997 0.00500009954 0.444999993
10337 -0.0549999997 0.00500009954 0.454999983
10338 -0.0549999997 0.00500009954 0.465000004
10339 -0.0549999997 0.00500009954 0.474999994
10340 -0.0449999981 0.00500009954 0.405000001
10341 -0.0449999981 0.00500009954 0.414999992
10342 -0.0449999981 0.00500009954 0.424999982
10343 -0.0449999981 0.00500009954 0.435000002
10344 -0.0449999981 0.00500009954 0.444999993
10345 -0.0449999981 0.00500009954 0.454999983
10346 -0.0449999981 0.00500009954 0.465000004
10347 -0.0449999981 0.00500009954 0.474999994
10348 -0.0350000001 0.00500009954 0.405000001
10349 -0.0350000001 0.00500009954 0.414999992
10350 -0.0350000001 0.00500009954 0.424999982
10351 -0.0350000001 0.00500009954 0.435000002
10352 -0.0350000001 0.00500009954 0.444999993
10353 -0.0350000001 0.00500009954 0.454999983
10354 -0.0350000001 0.00500009954 0.465000004
10355 -0.0350000001 0.00500009954 0.474999994
10356 -0.0249999985 0.00500009954 0.405000001
10357 -0.0249999985 0.00500009954 0.414999992
10358 -0.0249999985 0.00500009954 0.424999982
10359 -0.0249999985 0.00500009954 0.435000002
10360 -0.0249999985 0.00500009954 0.444999993
10361 -0.0249999985 0.00500009954 0.454999983
10362 -0.0249999985 0.00500009954 0.465000004
10363 -0.0249999985 0.00500009954 0.474999994
10364 -0.0149999997 0.00500009954 0.405000001
10365 -0.0149999997 0.00500009954 0.414999992
10366 -0.0149999997 0.00500009954 0.424999982
10367 -0.0149999997 0.00500009954 0.435000002
10368 -0.0149999997 0.00500009954 0.444999993
10369 -0.0149999997 0.00500009954 0.454999983
10370 -0.0149999997 0.00500009954 0.465000004
10371 -0.0149999997 0.00500009954 0.474999994
10372 -0.00499999989 0.00500009954 0.405000001
10373 -0.00499999989 0.00500009954 0.414999992
10374 -0.00499999989 0.00500009954 0.424999982
10375 -0.00499999989 0.00500009954 0.435000002
10376 -0.00499999989 0.00500009954 0.444999993
10377 -0.00499999989 0.00500009954 0.454999983
10378 -0.00499999989 0.00500009954 0.465000004
10379 -0.00499999989 0.00500009954 0.474999994
10380 -0.0749999955 0.00500009954 0.484999985
10381 -0.0749999955 0.00250014942 0.494999975
10382 -0.0749999955 9.96515155e-08 0.50000006
10383 -0.0649999976 0.00500009954 0.484999985
10384 -0.0649999976 0.00250014942 0.494999975
10385 -0.0649999976 9.96515155e-08 0.50000006
10386 -0.0549999997 0.00500009954 0.484999985
10387 -0.0549999997 0.00250014942 0.494999975
10388 -0.0549999997 9.96515155e-08 0.50000006
10389 -0.0449999981 0.00500009954 0.484999985
10390 -0.0449999981 0.00250014942 0.494999975
10391 -0.0449999981 9.96515155e-08 0.50000006
10392 -0.0350000001 0.00500009954 0.484999985
10393 -0.0350000001 0.00250014942 0.494999975
10394 -0.0350000001 9.96515155e-08 0.50000006
10395 -0.0249999985 0.00500009954 0.484999985
10396 -0.0249999985 0.00250014942 0.494999975
10397 -0.0249999985 9.96515155e-08 0.50000006
10398 -0.0149999997 0.00500009954 0.484999985
10399 -0.0149999997 0.00250014942 0.494999975
10400 -0.0149999997 9.96515155e-08 0.50000006
10401 -0.00499999989 0.00500009954 0.484999985
10402 -0.00499999989 0.00250014942 0.494999975
10403 -0.00499999989 9.96515155e-08 0.50000006
10404 0.00499999989 -9.96515155e-08 -0.50000006
10405 0.00499999989 -0.00250014942 -0.494999975
10406 0.00499999989 -0.00500009954 -0.484999985
10407 0.0149999997 -9.96515155e-08 -0.50000006
10408 0.0149999997 -0.00250014942 -0.494999975
10409 0.0149999997 -0.00500009954 -0.484999985
10410 0.0249999985 -9.96515155e-08 -0.50000006
10411 0.0249999985 -0.00250014942 -0.494999975
10412 0.0249999985 -0.00500009954 -0.484999985
10413 0.0350000001 -9.96515155e-08 -0.50000006
10414 0.0350000001 -0.00250014942 -0.494999975
10415 0.0350000001 -0.00500009954 -0.484999985
10416 0.0449999981 -9.96515155e-08 -0.50000006
10417 0.0449999981 -0.00250014942 -0.494999975
10418 0.0449999981 -0.00500009954 -0.484999985
10419 0.0549999997 -9.96515155e-08 -0.50000006
10420 0.0549999997 -0.00250014942 -0.494999975
10421 0.0549999997 -0.00500009954 -0.484999985
10422 0.0649999976 -9.96515155e-08 -0.50000006
10423 0.0649999976 -0.00250014942 -0.494999975
10424 0.0649999976 -0.00500009954 -0.484999985
10425 0.0749999955 -9.96515155e-08 -0.50000006
10426 0.0749999955 -0.00250014942 -0.494999975
10427 0.0749999955 -0.00500009954 -0.484999985
10428 0.00499999989 -0.00500009954 -0.474999994
10429 0.00499999989 -0.00500009954 -0.465000004
10430 0.00499999989 -0.00500009954 -0.454999983
10431 0.00499999989 -0.00500009954 -0.444999993
10432 0.00499999989 -0.00500009954 -0.435000002
10433 0.00499999989 -0.00500009954 -0.424999982
10434 0.00499999989 -0.00500009954 -0.414999992
10435 0.00499999989 -0.00500009954 -0.405000001
10436 0.0149999997 -0.00500009954 -0.474999994
10437 0.0149999997 -0.00500009954 -0.465000004
10438 0.0149999997 -0.00500009954 -0.454999983
10439 0.0149999997 -0.00500009954 -0.444999993
10440 0.0149999997 -0.00500009954 -0.435000002
10441 0.0149999997 -0.00500009954 -0.424999982
10442 0.0149999997 -0.00500009954 -0.414999992
10443 0.0149999997 -0.00500009954 -0.405000001
10444 0.0249999985 -0.00500009954 -0.474999994
10445 0.0249999985 -0.00500009954 -0.465000004
10446 0.0249999985 -0.00500009954 -0.454999983
10447 0.0249999985 -0.00500009954 -0.444999993
10448 0.0249999985 -0.00500009954 -0.435000002
10449 0.0249999985 -0.00500009954 -0.424999982
10450 0.0249999985 -0.00500009954 -0.414999992
10451 0.0249999985 -0.00500009954 -0.405000001
10452 0.0350000001 -0.00500009954 -0.474999994
10453 0.0350000001 -0.00500009954 -0.465000004
10454 0.0350000001 -0.00500009954 -0.454999983
10455 0.0350000001 -0.00500009954 -0.444999993
10456 0.0350000001 -0.00500009954 -0.435000002
10457 0.0350000001 -0.00500009954 -0.424999982
10458 0.0350000001 -0.00500009954 -0.414999992
10459 0.0350000001 -0.00500009954 -0.405000001
10460 0.0449999981 -0.00500009954 -0.474999994
10461 0.0449999981 -0.00500009954 -0.465000004
10462 0.0449999981 -0.00500009954 -0.454999983
10463 0.0449999981 -0.00500009954 -0.444999993
10464 0.0449999981 -0.00500009954 -0.435000002
10465 0.0449999981 -0.00500009954 -0.424999982
10466 0.0449999981 -0.00500009954 -0.414999992
10467 0.0449999981 -0.00500009954 -0.405000001
10468 0.0549999997 -0.00500009954 -0.474999994
10469 0.0549999997 -0.00500009954 -0.465000004
10470 0.0549999997 -0.00500009954 -0.454999983
10471 0.0549999997 -0.00500009954 -0.444999993
10472 0.0549999997 -0.00500009954 -0.435000002
10473 0.0549999997 -0.00500009954 -0.424999982
10474 0.0549999997 -0.00500009954 -0.414999992
10475 0.0549999997 -0.00500009954 -0.405000001
10476 0.0649999976 -0.00500009954 -0.474999994
10477 0.0649999976 -0.00500009954 -0.465000004
10478 0.0649999976 -0.00500009954 -0.454999983
10479 0.0649999976 -0.00500009954 -0.444999993
10480 0.0649999976 -0.00500009954 -0.435000002
10481 0.0649999976 -0.00500009954 -0.424999982
10482 0.0649999976 -0.00500009954 -0.414999992
10483 0.0649999976 -0.00500009954 -0.405000001
10484 0.0749999955 -0.00500009954 -0.474999994
10485 0.0749999955 -0.00500009954 -0.465000004
10486 0.0749999955 -0.00500009954 -0.454999983
10487 0.0749999955 -0.00500009954 -0.444999993
10488 0.0749999955 -0.00500009954 -0.435000002
10489 0.0749999955 -0.00500009954 -0.424999982
10490 0.0749999955 -0.00500009954 -0.414999992
10491 0.0749999955 -0.00500009954 -0.405000001
10492 0.00499999989 -0.00500009954 -0.394999981
10493 0.00499999989 -0.00500009954 -0.38499999
10494 0.00499999989 -0.00500009954 -0.375
10495 0.00499999989 -0.00500009954 -0.36499998
10496 0.00499999989 -0.00500009954 -0.354999989
10497 0.00499999989 -0.00500009954 -0.344999999
10498 0.00499999989 -0.00500009954 -0.334999979
10499 0.00499999989 -0.00500009954 -0.324999988
10500 0.0149999997 -0.00500009954 -0.394999981
10501 0.0149999997 -0.00500009954 -0.38499999
10502 0.0149999997 -0.00500009954 -0.375
10503 0.0149999997 -0.00500009954 -0.36499998
10504 0.0149999997 -0.00500009954 -0.354999989
10505 0.0149999997 -0.00500009954 -0.344999999
10506 0.0149999997 -0.00500009954 -0.334999979
10507 0.0149999997 -0.00500009954 -0.324999988
10508 0.0249999985 -0.00500009954 -0.394999981
10509 0.0249999985 -0.00500009954 -0.38499999
10510 0.0249999985 -0.00500009954 -0.375
10511 0.0249999985 -0.00500009954 -0.36499998
10512 0.0249999985 -0.00500009954 -0.354999989
10513 0.0249999985 -0.00500009954 -0.344999999
10514 0.0249999985 -0.00500009954 -0.334999979
10515 0.0249999985 -0.00500009954 -0.324999988
10516 0.0350000001 -0.00500009954 -0.394999981
10517 0.0350000001 -0.00500009954 -0.38499999
10518 0.0350000001 -0.00500009954 -0.375
10519 0.0350000001 -0.00500009954 -0.36499998
10520 0.0350000001 -0.00500009954 -0.354999989
10521 0.0350000001 -0.00500009954 -0.344999999
10522 0.0350000001 -0.00500009954 -0.334999979
10523 0.0350000001 -0.00500009954 -0.324999988
10524 0.0449999981 -0.00500009954 -0.394999981
10525 0.0449999981 -0.00500009954 -0.38499999
10526 0.0449999981 -0.00500009954 -0.375
10527 0.0449999981 -0.00500009954 -0.36499998
10528 0.0449999981 -0.00500009954 -0.354999989
10529 0.0449999981 -0.00500009954 -0.344999999
10530 0.0449999981 -0.00500009954 -0.334999979
10531 0.0449999981 -0.00500009954 -0.324999988
10532 0.0549999997 -0.00500009954 -0.394999981
10533 0.0549999997 -0.00500009954 -0.38499999
10534 0.0549999997 -0.00500009954 -0.375
10535 0.0549999997 -0.00500009954 -0.36499998
10536 0.0549999997 -0.00500009954 -0.354999989
10537 0.0549999997 -0.00500009954 -0.344999999
10538 0.0549999997 -0.00500009954 -0.334999979
10539 0.0549999997 -0.00500009954 -0.324999988
10540 0.0649999976 -0.00500009954 -0.394999981
10541 0.0649999976 -0.00500009954 -0.38499999
10542 0.0649999976 -0.00500009954 -0.375
10543 0.0649999976 -0.00500009954 -0.36499998
10544 0.0649999976 -0.00500009954 -0.354999989
10545 0.0649999976 -0.00500009954 -0.344999999
10546 0.0649999976 -0.00500009954 -0.334999979
10547 0.0649999976 -0.00500009954 -0.324999988
10548 0.0749999955 -0.00500009954 -0.394999981
10549 0.0749999955 -0.00500009954 -0.38499999
10550 0.0749999955 -0.00500009954 -0.375
10551 0.0749999955 -0.00500009954 -0.36499998
10552 0.0749999955 -0.00500009954 -0.354999989
10553 0.0749999955 -0.00500009954 -0.344999999
10554 0.0749999955 -0.00500009954 -0.334999979
10555 0.0749999955 -0.00500009954 -0.324999988
10556 0.00499999989 -0.00500009954 -0.314999998
10557 0.00499999989 -0.00500009954 -0.305000007
10558 0.00499999989 -0.00500009954 -0.294999987
10559 0.00499999989 -0.00500009954 -0.284999996
10560 0.00499999989 -0.00500009954 -0.275000006
10561 0.00499999989 -0.00500009954 -0.264999986
10562 0.00499999989 -0.00500009954 -0.254999995
10563 0.00499999989 -0.00500009954 -0.24499999
10564 0.0149999997 -0.00500009954 -0.314999998
10565 0.0149999997 -0.00500009954 -0.305000007
10566 0.0149999997 -0.00500009954 -0.294999987
10567 0.0149999997 -0.00500009954 -0.284999996
10568 0.0149999997 -0.00500009954 -0.275000006
10569 0.0149999997 -0.00500009954 -0.264999986
10570 0.0149999997 -0.00500009954 -0.254999995
10571 0.0149999997 -0.00500009954 -0.24499999
10572 0.0249999985 -0.00500009954 -0.314999998
10573 0.0249999985 -0.00500009954 -0.305000007
10574 0.0249999985 -0.00500009954 -0.294999987
10575 0.0249999985 -0.00500009954 -0.284999996
10576 0.0249999985 -0.00500009954 -0.275000006
10577 0.0249999985 -0.00500009954 -0.264999986
10578 0.0249999985 -0.00500009954 -0.254999995
10579 0.0249999985 -0.00500009954 -0.24499999
10580 0.0350000001 -0.00500009954 -0.314999998
10581 0.0350000001 -0.00500009954 -0.305000007
10582 0.0350000001 -0.00500009954 -0.294999987
10583 0.0350000001 -0.00500009954 -0.284999996
10584 0.0350000001 -0.00500009954 -0.275000006
10585 0.0350000001 -0.00500009954 -0.264999986
10586 0.0350000001 -0.00500009954 -0.254999995
10587 0.0350000001 -0.00500009954 -0.24499999
10588 0.0449999981 -0.00500009954 -0.314999998
10589 0.0449999981 -0.00500009954 -0.305000007
10590 0.0449999981 -0.00500009954 -0.294999987
10591 0.0449999981 -0.00500009954 -0.284999996
10592 0.0449999981 -0.00500009954 -0.275000006
10593 0.0449999981 -0.00500009954 -0.264999986
10594 0.0449999981 -0.00500009954 -0.254999995
10595 0.0449999981 -0.00500009954 -0.24499999
10596 0.0549999997 -0.00500009954 -0.314999998
10597 0.0549999997 -0.00500009954 -0.305000007
10598 0.0549999997 -0.00500009954 -0.294999987
10599 0.0549999997 -0.00500009954 -0.284999996
10600 0.0549999997 -0.00500009954 -0.275000006
10601 0.0549999997 -0.00500009954 -0.264999986
10602 0.0549999997 -0.00500009954 -0.254999995
10603 0.0549999997 -0.00500009954 -0.24499999
10604 0.0649999976 -0.00500009954 -0.314999998
10605 0.0649999976 -0.00500009954 -0.305000007
10606 0.0649999976 -0.00500009954 -0.294999987
10607 0.0649999976 -0.00500009954 -0.284999996
10608 0.0649999976 -0.00500009954 -0.275000006
10609 0.0649999976 -0.00500009954 -0.264999986
10610 0.0649999976 -0.00500009954 -0.254999995
10611 0.0649999976 -0.00500009954 -0.24499999
10612 0.0749999955 -0.00500009954 -0.314999998
10613 0.0749999955 -0.00500009954 -0.305000007
10614 0.0749999955 -0.00500009954 -0.294999987
10615 0.0749999955 -0.00500009954 -0.284999996
10616 0.0749999955 -0.00500009954 -0.275000006
10617 0.0749999955 -0.00500009954 -0.264999986
10618 0.0749999955 -0.00500009954 -0.254999995
10619 0.0749999955 -0.00500009954 -0.24499999
10620 0.00499999989 -0.00500009954 -0.234999999
10621 0.00499999989 -0.00500009954 -0.224999994
10622 0.00499999989 -0.00500009954 -0.214999989
10623 0.00499999989 -0.00500009954 -0.204999998
10624 0.00499999989 -0.00500009954 -0.194999993
10625 0.00499999989 -0.00500009954 -0.185000002
10626 0.00499999989 -0.00500009954 -0.174999997
10627 0.00499999989 -0.00500009954 -0.164999992
10628 0.0149999997 -0.00500009954 -0.234999999
10629 0.0149999997 -0.00500009954 -0.224999994
10630 0.0149999997 -0.00500009954 -0.214999989
10631 0.0149999997 -0.00500009954 -0.204999998
10632 0.0149999997 -0.00500009954 -0.194999993
10633 0.0149999997 -0.00500009954 -0.185000002
10634 0.0149999997 -0.00500009954 -0.174999997
10635 0.0149999997 -0.00500009954 -0.164999992
10636 0.0249999985 -0.00500009954 -0.234999999
10637 0.0249999985 -0.00500009954 -0.224999994
10638 0.0249999985 -0.00500009954 -0.214999989
10639 0.0249999985 -0.00500009954 -0.204999998
10640 0.0249999985 -0.00500009954 -0.194999993
10641 0.0249999985 -0.00500009954 -0.185000002
10642 0.0249999985 -0.00500009954 -0.174999997
10643 0.0249999985 -0.00500009954 -0.164999992
10644 0.0350000001 -0.00500009954 -0.234999999
10645 0.0350000001 -0.00500009954 -0.224999994
10646 0.0350000001 -0.00500009954 -0.214999989
10647 0.0350000001 -0.00500009954 -0.204999998
10648 0.0350000001 -0.00500009954 -0.194999993
10649 0.0350000001 -0.00500009954 -0.185000002
10650 0.0350000001 -0.00500009954 -0.174999997
10651 0.0350000001 -0.00500009954 -0.164999992
10652 0.0449999981 -0.00500009954 -0.234999999
10653 0.0449999981 -0.00500009954 -0.224999994
10654 0.0449999981 -0.00500009954 -0.214999989
10655 0.0449999981 -0.00500009954 -0.204999998
10656 0.0449999981 -0.00500009954 -0.194999993
10657 0.0449999981 -0.00500009954 -0.185000002
10658 0.0449999981 -0.00500009954 -0.174999997
10659 0.0449999981 -0.00500009954 -0.164999992
10660 0.0549999997 -0.00500009954 -0.234999999
10661 0.0549999997 -0.00500009954 -0.224999994
10662 0.0549999997 -0.00500009954 -0.214999989
10663 0.0549999997 -0.00500009954 -0.204999998
10664 0.0549999997 -0.00500009954 -0.194999993
10665 0.0549999997 -0.00500009954 -0.185000002
10666 0.0549999997 -0.00500009954 -0.174999997
10667 0.0549999997 -0.00500009954 -0.164999992
10668 0.0649999976 -0.00500009954 -0.234999999
10669 0.0649999976 -0.00500009954 -0.224999994
10670 0.0649999976 -0.00500009954 -0.214999989
10671 0.0649999976 -0.00500009954 -0.204999998
10672 0.0649999976 -0.00500009954 -0.194999993
10673 0.0649999976 -0.00500009954 -0.185000002
10674 0.0649999976 -0.00500009954 -0.174999997
10675 0.0649999976 -0.00500009954 -0.164999992
10676 0.0749999955 -0.00500009954 -0.234999999
10677 0.0749999955 -0.00500009954 -0.224999994
10678 0.0749999955 -0.00500009954 -0.214999989
10679 0.0749999955 -0.00500009954 -0.204999998
10680 0.0749999955 -0.00500009954 -0.194999993
10681 0.0749999955 -0.00500009954 -0.185000002
10682 0.0749999955 -0.00500009954 -0.174999997
10683 0.0749999955 -0.00500009954 -0.164999992
10684 0.00499999989 -0.00500009954 -0.155000001
10685 0.00499999989 -0.00500009954 -0.144999996
10686 0.00499999989 -0.00500009954 -0.13499999
10687 0.00499999989 -0.00500009954 -0.125
10688 0.00499999989 -0.00500009954 -0.114999995
10689 0.00499999989 -0.00500009954 -0.104999997
10690 0.00499999989 -0.00500009954 -0.0949999988
10691 0.00499999989 -0.00500009954 -0.0850000009
10692 0.0149999997 -0.00500009954 -0.155000001
10693 0.0149999997 -0.00500009954 -0.144999996
10694 0.0149999997 -0.00500009954 -0.13499999
10695 0.0149999997 -0.00500009954 -0.125
10696 0.0149999997 -0.00500009954 -0.114999995
10697 0.0149999997 -0.00500009954 -0.104999997
10698 0.0149999997 -0.00500009954 -0.0949999988
10699 0.0149999997 -0.00500009954 -0.0850000009
10700 0.0249999985 -0.00500009954 -0.155000001
10701 0.0249999985 -0.00500009954 -0.144999996
10702 0.0249999985 -0.00500009954 -0.13499999
10703 0.0249999985 -0.00500009954 -0.125
10704 0.0249999985 -0.00500009954 -0.114999995
10705 0.0249999985 -0.00500009954 -0.104999997
10706 0.0249999985 -0.00500009954 -0.0949999988
10707 0.0249999985 -0.00500009954 -0.0850000009
10708 0.0350000001 -0.00500009954 -0.155000001
10709 0.0350000001 -0.00500009954 -0.144999996
10710 0.0350000001 -0.00500009954 -0.13499999
10711 0.0350000001 -0.00500009954 -0.125
10712 0.0350000001 -0.00500009954 -0.114999995
10713 0.0350000001 -0.00500009954 -0.104999997
10714 0.0350000001 -0.00500009954 -0.0949999988
10715 0.0350000001 -0.00500009954 -0.0850000009
10716 0.0449999981 -0.00500009954 -0.155000001
10717 0.0449999981 -0.00500009954 -0.144999996
10718 0.0449999981 -0.00500009954 -0.13499999
10719 0.0449999981 -0.00500009954 -0.125
10720 0.0449999981 -0.00500009954 -0.114999995
10721 0.0449999981 -0.00500009954 -0.104999997
10722 0.0449999981 -0.00500009954 -0.0949999988
10723 0.0449999981 -0.00500009954 -0.0850000009
10724 0.0549999997 -0.00500009954 -0.155000001
10725 0.0549999997 -0.00500009954 -0.144999996
10726 0.0549999997 -0.00500009954 -0.13499999
10727 0.0549999997 -0.00500009954 -0.125
10728 0.0549999997 -0.00500009954 -0.114999995
10729 0.0549999997 -0.00500009954 -0.104999997
10730 0.0549999997 -0.00500009954 -0.0949999988
10731 0.0549999997 -0.00500009954 -0.0850000009
10732 0.0649999976 -0.00500009954 -0.155000001
10733 0.0649999976 -0.00500009954 -0.144999996
10734 0.0649999976 -0.00500009954 -0.13499999
10735 0.0649999976 -0.00500009954 -0.125
10736 0.0649999976 -0.00500009954 -0.114999995
10737 0.0649999976 -0.00500009954 -0.104999997
10738 0.0649999976 -0.00500009954 -0.0949999988
10739 0.0649999976 -0.00500009954 -0.0850000009
10740 0.0749999955 -0.00500009954 -0.155000001
10741 0.0749999955 -0.00500009954 -0.144999996
10742 0.0749999955 -0.00500009954 -0.13499999
10743 0.0749999955 -0.00500009954 -0.125
10744 0.0749999955 -0.00500009954 -0.114999995
10745 0.0749999955 -0.00500009954 -0.104999997
10746 0.0749999955 -0.00500009954 -0.0949999988
10747 0.0749999955 -0.00500009954 -0.0850000009
10748 0.00499999989 -0.00500009954 -0.0749999955
10749 0.00499999989 -0.00500009954 -0.0649999976
10750 0.00499999989 -0.00500009954 -0.0549999997
10751 0.00499999989 -0.00500009954 -0.0449999981
10752 0.00499999989 -0.00500009954 -0.0350000001
10753 0.00499999989 -0.00500009954 -0.0249999985
10754 0.00499999989 -0.00500009954 -0.0149999997
10755 0.00499999989 -0.00500009954 -0.00499999989
10756 0.0149999997 -0.00500009954 -0.0749999955
10757 0.0149999997 -0.00500009954 -0.0649999976
10758 0.0149999997 -0.00500009954 -0.0549999997
10759 0.0149999997 -0.00500009954 -0.0449999981
10760 0.0149999997 -0.00500009954 -0.0350000001
10761 0.0149999997 -0.00500009954 -0.0249999985
10762 0.0149999997 -0.00500009954 -0.0149999997
10763 0.0149999997 -0.00500009954 -0.00499999989
10764 0.0249999985 -0.00500009954 -0.0749999955
10765 0.0249999985 -0.00500009954 -0.0649999976
10766 0.0249999985 -0.00500009954 -0.0549999997
10767 0.0249999985 -0.00500009954 -0.0449999981
10768 0.0249999985 -0.00500009954 -0.0350000001
10769 0.0249999985 -0.00500009954 -0.0249999985
10770 0.0249999985 -0.00500009954 -0.0149999997
10771 0.0249999985 -0.00500009954 -0.00499999989
10772 0.0350000001 -0.00500009954 -0.0749999955
10773 0.0350000001 -0.00500009954 -0.0649999976
10774 0.0350000001 -0.00500009954 -0.0549999997
10775 0.0350000001 -0.00500009954 -0.0449999981
10776 0.0350000001 -0.00500009954 -0.0350000001
10777 0.0350000001 -0.00500009954 -0.0249999985
10778 0.0350000001 -0.00500009954 -0.0149999997
10779 0.0350000001 -0.00500009954 -0.00499999989
10780 0.0449999981 -0.00500009954 -0.0749999955
10781 0.0449999981 -0.00500009954 -0.0649999976
10782 0.0449999981 -0.00500009954 -0.0549999997
10783 0.0449999981 -0.00500009954 -0.0449999981
10784 0.0449999981 -0.00500009954 -0.0350000001
10785 0.0449999981 -0.00500009954 -0.0249999985
10786 0.0449999981 -0.00500009954 -0.0149999997
10787 0.0449999981 -0.00500009954 -0.00499999989
10788 0.0549999997 -0.00500009954 -0.0749999955
10789 0.0549999997 -0.00500009954 -0.0649999976
10790 0.0549999997 -0.00500009954 -0.0549999997
10791 0.0549999997 -0.00500009954 -0.0449999981
10792 0.0549999997 -0.00500009954 -0.0350000001
10793 0.0549999997 -0.00500009954 -0.0249999985
10794 0.0549999997 -0.00500009954 -0.0149999997
10795 0.0549999997 -0.00500009954 -0.00499999989
10796 0.0649999976 -0.00500009954 -0.0749999955
10797 0.0649999976 -0.00500009954 -0.0649999976
10798 0.0649999976 -0.00500009954 -0.0549999997
10799 0.0649999976 -0.00500009954 -0.0449999981
10800 0.0649999976 -0.00500009954 -0.0350000001
10801 0.0649999976 -0.00500009954 -0.0249999985
10802 0.0649999976 -0.00500009954 -0.0149999997
10803 0.0649999976 -0.00500009954 -0.00499999989
10804 0.0749999955 -0.00500009954 -0.0749999955
10805 0.0749999955 -0.00500009954 -0.0649999976
10806 0.0749999955 -0.00500009954 -0.0549999997
10807 0.0749999955 -0.00500009954 -0.0449999981
10808 0.0749999955 -0.00500009954 -0.0350000001
10809 0.0749999955 -0.00500009954 -0.0249999985
10810 0.0749999955 -0.00500009954 -0.0149999997
10811 0.0749999955 -0.00500009954 -0.00499999989
10812 0.0850000009 -9.96515155e-08 -0.50000006
10813 0.0850000009 -0.00250014942 -0.494999975
10814 0.0850000009 -0.00500009954 -0.484999985
10815 0.0949999988 -9.96515155e-08 -0.50000006
10816 0.0949999988 -0.00250014942 -0.494999975
10817 0.0949999988 -0.00500009954 -0.484999985
10818 0.104999997 -9.96515155e-08 -0.50000006
10819 0.104999997 -0.00250014942 -0.494999975
10820 0.104999997 -0.00500009954 -0.484999985
10821 0.114999995 -9.96515155e-08 -0.50000006
10822 0.114999995 -0.00250014942 -0.494999975
10823 0.114999995 -0.00500009954 -0.484999985
10824 0.125 -9.96515155e-08 -0.50000006
10825 0.125 -0.00250014942 -0.494999975
10826 0.125 -0.00500009954 -0.484999985
10827 0.13499999 -9.96515155e-08 -0.50000006
10828 0.13499999 -0.00250014942 -0.494999975
10829 0.13499999 -0.00500009954 -0.484999985
10830 0.144999996 -9.96515155e-08 -0.50000006
10831 0.144999996 -0.00250014942 -0.494999975
10832 0.144999996 -0.00500009954 -0.484999985
10833 0.155000001 -9.96515155e-08 -0.50000006
10834 0.155000001 -0.00250014942 -0.494999975
10835 0.155000001 -0.00500009954 -0.484999985
10836 0.0850000009 -0.00500009954 -0.474999994
10837 0.0850000009 -0.00500009954 -0.465000004
10838 0.0850000009 -0.00500009954 -0.454999983
10839 0.0850000009 -0.00500009954 -0.444999993
10840 0.0850000009 -0.00500009954 -0.435000002
10841 0.0850000009 -0.00500009954 -0.424999982
10842 0.0850000009 -0.00500009954 -0.414999992
10843 0.0850000009 -0.00500009954 -0.405000001
10844 0.0949999988 -0.00500009954 -0.474999994
10845 0.0949999988 -0.00500009954 -0.465000004
10846 0.0949999988 -0.00500009954 -0.454999983
10847 0.0949999988 -0.00500009954 -0.444999993
10848 0.0949999988 -0.00500009954 -0.435000002
10849 0.0949999988 -0.00500009954 -0.424999982
10850 0.0949999988 -0.00500009954 -0.414999992
10851 0.0949999988 -0.00500009954 -0.405000001
10852 0.104999997 -0.00500009954 -0.474999994
10853 0.104999997 -0.00500009954 -0.465000004
10854 0.104999997 -0.00500009954 -0.454999983
10855 0.104999997 -0.00500009954 -0.444999993
10856 0.104999997 -0.00500009954 -0.435000002
10857 0.104999997 -0.00500009954 -0.424999982
10858 0.104999997 -0.00500009954 -0.414999992
10859 0.104999997 -0.00500009954 -0.405000001
10860 0.114999995 -0.00500009954 -0.474999994
10861 0.114999995 -0.00500009954 -0.465000004
10862 0.114999995 -0.00500009954 -0.454999983
10863 0.114999995 -0.00500009954 -0.444999993
10864 0.114999995 -0.00500009954 -0.435000002
10865 0.114999995 -0.00500009954 -0.424999982
10866 0.114999995 -0.00500009954 -0.414999992
10867 0.114999995 -0.00500009954 -0.405000001
10868 0.125 -0.00500009954 -0.474999994
10869 0.125 -0.00500009954 -0.465000004
10870 0.125 -0.00500009954 -0.454999983
10871 0.125 -0.00500009954 -0.444999993
10872 0.125 -0.00500009954 -0.435000002
10873 0.125 -0.00500009954 -0.424999982
10874 0.125 -0.00500009954 -0.414999992
10875 0.125 -0.00500009954 -0.405000001
10876 0.13499999 -0.00500009954 -0.474999994
10877 0.13499999 -0.00500009954 -0.465000004
10878 0.13499999 -0.00500009954 -0.454999983
10879 0.13499999 -0.00500009954 -0.444999993
10880 0.13499999 -0.00500009954 -0.435000002
10881 0.13499999 -0.00500009954 -0.424999982
10882 0.13499999 -0.00500009954 -0.414999992
10883 0.13499999 -0.00500009954 -0.405000001
10884 0.144999996 -0.00500009954 -0.474999994
10885 0.144999996 -0.00500009954 -0.465000004
10886 0.144999996 -0.00500009954 -0.454999983
10887 0.144999996 -0.00500009954 -0.444999993
10888 0.144999996 -0.00500009954 -0.435000002
10889 0.144999996 -0.00500009954 -0.424999982
10890 0.144999996 -0.00500009954 -0.414999992
10891 0.144999996 -0.00500009954 -0.405000001
10892 0.155000001 -0.00500009954 -0.474999994
10893 0.155000001 -0.00500009954 -0.465000004
10894 0.155000001 -0.00500009954 -0.454999983
10895 0.155000001 -0.00500009954 -0.444999993
10896 0.155000001 -0.00500009954 -0.435000002
10897 0.155000001 -0.00500009954 -0.424999982
10898 0.155000001 -0.00500009954 -0.414999992
10899 0.155000001 -0.00500009954 -0.405000001
10900 0.0850000009 -0.00500009954 -0.394999981
10901 0.0850000009 -0.00500009954 -0.38499999
10902 0.0850000009 -0.00500009954 -0.375
10903 0.0850000009 -0.00500009954 -0.36499998
10904 0.0850000009 -0.00500009954 -0.354999989
10905 0.0850000009 -0.00500009954 -0.344999999
10906 0.0850000009 -0.00500009954 -0.334999979
10907 0.0850000009 -0.00500009954 -0.324999988
10908 0.0949999988 -0.00500009954 -0.394999981
10909 0.0949999988 -0.00500009954 -0.38499999
10910 0.0949999988 -0.00500009954 -0.375
10911 0.0949999988 -0.00500009954 -0.36499998
10912 0.0949999988 -0.00500009954 -0.354999989
10913 0.0949999988 -0.00500009954 -0.344999999
10914 0.0949999988 -0.00500009954 -0.334999979
10915 0.0949999988 -0.00500009954 -0.324999988
10916 0.104999997 -0.00500009954 -0.394999981
10917 0.104999997 -0.00500009954 -0.38499999
10918 0.104999997 -0.00500009954 -0.375
10919 0.104999997 -0.00500009954 -0.36499998
10920 0.104999997 -0.00500009954 -0.354999989
10921 0.104999997 -0.00500009954 -0.344999999
10922 0.104999997 -0.00500009954 -0.334999979
10923 0.104999997 -0.00500009954 -0.324999988
10924 0.114999995 -0.00500009954 -0.394999981
10925 0.114999995 -0.00500009954 -0.38499999
10926 0.114999995 -0.00500009954 -0.375
10927 0.114999995 -0.00500009954 -0.36499998
10928 0.114999995 -0.00500009954 -0.354999989
10929 0.114999995 -0.00500009954 -0.344999999
10930 0.114999995 -0.00500009954 -0.334999979
10931 0.114999995 -0.00500009954 -0.324999988
10932 0.125 -0.00500009954 -0.394999981
10933 0.125 -0.00500009954 -0.38499999
10934 0.125 -0.00500009954 -0.375
10935 0.125 -0.00500009954 -0.36499998
10936 0.125 -0.00500009954 -0.354999989
10937 0.125 -0.00500009954 -0.344999999
10938 0.125 -0.00500009954 -0.334999979
10939 0.125 -0.00500009954 -0.324999988
10940 0.13499999 -0.00500009954 -0.394999981
10941 0.13499999 -0.00500009954 -0.38499999
10942 0.13499999 -0.00500009954 -0.375
10943 0.13499999 -0.00500009954 -0.36499998
10944 0.13499999 -0.00500009954 -0.354999989
10945 0.13499999 -0.00500009954 -0.344999999
10946 0.13499999 -0.00500009954 -0.334999979
10947 0.13499999 -0.00500009954 -0.324999988
10948 0.144999996 -0.00500009954 -0.394999981
10949 0.144999996 -0.00500009954 -0.38499999
10950 0.144999996 -0.00500009954 -0.375
10951 0.144999996 -0.00500009954 -0.36499998
10952 0.144999996 -0.00500009954 -0.354999989
10953 0.144999996 -0.00500009954 -0.344999999
10954 0.144999996 -0.00500009954 -0.334999979
10955 0.144999996 -0.00500009954 -0.324999988
10956 0.155000001 -0.00500009954 -0.394999981
10957 0.155000001 -0.00500009954 -0.38499999
10958 0.155000001 -0.00500009954 -0.375
10959 0.155000001 -0.00500009954 -0.36499998
10960 0.155000001 -0.00500009954 -0.354999989
10961 0.155000001 -0.00500009954 -0.344999999
10962 0.155000001 -0.00500009954 -0.334999979
10963 0.155000001 -0.00500009954 -0.324999988
10964 0.0850000009 -0.00500009954 -0.314999998
10965 0.0850000009 -0.00500009954 -0.305000007
10966 0.0850000009 -0.00500009954 -0.294999987
10967 0.0850000009 -0.00500009954 -0.284999996
10968 0.0850000009 -0.00500009954 -0.275000006
10969 0.0850000009 -0.00500009954 -0.264999986
10970 0.0850000009 -0.00500009954 -0.254999995
10971 0.0850000009 -0.00500009954 -0.24499999
10972 0.0949999988 -0.00500009954 -0.314999998
10973 0.0949999988 -0.00500009954 -0.305000007
10974 0.0949999988 -0.00500009954 -0.294999987
10975 0.0949999988 -0.00500009954 -0.284999996
10976 0.0949999988 -0.00500009954 -0.275000006
10977 0.0949999988 -0.00500009954 -0.264999986
10978 0.0949999988 -0.00500009954 -0.254999995
10979 0.0949999988 -0.00500009954 -0.24499999
10980 0.104999997 -0.00500009954 -0.314999998
10981 0.104999997 -0.00500009954 -0.305000007
10982 0.104999997 -0.00500009954 -0.294999987
10983 0.104999997 -0.00500009954 -0.284999996
10984 0.104999997 -0.00500009954 -0.275000006
10985 0.104999997 -0.00500009954 -0.264999986
10986 0.104999997 -0.00500009954 -0.254999995
10987 0.104999997 -0.00500009954 -0.24499999
10988 0.114999995 -0.00500009954 -0.314999998
10989 0.114999995 -0.00500009954 -0.305000007
10990 0.114999995 -0.00500009954 -0.294999987
10991 0.114999995 -0.00500009954 -0.284999996
10992 0.114999995 -0.00500009954 -0.275000006
10993 0.114999995 -0.00500009954 -0.264999986
10994 0.114999995 -0.00500009954 -0.254999995
10995 0.114999995 -0.00500009954 -0.24499999
10996 0.125 -0.00500009954 -0.314999998
10997 0.125 -0.00500009954 -0.305000007
10998 0.125 -0.00500009954 -0.294999987
10999 0.125 -0.00500009954 -0.284999996
11000 0.125 -0.00500009954 -0.275000006
11001 0.125 -0.00500009954 -0.264999986
11002 0.125 -0.00500009954 -0.254999995
11003 0.125 -0.00500009954 -0.24499999
11004 0.13499999 -0.00500009954 -0.314999998
11005 0.13499999 -0.00500009954 -0.305000007
11006 0.13499999 -0.00500009954 -0.294999987
11007 0.13499999 -0.00500009954 -0.284999996
11008 0.13499999 -0.00500009954 -0.275000006
11009 0.13499999 -0.00500009954 -0.264999986
11010 0.13499999 -0.00500009954 -0.254999995
11011 0.13499999 -0.00500009954 -0.24499999
11012 0.144999996 -0.00500009954 -0.314999998
11013 0.144999996 -0.00500009954 -0.305000007
11014 0.144999996 -0.00500009954 -0.294999987
11015 0.144999996 -0.00500009954 -0.284999996
11016 0.144999996 -0.00500009954 -0.275000006
11017 0.144999996 -0.00500009954 -0.264999986
11018 0.144999996 -0.00500009954 -0.254999995
11019 0.144999996 -0.00500009954 -0.24499999
11020 0.155000001 -0.00500009954 -0.314999998
11021 0.155000001 -0.00500009954 -0.305000007
11022 0.155000001 -0.00500009954 -0.294999987
11023 0.155000001 -0.00500009954 -0.284999996
11024 0.155000001 -0.00500009954 -0.275000006
11025 0.155000001 -0.00500009954 -0.264999986
11026 0.155000001 -0.00500009954 -0.254999995
11027 0.155000001 -0.00500009954 -0.24499999
11028 0.0850000009 -0.00500009954 -0.234999999
11029 0.0850000009 -0.00500009954 -0.224999994
11030 0.0850000009 -0.00500009954 -0.214999989
11031 0.0850000009 -0.00500009954 -0.204999998
11032 0.0850000009 -0.00500009954 -0.194999993
11033 0.0850000009 -0.00500009954 -0.185000002
11034 0.0850000009 -0.00500009954 -0.174999997
11035 0.0850000009 -0.00500009954 -0.164999992
11036 0.0949999988 -0.00500009954 -0.234999999
11037 0.0949999988 -0.00500009954 -0.224999994
11038 0.0949999988 -0.00500009954 -0.214999989
11039 0.0949999988 -0.00500009954 -0.204999998
11040 0.0949999988 -0.00500009954 -0.194999993
11041 0.0949999988 -0.00500009954 -0.185000002
11042 0.0949999988 -0.00500009954 -0.174999997
11043 0.0949999988 -0.00500009954 -0.164999992
11044 0.104999997 -0.00500009954 -0.234999999
11045 0.104999997 -0.00500009954 -0.224999994
11046 0.104999997 -0.00500009954 -0.214999989
11047 0.104999997 -0.00500009954 -0.204999998
11048 0.104999997 -0.00500009954 -0.194999993
11049 0.104999997 -0.00500009954 -0.185000002
11050 0.104999997 -0.00500009954 -0.174999997
11051 0.104999997 -0.00500009954 -0.164999992
11052 0.114999995 -0.00500009954 -0.234999999
11053 0.114999995 -0.00500009954 -0.224999994
11054 0.114999995 -0.00500009954 -0.214999989
11055 0.114999995 -0.00500009954 -0.204999998
11056 0.114999995 -0.00500009954 -0.194999993
11057 0.114999995 -0.00500009954 -0.185000002
11058 0.114999995 -0.00500009954 -0.174999997
11059 0.114999995 -0.00500009954 -0.164999992
11060 0.125 -0.00500009954 -0.234999999
11061 0.125 -0.00500009954 -0.224999994
11062 0.125 -0.00500009954 -0.214999989
11063 0.125 -0.00500009954 -0.204999998
11064 0.125 -0.00500009954 -0.194999993
11065 0.125 -0.00500009954 -0.185000002
11066 0.125 -0.00500009954 -0.174999997
11067 0.125 -0.00500009954 -0.164999992
11068 0.13499999 -0.00500009954 -0.234999999
11069 0.13499999 -0.00500009954 -0.224999994
11070 0.13499999 -0.00500009954 -0.214999989
11071 0.13499999 -0.00500009954 -0.204999998
11072 0.13499999 -0.00500009954 -0.194999993
11073 0.13499999 -0.00500009954 -0.185000002
11074 0.13499999 -0.00500009954 -0.174999997
11075 0.13499999 -0.00500009954 -0.164999992
11076 0.144999996 -0.00500009954 -0.234999999
11077 0.144999996 -0.00500009954 -0.224999994
11078 0.144999996 -0.00500009954 -0.214999989
11079 0.144999996 -0.00500009954 -0.204999998
11080 0.144999996 -0.00500009954 -0.194999993
11081 0.144999996 -0.00500009954 -0.185000002
11082 0.144999996 -0.00500009954 -0.174999997
11083 0.144999996 -0.00500009954 -0.164999992
11084 0.155000001 -0.00500009954 -0.234999999
11085 0.155000001 -0.00500009954 -0.224999994
11086 0.155000001 -0.00500009954 -0.214999989
11087 0.155000001 -0.00500009954 -0.204999998
11088 0.155000001 -0.00500009954 -0.194999993
11089 0.155000001 -0.00500009954 -0.185000002
11090 0.155000001 -0.00500009954 -0.174999997
11091 0.155000001 -0.00500009954 -0.164999992
11092 0.0850000009 -0.00500009954 -0.155000001
11093 0.0850000009 -0.00500009954 -0.144999996
11094 0.0850000009 -0.00500009954 -0.13499999
11095 0.0850000009 -0.00500009954 -0.125
11096 0.0850000009 -0.00500009954 -0.114999995
11097 0.0850000009 -0.00500009954 -0.104999997
11098 0.0850000009 -0.00500009954 -0.0949999988
11099 0.0850000009 -0.00500009954 -0.0850000009
11100 0.0949999988 -0.00500009954 -0.155000001
11101 0.0949999988 -0.00500009954 -0.144999996
11102 0.0949999988 -0.00500009954 -0.13499999
11103 0.0949999988 -0.00500009954 -0.125
11104 0.0949999988 -0.00500009954 -0.114999995
11105 0.0949999988 -0.00500009954 -0.104999997
11106 0.0949999988 -0.00500009954 -0.0949999988
11107 0.0949999988 -0.00500009954 -0.0850000009
11108 0.104999997 -0.00500009954 -0.155000001
11109 0.104999997 -0.00500009954 -0.144999996
11110 0.104999997 -0.00500009954 -0.13499999
11111 0.104999997 -0.00500009954 -0.125
11112 0.104999997 -0.00500009954 -0.114999995
11113 0.104999997 -0.00500009954 -0.104999997
11114 0.104999997 -0.00500009954 -0.0949999988
11115 0.104999997 -0.00500009954 -0.0850000009
11116 0.114999995 -0.00500009954 -0.155000001
11117 0.114999995 -0.00500009954 -0.144999996
11118 0.114999995 -0.00500009954 -0.13499999
11119 0.114999995 -0.00500009954 -0.125
11120 0.114999995 -0.00500009954 -0.114999995
11121 0.114999995 -0.00500009954 -0.104999997
11122 0.114999995 -0.00500009954 -0.0949999988
11123 0.114999995 -0.00500009954 -0.0850000009
11124 0.125 -0.00500009954 -0.155000001
11125 0.125 -0.00500009954 -0.144999996
11126 0.125 -0.00500009954 -0.13499999
11127 0.125 -0.00500009954 -0.125
11128 0.125 -0.00500009954 -0.114999995
11129 0.125 -0.00500009954 -0.104999997
11130 0.125 -0.00500009954 -0.0949999988
11131 0.125 -0.00500009954 -0.0850000009
11132 0.13499999 -0.00500009954 -0.155000001
11133 0.13499999 -0.00500009954 -0.144999996
11134 0.13499999 -0.00500009954 -0.13499999
11135 0.13499999 -0.00500009954 -0.125
11136 0.13499999 -0.00500009954 -0.114999995
11137 0.13499999 -0.00500009954 -0.104999997
11138 0.13499999 -0.00500009954 -0.0949999988
11139 0.13499999 -0.00500009954 -0.0850000009
11140 0.144999996 -0.00500009954 -0.155000001
11141 0.144999996 -0.00500009954 -0.144999996
11142 0.144999996 -0.00500009954 -0.13499999
11143 0.144999996 -0.00500009954 -0.125
11144 0.144999996 -0.00500009954 -0.114999995
11145 0.144999996 -0.00500009954 -0.104999997
11146 0.144999996 -0.00500009954 -0.0949999988
11147 0.144999996 -0.00500009954 -0.0850000009
11148 0.155000001 -0.00500009954 -0.155000001
11149 0.155000001 -0.00500009954 -0.144999996
11150 0.155000001 -0.00500009954 -0.13499999
11151 0.155000001 -0.00500009954 -0.125
11152 0.155000001 -0.00500009954 -0.114999995
11153 0.155000001 -0.00500009954 -0.104999997
11154 0.155000001 -0.00500009954 -0.0949999988
11155 0.155000001 -0.00500009954 -0.0850000009
11156 0.0850000009 -0.00500009954 -0.0749999955
11157 0.0850000009 -0.00500009954 -0.0649999976
11158 0.0850000009 -0.00500009954 -0.0549999997
11159 0.0850000009 -0.00500009954 -0.0449999981
11160 0.0850000009 -0.00500009954 -0.0350000001
11161 0.0850000009 -0.00500009954 -0.0249999985
11162 0.0850000009 -0.00500009954 -0.0149999997
11163 0.0850000009 -0.00500009954 -0.00499999989
11164 0.0949999988 -0.00500009954 -0.0749999955
11165 0.0949999988 -0.00500009954 -0.0649999976
11166 0.0949999988 -0.00500009954 -0.0549999997
11167 0.0949999988 -0.00500009954 -0.0449999981
11168 0.0949999988 -0.00500009954 -0.0350000001
11169 0.0949999988 -0.00500009954 -0.0249999985
11170 0.0949999988 -0.00500009954 -0.0149999997
11171 0.0949999988 -0.00500009954 -0.00499999989
11172 0.104999997 -0.00500009954 -0.0749999955
11173 0.104999997 -0.00500009954 -0.0649999976
11174 0.104999997 -0.00500009954 -0.0549999997
11175 0.104999997 -0.00500009954 -0.0449999981
11176 0.104999997 -0.00500009954 -0.0350000001
11177 0.104999997 -0.00500009954 -0.0249999985
11178 0.104999997 -0.00500009954 -0.0149999997
11179 0.104999997 -0.00500009954 -0.00499999989
11180 0.114999995 -0.00500009954 -0.0749999955
11181 0.114999995 -0.00500009954 -0.0649999976
11182 0.114999995 -0.00500009954 -0.0549999997
11183 0.114999995 -0.00500009954 -0.0449999981
11184 0.114999995 -0.00500009954 -0.0350000001
11185 0.114999995 -0.00500009954 -0.0249999985
11186 0.114999995 -0.00500009954 -0.0149999997
11187 0.114999995 -0.00500009954 -0.00499999989
11188 0.125 -0.00500009954 -0.0749999955
11189 0.125 -0.00500009954 -0.0649999976
11190 0.125 -0.00500009954 -0.0549999997
11191 0.125 -0.00500009954 -0.0449999981
11192 0.125 -0.00500009954 -0.0350000001
11193 0.125 -0.00500009954 -0.0249999985
11194 0.125 -0.00500009954 -0.0149999997
11195 0.125 -0.00500009954 -0.00499999989
11196 0.13499999 -0.00500009954 -0.0749999955
11197 0.13499999 -0.00500009954 -0.0649999976
11198 0.13499999 -0.00500009954 -0.0549999997
11199 0.13499999 -0.00500009954 -0.0449999981
11200 0.13499999 -0.00500009954 -0.0350000001
11201 0.13499999 -0.00500009954 -0.0249999985
11202 0.13499999 -0.00500009954 -0.0149999997
11203 0.13499999 -0.00500009954 -0.00499999989
11204 0.144999996 -0.00500009954 -0.0749999955
11205 0.144999996 -0.00500009954 -0.0649999976
11206 0.144999996 -0.00500009954 -0.0549999997
11207 0.144999996 -0.00500009954 -0.0449999981
11208 0.144999996 -0.00500009954 -0.0350000001
11209 0.144999996 -0.00500009954 -0.0249999985
11210 0.144999996 -0.00500009954 -0.0149999997
11211 0.144999996 -0.00500009954 -0.00499999989
11212 0.155000001 -0.00500009954 -0.0749999955
11213 0.155000001 -0.00500009954 -0.0649999976
11214 0.155000001 -0.00500009954 -0.0549999997
11215 0.155000001 -0.00500009954 -0.0449999981
11216 0.155000001 -0.00500009954 -0.0350000001
11217 0.155000001 -0.00500009954 -0.0249999985
11218 0.155000001 -0.00500009954 -0.0149999997
11219 0.155000001 -0.00500009954 -0.00499999989
11220 0.164999992 -9.96515155e-08 -0.50000006
11221 0.164999992 -0.00250014942 -0.494999975
11222 0.164999992 -0.00500009954 -0.484999985
11223 0.174999997 -9.96515155e-08 -0.50000006
11224 0.174999997 -0.00250014942 -0.494999975
11225 0.174999997 -0.00500009954 -0.484999985
11226 0.185000002 -9.96515155e-08 -0.50000006
11227 0.185000002 -0.00250014942 -0.494999975
11228 0.185000002 -0.00500009954 -0.484999985
11229 0.194999993 -9.96515155e-08 -0.50000006
11230 0.194999993 -0.00250014942 -0.494999975
11231 0.194999993 -0.00500009954 -0.484999985
11232 0.204999998 -9.96515155e-08 -0.50000006
11233 0.204999998 -0.00250014942 -0.494999975
11234 0.204999998 -0.00500009954 -0.484999985
11235 0.214999989 -9.96515155e-08 -0.50000006
11236 0.214999989 -0.00250014942 -0.494999975
11237 0.214999989 -0.00500009954 -0.484999985
11238 0.224999994 -9.96515155e-08 -0.50000006
11239 0.224999994 -0.00250014942 -0.494999975
11240 0.224999994 -0.00500009954 -0.484999985
11241 0.234999999 -9.96515155e-08 -0.50000006
11242 0.234999999 -0.00250014942 -0.494999975
11243 0.234999999 -0.00500009954 -0.484999985
11244 0.164999992 -0.00500009954 -0.474999994
11245 0.164999992 -0.00500009954 -0.465000004
11246 0.164999992 -0.00500009954 -0.454999983
11247 0.164999992 -0.00500009954 -0.444999993
11248 0.164999992 -0.00500009954 -0.435000002
11249 0.164999992 -0.00500009954 -0.424999982
11250 0.164999992 -0.00500009954 -0.414999992
11251 0.164999992 -0.00500009954 -0.405000001
11252 0.174999997 -0.00500009954 -0.474999994
11253 0.174999997 -0.00500009954 -0.465000004
11254 0.174999997 -0.00500009954 -0.454999983
11255 0.174999997 -0.00500009954 -0.444999993
11256 0.174999997 -0.00500009954 -0.435000002
11257 0.174999997 -0.00500009954 -0.424999982
11258 0.174999997 -0.00500009954 -0.414999992
11259 0.174999997 -0.00500009954 -0.405000001
11260 0.185000002 -0.00500009954 -0.474999994
11261 0.185000002 -0.00500009954 -0.465000004
11262 0.185000002 -0.00500009954 -0.454999983
11263 0.185000002 -0.00500009954 -0.444999993
11264 0.185000002 -0.00500009954 -0.435000002
11265 0.185000002 -0.00500009954 -0.424999982
11266 0.185000002 -0.00500009954 -0.414999992
11267 0.185000002 -0.00500009954 -0.405000001
11268 0.194999993 -0.00500009954 -0.474999994
11269 0.194999993 -0.00500009954 -0.465000004
11270 0.194999993 -0.00500009954 -0.454999983
11271 0.194999993 -0.00500009954 -0.444999993
11272 0.194999993 -0.00500009954 -0.435000002
11273 0.194999993 -0.00500009954 -0.424999982
11274 0.194999993 -0.00500009954 -0.414999992
11275 0.194999993 -0.00500009954 -0.405000001
11276 0.204999998 -0.00500009954 -0.474999994
11277 0.204999998 -0.00500009954 -0.465000004
11278 0.204999998 -0.00500009954 -0.454999983
11279 0.204999998 -0.00500009954 -0.444999993
11280 0.204999998 -0.00500009954 -0.435000002
11281 0.204999998 -0.00500009954 -0.424999982
11282 0.204999998 -0.00500009954 -0.414999992
11283 0.204999998 -0.00500009954 -0.405000001
11284 0.214999989 -0.00500009954 -0.474999994
11285 0.214999989 -0.00500009954 -0.465000004
11286 0.214999989 -0.00500009954 -0.454999983
11287 0.214999989 -0.00500009954 -0.444999993
11288 0.214999989 -0.00500009954 -0.435000002
11289 0.214999989 -0.00500009954 -0.424999982
11290 0.214999989 -0.00500009954 -0.414999992
11291 0.214999989 -0.00500009954 -0.405000001
11292 0.224999994 -0.00500009954 -0.474999994
11293 0.224999994 -0.00500009954 -0.465000004
11294 0.224999994 -0.00500009954 -0.454999983
11295 0.224999994 -0.00500009954 -0.444999993
11296 0.224999994 -0.00500009954 -0.435000002
11297 0.224999994 -0.00500009954 -0.424999982
11298 0.224999994 -0.00500009954 -0.414999992
11299 0.224999994 -0.00500009954 -0.405000001
11300 0.234999999 -0.00500009954 -0.474999994
11301 0.234999999 -0.00500009954 -0.465000004
11302 0.234999999 -0.00500009954 -0.454999983
11303 0.234999999 -0.00500009954 -0.444999993
11304 0.234999999 -0.00500009954 -0.435000002
11305 0.234999999 -0.00500009954 -0.424999982
11306 0.234999999 -0.00500009954 -0.414999992
11307 0.234999999 -0.00500009954 -0.405000001
11308 0.164999992 -0.00500009954 -0.394999981
11309 0.164999992 -0.00500009954 -0.38499999
11310 0.164999992 -0.00500009954 -0.375
11311 0.164999992 -0.00500009954 -0.36499998
11312 0.164999992 -0.00500009954 -0.354999989
11313 0.164999992 -0.00500009954 -0.344999999
11314 0.164999992 -0.00500009954 -0.334999979
11315 0.164999992 -0.00500009954 -0.324999988
11316 0.174999997 -0.00500009954 -0.394999981
11317 0.174999997 -0.00500009954 -0.38499999
11318 0.174999997 -0.00500009954 -0.375
11319 0.174999997 -0.00500009954 -0.36499998
11320 0.174999997 -0.00500009954 -0.354999989
11321 0.174999997 -0.00500009954 -0.344999999
11322 0.174999997 -0.00500009954 -0.334999979
11323 0.174999997 -0.00500009954 -0.324999988
11324 0.185000002 -0.00500009954 -0.394999981
11325 0.185000002 -0.00500009954 -0.38499999
11326 0.185000002 -0.00500009954 -0.375
11327 0.185000002 -0.00500009954 -0.36499998
11328 0.185000002 -0.00500009954 -0.354999989
11329 0.185000002 -0.00500009954 -0.344999999
11330 0.185000002 -0.00500009954 -0.334999979
11331 0.185000002 -0.00500009954 -0.324999988
11332 0.194999993 -0.00500009954 -0.394999981
11333 0.194999993 -0.00500009954 -0.38499999
11334 0.194999993 -0.00500009954 -0.375
11335 0.194999993 -0.00500009954 -0.36499998
11336 0.194999993 -0.00500009954 -0.354999989
11337 0.194999993 -0.00500009954 -0.344999999
11338 0.194999993 -0.00500009954 -0.334999979
11339 0.194999993 -0.00500009954 -0.324999988
11340 0.204999998 -0.00500009954 -0.394999981
11341 0.204999998 -0.00500009954 -0.38499999
11342 0.204999998 -0.00500009954 -0.375
11343 0.204999998 -0.00500009954 -0.36499998
11344 0.204999998 -0.00500009954 -0.354999989
11345 0.204999998 -0.00500009954 -0.344999999
11346 0.204999998 -0.00500009954 -0.334999979
11347 0.204999998 -0.00500009954 -0.324999988
11348 0.214999989 -0.00500009954 -0.394999981
11349 0.214999989 -0.00500009954 -0.38499999
11350 0.214999989 -0.00500009954 -0.375
11351 0.214999989 -0.00500009954 -0.36499998
11352 0.214999989 -0.00500009954 -0.354999989
11353 0.214999989 -0.00500009954 -0.344999999
11354 0.214999989 -0.00500009954 -0.334999979
11355 0.214999989 -0.00500009954 -0.324999988
11356 0.224999994 -0.00500009954 -0.394999981
11357 0.224999994 -0.00500009954 -0.38499999
11358 0.224999994 -0.00500009954 -0.375
11359 0.224999994 -0.00500009954 -0.36499998
11360 0.224999994 -0.00500009954 -0.354999989
11361 0.224999994 -0.00500009954 -0.344999999
11362 0.224999994 -0.00500009954 -0.334999979
11363 0.224999994 -0.00500009954 -0.324999988
11364 0.234999999 -0.00500009954 -0.394999981
11365 0.234999999 -0.00500009954 -0.38499999
11366 0.234999999 -0.00500009954 -0.375
11367 0.234999999 -0.00500009954 -0.36499998
11368 0.234999999 -0.00500009954 -0.354999989
11369 0.234999999 -0.00500009954 -0.344999999
11370 0.234999999 -0.00500009954 -0.334999979
11371 0.234999999 -0.00500009954 -0.324999988
11372 0.164999992 -0.00500009954 -0.314999998
11373 0.164999992 -0.00500009954 -0.305000007
11374 0.164999992 -0.00500009954 -0.294999987
11375 0.164999992 -0.00500009954 -0.284999996
11376 0.164999992 -0.00500009954 -0.275000006
11377 0.164999992 -0.00500009954 -0.264999986
11378 0.164999992 -0.00500009954 -0.254999995
11379 0.164999992 -0.00500009954 -0.24499999
11380 0.174999997 -0.00500009954 -0.314999998
11381 0.174999997 -0.00500009954 -0.305000007
11382 0.174999997 -0.00500009954 -0.294999987
11383 0.174999997 -0.00500009954 -0.284999996
11384 0.174999997 -0.00500009954 -0.275000006
11385 0.174999997 -0.00500009954 -0.264999986
11386 0.174999997 -0.00500009954 -0.254999995
11387 0.174999997 -0.00500009954 -0.24499999
11388 0.185000002 -0.00500009954 -0.314999998
11389 0.185000002 -0.00500009954 -0.305000007
11390 0.185000002 -0.00500009954 -0.294999987
11391 0.185000002 -0.00500009954 -0.284999996
11392 0.185000002 -0.00500009954 -0.275000006
11393 0.185000002 -0.00500009954 -0.264999986
11394 0.185000002 -0.00500009954 -0.254999995
11395 0.185000002 -0.00500009954 -0.24499999
11396 0.194999993 -0.00500009954 -0.314999998
11397 0.194999993 -0.00500009954 -0.305000007
11398 0.194999993 -0.00500009954 -0.294999987
11399 0.194999993 -0.00500009954 -0.284999996
11400 0.194999993 -0.00500009954 -0.275000006
11401 0.194999993 -0.00500009954 -0.264999986
11402 0.194999993 -0.00500009954 -0.254999995
11403 0.194999993 -0.00500009954 -0.24499999
11404 0.204999998 -0.00500009954 -0.314999998
11405 0.204999998 -0.00500009954 -0.305000007
11406 0.204999998 -0.00500009954 -0.294999987
11407 0.204999998 -0.00500009954 -0.284999996
11408 0.204999998 -0.00500009954 -0.275000006
11409 0.204999998 -0.00500009954 -0.264999986
11410 0.204999998 -0.00500009954 -0.254999995
11411 0.204999998 -0.00500009954 -0.24499999
11412 0.214999989 -0.00500009954 -0.314999998
11413 0.214999989 -0.00500009954 -0.305000007
11414 0.214999989 -0.00500009954 -0.294999987
11415 0.214999989 -0.00500009954 -0.284999996
11416 0.214999989 -0.00500009954 -0.275000006
11417 0.214999989 -0.00500009954 -0.264999986
11418 0.214999989 -0.00500009954 -0.254999995
11419 0.214999989 -0.00500009954 -0.24499999
11420 0.224999994 -0.00500009954 -0.314999998
11421 0.224999994 -0.00500009954 -0.305000007
11422 0.224999994 -0.00500009954 -0.294999987
11423 0.224999994 -0.00500009954 -0.284999996
11424 0.224999994 -0.00500009954 -0.275000006
11425 0.224999994 -0.00500009954 -0.264999986
11426 0.224999994 -0.00500009954 -0.254999995
11427 0.224999994 -0.00500009954 -0.24499999
11428 0.234999999 -0.00500009954 -0.314999998
11429 0.234999999 -0.00500009954 -0.305000007
11430 0.234999999 -0.00500009954 -0.294999987
11431 0.234999999 -0.00500009954 -0.284999996
11432 0.234999999 -0.00500009954 -0.275000006
11433 0.234999999 -0.00500009954 -0.264999986
11434 0.234999999 -0.00500009954 -0.254999995
11435 0.234999999 -0.00500009954 -0.24499999
11436 0.164999992 -0.00500009954 -0.234999999
11437 0.164999992 -0.00500009954 -0.224999994
11438 0.164999992 -0.00500009954 -0.214999989
11439 0.164999992 -0.00500009954 -0.204999998
11440 0.164999992 -0.00500009954 -0.194999993
11441 0.164999992 -0.00500009954 -0.185000002
11442 0.164999992 -0.00500009954 -0.174999997
11443 0.164999992 -0.00500009954 -0.164999992
11444 0.174999997 -0.00500009954 -0.234999999
11445 0.174999997 -0.00500009954 -0.224999994
11446 0.174999997 -0.00500009954 -0.214999989
11447 0.174999997 -0.00500009954 -0.204999998
11448 0.174999997 -0.00500009954 -0.194999993
11449 0.174999997 -0.00500009954 -0.185000002
11450 0.174999997 -0.00500009954 -0.174999997
11451 0.174999997 -0.00500009954 -0.164999992
11452 0.185000002 -0.00500009954 -0.234999999
11453 0.185000002 -0.00500009954 -0.224999994
11454 0.185000002 -0.00500009954 -0.214999989
11455 0.185000002 -0.00500009954 -0.204999998
11456 0.185000002 -0.00500009954 -0.194999993
11457 0.185000002 -0.00500009954 -0.185000002
11458 0.185000002 -0.00500009954 -0.174999997
11459 0.185000002 -0.00500009954 -0.164999992
11460 0.194999993 -0.00500009954 -0.234999999
11461 0.194999993 -0.00500009954 -0.224999994
11462 0.194999993 -0.00500009954 -0.214999989
11463 0.194999993 -0.00500009954 -0.204999998
11464 0.194999993 -0.00500009954 -0.194999993
11465 0.194999993 -0.00500009954 -0.185000002
11466 0.194999993 -0.00500009954 -0.174999997
11467 0.194999993 -0.00500009954 -0.164999992
11468 0.204999998 -0.00500009954 -0.234999999
11469 0.204999998 -0.00500009954 -0.224999994
11470 0.204999998 -0.00500009954 -0.214999989
11471 0.204999998 -0.00500009954 -0.204999998
11472 0.204999998 -0.00500009954 -0.194999993
11473 0.204999998 -0.00500009954 -0.185000002
11474 0.204999998 -0.00500009954 -0.174999997
11475 0.204999998 -0.00500009954 -0.164999992
11476 0.214999989 -0.00500009954 -0.234999999
11477 0.214999989 -0.00500009954 -0.224999994
11478 0.214999989 -0.00500009954 -0.214999989
11479 0.214999989 -0.00500009954 -0.204999998
11480 0.214999989 -0.00500009954 -0.194999993
11481 0.214999989 -0.00500009954 -0.185000002
11482 0.214999989 -0.00500009954 -0.174999997
11483 0.214999989 -0.00500009954 -0.164999992
11484 0.224999994 -0.00500009954 -0.234999999
11485 0.224999994 -0.00500009954 -0.224999994
11486 0.224999994 -0.00500009954 -0.214999989
11487 0.224999994 -0.00500009954 -0.204999998
11488 0.224999994 -0.00500009954 -0.194999993
11489 0.224999994 -0.00500009954 -0.185000002
11490 0.224999994 -0.00500009954 -0.174999997
11491 0.224999994 -0.00500009954 -0.164999992
11492 0.234999999 -0.00500009954 -0.234999999
11493 0.234999999 -0.00500009954 -0.224999994
11494 0.234999999 -0.00500009954 -0.214999989
11495 0.234999999 -0.00500009954 -0.204999998
11496 0.234999999 -0.00500009954 -0.194999993
11497 0.234999999 -0.00500009954 -0.185000002
11498 0.234999999 -0.00500009954 -0.174999997
11499 0.234999999 -0.00500009954 -0.164999992
11500 0.164999992 -0.00500009954 -0.155000001
11501 0.164999992 -0.00500009954 -0.144999996
11502 0.164999992 -0.00500009954 -0.13499999
11503 0.164999992 -0.00500009954 -0.125
11504 0.164999992 -0.00500009954 -0.114999995
11505 0.164999992 -0.00500009954 -0.104999997
11506 0.164999992 -0.00500009954 -0.0949999988
11507 0.164999992 -0.00500009954 -0.0850000009
11508 0.174999997 -0.00500009954 -0.155000001
11509 0.174999997 -0.00500009954 -0.144999996
11510 0.174999997 -0.00500009954 -0.13499999
11511 0.174999997 -0.00500009954 -0.125
11512 0.174999997 -0.00500009954 -0.114999995
11513 0.174999997 -0.00500009954 -0.104999997
11514 0.174999997 -0.00500009954 -0.0949999988
11515 0.174999997 -0.00500009954 -0.0850000009
11516 0.185000002 -0.00500009954 -0.155000001
11517 0.185000002 -0.00500009954 -0.144999996
11518 0.185000002 -0.00500009954 -0.13499999
11519 0.185000002 -0.00500009954 -0.125
11520 0.185000002 -0.00500009954 -0.114999995
11521 0.185000002 -0.00500009954 -0.104999997
11522 0.185000002 -0.00500009954 -0.0949999988
11523 0.185000002 -0.00500009954 -0.0850000009
11524 0.194999993 -0.00500009954 -0.155000001
11525 0.194999993 -0.00500009954 -0.144999996
11526 0.194999993 -0.00500009954 -0.13499999
11527 0.194999993 -0.00500009954 -0.125
11528 0.194999993 -0.00500009954 -0.114999995
11529 0.194999993 -0.00500009954 -0.104999997
11530 0.194999993 -0.00500009954 -0.0949999988
11531 0.194999993 -0.00500009954 -0.0850000009
11532 0.204999998 -0.00500009954 -0.155000001
11533 0.204999998 -0.00500009954 -0.144999996
11534 0.204999998 -0.00500009954 -0.13499999
11535 0.204999998 -0.00500009954 -0.125
11536 0.204999998 -0.00500009954 -0.114999995
11537 0.204999998 -0.00500009954 -0.104999997
11538 0.204999998 -0.00500009954 -0.0949999988
11539 0.204999998 -0.00500009954 -0.0850000009
11540 0.214999989 -0.00500009954 -0.155000001
11541 0.214999989 -0.00500009954 -0.144999996
11542 0.214999989 -0.00500009954 -0.13499999
11543 0.214999989 -0.00500009954 -0.125
11544 0.214999989 -0.00500009954 -0.114999995
11545 0.214999989 -0.00500009954 -0.104999997
11546 0.214999989 -0.00500009954 -0.0949999988
11547 0.214999989 -0.00500009954 -0.0850000009
11548 0.224999994 -0.00500009954 -0.155000001
11549 0.224999994 -0.00500009954 -0.144999996
11550 0.224999994 -0.00500009954 -0.13499999
11551 0.224999994 -0.00500009954 -0.125
11552 0.224999994 -0.00500009954 -0.114999995
11553 0.224999994 -0.00500009954 -0.104999997
11554 0.224999994 -0.00500009954 -0.0949999988
11555 0.224999994 -0.00500009954 -0.0850000009
11556 0.234999999 -0.00500009954 -0.155000001
11557 0.234999999 -0.00500009954 -0.144999996
11558 0.234999999 -0.00500009954 -0.13499999
11559 0.234999999 -0.00500009954 -0.125
11560 0.234999999 -0.00500009954 -0.114999995
11561 0.234999999 -0.00500009954 -0.104999997
11562 0.234999999 -0.00500009954 -0.0949999988
11563 0.234999999 -0.00500009954 -0.0850000009
11564 0.164999992 -0.00500009954 -0.0749999955
11565 0.164999992 -0.00500009954 -0.0649999976
11566 0.164999992 -0.00500009954 -0.0549999997
11567 0.164999992 -0.00500009954 -0.0449999981
11568 0.164999992 -0.00500009954 -0.0350000001
11569 0.164999992 -0.00500009954 -0.0249999985
11570 0.164999992 -0.00500009954 -0.0149999997
11571 0.164999992 -0.00500009954 -0.00499999989
11572 0.174999997 -0.00500009954 -0.0749999955
11573 0.174999997 -0.00500009954 -0.0649999976
11574 0.174999997 -0.00500009954 -0.0549999997
11575 0.174999997 -0.00500009954 -0.0449999981
11576 0.174999997 -0.00500009954 -0.0350000001
11577 0.174999997 -0.00500009954 -0.0249999985
11578 0.174999997 -0.00500009954 -0.0149999997
11579 0.174999997 -0.00500009954 -0.00499999989
11580 0.185000002 -0.00500009954 -0.0749999955
11581 0.185000002 -0.00500009954 -0.0649999976
11582 0.185000002 -0.00500009954 -0.0549999997
11583 0.185000002 -0.00500009954 -0.0449999981
11584 0.185000002 -0.00500009954 -0.0350000001
11585 0.185000002 -0.00500009954 -0.0249999985
11586 0.185000002 -0.00500009954 -0.0149999997
11587 0.185000002 -0.00500009954 -0.00499999989
11588 0.194999993 -0.00500009954 -0.0749999955
11589 0.194999993 -0.00500009954 -0.0649999976
11590 0.194999993 -0.00500009954 -0.0549999997
11591 0.194999993 -0.00500009954 -0.0449999981
11592 0.194999993 -0.00500009954 -0.0350000001
11593 0.194999993 -0.00500009954 -0.0249999985
11594 0.194999993 -0.00500009954 -0.0149999997
11595 0.194999993 -0.00500009954 -0.00499999989
11596 0.204999998 -0.00500009954 -0.0749999955
11597 0.204999998 -0.00500009954 -0.0649999976
11598 0.204999998 -0.00500009954 -0.0549999997
11599 0.204999998 -0.00500009954 -0.0449999981
11600 0.204999998 -0.00500009954 -0.0350000001
11601 0.204999998 -0.00500009954 -0.0249999985
11602 0.204999998 -0.00500009954 -0.0149999997
11603 0.204999998 -0.00500009954 -0.00499999989
11604 0.214999989 -0.00500009954 -0.0749999955
11605 0.214999989 -0.00500009954 -0.0649999976
11606 0.214999989 -0.00500009954 -0.0549999997
11607 0.214999989 -0.00500009954 -0.0449999981
11608 0.214999989 -0.00500009954 -0.0350000001
11609 0.214999989 -0.00500009954 -0.0249999985
11610 0.214999989 -0.00500009954 -0.0149999997
11611 0.214999989 -0.00500009954 -0.00499999989
11612 0.224999994 -0.00500009954 -0.0749999955
11613 0.224999994 -0.00500009954 -0.0649999976
11614 0.224999994 -0.00500009954 -0.0549999997
11615 0.224999994 -0.00500009954 -0.0449999981
11616 0.224999994 -0.00500009954 -0.0350000001
11617 0.224999994 -0.00500009954 -0.0249999985
11618 0.224999994 -0.00500009954 -0.0149999997
11619 0.224999994 -0.00500009954 -0.00499999989
11620 0.234999999 -0.00500009954 -0.0749999955
11621 0.234999999 -0.00500009954 -0.0649999976
11622 0.234999999 -0.00500009954 -0.0549999997
11623 0.234999999 -0.00500009954 -0.0449999981
11624 0.234999999 -0.00500009954 -0.0350000001
11625 0.234999999 -0.00500009954 -0.0249999985
11626 0.234999999 -0.00500009954 -0.0149999997
11627 0.234999999 -0.00500009954 -0.00499999989
11628 0.24499999 -9.96515155e-08 -0.50000006
11629 0.24499999 -0.00250014942 -0.494999975
11630 0.24499999 -0.00500009954 -0.484999985
11631 0.254999995 -9.96515155e-08 -0.50000006
11632 0.254999995 -0.00250014942 -0.494999975
11633 0.254999995 -0.00500009954 -0.484999985
11634 0.264999986 -9.96515155e-08 -0.50000006
11635 0.264999986 -0.00250014942 -0.494999975
11636 0.264999986 -0.00500009954 -0.484999985
11637 0.275000006 -9.96515155e-08 -0.50000006
11638 0.275000006 -0.00250014942 -0.494999975
11639 0.275000006 -0.00500009954 -0.484999985
11640 0.284999996 -9.96515155e-08 -0.50000006
11641 0.284999996 -0.00250014942 -0.494999975
11642 0.284999996 -0.00500009954 -0.484999985
11643 0.294999987 -9.96515155e-08 -0.50000006
11644 0.294999987 -0.00250014942 -0.494999975
11645 0.294999987 -0.00500009954 -0.484999985
11646 0.305000007 -9.96515155e-08 -0.50000006
11647 0.305000007 -0.00250014942 -0.494999975
11648 0.305000007 -0.00500009954 -0.484999985
11649 0.314999998 -9.96515155e-08 -0.50000006
11650 0.314999998 -0.00250014942 -0.494999975
11651 0.314999998 -0.00500009954 -0.484999985
11652 0.24499999 -0.00500009954 -0.474999994
11653 0.24499999 -0.00500009954 -0.465000004
11654 0.24499999 -0.00500009954 -0.454999983
11655 0.24499999 -0.00500009954 -0.444999993
11656 0.24499999 -0.00500009954 -0.435000002
11657 0.24499999 -0.00500009954 -0.424999982
11658 0.24499999 -0.00500009954 -0.414999992
11659 0.24499999 -0.00500009954 -0.405000001
11660 0.254999995 -0.00500009954 -0.474999994
11661 0.254999995 -0.00500009954 -0.465000004
11662 0.254999995 -0.00500009954 -0.454999983
11663 0.254999995 -0.00500009954 -0.444999993
11664 0.254999995 -0.00500009954 -0.435000002
11665 0.254999995 -0.00500009954 -0.424999982
11666 0.254999995 -0.00500009954 -0.414999992
11667 0.254999995 -0.00500009954 -0.405000001
11668 0.264999986 -0.00500009954 -0.474999994
11669 0.264999986 -0.00500009954 -0.465000004
11670 0.264999986 -0.00500009954 -0.454999983
11671 0.264999986 -0.00500009954 -0.444999993
11672 0.264999986 -0.00500009954 -0.435000002
11673 0.264999986 -0.00500009954 -0.424999982
11674 0.264999986 -0.00500009954 -0.414999992
11675 0.264999986 -0.00500009954 -0.405000001
11676 0.275000006 -0.00500009954 -0.474999994
11677 0.275000006 -0.00500009954 -0.465000004
11678 0.275000006 -0.00500009954 -0.454999983
11679 0.275000006 -0.00500009954 -0.444999993
11680 0.275000006 -0.00500009954 -0.435000002
11681 0.275000006 -0.00500009954 -0.424999982
11682 0.275000006 -0.00500009954 -0.414999992
11683 0.275000006 -0.00500009954 -0.405000001
11684 0.284999996 -0.00500009954 -0.474999994
11685 0.284999996 -0.00500009954 -0.465000004
11686 0.284999996 -0.00500009954 -0.454999983
11687 0.284999996 -0.00500009954 -0.444999993
11688 0.284999996 -0.00500009954 -0.435000002
11689 0.284999996 -0.00500009954 -0.424999982
11690 0.284999996 -0.00500009954 -0.414999992
11691 0.284999996 -0.00500009954 -0.405000001
11692 0.294999987 -0.00500009954 -0.474999994
11693 0.294999987 -0.00500009954 -0.465000004
11694 0.294999987 -0.00500009954 -0.454999983
11695 0.294999987 -0.00500009954 -0.444999993
11696 0.294999987 -0.00500009954 -0.435000002
11697 0.294999987 -0.00500009954 -0.424999982
11698 0.294999987 -0.00500009954 -0.414999992
11699 0.294999987 -0.00500009954 -0.405000001
11700 0.305000007 -0.00500009954 -0.474999994
11701 0.305000007 -0.00500009954 -0.465000004
11702 0.305000007 -0.00500009954 -0.454999983
11703 0.305000007 -0.00500009954 -0.444999993
11704 0.305000007 -0.00500009954 -0.435000002
11705 0.305000007 -0.00500009954 -0.424999982
11706 0.305000007 -0.00500009954 -0.414999992
11707 0.305000007 -0.00500009954 -0.405000001
11708 0.314999998 -0.00500009954 -0.474999994
11709 0.314999998 -0.00500009954 -0.465000004
11710 0.314999998 -0.00500009954 -0.454999983
11711 0.314999998 -0.00500009954 -0.444999993
11712 0.314999998 -0.00500009954 -0.435000002
11713 0.314999998 -0.00500009954 -0.424999982
11714 0.314999998 -0.00500009954 -0.414999992
11715 0.314999998 -0.00500009954 -0.405000001
11716 0.24499999 -0.00500009954 -0.394999981
11717 0.24499999 -0.00500009954 -0.38499999
11718 0.24499999 -0.00500009954 -0.375
11719 0.24499999 -0.00500009954 -0.36499998
11720 0.24499999 -0.00500009954 -0.354999989
11721 0.24499999 -0.00500009954 -0.344999999
11722 0.24499999 -0.00500009954 -0.334999979
11723 0.24499999 -0.00500009954 -0.324999988
11724 0.254999995 -0.00500009954 -0.394999981
11725 0.254999995 -0.00500009954 -0.38499999
11726 0.254999995 -0.00500009954 -0.375
11727 0.254999995 -0.00500009954 -0.36499998
11728 0.254999995 -0.00500009954 -0.354999989
11729 0.254999995 -0.00500009954 -0.344999999
11730 0.254999995 -0.00500009954 -0.334999979
11731 0.254999995 -0.00500009954 -0.324999988
11732 0.264999986 -0.00500009954 -0.394999981
11733 0.264999986 -0.00500009954 -0.38499999
11734 0.264999986 -0.00500009954 -0.375
11735 0.264999986 -0.00500009954 -0.36499998
11736 0.264999986 -0.00500009954 -0.354999989
11737 0.264999986 -0.00500009954 -0.344999999
11738 0.264999986 -0.00500009954 -0.334999979
11739 0.264999986 -0.00500009954 -0.324999988
11740 0.275000006 -0.00500009954 -0.394999981
11741 0.275000006 -0.00500009954 -0.38499999
11742 0.275000006 -0.00500009954 -0.375
11743 0.275000006 -0.00500009954 -0.36499998
11744 0.275000006 -0.00500009954 -0.354999989
11745 0.275000006 -0.00500009954 -0.344999999
11746 0.275000006 -0.00500009954 -0.334999979
11747 0.275000006 -0.00500009954 -0.324999988
11748 0.284999996 -0.00500009954 -0.394999981
11749 0.284999996 -0.00500009954 -0.38499999
11750 0.284999996 -0.00500009954 -0.375
11751 0.284999996 -0.00500009954 -0.36499998
11752 0.284999996 -0.00500009954 -0.354999989
11753 0.284999996 -0.00500009954 -0.344999999
11754 0.284999996 -0.00500009954 -0.334999979
11755 0.284999996 -0.00500009954 -0.324999988
11756 0.294999987 -0.00500009954 -0.394999981
11757 0.294999987 -0.00500009954 -0.38499999
11758 0.294999987 -0.00500009954 -0.375
11759 0.294999987 -0.00500009954 -0.36499998
11760 0.294999987 -0.00500009954 -0.354999989
11761 0.294999987 -0.00500009954 -0.344999999
11762 0.294999987 -0.00500009954 -0.334999979
11763 0.294999987 -0.00500009954 -0.324999988
11764 0.305000007 -0.00500009954 -0.394999981
11765 0.305000007 -0.00500009954 -0.38499999
11766 0.305000007 -0.00500009954 -0.375
11767 0.305000007 -0.00500009954 -0.36499998
11768 0.305000007 -0.00500009954 -0.354999989
11769 0.305000007 -0.00500009954 -0.344999999
11770 0.305000007 -0.00500009954 -0.334999979
11771 0.305000007 -0.00500009954 -0.324999988
11772 0.314999998 -0.00500009954 -0.394999981
11773 0.314999998 -0.00500009954 -0.38499999
11774 0.314999998 -0.00500009954 -0.375
11775 0.314999998 -0.00500009954 -0.36499998
11776 0.314999998 -0.00500009954 -0.354999989
11777 0.314999998 -0.00500009954 -0.344999999
11778 0.314999998 -0.00500009954 -0.334999979
11779 0.314999998 -0.00500009954 -0.324999988
11780 0.24499999 -0.00500009954 -0.314999998
11781 0.24499999 -0.00500009954 -0.305000007
11782 0.24499999 -0.00500009954 -0.294999987
11783 0.24499999 -0.00500009954 -0.284999996
11784 0.24499999 -0.00500009954 -0.275000006
11785 0.24499999 -0.00500009954 -0.264999986
11786 0.24499999 -0.00500009954 -0.254999995
11787 0.24499999 -0.00500009954 -0.24499999
11788 0.254999995 -0.00500009954 -0.314999998
11789 0.254999995 -0.00500009954 -0.305000007
11790 0.254999995 -0.00500009954 -0.294999987
11791 0.254999995 -0.00500009954 -0.284999996
11792 0.254999995 -0.00500009954 -0.275000006
11793 0.254999995 -0.00500009954 -0.264999986
11794 0.254999995 -0.00500009954 -0.254999995
11795 0.254999995 -0.00500009954 -0.24499999
11796 0.264999986 -0.00500009954 -0.314999998
11797 0.264999986 -0.00500009954 -0.305000007
11798 0.264999986 -0.00500009954 -0.294999987
11799 0.264999986 -0.00500009954 -0.284999996
11800 0.264999986 -0.00500009954 -0.275000006
11801 0.264999986 -0.00500009954 -0.264999986
11802 0.264999986 -0.00500009954 -0.254999995
11803 0.264999986 -0.00500009954 -0.24499999
11804 0.275000006 -0.00500009954 -0.314999998
11805 0.275000006 -0.00500009954 -0.305000007
11806 0.275000006 -0.00500009954 -0.294999987
11807 0.275000006 -0.00500009954 -0.284999996
11808 0.275000006 -0.00500009954 -0.275000006
11809 0.275000006 -0.00500009954 -0.264999986
11810 0.275000006 -0.00500009954 -0.254999995
11811 0.275000006 -0.00500009954 -0.24499999
11812 0.284999996 -0.00500009954 -0.314999998
11813 0.284999996 -0.00500009954 -0.305000007
11814 0.284999996 -0.00500009954 -0.294999987
11815 0.284999996 -0.00500009954 -0.284999996
11816 0.284999996 -0.00500009954 -0.275000006
11817 0.284999996 -0.00500009954 -0.264999986
11818 0.284999996 -0.00500009954 -0.254999995
11819 0.284999996 -0.00500009954 -0.24499999
11820 0.294999987 -0.00500009954 -0.314999998
11821 0.294999987 -0.00500009954 -0.305000007
11822 0.294999987 -0.00500009954 -0.294999987
11823 0.294999987 -0.00500009954 -0.284999996
11824 0.294999987 -0.00500009954 -0.275000006
11825 0.294999987 -0.00500009954 -0.264999986
11826 0.294999987 -0.00500009954 -0.254999995
11827 0.294999987 -0.00500009954 -0.24499999
11828 0.305000007 -0.00500009954 -0.314999998
11829 0.305000007 -0.00500009954 -0.305000007
11830 0.305000007 -0.00500009954 -0.294999987
11831 0.305000007 -0.00500009954 -0.284999996
11832 0.305000007 -0.00500009954 -0.275000006
11833 0.305000007 -0.00500009954 -0.264999986
11834 0.305000007 -0.00500009954 -0.254999995
11835 0.305000007 -0.00500009954 -0.24499999
11836 0.314999998 -0.00500009954 -0.314999998
11837 0.314999998 -0.00500009954 -0.305000007
11838 0.314999998 -0.00500009954 -0.294999987
11839 0.314999998 -0.00500009954 -0.284999996
11840 0.314999998 -0.00500009954 -0.275000006
11841 0.314999998 -0.00500009954 -0.264999986
11842 0.314999998 -0.00500009954 -0.254999995
11843 0.314999998 -0.00500009954 -0.24499999
11844 0.24499999 -0.00500009954 -0.234999999
11845 0.24499999 -0.00500009954 -0.224999994
11846 0.24499999 -0.00500009954 -0.214999989
11847 0.24499999 -0.00500009954 -0.204999998
11848 0.24499999 -0.00500009954 -0.194999993
11849 0.24499999 -0.00500009954 -0.185000002
11850 0.24499999 -0.00500009954 -0.174999997
11851 0.24499999 -0.00500009954 -0.164999992
11852 0.254999995 -0.00500009954 -0.234999999
11853 0.254999995 -0.00500009954 -0.224999994
11854 0.254999995 -0.00500009954 -0.214999989
11855 0.254999995 -0.00500009954 -0.204999998
11856 0.254999995 -0.00500009954 -0.194999993
11857 0.254999995 -0.00500009954 -0.185000002
11858 0.254999995 -0.00500009954 -0.174999997
11859 0.254999995 -0.00500009954 -0.164999992
11860 0.264999986 -0.00500009954 -0.234999999
11861 0.264999986 -0.00500009954 -0.224999994
11862 0.264999986 -0.00500009954 -0.214999989
11863 0.264999986 -0.00500009954 -0.204999998
11864 0.264999986 -0.00500009954 -0.194999993
11865 0.264999986 -0.00500009954 -0.185000002
11866 0.264999986 -0.00500009954 -0.174999997
11867 0.264999986 -0.00500009954 -0.164999992
11868 0.275000006 -0.00500009954 -0.234999999
11869 0.275000006 -0.00500009954 -0.224999994
11870 0.275000006 -0.00500009954 -0.214999989
11871 0.275000006 -0.00500009954 -0.204999998
11872 0.275000006 -0.00500009954 -0.194999993
11873 0.275000006 -0.00500009954 -0.185000002
11874 0.275000006 -0.00500009954 -0.174999997
11875 0.275000006 -0.00500009954 -0.164999992
11876 0.284999996 -0.00500009954 -0.234999999
11877 0.284999996 -0.00500009954 -0.224999994
11878 0.284999996 -0.00500009954 -0.214999989
11879 0.284999996 -0.00500009954 -0.204999998
11880 0.284999996 -0.00500009954 -0.194999993
11881 0.284999996 -0.00500009954 -0.185000002
11882 0.284999996 -0.00500009954 -0.174999997
11883 0.284999996 -0.00500009954 -0.164999992
11884 0.294999987 -0.00500009954 -0.234999999
11885 0.294999987 -0.00500009954 -0.224999994
11886 0.294999987 -0.00500009954 -0.214999989
11887 0.294999987 -0.00500009954 -0.204999998
11888 0.294999987 -0.00500009954 -0.194999993
11889 0.294999987 -0.00500009954 -0.185000002
11890 0.294999987 -0.00500009954 -0.174999997
11891 0.294999987 -0.00500009954 -0.164999992
11892 0.305000007 -0.00500009954 -0.234999999
11893 0.305000007 -0.00500009954 -0.224999994
11894 0.305000007 -0.00500009954 -0.214999989
11895 0.305000007 -0.00500009954 -0.204999998
11896 0.305000007 -0.00500009954 -0.194999993
11897 0.305000007 -0.00500009954 -0.185000002
11898 0.305000007 -0.00500009954 -0.174999997
11899 0.305000007 -0.00500009954 -0.164999992
11900 0.314999998 -0.00500009954 -0.234999999
11901 0.314999998 -0.00500009954 -0.224999994
11902 0.314999998 -0.00500009954 -0.214999989
11903 0.314999998 -0.00500009954 -0.204999998
11904 0.314999998 -0.00500009954 -0.194999993
11905 0.314999998 -0.00500009954 -0.185000002
11906 0.314999998 -0.00500009954 -0.174999997
11907 0.314999998 -0.00500009954 -0.164999992
11908 0.24499999 -0.00500009954 -0.155000001
11909 0.24499999 -0.00500009954 -0.144999996
11910 0.24499999 -0.00500009954 -0.13499999
11911 0.24499999 -0.00500009954 -0.125
11912 0.24499999 -0.00500009954 -0.114999995
11913 0.24499999 -0.00500009954 -0.104999997
11914 0.24499999 -0.00500009954 -0.0949999988
11915 0.24499999 -0.00500009954 -0.0850000009
11916 0.254999995 -0.00500009954 -0.155000001
11917 0.254999995 -0.00500009954 -0.144999996
11918 0.254999995 -0.00500009954 -0.13499999
11919 0.254999995 -0.00500009954 -0.125
11920 0.254999995 -0.00500009954 -0.114999995
11921 0.254999995 -0.00500009954 -0.104999997
11922 0.254999995 -0.00500009954 -0.0949999988
11923 0.254999995 -0.00500009954 -0.0850000009
11924 0.264999986 -0.00500009954 -0.155000001
11925 0.264999986 -0.00500009954 -0.144999996
11926 0.264999986 -0.00500009954 -0.13499999
11927 0.264999986 -0.00500009954 -0.125
11928 0.264999986 -0.00500009954 -0.114999995
11929 0.264999986 -0.00500009954 -0.104999997
11930 0.264999986 -0.00500009954 -0.0949999988
11931 0.264999986 -0.00500009954 -0.0850000009
11932 0.275000006 -0.00500009954 -0.155000001
11933 0.275000006 -0.00500009954 -0.144999996
11934 0.275000006 -0.00500009954 -0.13499999
11935 0.275000006 -0.00500009954 -0.125
11936 0.275000006 -0.00500009954 -0.114999995
11937 0.275000006 -0.00500009954 -0.104999997
11938 0.275000006 -0.00500009954 -0.0949999988
11939 0.275000006 -0.00500009954 -0.0850000009
11940 0.284999996 -0.00500009954 -0.155000001
11941 0.284999996 -0.00500009954 -0.144999996
11942 0.284999996 -0.00500009954 -0.13499999
11943 0.284999996 -0.00500009954 -0.125
11944 0.284999996 -0.00500009954 -0.114999995
11945 0.284999996 -0.00500009954 -0.104999997
11946 0.284999996 -0.00500009954 -0.0949999988
11947 0.284999996 -0.00500009954 -0.0850000009
11948 0.294999987 -0.00500009954 -0.155000001
11949 0.294999987 -0.00500009954 -0.144999996
11950 0.294999987 -0.00500009954 -0.13499999
11951 0.294999987 -0.00500009954 -0.125
11952 0.294999987 -0.00500009954 -0.114999995
11953 0.294999987 -0.00500009954 -0.104999997
11954 0.294999987 -0.00500009954 -0.0949999988
11955 0.294999987 -0.00500009954 -0.0850000009
11956 0.305000007 -0.00500009954 -0.155000001
11957 0.305000007 -0.00500009954 -0.144999996
11958 0.305000007 -0.00500009954 -0.13499999
11959 0.305000007 -0.00500009954 -0.125
11960 0.305000007 -0.00500009954 -0.114999995
11961 0.305000007 -0.00500009954 -0.104999997
11962 0.305000007 -0.00500009954 -0.0949999988
11963 0.305000007 -0.00500009954 -0.0850000009
11964 0.314999998 -0.00500009954 -0.155000001
11965 0.314999998 -0.00500009954 -0.144999996
11966 0.314999998 -0.00500009954 -0.13499999
11967 0.314999998 -0.00500009954 -0.125
11968 0.314999998 -0.00500009954 -0.114999995
11969 0.314999998 -0.00500009954 -0.104999997
11970 0.314999998 -0.00500009954 -0.0949999988
11971 0.314999998 -0.00500009954 -0.0850000009
11972 0.24499999 -0.00500009954 -0.0749999955
11973 0.24499999 -0.00500009954 -0.0649999976
11974 0.24499999 -0.00500009954 -0.0549999997
11975 0.24499999 -0.00500009954 -0.0449999981
11976 0.24499999 -0.00500009954 -0.0350000001
11977 0.24499999 -0.00500009954 -0.0249999985
11978 0.24499999 -0.00500009954 -0.0149999997
11979 0.24499999 -0.00500009954 -0.00499999989
11980 0.254999995 -0.00500009954 -0.0749999955
11981 0.254999995 -0.00500009954 -0.0649999976
11982 0.254999995 -0.00500009954 -0.0549999997
11983 0.254999995 -0.00500009954 -0.0449999981
11984 0.254999995 -0.00500009954 -0.0350000001
11985 0.254999995 -0.00500009954 -0.0249999985
11986 0.254999995 -0.00500009954 -0.0149999997
11987 0.254999995 -0.00500009954 -0.00499999989
11988 0.264999986 -0.00500009954 -0.0749999955
11989 0.264999986 -0.00500009954 -0.0649999976
11990 0.264999986 -0.00500009954 -0.0549999997
11991 0.264999986 -0.00500009954 -0.0449999981
11992 0.264999986 -0.00500009954 -0.0350000001
11993 0.264999986 -0.00500009954 -0.0249999985
11994 0.264999986 -0.00500009954 -0.0149999997
11995 0.264999986 -0.00500009954 -0.00499999989
11996 0.275000006 -0.00500009954 -0.0749999955
11997 0.275000006 -0.00500009954 -0.0649999976
11998 0.275000006 -0.00500009954 -0.0549999997
11999 0.275000006 -0.00500009954 -0.0449999981
12000 0.275000006 -0.00500009954 -0.0350000001
12001 0.275000006 -0.00500009954 -0.0249999985
12002 0.275000006 -0.00500009954 -0.0149999997
12003 0.275000006 -0.00500009954 -0.00499999989
12004 0.284999996 -0.00500009954 -0.0749999955
12005 0.284999996 -0.00500009954 -0.0649999976
12006 0.284999996 -0.00500009954 -0.0549999997
12007 0.284999996 -0.00500009954 -0.0449999981
12008 0.284999996 -0.00500009954 -0.0350000001
12009 0.284999996 -0.00500009954 -0.0249999985
12010 0.284999996 -0.00500009954 -0.0149999997
12011 0.284999996 -0.00500009954 -0.00499999989
12012 0.294999987 -0.00500009954 -0.0749999955
12013 0.294999987 -0.00500009954 -0.0649999976
12014 0.294999987 -0.00500009954 -0.0549999997
12015 0.294999987 -0.00500009954 -0.0449999981
12016 0.294999987 -0.00500009954 -0.0350000001
12017 0.294999987 -0.00500009954 -0.0249999985
12018 0.294999987 -0.00500009954 -0.0149999997
12019 0.294999987 -0.00500009954 -0.00499999989
12020 0.305000007 -0.00500009954 -0.0749999955
12021 0.305000007 -0.00500009954 -0.0649999976
12022 0.305000007 -0.00500009954 -0.0549999997
12023 0.305000007 -0.00500009954 -0.0449999981
12024 0.305000007 -0.00500009954 -0.0350000001
12025 0.305000007 -0.00500009954 -0.0249999985
12026 0.305000007 -0.00500009954 -0.0149999997
12027 0.305000007 -0.00500009954 -0.00499999989
12028 0.314999998 -0.00500009954 -0.0749999955
12029 0.314999998 -0.00500009954 -0.0649999976
12030 0.314999998 -0.00500009954 -0.0549999997
12031 0.314999998 -0.00500009954 -0.0449999981
12032 0.314999998 -0.00500009954 -0.0350000001
12033 0.314999998 -0.00500009954 -0.0249999985
12034 0.314999998 -0.00500009954 -0.0149999997
12035 0.314999998 -0.00500009954 -0.00499999989
12036 0.324999988 -9.96515155e-08 -0.50000006
12037 0.324999988 -0.00250014942 -0.494999975
12038 0.324999988 -0.00500009954 -0.484999985
12039 0.334999979 -9.96515155e-08 -0.50000006
12040 0.334999979 -0.00250014942 -0.494999975
12041 0.334999979 -0.00500009954 -0.484999985
12042 0.344999999 -9.96515155e-08 -0.50000006
12043 0.344999999 -0.00250014942 -0.494999975
12044 0.344999999 -0.00500009954 -0.484999985
12045 0.354999989 -9.96515155e-08 -0.50000006
12046 0.354999989 -0.00250014942 -0.494999975
12047 0.354999989 -0.00500009954 -0.484999985
12048 0.36499998 -9.96515155e-08 -0.50000006
12049 0.36499998 -0.00250014942 -0.494999975
12050 0.36499998 -0.00500009954 -0.484999985
12051 0.375 -9.96515155e-08 -0.50000006
12052 0.375 -0.00250014942 -0.494999975
12053 0.375 -0.00500009954 -0.484999985
12054 0.38499999 -9.96515155e-08 -0.50000006
12055 0.38499999 -0.00250014942 -0.494999975
12056 0.38499999 -0.00500009954 -0.484999985
12057 0.394999981 -9.96515155e-08 -0.50000006
12058 0.394999981 -0.00250014942 -0.494999975
12059 0.394999981 -0.00500009954 -0.484999985
12060 0.324999988 -0.00500009954 -0.474999994
12061 0.324999988 -0.00500009954 -0.465000004
12062 0.324999988 -0.00500009954 -0.454999983
12063 0.324999988 -0.00500009954 -0.444999993
12064 0.324999988 -0.00500009954 -0.435000002
12065 0.324999988 -0.00500009954 -0.424999982
12066 0.324999988 -0.00500009954 -0.414999992
12067 0.324999988 -0.00500009954 -0.405000001
12068 0.334999979 -0.00500009954 -0.474999994
12069 0.334999979 -0.00500009954 -0.465000004
12070 0.334999979 -0.00500009954 -0.454999983
12071 0.334999979 -0.00500009954 -0.444999993
12072 0.334999979 -0.00500009954 -0.435000002
12073 0.334999979 -0.00500009954 -0.424999982
12074 0.334999979 -0.00500009954 -0.414999992
12075 0.334999979 -0.00500009954 -0.405000001
12076 0.344999999 -0.00500009954 -0.474999994
12077 0.344999999 -0.00500009954 -0.465000004
12078 0.344999999 -0.00500009954 -0.454999983
12079 0.344999999 -0.00500009954 -0.444999993
12080 0.344999999 -0.00500009954 -0.435000002
12081 0.344999999 -0.00500009954 -0.424999982
12082 0.344999999 -0.00500009954 -0.414999992
12083 0.344999999 -0.00500009954 -0.405000001
12084 0.354999989 -0.00500009954 -0.474999994
12085 0.354999989 -0.00500009954 -0.465000004
12086 0.354999989 -0.00500009954 -0.454999983
12087 0.354999989 -0.00500009954 -0.444999993
12088 0.354999989 -0.00500009954 -0.435000002
12089 0.354999989 -0.00500009954 -0.424999982
12090 0.354999989 -0.00500009954 -0.414999992
12091 0.354999989 -0.00500009954 -0.405000001
12092 0.36499998 -0.00500009954 -0.474999994
12093 0.36499998 -0.00500009954 -0.465000004
12094 0.36499998 -0.00500009954 -0.454999983
12095 0.36499998 -0.00500009954 -0.444999993
12096 0.36499998 -0.00500009954 -0.435000002
12097 0.36499998 -0.00500009954 -0.424999982
12098 0.36499998 -0.00500009954 -0.414999992
12099 0.36499998 -0.00500009954 -0.405000001
12100 0.375 -0.00500009954 -0.474999994
12101 0.375 -0.00500009954 -0.465000004
12102 0.375 -0.00500009954 -0.454999983
12103 0.375 -0.00500009954 -0.444999993
12104 0.375 -0.00500009954 -0.435000002
12105 0.375 -0.00500009954 -0.424999982
12106 0.375 -0.00500009954 -0.414999992
12107 0.375 -0.00500009954 -0.405000001
12108 0.38499999 -0.00500009954 -0.474999994
12109 0.38499999 -0.00500009954 -0.465000004
12110 0.38499999 -0.00500009954 -0.454999983
12111 0.38499999 -0.00500009954 -0.444999993
12112 0.38499999 -0.00500009954 -0.435000002
12113 0.38499999 -0.00500009954 -0.424999982
12114 0.38499999 -0.00500009954 -0.414999992
12115 0.38499999 -0.00500009954 -0.405000001
12116 0.394999981 -0.00500009954 -0.474999994
12117 0.394999981 -0.00500009954 -0.465000004
12118 0.394999981 -0.00500009954 -0.454999983
12119 0.394999981 -0.00500009954 -0.444999993
12120 0.394999981 -0.00500009954 -0.435000002
12121 0.394999981 -0.00500009954 -0.424999982
12122 0.394999981 -0.00500009954 -0.414999992
12123 0.394999981 -0.00500009954 -0.405000001
12124 0.324999988 -0.00500009954 -0.394999981
12125 0.324999988 -0.00500009954 -0.38499999
12126 0.324999988 -0.00500009954 -0.375
12127 0.324999988 -0.00500009954 -0.36499998
12128 0.324999988 -0.00500009954 -0.354999989
12129 0.324999988 -0.00500009954 -0.344999999
12130 0.324999988 -0.00500009954 -0.334999979
12131 0.324999988 -0.00500009954 -0.324999988
12132 0.334999979 -0.00500009954 -0.394999981
12133 0.334999979 -0.00500009954 -0.38499999
12134 0.334999979 -0.00500009954 -0.375
12135 0.334999979 -0.00500009954 -0.36499998
12136 0.334999979 -0.00500009954 -0.354999989
12137 0.334999979 -0.00500009954 -0.344999999
12138 0.334999979 -0.00500009954 -0.334999979
12139 0.334999979 -0.00500009954 -0.324999988
12140 0.344999999 -0.00500009954 -0.394999981
12141 0.344999999 -0.00500009954 -0.38499999
12142 0.344999999 -0.00500009954 -0.375
12143 0.344999999 -0.00500009954 -0.36499998
12144 0.344999999 -0.00500009954 -0.354999989
12145 0.344999999 -0.00500009954 -0.344999999
12146 0.344999999 -0.00500009954 -0.334999979
12147 0.344999999 -0.00500009954 -0.324999988
12148 0.354999989 -0.00500009954 -0.394999981
12149 0.354999989 -0.00500009954 -0.38499999
12150 0.354999989 -0.00500009954 -0.375
12151 0.354999989 -0.00500009954 -0.36499998
12152 0.354999989 -0.00500009954 -0.354999989
12153 0.354999989 -0.00500009954 -0.344999999
12154 0.354999989 -0.00500009954 -0.334999979
12155 0.354999989 -0.00500009954 -0.324999988
12156 0.36499998 -0.00500009954 -0.394999981
12157 0.36499998 -0.00500009954 -0.38499999
12158 0.36499998 -0.00500009954 -0.375
12159 0.36499998 -0.00500009954 -0.36499998
12160 0.36499998 -0.00500009954 -0.354999989
12161 0.36499998 -0.00500009954 -0.344999999
12162 0.36499998 -0.00500009954 -0.334999979
12163 0.36499998 -0.00500009954 -0.324999988
12164 0.375 -0.00500009954 -0.394999981
12165 0.375 -0.00500009954 -0.38499999
12166 0.375 -0.00500009954 -0.375
12167 0.375 -0.00500009954 -0.36499998
12168 0.375 -0.00500009954 -0.354999989
12169 0.375 -0.00500009954 -0.344999999
12170 0.375 -0.00500009954 -0.334999979
12171 0.375 -0.00500009954 -0.324999988
12172 0.38499999 -0.00500009954 -0.394999981
12173 0.38499999 -0.00500009954 -0.38499999
12174 0.38499999 -0.00500009954 -0.375
12175 0.38499999 -0.00500009954 -0.36499998
12176 0.38499999 -0.00500009954 -0.354999989
12177 0.38499999 -0.00500009954 -0.344999999
12178 0.38499999 -0.00500009954 -0.334999979
12179 0.38499999 -0.00500009954 -0.324999988
12180 0.394999981 -0.00500009954 -0.394999981
12181 0.394999981 -0.00500009954 -0.38499999
12182 0.394999981 -0.00500009954 -0.375
12183 0.394999981 -0.00500009954 -0.36499998
12184 0.394999981 -0.00500009954 -0.354999989
12185 0.394999981 -0.00500009954 -0.344999999
12186 0.394999981 -0.00500009954 -0.334999979
12187 0.394999981 -0.00500009954 -0.324999988
12188 0.324999988 -0.00500009954 -0.314999998
12189 0.324999988 -0.00500009954 -0.305000007
12190 0.324999988 -0.00500009954 -0.294999987
12191 0.324999988 -0.00500009954 -0.284999996
12192 0.324999988 -0.00500009954 -0.275000006
12193 0.324999988 -0.00500009954 -0.264999986
12194 0.324999988 -0.00500009954 -0.254999995
12195 0.324999988 -0.00500009954 -0.24499999
12196 0.334999979 -0.00500009954 -0.314999998
12197 0.334999979 -0.00500009954 -0.305000007
12198 0.334999979 -0.00500009954 -0.294999987
12199 0.334999979 -0.00500009954 -0.284999996
12200 0.334999979 -0.00500009954 -0.275000006
12201 0.334999979 -0.00500009954 -0.264999986
12202 0.334999979 -0.00500009954 -0.254999995
12203 0.334999979 -0.00500009954 -0.24499999
12204 0.344999999 -0.00500009954 -0.314999998
12205 0.344999999 -0.00500009954 -0.305000007
12206 0.344999999 -0.00500009954 -0.294999987
12207 0.344999999 -0.00500009954 -0.284999996
12208 0.344999999 -0.00500009954 -0.275000006
12209 0.344999999 -0.00500009954 -0.264999986
12210 0.344999999 -0.00500009954 -0.254999995
12211 0.344999999 -0.00500009954 -0.24499999
12212 0.354999989 -0.00500009954 -0.314999998
12213 0.354999989 -0.00500009954 -0.305000007
12214 0.354999989 -0.00500009954 -0.294999987
12215 0.354999989 -0.00500009954 -0.284999996
12216 0.354999989 -0.00500009954 -0.275000006
12217 0.354999989 -0.00500009954 -0.264999986
12218 0.354999989 -0.00500009954 -0.254999995
12219 0.354999989 -0.00500009954 -0.24499999
12220 0.36499998 -0.00500009954 -0.314999998
12221 0.36499998 -0.00500009954 -0.305000007
12222 0.36499998 -0.00500009954 -0.294999987
12223 0.36499998 -0.00500009954 -0.284999996
12224 0.36499998 -0.00500009954 -0.275000006
12225 0.36499998 -0.00500009954 -0.264999986
12226 0.36499998 -0.00500009954 -0.254999995
12227 0.36499998 -0.00500009954 -0.24499999
12228 0.375 -0.00500009954 -0.314999998
12229 0.375 -0.00500009954 -0.305000007
12230 0.375 -0.00500009954 -0.294999987
12231 0.375 -0.00500009954 -0.284999996
12232 0.375 -0.00500009954 -0.275000006
12233 0.375 -0.00500009954 -0.264999986
12234 0.375 -0.00500009954 -0.254999995
12235 0.375 -0.00500009954 -0.24499999
12236 0.38499999 -0.00500009954 -0.314999998
12237 0.38499999 -0.00500009954 -0.305000007
12238 0.38499999 -0.00500009954 -0.294999987
12239 0.38499999 -0.00500009954 -0.284999996
12240 0.38499999 -0.00500009954 -0.275000006
12241 0.38499999 -0.00500009954 -0.264999986
12242 0.38499999 -0.00500009954 -0.254999995
12243 0.38499999 -0.00500009954 -0.24499999
12244 0.394999981 -0.00500009954 -0.314999998
12245 0.394999981 -0.00500009954 -0.305000007
12246 0.394999981 -0.00500009954 -0.294999987
12247 0.394999981 -0.00500009954 -0.284999996
12248 0.394999981 -0.00500009954 -0.275000006
12249 0.394999981 -0.00500009954 -0.264999986
12250 0.394999981 -0.00500009954 -0.254999995
12251 0.394999981 -0.00500009954 -0.24499999
12252 0.324999988 -0.00500009954 -0.234999999
12253 0.324999988 -0.00500009954 -0.224999994
12254 0.324999988 -0.00500009954 -0.214999989
12255 0.324999988 -0.00500009954 -0.204999998
12256 0.324999988 -0.00500009954 -0.194999993
12257 0.324999988 -0.00500009954 -0.185000002
12258 0.324999988 -0.00500009954 -0.174999997
12259 0.324999988 -0.00500009954 -0.164999992
12260 0.334999979 -0.00500009954 -0.234999999
12261 0.334999979 -0.00500009954 -0.224999994
12262 0.334999979 -0.00500009954 -0.214999989
12263 0.334999979 -0.00500009954 -0.204999998
12264 0.334999979 -0.00500009954 -0.194999993
12265 0.334999979 -0.00500009954 -0.185000002
12266 0.334999979 -0.00500009954 -0.174999997
12267 0.334999979 -0.00500009954 -0.164999992
12268 0.344999999 -0.00500009954 -0.234999999
12269 0.344999999 -0.00500009954 -0.224999994
12270 0.344999999 -0.00500009954 -0.214999989
12271 0.344999999 -0.00500009954 -0.204999998
12272 0.344999999 -0.00500009954 -0.194999993
12273 0.344999999 -0.00500009954 -0.185000002
12274 0.344999999 -0.00500009954 -0.174999997
12275 0.344999999 -0.00500009954 -0.164999992
12276 0.354999989 -0.00500009954 -0.234999999
12277 0.354999989 -0.00500009954 -0.224999994
12278 0.354999989 -0.00500009954 -0.214999989
12279 0.354999989 -0.00500009954 -0.204999998
12280 0.354999989 -0.00500009954 -0.194999993
12281 0.354999989 -0.00500009954 -0.185000002
12282 0.354999989 -0.00500009954 -0.174999997
12283 0.354999989 -0.00500009954 -0.164999992
12284 0.36499998 -0.00500009954 -0.234999999
12285 0.36499998 -0.00500009954 -0.224999994
12286 0.36499998 -0.00500009954 -0.214999989
12287 0.36499998 -0.00500009954 -0.204999998
12288 0.36499998 -0.00500009954 -0.194999993
12289 0.36499998 -0.00500009954 -0.185000002
12290 0.36499998 -0.00500009954 -0.174999997
12291 0.36499998 -0.00500009954 -0.164999992
12292 0.375 -0.00500009954 -0.234999999
12293 0.375 -0.00500009954 -0.224999994
12294 0.375 -0.00500009954 -0.214999989
12295 0.375 -0.00500009954 -0.204999998
12296 0.375 -0.00500009954 -0.194999993
12297 0.375 -0.00500009954 -0.185000002
12298 0.375 -0.00500009954 -0.174999997
12299 0.375 -0.00500009954 -0.164999992
12300 0.38499999 -0.00500009954 -0.234999999
12301 0.38499999 -0.00500009954 -0.224999994
12302 0.38499999 -0.00500009954 -0.214999989
12303 0.38499999 -0.00500009954 -0.204999998
12304 0.38499999 -0.00500009954 -0.194999993
12305 0.38499999 -0.00500009954 -0.185000002
12306 0.38499999 -0.00500009954 -0.174999997
12307 0.38499999 -0.00500009954 -0.164999992
12308 0.394999981 -0.00500009954 -0.234999999
12309 0.394999981 -0.00500009954 -0.224999994
12310 0.394999981 -0.00500009954 -0.214999989
12311 0.394999981 -0.00500009954 -0.204999998
12312 0.394999981 -0.00500009954 -0.194999993
12313 0.394999981 -0.00500009954 -0.185000002
12314 0.394999981 -0.00500009954 -0.174999997
12315 0.394999981 -0.00500009954 -0.164999992
12316 0.324999988 -0.00500009954 -0.155000001
12317 0.324999988 -0.00500009954 -0.144999996
12318 0.324999988 -0.00500009954 -0.13499999
12319 0.324999988 -0.00500009954 -0.125
12320 0.324999988 -0.00500009954 -0.114999995
12321 0.324999988 -0.00500009954 -0.104999997
12322 0.324999988 -0.00500009954 -0.0949999988
12323 0.324999988 -0.00500009954 -0.0850000009
12324 0.334999979 -0.00500009954 -0.155000001
12325 0.334999979 -0.00500009954 -0.144999996
12326 0.334999979 -0.00500009954 -0.13499999
12327 0.334999979 -0.00500009954 -0.125
12328 0.334999979 -0.00500009954 -0.114999995
12329 0.334999979 -0.00500009954 -0.104999997
12330 0.334999979 -0.00500009954 -0.0949999988
12331 0.334999979 -0.00500009954 -0.0850000009
12332 0.344999999 -0.00500009954 -0.155000001
12333 0.344999999 -0.00500009954 -0.144999996
12334 0.344999999 -0.00500009954 -0.13499999
12335 0.344999999 -0.00500009954 -0.125
12336 0.344999999 -0.00500009954 -0.114999995
12337 0.344999999 -0.00500009954 -0.104999997
12338 0.344999999 -0.00500009954 -0.0949999988
12339 0.344999999 -0.00500009954 -0.0850000009
12340 0.354999989 -0.00500009954 -0.155000001
12341 0.354999989 -0.00500009954 -0.144999996
12342 0.354999989 -0.00500009954 -0.13499999
12343 0.354999989 -0.00500009954 -0.125
12344 0.354999989 -0.00500009954 -0.114999995
12345 0.354999989 -0.00500009954 -0.104999997
12346 0.354999989 -0.00500009954 -0.0949999988
12347 0.354999989 -0.00500009954 -0.0850000009
12348 0.36499998 -0.00500009954 -0.155000001
12349 0.36499998 -0.00500009954 -0.144999996
12350 0.36499998 -0.00500009954 -0.13499999
12351 0.36499998 -0.00500009954 -0.125
12352 0.36499998 -0.00500009954 -0.114999995
12353 0.36499998 -0.00500009954 -0.104999997
12354 0.36499998 -0.00500009954 -0.0949999988
12355 0.36499998 -0.00500009954 -0.0850000009
12356 0.375 -0.00500009954 -0.155000001
12357 0.375 -0.00500009954 -0.144999996
12358 0.375 -0.00500009954 -0.13499999
12359 0.375 -0.00500009954 -0.125
12360 0.375 -0.00500009954 -0.114999995
12361 0.375 -0.00500009954 -0.104999997
12362 0.375 -0.00500009954 -0.0949999988
12363 0.375 -0.00500009954 -0.0850000009
12364 0.38499999 -0.00500009954 -0.155000001
12365 0.38499999 -0.00500009954 -0.144999996
12366 0.38499999 -0.00500009954 -0.13499999
12367 0.38499999 -0.00500009954 -0.125
12368 0.38499999 -0.00500009954 -0.114999995
12369 0.38499999 -0.00500009954 -0.104999997
12370 0.38499999 -0.00500009954 -0.0949999988
12371 0.38499999 -0.00500009954 -0.0850000009
12372 0.394999981 -0.00500009954 -0.155000001
12373 0.394999981 -0.00500009954 -0.144999996
12374 0.394999981 -0.00500009954 -0.13499999
12375 0.394999981 -0.00500009954 -0.125
12376 0.394999981 -0.00500009954 -0.114999995
12377 0.394999981 -0.00500009954 -0.104999997
12378 0.394999981 -0.00500009954 -0.0949999988
12379 0.394999981 -0.00500009954 -0.0850000009
12380 0.324999988 -0.00500009954 -0.0749999955
12381 0.324999988 -0.00500009954 -0.0649999976
12382 0.324999988 -0.00500009954 -0.0549999997
12383 0.324999988 -0.00500009954 -0.0449999981
12384 0.324999988 -0.00500009954 -0.0350000001
12385 0.324999988 -0.00500009954 -0.0249999985
12386 0.324999988 -0.00500009954 -0.0149999997
12387 0.324999988 -0.00500009954 -0.00499999989
12388 0.334999979 -0.00500009954 -0.0749999955
12389 0.334999979 -0.00500009954 -0.0649999976
12390 0.334999979 -0.00500009954 -0.0549999997
12391 0.334999979 -0.00500009954 -0.0449999981
12392 0.334999979 -0.00500009954 -0.0350000001
12393 0.334999979 -0.00500009954 -0.0249999985
12394 0.334999979 -0.00500009954 -0.0149999997
12395 0.334999979 -0.00500009954 -0.00499999989
12396 0.344999999 -0.00500009954 -0.0749999955
12397 0.344999999 -0.00500009954 -0.0649999976
12398 0.344999999 -0.00500009954 -0.0549999997
12399 0.344999999 -0.00500009954 -0.0449999981
12400 0.344999999 -0.00500009954 -0.0350000001
12401 0.344999999 -0.00500009954 -0.0249999985
12402 0.344999999 -0.00500009954 -0.0149999997
12403 0.344999999 -0.00500009954 -0.00499999989
12404 0.354999989 -0.00500009954 -0.0749999955
12405 0.354999989 -0.00500009954 -0.0649999976
12406 0.354999989 -0.00500009954 -0.0549999997
12407 0.354999989 -0.00500009954 -0.0449999981
12408 0.354999989 -0.00500009954 -0.0350000001
12409 0.354999989 -0.00500009954 -0.0249999985
12410 0.354999989 -0.00500009954 -0.0149999997
12411 0.354999989 -0.00500009954 -0.00499999989
12412 0.36499998 -0.00500009954 -0.0749999955
12413 0.36499998 -0.00500009954 -0.0649999976
12414 0.36499998 -0.00500009954 -0.0549999997
12415 0.36499998 -0.00500009954 -0.0449999981
12416 0.36499998 -0.00500009954 -0.0350000001
12417 0.36499998 -0.00500009954 -0.0249999985
12418 0.36499998 -0.00500009954 -0.0149999997
12419 0.36499998 -0.00500009954 -0.00499999989
12420 0.375 -0.00500009954 -0.0749999955
12421 0.375 -0.00500009954 -0.0649999976
12422 0.375 -0.00500009954 -0.0549999997
12423 0.375 -0.00500009954 -0.0449999981
12424 0.375 -0.00500009954 -0.0350000001
12425 0.375 -0.00500009954 -0.0249999985
12426 0.375 -0.00500009954 -0.0149999997
12427 0.375 -0.00500009954 -0.00499999989
12428 0.38499999 -0.00500009954 -0.0749999955
12429 0.38499999 -0.00500009954 -0.0649999976
12430 0.38499999 -0.00500009954 -0.0549999997
12431 0.38499999 -0.00500009954 -0.0449999981
12432 0.38499999 -0.00500009954 -0.0350000001
12433 0.38499999 -0.00500009954 -0.0249999985
12434 0.38499999 -0.00500009954 -0.0149999997
12435 0.38499999 -0.00500009954 -0.00499999989
12436 0.394999981 -0.00500009954 -0.0749999955
12437 0.394999981 -0.00500009954 -0.0649999976
12438 0.394999981 -0.00500009954 -0.0549999997
12439 0.394999981 -0.00500009954 -0.0449999981
12440 0.394999981 -0.00500009954 -0.0350000001
12441 0.394999981 -0.00500009954 -0.0249999985
12442 0.394999981 -0.00500009954 -0.0149999997
12443 0.394999981 -0.00500009954 -0.00499999989
12444 0.405000001 -9.96515155e-08 -0.50000006
12445 0.405000001 -0.00250014942 -0.494999975
12446 0.405000001 -0.00500009954 -0.484999985
12447 0.414999992 -9.96515155e-08 -0.50000006
12448 0.414999992 -0.00250014942 -0.494999975
12449 0.414999992 -0.00500009954 -0.484999985
12450 0.424999982 -9.96515155e-08 -0.50000006
12451 0.424999982 -0.00250014942 -0.494999975
12452 0.424999982 -0.00500009954 -0.484999985
12453 0.435000002 -9.96515155e-08 -0.50000006
12454 0.435000002 -0.00250014942 -0.494999975
12455 0.435000002 -0.00500009954 -0.484999985
12456 0.444999993 -9.96515155e-08 -0.50000006
12457 0.444999993 -0.00250014942 -0.494999975
12458 0.444999993 -0.00500009954 -0.484999985
12459 0.454999983 -9.96515155e-08 -0.50000006
12460 0.454999983 -0.00250014942 -0.494999975
12461 0.454999983 -0.00500009954 -0.484999985
12462 0.465000004 -9.96515155e-08 -0.50000006
12463 0.465000004 -0.00250014942 -0.494999975
12464 0.465000004 -0.00500009954 -0.484999985
12465 0.474999994 -9.96515155e-08 -0.50000006
12466 0.474999994 -0.00250014942 -0.494999975
12467 0.474999994 -0.00500009954 -0.484999985
12468 0.405000001 -0.00500009954 -0.474999994
12469 0.405000001 -0.00500009954 -0.465000004
12470 0.405000001 -0.00500009954 -0.454999983
12471 0.405000001 -0.00500009954 -0.444999993
12472 0.405000001 -0.00500009954 -0.435000002
12473 0.405000001 -0.00500009954 -0.424999982
12474 0.405000001 -0.00500009954 -0.414999992
12475 0.405000001 -0.00500009954 -0.405000001
12476 0.414999992 -0.00500009954 -0.474999994
12477 0.414999992 -0.00500009954 -0.465000004
12478 0.414999992 -0.00500009954 -0.454999983
12479 0.414999992 -0.00500009954 -0.444999993
12480 0.414999992 -0.00500009954 -0.435000002
12481 0.414999992 -0.00500009954 -0.424999982
12482 0.414999992 -0.00500009954 -0.414999992
12483 0.414999992 -0.00500009954 -0.405000001
12484 0.424999982 -0.00500009954 -0.474999994
12485 0.424999982 -0.00500009954 -0.465000004
12486 0.424999982 -0.00500009954 -0.454999983
12487 0.424999982 -0.00500009954 -0.444999993
12488 0.424999982 -0.00500009954 -0.435000002
12489 0.424999982 -0.00500009954 -0.424999982
12490 0.424999982 -0.00500009954 -0.414999992
12491 0.424999982 -0.00500009954 -0.405000001
12492 0.435000002 -0.00500009954 -0.474999994
12493 0.435000002 -0.00500009954 -0.465000004
12494 0.435000002 -0.00500009954 -0.454999983
12495 0.435000002 -0.00500009954 -0.444999993
12496 0.435000002 -0.00500009954 -0.435000002
12497 0.435000002 -0.00500009954 -0.424999982
12498 0.435000002 -0.00500009954 -0.414999992
12499 0.435000002 -0.00500009954 -0.405000001
12500 0.444999993 -0.00500009954 -0.474999994
12501 0.444999993 -0.00500009954 -0.465000004
12502 0.444999993 -0.00500009954 -0.454999983
12503 0.444999993 -0.00500009954 -0.444999993
12504 0.444999993 -0.00500009954 -0.435000002
12505 0.444999993 -0.00500009954 -0.424999982
12506 0.444999993 -0.00500009954 -0.414999992
12507 0.444999993 -0.00500009954 -0.405000001
12508 0.454999983 -0.00500009954 -0.474999994
12509 0.454999983 -0.00500009954 -0.465000004
12510 0.454999983 -0.00500009954 -0.454999983
12511 0.454999983 -0.00500009954 -0.444999993
12512 0.454999983 -0.00500009954 -0.435000002
12513 0.454999983 -0.00500009954 -0.424999982
12514 0.454999983 -0.00500009954 -0.414999992
12515 0.454999983 -0.00500009954 -0.405000001
12516 0.465000004 -0.00500009954 -0.474999994
12517 0.465000004 -0.00500009954 -0.465000004
12518 0.465000004 -0.00500009954 -0.454999983
12519 0.465000004 -0.00500009954 -0.444999993
12520 0.465000004 -0.00500009954 -0.435000002
12521 0.465000004 -0.00500009954 -0.424999982
12522 0.465000004 -0.00500009954 -0.414999992
12523 0.465000004 -0.00500009954 -0.405000001
12524 0.474999994 -0.00500009954 -0.474999994
12525 0.474999994 -0.00500009954 -0.465000004
12526 0.474999994 -0.00500009954 -0.454999983
12527 0.474999994 -0.00500009954 -0.444999993
12528 0.474999994 -0.00500009954 -0.435000002
12529 0.474999994 -0.00500009954 -0.424999982
12530 0.474999994 -0.00500009954 -0.414999992
12531 0.474999994 -0.00500009954 -0.405000001
12532 0.405000001 -0.00500009954 -0.394999981
12533 0.405000001 -0.00500009954 -0.38499999
12534 0.405000001 -0.00500009954 -0.375
12535 0.405000001 -0.00500009954 -0.36499998
12536 0.405000001 -0.00500009954 -0.354999989
12537 0.405000001 -0.00500009954 -0.344999999
12538 0.405000001 -0.00500009954 -0.334999979
12539 0.405000001 -0.00500009954 -0.324999988
12540 0.414999992 -0.00500009954 -0.394999981
12541 0.414999992 -0.00500009954 -0.38499999
12542 0.414999992 -0.00500009954 -0.375
12543 0.414999992 -0.00500009954 -0.36499998
12544 0.414999992 -0.00500009954 -0.354999989
12545 0.414999992 -0.00500009954 -0.344999999
12546 0.414999992 -0.00500009954 -0.334999979
12547 0.414999992 -0.00500009954 -0.324999988
12548 0.424999982 -0.00500009954 -0.394999981
12549 0.424999982 -0.00500009954 -0.38499999
12550 0.424999982 -0.00500009954 -0.375
12551 0.424999982 -0.00500009954 -0.36499998
12552 0.424999982 -0.00500009954 -0.354999989
12553 0.424999982 -0.00500009954 -0.344999999
12554 0.424999982 -0.00500009954 -0.334999979
12555 0.424999982 -0.00500009954 -0.324999988
12556 0.435000002 -0.00500009954 -0.394999981
12557 0.435000002 -0.00500009954 -0.38499999
12558 0.435000002 -0.00500009954 -0.375
12559 0.435000002 -0.00500009954 -0.36499998
12560 0.435000002 -0.00500009954 -0.354999989
12561 0.435000002 -0.00500009954 -0.344999999
12562 0.435000002 -0.00500009954 -0.334999979
12563 0.435000002 -0.00500009954 -0.324999988
12564 0.444999993 -0.00500009954 -0.394999981
12565 0.444999993 -0.00500009954 -0.38499999
12566 0.444999993 -0.00500009954 -0.375
12567 0.444999993 -0.00500009954 -0.36499998
12568 0.444999993 -0.00500009954 -0.354999989
12569 0.444999993 -0.00500009954 -0.344999999
12570 0.444999993 -0.00500009954 -0.334999979
12571 0.444999993 -0.00500009954 -0.324999988
12572 0.454999983 -0.00500009954 -0.394999981
12573 0.454999983 -0.00500009954 -0.38499999
12574 0.454999983 -0.00500009954 -0.375
12575 0.454999983 -0.00500009954 -0.36499998
12576 0.454999983 -0.00500009954 -0.354999989
12577 0.454999983 -0.00500009954 -0.344999999
12578 0.454999983 -0.00500009954 -0.334999979
12579 0.454999983 -0.00500009954 -0.324999988
12580 0.465000004 -0.00500009954 -0.394999981
12581 0.465000004 -0.00500009954 -0.38499999
12582 0.465000004 -0.00500009954 -0.375
12583 0.465000004 -0.00500009954 -0.36499998
12584 0.465000004 -0.00500009954 -0.354999989
12585 0.465000004 -0.00500009954 -0.344999999
12586 0.465000004 -0.00500009954 -0.334999979
12587 0.465000004 -0.00500009954 -0.324999988
12588 0.474999994 -0.00500009954 -0.394999981
12589 0.474999994 -0.00500009954 -0.38499999
12590 0.474999994 -0.00500009954 -0.375
12591 0.474999994 -0.00500009954 -0.36499998
12592 0.474999994 -0.00500009954 -0.354999989
12593 0.474999994 -0.00500009954 -0.344999999
12594 0.474999994 -0.00500009954 -0.334999979
12595 0.474999994 -0.00500009954 -0.324999988
12596 0.405000001 -0.00500009954 -0.314999998
12597 0.405000001 -0.00500009954 -0.305000007
12598 0.405000001 -0.00500009954 -0.294999987
12599 0.405000001 -0.00500009954 -0.284999996
12600 0.405000001 -0.00500009954 -0.275000006
12601 0.405000001 -0.00500009954 -0.264999986
12602 0.405000001 -0.00500009954 -0.254999995
12603 0.405000001 -0.00500009954 -0.24499999
12604 0.414999992 -0.00500009954 -0.314999998
12605 0.414999992 -0.00500009954 -0.305000007
12606 0.414999992 -0.00500009954 -0.294999987
12607 0.414999992 -0.00500009954 -0.284999996
12608 0.414999992 -0.00500009954 -0.275000006
12609 0.414999992 -0.00500009954 -0.264999986
12610 0.414999992 -0.00500009954 -0.254999995
12611 0.414999992 -0.00500009954 -0.24499999
12612 0.424999982 -0.00500009954 -0.314999998
12613 0.424999982 -0.00500009954 -0.305000007
12614 0.424999982 -0.00500009954 -0.294999987
12615 0.424999982 -0.00500009954 -0.284999996
12616 0.424999982 -0.00500009954 -0.275000006
12617 0.424999982 -0.00500009954 -0.264999986
12618 0.424999982 -0.00500009954 -0.254999995
12619 0.424999982 -0.00500009954 -0.24499999
12620 0.435000002 -0.00500009954 -0.314999998
12621 0.435000002 -0.00500009954 -0.305000007
12622 0.435000002 -0.00500009954 -0.294999987
12623 0.435000002 -0.00500009954 -0.284999996
12624 0.435000002 -0.00500009954 -0.275000006
12625 0.435000002 -0.00500009954 -0.264999986
12626 0.435000002 -0.00500009954 -0.254999995
12627 0.435000002 -0.00500009954 -0.24499999
12628 0.444999993 -0.00500009954 -0.314999998
12629 0.444999993 -0.00500009954 -0.305000007
12630 0.444999993 -0.00500009954 -0.294999987
12631 0.444999993 -0.00500009954 -0.284999996
12632 0.444999993 -0.00500009954 -0.275000006
12633 0.444999993 -0.00500009954 -0.264999986
12634 0.444999993 -0.00500009954 -0.254999995
12635 0.444999993 -0.00500009954 -0.24499999
12636 0.454999983 -0.00500009954 -0.314999998
12637 0.454999983 -0.00500009954 -0.305000007
12638 0.454999983 -0.00500009954 -0.294999987
12639 0.454999983 -0.00500009954 -0.284999996
12640 0.454999983 -0.00500009954 -0.275000006
12641 0.454999983 -0.00500009954 -0.264999986
12642 0.454999983 -0.00500009954 -0.254999995
12643 0.454999983 -0.00500009954 -0.24499999
12644 0.465000004 -0.00500009954 -0.314999998
12645 0.465000004 -0.00500009954 -0.305000007
12646 0.465000004 -0.00500009954 -0.294999987
12647 0.465000004 -0.00500009954 -0.284999996
12648 0.465000004 -0.00500009954 -0.275000006
12649 0.465000004 -0.00500009954 -0.264999986
12650 0.465000004 -0.00500009954 -0.254999995
12651 0.465000004 -0.00500009954 -0.24499999
12652 0.474999994 -0.00500009954 -0.314999998
12653 0.474999994 -0.00500009954 -0.305000007
12654 0.474999994 -0.00500009954 -0.294999987
12655 0.474999994 -0.00500009954 -0.284999996
12656 0.474999994 -0.00500009954 -0.275000006
12657 0.474999994 -0.00500009954 -0.264999986
12658 0.474999994 -0.00500009954 -0.254999995
12659 0.474999994 -0.00500009954 -0.24499999
12660 0.405000001 -0.00500009954 -0.234999999
12661 0.405000001 -0.00500009954 -0.224999994
12662 0.405000001 -0.00500009954 -0.214999989
12663 0.405000001 -0.00500009954 -0.204999998
12664 0.405000001 -0.00500009954 -0.194999993
12665 0.405000001 -0.00500009954 -0.185000002
12666 0.405000001 -0.00500009954 -0.174999997
12667 0.405000001 -0.00500009954 -0.164999992
12668 0.414999992 -0.00500009954 -0.234999999
12669 0.414999992 -0.00500009954 -0.224999994
12670 0.414999992 -0.00500009954 -0.214999989
12671 0.414999992 -0.00500009954 -0.204999998
12672 0.414999992 -0.00500009954 -0.194999993
12673 0.414999992 -0.00500009954 -0.185000002
12674 0.414999992 -0.00500009954 -0.174999997
12675 0.414999992 -0.00500009954 -0.164999992
12676 0.424999982 -0.00500009954 -0.234999999
12677 0.424999982 -0.00500009954 -0.224999994
12678 0.424999982 -0.00500009954 -0.214999989
12679 0.424999982 -0.00500009954 -0.204999998
12680 0.424999982 -0.00500009954 -0.194999993
12681 0.424999982 -0.00500009954 -0.185000002
12682 0.424999982 -0.00500009954 -0.174999997
12683 0.424999982 -0.00500009954 -0.164999992
12684 0.435000002 -0.00500009954 -0.234999999
12685 0.435000002 -0.00500009954 -0.224999994
12686 0.435000002 -0.00500009954 -0.214999989
12687 0.435000002 -0.00500009954 -0.204999998
12688 0.435000002 -0.00500009954 -0.194999993
12689 0.435000002 -0.00500009954 -0.185000002
12690 0.435000002 -0.00500009954 -0.174999997
12691 0.435000002 -0.00500009954 -0.164999992
12692 0.444999993 -0.00500009954 -0.234999999
12693 0.444999993 -0.00500009954 -0.224999994
12694 0.444999993 -0.00500009954 -0.214999989
12695 0.444999993 -0.00500009954 -0.204999998
12696 0.444999993 -0.00500009954 -0.194999993
12697 0.444999993 -0.00500009954 -0.185000002
12698 0.444999993 -0.00500009954 -0.174999997
12699 0.444999993 -0.00500009954 -0.164999992
12700 0.454999983 -0.00500009954 -0.234999999
12701 0.454999983 -0.00500009954 -0.224999994
12702 0.454999983 -0.00500009954 -0.214999989
12703 0.454999983 -0.00500009954 -0.204999998
12704 0.454999983 -0.00500009954 -0.194999993
12705 0.454999983 -0.00500009954 -0.185000002
12706 0.454999983 -0.00500009954 -0.174999997
12707 0.454999983 -0.00500009954 -0.164999992
12708 0.465000004 -0.00500009954 -0.234999999
12709 0.465000004 -0.00500009954 -0.224999994
12710 0.465000004 -0.00500009954 -0.214999989
12711 0.465000004 -0.00500009954 -0.204999998
12712 0.465000004 -0.00500009954 -0.194999993
12713 0.465000004 -0.00500009954 -0.185000002
12714 0.465000004 -0.00500009954 -0.174999997
12715 0.465000004 -0.00500009954 -0.164999992
12716 0.474999994 -0.00500009954 -0.234999999
12717 0.474999994 -0.00500009954 -0.224999994
12718 0.474999994 -0.00500009954 -0.214999989
12719 0.474999994 -0.00500009954 -0.204999998
12720 0.474999994 -0.00500009954 -0.194999993
12721 0.474999994 -0.00500009954 -0.185000002
12722 0.474999994 -0.00500009954 -0.174999997
12723 0.474999994 -0.00500009954 -0.164999992
12724 0.405000001 -0.00500009954 -0.155000001
12725 0.405000001 -0.00500009954 -0.144999996
12726 0.405000001 -0.00500009954 -0.13499999
12727 0.405000001 -0.00500009954 -0.125
12728 0.405000001 -0.00500009954 -0.114999995
12729 0.405000001 -0.00500009954 -0.104999997
12730 0.405000001 -0.00500009954 -0.0949999988
12731 0.405000001 -0.00500009954 -0.0850000009
12732 0.414999992 -0.00500009954 -0.155000001
12733 0.414999992 -0.00500009954 -0.144999996
12734 0.414999992 -0.00500009954 -0.13499999
12735 0.414999992 -0.00500009954 -0.125
12736 0.414999992 -0.00500009954 -0.114999995
12737 0.414999992 -0.00500009954 -0.104999997
12738 0.414999992 -0.00500009954 -0.0949999988
12739 0.414999992 -0.00500009954 -0.0850000009
12740 0.424999982 -0.00500009954 -0.155000001
12741 0.424999982 -0.00500009954 -0.144999996
12742 0.424999982 -0.00500009954 -0.13499999
12743 0.424999982 -0.00500009954 -0.125
12744 0.424999982 -0.00500009954 -0.114999995
12745 0.424999982 -0.00500009954 -0.104999997
12746 0.424999982 -0.00500009954 -0.0949999988
12747 0.424999982 -0.00500009954 -0.0850000009
12748 0.435000002 -0.00500009954 -0.155000001
12749 0.435000002 -0.00500009954 -0.144999996
12750 0.435000002 -0.00500009954 -0.13499999
12751 0.435000002 -0.00500009954 -0.125
12752 0.435000002 -0.00500009954 -0.114999995
12753 0.435000002 -0.00500009954 -0.104999997
12754 0.435000002 -0.00500009954 -0.0949999988
12755 0.435000002 -0.00500009954 -0.0850000009
12756 0.444999993 -0.00500009954 -0.155000001
12757 0.444999993 -0.00500009954 -0.144999996
12758 0.444999993 -0.00500009954 -0.13499999
12759 0.444999993 -0.00500009954 -0.125
12760 0.444999993 -0.00500009954 -0.114999995
12761 0.444999993 -0.00500009954 -0.104999997
12762 0.444999993 -0.00500009954 -0.0949999988
12763 0.444999993 -0.00500009954 -0.0850000009
12764 0.454999983 -0.00500009954 -0.155000001
12765 0.454999983 -0.00500009954 -0.144999996
12766 0.454999983 -0.00500009954 -0.13499999
12767 0.454999983 -0.00500009954 -0.125
12768 0.454999983 -0.00500009954 -0.114999995
12769 0.454999983 -0.00500009954 -0.104999997
12770 0.454999983 -0.00500009954 -0.0949999988
12771 0.454999983 -0.00500009954 -0.0850000009
12772 0.465000004 -0.00500009954 -0.155000001
12773 0.465000004 -0.00500009954 -0.144999996
12774 0.465000004 -0.00500009954 -0.13499999
12775 0.465000004 -0.00500009954 -0.125
12776 0.465000004 -0.00500009954 -0.114999995
12777 0.465000004 -0.00500009954 -0.104999997
12778 0.465000004 -0.00500009954 -0.0949999988
12779 0.465000004 -0.00500009954 -0.0850000009
12780 0.474999994 -0.00500009954 -0.155000001
12781 0.474999994 -0.00500009954 -0.144999996
12782 0.474999994 -0.00500009954 -0.13499999
12783 0.474999994 -0.00500009954 -0.125
12784 0.474999994 -0.00500009954 -0.114999995
12785 0.474999994 -0.00500009954 -0.104999997
12786 0.474999994 -0.00500009954 -0.0949999988
12787 0.474999994 -0.00500009954 -0.0850000009
12788 0.405000001 -0.00500009954 -0.0749999955
12789 0.405000001 -0.00500009954 -0.0649999976
12790 0.405000001 -0.00500009954 -0.0549999997
12791 0.405000001 -0.00500009954 -0.0449999981
12792 0.405000001 -0.00500009954 -0.0350000001
12793 0.405000001 -0.00500009954 -0.0249999985
12794 0.405000001 -0.00500009954 -0.0149999997
12795 0.405000001 -0.00500009954 -0.00499999989
12796 0.414999992 -0.00500009954 -0.0749999955
12797 0.414999992 -0.00500009954 -0.0649999976
12798 0.414999992 -0.00500009954 -0.0549999997
12799 0.414999992 -0.00500009954 -0.0449999981
12800 0.414999992 -0.00500009954 -0.0350000001
12801 0.414999992 -0.00500009954 -0.0249999985
12802 0.414999992 -0.00500009954 -0.0149999997
12803 0.414999992 -0.00500009954 -0.00499999989
12804 0.424999982 -0.00500009954 -0.0749999955
12805 0.424999982 -0.00500009954 -0.0649999976
12806 0.424999982 -0.00500009954 -0.0549999997
12807 0.424999982 -0.00500009954 -0.0449999981
12808 0.424999982 -0.00500009954 -0.0350000001
12809 0.424999982 -0.00500009954 -0.0249999985
12810 0.424999982 -0.00500009954 -0.0149999997
12811 0.424999982 -0.00500009954 -0.00499999989
12812 0.435000002 -0.00500009954 -0.0749999955
12813 0.435000002 -0.00500009954 -0.0649999976
12814 0.435000002 -0.00500009954 -0.0549999997
12815 0.435000002 -0.00500009954 -0.0449999981
12816 0.435000002 -0.00500009954 -0.0350000001
12817 0.435000002 -0.00500009954 -0.0249999985
12818 0.435000002 -0.00500009954 -0.0149999997
12819 0.435000002 -0.00500009954 -0.00499999989
12820 0.444999993 -0.00500009954 -0.0749999955
12821 0.444999993 -0.00500009954 -0.0649999976
12822 0.444999993 -0.00500009954 -0.0549999997
12823 0.444999993 -0.00500009954 -0.0449999981
12824 0.444999993 -0.00500009954 -0.0350000001
12825 0.444999993 -0.00500009954 -0.0249999985
12826 0.444999993 -0.00500009954 -0.0149999997
12827 0.444999993 -0.00500009954 -0.00499999989
12828 0.454999983 -0.00500009954 -0.0749999955
12829 0.454999983 -0.00500009954 -0.0649999976
12830 0.454999983 -0.00500009954 -0.0549999997
12831 0.454999983 -0.00500009954 -0.0449999981
12832 0.454999983 -0.00500009954 -0.0350000001
12833 0.454999983 -0.00500009954 -0.0249999985
12834 0.454999983 -0.00500009954 -0.0149999997
12835 0.454999983 -0.00500009954 -0.00499999989
12836 0.465000004 -0.00500009954 -0.0749999955
12837 0.465000004 -0.00500009954 -0.0649999976
12838 0.465000004 -0.00500009954 -0.0549999997
12839 0.465000004 -0.00500009954 -0.0449999981
12840 0.465000004 -0.00500009954 -0.0350000001
12841 0.465000004 -0.00500009954 -0.0249999985
12842 0.465000004 -0.00500009954 -0.0149999997
12843 0.465000004 -0.00500009954 -0.00499999989
12844 0.474999994 -0.00500009954 -0.0749999955
12845 0.474999994 -0.00500009954 -0.0649999976
12846 0.474999994 -0.00500009954 -0.0549999997
12847 0.474999994 -0.00500009954 -0.0449999981
12848 0.474999994 -0.00500009954 -0.0350000001
12849 0.474999994 -0.00500009954 -0.0249999985
12850 0.474999994 -0.00500009954 -0.0149999997
12851 0.474999994 -0.00500009954 -0.00499999989
12852 0.484999985 -9.96515155e-08 -0.50000006
12853 0.484999985 -0.00250014942 -0.494999975
12854 0.484999985 -0.00500009954 -0.484999985
12855 0.494999975 -9.96515155e-08 -0.50000006
12856 0.494999975 -0.00125017436 -0.494999975
12857 0.494999975 -0.00250014942 -0.484999985
12858 0.5 -6.6434346e-08 -0.5
12859 0.50000006 -9.96515155e-08 -0.494999975
12860 0.50000006 -9.96515155e-08 -0.484999985
12861 0.484999985 -0.00500009954 -0.474999994
12862 0.484999985 -0.00500009954 -0.465000004
12863 0.484999985 -0.00500009954 -0.454999983
12864 0.484999985 -0.00500009954 -0.444999993
12865 0.484999985 -0.00500009954 -0.435000002
12866 0.484999985 -0.00500009954 -0.424999982
12867 0.484999985 -0.00500009954 -0.414999992
12868 0.484999985 -0.00500009954 -0.405000001
12869 0.494999975 -0.00250014942 -0.474999994
12870 0.494999975 -0.00250014942 -0.465000004
12871 0.494999975 -0.00250014942 -0.454999983
12872 0.494999975 -0.00250014942 -0.444999993
12873 0.494999975 -0.00250014942 -0.435000002
12874 0.494999975 -0.00250014942 -0.424999982
12875 0.494999975 -0.00250014942 -0.414999992
12876 0.494999975 -0.00250014942 -0.405000001
12877 0.50000006 -9.96515155e-08 -0.474999994
12878 0.50000006 -9.96515155e-08 -0.465000004
12879 0.50000006 -9.96515155e-08 -0.454999983
12880 0.50000006 -9.96515155e-08 -0.444999993
12881 0.50000006 -9.96515155e-08 -0.435000002
12882 0.50000006 -9.96515155e-08 -0.424999982
12883 0.50000006 -9.96515155e-08 -0.414999992
12884 0.50000006 -9.96515155e-08 -0.405000001
12885 0.484999985 -0.00500009954 -0.394999981
12886 0.484999985 -0.00500009954 -0.38499999
12887 0.484999985 -0.00500009954 -0.375
12888 0.484999985 -0.00500009954 -0.36499998
12889 0.484999985 -0.00500009954 -0.354999989
12890 0.484999985 -0.00500009954 -0.344999999
12891 0.484999985 -0.00500009954 -0.334999979
12892 0.484999985 -0.00500009954 -0.324999988
12893 0.494999975 -0.00250014942 -0.394999981
12894 0.494999975 -0.00250014942 -0.38499999
12895 0.494999975 -0.00250014942 -0.375
12896 0.494999975 -0.00250014942 -0.36499998
12897 0.494999975 -0.00250014942 -0.354999989
12898 0.494999975 -0.00250014942 -0.344999999
12899 0.494999975 -0.00250014942 -0.334999979
12900 0.494999975 -0.00250014942 -0.324999988
12901 0.50000006 -9.96515155e-08 -0.394999981
12902 0.50000006 -9.96515155e-08 -0.38499999
12903 0.50000006 -9.96515155e-08 -0.375
12904 0.50000006 -9.96515155e-08 -0.36499998
12905 0.50000006 -9.96515155e-08 -0.354999989
12906 0.50000006 -9.96515155e-08 -0.344999999
12907 0.50000006 -9.96515155e-08 -0.334999979
12908 0.50000006 -9.96515155e-08 -0.324999988
12909 0.484999985 -0.00500009954 -0.314999998
12910 0.484999985 -0.00500009954 -0.305000007
12911 0.484999985 -0.00500009954 -0.294999987
12912 0.484999985 -0.00500009954 -0.284999996
12913 0.484999985 -0.00500009954 -0.275000006
12914 0.484999985 -0.00500009954 -0.264999986
12915 0.484999985 -0.00500009954 -0.254999995
12916 0.484999985 -0.00500009954 -0.24499999
12917 0.494999975 -0.00250014942 -0.314999998
12918 0.494999975 -0.00250014942 -0.305000007
12919 0.494999975 -0.00250014942 -0.294999987
12920 0.494999975 -0.00250014942 -0.284999996
12921 0.494999975 -0.00250014942 -0.275000006
12922 0.494999975 -0.00250014942 -0.264999986
12923 0.494999975 -0.00250014942 -0.254999995
12924 0.494999975 -0.00250014942 -0.24499999
12925 0.50000006 -9.96515155e-08 -0.314999998
12926 0.50000006 -9.96515155e-08 -0.305000007
12927 0.50000006 -9.96515155e-08 -0.294999987
12928 0.50000006 -9.96515155e-08 -0.284999996
12929 0.50000006 -9.96515155e-08 -0.275000006
12930 0.50000006 -9.96515155e-08 -0.264999986
12931 0.50000006 -9.96515155e-08 -0.254999995
12932 0.50000006 -9.96515155e-08 -0.24499999
12933 0.484999985 -0.00500009954 -0.234999999
12934 0.484999985 -0.00500009954 -0.224999994
12935 0.484999985 -0.00500009954 -0.214999989
12936 0.484999985 -0.00500009954 -0.204999998
12937 0.484999985 -0.00500009954 -0.194999993
12938 0.484999985 -0.00500009954 -0.185000002
12939 0.484999985 -0.00500009954 -0.174999997
12940 0.484999985 -0.00500009954 -0.164999992
12941 0.494999975 -0.00250014942 -0.234999999
12942 0.494999975 -0.00250014942 -0.224999994
12943 0.494999975 -0.00250014942 -0.214999989
12944 0.494999975 -0.00250014942 -0.204999998
12945 0.494999975 -0.00250014942 -0.194999993
12946 0.494999975 -0.00250014942 -0.185000002
12947 0.494999975 -0.00250014942 -0.174999997
12948 0.494999975 -0.00250014942 -0.164999992
12949 0.50000006 -9.96515155e-08 -0.234999999
12950 0.50000006 -9.96515155e-08 -0.224999994
12951 0.50000006 -9.96515155e-08 -0.214999989
12952 0.50000006 -9.96515155e-08 -0.204999998
12953 0.50000006 -9.96515155e-08 -0.194999993
12954 0.50000006 -9.96515155e-08 -0.185000002
12955 0.50000006 -9.96515155e-08 -0.174999997
12956 0.50000006 -9.96515155e-08 -0.164999992
12957 0.484999985 -0.00500009954 -0.155000001
12958 0.484999985 -0.00500009954 -0.144999996
12959 0.484999985 -0.00500009954 -0.13499999
12960 0.484999985 -0.00500009954 -0.125
12961 0.484999985 -0.00500009954 -0.114999995
12962 0.484999985 -0.00500009954 -0.104999997
12963 0.484999985 -0.00500009954 -0.0949999988
12964 0.484999985 -0.00500009954 -0.0850000009
12965 0.494999975 -0.00250014942 -0.155000001
12966 0.494999975 -0.00250014942 -0.144999996
12967 0.494999975 -0.00250014942 -0.13499999
12968 0.494999975 -0.00250014942 -0.125
12969 0.494999975 -0.00250014942 -0.114999995
12970 0.494999975 -0.00250014942 -0.104999997
12971 0.494999975 -0.00250014942 -0.0949999988
12972 0.494999975 -0.00250014942 -0.0850000009
12973 0.50000006 -9.96515155e-08 -0.155000001
12974 0.50000006 -9.96515155e-08 -0.144999996
12975 0.50000006 -9.96515155e-08 -0.13499999
12976 0.50000006 -9.96515155e-08 -0.125
12977 0.50000006 -9.96515155e-08 -0.114999995
12978 0.50000006 -9.96515155e-08 -0.104999997
12979 0.50000006 -9.96515155e-08 -0.0949999988
12980 0.50000006 -9.96515155e-08 -0.0850000009
12981 0.484999985 -0.00500009954 -0.0749999955
12982 0.484999985 -0.00500009954 -0.0649999976
12983 0.484999985 -0.00500009954 -0.0549999997
12984 0.484999985 -0.00500009954 -0.0449999981
12985 0.484999985 -0.00500009954 -0.0350000001
12986 0.484999985 -0.00500009954 -0.0249999985
12987 0.484999985 -0.00500009954 -0.0149999997
12988 0.484999985 -0.00500009954 -0.00499999989
12989 0.494999975 -0.00250014942 -0.0749999955
12990 0.494999975 -0.00250014942 -0.0649999976
12991 0.494999975 -0.00250014942 -0.0549999997
12992 0.494999975 -0.00250014942 -0.0449999981
12993 0.494999975 -0.00250014942 -0.0350000001
12994 0.494999975 -0.00250014942 -0.0249999985
12995 0.494999975 -0.00250014942 -0.0149999997
12996 0.494999975 -0.00250014942 -0.00499999989
12997 0.50000006 -9.96515155e-08 -0.0749999955
12998 0.50000006 -9.96515155e-08 -0.0649999976
12999 0.50000006 -9.96515155e-08 -0.0549999997
13000 0.50000006 -9.96515155e-08 -0.0449999981
13001 0.50000006 -9.96515155e-08 -0.0350000001
13002 0.50000006 -9.96515155e-08 -0.0249999985
13003 0.50000006 -9.96515155e-08 -0.0149999997
13004 0.50000006 -9.96515155e-08 -0.00499999989
13005 0.00499999989 -0.00500009954 0.00499999989
13006 0.00499999989 -0.00500009954 0.0149999997
13007 0.00499999989 -0.00500009954 0.0249999985
13008 0.00499999989 -0.00500009954 0.0350000001
13009 0.00499999989 -0.00500009954 0.0449999981
13010 0.00499999989 -0.00500009954 0.0549999997
13011 0.00499999989 -0.00500009954 0.0649999976
13012 0.00499999989 -0.00500009954 0.0749999955
13013 0.0149999997 -0.00500009954 0.00499999989
13014 0.0149999997 -0.00500009954 0.0149999997
13015 0.0149999997 -0.00500009954 0.0249999985
13016 0.0149999997 -0.00500009954 0.0350000001
13017 0.0149999997 -0.00500009954 0.0449999981
13018 0.0149999997 -0.00500009954 0.0549999997
13019 0.0149999997 -0.00500009954 0.0649999976
13020 0.0149999997 -0.00500009954 0.0749999955
13021 0.0249999985 -0.00500009954 0.00499999989
13022 0.0249999985 -0.00500009954 0.0149999997
13023 0.0249999985 -0.00500009954 0.0249999985
13024 0.0249999985 -0.00500009954 0.0350000001
13025 0.0249999985 -0.00500009954 0.0449999981
13026 0.0249999985 -0.00500009954 0.0549999997
13027 0.0249999985 -0.00500009954 0.0649999976
13028 0.0249999985 -0.00500009954 0.0749999955
13029 0.0350000001 -0.00500009954 0.00499999989
13030 0.0350000001 -0.00500009954 0.0149999997
13031 0.0350000001 -0.00500009954 0.0249999985
13032 0.0350000001 -0.00500009954 0.0350000001
13033 0.0350000001 -0.00500009954 0.0449999981
13034 0.0350000001 -0.00500009954 0.0549999997
13035 0.0350000001 -0.00500009954 0.0649999976
13036 0.0350000001 -0.00500009954 0.0749999955
13037 0.0449999981 -0.00500009954 0.00499999989
13038 0.0449999981 -0.00500009954 0.0149999997
13039 0.0449999981 -0.00500009954 0.0249999985
13040 0.0449999981 -0.00500009954 0.0350000001
13041 0.0449999981 -0.00500009954 0.0449999981
13042 0.0449999981 -0.00500009954 0.0549999997
13043 0.0449999981 -0.00500009954 0.0649999976
13044 0.0449999981 -0.00500009954 0.0749999955
13045 0.0549999997 -0.00500009954 0.00499999989
13046 0.0549999997 -0.00500009954 0.0149999997
13047 0.0549999997 -0.00500009954 0.0249999985
13048 0.0549999997 -0.00500009954 0.0350000001
13049 0.0549999997 -0.00500009954 0.0449999981
13050 0.0549999997 -0.00500009954 0.0549999997
13051 0.0549999997 -0.00500009954 0.0649999976
13052 0.0549999997 -0.00500009954 0.0749999955
13053 0.0649999976 -0.00500009954 0.00499999989
13054 0.0649999976 -0.00500009954 0.0149999997
13055 0.0649999976 -0.00500009954 0.0249999985
13056 0.0649999976 -0.00500009954 0.0350000001
13057 0.0649999976 -0.00500009954 0.0449999981
13058 0.0649999976 -0.00500009954 0.0549999997
13059 0.0649999976 -0.00500009954 0.0649999976
13060 0.0649999976 -0.00500009954 0.0749999955
13061 0.0749999955 -0.00500009954 0.00499999989
13062 0.0749999955 -0.00500009954 0.0149999997
13063 0.0749999955 -0.00500009954 0.0249999985
13064 0.0749999955 -0.00500009954 0.0350000001
13065 0.0749999955 -0.00500009954 0.0449999981
13066 0.0749999955 -0.00500009954 0.0549999997
13067 0.0749999955 -0.00500009954 0.0649999976
13068 0.0749999955 -0.00500009954 0.0749999955
13069 0.00499999989 -0.00500009954 0.0850000009
13070 0.00499999989 -0.00500009954 0.0949999988
13071 0.00499999989 -0.00500009954 0.104999997
13072 0.00499999989 -0.00500009954 0.114999995
13073 0.00499999989 -0.00500009954 0.125
13074 0.00499999989 -0.00500009954 0.13499999
13075 0.00499999989 -0.00500009954 0.144999996
13076 0.00499999989 -0.00500009954 0.155000001
13077 0.0149999997 -0.00500009954 0.0850000009
13078 0.0149999997 -0.00500009954 0.0949999988
13079 0.0149999997 -0.00500009954 0.104999997
13080 0.0149999997 -0.00500009954 0.114999995
13081 0.0149999997 -0.00500009954 0.125
13082 0.0149999997 -0.00500009954 0.13499999
13083 0.0149999997 -0.00500009954 0.144999996
13084 0.0149999997 -0.00500009954 0.155000001
13085 0.0249999985 -0.00500009954 0.0850000009
13086 0.0249999985 -0.00500009954 0.0949999988
13087 0.0249999985 -0.00500009954 0.104999997
13088 0.0249999985 -0.00500009954 0.114999995
13089 0.0249999985 -0.00500009954 0.125
13090 0.0249999985 -0.00500009954 0.13499999
13091 0.0249999985 -0.00500009954 0.144999996
13092 0.0249999985 -0.00500009954 0.155000001
13093 0.0350000001 -0.00500009954 0.0850000009
13094 0.0350000001 -0.00500009954 0.0949999988
13095 0.0350000001 -0.00500009954 0.104999997
13096 0.0350000001 -0.00500009954 0.114999995
13097 0.0350000001 -0.00500009954 0.125
13098 0.0350000001 -0.00500009954 0.13499999
13099 0.0350000001 -0.00500009954 0.144999996
13100 0.0350000001 -0.00500009954 0.155000001
13101 0.0449999981 -0.00500009954 0.0850000009
13102 0.0449999981 -0.00500009954 0.0949999988
13103 0.0449999981 -0.00500009954 0.104999997
13104 0.0449999981 -0.00500009954 0.114999995
13105 0.0449999981 -0.00500009954 0.125
13106 0.0449999981 -0.00500009954 0.13499999
13107 0.0449999981 -0.00500009954 0.144999996
13108 0.0449999981 -0.00500009954 0.155000001
13109 0.0549999997 -0.00500009954 0.0850000009
13110 0.0549999997 -0.00500009954 0.0949999988
13111 0.0549999997 -0.00500009954 0.104999997
13112 0.0549999997 -0.00500009954 0.114999995
13113 0.0549999997 -0.00500009954 0.125
13114 0.0549999997 -0.00500009954 0.13499999
13115 0.0549999997 -0.00500009954 0.144999996
13116 0.0549999997 -0.00500009954 0.155000001
13117 0.0649999976 -0.00500009954 0.0850000009
13118 0.0649999976 -0.00500009954 0.0949999988
13119 0.0649999976 -0.00500009954 0.104999997
13120 0.0649999976 -0.00500009954 0.114999995
13121 0.0649999976 -0.00500009954 0.125
13122 0.0649999976 -0.00500009954 0.13499999
13123 0.0649999976 -0.00500009954 0.144999996
13124 0.0649999976 -0.00500009954 0.155000001
13125 0.0749999955 -0.00500009954 0.0850000009
13126 0.0749999955 -0.00500009954 0.0949999988
13127 0.0749999955 -0.00500009954 0.104999997
13128 0.0749999955 -0.00500009954 0.114999995
13129 0.0749999955 -0.00500009954 0.125
13130 0.0749999955 -0.00500009954 0.13499999
13131 0.0749999955 -0.00500009954 0.144999996
13132 0.0749999955 -0.00500009954 0.155000001
13133 0.00499999989 -0.00500009954 0.164999992
13134 0.00499999989 -0.00500009954 0.174999997
13135 0.00499999989 -0.00500009954 0.185000002
13136 0.00499999989 -0.00500009954 0.194999993
13137 0.00499999989 -0.00500009954 0.204999998
13138 0.00499999989 -0.00500009954 0.214999989
13139 0.00499999989 -0.00500009954 0.224999994
13140 0.00499999989 -0.00500009954 0.234999999
13141 0.0149999997 -0.00500009954 0.164999992
13142 0.0149999997 -0.00500009954 0.174999997
13143 0.0149999997 -0.00500009954 0.185000002
13144 0.0149999997 -0.00500009954 0.194999993
13145 0.0149999997 -0.00500009954 0.204999998
13146 0.0149999997 -0.00500009954 0.214999989
13147 0.0149999997 -0.00500009954 0.224999994
13148 0.0149999997 -0.00500009954 0.234999999
13149 0.0249999985 -0.00500009954 0.164999992
13150 0.0249999985 -0.00500009954 0.174999997
13151 0.0249999985 -0.00500009954 0.185000002
13152 0.0249999985 -0.00500009954 0.194999993
13153 0.0249999985 -0.00500009954 0.204999998
13154 0.0249999985 -0.00500009954 0.214999989
13155 0.0249999985 -0.00500009954 0.224999994
13156 0.0249999985 -0.00500009954 0.234999999
13157 0.0350000001 -0.00500009954 0.164999992
13158 0.0350000001 -0.00500009954 0.174999997
13159 0.0350000001 -0.00500009954 0.185000002
13160 0.0350000001 -0.00500009954 0.194999993
13161 0.0350000001 -0.00500009954 0.204999998
13162 0.0350000001 -0.00500009954 0.214999989
13163 0.0350000001 -0.00500009954 0.224999994
13164 0.0350000001 -0.00500009954 0.234999999
13165 0.0449999981 -0.00500009954 0.164999992
13166 0.0449999981 -0.00500009954 0.174999997
13167 0.0449999981 -0.00500009954 0.185000002
13168 0.0449999981 -0.00500009954 0.194999993
13169 0.0449999981 -0.00500009954 0.204999998
13170 0.0449999981 -0.00500009954 0.214999989
13171 0.0449999981 -0.00500009954 0.224999994
13172 0.0449999981 -0.00500009954 0.234999999
13173 0.0549999997 -0.00500009954 0.164999992
13174 0.0549999997 -0.00500009954 0.174999997
13175 0.0549999997 -0.00500009954 0.185000002
13176 0.0549999997 -0.00500009954 0.194999993
13177 0.0549999997 -0.00500009954 0.204999998
13178 0.0549999997 -0.00500009954 0.214999989
13179 0.0549999997 -0.00500009954 0.224999994
13180 0.0549999997 -0.00500009954 0.234999999
13181 0.0649999976 -0.00500009954 0.164999992
13182 0.0649999976 -0.00500009954 0.174999997
13183 0.0649999976 -0.00500009954 0.185000002
13184 0.0649999976 -0.00500009954 0.194999993
13185 0.0649999976 -0.00500009954 0.204999998
13186 0.0649999976 -0.00500009954 0.214999989
13187 0.0649999976 -0.00500009954 0.224999994
13188 0.0649999976 -0.00500009954 0.234999999
13189 0.0749999955 -0.00500009954 0.164999992
13190 0.0749999955 -0.00500009954 0.174999997
13191 0.0749999955 -0.00500009954 0.185000002
13192 0.0749999955 -0.00500009954 0.194999993
13193 0.0749999955 -0.00500009954 0.204999998
13194 0.0749999955 -0.00500009954 0.214999989
13195 0.0749999955 -0.00500009954 0.224999994
13196 0.0749999955 -0.00500009954 0.234999999
13197 0.00499999989 -0.00500009954 0.24499999
13198 0.00499999989 -0.00500009954 0.254999995
13199 0.00499999989 -0.00500009954 0.264999986
13200 0.00499999989 -0.00500009954 0.275000006
13201 0.00499999989 -0.00500009954 0.284999996
13202 0.00499999989 -0.00500009954 0.294999987
13203 0.00499999989 -0.00500009954 0.305000007
13204 0.00499999989 -0.00500009954 0.314999998
13205 0.0149999997 -0.00500009954 0.24499999
13206 0.0149999997 -0.00500009954 0.254999995
13207 0.0149999997 -0.00500009954 0.264999986
13208 0.0149999997 -0.00500009954 0.275000006
13209 0.0149999997 -0.00500009954 0.284999996
13210 0.0149999997 -0.00500009954 0.294999987
13211 0.0149999997 -0.00500009954 0.305000007
13212 0.0149999997 -0.00500009954 0.314999998
13213 0.0249999985 -0.00500009954 0.24499999
13214 0.0249999985 -0.00500009954 0.254999995
13215 0.0249999985 -0.00500009954 0.264999986
13216 0.0249999985 -0.00500009954 0.275000006
13217 0.0249999985 -0.00500009954 0.284999996
13218 0.0249999985 -0.00500009954 0.294999987
13219 0.0249999985 -0.00500009954 0.305000007
13220 0.0249999985 -0.00500009954 0.314999998
13221 0.0350000001 -0.00500009954 0.24499999
13222 0.0350000001 -0.00500009954 0.254999995
13223 0.0350000001 -0.00500009954 0.264999986
13224 0.0350000001 -0.00500009954 0.275000006
13225 0.0350000001 -0.00500009954 0.284999996
13226 0.0350000001 -0.00500009954 0.294999987
13227 0.0350000001 -0.00500009954 0.305000007
13228 0.0350000001 -0.00500009954 0.314999998
13229 0.0449999981 -0.00500009954 0.24499999
13230 0.0449999981 -0.00500009954 0.254999995
13231 0.0449999981 -0.00500009954 0.264999986
13232 0.0449999981 -0.00500009954 0.275000006
13233 0.0449999981 -0.00500009954 0.284999996
13234 0.0449999981 -0.00500009954 0.294999987
13235 0.0449999981 -0.00500009954 0.305000007
13236 0.0449999981 -0.00500009954 0.314999998
13237 0.0549999997 -0.00500009954 0.24499999
13238 0.0549999997 -0.00500009954 0.254999995
13239 0.0549999997 -0.00500009954 0.264999986
13240 0.0549999997 -0.00500009954 0.275000006
13241 0.0549999997 -0.00500009954 0.284999996
13242 0.0549999997 -0.00500009954 0.294999987
13243 0.0549999997 -0.00500009954 0.305000007
13244 0.0549999997 -0.00500009954 0.314999998
13245 0.0649999976 -0.00500009954 0.24499999
13246 0.0649999976 -0.00500009954 0.254999995
13247 0.0649999976 -0.00500009954 0.264999986
13248 0.0649999976 -0.00500009954 0.275000006
13249 0.0649999976 -0.00500009954 0.284999996
13250 0.0649999976 -0.00500009954 0.294999987
13251 0.0649999976 -0.00500009954 0.305000007
13252 0.0649999976 -0.00500009954 0.314999998
13253 0.0749999955 -0.00500009954 0.24499999
13254 0.0749999955 -0.00500009954 0.254999995
13255 0.0749999955 -0.00500009954 0.264999986
13256 0.0749999955 -0.00500009954 0.275000006
13257 0.0749999955 -0.00500009954 0.284999996
13258 0.0749999955 -0.00500009954 0.294999987
13259 0.0749999955 -0.00500009954 0.305000007
13260 0.0749999955 -0.00500009954 0.314999998
13261 0.00499999989 -0.00500009954 0.324999988
13262 0.00499999989 -0.00500009954 0.334999979
13263 0.00499999989 -0.00500009954 0.344999999
13264 0.00499999989 -0.00500009954 0.354999989
13265 0.00499999989 -0.00500009954 0.36499998
13266 0.00499999989 -0.00500009954 0.375
13267 0.00499999989 -0.00500009954 0.38499999
13268 0.00499999989 -0.00500009954 0.394999981
13269 0.0149999997 -0.00500009954 0.324999988
13270 0.0149999997 -0.00500009954 0.334999979
13271 0.0149999997 -0.00500009954 0.344999999
13272 0.0149999997 -0.00500009954 0.354999989
13273 0.0149999997 -0.00500009954 0.36499998
13274 0.0149999997 -0.00500009954 0.375
13275 0.0149999997 -0.00500009954 0.38499999
13276 0.0149999997 -0.00500009954 0.394999981
13277 0.0249999985 -0.00500009954 0.324999988
13278 0.0249999985 -0.00500009954 0.334999979
13279 0.0249999985 -0.00500009954 0.344999999
13280 0.0249999985 -0.00500009954 0.354999989
13281 0.0249999985 -0.00500009954 0.36499998
13282 0.0249999985 -0.00500009954 0.375
13283 0.0249999985 -0.00500009954 0.38499999
13284 0.0249999985 -0.00500009954 0.394999981
13285 0.0350000001 -0.00500009954 0.324999988
13286 0.0350000001 -0.00500009954 0.334999979
13287 0.0350000001 -0.00500009954 0.344999999
13288 0.0350000001 -0.00500009954 0.354999989
13289 0.0350000001 -0.00500009954 0.36499998
13290 0.0350000001 -0.00500009954 0.375
13291 0.0350000001 -0.00500009954 0.38499999
13292 0.0350000001 -0.00500009954 0.394999981
13293 0.0449999981 -0.00500009954 0.324999988
13294 0.0449999981 -0.00500009954 0.334999979
13295 0.0449999981 -0.00500009954 0.344999999
13296 0.0449999981 -0.00500009954 0.354999989
13297 0.0449999981 -0.00500009954 0.36499998
13298 0.0449999981 -0.00500009954 0.375
13299 0.0449999981 -0.00500009954 0.38499999
13300 0.0449999981 -0.00500009954 0.394999981
13301 0.0549999997 -0.00500009954 0.324999988
13302 0.0549999997 -0.00500009954 0.334999979
13303 0.0549999997 -0.00500009954 0.344999999
13304 0.0549999997 -0.00500009954 0.354999989
13305 0.0549999997 -0.00500009954 0.36499998
13306 0.0549999997 -0.00500009954 0.375
13307 0.0549999997 -0.00500009954 0.38499999
13308 0.0549999997 -0.00500009954 0.394999981
13309 0.0649999976 -0.00500009954 0.324999988
13310 0.0649999976 -0.00500009954 0.334999979
13311 0.0649999976 -0.00500009954 0.344999999
13312 0.0649999976 -0.00500009954 0.354999989
13313 0.0649999976 -0.00500009954 0.36499998
13314 0.0649999976 -0.00500009954 0.375
13315 0.0649999976 -0.00500009954 0.38499999
13316 0.0649999976 -0.00500009954 0.394999981
13317 0.0749999955 -0.00500009954 0.324999988
13318 0.0749999955 -0.00500009954 0.334999979
13319 0.0749999955 -0.00500009954 0.344999999
13320 0.0749999955 -0.00500009954 0.354999989
13321 0.0749999955 -0.00500009954 0.36499998
13322 0.0749999955 -0.00500009954 0.375
13323 0.0749999955 -0.00500009954 0.38499999
13324 0.0749999955 -0.00500009954 0.394999981
13325 0.00499999989 -0.00500009954 0.405000001
13326 0.00499999989 -0.00500009954 0.414999992
13327 0.00499999989 -0.00500009954 0.424999982
13328 0.00499999989 -0.00500009954 0.435000002
13329 0.00499999989 -0.00500009954 0.444999993
13330 0.00499999989 -0.00500009954 0.454999983
13331 0.00499999989 -0.00500009954 0.465000004
13332 0.00499999989 -0.00500009954 0.474999994
13333 0.0149999997 -0.00500009954 0.405000001
13334 0.0149999997 -0.00500009954 0.414999992
13335 0.0149999997 -0.00500009954 0.424999982
13336 0.0149999997 -0.00500009954 0.435000002
13337 0.0149999997 -0.00500009954 0.444999993
13338 0.0149999997 -0.00500009954 0.454999983
13339 0.0149999997 -0.00500009954 0.465000004
13340 0.0149999997 -0.00500009954 0.474999994
13341 0.0249999985 -0.00500009954 0.405000001
13342 0.0249999985 -0.00500009954 0.414999992
13343 0.0249999985 -0.00500009954 0.424999982
13344 0.0249999985 -0.00500009954 0.435000002
13345 0.0249999985 -0.00500009954 0.444999993
13346 0.0249999985 -0.00500009954 0.454999983
13347 0.0249999985 -0.00500009954 0.465000004
13348 0.0249999985 -0.00500009954 0.474999994
13349 0.0350000001 -0.00500009954 0.405000001
13350 0.0350000001 -0.00500009954 0.414999992
13351 0.0350000001 -0.00500009954 0.424999982
13352 0.0350000001 -0.00500009954 0.435000002
13353 0.0350000001 -0.00500009954 0.444999993
13354 0.0350000001 -0.00500009954 0.454999983
13355 0.0350000001 -0.00500009954 0.465000004
13356 0.0350000001 -0.00500009954 0.474999994
13357 0.0449999981 -0.00500009954 0.405000001
13358 0.0449999981 -0.00500009954 0.414999992
13359 0.0449999981 -0.00500009954 0.424999982
13360 0.0449999981 -0.00500009954 0.435000002
13361 0.0449999981 -0.00500009954 0.444999993
13362 0.0449999981 -0.00500009954 0.454999983
13363 0.0449999981 -0.00500009954 0.465000004
13364 0.0449999981 -0.00500009954 0.474999994
13365 0.0549999997 -0.00500009954 0.405000001
13366 0.0549999997 -0.00500009954 0.414999992
13367 0.0549999997 -0.00500009954 0.424999982
13368 0.0549999997 -0.00500009954 0.435000002
13369 0.0549999997 -0.00500009954 0.444999993
13370 0.0549999997 -0.00500009954 0.454999983
13371 0.0549999997 -0.00500009954 0.465000004
13372 0.0549999997 -0.00500009954 0.474999994
13373 0.0649999976 -0.00500009954 0.405000001
13374 0.0649999976 -0.00500009954 0.414999992
13375 0.0649999976 -0.00500009954 0.424999982
13376 0.0649999976 -0.00500009954 0.435000002
13377 0.0649999976 -0.00500009954 0.444999993
13378 0.0649999976 -0.00500009954 0.454999983
13379 0.0649999976 -0.00500009954 0.465000004
13380 0.0649999976 -0.00500009954 0.474999994
13381 0.0749999955 -0.00500009954 0.405000001
13382 0.0749999955 -0.00500009954 0.414999992
13383 0.0749999955 -0.00500009954 0.424999982
13384 0.0749999955 -0.00500009954 0.435000002
13385 0.0749999955 -0.00500009954 0.444999993
13386 0.0749999955 -0.00500009954 0.454999983
13387 0.0749999955 -0.00500009954 0.465000004
13388 0.0749999955 -0.00500009954 0.474999994
13389 0.00499999989 -0.00500009954 0.484999985
13390 0.00499999989 -0.00250014942 0.494999975
13391 0.00499999989 -9.96515155e-08 0.50000006
13392 0.0149999997 -0.00500009954 0.484999985
13393 0.0149999997 -0.00250014942 0.494999975
13394 0.0149999997 -9.96515155e-08 0.50000006
13395 0.0249999985 -0.00500009954 0.484999985
13396 0.0249999985 -0.00250014942 0.494999975
13397 0.0249999985 -9.96515155e-08 0.50000006
13398 0.0350000001 -0.00500009954 0.484999985
13399 0.0350000001 -0.00250014942 0.494999975
13400 0.0350000001 -9.96515155e-08 0.50000006
13401 0.0449999981 -0.00500009954 0.484999985
13402 0.0449999981 -0.00250014942 0.494999975
13403 0.0449999981 -9.96515155e-08 0.50000006
13404 0.0549999997 -0.00500009954 0.484999985
13405 0.0549999997 -0.00250014942 0.494999975
13406 0.0549999997 -9.96515155e-08 0.50000006
13407 0.0649999976 -0.00500009954 0.484999985
13408 0.0649999976 -0.00250014942 0.494999975
13409 0.0649999976 -9.96515155e-08 0.50000006
13410 0.0749999955 -0.00500009954 0.484999985
13411 0.0749999955 -0.00250014942 0.494999975
13412 0.0749999955 -9.96515155e-08 0.50000006
13413 0.0850000009 -0.00500009954 0.00499999989
13414 0.0850000009 -0.00500009954 0.0149999997
13415 0.0850000009 -0.00500009954 0.0249999985
13416 0.0850000009 -0.00500009954 0.0350000001
13417 0.0850000009 -0.00500009954 0.0449999981
13418 0.0850000009 -0.00500009954 0.0549999997
13419 0.0850000009 -0.00500009954 0.0649999976
13420 0.0850000009 -0.00500009954 0.0749999955
13421 0.0949999988 -0.00500009954 0.00499999989
13422 0.0949999988 -0.00500009954 0.0149999997
13423 0.0949999988 -0.00500009954 0.0249999985
13424 0.0949999988 -0.00500009954 0.0350000001
13425 0.0949999988 -0.00500009954 0.0449999981
13426 0.0949999988 -0.00500009954 0.0549999997
13427 0.0949999988 -0.00500009954 0.0649999976
13428 0.0949999988 -0.00500009954 0.0749999955
13429 0.104999997 -0.00500009954 0.00499999989
13430 0.104999997 -0.00500009954 0.0149999997
13431 0.104999997 -0.00500009954 0.0249999985
13432 0.104999997 -0.00500009954 0.0350000001
13433 0.104999997 -0.00500009954 0.0449999981
13434 0.104999997 -0.00500009954 0.0549999997
13435 0.104999997 -0.00500009954 0.0649999976
13436 0.104999997 -0.00500009954 0.0749999955
13437 0.114999995 -0.00500009954 0.00499999989
13438 0.114999995 -0.00500009954 0.0149999997
13439 0.114999995 -0.00500009954 0.0249999985
13440 0.114999995 -0.00500009954 0.0350000001
13441 0.114999995 -0.00500009954 0.0449999981
13442 0.114999995 -0.00500009954 0.0549999997
13443 0.114999995 -0.00500009954 0.0649999976
13444 0.114999995 -0.00500009954 0.0749999955
13445 0.125 -0.00500009954 0.00499999989
13446 0.125 -0.00500009954 0.0149999997
13447 0.125 -0.00500009954 0.0249999985
13448 0.125 -0.00500009954 0.0350000001
13449 0.125 -0.00500009954 0.0449999981
13450 0.125 -0.00500009954 0.0549999997
13451 0.125 -0.00500009954 0.0649999976
13452 0.125 -0.00500009954 0.0749999955
13453 0.13499999 -0.00500009954 0.00499999989
13454 0.13499999 -0.00500009954 0.0149999997
13455 0.13499999 -0.00500009954 0.0249999985
13456 0.13499999 -0.00500009954 0.0350000001
13457 0.13499999 -0.00500009954 0.0449999981
13458 0.13499999 -0.00500009954 0.0549999997
13459 0.13499999 -0.00500009954 0.0649999976
13460 0.13499999 -0.00500009954 0.0749999955
13461 0.144999996 -0.00500009954 0.00499999989
13462 0.144999996 -0.00500009954 0.0149999997
13463 0.144999996 -0.00500009954 0.0249999985
13464 0.144999996 -0.00500009954 0.0350000001
13465 0.144999996 -0.00500009954 0.0449999981
13466 0.144999996 -0.00500009954 0.0549999997
13467 0.144999996 -0.00500009954 0.0649999976
13468 0.144999996 -0.00500009954 0.0749999955
13469 0.155000001 -0.00500009954 0.00499999989
13470 0.155000001 -0.00500009954 0.0149999997
13471 0.155000001 -0.00500009954 0.0249999985
13472 0.155000001 -0.00500009954 0.0350000001
13473 0.155000001 -0.00500009954 0.0449999981
13474 0.155000001 -0.00500009954 0.0549999997
13475 0.155000001 -0.00500009954 0.0649999976
13476 0.155000001 -0.00500009954 0.0749999955
13477 0.0850000009 -0.00500009954 0.0850000009
13478 0.0850000009 -0.00500009954 0.0949999988
13479 0.0850000009 -0.00500009954 0.104999997
13480 0.0850000009 -0.00500009954 0.114999995
13481 0.0850000009 -0.00500009954 0.125
13482 0.0850000009 -0.00500009954 0.13499999
13483 0.0850000009 -0.00500009954 0.144999996
13484 0.0850000009 -0.00500009954 0.155000001
13485 0.0949999988 -0.00500009954 0.0850000009
13486 0.0949999988 -0.00500009954 0.0949999988
13487 0.0949999988 -0.00500009954 0.104999997
13488 0.0949999988 -0.00500009954 0.114999995
13489 0.0949999988 -0.00500009954 0.125
13490 0.0949999988 -0.00500009954 0.13499999
13491 0.0949999988 -0.00500009954 0.144999996
13492 0.0949999988 -0.00500009954 0.155000001
13493 0.104999997 -0.00500009954 0.0850000009
13494 0.104999997 -0.00500009954 0.0949999988
13495 0.104999997 -0.00500009954 0.104999997
13496 0.104999997 -0.00500009954 0.114999995
13497 0.104999997 -0.00500009954 0.125
13498 0.104999997 -0.00500009954 0.13499999
13499 0.104999997 -0.00500009954 0.144999996
13500 0.104999997 -0.00500009954 0.155000001
13501 0.114999995 -0.00500009954 0.0850000009
13502 0.114999995 -0.00500009954 0.0949999988
13503 0.114999995 -0.00500009954 0.104999997
13504 0.114999995 -0.00500009954 0.114999995
13505 0.114999995 -0.00500009954 0.125
13506 0.114999995 -0.00500009954 0.13499999
13507 0.114999995 -0.00500009954 0.144999996
13508 0.114999995 -0.00500009954 0.155000001
13509 0.125 -0.00500009954 0.0850000009
13510 0.125 -0.00500009954 0.0949999988
13511 0.125 -0.00500009954 0.104999997
13512 0.125 -0.00500009954 0.114999995
13513 0.125 -0.00500009954 0.125
13514 0.125 -0.00500009954 0.13499999
13515 0.125 -0.00500009954 0.144999996
13516 0.125 -0.00500009954 0.155000001
13517 0.13499999 -0.00500009954 0.0850000009
13518 0.13499999 -0.00500009954 0.0949999988
13519 0.13499999 -0.00500009954 0.104999997
13520 0.13499999 -0.00500009954 0.114999995
13521 0.13499999 -0.00500009954 0.125
13522 0.13499999 -0.00500009954 0.13499999
13523 0.13499999 -0.00500009954 0.144999996
13524 0.13499999 -0.00500009954 0.155000001
13525 0.144999996 -0.00500009954 0.0850000009
13526 0.144999996 -0.00500009954 0.0949999988
13527 0.144999996 -0.00500009954 0.104999997
13528 0.144999996 -0.00500009954 0.114999995
13529 0.144999996 -0.00500009954 0.125
13530 0.144999996 -0.00500009954 0.13499999
13531 0.144999996 -0.00500009954 0.144999996
13532 0.144999996 -0.00500009954 0.155000001
13533 0.155000001 -0.00500009954 0.0850000009
13534 0.155000001 -0.00500009954 0.0949999988
13535 0.155000001 -0.00500009954 0.104999997
13536 0.155000001 -0.00500009954 0.114999995
13537 0.155000001 -0.00500009954 0.125
13538 0.155000001 -0.00500009954 0.13499999
13539 0.155000001 -0.00500009954 0.144999996
13540 0.155000001 -0.00500009954 0.155000001
13541 0.0850000009 -0.00500009954 0.164999992
13542 0.0850000009 -0.00500009954 0.174999997
13543 0.0850000009 -0.00500009954 0.185000002
13544 0.0850000009 -0.00500009954 0.194999993
13545 0.0850000009 -0.00500009954 0.204999998
13546 0.0850000009 -0.00500009954 0.214999989
13547 0.0850000009 -0.00500009954 0.224999994
13548 0.0850000009 -0.00500009954 0.234999999
13549 0.0949999988 -0.00500009954 0.164999992
13550 0.0949999988 -0.00500009954 0.174999997
13551 0.0949999988 -0.00500009954 0.185000002
13552 0.0949999988 -0.00500009954 0.194999993
13553 0.0949999988 -0.00500009954 0.204999998
13554 0.0949999988 -0.00500009954 0.214999989
13555 0.0949999988 -0.00500009954 0.224999994
13556 0.0949999988 -0.00500009954 0.234999999
13557 0.104999997 -0.00500009954 0.164999992
13558 0.104999997 -0.00500009954 0.174999997
13559 0.104999997 -0.00500009954 0.185000002
13560 0.104999997 -0.00500009954 0.194999993
13561 0.104999997 -0.00500009954 0.204999998
13562 0.104999997 -0.00500009954 0.214999989
13563 0.104999997 -0.00500009954 0.224999994
13564 0.104999997 -0.00500009954 0.234999999
13565 0.114999995 -0.00500009954 0.164999992
13566 0.114999995 -0.00500009954 0.174999997
13567 0.114999995 -0.00500009954 0.185000002
13568 0.114999995 -0.00500009954 0.194999993
13569 0.114999995 -0.00500009954 0.204999998
13570 0.114999995 -0.00500009954 0.214999989
13571 0.114999995 -0.00500009954 0.224999994
13572 0.114999995 -0.00500009954 0.234999999
13573 0.125 -0.00500009954 0.164999992
13574 0.125 -0.00500009954 0.174999997
13575 0.125 -0.00500009954 0.185000002
13576 0.125 -0.00500009954 0.194999993
13577 0.125 -0.00500009954 0.204999998
13578 0.125 -0.00500009954 0.214999989
13579 0.125 -0.00500009954 0.224999994
13580 0.125 -0.00500009954 0.234999999
13581 0.13499999 -0.00500009954 0.164999992
13582 0.13499999 -0.00500009954 0.174999997
13583 0.13499999 -0.00500009954 0.185000002
13584 0.13499999 -0.00500009954 0.194999993
13585 0.13499999 -0.00500009954 0.204999998
13586 0.13499999 -0.00500009954 0.214999989
13587 0.13499999 -0.00500009954 0.224999994
13588 0.13499999 -0.00500009954 0.234999999
13589 0.144999996 -0.00500009954 0.164999992
13590 0.144999996 -0.00500009954 0.174999997
13591 0.144999996 -0.00500009954 0.185000002
13592 0.144999996 -0.00500009954 0.194999993
13593 0.144999996 -0.00500009954 0.204999998
13594 0.144999996 -0.00500009954 0.214999989
13595 0.144999996 -0.00500009954 0.224999994
13596 0.144999996 -0.00500009954 0.234999999
13597 0.155000001 -0.00500009954 0.164999992
13598 0.155000001 -0.00500009954 0.174999997
13599 0.155000001 -0.00500009954 0.185000002
13600 0.155000001 -0.00500009954 0.194999993
13601 0.155000001 -0.00500009954 0.204999998
13602 0.155000001 -0.00500009954 0.214999989
13603 0.155000001 -0.00500009954 0.224999994
13604 0.155000001 -0.00500009954 0.234999999
13605 0.0850000009 -0.00500009954 0.24499999
13606 0.0850000009 -0.00500009954 0.254999995
13607 0.0850000009 -0.00500009954 0.264999986
13608 0.0850000009 -0.00500009954 0.275000006
13609 0.0850000009 -0.00500009954 0.284999996
13610 0.0850000009 -0.00500009954 0.294999987
13611 0.0850000009 -0.00500009954 0.305000007
13612 0.0850000009 -0.00500009954 0.314999998
13613 0.0949999988 -0.00500009954 0.24499999
13614 0.0949999988 -0.00500009954 0.254999995
13615 0.0949999988 -0.00500009954 0.264999986
13616 0.0949999988 -0.00500009954 0.275000006
13617 0.0949999988 -0.00500009954 0.284999996
13618 0.0949999988 -0.00500009954 0.294999987
13619 0.0949999988 -0.00500009954 0.305000007
13620 0.0949999988 -0.00500009954 0.314999998
13621 0.104999997 -0.00500009954 0.24499999
13622 0.104999997 -0.00500009954 0.254999995
13623 0.104999997 -0.00500009954 0.264999986
13624 0.104999997 -0.00500009954 0.275000006
13625 0.104999997 -0.00500009954 0.284999996
13626 0.104999997 -0.00500009954 0.294999987
13627 0.104999997 -0.00500009954 0.305000007
13628 0.104999997 -0.00500009954 0.314999998
13629 0.114999995 -0.00500009954 0.24499999
13630 0.114999995 -0.00500009954 0.254999995
13631 0.114999995 -0.00500009954 0.264999986
13632 0.114999995 -0.00500009954 0.275000006
13633 0.114999995 -0.00500009954 0.284999996
13634 0.114999995 -0.00500009954 0.294999987
13635 0.114999995 -0.00500009954 0.305000007
13636 0.114999995 -0.00500009954 0.314999998
13637 0.125 -0.00500009954 0.24499999
13638 0.125 -0.00500009954 0.254999995
13639 0.125 -0.00500009954 0.264999986
13640 0.125 -0.00500009954 0.275000006
13641 0.125 -0.00500009954 0.284999996
13642 0.125 -0.00500009954 0.294999987
13643 0.125 -0.00500009954 0.305000007
13644 0.125 -0.00500009954 0.314999998
13645 0.13499999 -0.00500009954 0.24499999
13646 0.13499999 -0.00500009954 0.254999995
13647 0.13499999 -0.00500009954 0.264999986
13648 0.13499999 -0.00500009954 0.275000006
13649 0.13499999 -0.00500009954 0.284999996
13650 0.13499999 -0.00500009954 0.294999987
13651 0.13499999 -0.00500009954 0.305000007
13652 0.13499999 -0.00500009954 0.314999998
13653 0.144999996 -0.00500009954 0.24499999
13654 0.144999996 -0.00500009954 0.254999995
13655 0.144999996 -0.00500009954 0.264999986
13656 0.144999996 -0.00500009954 0.275000006
13657 0.144999996 -0.00500009954 0.284999996
13658 0.144999996 -0.00500009954 0.294999987
13659 0.144999996 -0.00500009954 0.305000007
13660 0.144999996 -0.00500009954 0.314999998
13661 0.155000001 -0.00500009954 0.24499999
13662 0.155000001 -0.00500009954 0.254999995
13663 0.155000001 -0.00500009954 0.264999986
13664 0.155000001 -0.00500009954 0.275000006
13665 0.155000001 -0.00500009954 0.284999996
13666 0.155000001 -0.00500009954 0.294999987
13667 0.155000001 -0.00500009954 0.305000007
13668 0.155000001 -0.00500009954 0.314999998
13669 0.0850000009 -0.00500009954 0.324999988
13670 0.0850000009 -0.00500009954 0.334999979
13671 0.0850000009 -0.00500009954 0.344999999
13672 0.0850000009 -0.00500009954 0.354999989
13673 0.0850000009 -0.00500009954 0.36499998
13674 0.0850000009 -0.00500009954 0.375
13675 0.0850000009 -0.00500009954 0.38499999
13676 0.0850000009 -0.00500009954 0.394999981
13677 0.0949999988 -0.00500009954 0.324999988
13678 0.0949999988 -0.00500009954 0.334999979
13679 0.0949999988 -0.00500009954 0.344999999
13680 0.0949999988 -0.00500009954 0.354999989
13681 0.0949999988 -0.00500009954 0.36499998
13682 0.0949999988 -0.00500009954 0.375
13683 0.0949999988 -0.00500009954 0.38499999
13684 0.0949999988 -0.00500009954 0.394999981
13685 0.104999997 -0.00500009954 0.324999988
13686 0.104999997 -0.00500009954 0.334999979
13687 0.104999997 -0.00500009954 0.344999999
13688 0.104999997 -0.00500009954 0.354999989
13689 0.104999997 -0.00500009954 0.36499998
13690 0.104999997 -0.00500009954 0.375
13691 0.104999997 -0.00500009954 0.38499999
13692 0.104999997 -0.00500009954 0.394999981
13693 0.114999995 -0.00500009954 0.324999988
13694 0.114999995 -0.00500009954 0.334999979
13695 0.114999995 -0.00500009954 0.344999999
13696 0.114999995 -0.00500009954 0.354999989
13697 0.114999995 -0.00500009954 0.36499998
13698 0.114999995 -0.00500009954 0.375
13699 0.114999995 -0.00500009954 0.38499999
13700 0.114999995 -0.00500009954 0.394999981
13701 0.125 -0.00500009954 0.324999988
13702 0.125 -0.00500009954 0.334999979
13703 0.125 -0.00500009954 0.344999999
13704 0.125 -0.00500009954 0.354999989
13705 0.125 -0.00500009954 0.36499998
13706 0.125 -0.00500009954 0.375
13707 0.125 -0.00500009954 0.38499999
13708 0.125 -0.00500009954 0.394999981
13709 0.13499999 -0.00500009954 0.324999988
13710 0.13499999 -0.00500009954 0.334999979
13711 0.13499999 -0.00500009954 0.344999999
13712 0.13499999 -0.00500009954 0.354999989
13713 0.13499999 -0.00500009954 0.36499998
13714 0.13499999 -0.00500009954 0.375
13715 0.13499999 -0.00500009954 0.38499999
13716 0.13499999 -0.00500009954 0.394999981
13717 0.144999996 -0.00500009954 0.324999988
13718 0.144999996 -0.00500009954 0.334999979
13719 0.144999996 -0.00500009954 0.344999999
13720 0.144999996 -0.00500009954 0.354999989
13721 0.144999996 -0.00500009954 0.36499998
13722 0.144999996 -0.00500009954 0.375
13723 0.144999996 -0.00500009954 0.38499999
13724 0.144999996 -0.00500009954 0.394999981
13725 0.155000001 -0.00500009954 0.324999988
13726 0.155000001 -0.00500009954 0.334999979
13727 0.155000001 -0.00500009954 0.344999999
13728 0.155000001 -0.00500009954 0.354999989
13729 0.155000001 -0.00500009954 0.36499998
13730 0.155000001 -0.00500009954 0.375
13731 0.155000001 -0.00500009954 0.38499999
13732 0.155000001 -0.00500009954 0.394999981
13733 0.0850000009 -0.00500009954 0.405000001
13734 0.0850000009 -0.00500009954 0.414999992
13735 0.0850000009 -0.00500009954 0.424999982
13736 0.0850000009 -0.00500009954 0.435000002
13737 0.0850000009 -0.00500009954 0.444999993
13738 0.0850000009 -0.00500009954 0.454999983
13739 0.0850000009 -0.00500009954 0.465000004
13740 0.0850000009 -0.00500009954 0.474999994
13741 0.0949999988 -0.00500009954 0.405000001
13742 0.0949999988 -0.00500009954 0.414999992
13743 0.0949999988 -0.00500009954 0.424999982
13744 0.0949999988 -0.00500009954 0.435000002
13745 0.0949999988 -0.00500009954 0.444999993
13746 0.0949999988 -0.00500009954 0.454999983
13747 0.0949999988 -0.00500009954 0.465000004
13748 0.0949999988 -0.00500009954 0.474999994
13749 0.104999997 -0.00500009954 0.405000001
13750 0.104999997 -0.00500009954 0.414999992
13751 0.104999997 -0.00500009954 0.424999982
13752 0.104999997 -0.00500009954 0.435000002
13753 0.104999997 -0.00500009954 0.444999993
13754 0.104999997 -0.00500009954 0.454999983
13755 0.104999997 -0.00500009954 0.465000004
13756 0.104999997 -0.00500009954 0.474999994
13757 0.114999995 -0.00500009954 0.405000001
13758 0.114999995 -0.00500009954 0.414999992
13759 0.114999995 -0.00500009954 0.424999982
13760 0.114999995 -0.00500009954 0.435000002
13761 0.114999995 -0.00500009954 0.444999993
13762 0.114999995 -0.00500009954 0.454999983
13763 0.114999995 -0.00500009954 0.465000004
13764 0.114999995 -0.00500009954 0.474999994
13765 0.125 -0.00500009954 0.405000001
13766 0.125 -0.00500009954 0.414999992
13767 0.125 -0.00500009954 0.424999982
13768 0.125 -0.00500009954 0.435000002
13769 0.125 -0.00500009954 0.444999993
13770 0.125 -0.00500009954 0.454999983
13771 0.125 -0.00500009954 0.465000004
13772 0.125 -0.00500009954 0.474999994
13773 0.13499999 -0.00500009954 0.405000001
13774 0.13499999 -0.00500009954 0.414999992
13775 0.13499999 -0.00500009954 0.424999982
13776 0.13499999 -0.00500009954 0.435000002
13777 0.13499999 -0.00500009954 0.444999993
13778 0.13499999 -0.00500009954 0.454999983
13779 0.13499999 -0.00500009954 0.465000004
13780 0.13499999 -0.00500009954 0.474999994
13781 0.144999996 -0.00500009954 0.405000001
13782 0.144999996 -0.00500009954 0.414999992
13783 0.144999996 -0.00500009954 0.424999982
13784 0.144999996 -0.00500009954 0.435000002
13785 0.144999996 -0.00500009954 0.444999993
13786 0.144999996 -0.00500009954 0.454999983
13787 0.144999996 -0.00500009954 0.465000004
13788 0.144999996 -0.00500009954 0.474999994
13789 0.155000001 -0.00500009954 0.405000001
13790 0.155000001 -0.00500009954 0.414999992
13791 0.155000001 -0.00500009954 0.424999982
13792 0.155000001 -0.00500009954 0.435000002
13793 0.155000001 -0.00500009954 0.444999993
13794 0.155000001 -0.00500009954 0.454999983
13795 0.155000001 -0.00500009954 0.465000004
13796 0.155000001 -0.00500009954 0.474999994
13797 0.0850000009 -0.00500009954 0.484999985
13798 0.0850000009 -0.00250014942 0.494999975
13799 0.0850000009 -9.96515155e-08 0.50000006
13800 0.0949999988 -0.00500009954 0.484999985
13801 0.0949999988 -0.00250014942 0.494999975
13802 0.0949999988 -9.96515155e-08 0.50000006
13803 0.104999997 -0.00500009954 0.484999985
13804 0.104999997 -0.00250014942 0.494999975
13805 0.104999997 -9.96515155e-08 0.50000006
13806 0.114999995 -0.00500009954 0.484999985
13807 0.114999995 -0.00250014942 0.494999975
13808 0.114999995 -9.96515155e-08 0.50000006
13809 0.125 -0.00500009954 0.484999985
13810 0.125 -0.00250014942 0.494999975
13811 0.125 -9.96515155e-08 0.50000006
13812 0.13499999 -0.00500009954 0.484999985
13813 0.13499999 -0.00250014942 0.494999975
13814 0.13499999 -9.96515155e-08 0.50000006
13815 0.144999996 -0.00500009954 0.484999985
13816 0.144999996 -0.00250014942 0.494999975
13817 0.144999996 -9.96515155e-08 0.50000006
13818 0.155000001 -0.00500009954 0.484999985
13819 0.155000001 -0.00250014942 0.494999975
13820 0.155000001 -9.96515155e-08 0.50000006
13821 0.164999992 -0.00500009954 0.00499999989
13822 0.164999992 -0.00500009954 0.0149999997
13823 0.164999992 -0.00500009954 0.0249999985
13824 0.164999992 -0.00500009954 0.0350000001
13825 0.164999992 -0.00500009954 0.0449999981
13826 0.164999992 -0.00500009954 0.0549999997
13827 0.164999992 -0.00500009954 0.0649999976
13828 0.164999992 -0.00500009954 0.0749999955
13829 0.174999997 -0.00500009954 0.00499999989
13830 0.174999997 -0.00500009954 0.0149999997
13831 0.174999997 -0.00500009954 0.0249999985
13832 0.174999997 -0.00500009954 0.0350000001
13833 0.174999997 -0.00500009954 0.0449999981
13834 0.174999997 -0.00500009954 0.0549999997
13835 0.174999997 -0.00500009954 0.0649999976
13836 0.174999997 -0.00500009954 0.0749999955
13837 0.185000002 -0.00500009954 0.00499999989
13838 0.185000002 -0.00500009954 0.0149999997
13839 0.185000002 -0.00500009954 0.0249999985
13840 0.185000002 -0.00500009954 0.0350000001
13841 0.185000002 -0.00500009954 0.0449999981
13842 0.185000002 -0.00500009954 0.0549999997
13843 0.185000002 -0.00500009954 0.0649999976
13844 0.185000002 -0.00500009954 0.0749999955
13845 0.194999993 -0.00500009954 0.00499999989
13846 0.194999993 -0.00500009954 0.0149999997
13847 0.194999993 -0.00500009954 0.0249999985
13848 0.194999993 -0.00500009954 0.0350000001
13849 0.194999993 -0.00500009954 0.0449999981
13850 0.194999993 -0.00500009954 0.0549999997
13851 0.194999993 -0.00500009954 0.0649999976
13852 0.194999993 -0.00500009954 0.0749999955
13853 0.204999998 -0.00500009954 0.00499999989
13854 0.204999998 -0.00500009954 0.0149999997
13855 0.204999998 -0.00500009954 0.0249999985
13856 0.204999998 -0.00500009954 0.0350000001
13857 0.204999998 -0.00500009954 0.0449999981
13858 0.204999998 -0.00500009954 0.0549999997
13859 0.204999998 -0.00500009954 0.0649999976
13860 0.204999998 -0.00500009954 0.0749999955
13861 0.214999989 -0.00500009954 0.00499999989
13862 0.214999989 -0.00500009954 0.0149999997
13863 0.214999989 -0.00500009954 0.0249999985
13864 0.214999989 -0.00500009954 0.0350000001
13865 0.214999989 -0.00500009954 0.0449999981
13866 0.214999989 -0.00500009954 0.0549999997
13867 0.214999989 -0.00500009954 0.0649999976
13868 0.214999989 -0.00500009954 0.0749999955
13869 0.224999994 -0.00500009954 0.00499999989
13870 0.224999994 -0.00500009954 0.0149999997
13871 0.224999994 -0.00500009954 0.0249999985
13872 0.224999994 -0.00500009954 0.0350000001
13873 0.224999994 -0.00500009954 0.0449999981
13874 0.224999994 -0.00500009954 0.0549999997
13875 0.224999994 -0.00500009954 0.0649999976
13876 0.224999994 -0.00500009954 0.0749999955
13877 0.234999999 -0.00500009954 0.00499999989
13878 0.234999999 -0.00500009954 0.0149999997
13879 0.234999999 -0.00500009954 0.0249999985
13880 0.234999999 -0.00500009954 0.0350000001
13881 0.234999999 -0.00500009954 0.0449999981
13882 0.234999999 -0.00500009954 0.0549999997
13883 0.234999999 -0.00500009954 0.0649999976
13884 0.234999999 -0.00500009954 0.0749999955
13885 0.164999992 -0.00500009954 0.0850000009
13886 0.164999992 -0.00500009954 0.0949999988
13887 0.164999992 -0.00500009954 0.104999997
13888 0.164999992 -0.00500009954 0.114999995
13889 0.164999992 -0.00500009954 0.125
13890 0.164999992 -0.00500009954 0.13499999
13891 0.164999992 -0.00500009954 0.144999996
13892 0.164999992 -0.00500009954 0.155000001
13893 0.174999997 -0.00500009954 0.0850000009
13894 0.174999997 -0.00500009954 0.0949999988
13895 0.174999997 -0.00500009954 0.104999997
13896 0.174999997 -0.00500009954 0.114999995
13897 0.174999997 -0.00500009954 0.125
13898 0.174999997 -0.00500009954 0.13499999
13899 0.174999997 -0.00500009954 0.144999996
13900 0.174999997 -0.00500009954 0.155000001
13901 0.185000002 -0.00500009954 0.0850000009
13902 0.185000002 -0.00500009954 0.0949999988
13903 0.185000002 -0.00500009954 0.104999997
13904 0.185000002 -0.00500009954 0.114999995
13905 0.185000002 -0.00500009954 0.125
13906 0.185000002 -0.00500009954 0.13499999
13907 0.185000002 -0.00500009954 0.144999996
13908 0.185000002 -0.00500009954 0.155000001
13909 0.194999993 -0.00500009954 0.0850000009
13910 0.194999993 -0.00500009954 0.0949999988
13911 0.194999993 -0.00500009954 0.104999997
13912 0.194999993 -0.00500009954 0.114999995
13913 0.194999993 -0.00500009954 0.125
13914 0.194999993 -0.00500009954 0.13499999
13915 0.194999993 -0.00500009954 0.144999996
13916 0.194999993 -0.00500009954 0.155000001
13917 0.204999998 -0.00500009954 0.0850000009
13918 0.204999998 -0.00500009954 0.0949999988
13919 0.204999998 -0.00500009954 0.104999997
13920 0.204999998 -0.00500009954 0.114999995
13921 0.204999998 -0.00500009954 0.125
13922 0.204999998 -0.00500009954 0.13499999
13923 0.204999998 -0.00500009954 0.144999996
13924 0.204999998 -0.00500009954 0.155000001
13925 0.214999989 -0.00500009954 0.0850000009
13926 0.214999989 -0.00500009954 0.0949999988
13927 0.214999989 -0.00500009954 0.104999997
13928 0.214999989 -0.00500009954 0.114999995
13929 0.214999989 -0.00500009954 0.125
13930 0.214999989 -0.00500009954 0.13499999
13931 0.214999989 -0.00500009954 0.144999996
13932 0.214999989 -0.00500009954 0.155000001
13933 0.224999994 -0.00500009954 0.0850000009
13934 0.224999994 -0.00500009954 0.0949999988
13935 0.224999994 -0.00500009954 0.104999997
13936 0.224999994 -0.00500009954 0.114999995
13937 0.224999994 -0.00500009954 0.125
13938 0.224999994 -0.00500009954 0.13499999
13939 0.224999994 -0.00500009954 0.144999996
13940 0.224999994 -0.00500009954 0.155000001
13941 0.234999999 -0.00500009954 0.0850000009
13942 0.234999999 -0.00500009954 0.0949999988
13943 0.234999999 -0.00500009954 0.104999997
13944 0.234999999 -0.00500009954 0.114999995
13945 0.234999999 -0.00500009954 0.125
13946 0.234999999 -0.00500009954 0.13499999
13947 0.234999999 -0.00500009954 0.144999996
13948 0.234999999 -0.00500009954 0.155000001
13949 0.164999992 -0.00500009954 0.164999992
13950 0.164999992 -0.00500009954 0.174999997
13951 0.164999992 -0.00500009954 0.185000002
13952 0.164999992 -0.00500009954 0.194999993
13953 0.164999992 -0.00500009954 0.204999998
13954 0.164999992 -0.00500009954 0.214999989
13955 0.164999992 -0.00500009954 0.224999994
13956 0.164999992 -0.00500009954 0.234999999
13957 0.174999997 -0.00500009954 0.164999992
13958 0.174999997 -0.00500009954 0.174999997
13959 0.174999997 -0.00500009954 0.185000002
13960 0.174999997 -0.00500009954 0.194999993
13961 0.174999997 -0.00500009954 0.204999998
13962 0.174999997 -0.00500009954 0.214999989
13963 0.174999997 -0.00500009954 0.224999994
13964 0.174999997 -0.00500009954 0.234999999
13965 0.185000002 -0.00500009954 0.164999992
13966 0.185000002 -0.00500009954 0.174999997
13967 0.185000002 -0.00500009954 0.185000002
13968 0.185000002 -0.00500009954 0.194999993
13969 0.185000002 -0.00500009954 0.204999998
13970 0.185000002 -0.00500009954 0.214999989
13971 0.185000002 -0.00500009954 0.224999994
13972 0.185000002 -0.00500009954 0.234999999
13973 0.194999993 -0.00500009954 0.164999992
13974 0.194999993 -0.00500009954 0.174999997
13975 0.194999993 -0.00500009954 0.185000002
13976 0.194999993 -0.00500009954 0.194999993
13977 0.194999993 -0.00500009954 0.204999998
13978 0.194999993 -0.00500009954 0.214999989
13979 0.194999993 -0.00500009954 0.224999994
13980 0.194999993 -0.00500009954 0.234999999
13981 0.204999998 -0.00500009954 0.164999992
13982 0.204999998 -0.00500009954 0.174999997
13983 0.204999998 -0.00500009954 0.185000002
13984 0.204999998 -0.00500009954 0.194999993
13985 0.204999998 -0.00500009954 0.204999998
13986 0.204999998 -0.00500009954 0.214999989
13987 0.204999998 -0.00500009954 0.224999994
13988 0.204999998 -0.00500009954 0.234999999
13989 0.214999989 -0.00500009954 0.164999992
13990 0.214999989 -0.00500009954 0.174999997
13991 0.214999989 -0.00500009954 0.185000002
13992 0.214999989 -0.00500009954 0.194999993
13993 0.214999989 -0.00500009954 0.204999998
13994 0.214999989 -0.00500009954 0.214999989
13995 0.214999989 -0.00500009954 0.224999994
13996 0.214999989 -0.00500009954 0.234999999
13997 0.224999994 -0.00500009954 0.164999992
13998 0.224999994 -0.00500009954 0.174999997
13999 0.224999994 -0.00500009954 0.185000002
14000 0.224999994 -0.00500009954 0.194999993
14001 0.224999994 -0.00500009954 0.204999998
14002 0.224999994 -0.00500009954 0.214999989
14003 0.224999994 -0.00500009954 0.224999994
14004 0.224999994 -0.00500009954 0.234999999
14005 0.234999999 -0.00500009954 0.164999992
14006 0.234999999 -0.00500009954 0.174999997
14007 0.234999999 -0.00500009954 0.185000002
14008 0.234999999 -0.00500009954 0.194999993
14009 0.234999999 -0.00500009954 0.204999998
14010 0.234999999 -0.00500009954 0.214999989
14011 0.234999999 -0.00500009954 0.224999994
14012 0.234999999 -0.00500009954 0.234999999
14013 0.164999992 -0.00500009954 0.24499999
14014 0.164999992 -0.00500009954 0.254999995
14015 0.164999992 -0.00500009954 0.264999986
14016 0.164999992 -0.00500009954 0.275000006
14017 0.164999992 -0.00500009954 0.284999996
14018 0.164999992 -0.00500009954 0.294999987
14019 0.164999992 -0.00500009954 0.305000007
14020 0.164999992 -0.00500009954 0.314999998
14021 0.174999997 -0.00500009954 0.24499999
14022 0.174999997 -0.00500009954 0.254999995
14023 0.174999997 -0.00500009954 0.264999986
14024 0.174999997 -0.00500009954 0.275000006
14025 0.174999997 -0.00500009954 0.284999996
14026 0.174999997 -0.00500009954 0.294999987
14027 0.174999997 -0.00500009954 0.305000007
14028 0.174999997 -0.00500009954 0.314999998
14029 0.185000002 -0.00500009954 0.24499999
14030 0.185000002 -0.00500009954 0.254999995
14031 0.185000002 -0.00500009954 0.264999986
14032 0.185000002 -0.00500009954 0.275000006
14033 0.185000002 -0.00500009954 0.284999996
14034 0.185000002 -0.00500009954 0.294999987
14035 0.185000002 -0.00500009954 0.305000007
14036 0.185000002 -0.00500009954 0.314999998
14037 0.194999993 -0.00500009954 0.24499999
14038 0.194999993 -0.00500009954 0.254999995
14039 0.194999993 -0.00500009954 0.264999986
14040 0.194999993 -0.00500009954 0.275000006
14041 0.194999993 -0.00500009954 0.284999996
14042 0.194999993 -0.00500009954 0.294999987
14043 0.194999993 -0.00500009954 0.305000007
14044 0.194999993 -0.00500009954 0.314999998
14045 0.204999998 -0.00500009954 0.24499999
14046 0.204999998 -0.00500009954 0.254999995
14047 0.204999998 -0.00500009954 0.264999986
14048 0.204999998 -0.00500009954 0.275000006
14049 0.204999998 -0.00500009954 0.284999996
14050 0.204999998 -0.00500009954 0.294999987
14051 0.204999998 -0.00500009954 0.305000007
14052 0.204999998 -0.00500009954 0.314999998
14053 0.214999989 -0.00500009954 0.24499999
14054 0.214999989 -0.00500009954 0.254999995
14055 0.214999989 -0.00500009954 0.264999986
14056 0.214999989 -0.00500009954 0.275000006
14057 0.214999989 -0.00500009954 0.284999996
14058 0.214999989 -0.00500009954 0.294999987
14059 0.214999989 -0.00500009954 0.305000007
14060 0.214999989 -0.00500009954 0.314999998
14061 0.224999994 -0.00500009954 0.24499999
14062 0.224999994 -0.00500009954 0.254999995
14063 0.224999994 -0.00500009954 0.264999986
14064 0.224999994 -0.00500009954 0.275000006
14065 0.224999994 -0.00500009954 0.284999996
14066 0.224999994 -0.00500009954 0.294999987
14067 0.224999994 -0.00500009954 0.305000007
14068 0.224999994 -0.00500009954 0.314999998
14069 0.234999999 -0.00500009954 0.24499999
14070 0.234999999 -0.00500009954 0.254999995
14071 0.234999999 -0.00500009954 0.264999986
14072 0.234999999 -0.00500009954 0.275000006
14073 0.234999999 -0.00500009954 0.284999996
14074 0.234999999 -0.00500009954 0.294999987
14075 0.234999999 -0.00500009954 0.305000007
14076 0.234999999 -0.00500009954 0.314999998
14077 0.164999992 -0.00500009954 0.324999988
14078 0.164999992 -0.00500009954 0.334999979
14079 0.164999992 -0.00500009954 0.344999999
14080 0.164999992 -0.00500009954 0.354999989
14081 0.164999992 -0.00500009954 0.36499998
14082 0.164999992 -0.00500009954 0.375
14083 0.164999992 -0.00500009954 0.38499999
14084 0.164999992 -0.00500009954 0.394999981
14085 0.174999997 -0.00500009954 0.324999988
14086 0.174999997 -0.00500009954 0.334999979
14087 0.174999997 -0.00500009954 0.344999999
14088 0.174999997 -0.00500009954 0.354999989
14089 0.174999997 -0.00500009954 0.36499998
14090 0.174999997 -0.00500009954 0.375
14091 0.174999997 -0.00500009954 0.38499999
14092 0.174999997 -0.00500009954 0.394999981
14093 0.185000002 -0.00500009954 0.324999988
14094 0.185000002 -0.00500009954 0.334999979
14095 0.185000002 -0.00500009954 0.344999999
14096 0.185000002 -0.00500009954 0.354999989
14097 0.185000002 -0.00500009954 0.36499998
14098 0.185000002 -0.00500009954 0.375
14099 0.185000002 -0.00500009954 0.38499999
14100 0.185000002 -0.00500009954 0.394999981
14101 0.194999993 -0.00500009954 0.324999988
14102 0.194999993 -0.00500009954 0.334999979
14103 0.194999993 -0.00500009954 0.344999999
14104 0.194999993 -0.00500009954 0.354999989
14105 0.194999993 -0.00500009954 0.36499998
14106 0.194999993 -0.00500009954 0.375
14107 0.194999993 -0.00500009954 0.38499999
14108 0.194999993 -0.00500009954 0.394999981
14109 0.204999998 -0.00500009954 0.324999988
14110 0.204999998 -0.00500009954 0.334999979
14111 0.204999998 -0.00500009954 0.344999999
14112 0.204999998 -0.00500009954 0.354999989
14113 0.204999998 -0.00500009954 0.36499998
14114 0.204999998 -0.00500009954 0.375
14115 0.204999998 -0.00500009954 0.38499999
14116 0.204999998 -0.00500009954 0.394999981
14117 0.214999989 -0.00500009954 0.324999988
14118 0.214999989 -0.00500009954 0.334999979
14119 0.214999989 -0.00500009954 0.344999999
14120 0.214999989 -0.00500009954 0.354999989
14121 0.214999989 -0.00500009954 0.36499998
14122 0.214999989 -0.00500009954 0.375
14123 0.214999989 -0.00500009954 0.38499999
14124 0.214999989 -0.00500009954 0.394999981
14125 0.224999994 -0.00500009954 0.324999988
14126 0.224999994 -0.00500009954 0.334999979
14127 0.224999994 -0.00500009954 0.344999999
14128 0.224999994 -0.00500009954 0.354999989
14129 0.224999994 -0.00500009954 0.36499998
14130 0.224999994 -0.00500009954 0.375
14131 0.224999994 -0.00500009954 0.38499999
14132 0.224999994 -0.00500009954 0.394999981
14133 0.234999999 -0.00500009954 0.324999988
14134 0.234999999 -0.00500009954 0.334999979
14135 0.234999999 -0.00500009954 0.344999999
14136 0.234999999 -0.00500009954 0.354999989
14137 0.234999999 -0.00500009954 0.36499998
14138 0.234999999 -0.00500009954 0.375
14139 0.234999999 -0.00500009954 0.38499999
14140 0.234999999 -0.00500009954 0.394999981
14141 0.164999992 -0.00500009954 0.405000001
14142 0.164999992 -0.00500009954 0.414999992
14143 0.164999992 -0.00500009954 0.424999982
14144 0.164999992 -0.00500009954 0.435000002
14145 0.164999992 -0.00500009954 0.444999993
14146 0.164999992 -0.00500009954 0.454999983
14147 0.164999992 -0.00500009954 0.465000004
14148 0.164999992 -0.00500009954 0.474999994
14149 0.174999997 -0.00500009954 0.405000001
14150 0.174999997 -0.00500009954 0.414999992
14151 0.174999997 -0.00500009954 0.424999982
14152 0.174999997 -0.00500009954 0.435000002
14153 0.174999997 -0.00500009954 0.444999993
14154 0.174999997 -0.00500009954 0.454999983
14155 0.174999997 -0.00500009954 0.465000004
14156 0.174999997 -0.00500009954 0.474999994
14157 0.185000002 -0.00500009954 0.405000001
14158 0.185000002 -0.00500009954 0.414999992
14159 0.185000002 -0.00500009954 0.424999982
14160 0.185000002 -0.00500009954 0.435000002
14161 0.185000002 -0.00500009954 0.444999993
14162 0.185000002 -0.00500009954 0.454999983
14163 0.185000002 -0.00500009954 0.465000004
14164 0.185000002 -0.00500009954 0.474999994
14165 0.194999993 -0.00500009954 0.405000001
14166 0.194999993 -0.00500009954 0.414999992
14167 0.194999993 -0.00500009954 0.424999982
14168 0.194999993 -0.00500009954 0.435000002
14169 0.194999993 -0.00500009954 0.444999993
14170 0.194999993 -0.00500009954 0.454999983
14171 0.194999993 -0.00500009954 0.465000004
14172 0.194999993 -0.00500009954 0.474999994
14173 0.204999998 -0.00500009954 0.405000001
14174 0.204999998 -0.00500009954 0.414999992
14175 0.204999998 -0.00500009954 0.424999982
14176 0.204999998 -0.00500009954 0.435000002
14177 0.204999998 -0.00500009954 0.444999993
14178 0.204999998 -0.00500009954 0.454999983
14179 0.204999998 -0.00500009954 0.465000004
14180 0.204999998 -0.00500009954 0.474999994
14181 0.214999989 -0.00500009954 0.405000001
14182 0.214999989 -0.00500009954 0.414999992
14183 0.214999989 -0.00500009954 0.424999982
14184 0.214999989 -0.00500009954 0.435000002
14185 0.214999989 -0.00500009954 0.444999993
14186 0.214999989 -0.00500009954 0.454999983
14187 0.214999989 -0.00500009954 0.465000004
14188 0.214999989 -0.00500009954 0.474999994
14189 0.224999994 -0.00500009954 0.405000001
14190 0.224999994 -0.00500009954 0.414999992
14191 0.224999994 -0.00500009954 0.424999982
14192 0.224999994 -0.00500009954 0.435000002
14193 0.224999994 -0.00500009954 0.444999993
14194 0.224999994 -0.00500009954 0.454999983
14195 0.224999994 -0.00500009954 0.465000004
14196 0.224999994 -0.00500009954 0.474999994
14197 0.234999999 -0.00500009954 0.405000001
14198 0.234999999 -0.00500009954 0.414999992
14199 0.234999999 -0.00500009954 0.424999982
14200 0.234999999 -0.00500009954 0.435000002
14201 0.234999999 -0.00500009954 0.444999993
14202 0.234999999 -0.00500009954 0.454999983
14203 0.234999999 -0.00500009954 0.465000004
14204 0.234999999 -0.00500009954 0.474999994
14205 0.164999992 -0.00500009954 0.484999985
14206 0.164999992 -0.00250014942 0.494999975
14207 0.164999992 -9.96515155e-08 0.50000006
14208 0.174999997 -0.00500009954 0.484999985
14209 0.174999997 -0.00250014942 0.494999975
14210 0.174999997 -9.96515155e-08 0.50000006
14211 0.185000002 -0.00500009954 0.484999985
14212 0.185000002 -0.00250014942 0.494999975
14213 0.185000002 -9.96515155e-08 0.50000006
14214 0.194999993 -0.00500009954 0.484999985
14215 0.194999993 -0.00250014942 0.494999975
14216 0.194999993 -9.96515155e-08 0.50000006
14217 0.204999998 -0.00500009954 0.484999985
14218 0.204999998 -0.00250014942 0.494999975
14219 0.204999998 -9.96515155e-08 0.50000006
14220 0.214999989 -0.00500009954 0.484999985
14221 0.214999989 -0.00250014942 0.494999975
14222 0.214999989 -9.96515155e-08 0.50000006
14223 0.224999994 -0.00500009954 0.484999985
14224 0.224999994 -0.00250014942 0.494999975
14225 0.224999994 -9.96515155e-08 0.50000006
14226 0.234999999 -0.00500009954 0.484999985
14227 0.234999999 -0.00250014942 0.494999975
14228 0.234999999 -9.96515155e-08 0.50000006
14229 0.24499999 -0.00500009954 0.00499999989
14230 0.24499999 -0.00500009954 0.0149999997
14231 0.24499999 -0.00500009954 0.0249999985
14232 0.24499999 -0.00500009954 0.0350000001
14233 0.24499999 -0.00500009954 0.0449999981
14234 0.24499999 -0.00500009954 0.0549999997
14235 0.24499999 -0.00500009954 0.0649999976
14236 0.24499999 -0.00500009954 0.0749999955
14237 0.254999995 -0.00500009954 0.00499999989
14238 0.254999995 -0.00500009954 0.0149999997
14239 0.254999995 -0.00500009954 0.0249999985
14240 0.254999995 -0.00500009954 0.0350000001
14241 0.254999995 -0.00500009954 0.0449999981
14242 0.254999995 -0.00500009954 0.0549999997
14243 0.254999995 -0.00500009954 0.0649999976
14244 0.254999995 -0.00500009954 0.0749999955
14245 0.264999986 -0.00500009954 0.00499999989
14246 0.264999986 -0.00500009954 0.0149999997
14247 0.264999986 -0.00500009954 0.0249999985
14248 0.264999986 -0.00500009954 0.0350000001
14249 0.264999986 -0.00500009954 0.0449999981
14250 0.264999986 -0.00500009954 0.0549999997
14251 0.264999986 -0.00500009954 0.0649999976
14252 0.264999986 -0.00500009954 0.0749999955
14253 0.275000006 -0.00500009954 0.00499999989
14254 0.275000006 -0.00500009954 0.0149999997
14255 0.275000006 -0.00500009954 0.0249999985
14256 0.275000006 -0.00500009954 0.0350000001
14257 0.275000006 -0.00500009954 0.0449999981
14258 0.275000006 -0.00500009954 0.0549999997
14259 0.275000006 -0.00500009954 0.0649999976
14260 0.275000006 -0.00500009954 0.0749999955
14261 0.284999996 -0.00500009954 0.00499999989
14262 0.284999996 -0.00500009954 0.0149999997
14263 0.284999996 -0.00500009954 0.0249999985
14264 0.284999996 -0.00500009954 0.0350000001
14265 0.284999996 -0.00500009954 0.0449999981
14266 0.284999996 -0.00500009954 0.0549999997
14267 0.284999996 -0.00500009954 0.0649999976
14268 0.284999996 -0.00500009954 0.0749999955
14269 0.294999987 -0.00500009954 0.00499999989
14270 0.294999987 -0.00500009954 0.0149999997
14271 0.294999987 -0.00500009954 0.0249999985
14272 0.294999987 -0.00500009954 0.0350000001
14273 0.294999987 -0.00500009954 0.0449999981
14274 0.294999987 -0.00500009954 0.0549999997
14275 0.294999987 -0.00500009954 0.0649999976
14276 0.294999987 -0.00500009954 0.0749999955
14277 0.305000007 -0.00500009954 0.00499999989
14278 0.305000007 -0.00500009954 0.0149999997
14279 0.305000007 -0.00500009954 0.0249999985
14280 0.305000007 -0.00500009954 0.0350000001
14281 0.305000007 -0.00500009954 0.0449999981
14282 0.305000007 -0.00500009954 0.0549999997
14283 0.305000007 -0.00500009954 0.0649999976
14284 0.305000007 -0.00500009954 0.0749999955
14285 0.314999998 -0.00500009954 0.00499999989
14286 0.314999998 -0.00500009954 0.0149999997
14287 0.314999998 -0.00500009954 0.0249999985
14288 0.314999998 -0.00500009954 0.0350000001
14289 0.314999998 -0.00500009954 0.0449999981
14290 0.314999998 -0.00500009954 0.0549999997
14291 0.314999998 -0.00500009954 0.0649999976
14292 0.314999998 -0.00500009954 0.0749999955
14293 0.24499999 -0.00500009954 0.0850000009
14294 0.24499999 -0.00500009954 0.0949999988
14295 0.24499999 -0.00500009954 0.104999997
14296 0.24499999 -0.00500009954 0.114999995
14297 0.24499999 -0.00500009954 0.125
14298 0.24499999 -0.00500009954 0.13499999
14299 0.24499999 -0.00500009954 0.144999996
14300 0.24499999 -0.00500009954 0.155000001
14301 0.254999995 -0.00500009954 0.0850000009
14302 0.254999995 -0.00500009954 0.0949999988
14303 0.254999995 -0.00500009954 0.104999997
14304 0.254999995 -0.00500009954 0.114999995
14305 0.254999995 -0.00500009954 0.125
14306 0.254999995 -0.00500009954 0.13499999
14307 0.254999995 -0.00500009954 0.144999996
14308 0.254999995 -0.00500009954 0.155000001
14309 0.264999986 -0.00500009954 0.0850000009
14310 0.264999986 -0.00500009954 0.0949999988
14311 0.264999986 -0.00500009954 0.104999997
14312 0.264999986 -0.00500009954 0.114999995
14313 0.264999986 -0.00500009954 0.125
14314 0.264999986 -0.00500009954 0.13499999
14315 0.264999986 -0.00500009954 0.144999996
14316 0.264999986 -0.00500009954 0.155000001
14317 0.275000006 -0.00500009954 0.0850000009
14318 0.275000006 -0.00500009954 0.0949999988
14319 0.275000006 -0.00500009954 0.104999997
14320 0.275000006 -0.00500009954 0.114999995
14321 0.275000006 -0.00500009954 0.125
14322 0.275000006 -0.00500009954 0.13499999
14323 0.275000006 -0.00500009954 0.144999996
14324 0.275000006 -0.00500009954 0.155000001
14325 0.284999996 -0.00500009954 0.0850000009
14326 0.284999996 -0.00500009954 0.0949999988
14327 0.284999996 -0.00500009954 0.104999997
14328 0.284999996 -0.00500009954 0.114999995
14329 0.284999996 -0.00500009954 0.125
14330 0.284999996 -0.00500009954 0.13499999
14331 0.284999996 -0.00500009954 0.144999996
14332 0.284999996 -0.00500009954 0.155000001
14333 0.294999987 -0.00500009954 0.0850000009
14334 0.294999987 -0.00500009954 0.0949999988
14335 0.294999987 -0.00500009954 0.104999997
14336 0.294999987 -0.00500009954 0.114999995
14337 0.294999987 -0.00500009954 0.125
14338 0.294999987 -0.00500009954 0.13499999
14339 0.294999987 -0.00500009954 0.144999996
14340 0.294999987 -0.00500009954 0.155000001
14341 0.305000007 -0.00500009954 0.0850000009
14342 0.305000007 -0.00500009954 0.0949999988
14343 0.305000007 -0.00500009954 0.104999997
14344 0.305000007 -0.00500009954 0.114999995
14345 0.305000007 -0.00500009954 0.125
14346 0.305000007 -0.00500009954 0.13499999
14347 0.305000007 -0.00500009954 0.144999996
14348 0.305000007 -0.00500009954 0.155000001
14349 0.314999998 -0.00500009954 0.0850000009
14350 0.314999998 -0.00500009954 0.0949999988
14351 0.314999998 -0.00500009954 0.104999997
14352 0.314999998 -0.00500009954 0.114999995
14353 0.314999998 -0.00500009954 0.125
14354 0.314999998 -0.00500009954 0.13499999
14355 0.314999998 -0.00500009954 0.144999996
14356 0.314999998 -0.00500009954 0.155000001
14357 0.24499999 -0.00500009954 0.164999992
14358 0.24499999 -0.00500009954 0.174999997
14359 0.24499999 -0.00500009954 0.185000002
14360 0.24499999 -0.00500009954 0.194999993
14361 0.24499999 -0.00500009954 0.204999998
14362 0.24499999 -0.00500009954 0.214999989
14363 0.24499999 -0.00500009954 0.224999994
14364 0.24499999 -0.00500009954 0.234999999
14365 0.254999995 -0.00500009954 0.164999992
14366 0.254999995 -0.00500009954 0.174999997
14367 0.254999995 -0.00500009954 0.185000002
14368 0.254999995 -0.00500009954 0.194999993
14369 0.254999995 -0.00500009954 0.204999998
14370 0.254999995 -0.00500009954 0.214999989
14371 0.254999995 -0.00500009954 0.224999994
14372 0.254999995 -0.00500009954 0.234999999
14373 0.264999986 -0.00500009954 0.164999992
14374 0.264999986 -0.00500009954 0.174999997
14375 0.264999986 -0.00500009954 0.185000002
14376 0.264999986 -0.00500009954 0.194999993
14377 0.264999986 -0.00500009954 0.204999998
14378 0.264999986 -0.00500009954 0.214999989
14379 0.264999986 -0.00500009954 0.224999994
14380 0.264999986 -0.00500009954 0.234999999
14381 0.275000006 -0.00500009954 0.164999992
14382 0.275000006 -0.00500009954 0.174999997
14383 0.275000006 -0.00500009954 0.185000002
14384 0.275000006 -0.00500009954 0.194999993
14385 0.275000006 -0.00500009954 0.204999998
14386 0.275000006 -0.00500009954 0.214999989
14387 0.275000006 -0.00500009954 0.224999994
14388 0.275000006 -0.00500009954 0.234999999
14389 0.284999996 -0.00500009954 0.164999992
14390 0.284999996 -0.00500009954 0.174999997
14391 0.284999996 -0.00500009954 0.185000002
14392 0.284999996 -0.00500009954 0.194999993
14393 0.284999996 -0.00500009954 0.204999998
14394 0.284999996 -0.00500009954 0.214999989
14395 0.284999996 -0.00500009954 0.224999994
14396 0.284999996 -0.00500009954 0.234999999
14397 0.294999987 -0.00500009954 0.164999992
14398 0.294999987 -0.00500009954 0.174999997
14399 0.294999987 -0.00500009954 0.185000002
14400 0.294999987 -0.00500009954 0.194999993
14401 0.294999987 -0.00500009954 0.204999998
14402 0.294999987 -0.00500009954 0.214999989
14403 0.294999987 -0.00500009954 0.224999994
14404 0.294999987 -0.00500009954 0.234999999
14405 0.305000007 -0.00500009954 0.164999992
14406 0.305000007 -0.00500009954 0.174999997
14407 0.305000007 -0.00500009954 0.185000002
14408 0.305000007 -0.00500009954 0.194999993
14409 0.305000007 -0.00500009954 0.204999998
14410 0.305000007 -0.00500009954 0.214999989
14411 0.305000007 -0.00500009954 0.224999994
14412 0.305000007 -0.00500009954 0.234999999
14413 0.314999998 -0.00500009954 0.164999992
14414 0.314999998 -0.00500009954 0.174999997
14415 0.314999998 -0.00500009954 0.185000002
14416 0.314999998 -0.00500009954 0.194999993
14417 0.314999998 -0.00500009954 0.204999998
14418 0.314999998 -0.00500009954 0.214999989
14419 0.314999998 -0.00500009954 0.224999994
14420 0.314999998 -0.00500009954 0.234999999
14421 0.24499999 -0.00500009954 0.24499999
14422 0.24499999 -0.00500009954 0.254999995
14423 0.24499999 -0.00500009954 0.264999986
14424 0.24499999 -0.00500009954 0.275000006
14425 0.24499999 -0.00500009954 0.284999996
14426 0.24499999 -0.00500009954 0.294999987
14427 0.24499999 -0.00500009954 0.305000007
14428 0.24499999 -0.00500009954 0.314999998
14429 0.254999995 -0.00500009954 0.24499999
14430 0.254999995 -0.00500009954 0.254999995
14431 0.254999995 -0.00500009954 0.264999986
14432 0.254999995 -0.00500009954 0.275000006
14433 0.254999995 -0.00500009954 0.284999996
14434 0.254999995 -0.00500009954 0.294999987
14435 0.254999995 -0.00500009954 0.305000007
14436 0.254999995 -0.00500009954 0.314999998
14437 0.264999986 -0.00500009954 0.24499999
14438 0.264999986 -0.00500009954 0.254999995
14439 0.264999986 -0.00500009954 0.264999986
14440 0.264999986 -0.00500009954 0.275000006
14441 0.264999986 -0.00500009954 0.284999996
14442 0.264999986 -0.00500009954 0.294999987
14443 0.264999986 -0.00500009954 0.305000007
14444 0.264999986 -0.00500009954 0.314999998
14445 0.275000006 -0.00500009954 0.24499999
14446 0.275000006 -0.00500009954 0.254999995
14447 0.275000006 -0.00500009954 0.264999986
14448 0.275000006 -0.00500009954 0.275000006
14449 0.275000006 -0.00500009954 0.284999996
14450 0.275000006 -0.00500009954 0.294999987
14451 0.275000006 -0.00500009954 0.305000007
14452 0.275000006 -0.00500009954 0.314999998
14453 0.284999996 -0.00500009954 0.24499999
14454 0.284999996 -0.00500009954 0.254999995
14455 0.284999996 -0.00500009954 0.264999986
14456 0.284999996 -0.00500009954 0.275000006
14457 0.284999996 -0.00500009954 0.284999996
14458 0.284999996 -0.00500009954 0.294999987
14459 0.284999996 -0.00500009954 0.305000007
14460 0.284999996 -0.00500009954 0.314999998
14461 0.294999987 -0.00500009954 0.24499999
14462 0.294999987 -0.00500009954 0.254999995
14463 0.294999987 -0.00500009954 0.264999986
14464 0.294999987 -0.00500009954 0.275000006
14465 0.294999987 -0.00500009954 0.284999996
14466 0.294999987 -0.00500009954 0.294999987
14467 0.294999987 -0.00500009954 0.305000007
14468 0.294999987 -0.00500009954 0.314999998
14469 0.305000007 -0.00500009954 0.24499999
14470 0.305000007 -0.00500009954 0.254999995
14471 0.305000007 -0.00500009954 0.264999986
14472 0.305000007 -0.00500009954 0.275000006
14473 0.305000007 -0.00500009954 0.284999996
14474 0.305000007 -0.00500009954 0.294999987
14475 0.305000007 -0.00500009954 0.305000007
14476 0.305000007 -0.00500009954 0.314999998
14477 0.314999998 -0.00500009954 0.24499999
14478 0.314999998 -0.00500009954 0.254999995
14479 0.314999998 -0.00500009954 0.264999986
14480 0.314999998 -0.00500009954 0.275000006
14481 0.314999998 -0.00500009954 0.284999996
14482 0.314999998 -0.00500009954 0.294999987
14483 0.314999998 -0.00500009954 0.305000007
14484 0.314999998 -0.00500009954 0.314999998
14485 0.24499999 -0.00500009954 0.324999988
14486 0.24499999 -0.00500009954 0.334999979
14487 0.24499999 -0.00500009954 0.344999999
14488 0.24499999 -0.00500009954 0.354999989
14489 0.24499999 -0.00500009954 0.36499998
14490 0.24499999 -0.00500009954 0.375
14491 0.24499999 -0.00500009954 0.38499999
14492 0.24499999 -0.00500009954 0.394999981
14493 0.254999995 -0.00500009954 0.324999988
14494 0.254999995 -0.00500009954 0.334999979
14495 0.254999995 -0.00500009954 0.344999999
14496 0.254999995 -0.00500009954 0.354999989
14497 0.254999995 -0.00500009954 0.36499998
14498 0.254999995 -0.00500009954 0.375
14499 0.254999995 -0.00500009954 0.38499999
14500 0.254999995 -0.00500009954 0.394999981
14501 0.264999986 -0.00500009954 0.324999988
14502 0.264999986 -0.00500009954 0.334999979
14503 0.264999986 -0.00500009954 0.344999999
14504 0.264999986 -0.00500009954 0.354999989
14505 0.264999986 -0.00500009954 0.36499998
14506 0.264999986 -0.00500009954 0.375
14507 0.264999986 -0.00500009954 0.38499999
14508 0.264999986 -0.00500009954 0.394999981
14509 0.275000006 -0.00500009954 0.324999988
14510 0.275000006 -0.00500009954 0.334999979
14511 0.275000006 -0.00500009954 0.344999999
14512 0.275000006 -0.00500009954 0.354999989
14513 0.275000006 -0.00500009954 0.36499998
14514 0.275000006 -0.00500009954 0.375
14515 0.275000006 -0.00500009954 0.38499999
14516 0.275000006 -0.00500009954 0.394999981
14517 0.284999996 -0.00500009954 0.324999988
14518 0.284999996 -0.00500009954 0.334999979
14519 0.284999996 -0.00500009954 0.344999999
14520 0.284999996 -0.00500009954 0.354999989
14521 0.284999996 -0.00500009954 0.36499998
14522 0.284999996 -0.00500009954 0.375
14523 0.284999996 -0.00500009954 0.38499999
14524 0.284999996 -0.00500009954 0.394999981
14525 0.294999987 -0.00500009954 0.324999988
14526 0.294999987 -0.00500009954 0.334999979
14527 0.294999987 -0.00500009954 0.344999999
14528 0.294999987 -0.00500009954 0.354999989
14529 0.294999987 -0.00500009954 0.36499998
14530 0.294999987 -0.00500009954 0.375
14531 0.294999987 -0.00500009954 0.38499999
14532 0.294999987 -0.00500009954 0.394999981
14533 0.305000007 -0.00500009954 0.324999988
14534 0.305000007 -0.00500009954 0.334999979
14535 0.305000007 -0.00500009954 0.344999999
14536 0.305000007 -0.00500009954 0.354999989
14537 0.305000007 -0.00500009954 0.36499998
14538 0.305000007 -0.00500009954 0.375
14539 0.305000007 -0.00500009954 0.38499999
14540 0.305000007 -0.00500009954 0.394999981
14541 0.314999998 -0.00500009954 0.324999988
14542 0.314999998 -0.00500009954 0.334999979
14543 0.314999998 -0.00500009954 0.344999999
14544 0.314999998 -0.00500009954 0.354999989
14545 0.314999998 -0.00500009954 0.36499998
14546 0.314999998 -0.00500009954 0.375
14547 0.314999998 -0.00500009954 0.38499999
14548 0.314999998 -0.00500009954 0.394999981
14549 0.24499999 -0.00500009954 0.405000001
14550 0.24499999 -0.00500009954 0.414999992
14551 0.24499999 -0.00500009954 0.424999982
14552 0.24499999 -0.00500009954 0.435000002
14553 0.24499999 -0.00500009954 0.444999993
14554 0.24499999 -0.00500009954 0.454999983
14555 0.24499999 -0.00500009954 0.465000004
14556 0.24499999 -0.00500009954 0.474999994
14557 0.254999995 -0.00500009954 0.405000001
14558 0.254999995 -0.00500009954 0.414999992
14559 0.254999995 -0.00500009954 0.424999982
14560 0.254999995 -0.00500009954 0.435000002
14561 0.254999995 -0.00500009954 0.444999993
14562 0.254999995 -0.00500009954 0.454999983
14563 0.254999995 -0.00500009954 0.465000004
14564 0.254999995 -0.00500009954 0.474999994
14565 0.264999986 -0.00500009954 0.405000001
14566 0.264999986 -0.00500009954 0.414999992
14567 0.264999986 -0.00500009954 0.424999982
14568 0.264999986 -0.00500009954 0.435000002
14569 0.264999986 -0.00500009954 0.444999993
14570 0.264999986 -0.00500009954 0.454999983
14571 0.264999986 -0.00500009954 0.465000004
14572 0.264999986 -0.00500009954 0.474999994
14573 0.275000006 -0.00500009954 0.405000001
14574 0.275000006 -0.00500009954 0.414999992
14575 0.275000006 -0.00500009954 0.424999982
14576 0.275000006 -0.00500009954 0.435000002
14577 0.275000006 -0.00500009954 0.444999993
14578 0.275000006 -0.00500009954 0.454999983
14579 0.275000006 -0.00500009954 0.465000004
14580 0.275000006 -0.00500009954 0.474999994
14581 0.284999996 -0.00500009954 0.405000001
14582 0.284999996 -0.00500009954 0.414999992
14583 0.284999996 -0.00500009954 0.424999982
14584 0.284999996 -0.00500009954 0.435000002
14585 0.284999996 -0.00500009954 0.444999993
14586 0.284999996 -0.00500009954 0.454999983
14587 0.284999996 -0.00500009954 0.465000004
14588 0.284999996 -0.00500009954 0.474999994
14589 0.294999987 -0.00500009954 0.405000001
14590 0.294999987 -0.00500009954 0.414999992
14591 0.294999987 -0.00500009954 0.424999982
14592 0.294999987 -0.00500009954 0.435000002
14593 0.294999987 -0.00500009954 0.444999993
14594 0.294999987 -0.00500009954 0.454999983
14595 0.294999987 -0.00500009954 0.465000004
14596 0.294999987 -0.00500009954 0.474999994
14597 0.305000007 -0.00500009954 0.405000001
14598 0.305000007 -0.00500009954 0.414999992
14599 0.305000007 -0.00500009954 0.424999982
14600 0.305000007 -0.00500009954 0.435000002
14601 0.305000007 -0.00500009954 0.444999993
14602 0.305000007 -0.00500009954 0.454999983
14603 0.305000007 -0.00500009954 0.465000004
14604 0.305000007 -0.00500009954 0.474999994
14605 0.314999998 -0.00500009954 0.405000001
14606 0.314999998 -0.00500009954 0.414999992
14607 0.314999998 -0.00500009954 0.424999982
14608 0.314999998 -0.00500009954 0.435000002
14609 0.314999998 -0.00500009954 0.444999993
14610 0.314999998 -0.00500009954 0.454999983
14611 0.314999998 -0.00500009954 0.465000004
14612 0.314999998 -0.00500009954 0.474999994
14613 0.24499999 -0.00500009954 0.484999985
14614 0.24499999 -0.00250014942 0.494999975
14615 0.24499999 -9.96515155e-08 0.50000006
14616 0.254999995 -0.00500009954 0.484999985
14617 0.254999995 -0.00250014942 0.494999975
14618 0.254999995 -9.96515155e-08 0.50000006
14619 0.264999986 -0.00500009954 0.484999985
14620 0.264999986 -0.00250014942 0.494999975
14621 0.264999986 -9.96515155e-08 0.50000006
14622 0.275000006 -0.00500009954 0.484999985
14623 0.275000006 -0.00250014942 0.494999975
14624 0.275000006 -9.96515155e-08 0.50000006
14625 0.284999996 -0.00500009954 0.484999985
14626 0.284999996 -0.00250014942 0.494999975
14627 0.284999996 -9.96515155e-08 0.50000006
14628 0.294999987 -0.00500009954 0.484999985
14629 0.294999987 -0.00250014942 0.494999975
14630 0.294999987 -9.96515155e-08 0.50000006
14631 0.305000007 -0.00500009954 0.484999985
14632 0.305000007 -0.00250014942 0.494999975
14633 0.305000007 -9.96515155e-08 0.50000006
14634 0.314999998 -0.00500009954 0.484999985
14635 0.314999998 -0.00250014942 0.494999975
14636 0.314999998 -9.96515155e-08 0.50000006
14637 0.324999988 -0.00500009954 0.00499999989
14638 0.324999988 -0.00500009954 0.0149999997
14639 0.324999988 -0.00500009954 0.0249999985
14640 0.324999988 -0.00500009954 0.0350000001
14641 0.324999988 -0.00500009954 0.0449999981
14642 0.324999988 -0.00500009954 0.0549999997
14643 0.324999988 -0.00500009954 0.0649999976
14644 0.324999988 -0.00500009954 0.0749999955
14645 0.334999979 -0.00500009954 0.00499999989
14646 0.334999979 -0.00500009954 0.0149999997
14647 0.334999979 -0.00500009954 0.0249999985
14648 0.334999979 -0.00500009954 0.0350000001
14649 0.334999979 -0.00500009954 0.0449999981
14650 0.334999979 -0.00500009954 0.0549999997
14651 0.334999979 -0.00500009954 0.0649999976
14652 0.334999979 -0.00500009954 0.0749999955
14653 0.344999999 -0.00500009954 0.00499999989
14654 0.344999999 -0.00500009954 0.0149999997
14655 0.344999999 -0.00500009954 0.0249999985
14656 0.344999999 -0.00500009954 0.0350000001
14657 0.344999999 -0.00500009954 0.0449999981
14658 0.344999999 -0.00500009954 0.0549999997
14659 0.344999999 -0.00500009954 0.0649999976
14660 0.344999999 -0.00500009954 0.0749999955
14661 0.354999989 -0.00500009954 0.00499999989
14662 0.354999989 -0.00500009954 0.0149999997
14663 0.354999989 -0.00500009954 0.0249999985
14664 0.354999989 -0.00500009954 0.0350000001
14665 0.354999989 -0.00500009954 0.0449999981
14666 0.354999989 -0.00500009954 0.0549999997
14667 0.354999989 -0.00500009954 0.0649999976
14668 0.354999989 -0.00500009954 0.0749999955
14669 0.36499998 -0.00500009954 0.00499999989
14670 0.36499998 -0.00500009954 0.0149999997
14671 0.36499998 -0.00500009954 0.0249999985
14672 0.36499998 -0.00500009954 0.0350000001
14673 0.36499998 -0.00500009954 0.0449999981
14674 0.36499998 -0.00500009954 0.0549999997
14675 0.36499998 -0.00500009954 0.0649999976
14676 0.36499998 -0.00500009954 0.0749999955
14677 0.375 -0.00500009954 0.00499999989
14678 0.375 -0.00500009954 0.0149999997
14679 0.375 -0.00500009954 0.0249999985
14680 0.375 -0.00500009954 0.0350000001
14681 0.375 -0.00500009954 0.0449999981
14682 0.375 -0.00500009954 0.0549999997
14683 0.375 -0.00500009954 0.0649999976
14684 0.375 -0.00500009954 0.0749999955
14685 0.38499999 -0.00500009954 0.00499999989
14686 0.38499999 -0.00500009954 0.0149999997
14687 0.38499999 -0.00500009954 0.0249999985
14688 0.38499999 -0.00500009954 0.0350000001
14689 0.38499999 -0.00500009954 0.0449999981
14690 0.38499999 -0.00500009954 0.0549999997
14691 0.38499999 -0.00500009954 0.0649999976
14692 0.38499999 -0.00500009954 0.0749999955
14693 0.394999981 -0.00500009954 0.00499999989
14694 0.394999981 -0.00500009954 0.0149999997
14695 0.394999981 -0.00500009954 0.0249999985
14696 0.394999981 -0.00500009954 0.0350000001
14697 0.394999981 -0.00500009954 0.0449999981
14698 0.394999981 -0.00500009954 0.0549999997
14699 0.394999981 -0.00500009954 0.0649999976
14700 0.394999981 -0.00500009954 0.0749999955
14701 0.324999988 -0.00500009954 0.0850000009
14702 0.324999988 -0.00500009954 0.0949999988
14703 0.324999988 -0.00500009954 0.104999997
14704 0.324999988 -0.00500009954 0.114999995
14705 0.324999988 -0.00500009954 0.125
14706 0.324999988 -0.00500009954 0.13499999
14707 0.324999988 -0.00500009954 0.144999996
14708 0.324999988 -0.00500009954 0.155000001
14709 0.334999979 -0.00500009954 0.0850000009
14710 0.334999979 -0.00500009954 0.0949999988
14711 0.334999979 -0.00500009954 0.104999997
14712 0.334999979 -0.00500009954 0.114999995
14713 0.334999979 -0.00500009954 0.125
14714 0.334999979 -0.00500009954 0.13499999
14715 0.334999979 -0.00500009954 0.144999996
14716 0.334999979 -0.00500009954 0.155000001
14717 0.344999999 -0.00500009954 0.0850000009
14718 0.344999999 -0.00500009954 0.0949999988
14719 0.344999999 -0.00500009954 0.104999997
14720 0.344999999 -0.00500009954 0.114999995
14721 0.344999999 -0.00500009954 0.125
14722 0.344999999 -0.00500009954 0.13499999
14723 0.344999999 -0.00500009954 0.144999996
14724 0.344999999 -0.00500009954 0.155000001
14725 0.354999989 -0.00500009954 0.0850000009
14726 0.354999989 -0.00500009954 0.0949999988
14727 0.354999989 -0.00500009954 0.104999997
14728 0.354999989 -0.00500009954 0.114999995
14729 0.354999989 -0.00500009954 0.125
14730 0.354999989 -0.00500009954 0.13499999
14731 0.354999989 -0.00500009954 0.144999996
14732 0.354999989 -0.00500009954 0.155000001
14733 0.36499998 -0.00500009954 0.0850000009
14734 0.36499998 -0.00500009954 0.0949999988
14735 0.36499998 -0.00500009954 0.104999997
14736 0.36499998 -0.00500009954 0.114999995
14737 0.36499998 -0.00500009954 0.125
14738 0.36499998 -0.00500009954 0.13499999
14739 0.36499998 -0.00500009954 0.144999996
14740 0.36499998 -0.00500009954 0.155000001
14741 0.375 -0.00500009954 0.0850000009
14742 0.375 -0.00500009954 0.0949999988
14743 0.375 -0.00500009954 0.104999997
14744 0.375 -0.00500009954 0.114999995
14745 0.375 -0.00500009954 0.125
14746 0.375 -0.00500009954 0.13499999
14747 0.375 -0.00500009954 0.144999996
14748 0.375 -0.00500009954 0.155000001
14749 0.38499999 -0.00500009954 0.0850000009
14750 0.38499999 -0.00500009954 0.0949999988
14751 0.38499999 -0.00500009954 0.104999997
14752 0.38499999 -0.00500009954 0.114999995
14753 0.38499999 -0.00500009954 0.125
14754 0.38499999 -0.00500009954 0.13499999
14755 0.38499999 -0.00500009954 0.144999996
14756 0.38499999 -0.00500009954 0.155000001
14757 0.394999981 -0.00500009954 0.0850000009
14758 0.394999981 -0.00500009954 0.0949999988
14759 0.394999981 -0.00500009954 0.104999997
14760 0.394999981 -0.00500009954 0.114999995
14761 0.394999981 -0.00500009954 0.125
14762 0.394999981 -0.00500009954 0.13499999
14763 0.394999981 -0.00500009954 0.144999996
14764 0.394999981 -0.00500009954 0.155000001
14765 0.324999988 -0.00500009954 0.164999992
14766 0.324999988 -0.00500009954 0.174999997
14767 0.324999988 -0.00500009954 0.185000002
14768 0.324999988 -0.00500009954 0.194999993
14769 0.324999988 -0.00500009954 0.204999998
14770 0.324999988 -0.00500009954 0.214999989
14771 0.324999988 -0.00500009954 0.224999994
14772 0.324999988 -0.00500009954 0.234999999
14773 0.334999979 -0.00500009954 0.164999992
14774 0.334999979 -0.00500009954 0.174999997
14775 0.334999979 -0.00500009954 0.185000002
14776 0.334999979 -0.00500009954 0.194999993
14777 0.334999979 -0.00500009954 0.204999998
14778 0.334999979 -0.00500009954 0.214999989
14779 0.334999979 -0.00500009954 0.224999994
14780 0.334999979 -0.00500009954 0.234999999
14781 0.344999999 -0.00500009954 0.164999992
14782 0.344999999 -0.00500009954 0.174999997
14783 0.344999999 -0.00500009954 0.185000002
14784 0.344999999 -0.00500009954 0.194999993
14785 0.344999999 -0.00500009954 0.204999998
14786 0.344999999 -0.00500009954 0.214999989
14787 0.344999999 -0.00500009954 0.224999994
14788 0.344999999 -0.00500009954 0.234999999
14789 0.354999989 -0.00500009954 0.164999992
14790 0.354999989 -0.00500009954 0.174999997
14791 0.354999989 -0.00500009954 0.185000002
14792 0.354999989 -0.00500009954 0.194999993
14793 0.354999989 -0.00500009954 0.204999998
14794 0.354999989 -0.00500009954 0.214999989
14795 0.354999989 -0.00500009954 0.224999994
14796 0.354999989 -0.00500009954 0.234999999
14797 0.36499998 -0.00500009954 0.164999992
14798 0.36499998 -0.00500009954 0.174999997
14799 0.36499998 -0.00500009954 0.185000002
14800 0.36499998 -0.00500009954 0.194999993
14801 0.36499998 -0.00500009954 0.204999998
14802 0.36499998 -0.00500009954 0.214999989
14803 0.36499998 -0.00500009954 0.224999994
14804 0.36499998 -0.00500009954 0.234999999
14805 0.375 -0.00500009954 0.164999992
14806 0.375 -0.00500009954 0.174999997
14807 0.375 -0.00500009954 0.185000002
14808 0.375 -0.00500009954 0.194999993
14809 0.375 -0.00500009954 0.204999998
14810 0.375 -0.00500009954 0.214999989
14811 0.375 -0.00500009954 0.224999994
14812 0.375 -0.00500009954 0.234999999
14813 0.38499999 -0.00500009954 0.164999992
14814 0.38499999 -0.00500009954 0.174999997
14815 0.38499999 -0.00500009954 0.185000002
14816 0.38499999 -0.00500009954 0.194999993
14817 0.38499999 -0.00500009954 0.204999998
14818 0.38499999 -0.00500009954 0.214999989
14819 0.38499999 -0.00500009954 0.224999994
14820 0.38499999 -0.00500009954 0.234999999
14821 0.394999981 -0.00500009954 0.164999992
14822 0.394999981 -0.00500009954 0.174999997
14823 0.394999981 -0.00500009954 0.185000002
14824 0.394999981 -0.00500009954 0.194999993
14825 0.394999981 -0.00500009954 0.204999998
14826 0.394999981 -0.00500009954 0.214999989
14827 0.394999981 -0.00500009954 0.224999994
14828 0.394999981 -0.00500009954 0.234999999
14829 0.324999988 -0.00500009954 0.24499999
14830 0.324999988 -0.00500009954 0.254999995
14831 0.324999988 -0.00500009954 0.264999986
14832 0.324999988 -0.00500009954 0.275000006
14833 0.324999988 -0.00500009954 0.284999996
14834 0.324999988 -0.00500009954 0.294999987
14835 0.324999988 -0.00500009954 0.305000007
14836 0.324999988 -0.00500009954 0.314999998
14837 0.334999979 -0.00500009954 0.24499999
14838 0.334999979 -0.00500009954 0.254999995
14839 0.334999979 -0.00500009954 0.264999986
14840 0.334999979 -0.00500009954 0.275000006
14841 0.334999979 -0.00500009954 0.284999996
14842 0.334999979 -0.00500009954 0.294999987
14843 0.334999979 -0.00500009954 0.305000007
14844 0.334999979 -0.00500009954 0.314999998
14845 0.344999999 -0.00500009954 0.24499999
14846 0.344999999 -0.00500009954 0.254999995
14847 0.344999999 -0.00500009954 0.264999986
14848 0.344999999 -0.00500009954 0.275000006
14849 0.344999999 -0.00500009954 0.284999996
14850 0.344999999 -0.00500009954 0.294999987
14851 0.344999999 -0.00500009954 0.305000007
14852 0.344999999 -0.00500009954 0.314999998
14853 0.354999989 -0.00500009954 0.24499999
14854 0.354999989 -0.00500009954 0.254999995
14855 0.354999989 -0.00500009954 0.264999986
14856 0.354999989 -0.00500009954 0.275000006
14857 0.354999989 -0.00500009954 0.284999996
14858 0.354999989 -0.00500009954 0.294999987
14859 0.354999989 -0.00500009954 0.305000007
14860 0.354999989 -0.00500009954 0.314999998
14861 0.36499998 -0.00500009954 0.24499999
14862 0.36499998 -0.00500009954 0.254999995
14863 0.36499998 -0.00500009954 0.264999986
14864 0.36499998 -0.00500009954 0.275000006
14865 0.36499998 -0.00500009954 0.284999996
14866 0.36499998 -0.00500009954 0.294999987
14867 0.36499998 -0.00500009954 0.305000007
14868 0.36499998 -0.00500009954 0.314999998
14869 0.375 -0.00500009954 0.24499999
14870 0.375 -0.00500009954 0.254999995
14871 0.375 -0.00500009954 0.264999986
14872 0.375 -0.00500009954 0.275000006
14873 0.375 -0.00500009954 0.284999996
14874 0.375 -0.00500009954 0.294999987
14875 0.375 -0.00500009954 0.305000007
14876 0.375 -0.00500009954 0.314999998
14877 0.38499999 -0.00500009954 0.24499999
14878 0.38499999 -0.00500009954 0.254999995
14879 0.38499999 -0.00500009954 0.264999986
14880 0.38499999 -0.00500009954 0.275000006
14881 0.38499999 -0.00500009954 0.284999996
14882 0.38499999 -0.00500009954 0.294999987
14883 0.38499999 -0.00500009954 0.305000007
14884 0.38499999 -0.00500009954 0.314999998
14885 0.394999981 -0.00500009954 0.24499999
14886 0.394999981 -0.00500009954 0.254999995
14887 0.394999981 -0.00500009954 0.264999986
14888 0.394999981 -0.00500009954 0.275000006
14889 0.394999981 -0.00500009954 0.284999996
14890 0.394999981 -0.00500009954 0.294999987
14891 0.394999981 -0.00500009954 0.305000007
14892 0.394999981 -0.00500009954 0.314999998
14893 0.324999988 -0.00500009954 0.324999988
14894 0.324999988 -0.00500009954 0.334999979
14895 0.324999988 -0.00500009954 0.344999999
14896 0.324999988 -0.00500009954 0.354999989
14897 0.324999988 -0.00500009954 0.36499998
14898 0.324999988 -0.00500009954 0.375
14899 0.324999988 -0.00500009954 0.38499999
14900 0.324999988 -0.00500009954 0.394999981
14901 0.334999979 -0.00500009954 0.324999988
14902 0.334999979 -0.00500009954 0.334999979
14903 0.334999979 -0.00500009954 0.344999999
14904 0.334999979 -0.00500009954 0.354999989
14905 0.334999979 -0.00500009954 0.36499998
14906 0.334999979 -0.00500009954 0.375
14907 0.334999979 -0.00500009954 0.38499999
14908 0.334999979 -0.00500009954 0.394999981
14909 0.344999999 -0.00500009954 0.324999988
14910 0.344999999 -0.00500009954 0.334999979
14911 0.344999999 -0.00500009954 0.344999999
14912 0.344999999 -0.00500009954 0.354999989
14913 0.344999999 -0.00500009954 0.36499998
14914 0.344999999 -0.00500009954 0.375
14915 0.344999999 -0.00500009954 0.38499999
14916 0.344999999 -0.00500009954 0.394999981
14917 0.354999989 -0.00500009954 0.324999988
14918 0.354999989 -0.00500009954 0.334999979
14919 0.354999989 -0.00500009954 0.344999999
14920 0.354999989 -0.00500009954 0.354999989
14921 0.354999989 -0.00500009954 0.36499998
14922 0.354999989 -0.00500009954 0.375
14923 0.354999989 -0.00500009954 0.38499999
14924 0.354999989 -0.00500009954 0.394999981
14925 0.36499998 -0.00500009954 0.324999988
14926 0.36499998 -0.00500009954 0.334999979
14927 0.36499998 -0.00500009954 0.344999999
14928 0.36499998 -0.00500009954 0.354999989
14929 0.36499998 -0.00500009954 0.36499998
14930 0.36499998 -0.00500009954 0.375
14931 0.36499998 -0.00500009954 0.38499999
14932 0.36499998 -0.00500009954 0.394999981
14933 0.375 -0.00500009954 0.324999988
14934 0.375 -0.00500009954 0.334999979
14935 0.375 -0.00500009954 0.344999999
14936 0.375 -0.00500009954 0.354999989
14937 0.375 -0.00500009954 0.36499998
14938 0.375 -0.00500009954 0.375
14939 0.375 -0.00500009954 0.38499999
14940 0.375 -0.00500009954 0.394999981
14941 0.38499999 -0.00500009954 0.324999988
14942 0.38499999 -0.00500009954 0.334999979
14943 0.38499999 -0.00500009954 0.344999999
14944 0.38499999 -0.00500009954 0.354999989
14945 0.38499999 -0.00500009954 0.36499998
14946 0.38499999 -0.00500009954 0.375
14947 0.38499999 -0.00500009954 0.38499999
14948 0.38499999 -0.00500009954 0.394999981
14949 0.394999981 -0.00500009954 0.324999988
14950 0.394999981 -0.00500009954 0.334999979
14951 0.394999981 -0.00500009954 0.344999999
14952 0.394999981 -0.00500009954 0.354999989
14953 0.394999981 -0.00500009954 0.36499998
14954 0.394999981 -0.00500009954 0.375
14955 0.394999981 -0.00500009954 0.38499999
14956 0.394999981 -0.00500009954 0.394999981
14957 0.324999988 -0.00500009954 0.405000001
14958 0.324999988 -0.00500009954 0.414999992
14959 0.324999988 -0.00500009954 0.424999982
14960 0.324999988 -0.00500009954 0.435000002
14961 0.324999988 -0.00500009954 0.444999993
14962 0.324999988 -0.00500009954 0.454999983
14963 0.324999988 -0.00500009954 0.465000004
14964 0.324999988 -0.00500009954 0.474999994
14965 0.334999979 -0.00500009954 0.405000001
14966 0.334999979 -0.00500009954 0.414999992
14967 0.334999979 -0.00500009954 0.424999982
14968 0.334999979 -0.00500009954 0.435000002
14969 0.334999979 -0.00500009954 0.444999993
14970 0.334999979 -0.00500009954 0.454999983
14971 0.334999979 -0.00500009954 0.465000004
14972 0.334999979 -0.00500009954 0.474999994
14973 0.344999999 -0.00500009954 0.405000001
14974 0.344999999 -0.00500009954 0.414999992
14975 0.344999999 -0.00500009954 0.424999982
14976 0.344999999 -0.00500009954 0.435000002
14977 0.344999999 -0.00500009954 0.444999993
14978 0.344999999 -0.00500009954 0.454999983
14979 0.344999999 -0.00500009954 0.465000004
14980 0.344999999 -0.00500009954 0.474999994
14981 0.354999989 -0.00500009954 0.405000001
14982 0.354999989 -0.00500009954 0.414999992
14983 0.354999989 -0.00500009954 0.424999982
14984 0.354999989 -0.00500009954 0.435000002
14985 0.354999989 -0.00500009954 0.444999993
14986 0.354999989 -0.00500009954 0.454999983
14987 0.354999989 -0.00500009954 0.465000004
14988 0.354999989 -0.00500009954 0.474999994
14989 0.36499998 -0.00500009954 0.405000001
14990 0.36499998 -0.00500009954 0.414999992
14991 0.36499998 -0.00500009954 0.424999982
14992 0.36499998 -0.00500009954 0.435000002
14993 0.36499998 -0.00500009954 0.444999993
14994 0.36499998 -0.00500009954 0.454999983
14995 0.36499998 -0.00500009954 0.465000004
14996 0.36499998 -0.00500009954 0.474999994
14997 0.375 -0.00500009954 0.405000001
14998 0.375 -0.00500009954 0.414999992
14999 0.375 -0.00500009954 0.424999982
15000 0.375 -0.00500009954 0.435000002
15001 0.375 -0.00500009954 0.444999993
15002 0.375 -0.00500009954 0.454999983
15003 0.375 -0.00500009954 0.465000004
15004 0.375 -0.00500009954 0.474999994
15005 0.38499999 -0.00500009954 0.405000001
15006 0.38499999 -0.00500009954 0.414999992
15007 0.38499999 -0.00500009954 0.424999982
15008 0.38499999 -0.00500009954 0.435000002
15009 0.38499999 -0.00500009954 0.444999993
15010 0.38499999 -0.00500009954 0.454999983
15011 0.38499999 -0.00500009954 0.465000004
15012 0.38499999 -0.00500009954 0.474999994
15013 0.394999981 -0.00500009954 0.405000001
15014 0.394999981 -0.00500009954 0.414999992
15015 0.394999981 -0.00500009954 0.424999982
15016 0.394999981 -0.00500009954 0.435000002
15017 0.394999981 -0.00500009954 0.444999993
15018 0.394999981 -0.00500009954 0.454999983
15019 0.394999981 -0.00500009954 0.465000004
15020 0.394999981 -0.00500009954 0.474999994
15021 0.324999988 -0.00500009954 0.484999985
15022 0.324999988 -0.00250014942 0.494999975
15023 0.324999988 -9.96515155e-08 0.50000006
15024 0.334999979 -0.00500009954 0.484999985
15025 0.334999979 -0.00250014942 0.494999975
15026 0.334999979 -9.96515155e-08 0.50000006
15027 0.344999999 -0.00500009954 0.484999985
15028 0.344999999 -0.00250014942 0.494999975
15029 0.344999999 -9.96515155e-08 0.50000006
15030 0.354999989 -0.00500009954 0.484999985
15031 0.354999989 -0.00250014942 0.494999975
15032 0.354999989 -9.96515155e-08 0.50000006
15033 0.36499998 -0.00500009954 0.484999985
15034 0.36499998 -0.00250014942 0.494999975
15035 0.36499998 -9.96515155e-08 0.50000006
15036 0.375 -0.00500009954 0.484999985
15037 0.375 -0.00250014942 0.494999975
15038 0.375 -9.96515155e-08 0.50000006
15039 0.38499999 -0.00500009954 0.484999985
15040 0.38499999 -0.00250014942 0.494999975
15041 0.38499999 -9.96515155e-08 0.50000006
15042 0.394999981 -0.00500009954 0.484999985
15043 0.394999981 -0.00250014942 0.494999975
15044 0.394999981 -9.96515155e-08 0.50000006
15045 0.405000001 -0.00500009954 0.00499999989
15046 0.405000001 -0.00500009954 0.0149999997
15047 0.405000001 -0.00500009954 0.0249999985
15048 0.405000001 -0.00500009954 0.0350000001
15049 0.405000001 -0.00500009954 0.0449999981
15050 0.405000001 -0.00500009954 0.0549999997
15051 0.405000001 -0.00500009954 0.0649999976
15052 0.405000001 -0.00500009954 0.0749999955
15053 0.414999992 -0.00500009954 0.00499999989
15054 0.414999992 -0.00500009954 0.0149999997
15055 0.414999992 -0.00500009954 0.0249999985
15056 0.414999992 -0.00500009954 0.0350000001
15057 0.414999992 -0.00500009954 0.0449999981
15058 0.414999992 -0.00500009954 0.0549999997
15059 0.414999992 -0.00500009954 0.0649999976
15060 0.414999992 -0.00500009954 0.0749999955
15061 0.424999982 -0.00500009954 0.00499999989
15062 0.424999982 -0.00500009954 0.0149999997
15063 0.424999982 -0.00500009954 0.0249999985
15064 0.424999982 -0.00500009954 0.0350000001
15065 0.424999982 -0.00500009954 0.0449999981
15066 0.424999982 -0.00500009954 0.0549999997
15067 0.424999982 -0.00500009954 0.0649999976
15068 0.424999982 -0.00500009954 0.0749999955
15069 0.435000002 -0.00500009954 0.00499999989
15070 0.435000002 -0.00500009954 0.0149999997
15071 0.435000002 -0.00500009954 0.0249999985
15072 0.435000002 -0.00500009954 0.0350000001
15073 0.435000002 -0.00500009954 0.0449999981
15074 0.435000002 -0.00500009954 0.0549999997
15075 0.435000002 -0.00500009954 0.0649999976
15076 0.435000002 -0.00500009954 0.0749999955
15077 0.444999993 -0.00500009954 0.00499999989
15078 0.444999993 -0.00500009954 0.0149999997
15079 0.444999993 -0.00500009954 0.0249999985
15080 0.444999993 -0.00500009954 0.0350000001
15081 0.444999993 -0.00500009954 0.0449999981
15082 0.444999993 -0.00500009954 0.0549999997
15083 0.444999993 -0.00500009954 0.0649999976
15084 0.444999993 -0.00500009954 0.0749999955
15085 0.454999983 -0.00500009954 0.00499999989
15086 0.454999983 -0.00500009954 0.0149999997
15087 0.454999983 -0.00500009954 0.0249999985
15088 0.454999983 -0.00500009954 0.0350000001
15089 0.454999983 -0.00500009954 0.0449999981
15090 0.454999983 -0.00500009954 0.0549999997
15091 0.454999983 -0.00500009954 0.0649999976
15092 0.454999983 -0.00500009954 0.0749999955
15093 0.465000004 -0.00500009954 0.00499999989
15094 0.465000004 -0.00500009954 0.0149999997
15095 0.465000004 -0.00500009954 0.0249999985
15096 0.465000004 -0.00500009954 0.0350000001
15097 0.465000004 -0.00500009954 0.0449999981
15098 0.465000004 -0.00500009954 0.0549999997
15099 0.465000004 -0.00500009954 0.0649999976
15100 0.465000004 -0.00500009954 0.0749999955
15101 0.474999994 -0.00500009954 0.00499999989
15102 0.474999994 -0.00500009954 0.0149999997
15103 0.474999994 -0.00500009954 0.0249999985
15104 0.474999994 -0.00500009954 0.0350000001
15105 0.474999994 -0.00500009954 0.0449999981
15106 0.474999994 -0.00500009954 0.0549999997
15107 0.474999994 -0.00500009954 0.0649999976
15108 0.474999994 -0.00500009954 0.0749999955
15109 0.405000001 -0.00500009954 0.0850000009
15110 0.405000001 -0.00500009954 0.0949999988
15111 0.405000001 -0.00500009954 0.104999997
15112 0.405000001 -0.00500009954 0.114999995
15113 0.405000001 -0.00500009954 0.125
15114 0.405000001 -0.00500009954 0.13499999
15115 0.405000001 -0.00500009954 0.144999996
15116 0.405000001 -0.00500009954 0.155000001
15117 0.414999992 -0.00500009954 0.0850000009
15118 0.414999992 -0.00500009954 0.0949999988
15119 0.414999992 -0.00500009954 0.104999997
15120 0.414999992 -0.00500009954 0.114999995
15121 0.414999992 -0.00500009954 0.125
15122 0.414999992 -0.00500009954 0.13499999
15123 0.414999992 -0.00500009954 0.144999996
15124 0.414999992 -0.00500009954 0.155000001
15125 0.424999982 -0.00500009954 0.0850000009
15126 0.424999982 -0.00500009954 0.0949999988
15127 0.424999982 -0.00500009954 0.104999997
15128 0.424999982 -0.00500009954 0.114999995
15129 0.424999982 -0.00500009954 0.125
15130 0.424999982 -0.00500009954 0.13499999
15131 0.424999982 -0.00500009954 0.144999996
15132 0.424999982 -0.00500009954 0.155000001
15133 0.435000002 -0.00500009954 0.0850000009
15134 0.435000002 -0.00500009954 0.0949999988
15135 0.435000002 -0.00500009954 0.104999997
15136 0.435000002 -0.00500009954 0.114999995
15137 0.435000002 -0.00500009954 0.125
15138 0.435000002 -0.00500009954 0.13499999
15139 0.435000002 -0.00500009954 0.144999996
15140 0.435000002 -0.00500009954 0.155000001
15141 0.444999993 -0.00500009954 0.0850000009
15142 0.444999993 -0.00500009954 0.0949999988
15143 0.444999993 -0.00500009954 0.104999997
15144 0.444999993 -0.00500009954 0.114999995
15145 0.444999993 -0.00500009954 0.125
15146 0.444999993 -0.00500009954 0.13499999
15147 0.444999993 -0.00500009954 0.144999996
15148 0.444999993 -0.00500009954 0.155000001
15149 0.454999983 -0.00500009954 0.0850000009
15150 0.454999983 -0.00500009954 0.0949999988
15151 0.454999983 -0.00500009954 0.104999997
15152 0.454999983 -0.00500009954 0.114999995
15153 0.454999983 -0.00500009954 0.125
15154 0.454999983 -0.00500009954 0.13499999
15155 0.454999983 -0.00500009954 0.144999996
15156 0.454999983 -0.00500009954 0.155000001
15157 0.465000004 -0.00500009954 0.0850000009
15158 0.465000004 -0.00500009954 0.0949999988
15159 0.465000004 -0.00500009954 0.104999997
15160 0.465000004 -0.00500009954 0.114999995
15161 0.465000004 -0.00500009954 0.125
15162 0.465000004 -0.00500009954 0.13499999
15163 0.465000004 -0.00500009954 0.144999996
15164 0.465000004 -0.00500009954 0.155000001
15165 0.474999994 -0.00500009954 0.0850000009
15166 0.474999994 -0.00500009954 0.0949999988
15167 0.474999994 -0.00500009954 0.104999997
15168 0.474999994 -0.00500009954 0.114999995
15169 0.474999994 -0.00500009954 0.125
15170 0.474999994 -0.00500009954 0.13499999
15171 0.474999994 -0.00500009954 0.144999996
15172 0.474999994 -0.00500009954 0.155000001
15173 0.405000001 -0.00500009954 0.164999992
15174 0.405000001 -0.00500009954 0.174999997
15175 0.405000001 -0.00500009954 0.185000002
15176 0.405000001 -0.00500009954 0.194999993
15177 0.405000001 -0.00500009954 0.204999998
15178 0.405000001 -0.00500009954 0.214999989
15179 0.405000001 -0.00500009954 0.224999994
15180 0.405000001 -0.00500009954 0.234999999
15181 0.414999992 -0.00500009954 0.164999992
15182 0.414999992 -0.00500009954 0.174999997
15183 0.414999992 -0.00500009954 0.185000002
15184 0.414999992 -0.00500009954 0.194999993
15185 0.414999992 -0.00500009954 0.204999998
15186 0.414999992 -0.00500009954 0.214999989
15187 0.414999992 -0.00500009954 0.224999994
15188 0.414999992 -0.00500009954 0.234999999
15189 0.424999982 -0.00500009954 0.164999992
15190 0.424999982 -0.00500009954 0.174999997
15191 0.424999982 -0.00500009954 0.185000002
15192 0.424999982 -0.00500009954 0.194999993
15193 0.424999982 -0.00500009954 0.204999998
15194 0.424999982 -0.00500009954 0.214999989
15195 0.424999982 -0.00500009954 0.224999994
15196 0.424999982 -0.00500009954 0.234999999
15197 0.435000002 -0.00500009954 0.164999992
15198 0.435000002 -0.00500009954 0.174999997
15199 0.435000002 -0.00500009954 0.185000002
15200 0.435000002 -0.00500009954 0.194999993
15201 0.435000002 -0.00500009954 0.204999998
15202 0.435000002 -0.00500009954 0.214999989
15203 0.435000002 -0.00500009954 0.224999994
15204 0.435000002 -0.00500009954 0.234999999
15205 0.444999993 -0.00500009954 0.164999992
15206 0.444999993 -0.00500009954 0.174999997
15207 0.444999993 -0.00500009954 0.185000002
15208 0.444999993 -0.00500009954 0.194999993
15209 0.444999993 -0.00500009954 0.204999998
15210 0.444999993 -0.00500009954 0.214999989
15211 0.444999993 -0.00500009954 0.224999994
15212 0.444999993 -0.00500009954 0.234999999
15213 0.454999983 -0.00500009954 0.164999992
15214 0.454999983 -0.00500009954 0.174999997
15215 0.454999983 -0.00500009954 0.185000002
15216 0.454999983 -0.00500009954 0.194999993
15217 0.454999983 -0.00500009954 0.204999998
15218 0.454999983 -0.00500009954 0.214999989
15219 0.454999983 -0.00500009954 0.224999994
15220 0.454999983 -0.00500009954 0.234999999
15221 0.465000004 -0.00500009954 0.164999992
15222 0.465000004 -0.00500009954 0.174999997
15223 0.465000004 -0.00500009954 0.185000002
15224 0.465000004 -0.00500009954 0.194999993
15225 0.465000004 -0.00500009954 0.204999998
15226 0.465000004 -0.00500009954 0.214999989
15227 0.465000004 -0.00500009954 0.224999994
15228 0.465000004 -0.00500009954 0.234999999
15229 0.474999994 -0.00500009954 0.164999992
15230 0.474999994 -0.00500009954 0.174999997
15231 0.474999994 -0.00500009954 0.185000002
15232 0.474999994 -0.00500009954 0.194999993
15233 0.474999994 -0.00500009954 0.204999998
15234 0.474999994 -0.00500009954 0.214999989
15235 0.474999994 -0.00500009954 0.224999994
15236 0.474999994 -0.00500009954 0.234999999
15237 0.405000001 -0.00500009954 0.24499999
15238 0.405000001 -0.00500009954 0.254999995
15239 0.405000001 -0.00500009954 0.264999986
15240 0.405000001 -0.00500009954 0.275000006
15241 0.405000001 -0.00500009954 0.284999996
15242 0.405000001 -0.00500009954 0.294999987
15243 0.405000001 -0.00500009954 0.305000007
15244 0.405000001 -0.00500009954 0.314999998
15245 0.414999992 -0.00500009954 0.24499999
15246 0.414999992 -0.00500009954 0.254999995
15247 0.414999992 -0.00500009954 0.264999986
15248 0.414999992 -0.00500009954 0.275000006
15249 0.414999992 -0.00500009954 0.284999996
15250 0.414999992 -0.00500009954 0.294999987
15251 0.414999992 -0.00500009954 0.305000007
15252 0.414999992 -0.00500009954 0.314999998
15253 0.424999982 -0.00500009954 0.24499999
15254 0.424999982 -0.00500009954 0.254999995
15255 0.424999982 -0.00500009954 0.264999986
15256 0.424999982 -0.00500009954 0.275000006
15257 0.424999982 -0.00500009954 0.284999996
15258 0.424999982 -0.00500009954 0.294999987
15259 0.424999982 -0.00500009954 0.305000007
15260 0.424999982 -0.00500009954 0.314999998
15261 0.435000002 -0.00500009954 0.24499999
15262 0.435000002 -0.00500009954 0.254999995
15263 0.435000002 -0.00500009954 0.264999986
15264 0.435000002 -0.00500009954 0.275000006
15265 0.435000002 -0.00500009954 0.284999996
15266 0.435000002 -0.00500009954 0.294999987
15267 0.435000002 -0.00500009954 0.305000007
15268 0.435000002 -0.00500009954 0.314999998
15269 0.444999993 -0.00500009954 0.24499999
15270 0.444999993 -0.00500009954 0.254999995
15271 0.444999993 -0.00500009954 0.264999986
15272 0.444999993 -0.00500009954 0.275000006
15273 0.444999993 -0.00500009954 0.284999996
15274 0.444999993 -0.00500009954 0.294999987
15275 0.444999993 -0.00500009954 0.305000007
15276 0.444999993 -0.00500009954 0.314999998
15277 0.454999983 -0.00500009954 0.24499999
15278 0.454999983 -0.00500009954 0.254999995
15279 0.454999983 -0.00500009954 0.264999986
15280 0.454999983 -0.00500009954 0.275000006
15281 0.454999983 -0.00500009954 0.284999996
15282 0.454999983 -0.00500009954 0.294999987
15283 0.454999983 -0.00500009954 0.305000007
15284 0.454999983 -0.00500009954 0.314999998
15285 0.465000004 -0.00500009954 0.24499999
15286 0.465000004 -0.00500009954 0.254999995
15287 0.465000004 -0.00500009954 0.264999986
15288 0.465000004 -0.00500009954 0.275000006
15289 0.465000004 -0.00500009954 0.284999996
15290 0.465000004 -0.00500009954 0.294999987
15291 0.465000004 -0.00500009954 0.305000007
15292 0.465000004 -0.00500009954 0.314999998
15293 0.474999994 -0.00500009954 0.24499999
15294 0.474999994 -0.00500009954 0.254999995
15295 0.474999994 -0.00500009954 0.264999986
15296 0.474999994 -0.00500009954 0.275000006
15297 0.474999994 -0.00500009954 0.284999996
15298 0.474999994 -0.00500009954 0.294999987
15299 0.474999994 -0.00500009954 0.305000007
15300 0.474999994 -0.00500009954 0.314999998
15301 0.405000001 -0.00500009954 0.324999988
15302 0.405000001 -0.00500009954 0.334999979
15303 0.405000001 -0.00500009954 0.344999999
15304 0.405000001 -0.00500009954 0.354999989
15305 0.405000001 -0.00500009954 0.36499998
15306 0.405000001 -0.00500009954 0.375
15307 0.405000001 -0.00500009954 0.38499999
15308 0.405000001 -0.00500009954 0.394999981
15309 0.414999992 -0.00500009954 0.324999988
15310 0.414999992 -0.00500009954 0.334999979
15311 0.414999992 -0.00500009954 0.344999999
15312 0.414999992 -0.00500009954 0.354999989
15313 0.414999992 -0.00500009954 0.36499998
15314 0.414999992 -0.00500009954 0.375
15315 0.414999992 -0.00500009954 0.38499999
15316 0.414999992 -0.00500009954 0.394999981
15317 0.424999982 -0.00500009954 0.324999988
15318 0.424999982 -0.00500009954 0.334999979
15319 0.424999982 -0.00500009954 0.344999999
15320 0.424999982 -0.00500009954 0.354999989
15321 0.424999982 -0.00500009954 0.36499998
15322 0.424999982 -0.00500009954 0.375
15323 0.424999982 -0.00500009954 0.38499999
15324 0.424999982 -0.00500009954 0.394999981
15325 0.435000002 -0.00500009954 0.324999988
15326 0.435000002 -0.00500009954 0.334999979
15327 0.435000002 -0.00500009954 0.344999999
15328 0.435000002 -0.00500009954 0.354999989
15329 0.435000002 -0.00500009954 0.36499998
15330 0.435000002 -0.00500009954 0.375
15331 0.435000002 -0.00500009954 0.38499999
15332 0.435000002 -0.00500009954 0.394999981
15333 0.444999993 -0.00500009954 0.324999988
15334 0.444999993 -0.00500009954 0.334999979
15335 0.444999993 -0.00500009954 0.344999999
15336 0.444999993 -0.00500009954 0.354999989
15337 0.444999993 -0.00500009954 0.36499998
15338 0.444999993 -0.00500009954 0.375
15339 0.444999993 -0.00500009954 0.38499999
15340 0.444999993 -0.00500009954 0.394999981
15341 0.454999983 -0.00500009954 0.324999988
15342 0.454999983 -0.00500009954 0.334999979
15343 0.454999983 -0.00500009954 0.344999999
15344 0.454999983 -0.00500009954 0.354999989
15345 0.454999983 -0.00500009954 0.36499998
15346 0.454999983 -0.00500009954 0.375
15347 0.454999983 -0.00500009954 0.38499999
15348 0.454999983 -0.00500009954 0.394999981
15349 0.465000004 -0.00500009954 0.324999988
15350 0.465000004 -0.00500009954 0.334999979
15351 0.465000004 -0.00500009954 0.344999999
15352 0.465000004 -0.00500009954 0.354999989
15353 0.465000004 -0.00500009954 0.36499998
15354 0.465000004 -0.00500009954 0.375
15355 0.465000004 -0.00500009954 0.38499999
15356 0.465000004 -0.00500009954 0.394999981
15357 0.474999994 -0.00500009954 0.324999988
15358 0.474999994 -0.00500009954 0.334999979
15359 0.474999994 -0.00500009954 0.344999999
15360 0.474999994 -0.00500009954 0.354999989
15361 0.474999994 -0.00500009954 0.36499998
15362 0.474999994 -0.00500009954 0.375
15363 0.474999994 -0.00500009954 0.38499999
15364 0.474999994 -0.00500009954 0.394999981
15365 0.405000001 -0.00500009954 0.405000001
15366 0.405000001 -0.00500009954 0.414999992
15367 0.405000001 -0.00500009954 0.424999982
15368 0.405000001 -0.00500009954 0.435000002
15369 0.405000001 -0.00500009954 0.444999993
15370 0.405000001 -0.00500009954 0.454999983
15371 0.405000001 -0.00500009954 0.465000004
15372 0.405000001 -0.00500009954 0.474999994
15373 0.414999992 -0.00500009954 0.405000001
15374 0.414999992 -0.00500009954 0.414999992
15375 0.414999992 -0.00500009954 0.424999982
15376 0.414999992 -0.00500009954 0.435000002
15377 0.414999992 -0.00500009954 0.444999993
15378 0.414999992 -0.00500009954 0.454999983
15379 0.414999992 -0.00500009954 0.465000004
15380 0.414999992 -0.00500009954 0.474999994
15381 0.424999982 -0.00500009954 0.405000001
15382 0.424999982 -0.00500009954 0.414999992
15383 0.424999982 -0.00500009954 0.424999982
15384 0.424999982 -0.00500009954 0.435000002
15385 0.424999982 -0.00500009954 0.444999993
15386 0.424999982 -0.00500009954 0.454999983
15387 0.424999982 -0.00500009954 0.465000004
15388 0.424999982 -0.00500009954 0.474999994
15389 0.435000002 -0.00500009954 0.405000001
15390 0.435000002 -0.00500009954 0.414999992
15391 0.435000002 -0.00500009954 0.424999982
15392 0.435000002 -0.00500009954 0.435000002
15393 0.435000002 -0.00500009954 0.444999993
15394 0.435000002 -0.00500009954 0.454999983
15395 0.435000002 -0.00500009954 0.465000004
15396 0.435000002 -0.00500009954 0.474999994
15397 0.444999993 -0.00500009954 0.405000001
15398 0.444999993 -0.00500009954 0.414999992
15399 0.444999993 -0.00500009954 0.424999982
15400 0.444999993 -0.00500009954 0.435000002
15401 0.444999993 -0.00500009954 0.444999993
15402 0.444999993 -0.00500009954 0.454999983
15403 0.444999993 -0.00500009954 0.465000004
15404 0.444999993 -0.00500009954 0.474999994
15405 0.454999983 -0.00500009954 0.405000001
15406 0.454999983 -0.00500009954 0.414999992
15407 0.454999983 -0.00500009954 0.424999982
15408 0.454999983 -0.00500009954 0.435000002
15409 0.454999983 -0.00500009954 0.444999993
15410 0.454999983 -0.00500009954 0.454999983
15411 0.454999983 -0.00500009954 0.465000004
15412 0.454999983 -0.00500009954 0.474999994
15413 0.465000004 -0.00500009954 0.405000001
15414 0.465000004 -0.00500009954 0.414999992
15415 0.465000004 -0.00500009954 0.424999982
15416 0.465000004 -0.00500009954 0.435000002
15417 0.465000004 -0.00500009954 0.444999993
15418 0.465000004 -0.00500009954 0.454999983
15419 0.465000004 -0.00500009954 0.465000004
15420 0.465000004 -0.00500009954 0.474999994
15421 0.474999994 -0.00500009954 0.405000001
15422 0.474999994 -0.00500009954 0.414999992
15423 0.474999994 -0.00500009954 0.424999982
15424 0.474999994 -0.00500009954 0.435000002
15425 0.474999994 -0.00500009954 0.444999993
15426 0.474999994 -0.00500009954 0.454999983
15427 0.474999994 -0.00500009954 0.465000004
15428 0.474999994 -0.00500009954 0.474999994
15429 0.405000001 -0.00500009954 0.484999985
15430 0.405000001 -0.00250014942 0.494999975
15431 0.405000001 -9.96515155e-08 0.50000006
15432 0.414999992 -0.00500009954 0.484999985
15433 0.414999992 -0.00250014942 0.494999975
15434 0.414999992 -9.96515155e-08 0.50000006
15435 0.424999982 -0.00500009954 0.484999985
15436 0.424999982 -0.00250014942 0.494999975
15437 0.424999982 -9.96515155e-08 0.50000006
15438 0.435000002 -0.00500009954 0.484999985
15439 0.435000002 -0.00250014942 0.494999975
15440 0.435000002 -9.96515155e-08 0.50000006
15441 0.444999993 -0.00500009954 0.484999985
15442 0.444999993 -0.00250014942 0.494999975
15443 0.444999993 -9.96515155e-08 0.50000006
15444 0.454999983 -0.00500009954 0.484999985
15445 0.454999983 -0.00250014942 0.494999975
15446 0.454999983 -9.96515155e-08 0.50000006
15447 0.465000004 -0.00500009954 0.484999985
15448 0.465000004 -0.00250014942 0.494999975
15449 0.465000004 -9.96515155e-08 0.50000006
15450 0.474999994 -0.00500009954 0.484999985
15451 0.474999994 -0.00250014942 0.494999975
15452 0.474999994 -9.96515155e-08 0.50000006
15453 0.484999985 -0.00500009954 0.00499999989
15454 0.484999985 -0.00500009954 0.0149999997
15455 0.484999985 -0.00500009954 0.0249999985
15456 0.484999985 -0.00500009954 0.0350000001
15457 0.484999985 -0.00500009954 0.0449999981
15458 0.484999985 -0.00500009954 0.0549999997
15459 0.484999985 -0.00500009954 0.0649999976
15460 0.484999985 -0.00500009954 0.0749999955
15461 0.494999975 -0.00250014942 0.00499999989
15462 0.494999975 -0.00250014942 0.0149999997
15463 0.494999975 -0.00250014942 0.0249999985
15464 0.494999975 -0.00250014942 0.0350000001
15465 0.494999975 -0.00250014942 0.0449999981
15466 0.494999975 -0.00250014942 0.0549999997
15467 0.494999975 -0.00250014942 0.0649999976
15468 0.494999975 -0.00250014942 0.0749999955
15469 0.50000006 -9.96515155e-08 0.00499999989
15470 0.50000006 -9.96515155e-08 0.0149999997
15471 0.50000006 -9.96515155e-08 0.0249999985
15472 0.50000006 -9.96515155e-08 0.0350000001
15473 0.50000006 -9.96515155e-08 0.0449999981
15474 0.50000006 -9.96515155e-08 0.0549999997
15475 0.50000006 -9.96515155e-08 0.0649999976
15476 0.50000006 -9.96515155e-08 0.0749999955
15477 0.484999985 -0.00500009954 0.0850000009
15478 0.484999985 -0.00500009954 0.0949999988
15479 0.484999985 -0.00500009954 0.104999997
15480 0.484999985 -0.00500009954 0.114999995
15481 0.484999985 -0.00500009954 0.125
15482 0.484999985 -0.00500009954 0.13499999
15483 0.484999985 -0.00500009954 0.144999996
15484 0.484999985 -0.00500009954 0.155000001
15485 0.494999975 -0.00250014942 0.0850000009
15486 0.494999975 -0.00250014942 0.0949999988
15487 0.494999975 -0.00250014942 0.104999997
15488 0.494999975 -0.00250014942 0.114999995
15489 0.494999975 -0.00250014942 0.125
15490 0.494999975 -0.00250014942 0.13499999
15491 0.494999975 -0.00250014942 0.144999996
15492 0.494999975 -0.00250014942 0.155000001
15493 0.50000006 -9.96515155e-08 0.0850000009
15494 0.50000006 -9.96515155e-08 0.0949999988
15495 0.50000006 -9.96515155e-08 0.104999997
15496 0.50000006 -9.96515155e-08 0.114999995
15497 0.50000006 -9.96515155e-08 0.125
15498 0.50000006 -9.96515155e-08 0.13499999
15499 0.50000006 -9.96515155e-08 0.144999996
15500 0.50000006 -9.96515155e-08 0.155000001
15501 0.484999985 -0.00500009954 0.164999992
15502 0.484999985 -0.00500009954 0.174999997
15503 0.484999985 -0.00500009954 0.185000002
15504 0.484999985 -0.00500009954 0.194999993
15505 0.484999985 -0.00500009954 0.204999998
15506 0.484999985 -0.00500009954 0.214999989
15507 0.484999985 -0.00500009954 0.224999994
15508 0.484999985 -0.00500009954 0.234999999
15509 0.494999975 -0.00250014942 0.164999992
15510 0.494999975 -0.00250014942 0.174999997
15511 0.494999975 -0.00250014942 0.185000002
15512 0.494999975 -0.00250014942 0.194999993
15513 0.494999975 -0.00250014942 0.204999998
15514 0.494999975 -0.00250014942 0.214999989
15515 0.494999975 -0.00250014942 0.224999994
15516 0.494999975 -0.00250014942 0.234999999
15517 0.50000006 -9.96515155e-08 0.164999992
15518 0.50000006 -9.96515155e-08 0.174999997
15519 0.50000006 -9.96515155e-08 0.185000002
15520 0.50000006 -9.96515155e-08 0.194999993
15521 0.50000006 -9.96515155e-08 0.204999998
15522 0.50000006 -9.96515155e-08 0.214999989
15523 0.50000006 -9.96515155e-08 0.224999994
15524 0.50000006 -9.96515155e-08 0.234999999
15525 0.484999985 -0.00500009954 0.24499999
15526 0.484999985 -0.00500009954 0.254999995
15527 0.484999985 -0.00500009954 0.264999986
15528 0.484999985 -0.00500009954 0.275000006
15529 0.484999985 -0.00500009954 0.284999996
15530 0.484999985 -0.00500009954 0.294999987
15531 0.484999985 -0.00500009954 0.305000007
15532 0.484999985 -0.00500009954 0.314999998
15533 0.494999975 -0.00250014942 0.24499999
15534 0.494999975 -0.00250014942 0.254999995
15535 0.494999975 -0.00250014942 0.264999986
15536 0.494999975 -0.00250014942 0.275000006
15537 0.494999975 -0.00250014942 0.284999996
15538 0.494999975 -0.00250014942 0.294999987
15539 0.494999975 -0.00250014942 0.305000007
15540 0.494999975 -0.00250014942 0.314999998
15541 0.50000006 -9.96515155e-08 0.24499999
15542 0.50000006 -9.96515155e-08 0.254999995
15543 0.50000006 -9.96515155e-08 0.264999986
15544 0.50000006 -9.96515155e-08 0.275000006
15545 0.50000006 -9.96515155e-08 0.284999996
15546 0.50000006 -9.96515155e-08 0.294999987
15547 0.50000006 -9.96515155e-08 0.305000007
15548 0.50000006 -9.96515155e-08 0.314999998
15549 0.484999985 -0.00500009954 0.324999988
15550 0.484999985 -0.00500009954 0.334999979
15551 0.484999985 -0.00500009954 0.344999999
15552 0.484999985 -0.00500009954 0.354999989
15553 0.484999985 -0.00500009954 0.36499998
15554 0.484999985 -0.00500009954 0.375
15555 0.484999985 -0.00500009954 0.38499999
15556 0.484999985 -0.00500009954 0.394999981
15557 0.494999975 -0.00250014942 0.324999988
15558 0.494999975 -0.00250014942 0.334999979
15559 0.494999975 -0.00250014942 0.344999999
15560 0.494999975 -0.00250014942 0.354999989
15561 0.494999975 -0.00250014942 0.36499998
15562 0.494999975 -0.00250014942 0.375
15563 0.494999975 -0.00250014942 0.38499999
15564 0.494999975 -0.00250014942 0.394999981
15565 0.50000006 -9.96515155e-08 0.324999988
15566 0.50000006 -9.96515155e-08 0.334999979
15567 0.50000006 -9.96515155e-08 0.344999999
15568 0.50000006 -9.96515155e-08 0.354999989
15569 0.50000006 -9.96515155e-08 0.36499998
15570 0.50000006 -9.96515155e-08 0.375
15571 0.50000006 -9.96515155e-08 0.38499999
15572 0.50000006 -9.96515155e-08 0.394999981
15573 0.484999985 -0.00500009954 0.405000001
15574 0.484999985 -0.00500009954 0.414999992
15575 0.484999985 -0.00500009954 0.424999982
15576 0.484999985 -0.00500009954 0.435000002
15577 0.484999985 -0.00500009954 0.444999993
15578 0.484999985 -0.00500009954 0.454999983
15579 0.484999985 -0.00500009954 0.465000004
15580 0.484999985 -0.00500009954 0.474999994
15581 0.494999975 -0.00250014942 0.405000001
15582 0.494999975 -0.00250014942 0.414999992
15583 0.494999975 -0.00250014942 0.424999982
15584 0.494999975 -0.00250014942 0.435000002
15585 0.494999975 -0.00250014942 0.444999993
15586 0.494999975 -0.00250014942 0.454999983
15587 0.494999975 -0.00250014942 0.465000004
15588 0.494999975 -0.00250014942 0.474999994
15589 0.50000006 -9.96515155e-08 0.405000001
15590 0.50000006 -9.96515155e-08 0.414999992
15591 0.50000006 -9.96515155e-08 0.424999982
15592 0.50000006 -9.96515155e-08 0.435000002
15593 0.50000006 -9.96515155e-08 0.444999993
15594 0.50000006 -9.96515155e-08 0.454999983
15595 0.50000006 -9.96515155e-08 0.465000004
15596 0.50000006 -9.96515155e-08 0.474999994
15597 0.484999985 -0.00500009954 0.484999985
15598 0.484999985 -0.00250014942 0.494999975
15599 0.484999985 -9.96515155e-08 0.50000006
15600 0.494999975 -0.00250014942 0.484999985
15601 0.494999975 -0.00125017436 0.494999975
15602 0.494999975 -9.96515155e-08 0.50000006
15603 0.50000006 -9.96515155e-08 0.484999985
15604 0.50000006 -9.96515155e-08 0.494999975
15605 0.5 -6.6434346e-08 0.5
15606 0.00499999989 9.96515155e-08 -0.50000006
15607 0.00499999989 0.00250014942 -0.494999975
15608 0.00499999989 0.00500009954 -0.484999985
15609 0.0149999997 9.96515155e-08 -0.50000006
15610 0.0149999997 0.00250014942 -0.494999975
15611 0.0149999997 0.00500009954 -0.484999985
15612 0.0249999985 9.96515155e-08 -0.50000006
15613 0.0249999985 0.00250014942 -0.494999975
15614 0.0249999985 0.00500009954 -0.484999985
15615 0.0350000001 9.96515155e-08 -0.50000006
15616 0.0350000001 0.00250014942 -0.494999975
15617 0.0350000001 0.00500009954 -0.484999985
15618 0.0449999981 9.96515155e-08 -0.50000006
15619 0.0449999981 0.00250014942 -0.494999975
15620 0.0449999981 0.00500009954 -0.484999985
15621 0.0549999997 9.96515155e-08 -0.50000006
15622 0.0549999997 0.00250014942 -0.494999975
15623 0.0549999997 0.00500009954 -0.484999985
15624 0.0649999976 9.96515155e-08 -0.50000006
15625 0.0649999976 0.00250014942 -0.494999975
15626 0.0649999976 0.00500009954 -0.484999985
15627 0.0749999955 9.96515155e-08 -0.50000006
15628 0.0749999955 0.00250014942 -0.494999975
15629 0.0749999955 0.00500009954 -0.484999985
15630 0.00499999989 0.00500009954 -0.474999994
15631 0.00499999989 0.00500009954 -0.465000004
15632 0.00499999989 0.00500009954 -0.454999983
15633 0.00499999989 0.00500009954 -0.444999993
15634 0.00499999989 0.00500009954 -0.435000002
15635 0.00499999989 0.00500009954 -0.424999982
15636 0.00499999989 0.00500009954 -0.414999992
15637 0.00499999989 0.00500009954 -0.405000001
15638 0.0149999997 0.00500009954 -0.474999994
15639 0.0149999997 0.00500009954 -0.465000004
15640 0.0149999997 0.00500009954 -0.454999983
15641 0.0149999997 0.00500009954 -0.444999993
15642 0.0149999997 0.00500009954 -0.435000002
15643 0.0149999997 0.00500009954 -0.424999982
15644 0.0149999997 0.00500009954 -0.414999992
15645 0.0149999997 0.00500009954 -0.405000001
15646 0.0249999985 0.00500009954 -0.474999994
15647 0.0249999985 0.00500009954 -0.465000004
15648 0.0249999985 0.00500009954 -0.454999983
15649 0.0249999985 0.00500009954 -0.444999993
15650 0.0249999985 0.00500009954 -0.435000002
15651 0.0249999985 0.00500009954 -0.424999982
15652 0.0249999985 0.00500009954 -0.414999992
15653 0.0249999985 0.00500009954 -0.405000001
15654 0.0350000001 0.00500009954 -0.474999994
15655 0.0350000001 0.00500009954 -0.465000004
15656 0.0350000001 0.00500009954 -0.454999983
15657 0.0350000001 0.00500009954 -0.444999993
15658 0.0350000001 0.00500009954 -0.435000002
15659 0.0350000001 0.00500009954 -0.424999982
15660 0.0350000001 0.00500009954 -0.414999992
15661 0.0350000001 0.00500009954 -0.405000001
15662 0.0449999981 0.00500009954 -0.474999994
15663 0.0449999981 0.00500009954 -0.465000004
15664 0.0449999981 0.00500009954 -0.454999983
15665 0.0449999981 0.00500009954 -0.444999993
15666 0.0449999981 0.00500009954 -0.435000002
15667 0.0449999981 0.00500009954 -0.424999982
15668 0.0449999981 0.00500009954 -0.414999992
15669 0.0449999981 0.00500009954 -0.405000001
15670 0.0549999997 0.00500009954 -0.474999994
15671 0.0549999997 0.00500009954 -0.465000004
15672 0.0549999997 0.00500009954 -0.454999983
15673 0.0549999997 0.00500009954 -0.444999993
15674 0.0549999997 0.00500009954 -0.435000002
15675 0.0549999997 0.00500009954 -0.424999982
15676 0.0549999997 0.00500009954 -0.414999992
15677 0.0549999997 0.00500009954 -0.405000001
15678 0.0649999976 0.00500009954 -0.474999994
15679 0.0649999976 0.00500009954 -0.465000004
15680 0.0649999976 0.00500009954 -0.454999983
15681 0.0649999976 0.00500009954 -0.444999993
15682 0.0649999976 0.00500009954 -0.435000002
15683 0.0649999976 0.00500009954 -0.424999982
15684 0.0649999976 0.00500009954 -0.414999992
15685 0.0649999976 0.00500009954 -0.405000001
15686 0.0749999955 0.00500009954 -0.474999994
15687 0.0749999955 0.00500009954 -0.465000004
15688 0.0749999955 0.00500009954 -0.454999983
15689 0.0749999955 0.00500009954 -0.444999993
15690 0.0749999955 0.00500009954 -0.435000002
15691 0.0749999955 0.00500009954 -0.424999982
15692 0.0749999955 0.00500009954 -0.414999992
15693 0.0749999955 0.00500009954 -0.405000001
15694 0.00499999989 0.00500009954 -0.394999981
15695 0.00499999989 0.00500009954 -0.38499999
15696 0.00499999989 0.00500009954 -0.375
15697 0.00499999989 0.00500009954 -0.36499998
15698 0.00499999989 0.00500009954 -0.354999989
15699 0.00499999989 0.00500009954 -0.344999999
15700 0.00499999989 0.00500009954 -0.334999979
15701 0.00499999989 0.00500009954 -0.324999988
15702 0.0149999997 0.00500009954 -0.394999981
15703 0.0149999997 0.00500009954 -0.38499999
15704 0.0149999997 0.00500009954 -0.375
15705 0.0149999997 0.00500009954 -0.36499998
15706 0.0149999997 0.00500009954 -0.354999989
15707 0.0149999997 0.00500009954 -0.344999999
15708 0.0149999997 0.00500009954 -0.334999979
15709 0.0149999997 0.00500009954 -0.324999988
15710 0.0249999985 0.00500009954 -0.394999981
15711 0.0249999985 0.00500009954 -0.38499999
15712 0.0249999985 0.00500009954 -0.375
15713 0.0249999985 0.00500009954 -0.36499998
15714 0.0249999985 0.00500009954 -0.354999989
15715 0.0249999985 0.00500009954 -0.344999999
15716 0.0249999985 0.00500009954 -0.334999979
15717 0.0249999985 0.00500009954 -0.324999988
15718 0.0350000001 0.00500009954 -0.394999981
15719 0.0350000001 0.00500009954 -0.38499999
15720 0.0350000001 0.00500009954 -0.375
15721 0.0350000001 0.00500009954 -0.36499998
15722 0.0350000001 0.00500009954 -0.354999989
15723 0.0350000001 0.00500009954 -0.344999999
15724 0.0350000001 0.00500009954 -0.334999979
15725 0.0350000001 0.00500009954 -0.324999988
15726 0.0449999981 0.00500009954 -0.394999981
15727 0.0449999981 0.00500009954 -0.38499999
15728 0.0449999981 0.00500009954 -0.375
15729 0.0449999981 0.00500009954 -0.36499998
15730 0.0449999981 0.00500009954 -0.354999989
15731 0.0449999981 0.00500009954 -0.344999999
15732 0.0449999981 0.00500009954 -0.334999979
15733 0.0449999981 0.00500009954 -0.324999988
15734 0.0549999997 0.00500009954 -0.394999981
15735 0.0549999997 0.00500009954 -0.38499999
15736 0.0549999997 0.00500009954 -0.375
15737 0.0549999997 0.00500009954 -0.36499998
15738 0.0549999997 0.00500009954 -0.354999989
15739 0.0549999997 0.00500009954 -0.344999999
15740 0.0549999997 0.00500009954 -0.334999979
15741 0.0549999997 0.00500009954 -0.324999988
15742 0.0649999976 0.00500009954 -0.394999981
15743 0.0649999976 0.00500009954 -0.38499999
15744 0.0649999976 0.00500009954 -0.375
15745 0.0649999976 0.00500009954 -0.36499998
15746 0.0649999976 0.00500009954 -0.354999989
15747 0.0649999976 0.00500009954 -0.344999999
15748 0.0649999976 0.00500009954 -0.334999979
15749 0.0649999976 0.00500009954 -0.324999988
15750 0.0749999955 0.00500009954 -0.394999981
15751 0.0749999955 0.00500009954 -0.38499999
15752 0.0749999955 0.00500009954 -0.375
15753 0.0749999955 0.00500009954 -0.36499998
15754 0.0749999955 0.00500009954 -0.354999989
15755 0.0749999955 0.00500009954 -0.344999999
15756 0.0749999955 0.00500009954 -0.334999979
15757 0.0749999955 0.00500009954 -0.324999988
15758 0.00499999989 0.00500009954 -0.314999998
15759 0.00499999989 0.00500009954 -0.305000007
15760 0.00499999989 0.00500009954 -0.294999987
15761 0.00499999989 0.00500009954 -0.284999996
15762 0.00499999989 0.00500009954 -0.275000006
15763 0.00499999989 0.00500009954 -0.264999986
15764 0.00499999989 0.00500009954 -0.254999995
15765 0.00499999989 0.00500009954 -0.24499999
15766 0.0149999997 0.00500009954 -0.314999998
15767 0.0149999997 0.00500009954 -0.305000007
15768 0.0149999997 0.00500009954 -0.294999987
15769 0.0149999997 0.00500009954 -0.284999996
15770 0.0149999997 0.00500009954 -0.275000006
15771 0.0149999997 0.00500009954 -0.264999986
15772 0.0149999997 0.00500009954 -0.254999995
15773 0.0149999997 0.00500009954 -0.24499999
15774 0.0249999985 0.00500009954 -0.314999998
15775 0.0249999985 0.00500009954 -0.305000007
15776 0.0249999985 0.00500009954 -0.294999987
15777 0.0249999985 0.00500009954 -0.284999996
15778 0.0249999985 0.00500009954 -0.275000006
15779 0.0249999985 0.00500009954 -0.264999986
15780 0.0249999985 0.00500009954 -0.254999995
15781 0.0249999985 0.00500009954 -0.24499999
15782 0.0350000001 0.00500009954 -0.314999998
15783 0.0350000001 0.00500009954 -0.305000007
15784 0.0350000001 0.00500009954 -0.294999987
15785 0.0350000001 0.00500009954 -0.284999996
15786 0.0350000001 0.00500009954 -0.275000006
15787 0.0350000001 0.00500009954 -0.264999986
15788 0.0350000001 0.00500009954 -0.254999995
15789 0.0350000001 0.00500009954 -0.24499999
15790 0.0449999981 0.00500009954 -0.314999998
15791 0.0449999981 0.00500009954 -0.305000007
15792 0.0449999981 0.00500009954 -0.294999987
15793 0.0449999981 0.00500009954 -0.284999996
15794 0.0449999981 0.00500009954 -0.275000006
15795 0.0449999981 0.00500009954 -0.264999986
15796 0.0449999981 0.00500009954 -0.254999995
15797 0.0449999981 0.00500009954 -0.24499999
15798 0.0549999997 0.00500009954 -0.314999998
15799 0.0549999997 0.00500009954 -0.305000007
15800 0.0549999997 0.00500009954 -0.294999987
15801 0.0549999997 0.00500009954 -0.284999996
15802 0.0549999997 0.00500009954 -0.275000006
15803 0.0549999997 0.00500009954 -0.264999986
15804 0.0549999997 0.00500009954 -0.254999995
15805 0.0549999997 0.00500009954 -0.24499999
15806 0.0649999976 0.00500009954 -0.314999998
15807 0.0649999976 0.00500009954 -0.305000007
15808 0.0649999976 0.00500009954 -0.294999987
15809 0.0649999976 0.00500009954 -0.284999996
15810 0.0649999976 0.00500009954 -0.275000006
15811 0.0649999976 0.00500009954 -0.264999986
15812 0.0649999976 0.00500009954 -0.254999995
15813 0.0649999976 0.00500009954 -0.24499999
15814 0.0749999955 0.00500009954 -0.314999998
15815 0.0749999955 0.00500009954 -0.305000007
15816 0.0749999955 0.00500009954 -0.294999987
15817 0.0749999955 0.00500009954 -0.284999996
15818 0.0749999955 0.00500009954 -0.275000006
15819 0.0749999955 0.00500009954 -0.264999986
15820 0.0749999955 0.00500009954 -0.254999995
15821 0.0749999955 0.00500009954 -0.24499999
15822 0.00499999989 0.00500009954 -0.234999999
15823 0.00499999989 0.00500009954 -0.224999994
15824 0.00499999989 0.00500009954 -0.214999989
15825 0.00499999989 0.00500009954 -0.204999998
15826 0.00499999989 0.00500009954 -0.194999993
15827 0.00499999989 0.00500009954 -0.185000002
15828 0.00499999989 0.00500009954 -0.174999997
15829 0.00499999989 0.00500009954 -0.164999992
15830 0.0149999997 0.00500009954 -0.234999999
15831 0.0149999997 0.00500009954 -0.224999994
15832 0.0149999997 0.00500009954 -0.214999989
15833 0.0149999997 0.00500009954 -0.204999998
15834 0.0149999997 0.00500009954 -0.194999993
15835 0.0149999997 0.00500009954 -0.185000002
15836 0.0149999997 0.00500009954 -0.174999997
15837 0.0149999997 0.00500009954 -0.164999992
15838 0.0249999985 0.00500009954 -0.234999999
15839 0.0249999985 0.00500009954 -0.224999994
15840 0.0249999985 0.00500009954 -0.214999989
15841 0.0249999985 0.00500009954 -0.204999998
15842 0.0249999985 0.00500009954 -0.194999993
15843 0.0249999985 0.00500009954 -0.185000002
15844 0.0249999985 0.00500009954 -0.174999997
15845 0.0249999985 0.00500009954 -0.164999992
15846 0.0350000001 0.00500009954 -0.234999999
15847 0.0350000001 0.00500009954 -0.224999994
15848 0.0350000001 0.00500009954 -0.214999989
15849 0.0350000001 0.00500009954 -0.204999998
15850 0.0350000001 0.00500009954 -0.194999993
15851 0.0350000001 0.00500009954 -0.185000002
15852 0.0350000001 0.00500009954 -0.174999997
15853 0.0350000001 0.00500009954 -0.164999992
15854 0.0449999981 0.00500009954 -0.234999999
15855 0.0449999981 0.00500009954 -0.224999994
15856 0.0449999981 0.00500009954 -0.214999989
15857 0.0449999981 0.00500009954 -0.204999998
15858 0.0449999981 0.00500009954 -0.194999993
15859 0.0449999981 0.00500009954 -0.185000002
15860 0.0449999981 0.00500009954 -0.174999997
15861 0.0449999981 0.00500009954 -0.164999992
15862 0.0549999997 0.00500009954 -0.234999999
15863 0.0549999997 0.00500009954 -0.224999994
15864 0.0549999997 0.00500009954 -0.214999989
15865 0.0549999997 0.00500009954 -0.204999998
15866 0.0549999997 0.00500009954 -0.194999993
15867 0.0549999997 0.00500009954 -0.185000002
15868 0.0549999997 0.00500009954 -0.174999997
15869 0.0549999997 0.00500009954 -0.164999992
15870 0.0649999976 0.00500009954 -0.234999999
15871 0.0649999976 0.00500009954 -0.224999994
15872 0.0649999976 0.00500009954 -0.214999989
15873 0.0649999976 0.00500009954 -0.204999998
15874 0.0649999976 0.00500009954 -0.194999993
15875 0.0649999976 0.00500009954 -0.185000002
15876 0.0649999976 0.00500009954 -0.174999997
15877 0.0649999976 0.00500009954 -0.164999992
15878 0.0749999955 0.00500009954 -0.234999999
15879 0.0749999955 0.00500009954 -0.224999994
15880 0.0749999955 0.00500009954 -0.214999989
15881 0.0749999955 0.00500009954 -0.204999998
15882 0.0749999955 0.00500009954 -0.194999993
15883 0.0749999955 0.00500009954 -0.185000002
15884 0.0749999955 0.00500009954 -0.174999997
15885 0.0749999955 0.00500009954 -0.164999992
15886 0.00499999989 0.00500009954 -0.155000001
15887 0.00499999989 0.00500009954 -0.144999996
15888 0.00499999989 0.00500009954 -0.13499999
15889 0.00499999989 0.00500009954 -0.125
15890 0.00499999989 0.00500009954 -0.114999995
15891 0.00499999989 0.00500009954 -0.104999997
15892 0.00499999989 0.00500009954 -0.0949999988
15893 0.00499999989 0.00500009954 -0.0850000009
15894 0.0149999997 0.00500009954 -0.155000001
15895 0.0149999997 0.00500009954 -0.144999996
15896 0.0149999997 0.00500009954 -0.13499999
15897 0.0149999997 0.00500009954 -0.125
15898 0.0149999997 0.00500009954 -0.114999995
15899 0.0149999997 0.00500009954 -0.104999997
15900 0.0149999997 0.00500009954 -0.0949999988
15901 0.0149999997 0.00500009954 -0.0850000009
15902 0.0249999985 0.00500009954 -0.155000001
15903 0.0249999985 0.00500009954 -0.144999996
15904 0.0249999985 0.00500009954 -0.13499999
15905 0.0249999985 0.00500009954 -0.125
15906 0.0249999985 0.00500009954 -0.114999995
15907 0.0249999985 0.00500009954 -0.104999997
15908 0.0249999985 0.00500009954 -0.0949999988
15909 0.0249999985 0.00500009954 -0.0850000009
15910 0.0350000001 0.00500009954 -0.155000001
15911 0.0350000001 0.00500009954 -0.144999996
15912 0.0350000001 0.00500009954 -0.13499999
15913 0.0350000001 0.00500009954 -0.125
15914 0.0350000001 0.00500009954 -0.114999995
15915 0.0350000001 0.00500009954 -0.104999997
15916 0.0350000001 0.00500009954 -0.0949999988
15917 0.0350000001 0.00500009954 -0.0850000009
15918 0.0449999981 0.00500009954 -0.155000001
15919 0.0449999981 0.00500009954 -0.144999996
15920 0.0449999981 0.00500009954 -0.13499999
15921 0.0449999981 0.00500009954 -0.125
15922 0.0449999981 0.00500009954 -0.114999995
15923 0.0449999981 0.00500009954 -0.104999997
15924 0.0449999981 0.00500009954 -0.0949999988
15925 0.0449999981 0.00500009954 -0.0850000009
15926 0.0549999997 0.00500009954 -0.155000001
15927 0.0549999997 0.00500009954 -0.144999996
15928 0.0549999997 0.00500009954 -0.13499999
15929 0.0549999997 0.00500009954 -0.125
15930 0.0549999997 0.00500009954 -0.114999995
15931 0.0549999997 0.00500009954 -0.104999997
15932 0.0549999997 0.00500009954 -0.0949999988
15933 0.0549999997 0.00500009954 -0.0850000009
15934 0.0649999976 0.00500009954 -0.155000001
15935 0.0649999976 0.00500009954 -0.144999996
15936 0.0649999976 0.00500009954 -0.13499999
15937 0.0649999976 0.00500009954 -0.125
15938 0.0649999976 0.00500009954 -0.114999995
15939 0.0649999976 0.00500009954 -0.104999997
15940 0.0649999976 0.00500009954 -0.0949999988
15941 0.0649999976 0.00500009954 -0.0850000009
15942 0.0749999955 0.00500009954 -0.155000001
15943 0.0749999955 0.00500009954 -0.144999996
15944 0.0749999955 0.00500009954 -0.13499999
15945 0.0749999955 0.00500009954 -0.125
15946 0.0749999955 0.00500009954 -0.114999995
15947 0.0749999955 0.00500009954 -0.104999997
15948 0.0749999955 0.00500009954 -0.0949999988
15949 0.0749999955 0.00500009954 -0.0850000009
15950 0.00499999989 0.00500009954 -0.0749999955
15951 0.00499999989 0.00500009954 -0.0649999976
15952 0.00499999989 0.00500009954 -0.0549999997
15953 0.00499999989 0.00500009954 -0.0449999981
15954 0.00499999989 0.00500009954 -0.0350000001
15955 0.00499999989 0.00500009954 -0.0249999985
15956 0.00499999989 0.00500009954 -0.0149999997
15957 0.00499999989 0.00500009954 -0.00499999989
15958 0.0149999997 0.00500009954 -0.0749999955
15959 0.0149999997 0.00500009954 -0.0649999976
15960 0.0149999997 0.00500009954 -0.0549999997
15961 0.0149999997 0.00500009954 -0.0449999981
15962 0.0149999997 0.00500009954 -0.0350000001
15963 0.0149999997 0.00500009954 -0.0249999985
15964 0.0149999997 0.00500009954 -0.0149999997
15965 0.0149999997 0.00500009954 -0.00499999989
15966 0.0249999985 0.00500009954 -0.0749999955
15967 0.0249999985 0.00500009954 -0.0649999976
15968 0.0249999985 0.00500009954 -0.0549999997
15969 0.0249999985 0.00500009954 -0.0449999981
15970 0.0249999985 0.00500009954 -0.0350000001
15971 0.0249999985 0.00500009954 -0.0249999985
15972 0.0249999985 0.00500009954 -0.0149999997
15973 0.0249999985 0.00500009954 -0.00499999989
15974 0.0350000001 0.00500009954 -0.0749999955
15975 0.0350000001 0.00500009954 -0.0649999976
15976 0.0350000001 0.00500009954 -0.0549999997
15977 0.0350000001 0.00500009954 -0.0449999981
15978 0.0350000001 0.00500009954 -0.0350000001
15979 0.0350000001 0.00500009954 -0.0249999985
15980 0.0350000001 0.00500009954 -0.0149999997
15981 0.0350000001 0.00500009954 -0.00499999989
15982 0.0449999981 0.00500009954 -0.0749999955
15983 0.0449999981 0.00500009954 -0.0649999976
15984 0.0449999981 0.00500009954 -0.0549999997
15985 0.0449999981 0.00500009954 -0.0449999981
15986 0.0449999981 0.00500009954 -0.0350000001
15987 0.0449999981 0.00500009954 -0.0249999985
15988 0.0449999981 0.00500009954 -0.0149999997
15989 0.0449999981 0.00500009954 -0.00499999989
15990 0.0549999997 0.00500009954 -0.0749999955
15991 0.0549999997 0.00500009954 -0.0649999976
15992 0.0549999997 0.00500009954 -0.0549999997
15993 0.0549999997 0.00500009954 -0.0449999981
15994 0.0549999997 0.00500009954 -0.0350000001
15995 0.0549999997 0.00500009954 -0.0249999985
15996 0.0549999997 0.00500009954 -0.0149999997
15997 0.0549999997 0.00500009954 -0.00499999989
15998 0.0649999976 0.00500009954 -0.0749999955
15999 0.0649999976 0.00500009954 -0.0649999976
16000 0.0649999976 0.00500009954 -0.0549999997
16001 0.0649999976 0.00500009954 -0.0449999981
16002 0.0649999976 0.00500009954 -0.0350000001
16003 0.0649999976 0.00500009954 -0.0249999985
16004 0.0649999976 0.00500009954 -0.0149999997
16005 0.0649999976 0.00500009954 -0.00499999989
16006 0.0749999955 0.00500009954 -0.0749999955
16007 0.0749999955 0.00500009954 -0.0649999976
16008 0.0749999955 0.00500009954 -0.0549999997
16009 0.0749999955 0.00500009954 -0.0449999981
16010 0.0749999955 0.00500009954 -0.0350000001
16011 0.0749999955 0.00500009954 -0.0249999985
16012 0.0749999955 0.00500009954 -0.0149999997
16013 0.0749999955 0.00500009954 -0.00499999989
16014 0.0850000009 9.96515155e-08 -0.50000006
16015 0.0850000009 0.00250014942 -0.494999975
16016 0.0850000009 0.00500009954 -0.484999985
16017 0.0949999988 9.96515155e-08 -0.50000006
16018 0.0949999988 0.00250014942 -0.494999975
16019 0.0949999988 0.00500009954 -0.484999985
16020 0.104999997 9.96515155e-08 -0.50000006
16021 0.104999997 0.00250014942 -0.494999975
16022 0.104999997 0.00500009954 -0.484999985
16023 0.114999995 9.96515155e-08 -0.50000006
16024 0.114999995 0.00250014942 -0.494999975
16025 0.114999995 0.00500009954 -0.484999985
16026 0.125 9.96515155e-08 -0.50000006
16027 0.125 0.00250014942 -0.494999975
16028 0.125 0.00500009954 -0.484999985
16029 0.13499999 9.96515155e-08 -0.50000006
16030 0.13499999 0.00250014942 -0.494999975
16031 0.13499999 0.00500009954 -0.484999985
16032 0.144999996 9.96515155e-08 -0.50000006
16033 0.144999996 0.00250014942 -0.494999975
16034 0.144999996 0.00500009954 -0.484999985
16035 0.155000001 9.96515155e-08 -0.50000006
16036 0.155000001 0.00250014942 -0.494999975
16037 0.155000001 0.00500009954 -0.484999985
16038 0.0850000009 0.00500009954 -0.474999994
16039 0.0850000009 0.00500009954 -0.465000004
16040 0.0850000009 0.00500009954 -0.454999983
16041 0.0850000009 0.00500009954 -0.444999993
16042 0.0850000009 0.00500009954 -0.435000002
16043 0.0850000009 0.00500009954 -0.424999982
16044 0.0850000009 0.00500009954 -0.414999992
16045 0.0850000009 0.00500009954 -0.405000001
16046 0.0949999988 0.00500009954 -0.474999994
16047 0.0949999988 0.00500009954 -0.465000004
16048 0.0949999988 0.00500009954 -0.454999983
16049 0.0949999988 0.00500009954 -0.444999993
16050 0.0949999988 0.00500009954 -0.435000002
16051 0.0949999988 0.00500009954 -0.424999982
16052 0.0949999988 0.00500009954 -0.414999992
16053 0.0949999988 0.00500009954 -0.405000001
16054 0.104999997 0.00500009954 -0.474999994
16055 0.104999997 0.00500009954 -0.465000004
16056 0.104999997 0.00500009954 -0.454999983
16057 0.104999997 0.00500009954 -0.444999993
16058 0.104999997 0.00500009954 -0.435000002
16059 0.104999997 0.00500009954 -0.424999982
16060 0.104999997 0.00500009954 -0.414999992
16061 0.104999997 0.00500009954 -0.405000001
16062 0.114999995 0.00500009954 -0.474999994
16063 0.114999995 0.00500009954 -0.465000004
16064 0.114999995 0.00500009954 -0.454999983
16065 0.114999995 0.00500009954 -0.444999993
16066 0.114999995 0.00500009954 -0.435000002
16067 0.114999995 0.00500009954 -0.424999982
16068 0.114999995 0.00500009954 -0.414999992
16069 0.114999995 0.00500009954 -0.405000001
16070 0.125 0.00500009954 -0.474999994
16071 0.125 0.00500009954 -0.465000004
16072 0.125 0.00500009954 -0.454999983
16073 0.125 0.00500009954 -0.444999993
16074 0.125 0.00500009954 -0.435000002
16075 0.125 0.00500009954 -0.424999982
16076 0.125 0.00500009954 -0.414999992
16077 0.125 0.00500009954 -0.405000001
16078 0.13499999 0.00500009954 -0.474999994
16079 0.13499999 0.00500009954 -0.465000004
16080 0.13499999 0.00500009954 -0.454999983
16081 0.13499999 0.00500009954 -0.444999993
16082 0.13499999 0.00500009954 -0.435000002
16083 0.13499999 0.00500009954 -0.424999982
16084 0.13499999 0.00500009954 -0.414999992
16085 0.13499999 0.00500009954 -0.405000001
16086 0.144999996 0.00500009954 -0.474999994
16087 0.144999996 0.00500009954 -0.465000004
16088 0.144999996 0.00500009954 -0.454999983
16089 0.144999996 0.00500009954 -0.444999993
16090 0.144999996 0.00500009954 -0.435000002
16091 0.144999996 0.00500009954 -0.424999982
16092 0.144999996 0.00500009954 -0.414999992
16093 0.144999996 0.00500009954 -0.405000001
16094 0.155000001 0.00500009954 -0.474999994
16095 0.155000001 0.00500009954 -0.465000004
16096 0.155000001 0.00500009954 -0.454999983
16097 0.155000001 0.00500009954 -0.444999993
16098 0.155000001 0.00500009954 -0.435000002
16099 0.155000001 0.00500009954 -0.424999982
16100 0.155000001 0.00500009954 -0.414999992
16101 0.155000001 0.00500009954 -0.405000001
16102 0.0850000009 0.00500009954 -0.394999981
16103 0.0850000009 0.00500009954 -0.38499999
16104 0.0850000009 0.00500009954 -0.375
16105 0.0850000009 0.00500009954 -0.36499998
16106 0.0850000009 0.00500009954 -0.354999989
16107 0.0850000009 0.00500009954 -0.344999999
16108 0.0850000009 0.00500009954 -0.334999979
16109 0.0850000009 0.00500009954 -0.324999988
16110 0.0949999988 0.00500009954 -0.394999981
16111 0.0949999988 0.00500009954 -0.38499999
16112 0.0949999988 0.00500009954 -0.375
16113 0.0949999988 0.00500009954 -0.36499998
16114 0.0949999988 0.00500009954 -0.354999989
16115 0.0949999988 0.00500009954 -0.344999999
16116 0.0949999988 0.00500009954 -0.334999979
16117 0.0949999988 0.00500009954 -0.324999988
16118 0.104999997 0.00500009954 -0.394999981
16119 0.104999997 0.00500009954 -0.38499999
16120 0.104999997 0.00500009954 -0.375
16121 0.104999997 0.00500009954 -0.36499998
16122 0.104999997 0.00500009954 -0.354999989
16123 0.104999997 0.00500009954 -0.344999999
16124 0.104999997 0.00500009954 -0.334999979
16125 0.104999997 0.00500009954 -0.324999988
16126 0.114999995 0.00500009954 -0.394999981
16127 0.114999995 0.00500009954 -0.38499999
16128 0.114999995 0.00500009954 -0.375
16129 0.114999995 0.00500009954 -0.36499998
16130 0.114999995 0.00500009954 -0.354999989
16131 0.114999995 0.00500009954 -0.344999999
16132 0.114999995 0.00500009954 -0.334999979
16133 0.114999995 0.00500009954 -0.324999988
16134 0.125 0.00500009954 -0.394999981
16135 0.125 0.00500009954 -0.38499999
16136 0.125 0.00500009954 -0.375
16137 0.125 0.00500009954 -0.36499998
16138 0.125 0.00500009954 -0.354999989
16139 0.125 0.00500009954 -0.344999999
16140 0.125 0.00500009954 -0.334999979
16141 0.125 0.00500009954 -0.324999988
16142 0.13499999 0.00500009954 -0.394999981
16143 0.13499999 0.00500009954 -0.38499999
16144 0.13499999 0.00500009954 -0.375
16145 0.13499999 0.00500009954 -0.36499998
16146 0.13499999 0.00500009954 -0.354999989
16147 0.13499999 0.00500009954 -0.344999999
16148 0.13499999 0.00500009954 -0.334999979
16149 0.13499999 0.00500009954 -0.324999988
16150 0.144999996 0.00500009954 -0.394999981
16151 0.144999996 0.00500009954 -0.38499999
16152 0.144999996 0.00500009954 -0.375
16153 0.144999996 0.00500009954 -0.36499998
16154 0.144999996 0.00500009954 -0.354999989
16155 0.144999996 0.00500009954 -0.344999999
16156 0.144999996 0.00500009954 -0.334999979
16157 0.144999996 0.00500009954 -0.324999988
16158 0.155000001 0.00500009954 -0.394999981
16159 0.155000001 0.00500009954 -0.38499999
16160 0.155000001 0.00500009954 -0.375
16161 0.155000001 0.00500009954 -0.36499998
16162 0.155000001 0.00500009954 -0.354999989
16163 0.155000001 0.00500009954 -0.344999999
16164 0.155000001 0.00500009954 -0.334999979
16165 0.155000001 0.00500009954 -0.324999988
16166 0.0850000009 0.00500009954 -0.314999998
16167 0.0850000009 0.00500009954 -0.305000007
16168 0.0850000009 0.00500009954 -0.294999987
16169 0.0850000009 0.00500009954 -0.284999996
16170 0.0850000009 0.00500009954 -0.275000006
16171 0.0850000009 0.00500009954 -0.264999986
16172 0.0850000009 0.00500009954 -0.254999995
16173 0.0850000009 0.00500009954 -0.24499999
16174 0.0949999988 0.00500009954 -0.314999998
16175 0.0949999988 0.00500009954 -0.305000007
16176 0.0949999988 0.00500009954 -0.294999987
16177 0.0949999988 0.00500009954 -0.284999996
16178 0.0949999988 0.00500009954 -0.275000006
16179 0.0949999988 0.00500009954 -0.264999986
16180 0.0949999988 0.00500009954 -0.254999995
16181 0.0949999988 0.00500009954 -0.24499999
16182 0.104999997 0.00500009954 -0.314999998
16183 0.104999997 0.00500009954 -0.305000007
16184 0.104999997 0.00500009954 -0.294999987
16185 0.104999997 0.00500009954 -0.284999996
16186 0.104999997 0.00500009954 -0.275000006
16187 0.104999997 0.00500009954 -0.264999986
16188 0.104999997 0.00500009954 -0.254999995
16189 0.104999997 0.00500009954 -0.24499999
16190 0.114999995 0.00500009954 -0.314999998
16191 0.114999995 0.00500009954 -0.305000007
16192 0.114999995 0.00500009954 -0.294999987
16193 0.114999995 0.00500009954 -0.284999996
16194 0.114999995 0.00500009954 -0.275000006
16195 0.114999995 0.00500009954 -0.264999986
16196 0.114999995 0.00500009954 -0.254999995
16197 0.114999995 0.00500009954 -0.24499999
16198 0.125 0.00500009954 -0.314999998
16199 0.125 0.00500009954 -0.305000007
16200 0.125 0.00500009954 -0.294999987
16201 0.125 0.00500009954 -0.284999996
16202 0.125 0.00500009954 -0.275000006
16203 0.125 0.00500009954 -0.264999986
16204 0.125 0.00500009954 -0.254999995
16205 0.125 0.00500009954 -0.24499999
16206 0.13499999 0.00500009954 -0.314999998
16207 0.13499999 0.00500009954 -0.305000007
16208 0.13499999 0.00500009954 -0.294999987
16209 0.13499999 0.00500009954 -0.284999996
16210 0.13499999 0.00500009954 -0.275000006
16211 0.13499999 0.00500009954 -0.264999986
16212 0.13499999 0.00500009954 -0.254999995
16213 0.13499999 0.00500009954 -0.24499999
16214 0.144999996 0.00500009954 -0.314999998
16215 0.144999996 0.00500009954 -0.305000007
16216 0.144999996 0.00500009954 -0.294999987
16217 0.144999996 0.00500009954 -0.284999996
16218 0.144999996 0.00500009954 -0.275000006
16219 0.144999996 0.00500009954 -0.264999986
16220 0.144999996 0.00500009954 -0.254999995
16221 0.144999996 0.00500009954 -0.24499999
16222 0.155000001 0.00500009954 -0.314999998
16223 0.155000001 0.00500009954 -0.305000007
16224 0.155000001 0.00500009954 -0.294999987
16225 0.155000001 0.00500009954 -0.284999996
16226 0.155000001 0.00500009954 -0.275000006
16227 0.155000001 0.00500009954 -0.264999986
16228 0.155000001 0.00500009954 -0.254999995
16229 0.155000001 0.00500009954 -0.24499999
16230 0.0850000009 0.00500009954 -0.234999999
16231 0.0850000009 0.00500009954 -0.224999994
16232 0.0850000009 0.00500009954 -0.214999989
16233 0.0850000009 0.00500009954 -0.204999998
16234 0.0850000009 0.00500009954 -0.194999993
16235 0.0850000009 0.00500009954 -0.185000002
16236 0.0850000009 0.00500009954 -0.174999997
16237 0.0850000009 0.00500009954 -0.164999992
16238 0.0949999988 0.00500009954 -0.234999999
16239 0.0949999988 0.00500009954 -0.224999994
16240 0.0949999988 0.00500009954 -0.214999989
16241 0.0949999988 0.00500009954 -0.204999998
16242 0.0949999988 0.00500009954 -0.194999993
16243 0.0949999988 0.00500009954 -0.185000002
16244 0.0949999988 0.00500009954 -0.174999997
16245 0.0949999988 0.00500009954 -0.164999992
16246 0.104999997 0.00500009954 -0.234999999
16247 0.104999997 0.00500009954 -0.224999994
16248 0.104999997 0.00500009954 -0.214999989
16249 0.104999997 0.00500009954 -0.204999998
16250 0.104999997 0.00500009954 -0.194999993
16251 0.104999997 0.00500009954 -0.185000002
16252 0.104999997 0.00500009954 -0.174999997
16253 0.104999997 0.00500009954 -0.164999992
16254 0.114999995 0.00500009954 -0.234999999
16255 0.114999995 0.00500009954 -0.224999994
16256 0.114999995 0.00500009954 -0.214999989
16257 0.114999995 0.00500009954 -0.204999998
16258 0.114999995 0.00500009954 -0.194999993
16259 0.114999995 0.00500009954 -0.185000002
16260 0.114999995 0.00500009954 -0.174999997
16261 0.114999995 0.00500009954 -0.164999992
16262 0.125 0.00500009954 -0.234999999
16263 0.125 0.00500009954 -0.224999994
16264 0.125 0.00500009954 -0.214999989
16265 0.125 0.00500009954 -0.204999998
16266 0.125 0.00500009954 -0.194999993
16267 0.125 0.00500009954 -0.185000002
16268 0.125 0.00500009954 -0.174999997
16269 0.125 0.00500009954 -0.164999992
16270 0.13499999 0.00500009954 -0.234999999
16271 0.13499999 0.00500009954 -0.224999994
16272 0.13499999 0.00500009954 -0.214999989
16273 0.13499999 0.00500009954 -0.204999998
16274 0.13499999 0.00500009954 -0.194999993
16275 0.13499999 0.00500009954 -0.185000002
16276 0.13499999 0.00500009954 -0.174999997
16277 0.13499999 0.00500009954 -0.164999992
16278 0.144999996 0.00500009954 -0.234999999
16279 0.144999996 0.00500009954 -0.224999994
16280 0.144999996 0.00500009954 -0.214999989
16281 0.144999996 0.00500009954 -0.204999998
16282 0.144999996 0.00500009954 -0.194999993
16283 0.144999996 0.00500009954 -0.185000002
16284 0.144999996 0.00500009954 -0.174999997
16285 0.144999996 0.00500009954 -0.164999992
16286 0.155000001 0.00500009954 -0.234999999
16287 0.155000001 0.00500009954 -0.224999994
16288 0.155000001 0.00500009954 -0.214999989
16289 0.155000001 0.00500009954 -0.204999998
16290 0.155000001 0.00500009954 -0.194999993
16291 0.155000001 0.00500009954 -0.185000002
16292 0.155000001 0.00500009954 -0.174999997
16293 0.155000001 0.00500009954 -0.164999992
16294 0.0850000009 0.00500009954 -0.155000001
16295 0.0850000009 0.00500009954 -0.144999996
16296 0.0850000009 0.00500009954 -0.13499999
16297 0.0850000009 0.00500009954 -0.125
16298 0.0850000009 0.00500009954 -0.114999995
16299 0.0850000009 0.00500009954 -0.104999997
16300 0.0850000009 0.00500009954 -0.0949999988
16301 0.0850000009 0.00500009954 -0.0850000009
16302 0.0949999988 0.00500009954 -0.155000001
16303 0.0949999988 0.00500009954 -0.144999996
16304 0.0949999988 0.00500009954 -0.13499999
16305 0.0949999988 0.00500009954 -0.125
16306 0.0949999988 0.00500009954 -0.114999995
16307 0.0949999988 0.00500009954 -0.104999997
16308 0.0949999988 0.00500009954 -0.0949999988
16309 0.0949999988 0.00500009954 -0.0850000009
16310 0.104999997 0.00500009954 -0.155000001
16311 0.104999997 0.00500009954 -0.144999996
16312 0.104999997 0.00500009954 -0.13499999
16313 0.104999997 0.00500009954 -0.125
16314 0.104999997 0.00500009954 -0.114999995
16315 0.104999997 0.00500009954 -0.104999997
16316 0.104999997 0.00500009954 -0.0949999988
16317 0.104999997 0.00500009954 -0.0850000009
16318 0.114999995 0.00500009954 -0.155000001
16319 0.114999995 0.00500009954 -0.144999996
16320 0.114999995 0.00500009954 -0.13499999
16321 0.114999995 0.00500009954 -0.125
16322 0.114999995 0.00500009954 -0.114999995
16323 0.114999995 0.00500009954 -0.104999997
16324 0.114999995 0.00500009954 -0.0949999988
16325 0.114999995 0.00500009954 -0.0850000009
16326 0.125 0.00500009954 -0.155000001
16327 0.125 0.00500009954 -0.144999996
16328 0.125 0.00500009954 -0.13499999
16329 0.125 0.00500009954 -0.125
16330 0.125 0.00500009954 -0.114999995
16331 0.125 0.00500009954 -0.104999997
16332 0.125 0.00500009954 -0.0949999988
16333 0.125 0.00500009954 -0.0850000009
16334 0.13499999 0.00500009954 -0.155000001
16335 0.13499999 0.00500009954 -0.144999996
16336 0.13499999 0.00500009954 -0.13499999
16337 0.13499999 0.00500009954 -0.125
16338 0.13499999 0.00500009954 -0.114999995
16339 0.13499999 0.00500009954 -0.104999997
16340 0.13499999 0.00500009954 -0.0949999988
16341 0.13499999 0.00500009954 -0.0850000009
16342 0.144999996 0.00500009954 -0.155000001
16343 0.144999996 0.00500009954 -0.144999996
16344 0.144999996 0.00500009954 -0.13499999
16345 0.144999996 0.00500009954 -0.125
16346 0.144999996 0.00500009954 -0.114999995
16347 0.144999996 0.00500009954 -0.104999997
16348 0.144999996 0.00500009954 -0.0949999988
16349 0.144999996 0.00500009954 -0.0850000009
16350 0.155000001 0.00500009954 -0.155000001
16351 0.155000001 0.00500009954 -0.144999996
16352 0.155000001 0.00500009954 -0.13499999
16353 0.155000001 0.00500009954 -0.125
16354 0.155000001 0.00500009954 -0.114999995
16355 0.155000001 0.00500009954 -0.104999997
16356 0.155000001 0.00500009954 -0.0949999988
16357 0.155000001 0.00500009954 -0.0850000009
16358 0.0850000009 0.00500009954 -0.0749999955
16359 0.0850000009 0.00500009954 -0.0649999976
16360 0.0850000009 0.00500009954 -0.0549999997
16361 0.0850000009 0.00500009954 -0.0449999981
16362 0.0850000009 0.00500009954 -0.0350000001
16363 0.0850000009 0.00500009954 -0.0249999985
16364 0.0850000009 0.00500009954 -0.0149999997
16365 0.0850000009 0.00500009954 -0.00499999989
16366 0.0949999988 0.00500009954 -0.0749999955
16367 0.0949999988 0.00500009954 -0.0649999976
16368 0.0949999988 0.00500009954 -0.0549999997
16369 0.0949999988 0.00500009954 -0.0449999981
16370 0.0949999988 0.00500009954 -0.0350000001
16371 0.0949999988 0.00500009954 -0.0249999985
16372 0.0949999988 0.00500009954 -0.0149999997
16373 0.0949999988 0.00500009954 -0.00499999989
16374 0.104999997 0.00500009954 -0.0749999955
16375 0.104999997 0.00500009954 -0.0649999976
16376 0.104999997 0.00500009954 -0.0549999997
16377 0.104999997 0.00500009954 -0.0449999981
16378 0.104999997 0.00500009954 -0.0350000001
16379 0.104999997 0.00500009954 -0.0249999985
16380 0.104999997 0.00500009954 -0.0149999997
16381 0.104999997 0.00500009954 -0.00499999989
16382 0.114999995 0.00500009954 -0.0749999955
16383 0.114999995 0.00500009954 -0.0649999976
16384 0.114999995 0.00500009954 -0.0549999997
16385 0.114999995 0.00500009954 -0.0449999981
16386 0.114999995 0.00500009954 -0.0350000001
16387 0.114999995 0.00500009954 -0.0249999985
16388 0.114999995 0.00500009954 -0.0149999997
16389 0.114999995 0.00500009954 -0.00499999989
16390 0.125 0.00500009954 -0.0749999955
16391 0.125 0.00500009954 -0.0649999976
16392 0.125 0.00500009954 -0.0549999997
16393 0.125 0.00500009954 -0.0449999981
16394 0.125 0.00500009954 -0.0350000001
16395 0.125 0.00500009954 -0.0249999985
16396 0.125 0.00500009954 -0.0149999997
16397 0.125 0.00500009954 -0.00499999989
16398 0.13499999 0.00500009954 -0.0749999955
16399 0.13499999 0.00500009954 -0.0649999976
16400 0.13499999 0.00500009954 -0.0549999997
16401 0.13499999 0.00500009954 -0.0449999981
16402 0.13499999 0.00500009954 -0.0350000001
16403 0.13499999 0.00500009954 -0.0249999985
16404 0.13499999 0.00500009954 -0.0149999997
16405 0.13499999 0.00500009954 -0.00499999989
16406 0.144999996 0.00500009954 -0.0749999955
16407 0.144999996 0.00500009954 -0.0649999976
16408 0.144999996 0.00500009954 -0.0549999997
16409 0.144999996 0.00500009954 -0.0449999981
16410 0.144999996 0.00500009954 -0.0350000001
16411 0.144999996 0.00500009954 -0.0249999985
16412 0.144999996 0.00500009954 -0.0149999997
16413 0.144999996 0.00500009954 -0.00499999989
16414 0.155000001 0.00500009954 -0.0749999955
16415 0.155000001 0.00500009954 -0.0649999976
16416 0.155000001 0.00500009954 -0.0549999997
16417 0.155000001 0.00500009954 -0.0449999981
16418 0.155000001 0.00500009954 -0.0350000001
16419 0.155000001 0.00500009954 -0.0249999985
16420 0.155000001 0.00500009954 -0.0149999997
16421 0.155000001 0.00500009954 -0.00499999989
16422 0.164999992 9.96515155e-08 -0.50000006
16423 0.164999992 0.00250014942 -0.494999975
16424 0.164999992 0.00500009954 -0.484999985
16425 0.174999997 9.96515155e-08 -0.50000006
16426 0.174999997 0.00250014942 -0.494999975
16427 0.174999997 0.00500009954 -0.484999985
16428 0.185000002 9.96515155e-08 -0.50000006
16429 0.185000002 0.00250014942 -0.494999975
16430 0.185000002 0.00500009954 -0.484999985
16431 0.194999993 9.96515155e-08 -0.50000006
16432 0.194999993 0.00250014942 -0.494999975
16433 0.194999993 0.00500009954 -0.484999985
16434 0.204999998 9.96515155e-08 -0.50000006
16435 0.204999998 0.00250014942 -0.494999975
16436 0.204999998 0.00500009954 -0.484999985
16437 0.214999989 9.96515155e-08 -0.50000006
16438 0.214999989 0.00250014942 -0.494999975
16439 0.214999989 0.00500009954 -0.484999985
16440 0.224999994 9.96515155e-08 -0.50000006
16441 0.224999994 0.00250014942 -0.494999975
16442 0.224999994 0.00500009954 -0.484999985
16443 0.234999999 9.96515155e-08 -0.50000006
16444 0.234999999 0.00250014942 -0.494999975
16445 0.234999999 0.00500009954 -0.484999985
16446 0.164999992 0.00500009954 -0.474999994
16447 0.164999992 0.00500009954 -0.465000004
16448 0.164999992 0.00500009954 -0.454999983
16449 0.164999992 0.00500009954 -0.444999993
16450 0.164999992 0.00500009954 -0.435000002
16451 0.164999992 0.00500009954 -0.424999982
16452 0.164999992 0.00500009954 -0.414999992
16453 0.164999992 0.00500009954 -0.405000001
16454 0.174999997 0.00500009954 -0.474999994
16455 0.174999997 0.00500009954 -0.465000004
16456 0.174999997 0.00500009954 -0.454999983
16457 0.174999997 0.00500009954 -0.444999993
16458 0.174999997 0.00500009954 -0.435000002
16459 0.174999997 0.00500009954 -0.424999982
16460 0.174999997 0.00500009954 -0.414999992
16461 0.174999997 0.00500009954 -0.405000001
16462 0.185000002 0.00500009954 -0.474999994
16463 0.185000002 0.00500009954 -0.465000004
16464 0.185000002 0.00500009954 -0.454999983
16465 0.185000002 0.00500009954 -0.444999993
16466 0.185000002 0.00500009954 -0.435000002
16467 0.185000002 0.00500009954 -0.424999982
16468 0.185000002 0.00500009954 -0.414999992
16469 0.185000002 0.00500009954 -0.405000001
16470 0.194999993 0.00500009954 -0.474999994
16471 0.194999993 0.00500009954 -0.465000004
16472 0.194999993 0.00500009954 -0.454999983
16473 0.194999993 0.00500009954 -0.444999993
16474 0.194999993 0.00500009954 -0.435000002
16475 0.194999993 0.00500009954 -0.424999982
16476 0.194999993 0.00500009954 -0.414999992
16477 0.194999993 0.00500009954 -0.405000001
16478 0.204999998 0.00500009954 -0.474999994
16479 0.204999998 0.00500009954 -0.465000004
16480 0.204999998 0.00500009954 -0.454999983
16481 0.204999998 0.00500009954 -0.444999993
16482 0.204999998 0.00500009954 -0.435000002
16483 0.204999998 0.00500009954 -0.424999982
16484 0.204999998 0.00500009954 -0.414999992
16485 0.204999998 0.00500009954 -0.405000001
16486 0.214999989 0.00500009954 -0.474999994
16487 0.214999989 0.00500009954 -0.465000004
16488 0.214999989 0.00500009954 -0.454999983
16489 0.214999989 0.00500009954 -0.444999993
16490 0.214999989 0.00500009954 -0.435000002
16491 0.214999989 0.00500009954 -0.424999982
16492 0.214999989 0.00500009954 -0.414999992
16493 0.214999989 0.00500009954 -0.405000001
16494 0.224999994 0.00500009954 -0.474999994
16495 0.224999994 0.00500009954 -0.465000004
16496 0.224999994 0.00500009954 -0.454999983
16497 0.224999994 0.00500009954 -0.444999993
16498 0.224999994 0.00500009954 -0.435000002
16499 0.224999994 0.00500009954 -0.424999982
16500 0.224999994 0.00500009954 -0.414999992
16501 0.224999994 0.00500009954 -0.405000001
16502 0.234999999 0.00500009954 -0.474999994
16503 0.234999999 0.00500009954 -0.465000004
16504 0.234999999 0.00500009954 -0.454999983
16505 0.234999999 0.00500009954 -0.444999993
16506 0.234999999 0.00500009954 -0.435000002
16507 0.234999999 0.00500009954 -0.424999982
16508 0.234999999 0.00500009954 -0.414999992
16509 0.234999999 0.00500009954 -0.405000001
16510 0.164999992 0.00500009954 -0.394999981
16511 0.164999992 0.00500009954 -0.38499999
16512 0.164999992 0.00500009954 -0.375
16513 0.164999992 0.00500009954 -0.36499998
16514 0.164999992 0.00500009954 -0.354999989
16515 0.164999992 0.00500009954 -0.344999999
16516 0.164999992 0.00500009954 -0.334999979
16517 0.164999992 0.00500009954 -0.324999988
16518 0.174999997 0.00500009954 -0.394999981
16519 0.174999997 0.00500009954 -0.38499999
16520 0.174999997 0.00500009954 -0.375
16521 0.174999997 0.00500009954 -0.36499998
16522 0.174999997 0.00500009954 -0.354999989
16523 0.174999997 0.00500009954 -0.344999999
16524 0.174999997 0.00500009954 -0.334999979
16525 0.174999997 0.00500009954 -0.324999988
16526 0.185000002 0.00500009954 -0.394999981
16527 0.185000002 0.00500009954 -0.38499999
16528 0.185000002 0.00500009954 -0.375
16529 0.185000002 0.00500009954 -0.36499998
16530 0.185000002 0.00500009954 -0.354999989
16531 0.185000002 0.00500009954 -0.344999999
16532 0.185000002 0.00500009954 -0.334999979
16533 0.185000002 0.00500009954 -0.324999988
16534 0.194999993 0.00500009954 -0.394999981
16535 0.194999993 0.00500009954 -0.38499999
16536 0.194999993 0.00500009954 -0.375
16537 0.194999993 0.00500009954 -0.36499998
16538 0.194999993 0.00500009954 -0.354999989
16539 0.194999993 0.00500009954 -0.344999999
16540 0.194999993 0.00500009954 -0.334999979
16541 0.194999993 0.00500009954 -0.324999988
16542 0.204999998 0.00500009954 -0.394999981
16543 0.204999998 0.00500009954 -0.38499999
16544 0.204999998 0.00500009954 -0.375
16545 0.204999998 0.00500009954 -0.36499998
16546 0.204999998 0.00500009954 -0.354999989
16547 0.204999998 0.00500009954 -0.344999999
16548 0.204999998 0.00500009954 -0.334999979
16549 0.204999998 0.00500009954 -0.324999988
16550 0.214999989 0.00500009954 -0.394999981
16551 0.214999989 0.00500009954 -0.38499999
16552 0.214999989 0.00500009954 -0.375
16553 0.214999989 0.00500009954 -0.36499998
16554 0.214999989 0.00500009954 -0.354999989
16555 0.214999989 0.00500009954 -0.344999999
16556 0.214999989 0.00500009954 -0.334999979
16557 0.214999989 0.00500009954 -0.324999988
16558 0.224999994 0.00500009954 -0.394999981
16559 0.224999994 0.00500009954 -0.38499999
16560 0.224999994 0.00500009954 -0.375
16561 0.224999994 0.00500009954 -0.36499998
16562 0.224999994 0.00500009954 -0.354999989
16563 0.224999994 0.00500009954 -0.344999999
16564 0.224999994 0.00500009954 -0.334999979
16565 0.224999994 0.00500009954 -0.324999988
16566 0.234999999 0.00500009954 -0.394999981
16567 0.234999999 0.00500009954 -0.38499999
16568 0.234999999 0.00500009954 -0.375
16569 0.234999999 0.00500009954 -0.36499998
16570 0.234999999 0.00500009954 -0.354999989
16571 0.234999999 0.00500009954 -0.344999999
16572 0.234999999 0.00500009954 -0.334999979
16573 0.234999999 0.00500009954 -0.324999988
16574 0.164999992 0.00500009954 -0.314999998
16575 0.164999992 0.00500009954 -0.305000007
16576 0.164999992 0.00500009954 -0.294999987
16577 0.164999992 0.00500009954 -0.284999996
16578 0.164999992 0.00500009954 -0.275000006
16579 0.164999992 0.00500009954 -0.264999986
16580 0.164999992 0.00500009954 -0.254999995
16581 0.164999992 0.00500009954 -0.24499999
16582 0.174999997 0.00500009954 -0.314999998
16583 0.174999997 0.00500009954 -0.305000007
16584 0.174999997 0.00500009954 -0.294999987
16585 0.174999997 0.00500009954 -0.284999996
16586 0.174999997 0.00500009954 -0.275000006
16587 0.174999997 0.00500009954 -0.264999986
16588 0.174999997 0.00500009954 -0.254999995
16589 0.174999997 0.00500009954 -0.24499999
16590 0.185000002 0.00500009954 -0.314999998
16591 0.185000002 0.00500009954 -0.305000007
16592 0.185000002 0.00500009954 -0.294999987
16593 0.185000002 0.00500009954 -0.284999996
16594 0.185000002 0.00500009954 -0.275000006
16595 0.185000002 0.00500009954 -0.264999986
16596 0.185000002 0.00500009954 -0.254999995
16597 0.185000002 0.00500009954 -0.24499999
16598 0.194999993 0.00500009954 -0.314999998
16599 0.194999993 0.00500009954 -0.305000007
16600 0.194999993 0.00500009954 -0.294999987
16601 0.194999993 0.00500009954 -0.284999996
16602 0.194999993 0.00500009954 -0.275000006
16603 0.194999993 0.00500009954 -0.264999986
16604 0.194999993 0.00500009954 -0.254999995
16605 0.194999993 0.00500009954 -0.24499999
16606 0.204999998 0.00500009954 -0.314999998
16607 0.204999998 0.00500009954 -0.305000007
16608 0.204999998 0.00500009954 -0.294999987
16609 0.204999998 0.00500009954 -0.284999996
16610 0.204999998 0.00500009954 -0.275000006
16611 0.204999998 0.00500009954 -0.264999986
16612 0.204999998 0.00500009954 -0.254999995
16613 0.204999998 0.00500009954 -0.24499999
16614 0.214999989 0.00500009954 -0.314999998
16615 0.214999989 0.00500009954 -0.305000007
16616 0.214999989 0.00500009954 -0.294999987
16617 0.214999989 0.00500009954 -0.284999996
16618 0.214999989 0.00500009954 -0.275000006
16619 0.214999989 0.00500009954 -0.264999986
16620 0.214999989 0.00500009954 -0.254999995
16621 0.214999989 0.00500009954 -0.24499999
16622 0.224999994 0.00500009954 -0.314999998
16623 0.224999994 0.00500009954 -0.305000007
16624 0.224999994 0.00500009954 -0.294999987
16625 0.224999994 0.00500009954 -0.284999996
16626 0.224999994 0.00500009954 -0.275000006
16627 0.224999994 0.00500009954 -0.264999986
16628 0.224999994 0.00500009954 -0.254999995
16629 0.224999994 0.00500009954 -0.24499999
16630 0.234999999 0.00500009954 -0.314999998
16631 0.234999999 0.00500009954 -0.305000007
16632 0.234999999 0.00500009954 -0.294999987
16633 0.234999999 0.00500009954 -0.284999996
16634 0.234999999 0.00500009954 -0.275000006
16635 0.234999999 0.00500009954 -0.264999986
16636 0.234999999 0.00500009954 -0.254999995
16637 0.234999999 0.00500009954 -0.24499999
16638 0.164999992 0.00500009954 -0.234999999
16639 0.164999992 0.00500009954 -0.224999994
16640 0.164999992 0.00500009954 -0.214999989
16641 0.164999992 0.00500009954 -0.204999998
16642 0.164999992 0.00500009954 -0.194999993
16643 0.164999992 0.00500009954 -0.185000002
16644 0.164999992 0.00500009954 -0.174999997
16645 0.164999992 0.00500009954 -0.164999992
16646 0.174999997 0.00500009954 -0.234999999
16647 0.174999997 0.00500009954 -0.224999994
16648 0.174999997 0.00500009954 -0.214999989
16649 0.174999997 0.00500009954 -0.204999998
16650 0.174999997 0.00500009954 -0.194999993
16651 0.174999997 0.00500009954 -0.185000002
16652 0.174999997 0.00500009954 -0.174999997
16653 0.174999997 0.00500009954 -0.164999992
16654 0.185000002 0.00500009954 -0.234999999
16655 0.185000002 0.00500009954 -0.224999994
16656 0.185000002 0.00500009954 -0.214999989
16657 0.185000002 0.00500009954 -0.204999998
16658 0.185000002 0.00500009954 -0.194999993
16659 0.185000002 0.00500009954 -0.185000002
16660 0.185000002 0.00500009954 -0.174999997
16661 0.185000002 0.00500009954 -0.164999992
16662 0.194999993 0.00500009954 -0.234999999
16663 0.194999993 0.00500009954 -0.224999994
16664 0.194999993 0.00500009954 -0.214999989
16665 0.194999993 0.00500009954 -0.204999998
16666 0.194999993 0.00500009954 -0.194999993
16667 0.194999993 0.00500009954 -0.185000002
16668 0.194999993 0.00500009954 -0.174999997
16669 0.194999993 0.00500009954 -0.164999992
16670 0.204999998 0.00500009954 -0.234999999
16671 0.204999998 0.00500009954 -0.224999994
16672 0.204999998 0.00500009954 -0.214999989
16673 0.204999998 0.00500009954 -0.204999998
16674 0.204999998 0.00500009954 -0.194999993
16675 0.204999998 0.00500009954 -0.185000002
16676 0.204999998 0.00500009954 -0.174999997
16677 0.204999998 0.00500009954 -0.164999992
16678 0.214999989 0.00500009954 -0.234999999
16679 0.214999989 0.00500009954 -0.224999994
16680 0.214999989 0.00500009954 -0.214999989
16681 0.214999989 0.00500009954 -0.204999998
16682 0.214999989 0.00500009954 -0.194999993
16683 0.214999989 0.00500009954 -0.185000002
16684 0.214999989 0.00500009954 -0.174999997
16685 0.214999989 0.00500009954 -0.164999992
16686 0.224999994 0.00500009954 -0.234999999
16687 0.224999994 0.00500009954 -0.224999994
16688 0.224999994 0.00500009954 -0.214999989
16689 0.224999994 0.00500009954 -0.204999998
16690 0.224999994 0.00500009954 -0.194999993
16691 0.224999994 0.00500009954 -0.185000002
16692 0.224999994 0.00500009954 -0.174999997
16693 0.224999994 0.00500009954 -0.164999992
16694 0.234999999 0.00500009954 -0.234999999
16695 0.234999999 0.00500009954 -0.224999994
16696 0.234999999 0.00500009954 -0.214999989
16697 0.234999999 0.00500009954 -0.204999998
16698 0.234999999 0.00500009954 -0.194999993
16699 0.234999999 0.00500009954 -0.185000002
16700 0.234999999 0.00500009954 -0.174999997
16701 0.234999999 0.00500009954 -0.164999992
16702 0.164999992 0.00500009954 -0.155000001
16703 0.164999992 0.00500009954 -0.144999996
16704 0.164999992 0.00500009954 -0.13499999
16705 0.164999992 0.00500009954 -0.125
16706 0.164999992 0.00500009954 -0.114999995
16707 0.164999992 0.00500009954 -0.104999997
16708 0.164999992 0.00500009954 -0.0949999988
16709 0.164999992 0.00500009954 -0.0850000009
16710 0.174999997 0.00500009954 -0.155000001
16711 0.174999997 0.00500009954 -0.144999996
16712 0.174999997 0.00500009954 -0.13499999
16713 0.174999997 0.00500009954 -0.125
16714 0.174999997 0.00500009954 -0.114999995
16715 0.174999997 0.00500009954 -0.104999997
16716 0.174999997 0.00500009954 -0.0949999988
16717 0.174999997 0.00500009954 -0.0850000009
16718 0.185000002 0.00500009954 -0.155000001
16719 0.185000002 0.00500009954 -0.144999996
16720 0.185000002 0.00500009954 -0.13499999
16721 0.185000002 0.00500009954 -0.125
16722 0.185000002 0.00500009954 -0.114999995
16723 0.185000002 0.00500009954 -0.104999997
16724 0.185000002 0.00500009954 -0.0949999988
16725 0.185000002 0.00500009954 -0.0850000009
16726 0.194999993 0.00500009954 -0.155000001
16727 0.194999993 0.00500009954 -0.144999996
16728 0.194999993 0.00500009954 -0.13499999
16729 0.194999993 0.00500009954 -0.125
16730 0.194999993 0.00500009954 -0.114999995
16731 0.194999993 0.00500009954 -0.104999997
16732 0.194999993 0.00500009954 -0.0949999988
16733 0.194999993 0.00500009954 -0.0850000009
16734 0.204999998 0.00500009954 -0.155000001
16735 0.204999998 0.00500009954 -0.144999996
16736 0.204999998 0.00500009954 -0.13499999
16737 0.204999998 0.00500009954 -0.125
16738 0.204999998 0.00500009954 -0.114999995
16739 0.204999998 0.00500009954 -0.104999997
16740 0.204999998 0.00500009954 -0.0949999988
16741 0.204999998 0.00500009954 -0.0850000009
16742 0.214999989 0.00500009954 -0.155000001
16743 0.214999989 0.00500009954 -0.144999996
16744 0.214999989 0.00500009954 -0.13499999
16745 0.214999989 0.00500009954 -0.125
16746 0.214999989 0.00500009954 -0.114999995
16747 0.214999989 0.00500009954 -0.104999997
16748 0.214999989 0.00500009954 -0.0949999988
16749 0.214999989 0.00500009954 -0.0850000009
16750 0.224999994 0.00500009954 -0.155000001
16751 0.224999994 0.00500009954 -0.144999996
16752 0.224999994 0.00500009954 -0.13499999
16753 0.224999994 0.00500009954 -0.125
16754 0.224999994 0.00500009954 -0.114999995
16755 0.224999994 0.00500009954 -0.104999997
16756 0.224999994 0.00500009954 -0.0949999988
16757 0.224999994 0.00500009954 -0.0850000009
16758 0.234999999 0.00500009954 -0.155000001
16759 0.234999999 0.00500009954 -0.144999996
16760 0.234999999 0.00500009954 -0.13499999
16761 0.234999999 0.00500009954 -0.125
16762 0.234999999 0.00500009954 -0.114999995
16763 0.234999999 0.00500009954 -0.104999997
16764 0.234999999 0.00500009954 -0.0949999988
16765 0.234999999 0.00500009954 -0.0850000009
16766 0.164999992 0.00500009954 -0.0749999955
16767 0.164999992 0.00500009954 -0.0649999976
16768 0.164999992 0.00500009954 -0.0549999997
16769 0.164999992 0.00500009954 -0.0449999981
16770 0.164999992 0.00500009954 -0.0350000001
16771 0.164999992 0.00500009954 -0.0249999985
16772 0.164999992 0.00500009954 -0.0149999997
16773 0.164999992 0.00500009954 -0.00499999989
16774 0.174999997 0.00500009954 -0.0749999955
16775 0.174999997 0.00500009954 -0.0649999976
16776 0.174999997 0.00500009954 -0.0549999997
16777 0.174999997 0.00500009954 -0.0449999981
16778 0.174999997 0.00500009954 -0.0350000001
16779 0.174999997 0.00500009954 -0.0249999985
16780 0.174999997 0.00500009954 -0.0149999997
16781 0.174999997 0.00500009954 -0.00499999989
16782 0.185000002 0.00500009954 -0.0749999955
16783 0.185000002 0.00500009954 -0.0649999976
16784 0.185000002 0.00500009954 -0.0549999997
16785 0.185000002 0.00500009954 -0.0449999981
16786 0.185000002 0.00500009954 -0.0350000001
16787 0.185000002 0.00500009954 -0.0249999985
16788 0.185000002 0.00500009954 -0.0149999997
16789 0.185000002 0.00500009954 -0.00499999989
16790 0.194999993 0.00500009954 -0.0749999955
16791 0.194999993 0.00500009954 -0.0649999976
16792 0.194999993 0.00500009954 -0.0549999997
16793 0.194999993 0.00500009954 -0.0449999981
16794 0.194999993 0.00500009954 -0.0350000001
16795 0.194999993 0.00500009954 -0.0249999985
16796 0.194999993 0.00500009954 -0.0149999997
16797 0.194999993 0.00500009954 -0.00499999989
16798 0.204999998 0.00500009954 -0.0749999955
16799 0.204999998 0.00500009954 -0.0649999976
16800 0.204999998 0.00500009954 -0.0549999997
16801 0.204999998 0.00500009954 -0.0449999981
16802 0.204999998 0.00500009954 -0.0350000001
16803 0.204999998 0.00500009954 -0.0249999985
16804 0.204999998 0.00500009954 -0.0149999997
16805 0.204999998 0.00500009954 -0.00499999989
16806 0.214999989 0.00500009954 -0.0749999955
16807 0.214999989 0.00500009954 -0.0649999976
16808 0.214999989 0.00500009954 -0.0549999997
16809 0.214999989 0.00500009954 -0.0449999981
16810 0.214999989 0.00500009954 -0.0350000001
16811 0.214999989 0.00500009954 -0.0249999985
16812 0.214999989 0.00500009954 -0.0149999997
16813 0.214999989 0.00500009954 -0.00499999989
16814 0.224999994 0.00500009954 -0.0749999955
16815 0.224999994 0.00500009954 -0.0649999976
16816 0.224999994 0.00500009954 -0.0549999997
16817 0.224999994 0.00500009954 -0.0449999981
16818 0.224999994 0.00500009954 -0.0350000001
16819 0.224999994 0.00500009954 -0.0249999985
16820 0.224999994 0.00500009954 -0.0149999997
16821 0.224999994 0.00500009954 -0.00499999989
16822 0.234999999 0.00500009954 -0.0749999955
16823 0.234999999 0.00500009954 -0.0649999976
16824 0.234999999 0.00500009954 -0.0549999997
16825 0.234999999 0.00500009954 -0.0449999981
16826 0.234999999 0.00500009954 -0.0350000001
16827 0.234999999 0.00500009954 -0.0249999985
16828 0.234999999 0.00500009954 -0.0149999997
16829 0.234999999 0.00500009954 -0.00499999989
16830 0.24499999 9.96515155e-08 -0.50000006
16831 0.24499999 0.00250014942 -0.494999975
16832 0.24499999 0.00500009954 -0.484999985
16833 0.254999995 9.96515155e-08 -0.50000006
16834 0.254999995 0.00250014942 -0.494999975
16835 0.254999995 0.00500009954 -0.484999985
16836 0.264999986 9.96515155e-08 -0.50000006
16837 0.264999986 0.00250014942 -0.494999975
16838 0.264999986 0.00500009954 -0.484999985
16839 0.275000006 9.96515155e-08 -0.50000006
16840 0.275000006 0.00250014942 -0.494999975
16841 0.275000006 0.00500009954 -0.484999985
16842 0.284999996 9.96515155e-08 -0.50000006
16843 0.284999996 0.00250014942 -0.494999975
16844 0.284999996 0.00500009954 -0.484999985
16845 0.294999987 9.96515155e-08 -0.50000006
16846 0.294999987 0.00250014942 -0.494999975
16847 0.294999987 0.00500009954 -0.484999985
16848 0.305000007 9.96515155e-08 -0.50000006
16849 0.305000007 0.00250014942 -0.494999975
16850 0.305000007 0.00500009954 -0.484999985
16851 0.314999998 9.96515155e-08 -0.50000006
16852 0.314999998 0.00250014942 -0.494999975
16853 0.314999998 0.00500009954 -0.484999985
16854 0.24499999 0.00500009954 -0.474999994
16855 0.24499999 0.00500009954 -0.465000004
16856 0.24499999 0.00500009954 -0.454999983
16857 0.24499999 0.00500009954 -0.444999993
16858 0.24499999 0.00500009954 -0.435000002
16859 0.24499999 0.00500009954 -0.424999982
16860 0.24499999 0.00500009954 -0.414999992
16861 0.24499999 0.00500009954 -0.405000001
16862 0.254999995 0.00500009954 -0.474999994
16863 0.254999995 0.00500009954 -0.465000004
16864 0.254999995 0.00500009954 -0.454999983
16865 0.254999995 0.00500009954 -0.444999993
16866 0.254999995 0.00500009954 -0.435000002
16867 0.254999995 0.00500009954 -0.424999982
16868 0.254999995 0.00500009954 -0.414999992
16869 0.254999995 0.00500009954 -0.405000001
16870 0.264999986 0.00500009954 -0.474999994
16871 0.264999986 0.00500009954 -0.465000004
16872 0.264999986 0.00500009954 -0.454999983
16873 0.264999986 0.00500009954 -0.444999993
16874 0.264999986 0.00500009954 -0.435000002
16875 0.264999986 0.00500009954 -0.424999982
16876 0.264999986 0.00500009954 -0.414999992
16877 0.264999986 0.00500009954 -0.405000001
16878 0.275000006 0.00500009954 -0.474999994
16879 0.275000006 0.00500009954 -0.465000004
16880 0.275000006 0.00500009954 -0.454999983
16881 0.275000006 0.00500009954 -0.444999993
16882 0.275000006 0.00500009954 -0.435000002
16883 0.275000006 0.00500009954 -0.424999982
16884 0.275000006 0.00500009954 -0.414999992
16885 0.275000006 0.00500009954 -0.405000001
16886 0.284999996 0.00500009954 -0.474999994
16887 0.284999996 0.00500009954 -0.465000004
16888 0.284999996 0.00500009954 -0.454999983
16889 0.284999996 0.00500009954 -0.444999993
16890 0.284999996 0.00500009954 -0.435000002
16891 0.284999996 0.00500009954 -0.424999982
16892 0.284999996 0.00500009954 -0.414999992
16893 0.284999996 0.00500009954 -0.405000001
16894 0.294999987 0.00500009954 -0.474999994
16895 0.294999987 0.00500009954 -0.465000004
16896 0.294999987 0.00500009954 -0.454999983
16897 0.294999987 0.00500009954 -0.444999993
16898 0.294999987 0.00500009954 -0.435000002
16899 0.294999987 0.00500009954 -0.424999982
16900 0.294999987 0.00500009954 -0.414999992
16901 0.294999987 0.00500009954 -0.405000001
16902 0.305000007 0.00500009954 -0.474999994
16903 0.305000007 0.00500009954 -0.465000004
16904 0.305000007 0.00500009954 -0.454999983
16905 0.305000007 0.00500009954 -0.444999993
16906 0.305000007 0.00500009954 -0.435000002
16907 0.305000007 0.00500009954 -0.424999982
16908 0.305000007 0.00500009954 -0.414999992
16909 0.305000007 0.00500009954 -0.405000001
16910 0.314999998 0.00500009954 -0.474999994
16911 0.314999998 0.00500009954 -0.465000004
16912 0.314999998 0.00500009954 -0.454999983
16913 0.314999998 0.00500009954 -0.444999993
16914 0.314999998 0.00500009954 -0.435000002
16915 0.314999998 0.00500009954 -0.424999982
16916 0.314999998 0.00500009954 -0.414999992
16917 0.314999998 0.00500009954 -0.405000001
16918 0.24499999 0.00500009954 -0.394999981
16919 0.24499999 0.00500009954 -0.38499999
16920 0.24499999 0.00500009954 -0.375
16921 0.24499999 0.00500009954 -0.36499998
16922 0.24499999 0.00500009954 -0.354999989
16923 0.24499999 0.00500009954 -0.344999999
16924 0.24499999 0.00500009954 -0.334999979
16925 0.24499999 0.00500009954 -0.324999988
16926 0.254999995 0.00500009954 -0.394999981
16927 0.254999995 0.00500009954 -0.38499999
16928 0.254999995 0.00500009954 -0.375
16929 0.254999995 0.00500009954 -0.36499998
16930 0.254999995 0.00500009954 -0.354999989
16931 0.254999995 0.00500009954 -0.344999999
16932 0.254999995 0.00500009954 -0.334999979
16933 0.254999995 0.00500009954 -0.324999988
16934 0.264999986 0.00500009954 -0.394999981
16935 0.264999986 0.00500009954 -0.38499999
16936 0.264999986 0.00500009954 -0.375
16937 0.264999986 0.00500009954 -0.36499998
16938 0.264999986 0.00500009954 -0.354999989
16939 0.264999986 0.00500009954 -0.344999999
16940 0.264999986 0.00500009954 -0.334999979
16941 0.264999986 0.00500009954 -0.324999988
16942 0.275000006 0.00500009954 -0.394999981
16943 0.275000006 0.00500009954 -0.38499999
16944 0.275000006 0.00500009954 -0.375
16945 0.275000006 0.00500009954 -0.36499998
16946 0.275000006 0.00500009954 -0.354999989
16947 0.275000006 0.00500009954 -0.344999999
16948 0.275000006 0.00500009954 -0.334999979
16949 0.275000006 0.00500009954 -0.324999988
16950 0.284999996 0.00500009954 -0.394999981
16951 0.284999996 0.00500009954 -0.38499999
16952 0.284999996 0.00500009954 -0.375
16953 0.284999996 0.00500009954 -0.36499998
16954 0.284999996 0.00500009954 -0.354999989
16955 0.284999996 0.00500009954 -0.344999999
16956 0.284999996 0.00500009954 -0.334999979
16957 0.284999996 0.00500009954 -0.324999988
16958 0.294999987 0.00500009954 -0.394999981
16959 0.294999987 0.00500009954 -0.38499999
16960 0.294999987 0.00500009954 -0.375
16961 0.294999987 0.00500009954 -0.36499998
16962 0.294999987 0.00500009954 -0.354999989
16963 0.294999987 0.00500009954 -0.344999999
16964 0.294999987 0.00500009954 -0.334999979
16965 0.294999987 0.00500009954 -0.324999988
16966 0.305000007 0.00500009954 -0.394999981
16967 0.305000007 0.00500009954 -0.38499999
16968 0.305000007 0.00500009954 -0.375
16969 0.305000007 0.00500009954 -0.36499998
16970 0.305000007 0.00500009954 -0.354999989
16971 0.305000007 0.00500009954 -0.344999999
16972 0.305000007 0.00500009954 -0.334999979
16973 0.305000007 0.00500009954 -0.324999988
16974 0.314999998 0.00500009954 -0.394999981
16975 0.314999998 0.00500009954 -0.38499999
16976 0.314999998 0.00500009954 -0.375
16977 0.314999998 0.00500009954 -0.36499998
16978 0.314999998 0.00500009954 -0.354999989
16979 0.314999998 0.00500009954 -0.344999999
16980 0.314999998 0.00500009954 -0.334999979
16981 0.314999998 0.00500009954 -0.324999988
16982 0.24499999 0.00500009954 -0.314999998
16983 0.24499999 0.00500009954 -0.305000007
16984 0.24499999 0.00500009954 -0.294999987
16985 0.24499999 0.00500009954 -0.284999996
16986 0.24499999 0.00500009954 -0.275000006
16987 0.24499999 0.00500009954 -0.264999986
16988 0.24499999 0.00500009954 -0.254999995
16989 0.24499999 0.00500009954 -0.24499999
16990 0.254999995 0.00500009954 -0.314999998
16991 0.254999995 0.00500009954 -0.305000007
16992 0.254999995 0.00500009954 -0.294999987
16993 0.254999995 0.00500009954 -0.284999996
16994 0.254999995 0.00500009954 -0.275000006
16995 0.254999995 0.00500009954 -0.264999986
16996 0.254999995 0.00500009954 -0.254999995
16997 0.254999995 0.00500009954 -0.24499999
16998 0.264999986 0.00500009954 -0.314999998
16999 0.264999986 0.00500009954 -0.305000007
17000 0.264999986 0.00500009954 -0.294999987
17001 0.264999986 0.00500009954 -0.284999996
17002 0.264999986 0.00500009954 -0.275000006
17003 0.264999986 0.00500009954 -0.264999986
17004 0.264999986 0.00500009954 -0.254999995
17005 0.264999986 0.00500009954 -0.24499999
17006 0.275000006 0.00500009954 -0.314999998
17007 0.275000006 0.00500009954 -0.305000007
17008 0.275000006 0.00500009954 -0.294999987
17009 0.275000006 0.00500009954 -0.284999996
17010 0.275000006 0.00500009954 -0.275000006
17011 0.275000006 0.00500009954 -0.264999986
17012 0.275000006 0.00500009954 -0.254999995
17013 0.275000006 0.00500009954 -0.24499999
17014 0.284999996 0.00500009954 -0.314999998
17015 0.284999996 0.00500009954 -0.305000007
17016 0.284999996 0.00500009954 -0.294999987
17017 0.284999996 0.00500009954 -0.284999996
17018 0.284999996 0.00500009954 -0.275000006
17019 0.284999996 0.00500009954 -0.264999986
17020 0.284999996 0.00500009954 -0.254999995
17021 0.284999996 0.00500009954 -0.24499999
17022 0.294999987 0.00500009954 -0.314999998
17023 0.294999987 0.00500009954 -0.305000007
17024 0.294999987 0.00500009954 -0.294999987
17025 0.294999987 0.00500009954 -0.284999996
17026 0.294999987 0.00500009954 -0.275000006
17027 0.294999987 0.00500009954 -0.264999986
17028 0.294999987 0.00500009954 -0.254999995
17029 0.294999987 0.00500009954 -0.24499999
17030 0.305000007 0.00500009954 -0.314999998
17031 0.305000007 0.00500009954 -0.305000007
17032 0.305000007 0.00500009954 -0.294999987
17033 0.305000007 0.00500009954 -0.284999996
17034 0.305000007 0.00500009954 -0.275000006
17035 0.305000007 0.00500009954 -0.264999986
17036 0.305000007 0.00500009954 -0.254999995
17037 0.305000007 0.00500009954 -0.24499999
17038 0.314999998 0.00500009954 -0.314999998
17039 0.314999998 0.00500009954 -0.305000007
17040 0.314999998 0.00500009954 -0.294999987
17041 0.314999998 0.00500009954 -0.284999996
17042 0.314999998 0.00500009954 -0.275000006
17043 0.314999998 0.00500009954 -0.264999986
17044 0.314999998 0.00500009954 -0.254999995
17045 0.314999998 0.00500009954 -0.24499999
17046 0.24499999 0.00500009954 -0.234999999
17047 0.24499999 0.00500009954 -0.224999994
17048 0.24499999 0.00500009954 -0.214999989
17049 0.24499999 0.00500009954 -0.204999998
17050 0.24499999 0.00500009954 -0.194999993
17051 0.24499999 0.00500009954 -0.185000002
17052 0.24499999 0.00500009954 -0.174999997
17053 0.24499999 0.00500009954 -0.164999992
17054 0.254999995 0.00500009954 -0.234999999
17055 0.254999995 0.00500009954 -0.224999994
17056 0.254999995 0.00500009954 -0.214999989
17057 0.254999995 0.00500009954 -0.204999998
17058 0.254999995 0.00500009954 -0.194999993
17059 0.254999995 0.00500009954 -0.185000002
17060 0.254999995 0.00500009954 -0.174999997
17061 0.254999995 0.00500009954 -0.164999992
17062 0.264999986 0.00500009954 -0.234999999
17063 0.264999986 0.00500009954 -0.224999994
17064 0.264999986 0.00500009954 -0.214999989
17065 0.264999986 0.00500009954 -0.204999998
17066 0.264999986 0.00500009954 -0.194999993
17067 0.264999986 0.00500009954 -0.185000002
17068 0.264999986 0.00500009954 -0.174999997
17069 0.264999986 0.00500009954 -0.164999992
17070 0.275000006 0.00500009954 -0.234999999
17071 0.275000006 0.00500009954 -0.224999994
17072 0.275000006 0.00500009954 -0.214999989
17073 0.275000006 0.00500009954 -0.204999998
17074 0.275000006 0.00500009954 -0.194999993
17075 0.275000006 0.00500009954 -0.185000002
17076 0.275000006 0.00500009954 -0.174999997
17077 0.275000006 0.00500009954 -0.164999992
17078 0.284999996 0.00500009954 -0.234999999
17079 0.284999996 0.00500009954 -0.224999994
17080 0.284999996 0.00500009954 -0.214999989
17081 0.284999996 0.00500009954 -0.204999998
17082 0.284999996 0.00500009954 -0.194999993
17083 0.284999996 0.00500009954 -0.185000002
17084 0.284999996 0.00500009954 -0.174999997
17085 0.284999996 0.00500009954 -0.164999992
17086 0.294999987 0.00500009954 -0.234999999
17087 0.294999987 0.00500009954 -0.224999994
17088 0.294999987 0.00500009954 -0.214999989
17089 0.294999987 0.00500009954 -0.204999998
17090 0.294999987 0.00500009954 -0.194999993
17091 0.294999987 0.00500009954 -0.185000002
17092 0.294999987 0.00500009954 -0.174999997
17093 0.294999987 0.00500009954 -0.164999992
17094 0.305000007 0.00500009954 -0.234999999
17095 0.305000007 0.00500009954 -0.224999994
17096 0.305000007 0.00500009954 -0.214999989
17097 0.305000007 0.00500009954 -0.204999998
17098 0.305000007 0.00500009954 -0.194999993
17099 0.305000007 0.00500009954 -0.185000002
17100 0.305000007 0.00500009954 -0.174999997
17101 0.305000007 0.00500009954 -0.164999992
17102 0.314999998 0.00500009954 -0.234999999
17103 0.314999998 0.00500009954 -0.224999994
17104 0.314999998 0.00500009954 -0.214999989
17105 0.314999998 0.00500009954 -0.204999998
17106 0.314999998 0.00500009954 -0.194999993
17107 0.314999998 0.00500009954 -0.185000002
17108 0.314999998 0.00500009954 -0.174999997
17109 0.314999998 0.00500009954 -0.164999992
17110 0.24499999 0.00500009954 -0.155000001
17111 0.24499999 0.00500009954 -0.144999996
17112 0.24499999 0.00500009954 -0.13499999
17113 0.24499999 0.00500009954 -0.125
17114 0.24499999 0.00500009954 -0.114999995
17115 0.24499999 0.00500009954 -0.104999997
17116 0.24499999 0.00500009954 -0.0949999988
17117 0.24499999 0.00500009954 -0.0850000009
17118 0.254999995 0.00500009954 -0.155000001
17119 0.254999995 0.00500009954 -0.144999996
17120 0.254999995 0.00500009954 -0.13499999
17121 0.254999995 0.00500009954 -0.125
17122 0.254999995 0.00500009954 -0.114999995
17123 0.254999995 0.00500009954 -0.104999997
17124 0.254999995 0.00500009954 -0.0949999988
17125 0.254999995 0.00500009954 -0.0850000009
17126 0.264999986 0.00500009954 -0.155000001
17127 0.264999986 0.00500009954 -0.144999996
17128 0.264999986 0.00500009954 -0.13499999
17129 0.264999986 0.00500009954 -0.125
17130 0.264999986 0.00500009954 -0.114999995
17131 0.264999986 0.00500009954 -0.104999997
17132 0.264999986 0.00500009954 -0.0949999988
17133 0.264999986 0.00500009954 -0.0850000009
17134 0.275000006 0.00500009954 -0.155000001
17135 0.275000006 0.00500009954 -0.144999996
17136 0.275000006 0.00500009954 -0.13499999
17137 0.275000006 0.00500009954 -0.125
17138 0.275000006 0.00500009954 -0.114999995
17139 0.275000006 0.00500009954 -0.104999997
17140 0.275000006 0.00500009954 -0.0949999988
17141 0.275000006 0.00500009954 -0.0850000009
17142 0.284999996 0.00500009954 -0.155000001
17143 0.284999996 0.00500009954 -0.144999996
17144 0.284999996 0.00500009954 -0.13499999
17145 0.284999996 0.00500009954 -0.125
17146 0.284999996 0.00500009954 -0.114999995
17147 0.284999996 0.00500009954 -0.104999997
17148 0.284999996 0.00500009954 -0.0949999988
17149 0.284999996 0.00500009954 -0.0850000009
17150 0.294999987 0.00500009954 -0.155000001
17151 0.294999987 0.00500009954 -0.144999996
17152 0.294999987 0.00500009954 -0.13499999
17153 0.294999987 0.00500009954 -0.125
17154 0.294999987 0.00500009954 -0.114999995
17155 0.294999987 0.00500009954 -0.104999997
17156 0.294999987 0.00500009954 -0.0949999988
17157 0.294999987 0.00500009954 -0.0850000009
17158 0.305000007 0.00500009954 -0.155000001
17159 0.305000007 0.00500009954 -0.144999996
17160 0.305000007 0.00500009954 -0.13499999
17161 0.305000007 0.00500009954 -0.125
17162 0.305000007 0.00500009954 -0.114999995
17163 0.305000007 0.00500009954 -0.104999997
17164 0.305000007 0.00500009954 -0.0949999988
17165 0.305000007 0.00500009954 -0.0850000009
17166 0.314999998 0.00500009954 -0.155000001
17167 0.314999998 0.00500009954 -0.144999996
17168 0.314999998 0.00500009954 -0.13499999
17169 0.314999998 0.00500009954 -0.125
17170 0.314999998 0.00500009954 -0.114999995
17171 0.314999998 0.00500009954 -0.104999997
17172 0.314999998 0.00500009954 -0.0949999988
17173 0.314999998 0.00500009954 -0.0850000009
17174 0.24499999 0.00500009954 -0.0749999955
17175 0.24499999 0.00500009954 -0.0649999976
17176 0.24499999 0.00500009954 -0.0549999997
17177 0.24499999 0.00500009954 -0.0449999981
17178 0.24499999 0.00500009954 -0.0350000001
17179 0.24499999 0.00500009954 -0.0249999985
17180 0.24499999 0.00500009954 -0.0149999997
17181 0.24499999 0.00500009954 -0.00499999989
17182 0.254999995 0.00500009954 -0.0749999955
17183 0.254999995 0.00500009954 -0.0649999976
17184 0.254999995 0.00500009954 -0.0549999997
17185 0.254999995 0.00500009954 -0.0449999981
17186 0.254999995 0.00500009954 -0.0350000001
17187 0.254999995 0.00500009954 -0.0249999985
17188 0.254999995 0.00500009954 -0.0149999997
17189 0.254999995 0.00500009954 -0.00499999989
17190 0.264999986 0.00500009954 -0.0749999955
17191 0.264999986 0.00500009954 -0.0649999976
17192 0.264999986 0.00500009954 -0.0549999997
17193 0.264999986 0.00500009954 -0.0449999981
17194 0.264999986 0.00500009954 -0.0350000001
17195 0.264999986 0.00500009954 -0.0249999985
17196 0.264999986 0.00500009954 -0.0149999997
17197 0.264999986 0.00500009954 -0.00499999989
17198 0.275000006 0.00500009954 -0.0749999955
17199 0.275000006 0.00500009954 -0.0649999976
17200 0.275000006 0.00500009954 -0.0549999997
17201 0.275000006 0.00500009954 -0.0449999981
17202 0.275000006 0.00500009954 -0.0350000001
17203 0.275000006 0.00500009954 -0.0249999985
17204 0.275000006 0.00500009954 -0.0149999997
17205 0.275000006 0.00500009954 -0.00499999989
17206 0.284999996 0.00500009954 -0.0749999955
17207 0.284999996 0.00500009954 -0.0649999976
17208 0.284999996 0.00500009954 -0.0549999997
17209 0.284999996 0.00500009954 -0.0449999981
17210 0.284999996 0.00500009954 -0.0350000001
17211 0.284999996 0.00500009954 -0.0249999985
17212 0.284999996 0.00500009954 -0.0149999997
17213 0.284999996 0.00500009954 -0.00499999989
17214 0.294999987 0.00500009954 -0.0749999955
17215 0.294999987 0.00500009954 -0.0649999976
17216 0.294999987 0.00500009954 -0.0549999997
17217 0.294999987 0.00500009954 -0.0449999981
17218 0.294999987 0.00500009954 -0.0350000001
17219 0.294999987 0.00500009954 -0.0249999985
17220 0.294999987 0.00500009954 -0.0149999997
17221 0.294999987 0.00500009954 -0.00499999989
17222 0.305000007 0.00500009954 -0.0749999955
17223 0.305000007 0.00500009954 -0.0649999976
17224 0.305000007 0.00500009954 -0.0549999997
17225 0.305000007 0.00500009954 -0.0449999981
17226 0.305000007 0.00500009954 -0.0350000001
17227 0.305000007 0.00500009954 -0.0249999985
17228 0.305000007 0.00500009954 -0.0149999997
17229 0.305000007 0.00500009954 -0.00499999989
17230 0.314999998 0.00500009954 -0.0749999955
17231 0.314999998 0.00500009954 -0.0649999976
17232 0.314999998 0.00500009954 -0.0549999997
17233 0.314999998 0.00500009954 -0.0449999981
17234 0.314999998 0.00500009954 -0.0350000001
17235 0.314999998 0.00500009954 -0.0249999985
17236 0.314999998 0.00500009954 -0.0149999997
17237 0.314999998 0.00500009954 -0.00499999989
17238 0.324999988 9.96515155e-08 -0.50000006
17239 0.324999988 0.00250014942 -0.494999975
17240 0.324999988 0.00500009954 -0.484999985
17241 0.334999979 9.96515155e-08 -0.50000006
17242 0.334999979 0.00250014942 -0.494999975
17243 0.334999979 0.00500009954 -0.484999985
17244 0.344999999 9.96515155e-08 -0.50000006
17245 0.344999999 0.00250014942 -0.494999975
17246 0.344999999 0.00500009954 -0.484999985
17247 0.354999989 9.96515155e-08 -0.50000006
17248 0.354999989 0.00250014942 -0.494999975
17249 0.354999989 0.00500009954 -0.484999985
17250 0.36499998 9.96515155e-08 -0.50000006
17251 0.36499998 0.00250014942 -0.494999975
17252 0.36499998 0.00500009954 -0.484999985
17253 0.375 9.96515155e-08 -0.50000006
17254 0.375 0.00250014942 -0.494999975
17255 0.375 0.00500009954 -0.484999985
17256 0.38499999 9.96515155e-08 -0.50000006
17257 0.38499999 0.00250014942 -0.494999975
17258 0.38499999 0.00500009954 -0.484999985
17259 0.394999981 9.96515155e-08 -0.50000006
17260 0.394999981 0.00250014942 -0.494999975
17261 0.394999981 0.00500009954 -0.484999985
17262 0.324999988 0.00500009954 -0.474999994
17263 0.324999988 0.00500009954 -0.465000004
17264 0.324999988 0.00500009954 -0.454999983
17265 0.324999988 0.00500009954 -0.444999993
17266 0.324999988 0.00500009954 -0.435000002
17267 0.324999988 0.00500009954 -0.424999982
17268 0.324999988 0.00500009954 -0.414999992
17269 0.324999988 0.00500009954 -0.405000001
17270 0.334999979 0.00500009954 -0.474999994
17271 0.334999979 0.00500009954 -0.465000004
17272 0.334999979 0.00500009954 -0.454999983
17273 0.334999979 0.00500009954 -0.444999993
17274 0.334999979 0.00500009954 -0.435000002
17275 0.334999979 0.00500009954 -0.424999982
17276 0.334999979 0.00500009954 -0.414999992
17277 0.334999979 0.00500009954 -0.405000001
17278 0.344999999 0.00500009954 -0.474999994
17279 0.344999999 0.00500009954 -0.465000004
17280 0.344999999 0.00500009954 -0.454999983
17281 0.344999999 0.00500009954 -0.444999993
17282 0.344999999 0.00500009954 -0.435000002
17283 0.344999999 0.00500009954 -0.424999982
17284 0.344999999 0.00500009954 -0.414999992
17285 0.344999999 0.00500009954 -0.405000001
17286 0.354999989 0.00500009954 -0.474999994
17287 0.354999989 0.00500009954 -0.465000004
17288 0.354999989 0.00500009954 -0.454999983
17289 0.354999989 0.00500009954 -0.444999993
17290 0.354999989 0.00500009954 -0.435000002
17291 0.354999989 0.00500009954 -0.424999982
17292 0.354999989 0.00500009954 -0.414999992
17293 0.354999989 0.00500009954 -0.405000001
17294 0.36499998 0.00500009954 -0.474999994
17295 0.36499998 0.00500009954 -0.465000004
17296 0.36499998 0.00500009954 -0.454999983
17297 0.36499998 0.00500009954 -0.444999993
17298 0.36499998 0.00500009954 -0.435000002
17299 0.36499998 0.00500009954 -0.424999982
17300 0.36499998 0.00500009954 -0.414999992
17301 0.36499998 0.00500009954 -0.405000001
17302 0.375 0.00500009954 -0.474999994
17303 0.375 0.00500009954 -0.465000004
17304 0.375 0.00500009954 -0.454999983
17305 0.375 0.00500009954 -0.444999993
17306 0.375 0.00500009954 -0.435000002
17307 0.375 0.00500009954 -0.424999982
17308 0.375 0.00500009954 -0.414999992
17309 0.375 0.00500009954 -0.405000001
17310 0.38499999 0.00500009954 -0.474999994
17311 0.38499999 0.00500009954 -0.465000004
17312 0.38499999 0.00500009954 -0.454999983
17313 0.38499999 0.00500009954 -0.444999993
17314 0.38499999 0.00500009954 -0.435000002
17315 0.38499999 0.00500009954 -0.424999982
17316 0.38499999 0.00500009954 -0.414999992
17317 0.38499999 0.00500009954 -0.405000001
17318 0.394999981 0.00500009954 -0.474999994
17319 0.394999981 0.00500009954 -0.465000004
17320 0.394999981 0.00500009954 -0.454999983
17321 0.394999981 0.00500009954 -0.444999993
17322 0.394999981 0.00500009954 -0.435000002
17323 0.394999981 0.00500009954 -0.424999982
17324 0.394999981 0.00500009954 -0.414999992
17325 0.394999981 0.00500009954 -0.405000001
17326 0.324999988 0.00500009954 -0.394999981
17327 0.324999988 0.00500009954 -0.38499999
17328 0.324999988 0.00500009954 -0.375
17329 0.324999988 0.00500009954 -0.36499998
17330 0.324999988 0.00500009954 -0.354999989
17331 0.324999988 0.00500009954 -0.344999999
17332 0.324999988 0.00500009954 -0.334999979
17333 0.324999988 0.00500009954 -0.324999988
17334 0.334999979 0.00500009954 -0.394999981
17335 0.334999979 0.00500009954 -0.38499999
17336 0.334999979 0.00500009954 -0.375
17337 0.334999979 0.00500009954 -0.36499998
17338 0.334999979 0.00500009954 -0.354999989
17339 0.334999979 0.00500009954 -0.344999999
17340 0.334999979 0.00500009954 -0.334999979
17341 0.334999979 0.00500009954 -0.324999988
17342 0.344999999 0.00500009954 -0.394999981
17343 0.344999999 0.00500009954 -0.38499999
17344 0.344999999 0.00500009954 -0.375
17345 0.344999999 0.00500009954 -0.36499998
17346 0.344999999 0.00500009954 -0.354999989
17347 0.344999999 0.00500009954 -0.344999999
17348 0.344999999 0.00500009954 -0.334999979
17349 0.344999999 0.00500009954 -0.324999988
17350 0.354999989 0.00500009954 -0.394999981
17351 0.354999989 0.00500009954 -0.38499999
17352 0.354999989 0.00500009954 -0.375
17353 0.354999989 0.00500009954 -0.36499998
17354 0.354999989 0.00500009954 -0.354999989
17355 0.354999989 0.00500009954 -0.344999999
17356 0.354999989 0.00500009954 -0.334999979
17357 0.354999989 0.00500009954 -0.324999988
17358 0.36499998 0.00500009954 -0.394999981
17359 0.36499998 0.00500009954 -0.38499999
17360 0.36499998 0.00500009954 -0.375
17361 0.36499998 0.00500009954 -0.36499998
17362 0.36499998 0.00500009954 -0.354999989
17363 0.36499998 0.00500009954 -0.344999999
17364 0.36499998 0.00500009954 -0.334999979
17365 0.36499998 0.00500009954 -0.324999988
17366 0.375 0.00500009954 -0.394999981
17367 0.375 0.00500009954 -0.38499999
17368 0.375 0.00500009954 -0.375
17369 0.375 0.00500009954 -0.36499998
17370 0.375 0.00500009954 -0.354999989
17371 0.375 0.00500009954 -0.344999999
17372 0.375 0.00500009954 -0.334999979
17373 0.375 0.00500009954 -0.324999988
17374 0.38499999 0.00500009954 -0.394999981
17375 0.38499999 0.00500009954 -0.38499999
17376 0.38499999 0.00500009954 -0.375
17377 0.38499999 0.00500009954 -0.36499998
17378 0.38499999 0.00500009954 -0.354999989
17379 0.38499999 0.00500009954 -0.344999999
17380 0.38499999 0.00500009954 -0.334999979
17381 0.38499999 0.00500009954 -0.324999988
17382 0.394999981 0.00500009954 -0.394999981
17383 0.394999981 0.00500009954 -0.38499999
17384 0.394999981 0.00500009954 -0.375
17385 0.394999981 0.00500009954 -0.36499998
17386 0.394999981 0.00500009954 -0.354999989
17387 0.394999981 0.00500009954 -0.344999999
17388 0.394999981 0.00500009954 -0.334999979
17389 0.394999981 0.00500009954 -0.324999988
17390 0.324999988 0.00500009954 -0.314999998
17391 0.324999988 0.00500009954 -0.305000007
17392 0.324999988 0.00500009954 -0.294999987
17393 0.324999988 0.00500009954 -0.284999996
17394 0.324999988 0.00500009954 -0.275000006
17395 0.324999988 0.00500009954 -0.264999986
17396 0.324999988 0.00500009954 -0.254999995
17397 0.324999988 0.00500009954 -0.24499999
17398 0.334999979 0.00500009954 -0.314999998
17399 0.334999979 0.00500009954 -0.305000007
17400 0.334999979 0.00500009954 -0.294999987
17401 0.334999979 0.00500009954 -0.284999996
17402 0.334999979 0.00500009954 -0.275000006
17403 0.334999979 0.00500009954 -0.264999986
17404 0.334999979 0.00500009954 -0.254999995
17405 0.334999979 0.00500009954 -0.24499999
17406 0.344999999 0.00500009954 -0.314999998
17407 0.344999999 0.00500009954 -0.305000007
17408 0.344999999 0.00500009954 -0.294999987
17409 0.344999999 0.00500009954 -0.284999996
17410 0.344999999 0.00500009954 -0.275000006
17411 0.344999999 0.00500009954 -0.264999986
17412 0.344999999 0.00500009954 -0.254999995
17413 0.344999999 0.00500009954 -0.24499999
17414 0.354999989 0.00500009954 -0.314999998
17415 0.354999989 0.00500009954 -0.305000007
17416 0.354999989 0.00500009954 -0.294999987
17417 0.354999989 0.00500009954 -0.284999996
17418 0.354999989 0.00500009954 -0.275000006
17419 0.354999989 0.00500009954 -0.264999986
17420 0.354999989 0.00500009954 -0.254999995
17421 0.354999989 0.00500009954 -0.24499999
17422 0.36499998 0.00500009954 -0.314999998
17423 0.36499998 0.00500009954 -0.305000007
17424 0.36499998 0.00500009954 -0.294999987
17425 0.36499998 0.00500009954 -0.284999996
17426 0.36499998 0.00500009954 -0.275000006
17427 0.36499998 0.00500009954 -0.264999986
17428 0.36499998 0.00500009954 -0.254999995
17429 0.36499998 0.00500009954 -0.24499999
17430 0.375 0.00500009954 -0.314999998
17431 0.375 0.00500009954 -0.305000007
17432 0.375 0.00500009954 -0.294999987
17433 0.375 0.00500009954 -0.284999996
17434 0.375 0.00500009954 -0.275000006
17435 0.375 0.00500009954 -0.264999986
17436 0.375 0.00500009954 -0.254999995
17437 0.375 0.00500009954 -0.24499999
17438 0.38499999 0.00500009954 -0.314999998
17439 0.38499999 0.00500009954 -0.305000007
17440 0.38499999 0.00500009954 -0.294999987
17441 0.38499999 0.00500009954 -0.284999996
17442 0.38499999 0.00500009954 -0.275000006
17443 0.38499999 0.00500009954 -0.264999986
17444 0.38499999 0.00500009954 -0.254999995
17445 0.38499999 0.00500009954 -0.24499999
17446 0.394999981 0.00500009954 -0.314999998
17447 0.394999981 0.00500009954 -0.305000007
17448 0.394999981 0.00500009954 -0.294999987
17449 0.394999981 0.00500009954 -0.284999996
17450 0.394999981 0.00500009954 -0.275000006
17451 0.394999981 0.00500009954 -0.264999986
17452 0.394999981 0.00500009954 -0.254999995
17453 0.394999981 0.00500009954 -0.24499999
17454 0.324999988 0.00500009954 -0.234999999
17455 0.324999988 0.00500009954 -0.224999994
17456 0.324999988 0.00500009954 -0.214999989
17457 0.324999988 0.00500009954 -0.204999998
17458 0.324999988 0.00500009954 -0.194999993
17459 0.324999988 0.00500009954 -0.185000002
17460 0.324999988 0.00500009954 -0.174999997
17461 0.324999988 0.00500009954 -0.164999992
17462 0.334999979 0.00500009954 -0.234999999
17463 0.334999979 0.00500009954 -0.224999994
17464 0.334999979 0.00500009954 -0.214999989
17465 0.334999979 0.00500009954 -0.204999998
17466 0.334999979 0.00500009954 -0.194999993
17467 0.334999979 0.00500009954 -0.185000002
17468 0.334999979 0.00500009954 -0.174999997
17469 0.334999979 0.00500009954 -0.164999992
17470 0.344999999 0.00500009954 -0.234999999
17471 0.344999999 0.00500009954 -0.224999994
17472 0.344999999 0.00500009954 -0.214999989
17473 0.344999999 0.00500009954 -0.204999998
17474 0.344999999 0.00500009954 -0.194999993
17475 0.344999999 0.00500009954 -0.185000002
17476 0.344999999 0.00500009954 -0.174999997
17477 0.344999999 0.00500009954 -0.164999992
17478 0.354999989 0.00500009954 -0.234999999
17479 0.354999989 0.00500009954 -0.224999994
17480 0.354999989 0.00500009954 -0.214999989
17481 0.354999989 0.00500009954 -0.204999998
17482 0.354999989 0.00500009954 -0.194999993
17483 0.354999989 0.00500009954 -0.185000002
17484 0.354999989 0.00500009954 -0.174999997
17485 0.354999989 0.00500009954 -0.164999992
17486 0.36499998 0.00500009954 -0.234999999
17487 0.36499998 0.00500009954 -0.224999994
17488 0.36499998 0.00500009954 -0.214999989
17489 0.36499998 0.00500009954 -0.204999998
17490 0.36499998 0.00500009954 -0.194999993
17491 0.36499998 0.00500009954 -0.185000002
17492 0.36499998 0.00500009954 -0.174999997
17493 0.36499998 0.00500009954 -0.164999992
17494 0.375 0.00500009954 -0.234999999
17495 0.375 0.00500009954 -0.224999994
17496 0.375 0.00500009954 -0.214999989
17497 0.375 0.00500009954 -0.204999998
17498 0.375 0.00500009954 -0.194999993
17499 0.375 0.00500009954 -0.185000002
17500 0.375 0.00500009954 -0.174999997
17501 0.375 0.00500009954 -0.164999992
17502 0.38499999 0.00500009954 -0.234999999
17503 0.38499999 0.00500009954 -0.224999994
17504 0.38499999 0.00500009954 -0.214999989
17505 0.38499999 0.00500009954 -0.204999998
17506 0.38499999 0.00500009954 -0.194999993
17507 0.38499999 0.00500009954 -0.185000002
17508 0.38499999 0.00500009954 -0.174999997
17509 0.38499999 0.00500009954 -0.164999992
17510 0.394999981 0.00500009954 -0.234999999
17511 0.394999981 0.00500009954 -0.224999994
17512 0.394999981 0.00500009954 -0.214999989
17513 0.394999981 0.00500009954 -0.204999998
17514 0.394999981 0.00500009954 -0.194999993
17515 0.394999981 0.00500009954 -0.185000002
17516 0.394999981 0.00500009954 -0.174999997
17517 0.394999981 0.00500009954 -0.164999992
17518 0.324999988 0.00500009954 -0.155000001
17519 0.324999988 0.00500009954 -0.144999996
17520 0.324999988 0.00500009954 -0.13499999
17521 0.324999988 0.00500009954 -0.125
17522 0.324999988 0.00500009954 -0.114999995
17523 0.324999988 0.00500009954 -0.104999997
17524 0.324999988 0.00500009954 -0.0949999988
17525 0.324999988 0.00500009954 -0.0850000009
17526 0.334999979 0.00500009954 -0.155000001
17527 0.334999979 0.00500009954 -0.144999996
17528 0.334999979 0.00500009954 -0.13499999
17529 0.334999979 0.00500009954 -0.125
17530 0.334999979 0.00500009954 -0.114999995
17531 0.334999979 0.00500009954 -0.104999997
17532 0.334999979 0.00500009954 -0.0949999988
17533 0.334999979 0.00500009954 -0.0850000009
17534 0.344999999 0.00500009954 -0.155000001
17535 0.344999999 0.00500009954 -0.144999996
17536 0.344999999 0.00500009954 -0.13499999
17537 0.344999999 0.00500009954 -0.125
17538 0.344999999 0.00500009954 -0.114999995
17539 0.344999999 0.00500009954 -0.104999997
17540 0.344999999 0.00500009954 -0.0949999988
17541 0.344999999 0.00500009954 -0.0850000009
17542 0.354999989 0.00500009954 -0.155000001
17543 0.354999989 0.00500009954 -0.144999996
17544 0.354999989 0.00500009954 -0.13499999
17545 0.354999989 0.00500009954 -0.125
17546 0.354999989 0.00500009954 -0.114999995
17547 0.354999989 0.00500009954 -0.104999997
17548 0.354999989 0.00500009954 -0.0949999988
17549 0.354999989 0.00500009954 -0.0850000009
17550 0.36499998 0.00500009954 -0.155000001
17551 0.36499998 0.00500009954 -0.144999996
17552 0.36499998 0.00500009954 -0.13499999
17553 0.36499998 0.00500009954 -0.125
17554 0.36499998 0.00500009954 -0.114999995
17555 0.36499998 0.00500009954 -0.104999997
17556 0.36499998 0.00500009954 -0.0949999988
17557 0.36499998 0.00500009954 -0.0850000009
17558 0.375 0.00500009954 -0.155000001
17559 0.375 0.00500009954 -0.144999996
17560 0.375 0.00500009954 -0.13499999
17561 0.375 0.00500009954 -0.125
17562 0.375 0.00500009954 -0.114999995
17563 0.375 0.00500009954 -0.104999997
17564 0.375 0.00500009954 -0.0949999988
17565 0.375 0.00500009954 -0.0850000009
17566 0.38499999 0.00500009954 -0.155000001
17567 0.38499999 0.00500009954 -0.144999996
17568 0.38499999 0.00500009954 -0.13499999
17569 0.38499999 0.00500009954 -0.125
17570 0.38499999 0.00500009954 -0.114999995
17571 0.38499999 0.00500009954 -0.104999997
17572 0.38499999 0.00500009954 -0.0949999988
17573 0.38499999 0.00500009954 -0.0850000009
17574 0.394999981 0.00500009954 -0.155000001
17575 0.394999981 0.00500009954 -0.144999996
17576 0.394999981 0.00500009954 -0.13499999
17577 0.394999981 0.00500009954 -0.125
17578 0.394999981 0.00500009954 -0.114999995
17579 0.394999981 0.00500009954 -0.104999997
17580 0.394999981 0.00500009954 -0.0949999988
17581 0.394999981 0.00500009954 -0.0850000009
17582 0.324999988 0.00500009954 -0.0749999955
17583 0.324999988 0.00500009954 -0.0649999976
17584 0.324999988 0.00500009954 -0.0549999997
17585 0.324999988 0.00500009954 -0.0449999981
17586 0.324999988 0.00500009954 -0.0350000001
17587 0.324999988 0.00500009954 -0.0249999985
17588 0.324999988 0.00500009954 -0.0149999997
17589 0.324999988 0.00500009954 -0.00499999989
17590 0.334999979 0.00500009954 -0.0749999955
17591 0.334999979 0.00500009954 -0.0649999976
17592 0.334999979 0.00500009954 -0.0549999997
17593 0.334999979 0.00500009954 -0.0449999981
17594 0.334999979 0.00500009954 -0.0350000001
17595 0.334999979 0.00500009954 -0.0249999985
17596 0.334999979 0.00500009954 -0.0149999997
17597 0.334999979 0.00500009954 -0.00499999989
17598 0.344999999 0.00500009954 -0.0749999955
17599 0.344999999 0.00500009954 -0.0649999976
17600 0.344999999 0.00500009954 -0.0549999997
17601 0.344999999 0.00500009954 -0.0449999981
17602 0.344999999 0.00500009954 -0.0350000001
17603 0.344999999 0.00500009954 -0.0249999985
17604 0.344999999 0.00500009954 -0.0149999997
17605 0.344999999 0.00500009954 -0.00499999989
17606 0.354999989 0.00500009954 -0.0749999955
17607 0.354999989 0.00500009954 -0.0649999976
17608 0.354999989 0.00500009954 -0.0549999997
17609 0.354999989 0.00500009954 -0.0449999981
17610 0.354999989 0.00500009954 -0.0350000001
17611 0.354999989 0.00500009954 -0.0249999985
17612 0.354999989 0.00500009954 -0.0149999997
17613 0.354999989 0.00500009954 -0.00499999989
17614 0.36499998 0.00500009954 -0.0749999955
17615 0.36499998 0.00500009954 -0.0649999976
17616 0.36499998 0.00500009954 -0.0549999997
17617 0.36499998 0.00500009954 -0.0449999981
17618 0.36499998 0.00500009954 -0.0350000001
17619 0.36499998 0.00500009954 -0.0249999985
17620 0.36499998 0.00500009954 -0.0149999997
17621 0.36499998 0.00500009954 -0.00499999989
17622 0.375 0.00500009954 -0.0749999955
17623 0.375 0.00500009954 -0.0649999976
17624 0.375 0.00500009954 -0.0549999997
17625 0.375 0.00500009954 -0.0449999981
17626 0.375 0.00500009954 -0.0350000001
17627 0.375 0.00500009954 -0.0249999985
17628 0.375 0.00500009954 -0.0149999997
17629 0.375 0.00500009954 -0.00499999989
17630 0.38499999 0.00500009954 -0.0749999955
17631 0.38499999 0.00500009954 -0.0649999976
17632 0.38499999 0.00500009954 -0.0549999997
17633 0.38499999 0.00500009954 -0.0449999981
17634 0.38499999 0.00500009954 -0.0350000001
17635 0.38499999 0.00500009954 -0.0249999985
17636 0.38499999 0.00500009954 -0.0149999997
17637 0.38499999 0.00500009954 -0.00499999989
17638 0.394999981 0.00500009954 -0.0749999955
17639 0.394999981 0.00500009954 -0.0649999976
17640 0.394999981 0.00500009954 -0.0549999997
17641 0.394999981 0.00500009954 -0.0449999981
17642 0.394999981 0.00500009954 -0.0350000001
17643 0.394999981 0.00500009954 -0.0249999985
17644 0.394999981 0.00500009954 -0.0149999997
17645 0.394999981 0.00500009954 -0.00499999989
17646 0.405000001 9.96515155e-08 -0.50000006
17647 0.405000001 0.00250014942 -0.494999975
17648 0.405000001 0.00500009954 -0.484999985
17649 0.414999992 9.96515155e-08 -0.50000006
17650 0.414999992 0.00250014942 -0.494999975
17651 0.414999992 0.00500009954 -0.484999985
17652 0.424999982 9.96515155e-08 -0.50000006
17653 0.424999982 0.00250014942 -0.494999975
17654 0.424999982 0.00500009954 -0.484999985
17655 0.435000002 9.96515155e-08 -0.50000006
17656 0.435000002 0.00250014942 -0.494999975
17657 0.435000002 0.00500009954 -0.484999985
17658 0.444999993 9.96515155e-08 -0.50000006
17659 0.444999993 0.00250014942 -0.494999975
17660 0.444999993 0.00500009954 -0.484999985
17661 0.454999983 9.96515155e-08 -0.50000006
17662 0.454999983 0.00250014942 -0.494999975
17663 0.454999983 0.00500009954 -0.484999985
17664 0.465000004 9.96515155e-08 -0.50000006
17665 0.465000004 0.00250014942 -0.494999975
17666 0.465000004 0.00500009954 -0.484999985
17667 0.474999994 9.96515155e-08 -0.50000006
17668 0.474999994 0.00250014942 -0.494999975
17669 0.474999994 0.00500009954 -0.484999985
17670 0.405000001 0.00500009954 -0.474999994
17671 0.405000001 0.00500009954 -0.465000004
17672 0.405000001 0.00500009954 -0.454999983
17673 0.405000001 0.00500009954 -0.444999993
17674 0.405000001 0.00500009954 -0.435000002
17675 0.405000001 0.00500009954 -0.424999982
17676 0.405000001 0.00500009954 -0.414999992
17677 0.405000001 0.00500009954 -0.405000001
17678 0.414999992 0.00500009954 -0.474999994
17679 0.414999992 0.00500009954 -0.465000004
17680 0.414999992 0.00500009954 -0.454999983
17681 0.414999992 0.00500009954 -0.444999993
17682 0.414999992 0.00500009954 -0.435000002
17683 0.414999992 0.00500009954 -0.424999982
17684 0.414999992 0.00500009954 -0.414999992
17685 0.414999992 0.00500009954 -0.405000001
17686 0.424999982 0.00500009954 -0.474999994
17687 0.424999982 0.00500009954 -0.465000004
17688 0.424999982 0.00500009954 -0.454999983
17689 0.424999982 0.00500009954 -0.444999993
17690 0.424999982 0.00500009954 -0.435000002
17691 0.424999982 0.00500009954 -0.424999982
17692 0.424999982 0.00500009954 -0.414999992
17693 0.424999982 0.00500009954 -0.405000001
17694 0.435000002 0.00500009954 -0.474999994
17695 0.435000002 0.00500009954 -0.465000004
17696 0.435000002 0.00500009954 -0.454999983
17697 0.435000002 0.00500009954 -0.444999993
17698 0.435000002 0.00500009954 -0.435000002
17699 0.435000002 0.00500009954 -0.424999982
17700 0.435000002 0.00500009954 -0.414999992
17701 0.435000002 0.00500009954 -0.405000001
17702 0.444999993 0.00500009954 -0.474999994
17703 0.444999993 0.00500009954 -0.465000004
17704 0.444999993 0.00500009954 -0.454999983
17705 0.444999993 0.00500009954 -0.444999993
17706 0.444999993 0.00500009954 -0.435000002
17707 0.444999993 0.00500009954 -0.424999982
17708 0.444999993 0.00500009954 -0.414999992
17709 0.444999993 0.00500009954 -0.405000001
17710 0.454999983 0.00500009954 -0.474999994
17711 0.454999983 0.00500009954 -0.465000004
17712 0.454999983 0.00500009954 -0.454999983
17713 0.454999983 0.00500009954 -0.444999993
17714 0.454999983 0.00500009954 -0.435000002
17715 0.454999983 0.00500009954 -0.424999982
17716 0.454999983 0.00500009954 -0.414999992
17717 0.454999983 0.00500009954 -0.405000001
17718 0.465000004 0.00500009954 -0.474999994
17719 0.465000004 0.00500009954 -0.465000004
17720 0.465000004 0.00500009954 -0.454999983
17721 0.465000004 0.00500009954 -0.444999993
17722 0.465000004 0.00500009954 -0.435000002
17723 0.465000004 0.00500009954 -0.424999982
17724 0.465000004 0.00500009954 -0.414999992
17725 0.465000004 0.00500009954 -0.405000001
17726 0.474999994 0.00500009954 -0.474999994
17727 0.474999994 0.00500009954 -0.465000004
17728 0.474999994 0.00500009954 -0.454999983
17729 0.474999994 0.00500009954 -0.444999993
17730 0.474999994 0.00500009954 -0.435000002
17731 0.474999994 0.00500009954 -0.424999982
17732 0.474999994 0.00500009954 -0.414999992
17733 0.474999994 0.00500009954 -0.405000001
17734 0.405000001 0.00500009954 -0.394999981
17735 0.405000001 0.00500009954 -0.38499999
17736 0.405000001 0.00500009954 -0.375
17737 0.405000001 0.00500009954 -0.36499998
17738 0.405000001 0.00500009954 -0.354999989
17739 0.405000001 0.00500009954 -0.344999999
17740 0.405000001 0.00500009954 -0.334999979
17741 0.405000001 0.00500009954 -0.324999988
17742 0.414999992 0.00500009954 -0.394999981
17743 0.414999992 0.00500009954 -0.38499999
17744 0.414999992 0.00500009954 -0.375
17745 0.414999992 0.00500009954 -0.36499998
17746 0.414999992 0.00500009954 -0.354999989
17747 0.414999992 0.00500009954 -0.344999999
17748 0.414999992 0.00500009954 -0.334999979
17749 0.414999992 0.00500009954 -0.324999988
17750 0.424999982 0.00500009954 -0.394999981
17751 0.424999982 0.00500009954 -0.38499999
17752 0.424999982 0.00500009954 -0.375
17753 0.424999982 0.00500009954 -0.36499998
17754 0.424999982 0.00500009954 -0.354999989
17755 0.424999982 0.00500009954 -0.344999999
17756 0.424999982 0.00500009954 -0.334999979
17757 0.424999982 0.00500009954 -0.324999988
17758 0.435000002 0.00500009954 -0.394999981
17759 0.435000002 0.00500009954 -0.38499999
17760 0.435000002 0.00500009954 -0.375
17761 0.435000002 0.00500009954 -0.36499998
17762 0.435000002 0.00500009954 -0.354999989
17763 0.435000002 0.00500009954 -0.344999999
17764 0.435000002 0.00500009954 -0.334999979
17765 0.435000002 0.00500009954 -0.324999988
17766 0.444999993 0.00500009954 -0.394999981
17767 0.444999993 0.00500009954 -0.38499999
17768 0.444999993 0.00500009954 -0.375
17769 0.444999993 0.00500009954 -0.36499998
17770 0.444999993 0.00500009954 -0.354999989
17771 0.444999993 0.00500009954 -0.344999999
17772 0.444999993 0.00500009954 -0.334999979
17773 0.444999993 0.00500009954 -0.324999988
17774 0.454999983 0.00500009954 -0.394999981
17775 0.454999983 0.00500009954 -0.38499999
17776 0.454999983 0.00500009954 -0.375
17777 0.454999983 0.00500009954 -0.36499998
17778 0.454999983 0.00500009954 -0.354999989
17779 0.454999983 0.00500009954 -0.344999999
17780 0.454999983 0.00500009954 -0.334999979
17781 0.454999983 0.00500009954 -0.324999988
17782 0.465000004 0.00500009954 -0.394999981
17783 0.465000004 0.00500009954 -0.38499999
17784 0.465000004 0.00500009954 -0.375
17785 0.465000004 0.00500009954 -0.36499998
17786 0.465000004 0.00500009954 -0.354999989
17787 0.465000004 0.00500009954 -0.344999999
17788 0.465000004 0.00500009954 -0.334999979
17789 0.465000004 0.00500009954 -0.324999988
17790 0.474999994 0.00500009954 -0.394999981
17791 0.474999994 0.00500009954 -0.38499999
17792 0.474999994 0.00500009954 -0.375
17793 0.474999994 0.00500009954 -0.36499998
17794 0.474999994 0.00500009954 -0.354999989
17795 0.474999994 0.00500009954 -0.344999999
17796 0.474999994 0.00500009954 -0.334999979
17797 0.474999994 0.00500009954 -0.324999988
17798 0.405000001 0.00500009954 -0.314999998
17799 0.405000001 0.00500009954 -0.305000007
17800 0.405000001 0.00500009954 -0.294999987
17801 0.405000001 0.00500009954 -0.284999996
17802 0.405000001 0.00500009954 -0.275000006
17803 0.405000001 0.00500009954 -0.264999986
17804 0.405000001 0.00500009954 -0.254999995
17805 0.405000001 0.00500009954 -0.24499999
17806 0.414999992 0.00500009954 -0.314999998
17807 0.414999992 0.00500009954 -0.305000007
17808 0.414999992 0.00500009954 -0.294999987
17809 0.414999992 0.00500009954 -0.284999996
17810 0.414999992 0.00500009954 -0.275000006
17811 0.414999992 0.00500009954 -0.264999986
17812 0.414999992 0.00500009954 -0.254999995
17813 0.414999992 0.00500009954 -0.24499999
17814 0.424999982 0.00500009954 -0.314999998
17815 0.424999982 0.00500009954 -0.305000007
17816 0.424999982 0.00500009954 -0.294999987
17817 0.424999982 0.00500009954 -0.284999996
17818 0.424999982 0.00500009954 -0.275000006
17819 0.424999982 0.00500009954 -0.264999986
17820 0.424999982 0.00500009954 -0.254999995
17821 0.424999982 0.00500009954 -0.24499999
17822 0.435000002 0.00500009954 -0.314999998
17823 0.435000002 0.00500009954 -0.305000007
17824 0.435000002 0.00500009954 -0.294999987
17825 0.435000002 0.00500009954 -0.284999996
17826 0.435000002 0.00500009954 -0.275000006
17827 0.435000002 0.00500009954 -0.264999986
17828 0.435000002 0.00500009954 -0.254999995
17829 0.435000002 0.00500009954 -0.24499999
17830 0.444999993 0.00500009954 -0.314999998
17831 0.444999993 0.00500009954 -0.305000007
17832 0.444999993 0.00500009954 -0.294999987
17833 0.444999993 0.00500009954 -0.284999996
17834 0.444999993 0.00500009954 -0.275000006
17835 0.444999993 0.00500009954 -0.264999986
17836 0.444999993 0.00500009954 -0.254999995
17837 0.444999993 0.00500009954 -0.24499999
17838 0.454999983 0.00500009954 -0.314999998
17839 0.454999983 0.00500009954 -0.305000007
17840 0.454999983 0.00500009954 -0.294999987
17841 0.454999983 0.00500009954 -0.284999996
17842 0.454999983 0.00500009954 -0.275000006
17843 0.454999983 0.00500009954 -0.264999986
17844 0.454999983 0.00500009954 -0.254999995
17845 0.454999983 0.00500009954 -0.24499999
17846 0.465000004 0.00500009954 -0.314999998
17847 0.465000004 0.00500009954 -0.305000007
17848 0.465000004 0.00500009954 -0.294999987
17849 0.465000004 0.00500009954 -0.284999996
17850 0.465000004 0.00500009954 -0.275000006
17851 0.465000004 0.00500009954 -0.264999986
17852 0.465000004 0.00500009954 -0.254999995
17853 0.465000004 0.00500009954 -0.24499999
17854 0.474999994 0.00500009954 -0.314999998
17855 0.474999994 0.00500009954 -0.305000007
17856 0.474999994 0.00500009954 -0.294999987
17857 0.474999994 0.00500009954 -0.284999996
17858 0.474999994 0.00500009954 -0.275000006
17859 0.474999994 0.00500009954 -0.264999986
17860 0.474999994 0.00500009954 -0.254999995
17861 0.474999994 0.00500009954 -0.24499999
17862 0.405000001 0.00500009954 -0.234999999
17863 0.405000001 0.00500009954 -0.224999994
17864 0.405000001 0.00500009954 -0.214999989
17865 0.405000001 0.00500009954 -0.204999998
17866 0.405000001 0.00500009954 -0.194999993
17867 0.405000001 0.00500009954 -0.185000002
17868 0.405000001 0.00500009954 -0.174999997
17869 0.405000001 0.00500009954 -0.164999992
17870 0.414999992 0.00500009954 -0.234999999
17871 0.414999992 0.00500009954 -0.224999994
17872 0.414999992 0.00500009954 -0.214999989
17873 0.414999992 0.00500009954 -0.204999998
17874 0.414999992 0.00500009954 -0.194999993
17875 0.414999992 0.00500009954 -0.185000002
17876 0.414999992 0.00500009954 -0.174999997
17877 0.414999992 0.00500009954 -0.164999992
17878 0.424999982 0.00500009954 -0.234999999
17879 0.424999982 0.00500009954 -0.224999994
17880 0.424999982 0.00500009954 -0.214999989
17881 0.424999982 0.00500009954 -0.204999998
17882 0.424999982 0.00500009954 -0.194999993
17883 0.424999982 0.00500009954 -0.185000002
17884 0.424999982 0.00500009954 -0.174999997
17885 0.424999982 0.00500009954 -0.164999992
17886 0.435000002 0.00500009954 -0.234999999
17887 0.435000002 0.00500009954 -0.224999994
17888 0.435000002 0.00500009954 -0.214999989
17889 0.435000002 0.00500009954 -0.204999998
17890 0.435000002 0.00500009954 -0.194999993
17891 0.435000002 0.00500009954 -0.185000002
17892 0.435000002 0.00500009954 -0.174999997
17893 0.435000002 0.00500009954 -0.164999992
17894 0.444999993 0.00500009954 -0.234999999
17895 0.444999993 0.00500009954 -0.224999994
17896 0.444999993 0.00500009954 -0.214999989
17897 0.444999993 0.00500009954 -0.204999998
17898 0.444999993 0.00500009954 -0.194999993
17899 0.444999993 0.00500009954 -0.185000002
17900 0.444999993 0.00500009954 -0.174999997
17901 0.444999993 0.00500009954 -0.164999992
17902 0.454999983 0.00500009954 -0.234999999
17903 0.454999983 0.00500009954 -0.224999994
17904 0.454999983 0.00500009954 -0.214999989
17905 0.454999983 0.00500009954 -0.204999998
17906 0.454999983 0.00500009954 -0.194999993
17907 0.454999983 0.00500009954 -0.185000002
17908 0.454999983 0.00500009954 -0.174999997
17909 0.454999983 0.00500009954 -0.164999992
17910 0.465000004 0.00500009954 -0.234999999
17911 0.465000004 0.00500009954 -0.224999994
17912 0.465000004 0.00500009954 -0.214999989
17913 0.465000004 0.00500009954 -0.204999998
17914 0.465000004 0.00500009954 -0.194999993
17915 0.465000004 0.00500009954 -0.185000002
17916 0.465000004 0.00500009954 -0.174999997
17917 0.465000004 0.00500009954 -0.164999992
17918 0.474999994 0.00500009954 -0.234999999
17919 0.474999994 0.00500009954 -0.224999994
17920 0.474999994 0.00500009954 -0.214999989
17921 0.474999994 0.00500009954 -0.204999998
17922 0.474999994 0.00500009954 -0.194999993
17923 0.474999994 0.00500009954 -0.185000002
17924 0.474999994 0.00500009954 -0.174999997
17925 0.474999994 0.00500009954 -0.164999992
17926 0.405000001 0.00500009954 -0.155000001
17927 0.405000001 0.00500009954 -0.144999996
17928 0.405000001 0.00500009954 -0.13499999
17929 0.405000001 0.00500009954 -0.125
17930 0.405000001 0.00500009954 -0.114999995
17931 0.405000001 0.00500009954 -0.104999997
17932 0.405000001 0.00500009954 -0.0949999988
17933 0.405000001 0.00500009954 -0.0850000009
17934 0.414999992 0.00500009954 -0.155000001
17935 0.414999992 0.00500009954 -0.144999996
17936 0.414999992 0.00500009954 -0.13499999
17937 0.414999992 0.00500009954 -0.125
17938 0.414999992 0.00500009954 -0.114999995
17939 0.414999992 0.00500009954 -0.104999997
17940 0.414999992 0.00500009954 -0.0949999988
17941 0.414999992 0.00500009954 -0.0850000009
17942 0.424999982 0.00500009954 -0.155000001
17943 0.424999982 0.00500009954 -0.144999996
17944 0.424999982 0.00500009954 -0.13499999
17945 0.424999982 0.00500009954 -0.125
17946 0.424999982 0.00500009954 -0.114999995
17947 0.424999982 0.00500009954 -0.104999997
17948 0.424999982 0.00500009954 -0.0949999988
17949 0.424999982 0.00500009954 -0.0850000009
17950 0.435000002 0.00500009954 -0.155000001
17951 0.435000002 0.00500009954 -0.144999996
17952 0.435000002 0.00500009954 -0.13499999
17953 0.435000002 0.00500009954 -0.125
17954 0.435000002 0.00500009954 -0.114999995
17955 0.435000002 0.00500009954 -0.104999997
17956 0.435000002 0.00500009954 -0.0949999988
17957 0.435000002 0.00500009954 -0.0850000009
17958 0.444999993 0.00500009954 -0.155000001
17959 0.444999993 0.00500009954 -0.144999996
17960 0.444999993 0.00500009954 -0.13499999
17961 0.444999993 0.00500009954 -0.125
17962 0.444999993 0.00500009954 -0.114999995
17963 0.444999993 0.00500009954 -0.104999997
17964 0.444999993 0.00500009954 -0.0949999988
17965 0.444999993 0.00500009954 -0.0850000009
17966 0.454999983 0.00500009954 -0.155000001
17967 0.454999983 0.00500009954 -0.144999996
17968 0.454999983 0.00500009954 -0.13499999
17969 0.454999983 0.00500009954 -0.125
17970 0.454999983 0.00500009954 -0.114999995
17971 0.454999983 0.00500009954 -0.104999997
17972 0.454999983 0.00500009954 -0.0949999988
17973 0.454999983 0.00500009954 -0.0850000009
17974 0.465000004 0.00500009954 -0.155000001
17975 0.465000004 0.00500009954 -0.144999996
17976 0.465000004 0.00500009954 -0.13499999
17977 0.465000004 0.00500009954 -0.125
17978 0.465000004 0.00500009954 -0.114999995
17979 0.465000004 0.00500009954 -0.104999997
17980 0.465000004 0.00500009954 -0.0949999988
17981 0.465000004 0.00500009954 -0.0850000009
17982 0.474999994 0.00500009954 -0.155000001
17983 0.474999994 0.00500009954 -0.144999996
17984 0.474999994 0.00500009954 -0.13499999
17985 0.474999994 0.00500009954 -0.125
17986 0.474999994 0.00500009954 -0.114999995
17987 0.474999994 0.00500009954 -0.104999997
17988 0.474999994 0.00500009954 -0.0949999988
17989 0.474999994 0.00500009954 -0.0850000009
17990 0.405000001 0.00500009954 -0.0749999955
17991 0.405000001 0.00500009954 -0.0649999976
17992 0.405000001 0.00500009954 -0.0549999997
17993 0.405000001 0.00500009954 -0.0449999981
17994 0.405000001 0.00500009954 -0.0350000001
17995 0.405000001 0.00500009954 -0.0249999985
17996 0.405000001 0.00500009954 -0.0149999997
17997 0.405000001 0.00500009954 -0.00499999989
17998 0.414999992 0.00500009954 -0.0749999955
17999 0.414999992 0.00500009954 -0.0649999976
18000 0.414999992 0.00500009954 -0.0549999997
18001 0.414999992 0.00500009954 -0.0449999981
18002 0.414999992 0.00500009954 -0.0350000001
18003 0.414999992 0.00500009954 -0.0249999985
18004 0.414999992 0.00500009954 -0.0149999997
18005 0.414999992 0.00500009954 -0.00499999989
18006 0.424999982 0.00500009954 -0.0749999955
18007 0.424999982 0.00500009954 -0.0649999976
18008 0.424999982 0.00500009954 -0.0549999997
18009 0.424999982 0.00500009954 -0.0449999981
18010 0.424999982 0.00500009954 -0.0350000001
18011 0.424999982 0.00500009954 -0.0249999985
18012 0.424999982 0.00500009954 -0.0149999997
18013 0.424999982 0.00500009954 -0.00499999989
18014 0.435000002 0.00500009954 -0.0749999955
18015 0.435000002 0.00500009954 -0.0649999976
18016 0.435000002 0.00500009954 -0.0549999997
18017 0.435000002 0.00500009954 -0.0449999981
18018 0.435000002 0.00500009954 -0.0350000001
18019 0.435000002 0.00500009954 -0.0249999985
18020 0.435000002 0.00500009954 -0.0149999997
18021 0.435000002 0.00500009954 -0.00499999989
18022 0.444999993 0.00500009954 -0.0749999955
18023 0.444999993 0.00500009954 -0.0649999976
18024 0.444999993 0.00500009954 -0.0549999997
18025 0.444999993 0.00500009954 -0.0449999981
18026 0.444999993 0.00500009954 -0.0350000001
18027 0.444999993 0.00500009954 -0.0249999985
18028 0.444999993 0.00500009954 -0.0149999997
18029 0.444999993 0.00500009954 -0.00499999989
18030 0.454999983 0.00500009954 -0.0749999955
18031 0.454999983 0.00500009954 -0.0649999976
18032 0.454999983 0.00500009954 -0.0549999997
18033 0.454999983 0.00500009954 -0.0449999981
18034 0.454999983 0.00500009954 -0.0350000001
18035 0.454999983 0.00500009954 -0.0249999985
18036 0.454999983 0.00500009954 -0.0149999997
18037 0.454999983 0.00500009954 -0.00499999989
18038 0.465000004 0.00500009954 -0.0749999955
18039 0.465000004 0.00500009954 -0.0649999976
18040 0.465000004 0.00500009954 -0.0549999997
18041 0.465000004 0.00500009954 -0.0449999981
18042 0.465000004 0.00500009954 -0.0350000001
18043 0.465000004 0.00500009954 -0.0249999985
18044 0.465000004 0.00500009954 -0.0149999997
18045 0.465000004 0.00500009954 -0.00499999989
18046 0.474999994 0.00500009954 -0.0749999955
18047 0.474999994 0.00500009954 -0.0649999976
18048 0.474999994 0.00500009954 -0.0549999997
18049 0.474999994 0.00500009954 -0.0449999981
18050 0.474999994 0.00500009954 -0.0350000001
18051 0.474999994 0.00500009954 -0.0249999985
18052 0.474999994 0.00500009954 -0.0149999997
18053 0.474999994 0.00500009954 -0.00499999989
18054 0.484999985 9.96515155e-08 -0.50000006
18055 0.484999985 0.00250014942 -0.494999975
18056 0.484999985 0.00500009954 -0.484999985
18057 0.494999975 9.96515155e-08 -0.50000006
18058 0.494999975 0.00125017436 -0.494999975
18059 0.494999975 0.00250014942 -0.484999985
18060 0.5 6.6434346e-08 -0.5
18061 0.50000006 9.96515155e-08 -0.494999975
18062 0.50000006 9.96515155e-08 -0.484999985
18063 0.484999985 0.00500009954 -0.474999994
18064 0.484999985 0.00500009954 -0.465000004
18065 0.484999985 0.00500009954 -0.454999983
18066 0.484999985 0.00500009954 -0.444999993
18067 0.484999985 0.00500009954 -0.435000002
18068 0.484999985 0.00500009954 -0.424999982
18069 0.484999985 0.00500009954 -0.414999992
18070 0.484999985 0.00500009954 -0.405000001
18071 0.494999975 0.00250014942 -0.474999994
18072 0.494999975 0.00250014942 -0.465000004
18073 0.494999975 0.00250014942 -0.454999983
18074 0.494999975 0.00250014942 -0.444999993
18075 0.494999975 0.00250014942 -0.435000002
18076 0.494999975 0.00250014942 -0.424999982
18077 0.494999975 0.00250014942 -0.414999992
18078 0.494999975 0.00250014942 -0.405000001
18079 0.50000006 9.96515155e-08 -0.474999994
18080 0.50000006 9.96515155e-08 -0.465000004
18081 0.50000006 9.96515155e-08 -0.454999983
18082 0.50000006 9.96515155e-08 -0.444999993
18083 0.50000006 9.96515155e-08 -0.435000002
18084 0.50000006 9.96515155e-08 -0.424999982
18085 0.50000006 9.96515155e-08 -0.414999992
18086 0.50000006 9.96515155e-08 -0.405000001
18087 0.484999985 0.00500009954 -0.394999981
18088 0.484999985 0.00500009954 -0.38499999
18089 0.484999985 0.00500009954 -0.375
18090 0.484999985 0.00500009954 -0.36499998
18091 0.484999985 0.00500009954 -0.354999989
18092 0.484999985 0.00500009954 -0.344999999
18093 0.484999985 0.00500009954 -0.334999979
18094 0.484999985 0.00500009954 -0.324999988
18095 0.494999975 0.00250014942 -0.394999981
18096 0.494999975 0.00250014942 -0.38499999
18097 0.494999975 0.00250014942 -0.375
18098 0.494999975 0.00250014942 -0.36499998
18099 0.494999975 0.00250014942 -0.354999989
18100 0.494999975 0.00250014942 -0.344999999
18101 0.494999975 0.00250014942 -0.334999979
18102 0.494999975 0.00250014942 -0.324999988
18103 0.50000006 9.96515155e-08 -0.394999981
18104 0.50000006 9.96515155e-08 -0.38499999
18105 0.50000006 9.96515155e-08 -0.375
18106 0.50000006 9.96515155e-08 -0.36499998
18107 0.50000006 9.96515155e-08 -0.354999989
18108 0.50000006 9.96515155e-08 -0.344999999
18109 0.50000006 9.96515155e-08 -0.334999979
18110 0.50000006 9.96515155e-08 -0.324999988
18111 0.484999985 0.00500009954 -0.314999998
18112 0.484999985 0.00500009954 -0.305000007
18113 0.484999985 0.00500009954 -0.294999987
18114 0.484999985 0.00500009954 -0.284999996
18115 0.484999985 0.00500009954 -0.275000006
18116 0.484999985 0.00500009954 -0.264999986
18117 0.484999985 0.00500009954 -0.254999995
18118 0.484999985 0.00500009954 -0.24499999
18119 0.494999975 0.00250014942 -0.314999998
18120 0.494999975 0.00250014942 -0.305000007
18121 0.494999975 0.00250014942 -0.294999987
18122 0.494999975 0.00250014942 -0.284999996
18123 0.494999975 0.00250014942 -0.275000006
18124 0.494999975 0.00250014942 -0.264999986
18125 0.494999975 0.00250014942 -0.254999995
18126 0.494999975 0.00250014942 -0.24499999
18127 0.50000006 9.96515155e-08 -0.314999998
18128 0.50000006 9.96515155e-08 -0.305000007
18129 0.50000006 9.96515155e-08 -0.294999987
18130 0.50000006 9.96515155e-08 -0.284999996
18131 0.50000006 9.96515155e-08 -0.275000006
18132 0.50000006 9.96515155e-08 -0.264999986
18133 0.50000006 9.96515155e-08 -0.254999995
18134 0.50000006 9.96515155e-08 -0.24499999
18135 0.484999985 0.00500009954 -0.234999999
18136 0.484999985 0.00500009954 -0.224999994
18137 0.484999985 0.00500009954 -0.214999989
18138 0.484999985 0.00500009954 -0.204999998
18139 0.484999985 0.00500009954 -0.194999993
18140 0.484999985 0.00500009954 -0.185000002
18141 0.484999985 0.00500009954 -0.174999997
18142 0.484999985 0.00500009954 -0.164999992
18143 0.494999975 0.00250014942 -0.234999999
18144 0.494999975 0.00250014942 -0.224999994
18145 0.494999975 0.00250014942 -0.214999989
18146 0.494999975 0.00250014942 -0.204999998
18147 0.494999975 0.00250014942 -0.194999993
18148 0.494999975 0.00250014942 -0.185000002
18149 0.494999975 0.00250014942 -0.174999997
18150 0.494999975 0.00250014942 -0.164999992
18151 0.50000006 9.96515155e-08 -0.234999999
18152 0.50000006 9.96515155e-08 -0.224999994
18153 0.50000006 9.96515155e-08 -0.214999989
18154 0.50000006 9.96515155e-08 -0.204999998
18155 0.50000006 9.96515155e-08 -0.194999993
18156 0.50000006 9.96515155e-08 -0.185000002
18157 0.50000006 9.96515155e-08 -0.174999997
18158 0.50000006 9.96515155e-08 -0.164999992
18159 0.484999985 0.00500009954 -0.155000001
18160 0.484999985 0.00500009954 -0.144999996
18161 0.484999985 0.00500009954 -0.13499999
18162 0.484999985 0.00500009954 -0.125
18163 0.484999985 0.00500009954 -0.114999995
18164 0.484999985 0.00500009954 -0.104999997
18165 0.484999985 0.00500009954 -0.0949999988
18166 0.484999985 0.00500009954 -0.0850000009
18167 0.494999975 0.00250014942 -0.155000001
18168 0.494999975 0.00250014942 -0.144999996
18169 0.494999975 0.00250014942 -0.13499999
18170 0.494999975 0.00250014942 -0.125
18171 0.494999975 0.00250014942 -0.114999995
18172 0.494999975 0.00250014942 -0.104999997
18173 0.494999975 0.00250014942 -0.0949999988
18174 0.494999975 0.00250014942 -0.0850000009
18175 0.50000006 9.96515155e-08 -0.155000001
18176 0.50000006 9.96515155e-08 -0.144999996
18177 0.50000006 9.96515155e-08 -0.13499999
18178 0.50000006 9.96515155e-08 -0.125
18179 0.50000006 9.96515155e-08 -0.114999995
18180 0.50000006 9.96515155e-08 -0.104999997
18181 0.50000006 9.96515155e-08 -0.0949999988
18182 0.50000006 9.96515155e-08 -0.0850000009
18183 0.484999985 0.00500009954 -0.0749999955
18184 0.484999985 0.00500009954 -0.0649999976
18185 0.484999985 0.00500009954 -0.0549999997
18186 0.484999985 0.00500009954 -0.0449999981
18187 0.484999985 0.00500009954 -0.0350000001
18188 0.484999985 0.00500009954 -0.0249999985
18189 0.484999985 0.00500009954 -0.0149999997
18190 0.484999985 0.00500009954 -0.00499999989
18191 0.494999975 0.00250014942 -0.0749999955
18192 0.494999975 0.00250014942 -0.0649999976
18193 0.494999975 0.00250014942 -0.0549999997
18194 0.494999975 0.00250014942 -0.0449999981
18195 0.494999975 0.00250014942 -0.0350000001
18196 0.494999975 0.00250014942 -0.0249999985
18197 0.494999975 0.00250014942 -0.0149999997
18198 0.494999975 0.00250014942 -0.00499999989
18199 0.50000006 9.96515155e-08 -0.0749999955
18200 0.50000006 9.96515155e-08 -0.0649999976
18201 0.50000006 9.96515155e-08 -0.0549999997
18202 0.50000006 9.96515155e-08 -0.0449999981
18203 0.50000006 9.96515155e-08 -0.0350000001
18204 0.50000006 9.96515155e-08 -0.0249999985
18205 0.50000006 9.96515155e-08 -0.0149999997
18206 0.50000006 9.96515155e-08 -0.00499999989
18207 0.00499999989 0.00500009954 0.00499999989
18208 0.00499999989 0.00500009954 0.0149999997
18209 0.00499999989 0.00500009954 0.0249999985
18210 0.00499999989 0.00500009954 0.0350000001
18211 0.00499999989 0.00500009954 0.0449999981
18212 0.00499999989 0.00500009954 0.0549999997
18213 0.00499999989 0.00500009954 0.0649999976
18214 0.00499999989 0.00500009954 0.0749999955
18215 0.0149999997 0.00500009954 0.00499999989
18216 0.0149999997 0.00500009954 0.0149999997
18217 0.0149999997 0.00500009954 0.0249999985
18218 0.0149999997 0.00500009954 0.0350000001
18219 0.0149999997 0.00500009954 0.0449999981
18220 0.0149999997 0.00500009954 0.0549999997
18221 0.0149999997 0.00500009954 0.0649999976
18222 0.0149999997 0.00500009954 0.0749999955
18223 0.0249999985 0.00500009954 0.00499999989
18224 0.0249999985 0.00500009954 0.0149999997
18225 0.0249999985 0.00500009954 0.0249999985
18226 0.0249999985 0.00500009954 0.0350000001
18227 0.0249999985 0.00500009954 0.0449999981
18228 0.0249999985 0.00500009954 0.0549999997
18229 0.0249999985 0.00500009954 0.0649999976
18230 0.0249999985 0.00500009954 0.0749999955
18231 0.0350000001 0.00500009954 0.00499999989
18232 0.0350000001 0.00500009954 0.0149999997
18233 0.0350000001 0.00500009954 0.0249999985
18234 0.0350000001 0.00500009954 0.0350000001
18235 0.0350000001 0.00500009954 0.0449999981
18236 0.0350000001 0.00500009954 0.0549999997
18237 0.0350000001 0.00500009954 0.0649999976
18238 0.0350000001 0.00500009954 0.0749999955
18239 0.0449999981 0.00500009954 0.00499999989
18240 0.0449999981 0.00500009954 0.0149999997
18241 0.0449999981 0.00500009954 0.0249999985
18242 0.0449999981 0.00500009954 0.0350000001
18243 0.0449999981 0.00500009954 0.0449999981
18244 0.0449999981 0.00500009954 0.0549999997
18245 0.0449999981 0.00500009954 0.0649999976
18246 0.0449999981 0.00500009954 0.0749999955
18247 0.0549999997 0.00500009954 0.00499999989
18248 0.0549999997 0.00500009954 0.0149999997
18249 0.0549999997 0.00500009954 0.0249999985
18250 0.0549999997 0.00500009954 0.0350000001
18251 0.0549999997 0.00500009954 0.0449999981
18252 0.0549999997 0.00500009954 0.0549999997
18253 0.0549999997 0.00500009954 0.0649999976
18254 0.0549999997 0.00500009954 0.0749999955
18255 0.0649999976 0.00500009954 0.00499999989
18256 0.0649999976 0.00500009954 0.0149999997
18257 0.0649999976 0.00500009954 0.0249999985
18258 0.0649999976 0.00500009954 0.0350000001
18259 0.0649999976 0.00500009954 0.0449999981
18260 0.0649999976 0.00500009954 0.0549999997
18261 0.0649999976 0.00500009954 0.0649999976
18262 0.0649999976 0.00500009954 0.0749999955
18263 0.0749999955 0.00500009954 0.00499999989
18264 0.0749999955 0.00500009954 0.0149999997
18265 0.0749999955 0.00500009954 0.0249999985
18266 0.0749999955 0.00500009954 0.0350000001
18267 0.0749999955 0.00500009954 0.0449999981
18268 0.0749999955 0.00500009954 0.0549999997
18269 0.0749999955 0.00500009954 0.0649999976
18270 0.0749999955 0.00500009954 0.0749999955
18271 0.00499999989 0.00500009954 0.0850000009
18272 0.00499999989 0.00500009954 0.0949999988
18273 0.00499999989 0.00500009954 0.104999997
18274 0.00499999989 0.00500009954 0.114999995
18275 0.00499999989 0.00500009954 0.125
18276 0.00499999989 0.00500009954 0.13499999
18277 0.00499999989 0.00500009954 0.144999996
18278 0.00499999989 0.00500009954 0.155000001
18279 0.0149999997 0.00500009954 0.0850000009
18280 0.0149999997 0.00500009954 0.0949999988
18281 0.0149999997 0.00500009954 0.104999997
18282 0.0149999997 0.00500009954 0.114999995
18283 0.0149999997 0.00500009954 0.125
18284 0.0149999997 0.00500009954 0.13499999
18285 0.0149999997 0.00500009954 0.144999996
18286 0.0149999997 0.00500009954 0.155000001
18287 0.0249999985 0.00500009954 0.0850000009
18288 0.0249999985 0.00500009954 0.0949999988
18289 0.0249999985 0.00500009954 0.104999997
18290 0.0249999985 0.00500009954 0.114999995
18291 0.0249999985 0.00500009954 0.125
18292 0.0249999985 0.00500009954 0.13499999
18293 0.0249999985 0.00500009954 0.144999996
18294 0.0249999985 0.00500009954 0.155000001
18295 0.0350000001 0.00500009954 0.0850000009
18296 0.0350000001 0.00500009954 0.0949999988
18297 0.0350000001 0.00500009954 0.104999997
18298 0.0350000001 0.00500009954 0.114999995
18299 0.0350000001 0.00500009954 0.125
18300 0.0350000001 0.00500009954 0.13499999
18301 0.0350000001 0.00500009954 0.144999996
18302 0.0350000001 0.00500009954 0.155000001
18303 0.0449999981 0.00500009954 0.0850000009
18304 0.0449999981 0.00500009954 0.0949999988
18305 0.0449999981 0.00500009954 0.104999997
18306 0.0449999981 0.00500009954 0.114999995
18307 0.0449999981 0.00500009954 0.125
18308 0.0449999981 0.00500009954 0.13499999
18309 0.0449999981 0.00500009954 0.144999996
18310 0.0449999981 0.00500009954 0.155000001
18311 0.0549999997 0.00500009954 0.0850000009
18312 0.0549999997 0.00500009954 0.0949999988
18313 0.0549999997 0.00500009954 0.104999997
18314 0.0549999997 0.00500009954 0.114999995
18315 0.0549999997 0.00500009954 0.125
18316 0.0549999997 0.00500009954 0.13499999
18317 0.0549999997 0.00500009954 0.144999996
18318 0.0549999997 0.00500009954 0.155000001
18319 0.0649999976 0.00500009954 0.0850000009
18320 0.0649999976 0.00500009954 0.0949999988
18321 0.0649999976 0.00500009954 0.104999997
18322 0.0649999976 0.00500009954 0.114999995
18323 0.0649999976 0.00500009954 0.125
18324 0.0649999976 0.00500009954 0.13499999
18325 0.0649999976 0.00500009954 0.144999996
18326 0.0649999976 0.00500009954 0.155000001
18327 0.0749999955 0.00500009954 0.0850000009
18328 0.0749999955 0.00500009954 0.0949999988
18329 0.0749999955 0.00500009954 0.104999997
18330 0.0749999955 0.00500009954 0.114999995
18331 0.0749999955 0.00500009954 0.125
18332 0.0749999955 0.00500009954 0.13499999
18333 0.0749999955 0.00500009954 0.144999996
18334 0.0749999955 0.00500009954 0.155000001
18335 0.00499999989 0.00500009954 0.164999992
18336 0.00499999989 0.00500009954 0.174999997
18337 0.00499999989 0.00500009954 0.185000002
18338 0.00499999989 0.00500009954 0.194999993
18339 0.00499999989 0.00500009954 0.204999998
18340 0.00499999989 0.00500009954 0.214999989
18341 0.00499999989 0.00500009954 0.224999994
18342 0.00499999989 0.00500009954 0.234999999
18343 0.0149999997 0.00500009954 0.164999992
18344 0.0149999997 0.00500009954 0.174999997
18345 0.0149999997 0.00500009954 0.185000002
18346 0.0149999997 0.00500009954 0.194999993
18347 0.0149999997 0.00500009954 0.204999998
18348 0.0149999997 0.00500009954 0.214999989
18349 0.0149999997 0.00500009954 0.224999994
18350 0.0149999997 0.00500009954 0.234999999
18351 0.0249999985 0.00500009954 0.164999992
18352 0.0249999985 0.00500009954 0.174999997
18353 0.0249999985 0.00500009954 0.185000002
18354 0.0249999985 0.00500009954 0.194999993
18355 0.0249999985 0.00500009954 0.204999998
18356 0.0249999985 0.00500009954 0.214999989
18357 0.0249999985 0.00500009954 0.224999994
18358 0.0249999985 0.00500009954 0.234999999
18359 0.0350000001 0.00500009954 0.164999992
18360 0.0350000001 0.00500009954 0.174999997
18361 0.0350000001 0.00500009954 0.185000002
18362 0.0350000001 0.00500009954 0.194999993
18363 0.0350000001 0.00500009954 0.204999998
18364 0.0350000001 0.00500009954 0.214999989
18365 0.0350000001 0.00500009954 0.224999994
18366 0.0350000001 0.00500009954 0.234999999
18367 0.0449999981 0.00500009954 0.164999992
18368 0.0449999981 0.00500009954 0.174999997
18369 0.0449999981 0.00500009954 0.185000002
18370 0.0449999981 0.00500009954 0.194999993
18371 0.0449999981 0.00500009954 0.204999998
18372 0.0449999981 0.00500009954 0.214999989
18373 0.0449999981 0.00500009954 0.224999994
18374 0.0449999981 0.00500009954 0.234999999
18375 0.0549999997 0.00500009954 0.164999992
18376 0.0549999997 0.00500009954 0.174999997
18377 0.0549999997 0.00500009954 0.185000002
18378 0.0549999997 0.00500009954 0.194999993
18379 0.0549999997 0.00500009954 0.204999998
18380 0.0549999997 0.00500009954 0.214999989
18381 0.0549999997 0.00500009954 0.224999994
18382 0.0549999997 0.00500009954 0.234999999
18383 0.0649999976 0.00500009954 0.164999992
18384 0.0649999976 0.00500009954 0.174999997
18385 0.0649999976 0.00500009954 0.185000002
18386 0.0649999976 0.00500009954 0.194999993
18387 0.0649999976 0.00500009954 0.204999998
18388 0.0649999976 0.00500009954 0.214999989
18389 0.0649999976 0.00500009954 0.224999994
18390 0.0649999976 0.00500009954 0.234999999
18391 0.0749999955 0.00500009954 0.164999992
18392 0.0749999955 0.00500009954 0.174999997
18393 0.0749999955 0.00500009954 0.185000002
18394 0.0749999955 0.00500009954 0.194999993
18395 0.0749999955 0.00500009954 0.204999998
18396 0.0749999955 0.00500009954 0.214999989
18397 0.0749999955 0.00500009954 0.224999994
18398 0.0749999955 0.00500009954 0.234999999
18399 0.00499999989 0.00500009954 0.24499999
18400 0.00499999989 0.00500009954 0.254999995
18401 0.00499999989 0.00500009954 0.264999986
18402 0.00499999989 0.00500009954 0.275000006
18403 0.00499999989 0.00500009954 0.284999996
18404 0.00499999989 0.00500009954 0.294999987
18405 0.00499999989 0.00500009954 0.305000007
18406 0.00499999989 0.00500009954 0.314999998
18407 0.0149999997 0.00500009954 0.24499999
18408 0.0149999997 0.00500009954 0.254999995
18409 0.0149999997 0.00500009954 0.264999986
18410 0.0149999997 0.00500009954 0.275000006
18411 0.0149999997 0.00500009954 0.284999996
18412 0.0149999997 0.00500009954 0.294999987
18413 0.0149999997 0.00500009954 0.305000007
18414 0.0149999997 0.00500009954 0.314999998
18415 0.0249999985 0.00500009954 0.24499999
18416 0.0249999985 0.00500009954 0.254999995
18417 0.0249999985 0.00500009954 0.264999986
18418 0.0249999985 0.00500009954 0.275000006
18419 0.0249999985 0.00500009954 0.284999996
18420 0.0249999985 0.00500009954 0.294999987
18421 0.0249999985 0.00500009954 0.305000007
18422 0.0249999985 0.00500009954 0.314999998
18423 0.0350000001 0.00500009954 0.24499999
18424 0.0350000001 0.00500009954 0.254999995
18425 0.0350000001 0.00500009954 0.264999986
18426 0.0350000001 0.00500009954 0.275000006
18427 0.0350000001 0.00500009954 0.284999996
18428 0.0350000001 0.00500009954 0.294999987
18429 0.0350000001 0.00500009954 0.305000007
18430 0.0350000001 0.00500009954 0.314999998
18431 0.0449999981 0.00500009954 0.24499999
18432 0.0449999981 0.00500009954 0.254999995
18433 0.0449999981 0.00500009954 0.264999986
18434 0.0449999981 0.00500009954 0.275000006
18435 0.0449999981 0.00500009954 0.284999996
18436 0.0449999981 0.00500009954 0.294999987
18437 0.0449999981 0.00500009954 0.305000007
18438 0.0449999981 0.00500009954 0.314999998
18439 0.0549999997 0.00500009954 0.24499999
18440 0.0549999997 0.00500009954 0.254999995
18441 0.0549999997 0.00500009954 0.264999986
18442 0.0549999997 0.00500009954 0.275000006
18443 0.0549999997 0.00500009954 0.284999996
18444 0.0549999997 0.00500009954 0.294999987
18445 0.0549999997 0.00500009954 0.305000007
18446 0.0549999997 0.00500009954 0.314999998
18447 0.0649999976 0.00500009954 0.24499999
18448 0.0649999976 0.00500009954 0.254999995
18449 0.0649999976 0.00500009954 0.264999986
18450 0.0649999976 0.00500009954 0.275000006
18451 0.0649999976 0.00500009954 0.284999996
18452 0.0649999976 0.00500009954 0.294999987
18453 0.0649999976 0.00500009954 0.305000007
18454 0.0649999976 0.00500009954 0.314999998
18455 0.0749999955 0.00500009954 0.24499999
18456 0.0749999955 0.00500009954 0.254999995
18457 0.0749999955 0.00500009954 0.264999986
18458 0.0749999955 0.00500009954 0.275000006
18459 0.0749999955 0.00500009954 0.284999996
18460 0.0749999955 0.00500009954 0.294999987
18461 0.0749999955 0.00500009954 0.305000007
18462 0.0749999955 0.00500009954 0.314999998
18463 0.00499999989 0.00500009954 0.324999988
18464 0.00499999989 0.00500009954 0.334999979
18465 0.00499999989 0.00500009954 0.344999999
18466 0.00499999989 0.00500009954 0.354999989
18467 0.00499999989 0.00500009954 0.36499998
18468 0.00499999989 0.00500009954 0.375
18469 0.00499999989 0.00500009954 0.38499999
18470 0.00499999989 0.00500009954 0.394999981
18471 0.0149999997 0.00500009954 0.324999988
18472 0.0149999997 0.00500009954 0.334999979
18473 0.0149999997 0.00500009954 0.344999999
18474 0.0149999997 0.00500009954 0.354999989
18475 0.0149999997 0.00500009954 0.36499998
18476 0.0149999997 0.00500009954 0.375
18477 0.0149999997 0.00500009954 0.38499999
18478 0.0149999997 0.00500009954 0.394999981
18479 0.0249999985 0.00500009954 0.324999988
18480 0.0249999985 0.00500009954 0.334999979
18481 0.0249999985 0.00500009954 0.344999999
18482 0.0249999985 0.00500009954 0.354999989
18483 0.0249999985 0.00500009954 0.36499998
18484 0.0249999985 0.00500009954 0.375
18485 0.0249999985 0.00500009954 0.38499999
18486 0.0249999985 0.00500009954 0.394999981
18487 0.0350000001 0.00500009954 0.324999988
18488 0.0350000001 0.00500009954 0.334999979
18489 0.0350000001 0.00500009954 0.344999999
18490 0.0350000001 0.00500009954 0.354999989
18491 0.0350000001 0.00500009954 0.36499998
18492 0.0350000001 0.00500009954 0.375
18493 0.0350000001 0.00500009954 0.38499999
18494 0.0350000001 0.00500009954 0.394999981
18495 0.0449999981 0.00500009954 0.324999988
18496 0.0449999981 0.00500009954 0.334999979
18497 0.0449999981 0.00500009954 0.344999999
18498 0.0449999981 0.00500009954 0.354999989
18499 0.0449999981 0.00500009954 0.36499998
18500 0.0449999981 0.00500009954 0.375
18501 0.0449999981 0.00500009954 0.38499999
18502 0.0449999981 0.00500009954 0.394999981
18503 0.0549999997 0.00500009954 0.324999988
18504 0.0549999997 0.00500009954 0.334999979
18505 0.0549999997 0.00500009954 0.344999999
18506 0.0549999997 0.00500009954 0.354999989
18507 0.0549999997 0.00500009954 0.36499998
18508 0.0549999997 0.00500009954 0.375
18509 0.0549999997 0.00500009954 0.38499999
18510 0.0549999997 0.00500009954 0.394999981
18511 0.0649999976 0.00500009954 0.324999988
18512 0.0649999976 0.00500009954 0.334999979
18513 0.0649999976 0.00500009954 0.344999999
18514 0.0649999976 0.00500009954 0.354999989
18515 0.0649999976 0.00500009954 0.36499998
18516 0.0649999976 0.00500009954 0.375
18517 0.0649999976 0.00500009954 0.38499999
18518 0.0649999976 0.00500009954 0.394999981
18519 0.0749999955 0.00500009954 0.324999988
18520 0.0749999955 0.00500009954 0.334999979
18521 0.0749999955 0.00500009954 0.344999999
18522 0.0749999955 0.00500009954 0.354999989
18523 0.0749999955 0.00500009954 0.36499998
18524 0.0749999955 0.00500009954 0.375
18525 0.0749999955 0.00500009954 0.38499999
18526 0.0749999955 0.00500009954 0.394999981
18527 0.00499999989 0.00500009954 0.405000001
18528 0.00499999989 0.00500009954 0.414999992
18529 0.00499999989 0.00500009954 0.424999982
18530 0.00499999989 0.00500009954 0.435000002
18531 0.00499999989 0.00500009954 0.444999993
18532 0.00499999989 0.00500009954 0.454999983
18533 0.00499999989 0.00500009954 0.465000004
18534 0.00499999989 0.00500009954 0.474999994
18535 0.0149999997 0.00500009954 0.405000001
18536 0.0149999997 0.00500009954 0.414999992
18537 0.0149999997 0.00500009954 0.424999982
18538 0.0149999997 0.00500009954 0.435000002
18539 0.0149999997 0.00500009954 0.444999993
18540 0.0149999997 0.00500009954 0.454999983
18541 0.0149999997 0.00500009954 0.465000004
18542 0.0149999997 0.00500009954 0.474999994
18543 0.0249999985 0.00500009954 0.405000001
18544 0.0249999985 0.00500009954 0.414999992
18545 0.0249999985 0.00500009954 0.424999982
18546 0.0249999985 0.00500009954 0.435000002
18547 0.0249999985 0.00500009954 0.444999993
18548 0.0249999985 0.00500009954 0.454999983
18549 0.0249999985 0.00500009954 0.465000004
18550 0.0249999985 0.00500009954 0.474999994
18551 0.0350000001 0.00500009954 0.405000001
18552 0.0350000001 0.00500009954 0.414999992
18553 0.0350000001 0.00500009954 0.424999982
18554 0.0350000001 0.00500009954 0.435000002
18555 0.0350000001 0.00500009954 0.444999993
18556 0.0350000001 0.00500009954 0.454999983
18557 0.0350000001 0.00500009954 0.465000004
18558 0.0350000001 0.00500009954 0.474999994
18559 0.0449999981 0.00500009954 0.405000001
18560 0.0449999981 0.00500009954 0.414999992
18561 0.0449999981 0.00500009954 0.424999982
18562 0.0449999981 0.00500009954 0.435000002
18563 0.0449999981 0.00500009954 0.444999993
18564 0.0449999981 0.00500009954 0.454999983
18565 0.0449999981 0.00500009954 0.465000004
18566 0.0449999981 0.00500009954 0.474999994
18567 0.0549999997 0.00500009954 0.405000001
18568 0.0549999997 0.00500009954 0.414999992
18569 0.0549999997 0.00500009954 0.424999982
18570 0.0549999997 0.00500009954 0.435000002
18571 0.0549999997 0.00500009954 0.444999993
18572 0.0549999997 0.00500009954 0.454999983
18573 0.0549999997 0.00500009954 0.465000004
18574 0.0549999997 0.00500009954 0.474999994
18575 0.0649999976 0.00500009954 0.405000001
18576 0.0649999976 0.00500009954 0.414999992
18577 0.0649999976 0.00500009954 0.424999982
18578 0.0649999976 0.00500009954 0.435000002
18579 0.0649999976 0.00500009954 0.444999993
18580 0.0649999976 0.00500009954 0.454999983
18581 0.0649999976 0.00500009954 0.465000004
18582 0.0649999976 0.00500009954 0.474999994
18583 0.0749999955 0.00500009954 0.405000001
18584 0.0749999955 0.00500009954 0.414999992
18585 0.0749999955 0.00500009954 0.424999982
18586 0.0749999955 0.00500009954 0.435000002
18587 0.0749999955 0.00500009954 0.444999993
18588 0.0749999955 0.00500009954 0.454999983
18589 0.0749999955 0.00500009954 0.465000004
18590 0.0749999955 0.00500009954 0.474999994
18591 0.00499999989 0.00500009954 0.484999985
18592 0.00499999989 0.00250014942 0.494999975
18593 0.00499999989 9.96515155e-08 0.50000006
18594 0.0149999997 0.00500009954 0.484999985
18595 0.0149999997 0.00250014942 0.494999975
18596 0.0149999997 9.96515155e-08 0.50000006
18597 0.0249999985 0.00500009954 0.484999985
18598 0.0249999985 0.00250014942 0.494999975
18599 0.0249999985 9.96515155e-08 0.50000006
18600 0.0350000001 0.00500009954 0.484999985
18601 0.0350000001 0.00250014942 0.494999975
18602 0.0350000001 9.96515155e-08 0.50000006
18603 0.0449999981 0.00500009954 0.484999985
18604 0.0449999981 0.00250014942 0.494999975
18605 0.0449999981 9.96515155e-08 0.50000006
18606 0.0549999997 0.00500009954 0.484999985
18607 0.0549999997 0.00250014942 0.494999975
18608 0.0549999997 9.96515155e-08 0.50000006
18609 0.0649999976 0.00500009954 0.484999985
18610 0.0649999976 0.00250014942 0.494999975
18611 0.0649999976 9.96515155e-08 0.50000006
18612 0.0749999955 0.00500009954 0.484999985
18613 0.0749999955 0.00250014942 0.494999975
18614 0.0749999955 9.96515155e-08 0.50000006
18615 0.0850000009 0.00500009954 0.00499999989
18616 0.0850000009 0.00500009954 0.0149999997
18617 0.0850000009 0.00500009954 0.0249999985
18618 0.0850000009 0.00500009954 0.0350000001
18619 0.0850000009 0.00500009954 0.0449999981
18620 0.0850000009 0.00500009954 0.0549999997
18621 0.0850000009 0.00500009954 0.0649999976
18622 0.0850000009 0.00500009954 0.0749999955
18623 0.0949999988 0.00500009954 0.00499999989
18624 0.0949999988 0.00500009954 0.0149999997
18625 0.0949999988 0.00500009954 0.0249999985
18626 0.0949999988 0.00500009954 0.0350000001
18627 0.0949999988 0.00500009954 0.0449999981
18628 0.0949999988 0.00500009954 0.0549999997
18629 0.0949999988 0.00500009954 0.0649999976
18630 0.0949999988 0.00500009954 0.0749999955
18631 0.104999997 0.00500009954 0.00499999989
18632 0.104999997 0.00500009954 0.0149999997
18633 0.104999997 0.00500009954 0.0249999985
18634 0.104999997 0.00500009954 0.0350000001
18635 0.104999997 0.00500009954 0.0449999981
18636 0.104999997 0.00500009954 0.0549999997
18637 0.104999997 0.00500009954 0.0649999976
18638 0.104999997 0.00500009954 0.0749999955
18639 0.114999995 0.00500009954 0.00499999989
18640 0.114999995 0.00500009954 0.0149999997
18641 0.114999995 0.00500009954 0.0249999985
18642 0.114999995 0.00500009954 0.0350000001
18643 0.114999995 0.00500009954 0.0449999981
18644 0.114999995 0.00500009954 0.0549999997
18645 0.114999995 0.00500009954 0.0649999976
18646 0.114999995 0.00500009954 0.0749999955
18647 0.125 0.00500009954 0.00499999989
18648 0.125 0.00500009954 0.0149999997
18649 0.125 0.00500009954 0.0249999985
18650 0.125 0.00500009954 0.0350000001
18651 0.125 0.00500009954 0.0449999981
18652 0.125 0.00500009954 0.0549999997
18653 0.125 0.00500009954 0.0649999976
18654 0.125 0.00500009954 0.0749999955
18655 0.13499999 0.00500009954 0.00499999989
18656 0.13499999 0.00500009954 0.0149999997
18657 0.13499999 0.00500009954 0.0249999985
18658 0.13499999 0.00500009954 0.0350000001
18659 0.13499999 0.00500009954 0.0449999981
18660 0.13499999 0.00500009954 0.0549999997
18661 0.13499999 0.00500009954 0.0649999976
18662 0.13499999 0.00500009954 0.0749999955
18663 0.144999996 0.00500009954 0.00499999989
18664 0.144999996 0.00500009954 0.0149999997
18665 0.144999996 0.00500009954 0.0249999985
18666 0.144999996 0.00500009954 0.0350000001
18667 0.144999996 0.00500009954 0.0449999981
18668 0.144999996 0.00500009954 0.0549999997
18669 0.144999996 0.00500009954 0.0649999976
18670 0.144999996 0.00500009954 0.0749999955
18671 0.155000001 0.00500009954 0.00499999989
18672 0.155000001 0.00500009954 0.0149999997
18673 0.155000001 0.00500009954 0.0249999985
18674 0.155000001 0.00500009954 0.0350000001
18675 0.155000001 0.00500009954 0.0449999981
18676 0.155000001 0.00500009954 0.0549999997
18677 0.155000001 0.00500009954 0.0649999976
18678 0.155000001 0.00500009954 0.0749999955
18679 0.0850000009 0.00500009954 0.0850000009
18680 0.0850000009 0.00500009954 0.0949999988
18681 0.0850000009 0.00500009954 0.104999997
18682 0.0850000009 0.00500009954 0.114999995
18683 0.0850000009 0.00500009954 0.125
18684 0.0850000009 0.00500009954 0.13499999
18685 0.0850000009 0.00500009954 0.144999996
18686 0.0850000009 0.00500009954 0.155000001
18687 0.0949999988 0.00500009954 0.0850000009
18688 0.0949999988 0.00500009954 0.0949999988
18689 0.0949999988 0.00500009954 0.104999997
18690 0.0949999988 0.00500009954 0.114999995
18691 0.0949999988 0.00500009954 0.125
18692 0.0949999988 0.00500009954 0.13499999
18693 0.0949999988 0.00500009954 0.144999996
18694 0.0949999988 0.00500009954 0.155000001
18695 0.104999997 0.00500009954 0.0850000009
18696 0.104999997 0.00500009954 0.0949999988
18697 0.104999997 0.00500009954 0.104999997
18698 0.104999997 0.00500009954 0.114999995
18699 0.104999997 0.00500009954 0.125
18700 0.104999997 0.00500009954 0.13499999
18701 0.104999997 0.00500009954 0.144999996
18702 0.104999997 0.00500009954 0.155000001
18703 0.114999995 0.00500009954 0.0850000009
18704 0.114999995 0.00500009954 0.0949999988
18705 0.114999995 0.00500009954 0.104999997
18706 0.114999995 0.00500009954 0.114999995
18707 0.114999995 0.00500009954 0.125
18708 0.114999995 0.00500009954 0.13499999
18709 0.114999995 0.00500009954 0.144999996
18710 0.114999995 0.00500009954 0.155000001
18711 0.125 0.00500009954 0.0850000009
18712 0.125 0.00500009954 0.0949999988
18713 0.125 0.00500009954 0.104999997
18714 0.125 0.00500009954 0.114999995
18715 0.125 0.00500009954 0.125
18716 0.125 0.00500009954 0.13499999
18717 0.125 0.00500009954 0.144999996
18718 0.125 0.00500009954 0.155000001
18719 0.13499999 0.00500009954 0.0850000009
18720 0.13499999 0.00500009954 0.0949999988
18721 0.13499999 0.00500009954 0.104999997
18722 0.13499999 0.00500009954 0.114999995
18723 0.13499999 0.00500009954 0.125
18724 0.13499999 0.00500009954 0.13499999
18725 0.13499999 0.00500009954 0.144999996
18726 0.13499999 0.00500009954 0.155000001
18727 0.144999996 0.00500009954 0.0850000009
18728 0.144999996 0.00500009954 0.0949999988
18729 0.144999996 0.00500009954 0.104999997
18730 0.144999996 0.00500009954 0.114999995
18731 0.144999996 0.00500009954 0.125
18732 0.144999996 0.00500009954 0.13499999
18733 0.144999996 0.00500009954 0.144999996
18734 0.144999996 0.00500009954 0.155000001
18735 0.155000001 0.00500009954 0.0850000009
18736 0.155000001 0.00500009954 0.0949999988
18737 0.155000001 0.00500009954 0.104999997
18738 0.155000001 0.00500009954 0.114999995
18739 0.155000001 0.00500009954 0.125
18740 0.155000001 0.00500009954 0.13499999
18741 0.155000001 0.00500009954 0.144999996
18742 0.155000001 0.00500009954 0.155000001
18743 0.0850000009 0.00500009954 0.164999992
18744 0.0850000009 0.00500009954 0.174999997
18745 0.0850000009 0.00500009954 0.185000002
18746 0.0850000009 0.00500009954 0.194999993
18747 0.0850000009 0.00500009954 0.204999998
18748 0.0850000009 0.00500009954 0.214999989
18749 0.0850000009 0.00500009954 0.224999994
18750 0.0850000009 0.00500009954 0.234999999
18751 0.0949999988 0.00500009954 0.164999992
18752 0.0949999988 0.00500009954 0.174999997
18753 0.0949999988 0.00500009954 0.185000002
18754 0.0949999988 0.00500009954 0.194999993
18755 0.0949999988 0.00500009954 0.204999998
18756 0.0949999988 0.00500009954 0.214999989
18757 0.0949999988 0.00500009954 0.224999994
18758 0.0949999988 0.00500009954 0.234999999
18759 0.104999997 0.00500009954 0.164999992
18760 0.104999997 0.00500009954 0.174999997
18761 0.104999997 0.00500009954 0.185000002
18762 0.104999997 0.00500009954 0.194999993
18763 0.104999997 0.00500009954 0.204999998
18764 0.104999997 0.00500009954 0.214999989
18765 0.104999997 0.00500009954 0.224999994
18766 0.104999997 0.00500009954 0.234999999
18767 0.114999995 0.00500009954 0.164999992
18768 0.114999995 0.00500009954 0.174999997
18769 0.114999995 0.00500009954 0.185000002
18770 0.114999995 0.00500009954 0.194999993
18771 0.114999995 0.00500009954 0.204999998
18772 0.114999995 0.00500009954 0.214999989
18773 0.114999995 0.00500009954 0.224999994
18774 0.114999995 0.00500009954 0.234999999
18775 0.125 0.00500009954 0.164999992
18776 0.125 0.00500009954 0.174999997
18777 0.125 0.00500009954 0.185000002
18778 0.125 0.00500009954 0.194999993
18779 0.125 0.00500009954 0.204999998
18780 0.125 0.00500009954 0.214999989
18781 0.125 0.00500009954 0.224999994
18782 0.125 0.00500009954 0.234999999
18783 0.13499999 0.00500009954 0.164999992
18784 0.13499999 0.00500009954 0.174999997
18785 0.13499999 0.00500009954 0.185000002
18786 0.13499999 0.00500009954 0.194999993
18787 0.13499999 0.00500009954 0.204999998
18788 0.13499999 0.00500009954 0.214999989
18789 0.13499999 0.00500009954 0.224999994
18790 0.13499999 0.00500009954 0.234999999
18791 0.144999996 0.00500009954 0.164999992
18792 0.144999996 0.00500009954 0.174999997
18793 0.144999996 0.00500009954 0.185000002
18794 0.144999996 0.00500009954 0.194999993
18795 0.144999996 0.00500009954 0.204999998
18796 0.144999996 0.00500009954 0.214999989
18797 0.144999996 0.00500009954 0.224999994
18798 0.144999996 0.00500009954 0.234999999
18799 0.155000001 0.00500009954 0.164999992
18800 0.155000001 0.00500009954 0.174999997
18801 0.155000001 0.00500009954 0.185000002
18802 0.155000001 0.00500009954 0.194999993
18803 0.155000001 0.00500009954 0.204999998
18804 0.155000001 0.00500009954 0.214999989
18805 0.155000001 0.00500009954 0.224999994
18806 0.155000001 0.00500009954 0.234999999
18807 0.0850000009 0.00500009954 0.24499999
18808 0.0850000009 0.00500009954 0.254999995
18809 0.0850000009 0.00500009954 0.264999986
18810 0.0850000009 0.00500009954 0.275000006
18811 0.0850000009 0.00500009954 0.284999996
18812 0.0850000009 0.00500009954 0.294999987
18813 0.0850000009 0.00500009954 0.305000007
18814 0.0850000009 0.00500009954 0.314999998
18815 0.0949999988 0.00500009954 0.24499999
18816 0.0949999988 0.00500009954 0.254999995
18817 0.0949999988 0.00500009954 0.264999986
18818 0.0949999988 0.00500009954 0.275000006
18819 0.0949999988 0.00500009954 0.284999996
18820 0.0949999988 0.00500009954 0.294999987
18821 0.0949999988 0.00500009954 0.305000007
18822 0.0949999988 0.00500009954 0.314999998
18823 0.104999997 0.00500009954 0.24499999
18824 0.104999997 0.00500009954 0.254999995
18825 0.104999997 0.00500009954 0.264999986
18826 0.104999997 0.00500009954 0.275000006
18827 0.104999997 0.00500009954 0.284999996
18828 0.104999997 0.00500009954 0.294999987
18829 0.104999997 0.00500009954 0.305000007
18830 0.104999997 0.00500009954 0.314999998
18831 0.114999995 0.00500009954 0.24499999
18832 0.114999995 0.00500009954 0.254999995
18833 0.114999995 0.00500009954 0.264999986
18834 0.114999995 0.00500009954 0.275000006
18835 0.114999995 0.00500009954 0.284999996
18836 0.114999995 0.00500009954 0.294999987
18837 0.114999995 0.00500009954 0.305000007
18838 0.114999995 0.00500009954 0.314999998
18839 0.125 0.00500009954 0.24499999
18840 0.125 0.00500009954 0.254999995
18841 0.125 0.00500009954 0.264999986
18842 0.125 0.00500009954 0.275000006
18843 0.125 0.00500009954 0.284999996
18844 0.125 0.00500009954 0.294999987
18845 0.125 0.00500009954 0.305000007
18846 0.125 0.00500009954 0.314999998
18847 0.13499999 0.00500009954 0.24499999
18848 0.13499999 0.00500009954 0.254999995
18849 0.13499999 0.00500009954 0.264999986
18850 0.13499999 0.00500009954 0.275000006
18851 0.13499999 0.00500009954 0.284999996
18852 0.13499999 0.00500009954 0.294999987
18853 0.13499999 0.00500009954 0.305000007
18854 0.13499999 0.00500009954 0.314999998
18855 0.144999996 0.00500009954 0.24499999
18856 0.144999996 0.00500009954 0.254999995
18857 0.144999996 0.00500009954 0.264999986
18858 0.144999996 0.00500009954 0.275000006
18859 0.144999996 0.00500009954 0.284999996
18860 0.144999996 0.00500009954 0.294999987
18861 0.144999996 0.00500009954 0.305000007
18862 0.144999996 0.00500009954 0.314999998
18863 0.155000001 0.00500009954 0.24499999
18864 0.155000001 0.00500009954 0.254999995
18865 0.155000001 0.00500009954 0.264999986
18866 0.155000001 0.00500009954 0.275000006
18867 0.155000001 0.00500009954 0.284999996
18868 0.155000001 0.00500009954 0.294999987
18869 0.155000001 0.00500009954 0.305000007
18870 0.155000001 0.00500009954 0.314999998
18871 0.0850000009 0.00500009954 0.324999988
18872 0.0850000009 0.00500009954 0.334999979
18873 0.0850000009 0.00500009954 0.344999999
18874 0.0850000009 0.00500009954 0.354999989
18875 0.0850000009 0.00500009954 0.36499998
18876 0.0850000009 0.00500009954 0.375
18877 0.0850000009 0.00500009954 0.38499999
18878 0.0850000009 0.00500009954 0.394999981
18879 0.0949999988 0.00500009954 0.324999988
18880 0.0949999988 0.00500009954 0.334999979
18881 0.0949999988 0.00500009954 0.344999999
18882 0.0949999988 0.00500009954 0.354999989
18883 0.0949999988 0.00500009954 0.36499998
18884 0.0949999988 0.00500009954 0.375
18885 0.0949999988 0.00500009954 0.38499999
18886 0.0949999988 0.00500009954 0.394999981
18887 0.104999997 0.00500009954 0.324999988
18888 0.104999997 0.00500009954 0.334999979
18889 0.104999997 0.00500009954 0.344999999
18890 0.104999997 0.00500009954 0.354999989
18891 0.104999997 0.00500009954 0.36499998
18892 0.104999997 0.00500009954 0.375
18893 0.104999997 0.00500009954 0.38499999
18894 0.104999997 0.00500009954 0.394999981
18895 0.114999995 0.00500009954 0.324999988
18896 0.114999995 0.00500009954 0.334999979
18897 0.114999995 0.00500009954 0.344999999
18898 0.114999995 0.00500009954 0.354999989
18899 0.114999995 0.00500009954 0.36499998
18900 0.114999995 0.00500009954 0.375
18901 0.114999995 0.00500009954 0.38499999
18902 0.114999995 0.00500009954 0.394999981
18903 0.125 0.00500009954 0.324999988
18904 0.125 0.00500009954 0.334999979
18905 0.125 0.00500009954 0.344999999
18906 0.125 0.00500009954 0.354999989
18907 0.125 0.00500009954 0.36499998
18908 0.125 0.00500009954 0.375
18909 0.125 0.00500009954 0.38499999
18910 0.125 0.00500009954 0.394999981
18911 0.13499999 0.00500009954 0.324999988
18912 0.13499999 0.00500009954 0.334999979
18913 0.13499999 0.00500009954 0.344999999
18914 0.13499999 0.00500009954 0.354999989
18915 0.13499999 0.00500009954 0.36499998
18916 0.13499999 0.00500009954 0.375
18917 0.13499999 0.00500009954 0.38499999
18918 0.13499999 0.00500009954 0.394999981
18919 0.144999996 0.00500009954 0.324999988
18920 0.144999996 0.00500009954 0.334999979
18921 0.144999996 0.00500009954 0.344999999
18922 0.144999996 0.00500009954 0.354999989
18923 0.144999996 0.00500009954 0.36499998
18924 0.144999996 0.00500009954 0.375
18925 0.144999996 0.00500009954 0.38499999
18926 0.144999996 0.00500009954 0.394999981
18927 0.155000001 0.00500009954 0.324999988
18928 0.155000001 0.00500009954 0.334999979
18929 0.155000001 0.00500009954 0.344999999
18930 0.155000001 0.00500009954 0.354999989
18931 0.155000001 0.00500009954 0.36499998
18932 0.155000001 0.00500009954 0.375
18933 0.155000001 0.00500009954 0.38499999
18934 0.155000001 0.00500009954 0.394999981
18935 0.0850000009 0.00500009954 0.405000001
18936 0.0850000009 0.00500009954 0.414999992
18937 0.0850000009 0.00500009954 0.424999982
18938 0.0850000009 0.00500009954 0.435000002
18939 0.0850000009 0.00500009954 0.444999993
18940 0.0850000009 0.00500009954 0.454999983
18941 0.0850000009 0.00500009954 0.465000004
18942 0.0850000009 0.00500009954 0.474999994
18943 0.0949999988 0.00500009954 0.405000001
18944 0.0949999988 0.00500009954 0.414999992
18945 0.0949999988 0.00500009954 0.424999982
18946 0.0949999988 0.00500009954 0.435000002
18947 0.0949999988 0.00500009954 0.444999993
18948 0.0949999988 0.00500009954 0.454999983
18949 0.0949999988 0.00500009954 0.465000004
18950 0.0949999988 0.00500009954 0.474999994
18951 0.104999997 0.00500009954 0.405000001
18952 0.104999997 0.00500009954 0.414999992
18953 0.104999997 0.00500009954 0.424999982
18954 0.104999997 0.00500009954 0.435000002
18955 0.104999997 0.00500009954 0.444999993
18956 0.104999997 0.00500009954 0.454999983
18957 0.104999997 0.00500009954 0.465000004
18958 0.104999997 0.00500009954 0.474999994
18959 0.114999995 0.00500009954 0.405000001
18960 0.114999995 0.00500009954 0.414999992
18961 0.114999995 0.00500009954 0.424999982
18962 0.114999995 0.00500009954 0.435000002
18963 0.114999995 0.00500009954 0.444999993
18964 0.114999995 0.00500009954 0.454999983
18965 0.114999995 0.00500009954 0.465000004
18966 0.114999995 0.00500009954 0.474999994
18967 0.125 0.00500009954 0.405000001
18968 0.125 0.00500009954 0.414999992
18969 0.125 0.00500009954 0.424999982
18970 0.125 0.00500009954 0.435000002
18971 0.125 0.00500009954 0.444999993
18972 0.125 0.00500009954 0.454999983
18973 0.125 0.00500009954 0.465000004
18974 0.125 0.00500009954 0.474999994
18975 0.13499999 0.00500009954 0.405000001
18976 0.13499999 0.00500009954 0.414999992
18977 0.13499999 0.00500009954 0.424999982
18978 0.13499999 0.00500009954 0.435000002
18979 0.13499999 0.00500009954 0.444999993
18980 0.13499999 0.00500009954 0.454999983
18981 0.13499999 0.00500009954 0.465000004
18982 0.13499999 0.00500009954 0.474999994
18983 0.144999996 0.00500009954 0.405000001
18984 0.144999996 0.00500009954 0.414999992
18985 0.144999996 0.00500009954 0.424999982
18986 0.144999996 0.00500009954 0.435000002
18987 0.144999996 0.00500009954 0.444999993
18988 0.144999996 0.00500009954 0.454999983
18989 0.144999996 0.00500009954 0.465000004
18990 0.144999996 0.00500009954 0.474999994
18991 0.155000001 0.00500009954 0.405000001
18992 0.155000001 0.00500009954 0.414999992
18993 0.155000001 0.00500009954 0.424999982
18994 0.155000001 0.00500009954 0.435000002
18995 0.155000001 0.00500009954 0.444999993
18996 0.155000001 0.00500009954 0.454999983
18997 0.155000001 0.00500009954 0.465000004
18998 0.155000001 0.00500009954 0.474999994
18999 0.0850000009 0.00500009954 0.484999985
19000 0.0850000009 0.00250014942 0.494999975
19001 0.0850000009 9.96515155e-08 0.50000006
19002 0.0949999988 0.00500009954 0.484999985
19003 0.0949999988 0.00250014942 0.494999975
19004 0.0949999988 9.96515155e-08 0.50000006
19005 0.104999997 0.00500009954 0.484999985
19006 0.104999997 0.00250014942 0.494999975
19007 0.104999997 9.96515155e-08 0.50000006
19008 0.114999995 0.00500009954 0.484999985
19009 0.114999995 0.00250014942 0.494999975
19010 0.114999995 9.96515155e-08 0.50000006
19011 0.125 0.00500009954 0.484999985
19012 0.125 0.00250014942 0.494999975
19013 0.125 9.96515155e-08 0.50000006
19014 0.13499999 0.00500009954 0.484999985
19015 0.13499999 0.00250014942 0.494999975
19016 0.13499999 9.96515155e-08 0.50000006
19017 0.144999996 0.00500009954 0.484999985
19018 0.144999996 0.00250014942 0.494999975
19019 0.144999996 9.96515155e-08 0.50000006
19020 0.155000001 0.00500009954 0.484999985
19021 0.155000001 0.00250014942 0.494999975
19022 0.155000001 9.96515155e-08 0.50000006
19023 0.164999992 0.00500009954 0.00499999989
19024 0.164999992 0.00500009954 0.0149999997
19025 0.164999992 0.00500009954 0.0249999985
19026 0.164999992 0.00500009954 0.0350000001
19027 0.164999992 0.00500009954 0.0449999981
19028 0.164999992 0.00500009954 0.0549999997
19029 0.164999992 0.00500009954 0.0649999976
19030 0.164999992 0.00500009954 0.0749999955
19031 0.174999997 0.00500009954 0.00499999989
19032 0.174999997 0.00500009954 0.0149999997
19033 0.174999997 0.00500009954 0.0249999985
19034 0.174999997 0.00500009954 0.0350000001
19035 0.174999997 0.00500009954 0.0449999981
19036 0.174999997 0.00500009954 0.0549999997
19037 0.174999997 0.00500009954 0.0649999976
19038 0.174999997 0.00500009954 0.0749999955
19039 0.185000002 0.00500009954 0.00499999989
19040 0.185000002 0.00500009954 0.0149999997
19041 0.185000002 0.00500009954 0.0249999985
19042 0.185000002 0.00500009954 0.0350000001
19043 0.185000002 0.00500009954 0.0449999981
19044 0.185000002 0.00500009954 0.0549999997
19045 0.185000002 0.00500009954 0.0649999976
19046 0.185000002 0.00500009954 0.0749999955
19047 0.194999993 0.00500009954 0.00499999989
19048 0.194999993 0.00500009954 0.0149999997
19049 0.194999993 0.00500009954 0.0249999985
19050 0.194999993 0.00500009954 0.0350000001
19051 0.194999993 0.00500009954 0.0449999981
19052 0.194999993 0.00500009954 0.0549999997
19053 0.194999993 0.00500009954 0.0649999976
19054 0.194999993 0.00500009954 0.0749999955
19055 0.204999998 0.00500009954 0.00499999989
19056 0.204999998 0.00500009954 0.0149999997
19057 0.204999998 0.00500009954 0.0249999985
19058 0.204999998 0.00500009954 0.0350000001
19059 0.204999998 0.00500009954 0.0449999981
19060 0.204999998 0.00500009954 0.0549999997
19061 0.204999998 0.00500009954 0.0649999976
19062 0.204999998 0.00500009954 0.0749999955
19063 0.214999989 0.00500009954 0.00499999989
19064 0.214999989 0.00500009954 0.0149999997
19065 0.214999989 0.00500009954 0.0249999985
19066 0.214999989 0.00500009954 0.0350000001
19067 0.214999989 0.00500009954 0.0449999981
19068 0.214999989 0.00500009954 0.0549999997
19069 0.214999989 0.00500009954 0.0649999976
19070 0.214999989 0.00500009954 0.0749999955
19071 0.224999994 0.00500009954 0.00499999989
19072 0.224999994 0.00500009954 0.0149999997
19073 0.224999994 0.00500009954 0.0249999985
19074 0.224999994 0.00500009954 0.0350000001
19075 0.224999994 0.00500009954 0.0449999981
19076 0.224999994 0.00500009954 0.0549999997
19077 0.224999994 0.00500009954 0.0649999976
19078 0.224999994 0.00500009954 0.0749999955
19079 0.234999999 0.00500009954 0.00499999989
19080 0.234999999 0.00500009954 0.0149999997
19081 0.234999999 0.00500009954 0.0249999985
19082 0.234999999 0.00500009954 0.0350000001
19083 0.234999999 0.00500009954 0.0449999981
19084 0.234999999 0.00500009954 0.0549999997
19085 0.234999999 0.00500009954 0.0649999976
19086 0.234999999 0.00500009954 0.0749999955
19087 0.164999992 0.00500009954 0.0850000009
19088 0.164999992 0.00500009954 0.0949999988
19089 0.164999992 0.00500009954 0.104999997
19090 0.164999992 0.00500009954 0.114999995
19091 0.164999992 0.00500009954 0.125
19092 0.164999992 0.00500009954 0.13499999
19093 0.164999992 0.00500009954 0.144999996
19094 0.164999992 0.00500009954 0.155000001
19095 0.174999997 0.00500009954 0.0850000009
19096 0.174999997 0.00500009954 0.0949999988
19097 0.174999997 0.00500009954 0.104999997
19098 0.174999997 0.00500009954 0.114999995
19099 0.174999997 0.00500009954 0.125
19100 0.174999997 0.00500009954 0.13499999
19101 0.174999997 0.00500009954 0.144999996
19102 0.174999997 0.00500009954 0.155000001
19103 0.185000002 0.00500009954 0.0850000009
19104 0.185000002 0.00500009954 0.0949999988
19105 0.185000002 0.00500009954 0.104999997
19106 0.185000002 0.00500009954 0.114999995
19107 0.185000002 0.00500009954 0.125
19108 0.185000002 0.00500009954 0.13499999
19109 0.185000002 0.00500009954 0.144999996
19110 0.185000002 0.00500009954 0.155000001
19111 0.194999993 0.00500009954 0.0850000009
19112 0.194999993 0.00500009954 0.0949999988
19113 0.194999993 0.00500009954 0.104999997
19114 0.194999993 0.00500009954 0.114999995
19115 0.194999993 0.00500009954 0.125
19116 0.194999993 0.00500009954 0.13499999
19117 0.194999993 0.00500009954 0.144999996
19118 0.194999993 0.00500009954 0.155000001
19119 0.204999998 0.00500009954 0.0850000009
19120 0.204999998 0.00500009954 0.0949999988
19121 0.204999998 0.00500009954 0.104999997
19122 0.204999998 0.00500009954 0.114999995
19123 0.204999998 0.00500009954 0.125
19124 0.204999998 0.00500009954 0.13499999
19125 0.204999998 0.00500009954 0.144999996
19126 0.204999998 0.00500009954 0.155000001
19127 0.214999989 0.00500009954 0.0850000009
19128 0.214999989 0.00500009954 0.0949999988
19129 0.214999989 0.00500009954 0.104999997
19130 0.214999989 0.00500009954 0.114999995
19131 0.214999989 0.00500009954 0.125
19132 0.214999989 0.00500009954 0.13499999
19133 0.214999989 0.00500009954 0.144999996
19134 0.214999989 0.00500009954 0.155000001
19135 0.224999994 0.00500009954 0.0850000009
19136 0.224999994 0.00500009954 0.0949999988
19137 0.224999994 0.00500009954 0.104999997
19138 0.224999994 0.00500009954 0.114999995
19139 0.224999994 0.00500009954 0.125
19140 0.224999994 0.00500009954 0.13499999
19141 0.224999994 0.00500009954 0.144999996
19142 0.224999994 0.00500009954 0.155000001
19143 0.234999999 0.00500009954 0.0850000009
19144 0.234999999 0.00500009954 0.0949999988
19145 0.234999999 0.00500009954 0.104999997
19146 0.234999999 0.00500009954 0.114999995
19147 0.234999999 0.00500009954 0.125
19148 0.234999999 0.00500009954 0.13499999
19149 0.234999999 0.00500009954 0.144999996
19150 0.234999999 0.00500009954 0.155000001
19151 0.164999992 0.00500009954 0.164999992
19152 0.164999992 0.00500009954 0.174999997
19153 0.164999992 0.00500009954 0.185000002
19154 0.164999992 0.00500009954 0.194999993
19155 0.164999992 0.00500009954 0.204999998
19156 0.164999992 0.00500009954 0.214999989
19157 0.164999992 0.00500009954 0.224999994
19158 0.164999992 0.00500009954 0.234999999
19159 0.174999997 0.00500009954 0.164999992
19160 0.174999997 0.00500009954 0.174999997
19161 0.174999997 0.00500009954 0.185000002
19162 0.174999997 0.00500009954 0.194999993
19163 0.174999997 0.00500009954 0.204999998
19164 0.174999997 0.00500009954 0.214999989
19165 0.174999997 0.00500009954 0.224999994
19166 0.174999997 0.00500009954 0.234999999
19167 0.185000002 0.00500009954 0.164999992
19168 0.185000002 0.00500009954 0.174999997
19169 0.185000002 0.00500009954 0.185000002
19170 0.185000002 0.00500009954 0.194999993
19171 0.185000002 0.00500009954 0.204999998
19172 0.185000002 0.00500009954 0.214999989
19173 0.185000002 0.00500009954 0.224999994
19174 0.185000002 0.00500009954 0.234999999
19175 0.194999993 0.00500009954 0.164999992
19176 0.194999993 0.00500009954 0.174999997
19177 0.194999993 0.00500009954 0.185000002
19178 0.194999993 0.00500009954 0.194999993
19179 0.194999993 0.00500009954 0.204999998
19180 0.194999993 0.00500009954 0.214999989
19181 0.194999993 0.00500009954 0.224999994
19182 0.194999993 0.00500009954 0.234999999
19183 0.204999998 0.00500009954 0.164999992
19184 0.204999998 0.00500009954 0.174999997
19185 0.204999998 0.00500009954 0.185000002
19186 0.204999998 0.00500009954 0.194999993
19187 0.204999998 0.00500009954 0.204999998
19188 0.204999998 0.00500009954 0.214999989
19189 0.204999998 0.00500009954 0.224999994
19190 0.204999998 0.00500009954 0.234999999
19191 0.214999989 0.00500009954 0.164999992
19192 0.214999989 0.00500009954 0.174999997
19193 0.214999989 0.00500009954 0.185000002
19194 0.214999989 0.00500009954 0.194999993
19195 0.214999989 0.00500009954 0.204999998
19196 0.214999989 0.00500009954 0.214999989
19197 0.214999989 0.00500009954 0.224999994
19198 0.214999989 0.00500009954 0.234999999
19199 0.224999994 0.00500009954 0.164999992
19200 0.224999994 0.00500009954 0.174999997
19201 0.224999994 0.00500009954 0.185000002
19202 0.224999994 0.00500009954 0.194999993
19203 0.224999994 0.00500009954 0.204999998
19204 0.224999994 0.00500009954 0.214999989
19205 0.224999994 0.00500009954 0.224999994
19206 0.224999994 0.00500009954 0.234999999
19207 0.234999999 0.00500009954 0.164999992
19208 0.234999999 0.00500009954 0.174999997
19209 0.234999999 0.00500009954 0.185000002
19210 0.234999999 0.00500009954 0.194999993
19211 0.234999999 0.00500009954 0.204999998
19212 0.234999999 0.00500009954 0.214999989
19213 0.234999999 0.00500009954 0.224999994
19214 0.234999999 0.00500009954 0.234999999
19215 0.164999992 0.00500009954 0.24499999
19216 0.164999992 0.00500009954 0.254999995
19217 0.164999992 0.00500009954 0.264999986
19218 0.164999992 0.00500009954 0.275000006
19219 0.164999992 0.00500009954 0.284999996
19220 0.164999992 0.00500009954 0.294999987
19221 0.164999992 0.00500009954 0.305000007
19222 0.164999992 0.00500009954 0.314999998
19223 0.174999997 0.00500009954 0.24499999
19224 0.174999997 0.00500009954 0.254999995
19225 0.174999997 0.00500009954 0.264999986
19226 0.174999997 0.00500009954 0.275000006
19227 0.174999997 0.00500009954 0.284999996
19228 0.174999997 0.00500009954 0.294999987
19229 0.174999997 0.00500009954 0.305000007
19230 0.174999997 0.00500009954 0.314999998
19231 0.185000002 0.00500009954 0.24499999
19232 0.185000002 0.00500009954 0.254999995
19233 0.185000002 0.00500009954 0.264999986
19234 0.185000002 0.00500009954 0.275000006
19235 0.185000002 0.00500009954 0.284999996
19236 0.185000002 0.00500009954 0.294999987
19237 0.185000002 0.00500009954 0.305000007
19238 0.185000002 0.00500009954 0.314999998
19239 0.194999993 0.00500009954 0.24499999
19240 0.194999993 0.00500009954 0.254999995
19241 0.194999993 0.00500009954 0.264999986
19242 0.194999993 0.00500009954 0.275000006
19243 0.194999993 0.00500009954 0.284999996
19244 0.194999993 0.00500009954 0.294999987
19245 0.194999993 0.00500009954 0.305000007
19246 0.194999993 0.00500009954 0.314999998
19247 0.204999998 0.00500009954 0.24499999
19248 0.204999998 0.00500009954 0.254999995
19249 0.204999998 0.00500009954 0.264999986
19250 0.204999998 0.00500009954 0.275000006
19251 0.204999998 0.00500009954 0.284999996
19252 0.204999998 0.00500009954 0.294999987
19253 0.204999998 0.00500009954 0.305000007
19254 0.204999998 0.00500009954 0.314999998
19255 0.214999989 0.00500009954 0.24499999
19256 0.214999989 0.00500009954 0.254999995
19257 0.214999989 0.00500009954 0.264999986
19258 0.214999989 0.00500009954 0.275000006
19259 0.214999989 0.00500009954 0.284999996
19260 0.214999989 0.00500009954 0.294999987
19261 0.214999989 0.00500009954 0.305000007
19262 0.214999989 0.00500009954 0.314999998
19263 0.224999994 0.00500009954 0.24499999
19264 0.224999994 0.00500009954 0.254999995
19265 0.224999994 0.00500009954 0.264999986
19266 0.224999994 0.00500009954 0.275000006
19267 0.224999994 0.00500009954 0.284999996
19268 0.224999994 0.00500009954 0.294999987
19269 0.224999994 0.00500009954 0.305000007
19270 0.224999994 0.00500009954 0.314999998
19271 0.234999999 0.00500009954 0.24499999
19272 0.234999999 0.00500009954 0.254999995
19273 0.234999999 0.00500009954 0.264999986
19274 0.234999999 0.00500009954 0.275000006
19275 0.234999999 0.00500009954 0.284999996
19276 0.234999999 0.00500009954 0.294999987
19277 0.234999999 0.00500009954 0.305000007
19278 0.234999999 0.00500009954 0.314999998
19279 0.164999992 0.00500009954 0.324999988
19280 0.164999992 0.00500009954 0.334999979
19281 0.164999992 0.00500009954 0.344999999
19282 0.164999992 0.00500009954 0.354999989
19283 0.164999992 0.00500009954 0.36499998
19284 0.164999992 0.00500009954 0.375
19285 0.164999992 0.00500009954 0.38499999
19286 0.164999992 0.00500009954 0.394999981
19287 0.174999997 0.00500009954 0.324999988
19288 0.174999997 0.00500009954 0.334999979
19289 0.174999997 0.00500009954 0.344999999
19290 0.174999997 0.00500009954 0.354999989
19291 0.174999997 0.00500009954 0.36499998
19292 0.174999997 0.00500009954 0.375
19293 0.174999997 0.00500009954 0.38499999
19294 0.174999997 0.00500009954 0.394999981
19295 0.185000002 0.00500009954 0.324999988
19296 0.185000002 0.00500009954 0.334999979
19297 0.185000002 0.00500009954 0.344999999
19298 0.185000002 0.00500009954 0.354999989
19299 0.185000002 0.00500009954 0.36499998
19300 0.185000002 0.00500009954 0.375
19301 0.185000002 0.00500009954 0.38499999
19302 0.185000002 0.00500009954 0.394999981
19303 0.194999993 0.00500009954 0.324999988
19304 0.194999993 0.00500009954 0.334999979
19305 0.194999993 0.00500009954 0.344999999
19306 0.194999993 0.00500009954 0.354999989
19307 0.194999993 0.00500009954 0.36499998
19308 0.194999993 0.00500009954 0.375
19309 0.194999993 0.00500009954 0.38499999
19310 0.194999993 0.00500009954 0.394999981
19311 0.204999998 0.00500009954 0.324999988
19312 0.204999998 0.00500009954 0.334999979
19313 0.204999998 0.00500009954 0.344999999
19314 0.204999998 0.00500009954 0.354999989
19315 0.204999998 0.00500009954 0.36499998
19316 0.204999998 0.00500009954 0.375
19317 0.204999998 0.00500009954 0.38499999
19318 0.204999998 0.00500009954 0.394999981
19319 0.214999989 0.00500009954 0.324999988
19320 0.214999989 0.00500009954 0.334999979
19321 0.214999989 0.00500009954 0.344999999
19322 0.214999989 0.00500009954 0.354999989
19323 0.214999989 0.00500009954 0.36499998
19324 0.214999989 0.00500009954 0.375
19325 0.214999989 0.00500009954 0.38499999
19326 0.214999989 0.00500009954 0.394999981
19327 0.224999994 0.00500009954 0.324999988
19328 0.224999994 0.00500009954 0.334999979
19329 0.224999994 0.00500009954 0.344999999
19330 0.224999994 0.00500009954 0.354999989
19331 0.224999994 0.00500009954 0.36499998
19332 0.224999994 0.00500009954 0.375
19333 0.224999994 0.00500009954 0.38499999
19334 0.224999994 0.00500009954 0.394999981
19335 0.234999999 0.00500009954 0.324999988
19336 0.234999999 0.00500009954 0.334999979
19337 0.234999999 0.00500009954 0.344999999
19338 0.234999999 0.00500009954 0.354999989
19339 0.234999999 0.00500009954 0.36499998
19340 0.234999999 0.00500009954 0.375
19341 0.234999999 0.00500009954 0.38499999
19342 0.234999999 0.00500009954 0.394999981
19343 0.164999992 0.00500009954 0.405000001
19344 0.164999992 0.00500009954 0.414999992
19345 0.164999992 0.00500009954 0.424999982
19346 0.164999992 0.00500009954 0.435000002
19347 0.164999992 0.00500009954 0.444999993
19348 0.164999992 0.00500009954 0.454999983
19349 0.164999992 0.00500009954 0.465000004
19350 0.164999992 0.00500009954 0.474999994
19351 0.174999997 0.00500009954 0.405000001
19352 0.174999997 0.00500009954 0.414999992
19353 0.174999997 0.00500009954 0.424999982
19354 0.174999997 0.00500009954 0.435000002
19355 0.174999997 0.00500009954 0.444999993
19356 0.174999997 0.00500009954 0.454999983
19357 0.174999997 0.00500009954 0.465000004
19358 0.174999997 0.00500009954 0.474999994
19359 0.185000002 0.00500009954 0.405000001
19360 0.185000002 0.00500009954 0.414999992
19361 0.185000002 0.00500009954 0.424999982
19362 0.185000002 0.00500009954 0.435000002
19363 0.185000002 0.00500009954 0.444999993
19364 0.185000002 0.00500009954 0.454999983
19365 0.185000002 0.00500009954 0.465000004
19366 0.185000002 0.00500009954 0.474999994
19367 0.194999993 0.00500009954 0.405000001
19368 0.194999993 0.00500009954 0.414999992
19369 0.194999993 0.00500009954 0.424999982
19370 0.194999993 0.00500009954 0.435000002
19371 0.194999993 0.00500009954 0.444999993
19372 0.194999993 0.00500009954 0.454999983
19373 0.194999993 0.00500009954 0.465000004
19374 0.194999993 0.00500009954 0.474999994
19375 0.204999998 0.00500009954 0.405000001
19376 0.204999998 0.00500009954 0.414999992
19377 0.204999998 0.00500009954 0.424999982
19378 0.204999998 0.00500009954 0.435000002
19379 0.204999998 0.00500009954 0.444999993
19380 0.204999998 0.00500009954 0.454999983
19381 0.204999998 0.00500009954 0.465000004
19382 0.204999998 0.00500009954 0.474999994
19383 0.214999989 0.00500009954 0.405000001
19384 0.214999989 0.00500009954 0.414999992
19385 0.214999989 0.00500009954 0.424999982
19386 0.214999989 0.00500009954 0.435000002
19387 0.214999989 0.00500009954 0.444999993
19388 0.214999989 0.00500009954 0.454999983
19389 0.214999989 0.00500009954 0.465000004
19390 0.214999989 0.00500009954 0.474999994
19391 0.224999994 0.00500009954 0.405000001
19392 0.224999994 0.00500009954 0.414999992
19393 0.224999994 0.00500009954 0.424999982
19394 0.224999994 0.00500009954 0.435000002
19395 0.224999994 0.00500009954 0.444999993
19396 0.224999994 0.00500009954 0.454999983
19397 0.224999994 0.00500009954 0.465000004
19398 0.224999994 0.00500009954 0.474999994
19399 0.234999999 0.00500009954 0.405000001
19400 0.234999999 0.00500009954 0.414999992
19401 0.234999999 0.00500009954 0.424999982
19402 0.234999999 0.00500009954 0.435000002
19403 0.234999999 0.00500009954 0.444999993
19404 0.234999999 0.00500009954 0.454999983
19405 0.234999999 0.00500009954 0.465000004
19406 0.234999999 0.00500009954 0.474999994
19407 0.164999992 0.00500009954 0.484999985
19408 0.164999992 0.00250014942 0.494999975
19409 0.164999992 9.96515155e-08 0.50000006
19410 0.174999997 0.00500009954 0.484999985
19411 0.174999997 0.00250014942 0.494999975
19412 0.174999997 9.96515155e-08 0.50000006
19413 0.185000002 0.00500009954 0.484999985
19414 0.185000002 0.00250014942 0.494999975
19415 0.185000002 9.96515155e-08 0.50000006
19416 0.194999993 0.00500009954 0.484999985
19417 0.194999993 0.00250014942 0.494999975
19418 0.194999993 9.96515155e-08 0.50000006
19419 0.204999998 0.00500009954 0.484999985
19420 0.204999998 0.00250014942 0.494999975
19421 0.204999998 9.96515155e-08 0.50000006
19422 0.214999989 0.00500009954 0.484999985
19423 0.214999989 0.00250014942 0.494999975
19424 0.214999989 9.96515155e-08 0.50000006
19425 0.224999994 0.00500009954 0.484999985
19426 0.224999994 0.00250014942 0.494999975
19427 0.224999994 9.96515155e-08 0.50000006
19428 0.234999999 0.00500009954 0.484999985
19429 0.234999999 0.00250014942 0.494999975
19430 0.234999999 9.96515155e-08 0.50000006
19431 0.24499999 0.00500009954 0.00499999989
19432 0.24499999 0.00500009954 0.0149999997
19433 0.24499999 0.00500009954 0.0249999985
19434 0.24499999 0.00500009954 0.0350000001
19435 0.24499999 0.00500009954 0.0449999981
19436 0.24499999 0.00500009954 0.0549999997
19437 0.24499999 0.00500009954 0.0649999976
19438 0.24499999 0.00500009954 0.0749999955
19439 0.254999995 0.00500009954 0.00499999989
19440 0.254999995 0.00500009954 0.0149999997
19441 0.254999995 0.00500009954 0.0249999985
19442 0.254999995 0.00500009954 0.0350000001
19443 0.254999995 0.00500009954 0.0449999981
19444 0.254999995 0.00500009954 0.0549999997
19445 0.254999995 0.00500009954 0.0649999976
19446 0.254999995 0.00500009954 0.0749999955
19447 0.264999986 0.00500009954 0.00499999989
19448 0.264999986 0.00500009954 0.0149999997
19449 0.264999986 0.00500009954 0.0249999985
19450 0.264999986 0.00500009954 0.0350000001
19451 0.264999986 0.00500009954 0.0449999981
19452 0.264999986 0.00500009954 0.0549999997
19453 0.264999986 0.00500009954 0.0649999976
19454 0.264999986 0.00500009954 0.0749999955
19455 0.275000006 0.00500009954 0.00499999989
19456 0.275000006 0.00500009954 0.0149999997
19457 0.275000006 0.00500009954 0.0249999985
19458 0.275000006 0.00500009954 0.0350000001
19459 0.275000006 0.00500009954 0.0449999981
19460 0.275000006 0.00500009954 0.0549999997
19461 0.275000006 0.00500009954 0.0649999976
19462 0.275000006 0.00500009954 0.0749999955
19463 0.284999996 0.00500009954 0.00499999989
19464 0.284999996 0.00500009954 0.0149999997
19465 0.284999996 0.00500009954 0.0249999985
19466 0.284999996 0.00500009954 0.0350000001
19467 0.284999996 0.00500009954 0.0449999981
19468 0.284999996 0.00500009954 0.0549999997
19469 0.284999996 0.00500009954 0.0649999976
19470 0.284999996 0.00500009954 0.0749999955
19471 0.294999987 0.00500009954 0.00499999989
19472 0.294999987 0.00500009954 0.0149999997
19473 0.294999987 0.00500009954 0.0249999985
19474 0.294999987 0.00500009954 0.0350000001
19475 0.294999987 0.00500009954 0.0449999981
19476 0.294999987 0.00500009954 0.0549999997
19477 0.294999987 0.00500009954 0.0649999976
19478 0.294999987 0.00500009954 0.0749999955
19479 0.305000007 0.00500009954 0.00499999989
19480 0.305000007 0.00500009954 0.0149999997
19481 0.305000007 0.00500009954 0.0249999985
19482 0.305000007 0.00500009954 0.0350000001
19483 0.305000007 0.00500009954 0.0449999981
19484 0.305000007 0.00500009954 0.0549999997
19485 0.305000007 0.00500009954 0.0649999976
19486 0.305000007 0.00500009954 0.0749999955
19487 0.314999998 0.00500009954 0.00499999989
19488 0.314999998 0.00500009954 0.0149999997
19489 0.314999998 0.00500009954 0.0249999985
19490 0.314999998 0.00500009954 0.0350000001
19491 0.314999998 0.00500009954 0.0449999981
19492 0.314999998 0.00500009954 0.0549999997
19493 0.314999998 0.00500009954 0.0649999976
19494 0.314999998 0.00500009954 0.0749999955
19495 0.24499999 0.00500009954 0.0850000009
19496 0.24499999 0.00500009954 0.0949999988
19497 0.24499999 0.00500009954 0.104999997
19498 0.24499999 0.00500009954 0.114999995
19499 0.24499999 0.00500009954 0.125
19500 0.24499999 0.00500009954 0.13499999
19501 0.24499999 0.00500009954 0.144999996
19502 0.24499999 0.00500009954 0.155000001
19503 0.254999995 0.00500009954 0.0850000009
19504 0.254999995 0.00500009954 0.0949999988
19505 0.254999995 0.00500009954 0.104999997
19506 0.254999995 0.00500009954 0.114999995
19507 0.254999995 0.00500009954 0.125
19508 0.254999995 0.00500009954 0.13499999
19509 0.254999995 0.00500009954 0.144999996
19510 0.254999995 0.00500009954 0.155000001
19511 0.264999986 0.00500009954 0.0850000009
19512 0.264999986 0.00500009954 0.0949999988
19513 0.264999986 0.00500009954 0.104999997
19514 0.264999986 0.00500009954 0.114999995
19515 0.264999986 0.00500009954 0.125
19516 0.264999986 0.00500009954 0.13499999
19517 0.264999986 0.00500009954 0.144999996
19518 0.264999986 0.00500009954 0.155000001
19519 0.275000006 0.00500009954 0.0850000009
19520 0.275000006 0.00500009954 0.0949999988
19521 0.275000006 0.00500009954 0.104999997
19522 0.275000006 0.00500009954 0.114999995
19523 0.275000006 0.00500009954 0.125
19524 0.275000006 0.00500009954 0.13499999
19525 0.275000006 0.00500009954 0.144999996
19526 0.275000006 0.00500009954 0.155000001
19527 0.284999996 0.00500009954 0.0850000009
19528 0.284999996 0.00500009954 0.0949999988
19529 0.284999996 0.00500009954 0.104999997
19530 0.284999996 0.00500009954 0.114999995
19531 0.284999996 0.00500009954 0.125
19532 0.284999996 0.00500009954 0.13499999
19533 0.284999996 0.00500009954 0.144999996
19534 0.284999996 0.00500009954 0.155000001
19535 0.294999987 0.00500009954 0.0850000009
19536 0.294999987 0.00500009954 0.0949999988
19537 0.294999987 0.00500009954 0.104999997
19538 0.294999987 0.00500009954 0.114999995
19539 0.294999987 0.00500009954 0.125
19540 0.294999987 0.00500009954 0.13499999
19541 0.294999987 0.00500009954 0.144999996
19542 0.294999987 0.00500009954 0.155000001
19543 0.305000007 0.00500009954 0.0850000009
19544 0.305000007 0.00500009954 0.0949999988
19545 0.305000007 0.00500009954 0.104999997
19546 0.305000007 0.00500009954 0.114999995
19547 0.305000007 0.00500009954 0.125
19548 0.305000007 0.00500009954 0.13499999
19549 0.305000007 0.00500009954 0.144999996
19550 0.305000007 0.00500009954 0.155000001
19551 0.314999998 0.00500009954 0.0850000009
19552 0.314999998 0.00500009954 0.0949999988
19553 0.314999998 0.00500009954 0.104999997
19554 0.314999998 0.00500009954 0.114999995
19555 0.314999998 0.00500009954 0.125
19556 0.314999998 0.00500009954 0.13499999
19557 0.314999998 0.00500009954 0.144999996
19558 0.314999998 0.00500009954 0.155000001
19559 0.24499999 0.00500009954 0.164999992
19560 0.24499999 0.00500009954 0.174999997
19561 0.24499999 0.00500009954 0.185000002
19562 0.24499999 0.00500009954 0.194999993
19563 0.24499999 0.00500009954 0.204999998
19564 0.24499999 0.00500009954 0.214999989
19565 0.24499999 0.00500009954 0.224999994
19566 0.24499999 0.00500009954 0.234999999
19567 0.254999995 0.00500009954 0.164999992
19568 0.254999995 0.00500009954 0.174999997
19569 0.254999995 0.00500009954 0.185000002
19570 0.254999995 0.00500009954 0.194999993
19571 0.254999995 0.00500009954 0.204999998
19572 0.254999995 0.00500009954 0.214999989
19573 0.254999995 0.00500009954 0.224999994
19574 0.254999995 0.00500009954 0.234999999
19575 0.264999986 0.00500009954 0.164999992
19576 0.264999986 0.00500009954 0.174999997
19577 0.264999986 0.00500009954 0.185000002
19578 0.264999986 0.00500009954 0.194999993
19579 0.264999986 0.00500009954 0.204999998
19580 0.264999986 0.00500009954 0.214999989
19581 0.264999986 0.00500009954 0.224999994
19582 0.264999986 0.00500009954 0.234999999
19583 0.275000006 0.00500009954 0.164999992
19584 0.275000006 0.00500009954 0.174999997
19585 0.275000006 0.00500009954 0.185000002
19586 0.275000006 0.00500009954 0.194999993
19587 0.275000006 0.00500009954 0.204999998
19588 0.275000006 0.00500009954 0.214999989
19589 0.275000006 0.00500009954 0.224999994
19590 0.275000006 0.00500009954 0.234999999
19591 0.284999996 0.00500009954 0.164999992
19592 0.284999996 0.00500009954 0.174999997
19593 0.284999996 0.00500009954 0.185000002
19594 0.284999996 0.00500009954 0.194999993
19595 0.284999996 0.00500009954 0.204999998
19596 0.284999996 0.00500009954 0.214999989
19597 0.284999996 0.00500009954 0.224999994
19598 0.284999996 0.00500009954 0.234999999
19599 0.294999987 0.00500009954 0.164999992
19600 0.294999987 0.00500009954 0.174999997
19601 0.294999987 0.00500009954 0.185000002
19602 0.294999987 0.00500009954 0.194999993
19603 0.294999987 0.00500009954 0.204999998
19604 0.294999987 0.00500009954 0.214999989
19605 0.294999987 0.00500009954 0.224999994
19606 0.294999987 0.00500009954 0.234999999
19607 0.305000007 0.00500009954 0.164999992
19608 0.305000007 0.00500009954 0.174999997
19609 0.305000007 0.00500009954 0.185000002
19610 0.305000007 0.00500009954 0.194999993
19611 0.305000007 0.00500009954 0.204999998
19612 0.305000007 0.00500009954 0.214999989
19613 0.305000007 0.00500009954 0.224999994
19614 0.305000007 0.00500009954 0.234999999
19615 0.314999998 0.00500009954 0.164999992
19616 0.314999998 0.00500009954 0.174999997
19617 0.314999998 0.00500009954 0.185000002
19618 0.314999998 0.00500009954 0.194999993
19619 0.314999998 0.00500009954 0.204999998
19620 0.314999998 0.00500009954 0.214999989
19621 0.314999998 0.00500009954 0.224999994
19622 0.314999998 0.00500009954 0.234999999
19623 0.24499999 0.00500009954 0.24499999
19624 0.24499999 0.00500009954 0.254999995
19625 0.24499999 0.00500009954 0.264999986
19626 0.24499999 0.00500009954 0.275000006
19627 0.24499999 0.00500009954 0.284999996
19628 0.24499999 0.00500009954 0.294999987
19629 0.24499999 0.00500009954 0.305000007
19630 0.24499999 0.00500009954 0.314999998
19631 0.254999995 0.00500009954 0.24499999
19632 0.254999995 0.00500009954 0.254999995
19633 0.254999995 0.00500009954 0.264999986
19634 0.254999995 0.00500009954 0.275000006
19635 0.254999995 0.00500009954 0.284999996
19636 0.254999995 0.00500009954 0.294999987
19637 0.254999995 0.00500009954 0.305000007
19638 0.254999995 0.00500009954 0.314999998
19639 0.264999986 0.00500009954 0.24499999
19640 0.264999986 0.00500009954 0.254999995
19641 0.264999986 0.00500009954 0.264999986
19642 0.264999986 0.00500009954 0.275000006
19643 0.264999986 0.00500009954 0.284999996
19644 0.264999986 0.00500009954 0.294999987
19645 0.264999986 0.00500009954 0.305000007
19646 0.264999986 0.00500009954 0.314999998
19647 0.275000006 0.00500009954 0.24499999
19648 0.275000006 0.00500009954 0.254999995
19649 0.275000006 0.00500009954 0.264999986
19650 0.275000006 0.00500009954 0.275000006
19651 0.275000006 0.00500009954 0.284999996
19652 0.275000006 0.00500009954 0.294999987
19653 0.275000006 0.00500009954 0.305000007
19654 0.275000006 0.00500009954 0.314999998
19655 0.284999996 0.00500009954 0.24499999
19656 0.284999996 0.00500009954 0.254999995
19657 0.284999996 0.00500009954 0.264999986
19658 0.284999996 0.00500009954 0.275000006
19659 0.284999996 0.00500009954 0.284999996
19660 0.284999996 0.00500009954 0.294999987
19661 0.284999996 0.00500009954 0.305000007
19662 0.284999996 0.00500009954 0.314999998
19663 0.294999987 0.00500009954 0.24499999
19664 0.294999987 0.00500009954 0.254999995
19665 0.294999987 0.00500009954 0.264999986
19666 0.294999987 0.00500009954 0.275000006
19667 0.294999987 0.00500009954 0.284999996
19668 0.294999987 0.00500009954 0.294999987
19669 0.294999987 0.00500009954 0.305000007
19670 0.294999987 0.00500009954 0.314999998
19671 0.305000007 0.00500009954 0.24499999
19672 0.305000007 0.00500009954 0.254999995
19673 0.305000007 0.00500009954 0.264999986
19674 0.305000007 0.00500009954 0.275000006
19675 0.305000007 0.00500009954 0.284999996
19676 0.305000007 0.00500009954 0.294999987
19677 0.305000007 0.00500009954 0.305000007
19678 0.305000007 0.00500009954 0.314999998
19679 0.314999998 0.00500009954 0.24499999
19680 0.314999998 0.00500009954 0.254999995
19681 0.314999998 0.00500009954 0.264999986
19682 0.314999998 0.00500009954 0.275000006
19683 0.314999998 0.00500009954 0.284999996
19684 0.314999998 0.00500009954 0.294999987
19685 0.314999998 0.00500009954 0.305000007
19686 0.314999998 0.00500009954 0.314999998
19687 0.24499999 0.00500009954 0.324999988
19688 0.24499999 0.00500009954 0.334999979
19689 0.24499999 0.00500009954 0.344999999
19690 0.24499999 0.00500009954 0.354999989
19691 0.24499999 0.00500009954 0.36499998
19692 0.24499999 0.00500009954 0.375
19693 0.24499999 0.00500009954 0.38499999
19694 0.24499999 0.00500009954 0.394999981
19695 0.254999995 0.00500009954 0.324999988
19696 0.254999995 0.00500009954 0.334999979
19697 0.254999995 0.00500009954 0.344999999
19698 0.254999995 0.00500009954 0.354999989
19699 0.254999995 0.00500009954 0.36499998
19700 0.254999995 0.00500009954 0.375
19701 0.254999995 0.00500009954 0.38499999
19702 0.254999995 0.00500009954 0.394999981
19703 0.264999986 0.00500009954 0.324999988
19704 0.264999986 0.00500009954 0.334999979
19705 0.264999986 0.00500009954 0.344999999
19706 0.264999986 0.00500009954 0.354999989
19707 0.264999986 0.00500009954 0.36499998
19708 0.264999986 0.00500009954 0.375
19709 0.264999986 0.00500009954 0.38499999
19710 0.264999986 0.00500009954 0.394999981
19711 0.275000006 0.00500009954 0.324999988
19712 0.275000006 0.00500009954 0.334999979
19713 0.275000006 0.00500009954 0.344999999
19714 0.275000006 0.00500009954 0.354999989
19715 0.275000006 0.00500009954 0.36499998
19716 0.275000006 0.00500009954 0.375
19717 0.275000006 0.00500009954 0.38499999
19718 0.275000006 0.00500009954 0.394999981
19719 0.284999996 0.00500009954 0.324999988
19720 0.284999996 0.00500009954 0.334999979
19721 0.284999996 0.00500009954 0.344999999
19722 0.284999996 0.00500009954 0.354999989
19723 0.284999996 0.00500009954 0.36499998
19724 0.284999996 0.00500009954 0.375
19725 0.284999996 0.00500009954 0.38499999
19726 0.284999996 0.00500009954 0.394999981
19727 0.294999987 0.00500009954 0.324999988
19728 0.294999987 0.00500009954 0.334999979
19729 0.294999987 0.00500009954 0.344999999
19730 0.294999987 0.00500009954 0.354999989
19731 0.294999987 0.00500009954 0.36499998
19732 0.294999987 0.00500009954 0.375
19733 0.294999987 0.00500009954 0.38499999
19734 0.294999987 0.00500009954 0.394999981
19735 0.305000007 0.00500009954 0.324999988
19736 0.305000007 0.00500009954 0.334999979
19737 0.305000007 0.00500009954 0.344999999
19738 0.305000007 0.00500009954 0.354999989
19739 0.305000007 0.00500009954 0.36499998
19740 0.305000007 0.00500009954 0.375
19741 0.305000007 0.00500009954 0.38499999
19742 0.305000007 0.00500009954 0.394999981
19743 0.314999998 0.00500009954 0.324999988
19744 0.314999998 0.00500009954 0.334999979
19745 0.314999998 0.00500009954 0.344999999
19746 0.314999998 0.00500009954 0.354999989
19747 0.314999998 0.00500009954 0.36499998
19748 0.314999998 0.00500009954 0.375
19749 0.314999998 0.00500009954 0.38499999
19750 0.314999998 0.00500009954 0.394999981
19751 0.24499999 0.00500009954 0.405000001
19752 0.24499999 0.00500009954 0.414999992
19753 0.24499999 0.00500009954 0.424999982
19754 0.24499999 0.00500009954 0.435000002
19755 0.24499999 0.00500009954 0.444999993
19756 0.24499999 0.00500009954 0.454999983
19757 0.24499999 0.00500009954 0.465000004
19758 0.24499999 0.00500009954 0.474999994
19759 0.254999995 0.00500009954 0.405000001
19760 0.254999995 0.00500009954 0.414999992
19761 0.254999995 0.00500009954 0.424999982
19762 0.254999995 0.00500009954 0.435000002
19763 0.254999995 0.00500009954 0.444999993
19764 0.254999995 0.00500009954 0.454999983
19765 0.254999995 0.00500009954 0.465000004
19766 0.254999995 0.00500009954 0.474999994
19767 0.264999986 0.00500009954 0.405000001
19768 0.264999986 0.00500009954 0.414999992
19769 0.264999986 0.00500009954 0.424999982
19770 0.264999986 0.00500009954 0.435000002
19771 0.264999986 0.00500009954 0.444999993
19772 0.264999986 0.00500009954 0.454999983
19773 0.264999986 0.00500009954 0.465000004
19774 0.264999986 0.00500009954 0.474999994
19775 0.275000006 0.00500009954 0.405000001
19776 0.275000006 0.00500009954 0.414999992
19777 0.275000006 0.00500009954 0.424999982
19778 0.275000006 0.00500009954 0.435000002
19779 0.275000006 0.00500009954 0.444999993
19780 0.275000006 0.00500009954 0.454999983
19781 0.275000006 0.00500009954 0.465000004
19782 0.275000006 0.00500009954 0.474999994
19783 0.284999996 0.00500009954 0.405000001
19784 0.284999996 0.00500009954 0.414999992
19785 0.284999996 0.00500009954 0.424999982
19786 0.284999996 0.00500009954 0.435000002
19787 0.284999996 0.00500009954 0.444999993
19788 0.284999996 0.00500009954 0.454999983
19789 0.284999996 0.00500009954 0.465000004
19790 0.284999996 0.00500009954 0.474999994
19791 0.294999987 0.00500009954 0.405000001
19792 0.294999987 0.00500009954 0.414999992
19793 0.294999987 0.00500009954 0.424999982
19794 0.294999987 0.00500009954 0.435000002
19795 0.294999987 0.00500009954 0.444999993
19796 0.294999987 0.00500009954 0.454999983
19797 0.294999987 0.00500009954 0.465000004
19798 0.294999987 0.00500009954 0.474999994
19799 0.305000007 0.00500009954 0.405000001
19800 0.305000007 0.00500009954 0.414999992
19801 0.305000007 0.00500009954 0.424999982
19802 0.305000007 0.00500009954 0.435000002
19803 0.305000007 0.00500009954 0.444999993
19804 0.305000007 0.00500009954 0.454999983
19805 0.305000007 0.00500009954 0.465000004
19806 0.305000007 0.00500009954 0.474999994
19807 0.314999998 0.00500009954 0.405000001
19808 0.314999998 0.00500009954 0.414999992
19809 0.314999998 0.00500009954 0.424999982
19810 0.314999998 0.00500009954 0.435000002
19811 0.314999998 0.00500009954 0.444999993
19812 0.314999998 0.00500009954 0.454999983
19813 0.314999998 0.00500009954 0.465000004
19814 0.314999998 0.00500009954 0.474999994
19815 0.24499999 0.00500009954 0.484999985
19816 0.24499999 0.00250014942 0.494999975
19817 0.24499999 9.96515155e-08 0.50000006
19818 0.254999995 0.00500009954 0.484999985
19819 0.254999995 0.00250014942 0.494999975
19820 0.254999995 9.96515155e-08 0.50000006
19821 0.264999986 0.00500009954 0.484999985
19822 0.264999986 0.00250014942 0.494999975
19823 0.264999986 9.96515155e-08 0.50000006
19824 0.275000006 0.00500009954 0.484999985
19825 0.275000006 0.00250014942 0.494999975
19826 0.275000006 9.96515155e-08 0.50000006
19827 0.284999996 0.00500009954 0.484999985
19828 0.284999996 0.00250014942 0.494999975
19829 0.284999996 9.96515155e-08 0.50000006
19830 0.294999987 0.00500009954 0.484999985
19831 0.294999987 0.00250014942 0.494999975
19832 0.294999987 9.96515155e-08 0.50000006
19833 0.305000007 0.00500009954 0.484999985
19834 0.305000007 0.00250014942 0.494999975
19835 0.305000007 9.96515155e-08 0.50000006
19836 0.314999998 0.00500009954 0.484999985
19837 0.314999998 0.00250014942 0.494999975
19838 0.314999998 9.96515155e-08 0.50000006
19839 0.324999988 0.00500009954 0.00499999989
19840 0.324999988 0.00500009954 0.0149999997
19841 0.324999988 0.00500009954 0.0249999985
19842 0.324999988 0.00500009954 0.0350000001
19843 0.324999988 0.00500009954 0.0449999981
19844 0.324999988 0.00500009954 0.0549999997
19845 0.324999988 0.00500009954 0.0649999976
19846 0.324999988 0.00500009954 0.0749999955
19847 0.334999979 0.00500009954 0.00499999989
19848 0.334999979 0.00500009954 0.0149999997
19849 0.334999979 0.00500009954 0.0249999985
19850 0.334999979 0.00500009954 0.0350000001
19851 0.334999979 0.00500009954 0.0449999981
19852 0.334999979 0.00500009954 0.0549999997
19853 0.334999979 0.00500009954 0.0649999976
19854 0.334999979 0.00500009954 0.0749999955
19855 0.344999999 0.00500009954 0.00499999989
19856 0.344999999 0.00500009954 0.0149999997
19857 0.344999999 0.00500009954 0.0249999985
19858 0.344999999 0.00500009954 0.0350000001
19859 0.344999999 0.00500009954 0.0449999981
19860 0.344999999 0.00500009954 0.0549999997
19861 0.344999999 0.00500009954 0.0649999976
19862 0.344999999 0.00500009954 0.0749999955
19863 0.354999989 0.00500009954 0.00499999989
19864 0.354999989 0.00500009954 0.0149999997
19865 0.354999989 0.00500009954 0.0249999985
19866 0.354999989 0.00500009954 0.0350000001
19867 0.354999989 0.00500009954 0.0449999981
19868 0.354999989 0.00500009954 0.0549999997
19869 0.354999989 0.00500009954 0.0649999976
19870 0.354999989 0.00500009954 0.0749999955
19871 0.36499998 0.00500009954 0.00499999989
19872 0.36499998 0.00500009954 0.0149999997
19873 0.36499998 0.00500009954 0.0249999985
19874 0.36499998 0.00500009954 0.0350000001
19875 0.36499998 0.00500009954 0.0449999981
19876 0.36499998 0.00500009954 0.0549999997
19877 0.36499998 0.00500009954 0.0649999976
19878 0.36499998 0.00500009954 0.0749999955
19879 0.375 0.00500009954 0.00499999989
19880 0.375 0.00500009954 0.0149999997
19881 0.375 0.00500009954 0.0249999985
19882 0.375 0.00500009954 0.0350000001
19883 0.375 0.00500009954 0.0449999981
19884 0.375 0.00500009954 0.0549999997
19885 0.375 0.00500009954 0.0649999976
19886 0.375 0.00500009954 0.0749999955
19887 0.38499999 0.00500009954 0.00499999989
19888 0.38499999 0.00500009954 0.0149999997
19889 0.38499999 0.00500009954 0.0249999985
19890 0.38499999 0.00500009954 0.0350000001
19891 0.38499999 0.00500009954 0.0449999981
19892 0.38499999 0.00500009954 0.0549999997
19893 0.38499999 0.00500009954 0.0649999976
19894 0.38499999 0.00500009954 0.0749999955
19895 0.394999981 0.00500009954 0.00499999989
19896 0.394999981 0.00500009954 0.0149999997
19897 0.394999981 0.00500009954 0.0249999985
19898 0.394999981 0.00500009954 0.0350000001
19899 0.394999981 0.00500009954 0.0449999981
19900 0.394999981 0.00500009954 0.0549999997
19901 0.394999981 0.00500009954 0.0649999976
19902 0.394999981 0.00500009954 0.0749999955
19903 0.324999988 0.00500009954 0.0850000009
19904 0.324999988 0.00500009954 0.0949999988
19905 0.324999988 0.00500009954 0.104999997
19906 0.324999988 0.00500009954 0.114999995
19907 0.324999988 0.00500009954 0.125
19908 0.324999988 0.00500009954 0.13499999
19909 0.324999988 0.00500009954 0.144999996
19910 0.324999988 0.00500009954 0.155000001
19911 0.334999979 0.00500009954 0.0850000009
19912 0.334999979 0.00500009954 0.0949999988
19913 0.334999979 0.00500009954 0.104999997
19914 0.334999979 0.00500009954 0.114999995
19915 0.334999979 0.00500009954 0.125
19916 0.334999979 0.00500009954 0.13499999
19917 0.334999979 0.00500009954 0.144999996
19918 0.334999979 0.00500009954 0.155000001
19919 0.344999999 0.00500009954 0.0850000009
19920 0.344999999 0.00500009954 0.0949999988
19921 0.344999999 0.00500009954 0.104999997
19922 0.344999999 0.00500009954 0.114999995
19923 0.344999999 0.00500009954 0.125
19924 0.344999999 0.00500009954 0.13499999
19925 0.344999999 0.00500009954 0.144999996
19926 0.344999999 0.00500009954 0.155000001
19927 0.354999989 0.00500009954 0.0850000009
19928 0.354999989 0.00500009954 0.0949999988
19929 0.354999989 0.00500009954 0.104999997
19930 0.354999989 0.00500009954 0.114999995
19931 0.354999989 0.00500009954 0.125
19932 0.354999989 0.00500009954 0.13499999
19933 0.354999989 0.00500009954 0.144999996
19934 0.354999989 0.00500009954 0.155000001
19935 0.36499998 0.00500009954 0.0850000009
19936 0.36499998 0.00500009954 0.0949999988
19937 0.36499998 0.00500009954 0.104999997
19938 0.36499998 0.00500009954 0.114999995
19939 0.36499998 0.00500009954 0.125
19940 0.36499998 0.00500009954 0.13499999
19941 0.36499998 0.00500009954 0.144999996
19942 0.36499998 0.00500009954 0.155000001
19943 0.375 0.00500009954 0.0850000009
19944 0.375 0.00500009954 0.0949999988
19945 0.375 0.00500009954 0.104999997
19946 0.375 0.00500009954 0.114999995
19947 0.375 0.00500009954 0.125
19948 0.375 0.00500009954 0.13499999
19949 0.375 0.00500009954 0.144999996
19950 0.375 0.00500009954 0.155000001
19951 0.38499999 0.00500009954 0.0850000009
19952 0.38499999 0.00500009954 0.0949999988
19953 0.38499999 0.00500009954 0.104999997
19954 0.38499999 0.00500009954 0.114999995
19955 0.38499999 0.00500009954 0.125
19956 0.38499999 0.00500009954 0.13499999
19957 0.38499999 0.00500009954 0.144999996
19958 0.38499999 0.00500009954 0.155000001
19959 0.394999981 0.00500009954 0.0850000009
19960 0.394999981 0.00500009954 0.0949999988
19961 0.394999981 0.00500009954 0.104999997
19962 0.394999981 0.00500009954 0.114999995
19963 0.394999981 0.00500009954 0.125
19964 0.394999981 0.00500009954 0.13499999
19965 0.394999981 0.00500009954 0.144999996
19966 0.394999981 0.00500009954 0.155000001
19967 0.324999988 0.00500009954 0.164999992
19968 0.324999988 0.00500009954 0.174999997
19969 0.324999988 0.00500009954 0.185000002
19970 0.324999988 0.00500009954 0.194999993
19971 0.324999988 0.00500009954 0.204999998
19972 0.324999988 0.00500009954 0.214999989
19973 0.324999988 0.00500009954 0.224999994
19974 0.324999988 0.00500009954 0.234999999
19975 0.334999979 0.00500009954 0.164999992
19976 0.334999979 0.00500009954 0.174999997
19977 0.334999979 0.00500009954 0.185000002
19978 0.334999979 0.00500009954 0.194999993
19979 0.334999979 0.00500009954 0.204999998
19980 0.334999979 0.00500009954 0.214999989
19981 0.334999979 0.00500009954 0.224999994
19982 0.334999979 0.00500009954 0.234999999
19983 0.344999999 0.00500009954 0.164999992
19984 0.344999999 0.00500009954 0.174999997
19985 0.344999999 0.00500009954 0.185000002
19986 0.344999999 0.00500009954 0.194999993
19987 0.344999999 0.00500009954 0.204999998
19988 0.344999999 0.00500009954 0.214999989
19989 0.344999999 0.00500009954 0.224999994
19990 0.344999999 0.00500009954 0.234999999
19991 0.354999989 0.00500009954 0.164999992
19992 0.354999989 0.00500009954 0.174999997
19993 0.354999989 0.00500009954 0.185000002
19994 0.354999989 0.00500009954 0.194999993
19995 0.354999989 0.00500009954 0.204999998
19996 0.354999989 0.00500009954 0.214999989
19997 0.354999989 0.00500009954 0.224999994
19998 0.354999989 0.00500009954 0.234999999
19999 0.36499998 0.00500009954 0.164999992
20000 0.36499998 0.00500009954 0.174999997
20001 0.36499998 0.00500009954 0.185000002
20002 0.36499998 0.00500009954 0.194999993
20003 0.36499998 0.00500009954 0.204999998
20004 0.36499998 0.00500009954 0.214999989
20005 0.36499998 0.00500009954 0.224999994
20006 0.36499998 0.00500009954 0.234999999
20007 0.375 0.00500009954 0.164999992
20008 0.375 0.00500009954 0.174999997
20009 0.375 0.00500009954 0.185000002
20010 0.375 0.00500009954 0.194999993
20011 0.375 0.00500009954 0.204999998
20012 0.375 0.00500009954 0.214999989
20013 0.375 0.00500009954 0.224999994
20014 0.375 0.00500009954 0.234999999
20015 0.38499999 0.00500009954 0.164999992
20016 0.38499999 0.00500009954 0.174999997
20017 0.38499999 0.00500009954 0.185000002
20018 0.38499999 0.00500009954 0.194999993
20019 0.38499999 0.00500009954 0.204999998
20020 0.38499999 0.00500009954 0.214999989
20021 0.38499999 0.00500009954 0.224999994
20022 0.38499999 0.00500009954 0.234999999
20023 0.394999981 0.00500009954 0.164999992
20024 0.394999981 0.00500009954 0.174999997
20025 0.394999981 0.00500009954 0.185000002
20026 0.394999981 0.00500009954 0.194999993
20027 0.394999981 0.00500009954 0.204999998
20028 0.394999981 0.00500009954 0.214999989
20029 0.394999981 0.00500009954 0.224999994
20030 0.394999981 0.00500009954 0.234999999
20031 0.324999988 0.00500009954 0.24499999
20032 0.324999988 0.00500009954 0.254999995
20033 0.324999988 0.00500009954 0.264999986
20034 0.324999988 0.00500009954 0.275000006
20035 0.324999988 0.00500009954 0.284999996
20036 0.324999988 0.00500009954 0.294999987
20037 0.324999988 0.00500009954 0.305000007
20038 0.324999988 0.00500009954 0.314999998
20039 0.334999979 0.00500009954 0.24499999
20040 0.334999979 0.00500009954 0.254999995
20041 0.334999979 0.00500009954 0.264999986
20042 0.334999979 0.00500009954 0.275000006
20043 0.334999979 0.00500009954 0.284999996
20044 0.334999979 0.00500009954 0.294999987
20045 0.334999979 0.00500009954 0.305000007
20046 0.334999979 0.00500009954 0.314999998
20047 0.344999999 0.00500009954 0.24499999
20048 0.344999999 0.00500009954 0.254999995
20049 0.344999999 0.00500009954 0.264999986
20050 0.344999999 0.00500009954 0.275000006
20051 0.344999999 0.00500009954 0.284999996
20052 0.344999999 0.00500009954 0.294999987
20053 0.344999999 0.00500009954 0.305000007
20054 0.344999999 0.00500009954 0.314999998
20055 0.354999989 0.00500009954 0.24499999
20056 0.354999989 0.00500009954 0.254999995
20057 0.354999989 0.00500009954 0.264999986
20058 0.354999989 0.00500009954 0.275000006
20059 0.354999989 0.00500009954 0.284999996
20060 0.354999989 0.00500009954 0.294999987
20061 0.354999989 0.00500009954 0.305000007
20062 0.354999989 0.00500009954 0.314999998
20063 0.36499998 0.00500009954 0.24499999
20064 0.36499998 0.00500009954 0.254999995
20065 0.36499998 0.00500009954 0.264999986
20066 0.36499998 0.00500009954 0.275000006
20067 0.36499998 0.00500009954 0.284999996
20068 0.36499998 0.00500009954 0.294999987
20069 0.36499998 0.00500009954 0.305000007
20070 0.36499998 0.00500009954 0.314999998
20071 0.375 0.00500009954 0.24499999
20072 0.375 0.00500009954 0.254999995
20073 0.375 0.00500009954 0.264999986
20074 0.375 0.00500009954 0.275000006
20075 0.375 0.00500009954 0.284999996
20076 0.375 0.00500009954 0.294999987
20077 0.375 0.00500009954 0.305000007
20078 0.375 0.00500009954 0.314999998
20079 0.38499999 0.00500009954 0.24499999
20080 0.38499999 0.00500009954 0.254999995
20081 0.38499999 0.00500009954 0.264999986
20082 0.38499999 0.00500009954 0.275000006
20083 0.38499999 0.00500009954 0.284999996
20084 0.38499999 0.00500009954 0.294999987
20085 0.38499999 0.00500009954 0.305000007
20086 0.38499999 0.00500009954 0.314999998
20087 0.394999981 0.00500009954 0.24499999
20088 0.394999981 0.00500009954 0.254999995
20089 0.394999981 0.00500009954 0.264999986
20090 0.394999981 0.00500009954 0.275000006
20091 0.394999981 0.00500009954 0.284999996
20092 0.394999981 0.00500009954 0.294999987
20093 0.394999981 0.00500009954 0.305000007
20094 0.394999981 0.00500009954 0.314999998
20095 0.324999988 0.00500009954 0.324999988
20096 0.324999988 0.00500009954 0.334999979
20097 0.324999988 0.00500009954 0.344999999
20098 0.324999988 0.00500009954 0.354999989
20099 0.324999988 0.00500009954 0.36499998
20100 0.324999988 0.00500009954 0.375
20101 0.324999988 0.00500009954 0.38499999
20102 0.324999988 0.00500009954 0.394999981
20103 0.334999979 0.00500009954 0.324999988
20104 0.334999979 0.00500009954 0.334999979
20105 0.334999979 0.00500009954 0.344999999
20106 0.334999979 0.00500009954 0.354999989
20107 0.334999979 0.00500009954 0.36499998
20108 0.334999979 0.00500009954 0.375
20109 0.334999979 0.00500009954 0.38499999
20110 0.334999979 0.00500009954 0.394999981
20111 0.344999999 0.00500009954 0.324999988
20112 0.344999999 0.00500009954 0.334999979
20113 0.344999999 0.00500009954 0.344999999
20114 0.344999999 0.00500009954 0.354999989
20115 0.344999999 0.00500009954 0.36499998
20116 0.344999999 0.00500009954 0.375
20117 0.344999999 0.00500009954 0.38499999
20118 0.344999999 0.00500009954 0.394999981
20119 0.354999989 0.00500009954 0.324999988
20120 0.354999989 0.00500009954 0.334999979
20121 0.354999989 0.00500009954 0.344999999
20122 0.354999989 0.00500009954 0.354999989
20123 0.354999989 0.00500009954 0.36499998
20124 0.354999989 0.00500009954 0.375
20125 0.354999989 0.00500009954 0.38499999
20126 0.354999989 0.00500009954 0.394999981
20127 0.36499998 0.00500009954 0.324999988
20128 0.36499998 0.00500009954 0.334999979
20129 0.36499998 0.00500009954 0.344999999
20130 0.36499998 0.00500009954 0.354999989
20131 0.36499998 0.00500009954 0.36499998
20132 0.36499998 0.00500009954 0.375
20133 0.36499998 0.00500009954 0.38499999
20134 0.36499998 0.00500009954 0.394999981
20135 0.375 0.00500009954 0.324999988
20136 0.375 0.00500009954 0.334999979
20137 0.375 0.00500009954 0.344999999
20138 0.375 0.00500009954 0.354999989
20139 0.375 0.00500009954 0.36499998
20140 0.375 0.00500009954 0.375
20141 0.375 0.00500009954 0.38499999
20142 0.375 0.00500009954 0.394999981
20143 0.38499999 0.00500009954 0.324999988
20144 0.38499999 0.00500009954 0.334999979
20145 0.38499999 0.00500009954 0.344999999
20146 0.38499999 0.00500009954 0.354999989
20147 0.38499999 0.00500009954 0.36499998
20148 0.38499999 0.00500009954 0.375
20149 0.38499999 0.00500009954 0.38499999
20150 0.38499999 0.00500009954 0.394999981
20151 0.394999981 0.00500009954 0.324999988
20152 0.394999981 0.00500009954 0.334999979
20153 0.394999981 0.00500009954 0.344999999
20154 0.394999981 0.00500009954 0.354999989
20155 0.394999981 0.00500009954 0.36499998
20156 0.394999981 0.00500009954 0.375
20157 0.394999981 0.00500009954 0.38499999
20158 0.394999981 0.00500009954 0.394999981
20159 0.324999988 0.00500009954 0.405000001
20160 0.324999988 0.00500009954 0.414999992
20161 0.324999988 0.00500009954 0.424999982
20162 0.324999988 0.00500009954 0.435000002
20163 0.324999988 0.00500009954 0.444999993
20164 0.324999988 0.00500009954 0.454999983
20165 0.324999988 0.00500009954 0.465000004
20166 0.324999988 0.00500009954 0.474999994
20167 0.334999979 0.00500009954 0.405000001
20168 0.334999979 0.00500009954 0.414999992
20169 0.334999979 0.00500009954 0.424999982
20170 0.334999979 0.00500009954 0.435000002
20171 0.334999979 0.00500009954 0.444999993
20172 0.334999979 0.00500009954 0.454999983
20173 0.334999979 0.00500009954 0.465000004
20174 0.334999979 0.00500009954 0.474999994
20175 0.344999999 0.00500009954 0.405000001
20176 0.344999999 0.00500009954 0.414999992
20177 0.344999999 0.00500009954 0.424999982
20178 0.344999999 0.00500009954 0.435000002
20179 0.344999999 0.00500009954 0.444999993
20180 0.344999999 0.00500009954 0.454999983
20181 0.344999999 0.00500009954 0.465000004
20182 0.344999999 0.00500009954 0.474999994
20183 0.354999989 0.00500009954 0.405000001
20184 0.354999989 0.00500009954 0.414999992
20185 0.354999989 0.00500009954 0.424999982
20186 0.354999989 0.00500009954 0.435000002
20187 0.354999989 0.00500009954 0.444999993
20188 0.354999989 0.00500009954 0.454999983
20189 0.354999989 0.00500009954 0.465000004
20190 0.354999989 0.00500009954 0.474999994
20191 0.36499998 0.00500009954 0.405000001
20192 0.36499998 0.00500009954 0.414999992
20193 0.36499998 0.00500009954 0.424999982
20194 0.36499998 0.00500009954 0.435000002
20195 0.36499998 0.00500009954 0.444999993
20196 0.36499998 0.00500009954 0.454999983
20197 0.36499998 0.00500009954 0.465000004
20198 0.36499998 0.00500009954 0.474999994
20199 0.375 0.00500009954 0.405000001
20200 0.375 0.00500009954 0.414999992
20201 0.375 0.00500009954 0.424999982
20202 0.375 0.00500009954 0.435000002
20203 0.375 0.00500009954 0.444999993
20204 0.375 0.00500009954 0.454999983
20205 0.375 0.00500009954 0.465000004
20206 0.375 0.00500009954 0.474999994
20207 0.38499999 0.00500009954 0.405000001
20208 0.38499999 0.00500009954 0.414999992
20209 0.38499999 0.00500009954 0.424999982
20210 0.38499999 0.00500009954 0.435000002
20211 0.38499999 0.00500009954 0.444999993
20212 0.38499999 0.00500009954 0.454999983
20213 0.38499999 0.00500009954 0.465000004
20214 0.38499999 0.00500009954 0.474999994
20215 0.394999981 0.00500009954 0.405000001
20216 0.394999981 0.00500009954 0.414999992
20217 0.394999981 0.00500009954 0.424999982
20218 0.394999981 0.00500009954 0.435000002
20219 0.394999981 0.00500009954 0.444999993
20220 0.394999981 0.00500009954 0.454999983
20221 0.394999981 0.00500009954 0.465000004
20222 0.394999981 0.00500009954 0.474999994
20223 0.324999988 0.00500009954 0.484999985
20224 0.324999988 0.00250014942 0.494999975
20225 0.324999988 9.96515155e-08 0.50000006
20226 0.334999979 0.00500009954 0.484999985
20227 0.334999979 0.00250014942 0.494999975
20228 0.334999979 9.96515155e-08 0.50000006
20229 0.344999999 0.00500009954 0.484999985
20230 0.344999999 0.00250014942 0.494999975
20231 0.344999999 9.96515155e-08 0.50000006
20232 0.354999989 0.00500009954 0.484999985
20233 0.354999989 0.00250014942 0.494999975
20234 0.354999989 9.96515155e-08 0.50000006
20235 0.36499998 0.00500009954 0.484999985
20236 0.36499998 0.00250014942 0.494999975
20237 0.36499998 9.96515155e-08 0.50000006
20238 0.375 0.00500009954 0.484999985
20239 0.375 0.00250014942 0.494999975
20240 0.375 9.96515155e-08 0.50000006
20241 0.38499999 0.00500009954 0.484999985
20242 0.38499999 0.00250014942 0.494999975
20243 0.38499999 9.96515155e-08 0.50000006
20244 0.394999981 0.00500009954 0.484999985
20245 0.394999981 0.00250014942 0.494999975
20246 0.394999981 9.96515155e-08 0.50000006
20247 0.405000001 0.00500009954 0.00499999989
20248 0.405000001 0.00500009954 0.0149999997
20249 0.405000001 0.00500009954 0.0249999985
20250 0.405000001 0.00500009954 0.0350000001
20251 0.405000001 0.00500009954 0.0449999981
20252 0.405000001 0.00500009954 0.0549999997
20253 0.405000001 0.00500009954 0.0649999976
20254 0.405000001 0.00500009954 0.0749999955
20255 0.414999992 0.00500009954 0.00499999989
20256 0.414999992 0.00500009954 0.0149999997
20257 0.414999992 0.00500009954 0.0249999985
20258 0.414999992 0.00500009954 0.0350000001
20259 0.414999992 0.00500009954 0.0449999981
20260 0.414999992 0.00500009954 0.0549999997
20261 0.414999992 0.00500009954 0.0649999976
20262 0.414999992 0.00500009954 0.0749999955
20263 0.424999982 0.00500009954 0.00499999989
20264 0.424999982 0.00500009954 0.0149999997
20265 0.424999982 0.00500009954 0.0249999985
20266 0.424999982 0.00500009954 0.0350000001
20267 0.424999982 0.00500009954 0.0449999981
20268 0.424999982 0.00500009954 0.0549999997
20269 0.424999982 0.00500009954 0.0649999976
20270 0.424999982 0.00500009954 0.0749999955
20271 0.435000002 0.00500009954 0.00499999989
20272 0.435000002 0.00500009954 0.0149999997
20273 0.435000002 0.00500009954 0.0249999985
20274 0.435000002 0.00500009954 0.0350000001
20275 0.435000002 0.00500009954 0.0449999981
20276 0.435000002 0.00500009954 0.0549999997
20277 0.435000002 0.00500009954 0.0649999976
20278 0.435000002 0.00500009954 0.0749999955
20279 0.444999993 0.00500009954 0.00499999989
20280 0.444999993 0.00500009954 0.0149999997
20281 0.444999993 0.00500009954 0.0249999985
20282 0.444999993 0.00500009954 0.0350000001
20283 0.444999993 0.00500009954 0.0449999981
20284 0.444999993 0.00500009954 0.0549999997
20285 0.444999993 0.00500009954 0.0649999976
20286 0.444999993 0.00500009954 0.0749999955
20287 0.454999983 0.00500009954 0.00499999989
20288 0.454999983 0.00500009954 0.0149999997
20289 0.454999983 0.00500009954 0.0249999985
20290 0.454999983 0.00500009954 0.0350000001
20291 0.454999983 0.00500009954 0.0449999981
20292 0.454999983 0.00500009954 0.0549999997
20293 0.454999983 0.00500009954 0.0649999976
20294 0.454999983 0.00500009954 0.0749999955
20295 0.465000004 0.00500009954 0.00499999989
20296 0.465000004 0.00500009954 0.0149999997
20297 0.465000004 0.00500009954 0.0249999985
20298 0.465000004 0.00500009954 0.0350000001
20299 0.465000004 0.00500009954 0.0449999981
20300 0.465000004 0.00500009954 0.0549999997
20301 0.465000004 0.00500009954 0.0649999976
20302 0.465000004 0.00500009954 0.0749999955
20303 0.474999994 0.00500009954 0.00499999989
20304 0.474999994 0.00500009954 0.0149999997
20305 0.474999994 0.00500009954 0.0249999985
20306 0.474999994 0.00500009954 0.0350000001
20307 0.474999994 0.00500009954 0.0449999981
20308 0.474999994 0.00500009954 0.0549999997
20309 0.474999994 0.00500009954 0.0649999976
20310 0.474999994 0.00500009954 0.0749999955
20311 0.405000001 0.00500009954 0.0850000009
20312 0.405000001 0.00500009954 0.0949999988
20313 0.405000001 0.00500009954 0.104999997
20314 0.405000001 0.00500009954 0.114999995
20315 0.405000001 0.00500009954 0.125
20316 0.405000001 0.00500009954 0.13499999
20317 0.405000001 0.00500009954 0.144999996
20318 0.405000001 0.00500009954 0.155000001
20319 0.414999992 0.00500009954 0.0850000009
20320 0.414999992 0.00500009954 0.0949999988
20321 0.414999992 0.00500009954 0.104999997
20322 0.414999992 0.00500009954 0.114999995
20323 0.414999992 0.00500009954 0.125
20324 0.414999992 0.00500009954 0.13499999
20325 0.414999992 0.00500009954 0.144999996
20326 0.414999992 0.00500009954 0.155000001
20327 0.424999982 0.00500009954 0.0850000009
20328 0.424999982 0.00500009954 0.0949999988
20329 0.424999982 0.00500009954 0.104999997
20330 0.424999982 0.00500009954 0.114999995
20331 0.424999982 0.00500009954 0.125
20332 0.424999982 0.00500009954 0.13499999
20333 0.424999982 0.00500009954 0.144999996
20334 0.424999982 0.00500009954 0.155000001
20335 0.435000002 0.00500009954 0.0850000009
20336 0.435000002 0.00500009954 0.0949999988
20337 0.435000002 0.00500009954 0.104999997
20338 0.435000002 0.00500009954 0.114999995
20339 0.435000002 0.00500009954 0.125
20340 0.435000002 0.00500009954 0.13499999
20341 0.435000002 0.00500009954 0.144999996
20342 0.435000002 0.00500009954 0.155000001
20343 0.444999993 0.00500009954 0.0850000009
20344 0.444999993 0.00500009954 0.0949999988
20345 0.444999993 0.00500009954 0.104999997
20346 0.444999993 0.00500009954 0.114999995
20347 0.444999993 0.00500009954 0.125
20348 0.444999993 0.00500009954 0.13499999
20349 0.444999993 0.00500009954 0.144999996
20350 0.444999993 0.00500009954 0.155000001
20351 0.454999983 0.00500009954 0.0850000009
20352 0.454999983 0.00500009954 0.0949999988
20353 0.454999983 0.00500009954 0.104999997
20354 0.454999983 0.00500009954 0.114999995
20355 0.454999983 0.00500009954 0.125
20356 0.454999983 0.00500009954 0.13499999
20357 0.454999983 0.00500009954 0.144999996
20358 0.454999983 0.00500009954 0.155000001
20359 0.465000004 0.00500009954 0.0850000009
20360 0.465000004 0.00500009954 0.0949999988
20361 0.465000004 0.00500009954 0.104999997
20362 0.465000004 0.00500009954 0.114999995
20363 0.465000004 0.00500009954 0.125
20364 0.465000004 0.00500009954 0.13499999
20365 0.465000004 0.00500009954 0.144999996
20366 0.465000004 0.00500009954 0.155000001
20367 0.474999994 0.00500009954 0.0850000009
20368 0.474999994 0.00500009954 0.0949999988
20369 0.474999994 0.00500009954 0.104999997
20370 0.474999994 0.00500009954 0.114999995
20371 0.474999994 0.00500009954 0.125
20372 0.474999994 0.00500009954 0.13499999
20373 0.474999994 0.00500009954 0.144999996
20374 0.474999994 0.00500009954 0.155000001
20375 0.405000001 0.00500009954 0.164999992
20376 0.405000001 0.00500009954 0.174999997
20377 0.405000001 0.00500009954 0.185000002
20378 0.405000001 0.00500009954 0.194999993
20379 0.405000001 0.00500009954 0.204999998
20380 0.405000001 0.00500009954 0.214999989
20381 0.405000001 0.00500009954 0.224999994
20382 0.405000001 0.00500009954 0.234999999
20383 0.414999992 0.00500009954 0.164999992
20384 0.414999992 0.00500009954 0.174999997
20385 0.414999992 0.00500009954 0.185000002
20386 0.414999992 0.00500009954 0.194999993
20387 0.414999992 0.00500009954 0.204999998
20388 0.414999992 0.00500009954 0.214999989
20389 0.414999992 0.00500009954 0.224999994
20390 0.414999992 0.00500009954 0.234999999
20391 0.424999982 0.00500009954 0.164999992
20392 0.424999982 0.00500009954 0.174999997
20393 0.424999982 0.00500009954 0.185000002
20394 0.424999982 0.00500009954 0.194999993
20395 0.424999982 0.00500009954 0.204999998
20396 0.424999982 0.00500009954 0.214999989
20397 0.424999982 0.00500009954 0.224999994
20398 0.424999982 0.00500009954 0.234999999
20399 0.435000002 0.00500009954 0.164999992
20400 0.435000002 0.00500009954 0.174999997
20401 0.435000002 0.00500009954 0.185000002
20402 0.435000002 0.00500009954 0.194999993
20403 0.435000002 0.00500009954 0.204999998
20404 0.435000002 0.00500009954 0.214999989
20405 0.435000002 0.00500009954 0.224999994
20406 0.435000002 0.00500009954 0.234999999
20407 0.444999993 0.00500009954 0.164999992
20408 0.444999993 0.00500009954 0.174999997
20409 0.444999993 0.00500009954 0.185000002
20410 0.444999993 0.00500009954 0.194999993
20411 0.444999993 0.00500009954 0.204999998
20412 0.444999993 0.00500009954 0.214999989
20413 0.444999993 0.00500009954 0.224999994
20414 0.444999993 0.00500009954 0.234999999
20415 0.454999983 0.00500009954 0.164999992
20416 0.454999983 0.00500009954 0.174999997
20417 0.454999983 0.00500009954 0.185000002
20418 0.454999983 0.00500009954 0.194999993
20419 0.454999983 0.00500009954 0.204999998
20420 0.454999983 0.00500009954 0.214999989
20421 0.454999983 0.00500009954 0.224999994
20422 0.454999983 0.00500009954 0.234999999
20423 0.465000004 0.00500009954 0.164999992
20424 0.465000004 0.00500009954 0.174999997
20425 0.465000004 0.00500009954 0.185000002
20426 0.465000004 0.00500009954 0.194999993
20427 0.465000004 0.00500009954 0.204999998
20428 0.465000004 0.00500009954 0.214999989
20429 0.465000004 0.00500009954 0.224999994
20430 0.465000004 0.00500009954 0.234999999
20431 0.474999994 0.00500009954 0.164999992
20432 0.474999994 0.00500009954 0.174999997
20433 0.474999994 0.00500009954 0.185000002
20434 0.474999994 0.00500009954 0.194999993
20435 0.474999994 0.00500009954 0.204999998
20436 0.474999994 0.00500009954 0.214999989
20437 0.474999994 0.00500009954 0.224999994
20438 0.474999994 0.00500009954 0.234999999
20439 0.405000001 0.00500009954 0.24499999
20440 0.405000001 0.00500009954 0.254999995
20441 0.405000001 0.00500009954 0.264999986
20442 0.405000001 0.00500009954 0.275000006
20443 0.405000001 0.00500009954 0.284999996
20444 0.405000001 0.00500009954 0.294999987
20445 0.405000001 0.00500009954 0.305000007
20446 0.405000001 0.00500009954 0.314999998
20447 0.414999992 0.00500009954 0.24499999
20448 0.414999992 0.00500009954 0.254999995
20449 0.414999992 0.00500009954 0.264999986
20450 0.414999992 0.00500009954 0.275000006
20451 0.414999992 0.00500009954 0.284999996
20452 0.414999992 0.00500009954 0.294999987
20453 0.414999992 0.00500009954 0.305000007
20454 0.414999992 0.00500009954 0.314999998
20455 0.424999982 0.00500009954 0.24499999
20456 0.424999982 0.00500009954 0.254999995
20457 0.424999982 0.00500009954 0.264999986
20458 0.424999982 0.00500009954 0.275000006
20459 0.424999982 0.00500009954 0.284999996
20460 0.424999982 0.00500009954 0.294999987
20461 0.424999982 0.00500009954 0.305000007
20462 0.424999982 0.00500009954 0.314999998
20463 0.435000002 0.00500009954 0.24499999
20464 0.435000002 0.00500009954 0.254999995
20465 0.435000002 0.00500009954 0.264999986
20466 0.435000002 0.00500009954 0.275000006
20467 0.435000002 0.00500009954 0.284999996
20468 0.435000002 0.00500009954 0.294999987
20469 0.435000002 0.00500009954 0.305000007
20470 0.435000002 0.00500009954 0.314999998
20471 0.444999993 0.00500009954 0.24499999
20472 0.444999993 0.00500009954 0.254999995
20473 0.444999993 0.00500009954 0.264999986
20474 0.444999993 0.00500009954 0.275000006
20475 0.444999993 0.00500009954 0.284999996
20476 0.444999993 0.00500009954 0.294999987
20477 0.444999993 0.00500009954 0.305000007
20478 0.444999993 0.00500009954 0.314999998
20479 0.454999983 0.00500009954 0.24499999
20480 0.454999983 0.00500009954 0.254999995
20481 0.454999983 0.00500009954 0.264999986
20482 0.454999983 0.00500009954 0.275000006
20483 0.454999983 0.00500009954 0.284999996
20484 0.454999983 0.00500009954 0.294999987
20485 0.454999983 0.00500009954 0.305000007
20486 0.454999983 0.00500009954 0.314999998
20487 0.465000004 0.00500009954 0.24499999
20488 0.465000004 0.00500009954 0.254999995
20489 0.465000004 0.00500009954 0.264999986
20490 0.465000004 0.00500009954 0.275000006
20491 0.465000004 0.00500009954 0.284999996
20492 0.465000004 0.00500009954 0.294999987
20493 0.465000004 0.00500009954 0.305000007
20494 0.465000004 0.00500009954 0.314999998
20495 0.474999994 0.00500009954 0.24499999
20496 0.474999994 0.00500009954 0.254999995
20497 0.474999994 0.00500009954 0.264999986
20498 0.474999994 0.00500009954 0.275000006
20499 0.474999994 0.00500009954 0.284999996
20500 0.474999994 0.00500009954 0.294999987
20501 0.474999994 0.00500009954 0.305000007
20502 0.474999994 0.00500009954 0.314999998
20503 0.405000001 0.00500009954 0.324999988
20504 0.405000001 0.00500009954 0.334999979
20505 0.405000001 0.00500009954 0.344999999
20506 0.405000001 0.00500009954 0.354999989
20507 0.405000001 0.00500009954 0.36499998
20508 0.405000001 0.00500009954 0.375
20509 0.405000001 0.00500009954 0.38499999
20510 0.405000001 0.00500009954 0.394999981
20511 0.414999992 0.00500009954 0.324999988
20512 0.414999992 0.00500009954 0.334999979
20513 0.414999992 0.00500009954 0.344999999
20514 0.414999992 0.00500009954 0.354999989
20515 0.414999992 0.00500009954 0.36499998
20516 0.414999992 0.00500009954 0.375
20517 0.414999992 0.00500009954 0.38499999
20518 0.414999992 0.00500009954 0.394999981
20519 0.424999982 0.00500009954 0.324999988
20520 0.424999982 0.00500009954 0.334999979
20521 0.424999982 0.00500009954 0.344999999
20522 0.424999982 0.00500009954 0.354999989
20523 0.424999982 0.00500009954 0.36499998
20524 0.424999982 0.00500009954 0.375
20525 0.424999982 0.00500009954 0.38499999
20526 0.424999982 0.00500009954 0.394999981
20527 0.435000002 0.00500009954 0.324999988
20528 0.435000002 0.00500009954 0.334999979
20529 0.435000002 0.00500009954 0.344999999
20530 0.435000002 0.00500009954 0.354999989
20531 0.435000002 0.00500009954 0.36499998
20532 0.435000002 0.00500009954 0.375
20533 0.435000002 0.00500009954 0.38499999
20534 0.435000002 0.00500009954 0.394999981
20535 0.444999993 0.00500009954 0.324999988
20536 0.444999993 0.00500009954 0.334999979
20537 0.444999993 0.00500009954 0.344999999
20538 0.444999993 0.00500009954 0.354999989
20539 0.444999993 0.00500009954 0.36499998
20540 0.444999993 0.00500009954 0.375
20541 0.444999993 0.00500009954 0.38499999
20542 0.444999993 0.00500009954 0.394999981
20543 0.454999983 0.00500009954 0.324999988
20544 0.454999983 0.00500009954 0.334999979
20545 0.454999983 0.00500009954 0.344999999
20546 0.454999983 0.00500009954 0.354999989
20547 0.454999983 0.00500009954 0.36499998
20548 0.454999983 0.00500009954 0.375
20549 0.454999983 0.00500009954 0.38499999
20550 0.454999983 0.00500009954 0.394999981
20551 0.465000004 0.00500009954 0.324999988
20552 0.465000004 0.00500009954 0.334999979
20553 0.465000004 0.00500009954 0.344999999
20554 0.465000004 0.00500009954 0.354999989
20555 0.465000004 0.00500009954 0.36499998
20556 0.465000004 0.00500009954 0.375
20557 0.465000004 0.00500009954 0.38499999
20558 0.465000004 0.00500009954 0.394999981
20559 0.474999994 0.00500009954 0.324999988
20560 0.474999994 0.00500009954 0.334999979
20561 0.474999994 0.00500009954 0.344999999
20562 0.474999994 0.00500009954 0.354999989
20563 0.474999994 0.00500009954 0.36499998
20564 0.474999994 0.00500009954 0.375
20565 0.474999994 0.00500009954 0.38499999
20566 0.474999994 0.00500009954 0.394999981
20567 0.405000001 0.00500009954 0.405000001
20568 0.405000001 0.00500009954 0.414999992
20569 0.405000001 0.00500009954 0.424999982
20570 0.405000001 0.00500009954 0.435000002
20571 0.405000001 0.00500009954 0.444999993
20572 0.405000001 0.00500009954 0.454999983
20573 0.405000001 0.00500009954 0.465000004
20574 0.405000001 0.00500009954 0.474999994
20575 0.414999992 0.00500009954 0.405000001
20576 0.414999992 0.00500009954 0.414999992
20577 0.414999992 0.00500009954 0.424999982
20578 0.414999992 0.00500009954 0.435000002
20579 0.414999992 0.00500009954 0.444999993
20580 0.414999992 0.00500009954 0.454999983
20581 0.414999992 0.00500009954 0.465000004
20582 0.414999992 0.00500009954 0.474999994
20583 0.424999982 0.00500009954 0.405000001
20584 0.424999982 0.00500009954 0.414999992
20585 0.424999982 0.00500009954 0.424999982
20586 0.424999982 0.00500009954 0.435000002
20587 0.424999982 0.00500009954 0.444999993
20588 0.424999982 0.00500009954 0.454999983
20589 0.424999982 0.00500009954 0.465000004
20590 0.424999982 0.00500009954 0.474999994
20591 0.435000002 0.00500009954 0.405000001
20592 0.435000002 0.00500009954 0.414999992
20593 0.435000002 0.00500009954 0.424999982
20594 0.435000002 0.00500009954 0.435000002
20595 0.435000002 0.00500009954 0.444999993
20596 0.435000002 0.00500009954 0.454999983
20597 0.435000002 0.00500009954 0.465000004
20598 0.435000002 0.00500009954 0.474999994
20599 0.444999993 0.00500009954 0.405000001
20600 0.444999993 0.00500009954 0.414999992
20601 0.444999993 0.00500009954 0.424999982
20602 0.444999993 0.00500009954 0.435000002
20603 0.444999993 0.00500009954 0.444999993
20604 0.444999993 0.00500009954 0.454999983
20605 0.444999993 0.00500009954 0.465000004
20606 0.444999993 0.00500009954 0.474999994
20607 0.454999983 0.00500009954 0.405000001
20608 0.454999983 0.00500009954 0.414999992
20609 0.454999983 0.00500009954 0.424999982
20610 0.454999983 0.00500009954 0.435000002
20611 0.454999983 0.00500009954 0.444999993
20612 0.454999983 0.00500009954 0.454999983
20613 0.454999983 0.00500009954 0.465000004
20614 0.454999983 0.00500009954 0.474999994
20615 0.465000004 0.00500009954 0.405000001
20616 0.465000004 0.00500009954 0.414999992
20617 0.465000004 0.00500009954 0.424999982
20618 0.465000004 0.00500009954 0.435000002
20619 0.465000004 0.00500009954 0.444999993
20620 0.465000004 0.00500009954 0.454999983
20621 0.465000004 0.00500009954 0.465000004
20622 0.465000004 0.00500009954 0.474999994
20623 0.474999994 0.00500009954 0.405000001
20624 0.474999994 0.00500009954 0.414999992
20625 0.474999994 0.00500009954 0.424999982
20626 0.474999994 0.00500009954 0.435000002
20627 0.474999994 0.00500009954 0.444999993
20628 0.474999994 0.00500009954 0.454999983
20629 0.474999994 0.00500009954 0.465000004
20630 0.474999994 0.00500009954 0.474999994
20631 0.405000001 0.00500009954 0.484999985
20632 0.405000001 0.00250014942 0.494999975
20633 0.405000001 9.96515155e-08 0.50000006
20634 0.414999992 0.00500009954 0.484999985
20635 0.414999992 0.00250014942 0.494999975
20636 0.414999992 9.96515155e-08 0.50000006
20637 0.424999982 0.00500009954 0.484999985
20638 0.424999982 0.00250014942 0.494999975
20639 0.424999982 9.96515155e-08 0.50000006
20640 0.435000002 0.00500009954 0.484999985
20641 0.435000002 0.00250014942 0.494999975
20642 0.435000002 9.96515155e-08 0.50000006
20643 0.444999993 0.00500009954 0.484999985
20644 0.444999993 0.00250014942 0.494999975
20645 0.444999993 9.96515155e-08 0.50000006
20646 0.454999983 0.00500009954 0.484999985
20647 0.454999983 0.00250014942 0.494999975
20648 0.454999983 9.96515155e-08 0.50000006
20649 0.465000004 0.00500009954 0.484999985
20650 0.465000004 0.00250014942 0.494999975
20651 0.465000004 9.96515155e-08 0.50000006
20652 0.474999994 0.00500009954 0.484999985
20653 0.474999994 0.00250014942 0.494999975
20654 0.474999994 9.96515155e-08 0.50000006
20655 0.484999985 0.00500009954 0.00499999989
20656 0.484999985 0.00500009954 0.0149999997
20657 0.484999985 0.00500009954 0.0249999985
20658 0.484999985 0.00500009954 0.0350000001
20659 0.484999985 0.00500009954 0.0449999981
20660 0.484999985 0.00500009954 0.0549999997
20661 0.484999985 0.00500009954 0.0649999976
20662 0.484999985 0.00500009954 0.0749999955
20663 0.494999975 0.00250014942 0.00499999989
20664 0.494999975 0.00250014942 0.0149999997
20665 0.494999975 0.00250014942 0.0249999985
20666 0.494999975 0.00250014942 0.0350000001
20667 0.494999975 0.00250014942 0.0449999981
20668 0.494999975 0.00250014942 0.0549999997
20669 0.494999975 0.00250014942 0.0649999976
20670 0.494999975 0.00250014942 0.0749999955
20671 0.50000006 9.96515155e-08 0.00499999989
20672 0.50000006 9.96515155e-08 0.0149999997
20673 0.50000006 9.96515155e-08 0.0249999985
20674 0.50000006 9.96515155e-08 0.0350000001
20675 0.50000006 9.96515155e-08 0.0449999981
20676 0.50000006 9.96515155e-08 0.0549999997
20677 0.50000006 9.96515155e-08 0.0649999976
20678 0.50000006 9.96515155e-08 0.0749999955
20679 0.484999985 0.00500009954 0.0850000009
20680 0.484999985 0.00500009954 0.0949999988
20681 0.484999985 0.00500009954 0.104999997
20682 0.484999985 0.00500009954 0.114999995
20683 0.484999985 0.00500009954 0.125
20684 0.484999985 0.00500009954 0.13499999
20685 0.484999985 0.00500009954 0.144999996
20686 0.484999985 0.00500009954 0.155000001
20687 0.494999975 0.00250014942 0.0850000009
20688 0.494999975 0.00250014942 0.0949999988
20689 0.494999975 0.00250014942 0.104999997
20690 0.494999975 0.00250014942 0.114999995
20691 0.494999975 0.00250014942 0.125
20692 0.494999975 0.00250014942 0.13499999
20693 0.494999975 0.00250014942 0.144999996
20694 0.494999975 0.00250014942 0.155000001
20695 0.50000006 9.96515155e-08 0.0850000009
20696 0.50000006 9.96515155e-08 0.0949999988
20697 0.50000006 9.96515155e-08 0.104999997
20698 0.50000006 9.96515155e-08 0.114999995
20699 0.50000006 9.96515155e-08 0.125
20700 0.50000006 9.96515155e-08 0.13499999
20701 0.50000006 9.96515155e-08 0.144999996
20702 0.50000006 9.96515155e-08 0.155000001
20703 0.484999985 0.00500009954 0.164999992
20704 0.484999985 0.00500009954 0.174999997
20705 0.484999985 0.00500009954 0.185000002
20706 0.484999985 0.00500009954 0.194999993
20707 0.484999985 0.00500009954 0.204999998
20708 0.484999985 0.00500009954 0.214999989
20709 0.484999985 0.00500009954 0.224999994
20710 0.484999985 0.00500009954 0.234999999
20711 0.494999975 0.00250014942 0.164999992
20712 0.494999975 0.00250014942 0.174999997
20713 0.494999975 0.00250014942 0.185000002
20714 0.494999975 0.00250014942 0.194999993
20715 0.494999975 0.00250014942 0.204999998
20716 0.494999975 0.00250014942 0.214999989
20717 0.494999975 0.00250014942 0.224999994
20718 0.494999975 0.00250014942 0.234999999
20719 0.50000006 9.96515155e-08 0.164999992
20720 0.50000006 9.96515155e-08 0.174999997
20721 0.50000006 9.96515155e-08 0.185000002
20722 0.50000006 9.96515155e-08 0.194999993
20723 0.50000006 9.96515155e-08 0.204999998
20724 0.50000006 9.96515155e-08 0.214999989
20725 0.50000006 9.96515155e-08 0.224999994
20726 0.50000006 9.96515155e-08 0.234999999
20727 0.484999985 0.00500009954 0.24499999
20728 0.484999985 0.00500009954 0.254999995
20729 0.484999985 0.00500009954 0.264999986
20730 0.484999985 0.00500009954 0.275000006
20731 0.484999985 0.00500009954 0.284999996
20732 0.484999985 0.00500009954 0.294999987
20733 0.484999985 0.00500009954 0.305000007
20734 0.484999985 0.00500009954 0.314999998
20735 0.494999975 0.00250014942 0.24499999
20736 0.494999975 0.00250014942 0.254999995
20737 0.494999975 0.00250014942 0.264999986
20738 0.494999975 0.00250014942 0.275000006
20739 0.494999975 0.00250014942 0.284999996
20740 0.494999975 0.00250014942 0.294999987
20741 0.494999975 0.00250014942 0.305000007
20742 0.494999975 0.00250014942 0.314999998
20743 0.50000006 9.96515155e-08 0.24499999
20744 0.50000006 9.96515155e-08 0.254999995
20745 0.50000006 9.96515155e-08 0.264999986
20746 0.50000006 9.96515155e-08 0.275000006
20747 0.50000006 9.96515155e-08 0.284999996
20748 0.50000006 9.96515155e-08 0.294999987
20749 0.50000006 9.96515155e-08 0.305000007
20750 0.50000006 9.96515155e-08 0.314999998
20751 0.484999985 0.00500009954 0.324999988
20752 0.484999985 0.00500009954 0.334999979
20753 0.484999985 0.00500009954 0.344999999
20754 0.484999985 0.00500009954 0.354999989
20755 0.484999985 0.00500009954 0.36499998
20756 0.484999985 0.00500009954 0.375
20757 0.484999985 0.00500009954 0.38499999
20758 0.484999985 0.00500009954 0.394999981
20759 0.494999975 0.00250014942 0.324999988
20760 0.494999975 0.00250014942 0.334999979
20761 0.494999975 0.00250014942 0.344999999
20762 0.494999975 0.00250014942 0.354999989
20763 0.494999975 0.00250014942 0.36499998
20764 0.494999975 0.00250014942 0.375
20765 0.494999975 0.00250014942 0.38499999
20766 0.494999975 0.00250014942 0.394999981
20767 0.50000006 9.96515155e-08 0.324999988
20768 0.50000006 9.96515155e-08 0.334999979
20769 0.50000006 9.96515155e-08 0.344999999
20770 0.50000006 9.96515155e-08 0.354999989
20771 0.50000006 9.96515155e-08 0.36499998
20772 0.50000006 9.96515155e-08 0.375
20773 0.50000006 9.96515155e-08 0.38499999
20774 0.50000006 9.96515155e-08 0.394999981
20775 0.484999985 0.00500009954 0.405000001
20776 0.484999985 0.00500009954 0.414999992
20777 0.484999985 0.00500009954 0.424999982
20778 0.484999985 0.00500009954 0.435000002
20779 0.484999985 0.00500009954 0.444999993
20780 0.484999985 0.00500009954 0.454999983
20781 0.484999985 0.00500009954 0.465000004
20782 0.484999985 0.00500009954 0.474999994
20783 0.494999975 0.00250014942 0.405000001
20784 0.494999975 0.00250014942 0.414999992
20785 0.494999975 0.00250014942 0.424999982
20786 0.494999975 0.00250014942 0.435000002
20787 0.494999975 0.00250014942 0.444999993
20788 0.494999975 0.00250014942 0.454999983
20789 0.494999975 0.00250014942 0.465000004
20790 0.494999975 0.00250014942 0.474999994
20791 0.50000006 9.96515155e-08 0.405000001
20792 0.50000006 9.96515155e-08 0.414999992
20793 0.50000006 9.96515155e-08 0.424999982
20794 0.50000006 9.96515155e-08 0.435000002
20795 0.50000006 9.96515155e-08 0.444999993
20796 0.50000006 9.96515155e-08 0.454999983
20797 0.50000006 9.96515155e-08 0.465000004
20798 0.50000006 9.96515155e-08 0.474999994
20799 0.484999985 0.00500009954 0.484999985
20800 0.484999985 0.00250014942 0.494999975
20801 0.484999985 9.96515155e-08 0.50000006
20802 0.494999975 0.00250014942 0.484999985
20803 0.494999975 0.00125017436 0.494999975
20804 0.494999975 9.96515155e-08 0.50000006
20805 0.50000006 9.96515155e-08 0.484999985
20806 0.50000006 9.96515155e-08 0.494999975
20807 0.5 6.6434346e-08 0.5
