41612
0 8645 8636 8637
1 13700 13691 13699
2 10112 10121 10120
3 20788 20797 20796
4 17612 17603 17604
5 13848 13857 13849
6 14128 14136 14137
7 13606 13254 13253
8 1346 1354 1355
9 13094 13093 13102
10 19436 19445 19444
11 2671 2889 2888
12 8212 8221 8220
13 4525 4516 4517
14 193 201 161
15 11606 11615 11607
16 587 235 588
17 15683 15692 15691
18 5589 5580 5581
19 6322 6313 6314
20 17084 17075 17076
21 6211 6220 6219
22 3838 3846 3837
23 18765 18756 18757
24 2021 2012 2020
25 6312 6303 6304
26 59 5262 60
27 3361 3426 3369
28 6916 7269 7268
29 19296 19305 19304
30 4909 4910 4918
31 14642 14289 14641
32 16558 16493 16550
33 6880 6889 6888
34 7174 7165 7166
35 11439 11447 11438
36 4021 4020 4012
37 4586 4594 4529
38 10557 10566 10565
39 16911 16902 16903
40 2582 2581 2590
41 12052 12055 12056
42 12746 12755 12754
43 2729 2721 2730
44 17875 17884 17883
45 11745 11746 11737
46 18768 18777 18776
47 667 675 676
48 10898 10889 10890
49 11023 11375 11022
50 17210 17201 17202
51 20489 20480 20481
52 2260 2261 2252
53 10896 10887 10888
54 2766 2765 2757
55 605 613 614
56 1058 1067 1066
57 206 197 198
58 9885 9894 9893
59 9113 9104 9105
60 3820 3812 3821
61 6814 6823 6822
62 1582 1581 1590
63 7259 7612 7611
64 2028 2019 2027
65 656 713 304
66 476 477 468
67 5411 5366 5403
68 10667 10732 10675
69 11357 11349 11358
70 68 69 60
71 11703 11711 11712
72 16605 16670 16613
73 6215 6206 6207
74 4390 4037 4038
75 1977 1986 1978
76 6571 6506 6563
77 17374 17383 17382
78 2417 2352 2360
79 8442 8433 8434
80 6582 1377 1380
81 2132 2141 2133
82 10371 10401 10379
83 15052 15051 15060
84 2346 2354 2355
85 590 591 238
86 739 730 738
87 2691 2949 2948
88 15633 7477 7478
89 12099 12098 12090
90 451 450 442
91 9052 8987 9044
92 2324 2316 2315
93 13450 13458 13459
94 24 41 16
95 1906 1897 1898
96 2779 2787 2778
97 14266 14274 14265
98 13589 13532 13597
99 4884 4893 4892
100 14696 15049 15048
101 206 207 198
102 9271 9280 9279
103 1385 1381 1384
104 1027 1028 1019
105 1053 1405 1406
106 8044 8053 8052
107 1842 1850 1851
108 3524 3523 3515
109 15761 15770 15769
110 429 430 421
111 1024 1023 1032
112 7061 7070 7069
113 4826 4834 4835
114 20113 20104 20105
115 17239 17243 17242
116 10535 10544 10543
117 1315 1314 1323
118 1926 1917 1925
119 2378 2379 2387
120 1146 1138 1137
121 3707 3715 3706
122 1964 1955 1963
123 71 62 70
124 1323 1314 1322
125 4458 4467 4459
126 13585 13594 13586
127 1564 1556 1555
128 20259 20250 20251
129 13039 13030 13031
130 7587 7596 7595
131 43 35 34
132 2813 2812 3165
133 281 224 289
134 402 394 393
135 712 711 1064
136 1033 986 983
137 18533 10377 10378
138 11036 11028 11037
139 789 781 790
140 171 5376 174
141 3991 3982 3983
142 422 431 423
143 339 331 330
144 715 714 723
145 4042 3633 3690
146 773 1126 774
147 448 439 447
148 5563 5498 5555
149 7937 7946 7945
150 323 322 331
151 10292 10301 10300
152 359 350 358
153 1076 1084 1075
154 395 394 403
155 1667 1675 1666
156 6829 6820 6821
157 13685 13693 13694
158 7586 7651 7594
159 109 117 118
160 7330 7739 7682
161 2419 2411 2420
162 55 54 46
163 13136 4981 13137
164 1350 1341 1349
165 13473 13465 13464
166 2518 2519 2510
167 5061 5069 5060
168 6620 6629 6628
169 3994 3986 3995
170 9224 9215 9216
171 6131 6140 6139
172 3697 4106 4049
173 2662 2654 2663
174 5690 5681 5682
175 2981 2990 2989
176 15232 15223 15231
177 18244 18235 18236
178 938 939 930
179 2670 2671 2888
180 3058 2993 3050
181 3328 3320 3329
182 3287 3286 3278
183 197 206 205
184 6673 6682 6681
185 6153 6162 6161
186 4191 4200 4199
187 3459 3467 3468
188 2067 2076 2075
189 19141 19150 19149
190 5933 5942 5941
191 10129 9776 9777
192 19716 19725 19724
193 5036 5044 5035
194 4981 4980 4972
195 15543 20746 15544
196 15543 15535 15544
197 3157 3160 3156
198 4544 4535 4536
199 3397 3398 3406
200 3962 3958 3961
201 4944 4936 4945
202 1725 1726 1373
203 3062 3054 3063
204 8759 3554 3557
205 3554 3553 3557
206 3967 3963 3964
207 150 503 151
208 16060 16051 16052
209 4081 4138 4073
210 2703 2712 2711
211 18181 18172 18173
212 2079 2087 2088
213 3369 3377 3434
214 19063 19072 19071
215 2649 2632 2657
216 6435 6370 6427
217 3114 3057 3122
218 19039 19048 19047
219 956 955 964
220 7669 15825 15824
221 161 158 157
222 7841 7832 7833
223 7832 2630 7833
224 20042 20051 20050
225 8288 8279 8280
226 3279 3278 3270
227 3264 3256 3265
228 18823 18758 18815
229 8859 8924 8867
230 3417 3409 3474
231 5990 5999 5998
232 1356 1355 1364
233 2122 2474 2475
234 106 105 5308
235 1336 1327 1335
236 2979 2970 2978
237 376 104 103
238 4093 4101 4092
239 257 249 192
240 43 44 52
241 5736 5727 5728
242 5987 5922 5979
243 3695 4047 3694
244 8020 7826 7843
245 3851 3859 3850
246 7907 7916 7915
247 2144 2136 2135
248 2495 2503 2494
249 4709 4717 4708
250 20687 20662 20679
251 18438 18503 18446
252 4351 4352 4360
253 16815 16824 16823
254 14552 14200 14199
255 9981 9985 9984
256 4926 4934 4925
257 18759 18768 18767
258 19456 19447 19448
259 13745 13737 13736
260 7275 7210 7267
261 3872 3871 3863
262 19315 19324 19323
263 13068 13059 13060
264 19717 19726 19725
265 16719 16728 16727
266 19521 19530 19529
267 17416 17425 17424
268 15376 15367 15375
269 11810 11809 11801
270 18767 18776 18775
271 2034 2043 2042
272 4882 4817 4825
273 15045 14693 12443
274 17803 17812 17811
275 14614 14617 14613
276 15707 15716 15715
277 5013 5022 5021
278 4671 4663 4672
279 14198 14189 14197
280 18894 18885 18886
281 9809 9818 9817
282 13961 13969 13970
283 19274 19265 19266
284 13528 13529 13537
285 1019 1028 1020
286 18616 18263 18264
287 14771 14779 14780
288 1419 1427 1428
289 20121 20112 20113
290 4870 4879 4878
291 13917 13909 13852
292 13896 13895 13904
293 17867 17514 17515
294 13970 13971 13979
295 9691 9756 9699
296 9901 9892 9893
297 4572 4924 4571
298 15686 15626 15678
299 15087 15086 15095
300 11187 11178 11179
301 14749 14684 14692
302 9265 9256 9257
303 16343 16334 16335
304 12789 12797 12788
305 8373 8382 8381
306 15248 15240 15239
307 17871 17880 17879
308 19374 19365 19366
309 15969 15960 15961
310 14674 14673 14665
311 5305 5296 5297
312 9772 9707 9764
313 20315 20324 20323
314 14626 14629 14630
315 13792 14144 14145
316 5046 5038 5047
317 13781 13789 13790
318 20090 20081 20089
319 20700 20691 20692
320 15246 15247 15238
321 14928 14929 14920
322 7418 7414 7415
323 13605 13606 13253
324 13814 13810 13813
325 19868 19859 19860
326 8315 8306 8307
327 4764 5116 5117
328 9094 8741 8742
329 13495 13494 13486
330 19042 19033 19034
331 13621 13613 13622
332 17159 17150 17151
333 13876 13875 13884
334 13360 13359 13368
335 20338 20347 20346
336 18381 18390 18389
337 4693 4701 4692
338 13095 13086 13094
339 17208 17217 17216
340 5077 5078 5069
341 13636 13701 13693
342 19820 14615 19817
343 13524 13532 13523
344 17154 17145 17146
345 18614 19001 13412
346 17184 17175 17176
347 13310 13318 13309
348 16717 16782 16725
349 15189 15198 15190
350 12910 12919 12918
351 11857 11858 11866
352 19868 19877 19876
353 13821 11571 13829
354 19632 19641 19640
355 13239 13231 13230
356 9688 9679 9680
357 5322 5347 5330
358 13533 13886 13534
359 6390 6037 6038
360 18912 18921 18920
361 14062 14063 14054
362 15980 15971 15972
363 4610 4619 4618
364 13233 13224 13232
365 13957 13965 13966
366 13184 13193 13185
367 5554 5545 5546
368 13890 13898 13899
369 13512 13511 13520
370 9748 9757 9756
371 13432 13431 13423
372 12099 12090 12091
373 20385 20376 20377
374 13035 13044 13043
375 4795 4443 4796
376 9780 9371 9428
377 17971 17980 17979
378 18354 18363 18362
379 14727 14728 14719
380 14232 14240 14231
381 17947 17956 17955
382 7324 7677 7676
383 9304 9657 9656
384 11083 11148 11091
385 11804 11796 11739
386 19050 19059 19058
387 10540 10532 10541
388 6155 6090 6147
389 16412 16421 16420
390 12211 12203 12268
391 16102 15693 15750
392 14728 14737 14729
393 15159 15168 15160
394 15119 15127 15128
395 20792 20783 20784
396 16566 16501 16558
397 16670 16679 16678
398 7230 7239 7238
399 12330 12339 12338
400 9015 9024 9023
401 12396 12331 12388
402 12792 12801 12800
403 13054 13046 13045
404 2063 2415 2416
405 10720 10729 10721
406 17313 17322 17321
407 18617 18264 18265
408 15659 15668 15667
409 11636 11633 11668
410 18016 18025 18024
411 11500 11443 11508
412 12371 12370 12362
413 12107 12098 12106
414 12891 12594 12892
415 18979 18970 18971
416 9518 9509 9510
417 12619 12618 12627
418 11701 11709 11700
419 10547 10612 10555
420 12900 12891 12899
421 10453 10462 10461
422 17462 17397 17454
423 1925 1934 1933
424 9342 9351 9350
425 19223 19232 19231
426 19659 19650 19651
427 7812 7803 7804
428 7803 2601 7804
429 8577 8568 8569
430 6212 6203 6204
431 2532 2533 10688
432 16029 10824 16026
433 16029 16030 16026
434 17520 17167 17168
435 16489 16498 16497
436 5881 5872 5873
437 1468 1467 1476
438 5793 5802 5801
439 7520 7511 7512
440 9716 9725 9724
441 12106 12097 12098
442 14247 14238 14246
443 12360 12352 12351
444 19065 19056 19057
445 8645 8654 8653
446 13839 13838 13847
447 11888 11880 11889
448 10946 10954 10945
449 6992 7027 6995
450 11268 11276 11231
451 11519 11520 11528
452 7071 7062 7063
453 6425 6434 6433
454 1511 1502 1510
455 16107 16116 16115
456 12505 12506 12514
457 11660 11661 11669
458 11242 11243 11239
459 13047 13046 13055
460 10550 10903 10902
461 19014 18974 19011
462 11824 11823 11815
463 2415 2423 2414
464 2535 2526 2534
465 7631 7640 7639
466 13833 13824 13832
467 14265 14274 14273
468 14291 14282 14290
469 16931 16940 16939
470 12790 12438 12791
471 18506 18497 18498
472 6728 6719 6720
473 2525 2533 2534
474 15937 15946 15938
475 11537 11545 11536
476 15674 15665 15666
477 11953 11945 11954
478 12321 12330 12322
479 12427 14685 12435
480 18964 18955 18956
481 12969 12961 12970
482 17104 17457 17456
483 16829 16820 16821
484 6486 6495 6494
485 6877 6868 6869
486 17651 17647 17648
487 16739 16748 16747
488 268 267 276
489 12960 12961 12969
490 20513 20522 20521
491 11649 11650 12037
492 12265 12274 12273
493 6991 6987 6988
494 18583 18936 18935
495 9446 9437 9438
496 12457 12454 12458
497 11958 11967 11966
498 5744 5735 5736
499 12888 12889 12591
500 11838 11839 12191
501 2202 2203 2199
502 1920 1919 1928
503 182 191 190
504 17455 17102 17103
505 498 507 499
506 201 210 209
507 159 5364 162
508 1441 1433 1442
509 1092 1093 1084
510 5484 5475 5483
511 185 155 158
512 9808 9799 9800
513 243 251 252
514 19987 19996 19995
515 201 164 209
516 188 179 187
517 601 593 602
518 1013 1014 1005
519 6066 6131 6074
520 1015 1006 1007
521 292 283 291
522 6249 6240 6241
523 1095 1087 1096
524 706 1058 1059
525 6298 6289 6290
526 642 641 994
527 1470 1118 1117
528 1462 1815 1463
529 633 642 641
530 1401 1402 1049
531 1031 1022 1030
532 2203 2200 2199
533 167 217 209
534 5428 5437 5436
535 15 24 16
536 800 799 808
537 5488 5497 5496
538 17494 17429 17486
539 5944 5953 5952
540 9918 9927 9926
541 1489 1432 1497
542 1106 1097 1098
543 638 637 646
544 590 238 237
545 1073 1016 1081
546 828 827 836
547 1066 1074 1075
548 20383 20318 20375
549 456 513 448
550 654 653 662
551 700 701 692
552 688 679 680
553 6412 6403 6404
554 1137 1080 1145
555 16961 16970 16969
556 661 653 652
557 333 325 324
558 6248 6257 6256
559 470 461 469
560 363 355 364
561 786 787 778
562 5328 5319 5320
563 298 651 650
564 293 285 294
565 341 332 333
566 259 267 268
567 708 1060 707
568 650 649 658
569 291 290 299
570 39 48 47
571 260 259 251
572 608 616 673
573 40 39 5242
574 742 751 743
575 5316 5325 5324
576 5264 61 62
577 656 655 664
578 20035 20044 20043
579 77 68 76
580 50 242 243
581 380 381 372
582 41 42 33
583 5236 5245 5244
584 18558 18603 18566
585 9946 9955 9947
586 106 105 114
587 54 247 55
588 18943 18952 18951
589 859 867 868
590 78 69 77
591 342 341 350
592 808 799 807
593 782 790 781
594 742 750 751
595 1161 1162 1153
596 485 484 493
597 8012 8365 8364
598 130 139 131
599 70 69 78
600 430 783 431
601 251 242 250
602 384 383 392
603 18169 18160 18161
604 383 382 391
605 522 523 514
606 20065 20074 20073
607 60 61 5263
608 6157 6166 6165
609 497 506 498
610 876 868 877
611 3298 3241 3233
612 6809 6800 6801
613 3742 3750 3741
614 9038 9029 9030
615 1564 1565 1556
616 895 887 886
617 444 435 443
618 5284 5293 5292
619 6112 5759 5760
620 8831 8822 8823
621 1280 1288 1345
622 6004 5995 5996
623 3179 3178 3187
624 2638 2630 2629
625 6411 6346 6403
626 10074 10065 10073
627 910 918 919
628 7063 7072 7071
629 3664 3655 3663
630 488 553 545
631 553 554 545
632 944 935 936
633 1206 1197 1198
634 498 499 146
635 810 819 818
636 491 490 843
637 862 871 863
638 1263 1264 1272
639 20586 20577 20578
640 16683 16674 16675
641 883 882 891
642 6980 6971 6972
643 18242 18233 18234
644 853 844 852
645 7122 7187 7130
646 473 408 416
647 6783 6774 6775
648 19345 19354 19353
649 2113 2048 2056
650 401 344 409
651 6933 6942 6941
652 532 523 531
653 17915 17906 17907
654 356 365 357
655 807 798 806
656 18478 18543 18486
657 347 356 348
658 4440 4441 4449
659 1268 1260 1259
660 5244 5235 5236
661 5235 33 5236
662 4156 4147 4148
663 1313 1256 1321
664 5915 5924 5923
665 1164 1163 1172
666 1436 1435 1444
667 6300 6291 6299
668 1276 1284 1285
669 9441 9088 9089
670 1647 1655 1656
671 5683 5692 5691
672 6838 6847 6846
673 1236 1235 1227
674 18103 18078 18095
675 759 760 768
676 1243 1596 1244
677 7534 7525 7526
678 1549 1540 1548
679 1243 1242 1595
680 874 873 882
681 8816 8825 8824
682 16528 16537 16536
683 1259 1267 1268
684 1529 1537 1538
685 2364 2363 2372
686 6887 6878 6879
687 8083 8074 8075
688 15990 15925 15982
689 1294 1295 1286
690 10759 10767 10758
691 6548 6557 6556
692 1744 1736 1735
693 750 758 759
694 19895 17637 19887
695 1369 1361 1304
696 17620 17611 17612
697 1362 1363 1354
698 372 100 99
699 1675 1674 1666
700 3074 3017 2720
701 1242 1241 1594
702 3601 3609 3600
703 18807 18816 18815
704 6585 1380 6582
705 6585 6586 6582
706 1707 1706 1698
707 1260 1251 1259
708 4012 4004 4013
709 4003 4004 4012
710 6441 6432 6433
711 2149 2141 2140
712 1622 1614 1613
713 2141 2149 2150
714 2076 2067 2068
715 1783 1784 1775
716 1358 1357 1366
717 7917 8215 8214
718 2088 2096 2153
719 2135 1783 1782
720 2182 2191 2183
721 2165 2157 2156
722 18327 18262 18319
723 2545 2553 2554
724 2494 2493 2502
725 4437 4445 4436
726 2555 2546 2554
727 2062 2415 2063
728 7588 7579 7580
729 20745 20736 20737
730 2597 2589 2588
731 18486 18477 18478
732 7374 7365 7366
733 2488 2553 2545
734 4837 4838 4829
735 4877 4868 4869
736 7675 7684 7683
737 16475 16484 16483
738 2473 2121 2064
739 2455 2446 2454
740 2397 2396 2405
741 1975 1967 1976
742 2554 2546 2545
743 2179 2187 2188
744 18550 18541 18542
745 2001 2002 1649
746 2283 2291 2292
747 9852 9787 9844
748 1875 1883 1874
749 2638 2629 2637
750 2430 2421 2429
751 6006 5997 5998
752 2037 2046 2038
753 2515 2514 2523
754 2537 2546 2538
755 7645 7636 7637
756 10694 10686 10695
757 2432 2440 2431
758 8527 8518 8519
759 8069 8078 8077
760 7148 7139 7140
761 2511 2512 2503
762 1952 1951 1960
763 7792 7801 7800
764 7034 7099 7042
765 3136 3488 3135
766 7658 7649 7650
767 2571 2570 2579
768 2333 2341 2342
769 8204 8557 8556
770 9196 9205 9204
771 2055 2047 2046
772 16153 16162 16161
773 435 434 122
774 1175 1174 1183
775 2435 2426 2434
776 1929 1921 1864
777 1956 1955 1964
778 7084 7075 7076
779 8904 8913 8912
780 1819 1818 1810
781 7192 7183 7184
782 17359 17368 17367
783 1860 1861 1852
784 15872 15863 15864
785 2221 2220 2229
786 1393 1390 1389
787 1942 1941 1950
788 10927 10935 10926
789 2303 2302 2311
790 20134 20125 20126
791 6684 6675 6676
792 20519 20528 20527
793 18299 18308 18307
794 7058 7123 7066
795 2315 2307 2306
796 10507 10515 10506
797 157 153 154
798 12870 12861 12862
799 1834 1843 1835
800 6645 6636 6637
801 6589 6593 6592
802 19805 19796 19797
803 8699 8754 8707
804 7041 7050 7049
805 7151 7160 7152
806 2261 2270 2262
807 17609 17600 17601
808 2252 2253 2244
809 2201 2198 2233
810 2278 2279 10434
811 1845 1844 1853
812 635 636 627
813 1034 1042 1043
814 1385 1417 1382
815 1796 1833 1793
816 154 153 6
817 5867 5876 5875
818 1859 1867 1868
819 154 155 7
820 6243 6252 6251
821 103 104 95
822 7197 7188 7189
823 187 179 178
824 1433 1388 1425
825 16624 16633 16632
826 5420 5429 5428
827 7270 6917 6918
828 1415 1416 1424
829 20182 20232 20190
830 1422 1430 1431
831 6741 6750 6749
832 1511 1519 1510
833 7012 7021 7020
834 1151 1142 1143
835 6989 7019 6992
836 1179 1532 1180
837 1530 1177 1529
838 1789 1785 1788
839 7616 7625 7624
840 2270 2278 2279
841 1871 1870 2223
842 1936 2345 1993
843 1233 1176 1241
844 1491 1499 1490
845 18128 12925 18127
846 6996 1791 6993
847 6996 6997 6993
848 436 123 435
849 1430 1421 1429
850 1527 1879 1880
851 1786 1785 1789
852 1799 1795 1796
853 165 166 162
854 1494 1503 1495
855 1398 1786 1399
856 5653 5644 5652
857 399 398 407
858 6430 6439 6438
859 6177 6181 6180
860 6177 975 6180
861 184 192 249
862 1404 1412 1413
863 27 18 19
864 157 153 156
865 6207 6198 6199
866 155 177 8
867 11 20 12
868 17372 17363 17371
869 246 247 54
870 19 28 20
871 1042 1033 1041
872 1009 1001 974
873 626 625 634
874 5203 1 5204
875 5203 5206 5204
876 18156 18147 18148
877 5840 5849 5848
878 5907 6260 6259
879 169 170 166
880 11267 11266 11258
881 1820 1819 1828
882 11438 11086 11085
883 2265 2273 2213
884 2225 2217 2195
885 1377 1381 1380
886 17526 17461 17518
887 1399 1398 1395
888 1387 1384 1383
889 1914 1913 1922
890 1795 1791 1794
891 647 1000 648
892 1000 999 1008
893 6594 6598 6595
894 1386 1387 1383
895 16479 16470 16471
896 1882 1874 1873
897 7436 7445 7444
898 1828 1836 1837
899 7076 7085 7084
900 7397 7427 7400
901 20269 20278 20277
902 2250 2259 2251
903 7546 15758 15701
904 2257 2265 2266
905 19237 19246 19245
906 10412 10415 10411
907 5258 5507 5450
908 1871 2223 2224
909 2386 2378 2377
910 10408 10412 10411
911 6772 6781 6780
912 19059 19068 19067
913 7074 7483 7426
914 8024 7846 7847
915 16081 16072 16073
916 16387 16378 16379
917 8730 8739 8738
918 10161 10170 10169
919 2315 2324 2323
920 7138 7547 7490
921 2307 2306 2298
922 18867 18858 18859
923 9861 9870 9869
924 7256 7247 7248
925 18164 18173 18172
926 2386 2378 2387
927 2371 2370 2379
928 1588 1940 1941
929 7535 7544 7543
930 7072 7425 7424
931 2301 2309 2310
932 1904 1912 1969
933 1895 1896 1887
934 1903 1912 1904
935 1470 1469 1478
936 7187 7196 7195
937 2354 2345 2346
938 1900 1909 1908
939 1921 1930 1922
940 2355 2347 2346
941 1980 1979 1971
942 2333 2342 2334
943 1252 1260 1261
944 9511 9502 9503
945 16087 16096 16095
946 7431 7440 7439
947 2299 2298 2307
948 5526 5535 5534
949 2291 2290 2282
950 1461 1814 1462
951 1482 1490 1491
952 6608 6617 6616
953 10634 10642 10633
954 1562 1563 1554
955 2074 2075 2066
956 1878 1887 1879
957 1887 1888 1879
958 1627 1628 1619
959 16070 16025 16062
960 839 831 840
961 17961 17970 17969
962 17323 17314 17315
963 1556 1547 1555
964 1237 1236 1245
965 8688 8335 8336
966 19774 19765 19766
967 7997 7988 7989
968 16678 16613 16670
969 1542 1543 1534
970 1485 1494 1486
971 1397 1449 1394
972 7929 7938 7937
973 1943 1590 1942
974 1828 1819 1827
975 9761 9770 9769
976 1440 1505 1497
977 1001 993 1002
978 7028 7019 7020
979 1043 1042 1051
980 6597 1392 1395
981 1814 1815 1462
982 1908 1907 1916
983 7434 7425 7426
984 7702 7711 7703
985 9200 9191 9192
986 1035 1036 1044
987 1047 1039 1038
988 15656 15665 15664
989 1046 1055 1047
990 6990 1785 6987
991 6990 6991 6987
992 974 977 1009
993 1037 1045 1046
994 5778 573 576
995 17113 16760 16761
996 234 225 233
997 6895 6886 6887
998 637 636 645
999 16236 15883 15884
1000 6700 6691 6692
1001 626 627 618
1002 1116 1115 1468
1003 567 570 571
1004 20528 20537 20536
1005 621 620 629
1006 221 213 212
1007 220 212 211
1008 8321 8330 8329
1009 619 611 620
1010 1140 1148 1139
1011 160 164 161
1012 226 234 235
1013 9229 9238 9237
1014 5819 5828 5827
1015 5860 5851 5852
1016 574 575 571
1017 211 210 219
1018 204 212 203
1019 6991 6995 6994
1020 611 612 620
1021 587 595 586
1022 577 581 578
1023 5813 5822 5821
1024 295 287 286
1025 369 80 312
1026 5226 5251 5234
1027 226 217 225
1028 192 200 257
1029 5777 5773 5774
1030 219 220 211
1031 601 566 569
1032 199 207 208
1033 7690 7681 7682
1034 67 66 75
1035 18524 18877 18876
1036 20504 20513 20512
1037 308 317 309
1038 9626 9635 9627
1039 187 195 196
1040 22 23 14
1041 170 167 166
1042 17090 17081 17082
1043 5211 2 9
1044 100 101 92
1045 267 259 258
1046 753 745 688
1047 10157 10148 10149
1048 248 313 305
1049 90 82 91
1050 7 5 4
1051 415 424 416
1052 469 478 470
1053 421 430 422
1054 336 393 328
1055 354 346 355
1056 1232 1297 1240
1057 631 639 630
1058 5225 5234 5233
1059 31 184 183
1060 1089 1090 1081
1061 226 227 218
1062 739 747 738
1063 345 288 353
1064 5446 5253 5254
1065 15871 15862 15863
1066 275 267 266
1067 6280 6271 6272
1068 19914 19905 19906
1069 16825 16816 16817
1070 697 689 632
1071 740 748 739
1072 6863 6872 6871
1073 740 741 732
1074 17335 17344 17343
1075 361 714 362
1076 17709 17774 17717
1077 16696 17049 17048
1078 421 422 413
1079 18043 18034 18035
1080 5659 5668 5667
1081 17915 17924 17923
1082 429 781 782
1083 899 1252 1251
1084 1165 1156 1157
1085 671 670 679
1086 710 711 702
1087 733 725 724
1088 5872 5863 5864
1089 17829 17820 17821
1090 9865 9874 9873
1091 1000 647 999
1092 6693 6702 6694
1093 91 100 92
1094 9143 9152 9151
1095 708 709 700
1096 1135 1134 1143
1097 768 776 767
1098 1081 1016 1024
1099 16337 16346 16345
1100 10131 9778 9779
1101 765 764 773
1102 6321 6674 6673
1103 6299 6308 6307
1104 17159 17168 17167
1105 2018 2009 2017
1106 1540 1532 1531
1107 1132 1133 1124
1108 7691 7700 7699
1109 718 366 365
1110 9853 9844 9845
1111 1283 1274 1282
1112 15937 15928 15929
1113 19864 19873 19872
1114 838 837 1190
1115 1603 1612 1604
1116 742 741 750
1117 1229 1230 1221
1118 382 381 390
1119 733 732 741
1120 1261 1253 1252
1121 1308 1660 1661
1122 6089 6098 6097
1123 1207 1215 1206
1124 2030 2039 2031
1125 2428 2419 2427
1126 1650 1651 2003
1127 1172 1163 1171
1128 767 768 759
1129 1192 1249 840
1130 767 776 775
1131 753 762 761
1132 1227 1218 1219
1133 1258 1257 1266
1134 5574 5301 5302
1135 897 898 889
1136 19250 19241 19242
1137 20293 20302 20301
1138 360 417 425
1139 20646 20606 20643
1140 780 779 788
1141 77 69 68
1142 16599 16608 16607
1143 6047 6056 6055
1144 462 453 461
1145 429 782 430
1146 94 86 85
1147 15654 15614 15617
1148 5573 5300 5301
1149 19341 19332 19333
1150 97 98 89
1151 6073 6082 6081
1152 3219 3218 3210
1153 924 925 916
1154 9948 9883 9940
1155 5793 5440 5792
1156 419 418 427
1157 16729 16738 16737
1158 2152 2144 2143
1159 2602 2610 2601
1160 2608 2607 7810
1161 513 514 505
1162 451 442 443
1163 675 684 676
1164 444 452 453
1165 103 102 94
1166 5688 5679 5687
1167 7281 7272 7273
1168 2823 2645 2646
1169 5745 5754 5753
1170 8964 8973 8972
1171 507 516 508
1172 5616 5607 5608
1173 470 471 462
1174 146 138 137
1175 465 408 473
1176 482 473 481
1177 456 448 447
1178 792 849 784
1179 446 438 437
1180 8142 8133 8134
1181 9656 9665 9664
1182 18163 18172 18171
1183 1319 967 966
1184 813 814 805
1185 6428 6437 6436
1186 6144 6135 6136
1187 848 496 905
1188 519 518 527
1189 893 884 892
1190 8278 8287 8286
1191 6457 6466 6465
1192 10032 10023 10024
1193 537 480 545
1194 479 471 480
1195 507 515 516
1196 950 941 942
1197 1373 1372 1725
1198 6089 6080 6081
1199 20175 20184 20183
1200 19012 19008 19009
1201 906 914 915
1202 462 461 470
1203 550 542 541
1204 905 496 553
1205 6559 6568 6560
1206 968 960 3218
1207 9093 8740 8741
1208 6544 6535 6543
1209 966 957 965
1210 1261 1269 1270
1211 2926 2917 2918
1212 968 967 1320
1213 6663 6654 6655
1214 961 896 904
1215 1258 1259 1250
1216 893 892 901
1217 1292 1293 1284
1218 1727 1374 1726
1219 1200 1265 1208
1220 1275 1267 1266
1221 880 937 872
1222 3617 3674 3609
1223 848 847 856
1224 1238 1230 1229
1225 6095 6104 6103
1226 2462 2463 2454
1227 6502 6511 6510
1228 1667 1676 1675
1229 1600 1247 1599
1230 4196 4197 4205
1231 2134 2133 2142
1232 6887 6896 6895
1233 1353 1361 1362
1234 1345 1354 1346
1235 6871 6880 6872
1236 1364 1363 1372
1237 7671 15827 15826
1238 17793 17784 17785
1239 1631 1630 1622
1240 4436 4444 4445
1241 2191 2544 2192
1242 17757 17748 17749
1243 2125 2116 2124
1244 2148 2140 2139
1245 1363 1362 1371
1246 7383 7392 7391
1247 1746 1755 1747
1248 1305 1657 1658
1249 9967 9958 9959
1250 7233 7242 7234
1251 8382 8391 8383
1252 6184 6180 6181
1253 1638 1646 1647
1254 7746 7393 7394
1255 1690 1681 1689
1256 7229 7220 7221
1257 8044 7979 8036
1258 5886 5895 5894
1259 1297 1232 1289
1260 1624 1681 1616
1261 1620 1621 1629
1262 1624 1623 1615
1263 6818 6809 6810
1264 6721 6730 6729
1265 20205 20196 20197
1266 20658 20667 20666
1267 9505 9152 9153
1268 17674 17683 17682
1269 1496 1487 1495
1270 1504 1503 1512
1271 1584 1576 1575
1272 1568 1567 1559
1273 1644 1653 1652
1274 16510 16101 16158
1275 15938 15947 15946
1276 2497 2432 2440
1277 1640 1705 1697
1278 8627 8692 8635
1279 6754 6745 6746
1280 2053 2061 2062
1281 1737 1738 1729
1282 20694 20719 20702
1283 19466 19475 19474
1284 2381 2390 2382
1285 2046 2054 2055
1286 2438 2430 2429
1287 20247 20256 20255
1288 9893 9902 9901
1289 2097 2040 2105
1290 2040 2039 2048
1291 2045 2046 2037
1292 7090 7155 7098
1293 2018 2019 2010
1294 2007 1654 2006
1295 2400 2392 2391
1296 2075 2067 2066
1297 2566 2567 2558
1298 19709 19718 19717
1299 5575 5584 5583
1300 10620 2465 10621
1301 2593 2528 2536
1302 10206 10215 10214
1303 6383 6736 6735
1304 1761 1770 1762
1305 2590 2591 2582
1306 2491 2483 2482
1307 20584 20575 20576
1308 18632 18641 18640
1309 2490 2482 2481
1310 2597 2588 2596
1311 2583 2575 2574
1312 5583 5592 5591
1313 2540 2188 2187
1314 2559 2567 2568
1315 2192 2184 2183
1316 8330 8339 8338
1317 13024 13015 13016
1318 4851 4843 4852
1319 2157 2158 2149
1320 2539 2540 2187
1321 6197 6206 6205
1322 2488 2487 2496
1323 2131 2132 1779
1324 1777 1778 1769
1325 2139 2130 2138
1326 7358 7349 7350
1327 2485 2493 2494
1328 2562 2553 2561
1329 2126 2118 2117
1330 140 141 149
1331 6542 6551 6550
1332 4082 4083 4091
1333 18831 18840 18839
1334 143 144 135
1335 2901 2909 2900
1336 2684 2685 2693
1337 8442 8451 8450
1338 15671 15662 15663
1339 13421 13430 13422
1340 3681 3680 3672
1341 4453 4454 4101
1342 4883 4884 4892
1343 10028 10037 10029
1344 20333 20324 20325
1345 18998 19407 19350
1346 4057 4056 4048
1347 4830 4829 4821
1348 9625 9616 9624
1349 10084 10093 10092
1350 9701 9710 9702
1351 5525 5534 5533
1352 7577 7586 7585
1353 4882 4883 4891
1354 2117 2116 2125
1355 4828 4836 4827
1356 19351 19286 19343
1357 13223 13224 13215
1358 5048 5047 5039
1359 20090 20081 20082
1360 3803 3802 3794
1361 17302 17252 17294
1362 4486 4478 4487
1363 4826 4818 4827
1364 7794 10052 7802
1365 7368 7377 7376
1366 9749 9758 9757
1367 4525 4533 4524
1368 8492 8501 8500
1369 18993 19346 19345
1370 15704 15695 15696
1371 4474 4475 4483
1372 18211 18220 18219
1373 13515 13506 13514
1374 7391 7744 7392
1375 19337 19328 19329
1376 4166 4158 4167
1377 5032 5024 5033
1378 4855 4854 13010
1379 13695 13687 13686
1380 4930 4939 4938
1381 4974 4983 4982
1382 4892 4893 4901
1383 13614 13622 13623
1384 4208 4216 4207
1385 16664 16655 16656
1386 4631 4623 4622
1387 4668 4677 4676
1388 3693 3694 4046
1389 4071 4080 4079
1390 17633 17642 17641
1391 4063 4064 4072
1392 9333 9324 9325
1393 4014 4006 4015
1394 4476 4475 4467
1395 5712 5703 5704
1396 19735 19670 19727
1397 10270 10279 10278
1398 4489 4481 4546
1399 3804 3805 3813
1400 4155 4146 4147
1401 3817 3825 3816
1402 4153 4161 4152
1403 4091 4092 4100
1404 16561 16570 16569
1405 10061 9708 9709
1406 8111 8102 8103
1407 18006 18015 18014
1408 7934 7925 7926
1409 7925 2723 7926
1410 3266 3258 3267
1411 10039 10030 10031
1412 3738 3730 3739
1413 3166 3175 3174
1414 7361 7370 7369
1415 2864 2865 2856
1416 6025 6016 6017
1417 4068 4060 4069
1418 6014 6023 6015
1419 4123 4131 4122
1420 16280 16289 16288
1421 4016 4007 4008
1422 3812 3820 3811
1423 4152 4151 4143
1424 20597 20588 20589
1425 4123 4114 4122
1426 19442 19433 19434
1427 1342 1334 1333
1428 8449 8440 8441
1429 4104 4096 4105
1430 10334 10325 10326
1431 9729 9720 9721
1432 1782 1781 2134
1433 4461 4469 4470
1434 3687 3688 3679
1435 7264 7255 7256
1436 2818 2826 2761
1437 9835 9826 9827
1438 3267 3275 3276
1439 4953 4961 4952
1440 5621 5612 5613
1441 3622 3613 3614
1442 3224 3215 3223
1443 18650 18659 18658
1444 4401 4466 4409
1445 8734 8743 8742
1446 3223 3576 3224
1447 152 2617 144
1448 6536 6527 6528
1449 10190 9837 9838
1450 3591 3599 3590
1451 5353 5344 5345
1452 18903 18912 18911
1453 3611 3603 3602
1454 520 512 511
1455 3742 3751 3750
1456 3754 3746 3755
1457 20224 20228 20227
1458 18610 18606 18607
1459 4004 3995 3996
1460 6047 5694 5695
1461 2945 3297 2944
1462 20242 20238 20239
1463 18723 18714 18715
1464 3269 3270 3261
1465 8193 8184 8192
1466 8212 7898 7915
1467 6042 6033 6034
1468 15691 16044 16043
1469 5346 5337 5338
1470 5337 135 5338
1471 535 544 536
1472 16132 16123 16124
1473 18268 18621 18620
1474 2625 2626 7828
1475 519 520 511
1476 18365 18374 18373
1477 19189 19180 19181
1478 472 480 537
1479 16039 16048 16047
1480 6504 6513 6512
1481 3045 3044 3036
1482 16805 16796 16797
1483 8222 8231 8230
1484 3302 3310 3301
1485 522 514 513
1486 2884 2892 2883
1487 4006 4005 3997
1488 15874 15865 15866
1489 536 527 535
1490 4075 4074 4066
1491 6769 6778 6777
1492 8069 8060 8061
1493 2890 2898 2833
1494 3703 3351 3704
1495 8047 8038 8039
1496 3531 3523 3522
1497 8750 3161 8363
1498 6617 6626 6625
1499 2895 2886 2894
1500 2969 2968 2960
1501 6577 6568 6569
1502 17832 17823 17824
1503 2927 2918 2926
1504 8492 8501 8493
1505 6587 6627 6619
1506 3298 3233 3290
1507 15493 20696 15494
1508 15493 15485 15494
1509 3339 3330 3331
1510 5553 5544 5545
1511 6984 7337 7336
1512 2901 2893 2902
1513 18432 18423 18424
1514 16937 16946 16945
1515 2935 2926 2927
1516 6470 6461 6462
1517 16788 16797 16796
1518 3348 3700 3347
1519 17849 17840 17841
1520 19114 19123 19122
1521 8362 8750 8749
1522 3320 3321 3329
1523 3192 3200 3191
1524 8105 8096 8104
1525 15825 15834 15833
1526 8058 8049 8050
1527 3305 3297 3296
1528 4139 4147 4148
1529 2633 2608 2616
1530 3731 3732 3740
1531 10077 10086 10085
1532 8846 8855 8854
1533 5138 5130 5139
1534 3804 3813 3812
1535 3668 3677 3676
1536 3649 3714 3657
1537 2938 2881 2873
1538 3263 3271 3262
1539 8930 8921 8922
1540 4131 4132 4123
1541 3280 3281 3289
1542 500 148 147
1543 3056 3047 3048
1544 17397 17044 17045
1545 20609 20618 20617
1546 16589 16580 16581
1547 9347 9412 9355
1548 8949 8958 8950
1549 2823 2832 2824
1550 17172 17525 17524
1551 3446 3454 3445
1552 3897 3545 3954
1553 3512 3503 3504
1554 18796 18805 18804
1555 2959 2967 2958
1556 8128 8137 8129
1557 6048 6057 6056
1558 3563 3562 3559
1559 3459 3458 3450
1560 7849 8027 8026
1561 8379 8444 8387
1562 18349 18358 18357
1563 17004 17013 17012
1564 7575 7566 7567
1565 8966 8613 8614
1566 3306 3307 3315
1567 3974 9179 3977
1568 3974 3977 3973
1569 9996 10005 10004
1570 8565 8574 8573
1571 17017 17008 17009
1572 3508 3499 3500
1573 2951 2959 2960
1574 3524 3516 3525
1575 8222 8213 8221
1576 4227 4228 4580
1577 18266 18619 18618
1578 7218 7209 7210
1579 2653 7856 2654
1580 2950 2958 2959
1581 8408 8417 8416
1582 5682 5747 5690
1583 3070 3062 3071
1584 8590 8581 8582
1585 2954 2889 2946
1586 2776 2767 2768
1587 6695 6704 6703
1588 3369 3377 3368
1589 20783 20758 20775
1590 3067 3058 3066
1591 3031 3022 3023
1592 7886 7877 7878
1593 7877 2675 7878
1594 5181 5185 5182
1595 9290 9299 9298
1596 20327 20262 20319
1597 3256 3257 3265
1598 3564 3537 3529
1599 16114 16105 16106
1600 3117 3116 3108
1601 3360 3007 3008
1602 4341 4340 4332
1603 8345 3140 3143
1604 3140 3139 3143
1605 2746 2745 7948
1606 3487 3495 3486
1607 7273 7282 7281
1608 3480 3833 3481
1609 16943 16934 16935
1610 3146 3149 3145
1611 3146 3149 8351
1612 18762 18771 18763
1613 3552 3549 3497
1614 19787 19778 19779
1615 3965 3968 3964
1616 3965 3968 9170
1617 3843 3844 3852
1618 3456 3447 3455
1619 3358 3357 3005
1620 3854 3855 3863
1621 7554 7619 7562
1622 3898 3890 3899
1623 4714 4722 4657
1624 4142 4133 4134
1625 3931 3922 3923
1626 7117 7126 7125
1627 4329 4328 4320
1628 3543 3535 3544
1629 6539 6548 6547
1630 17482 17491 17490
1631 19185 19176 19177
1632 10323 9970 9971
1633 3567 3955 3954
1634 8643 8708 8700
1635 3490 3482 3491
1636 9119 9128 9127
1637 16888 16897 16889
1638 4711 4710 4358
1639 8324 8259 8316
1640 9304 9295 9296
1641 17059 17068 17067
1642 4339 4330 4331
1643 5194 5198 5197
1644 20293 20284 20285
1645 3751 3742 3743
1646 3528 3519 3520
1647 9914 9561 9562
1648 5095 5104 5103
1649 6653 6662 6654
1650 15817 16170 16169
1651 4249 4306 4314
1652 13222 13231 13223
1653 4316 4317 4325
1654 10261 10270 10269
1655 4203 4211 4202
1656 6034 6099 6042
1657 3460 3452 3461
1658 2995 3004 3003
1659 17182 17191 17190
1660 4244 4252 4243
1661 8025 7847 7848
1662 9331 9322 9323
1663 3813 3821 3812
1664 4740 4748 4739
1665 8008 7999 8000
1666 4625 4690 4633
1667 4591 4582 4583
1668 7236 7227 7228
1669 3868 3876 3867
1670 18511 18446 18503
1671 7038 7047 7046
1672 8347 8343 8346
1673 18388 18379 18380
1674 18155 12952 18154
1675 18915 18906 18907
1676 4260 4269 4268
1677 4285 4286 4294
1678 5000 5008 4999
1679 18643 18652 18651
1680 4578 4226 4579
1681 13773 13774 13765
1682 6832 6841 6840
1683 4596 4604 4595
1684 9351 9360 9352
1685 3932 3941 3940
1686 10072 10081 10080
1687 9711 10064 10063
1688 10240 10249 10248
1689 9747 9812 9755
1690 9407 9398 9399
1691 13159 13168 13160
1692 6227 6236 6235
1693 5090 5099 5098
1694 5049 13261 13204
1695 3494 3495 3503
1696 4625 4682 4690
1697 4628 4637 4636
1698 6806 6797 6798
1699 4675 4684 4683
1700 4641 4993 4640
1701 13263 13262 13271
1702 5013 5021 5012
1703 7284 7293 7292
1704 4699 4698 4690
1705 13278 13286 13287
1706 5020 5012 5011
1707 4658 4650 4659
1708 6330 5977 5978
1709 5156 5148 5157
1710 5065 5056 5057
1711 17827 17818 17819
1712 13384 13375 13383
1713 5055 4702 4703
1714 4750 4741 4742
1715 4590 4581 4582
1716 10296 10305 10304
1717 7966 7957 7958
1718 5291 5266 5283
1719 5266 64 5283
1720 5148 5157 5149
1721 18586 18939 18938
1722 13309 13252 13317
1723 3533 3541 3532
1724 7781 7790 7789
1725 9892 9827 9884
1726 9867 9932 9875
1727 15608 15638 15611
1728 5115 4763 5116
1729 5145 5136 5137
1730 18836 18827 18828
1731 13786 13794 13795
1732 17268 16915 16916
1733 4160 4168 4159
1734 4770 4774 4771
1735 7097 7088 7089
1736 4325 4334 4333
1737 18045 20303 18053
1738 19476 19467 19468
1739 4741 4750 4749
1740 4748 4740 4749
1741 5104 5096 5105
1742 18880 18889 18888
1743 4362 4305 3953
1744 4341 4332 4333
1745 17616 17607 17608
1746 3527 3535 3526
1747 3957 3954 3958
1748 8772 6170 8420
1749 5860 5869 5868
1750 3310 3302 3311
1751 9974 4385 9587
1752 3304 3303 3295
1753 19524 19533 19532
1754 19776 19785 19784
1755 3367 3366 3358
1756 8344 8340 8341
1757 2653 2652 7855
1758 3429 3420 3421
1759 8029 8020 8021
1760 2702 2703 2711
1761 5117 5126 5125
1762 18282 18291 18290
1763 5137 5184 5187
1764 5745 5754 5746
1765 3905 3913 3904
1766 3445 3444 3436
1767 3069 3421 3068
1768 4739 4730 4731
1769 8223 8214 8215
1770 3924 3923 3915
1771 18085 12882 18084
1772 3067 3059 3068
1773 2887 2895 2886
1774 7842 7833 7834
1775 7833 2631 7834
1776 3556 3555 3552
1777 2897 2954 2962
1778 13281 13280 13289
1779 3092 3091 3083
1780 20662 20309 20310
1781 3145 3144 3141
1782 3032 3023 3024
1783 3554 3553 3550
1784 6353 6344 6345
1785 2747 7952 7949
1786 2747 2746 7949
1787 6976 6967 6975
1788 9959 9950 9951
1789 9097 8744 9096
1790 9140 9075 9132
1791 3668 3669 3677
1792 3515 3507 3516
1793 3397 3406 3405
1794 7039 7048 7047
1795 3903 3902 3894
1796 9959 9968 9967
1797 4302 4303 3950
1798 18730 18739 18738
1799 3936 3928 3937
1800 9542 9533 9534
1801 3025 3033 3024
1802 8951 8960 8959
1803 8363 8360 3158
1804 3551 3550 3547
1805 17830 17765 17822
1806 18826 18835 18834
1807 20046 20037 20038
1808 3121 3113 3153
1809 8208 8561 8209
1810 3116 3107 3108
1811 3110 3109 3101
1812 2952 2960 2951
1813 2739 3076 2738
1814 2712 2737 2720
1815 3303 3294 3295
1816 2681 2673 2682
1817 2728 7947 2745
1818 19805 19814 19813
1819 3086 3095 3094
1820 3158 8360 3155
1821 3158 3154 3155
1822 16905 16896 16897
1823 3465 3522 3530
1824 3092 3083 3084
1825 3426 3418 3427
1826 2990 2981 2982
1827 3420 3428 3419
1828 3015 2718 3016
1829 7783 7792 7791
1830 6767 6758 6759
1831 3046 3047 3055
1832 6959 6968 6967
1833 7136 7489 7488
1834 8092 8027 8084
1835 3453 3445 3454
1836 7092 7101 7100
1837 7654 7663 7655
1838 3829 3837 3828
1839 3550 3549 3546
1840 3020 3019 3011
1841 16892 16901 16900
1842 8841 8850 8849
1843 16506 16859 16858
1844 2692 2693 2950
1845 2700 2709 2701
1846 3062 3061 3053
1847 8262 8271 8270
1848 18899 18890 18891
1849 2743 2744 3081
1850 7652 7643 7644
1851 3531 3522 3530
1852 8495 8504 8503
1853 8158 8167 8166
1854 6601 6989 6988
1855 7611 7620 7619
1856 17080 17089 17088
1857 17044 17035 17036
1858 6009 6018 6010
1859 3380 3371 3379
1860 19496 19505 19504
1861 6888 6897 6896
1862 3252 3243 3251
1863 3316 3325 3317
1864 5855 5864 5863
1865 15853 15844 15845
1866 10396 10400 10397
1867 9159 9099 9156
1868 16882 16873 16874
1869 6487 6478 6486
1870 3869 3861 3870
1871 3939 3931 3940
1872 3348 3339 3340
1873 3772 3764 3773
1874 16406 16341 16398
1875 3452 3460 3451
1876 3451 3450 3459
1877 15744 15735 15736
1878 8710 8701 8702
1879 3804 3803 3795
1880 7789 7798 7797
1881 19603 19612 19611
1882 3448 3439 3440
1883 10101 10110 10109
1884 18746 18755 18754
1885 8047 8056 8055
1886 4183 4175 4184
1887 3671 3663 3672
1888 16907 16916 16915
1889 4186 4178 4187
1890 3790 3782 3791
1891 5391 5400 5399
1892 4235 3882 3883
1893 6809 6800 6808
1894 6035 5970 6027
1895 3901 3893 3902
1896 117 116 108
1897 2845 2837 2846
1898 6125 6134 6133
1899 5973 5964 5965
1900 20181 20190 20189
1901 10225 10234 10233
1902 19454 19519 19462
1903 18107 12904 18106
1904 3345 3337 3402
1905 3681 3689 3680
1906 3755 4107 3754
1907 3765 3413 3766
1908 7419 7428 7420
1909 20153 20506 20505
1910 8613 8604 8605
1911 17629 17620 17621
1912 16812 16821 16820
1913 20740 20749 20748
1914 2922 2914 2923
1915 3720 3728 3719
1916 16410 16401 16402
1917 8840 8487 8488
1918 3323 3315 3314
1919 3306 3298 3307
1920 8422 8775 8774
1921 2904 2905 2913
1922 3413 3765 3412
1923 2995 2987 2996
1924 17016 17025 17024
1925 6312 6321 6320
1926 2898 2906 2907
1927 8585 8594 8593
1928 3387 3388 3396
1929 20787 20778 20779
1930 9464 9455 9456
1931 20274 20265 20266
1932 2639 2648 2647
1933 2894 2902 2903
1934 2919 2927 2918
1935 3262 3254 3253
1936 2691 2692 2949
1937 2648 2665 2882
1938 2964 2972 2963
1939 2974 2965 2966
1940 17001 17010 17009
1941 18696 18687 18688
1942 16722 16731 16730
1943 2859 2860 2868
1944 2854 2862 2853
1945 2609 136 2601
1946 7856 7865 7864
1947 18225 18216 18217
1948 16274 16283 16282
1949 17676 17685 17684
1950 7960 7969 7968
1951 9340 9275 9332
1952 2992 2991 2983
1953 534 526 525
1954 2615 2623 2614
1955 3324 3315 3323
1956 16594 16585 16586
1957 2832 2833 2841
1958 2926 2935 2934
1959 3710 3701 3709
1960 8540 8475 8532
1961 3293 2941 3294
1962 17097 17088 17089
1963 18322 18331 18330
1964 2626 2627 7829
1965 8902 8911 8910
1966 15856 15847 15848
1967 3216 3208 3207
1968 3247 3246 3255
1969 8048 8057 8056
1970 2867 2868 2876
1971 7853 2650 2651
1972 8931 8996 8988
1973 9589 9598 9597
1974 2832 2831 2823
1975 2842 2777 2785
1976 2623 2761 2760
1977 2836 2835 2827
1978 2715 2716 3013
1979 3202 3194 944
1980 2809 2801 2866
1981 2797 2805 2796
1982 2682 2673 2674
1983 8128 8137 8136
1984 7306 7371 7314
1985 15804 15795 15796
1986 9406 9415 9414
1987 8381 8390 8389
1988 8152 7894 7895
1989 2825 2882 2648
1990 2760 2622 2623
1991 8176 8185 8184
1992 7588 7597 7589
1993 10061 10070 10062
1994 18437 18446 18445
1995 3177 3234 3242
1996 2802 2810 2811
1997 7214 7205 7206
1998 17502 17437 17494
1999 534 542 543
2000 533 541 542
2001 504 503 512
2002 944 943 935
2003 16368 16359 16360
2004 3194 3186 3195
2005 19874 19883 19882
2006 3573 3574 3582
2007 3622 3621 3613
2008 924 915 923
2009 3658 3601 3593
2010 8888 8879 8887
2011 8769 9157 9156
2012 8795 8860 8803
2013 3208 3209 3217
2014 3266 3275 3274
2015 9272 9263 9264
2016 4025 4090 4033
2017 3287 3640 3639
2018 3268 3259 3267
2019 3200 3192 3201
2020 1376 1367 1375
2021 3207 3208 3199
2022 17148 17157 17156
2023 2869 2861 2860
2024 18465 10309 10310
2025 4456 4103 4455
2026 6638 6629 6630
2027 9197 9188 9189
2028 16745 16736 16737
2029 1338 1347 1339
2030 17445 17436 17437
2031 3209 3217 3274
2032 15615 15619 15618
2033 15615 10413 15618
2034 1742 1734 1733
2035 19928 19919 19920
2036 4805 4797 4806
2037 4451 4452 4460
2038 3585 3593 3584
2039 17000 16991 16992
2040 16467 16476 16475
2041 2623 2615 2624
2042 2616 2607 2615
2043 2933 2932 2924
2044 2657 2640 2632
2045 7683 7692 7691
2046 7827 2625 2608
2047 2641 2642 2819
2048 2621 2613 2612
2049 19558 19549 19550
2050 3994 3986 1736
2051 4122 4065 4057
2052 3667 3675 3666
2053 3740 3732 3741
2054 1752 1744 4002
2055 4158 4149 4150
2056 3615 3624 3623
2057 16763 17116 17115
2058 3985 3632 3633
2059 5436 5427 5428
2060 16012 16365 16364
2061 10040 10031 10032
2062 17775 17784 17783
2063 4021 4022 4030
2064 3688 3680 3689
2065 4809 4866 4874
2066 4492 4501 4500
2067 8188 8123 8180
2068 9242 9595 9243
2069 5688 5679 5680
2070 18752 18743 18744
2071 4474 4483 4482
2072 10338 10329 10330
2073 4077 4085 4086
2074 4459 4467 4468
2075 1781 1773 1772
2076 4459 4468 4460
2077 3990 3989 3981
2078 9673 9664 9665
2079 20430 20495 20438
2080 6386 6795 6443
2081 6958 6949 6950
2082 6607 6616 6615
2083 19907 19554 19555
2084 10239 10248 10247
2085 1776 4034 1784
2086 4818 2560 4810
2087 6416 6425 6424
2088 10025 10034 10033
2089 19354 19363 19355
2090 15823 7667 7668
2091 10296 10287 10288
2092 2568 2567 2576
2093 4830 4821 4822
2094 9588 6986 9236
2095 7296 7287 7288
2096 5587 5596 5595
2097 4829 4838 4830
2098 9615 9606 9607
2099 19857 19848 19849
2100 13100 13165 13157
2101 4861 4509 4862
2102 4407 4415 4406
2103 5620 5629 5628
2104 4510 4862 4509
2105 4798 4806 4797
2106 10036 10045 10037
2107 18222 18213 18221
2108 6347 6356 6355
2109 4858 4867 4866
2110 4900 4908 4899
2111 16732 16741 16740
2112 13084 13076 13075
2113 4423 4415 4424
2114 18079 12860 18062
2115 10029 10020 10021
2116 20074 20083 20082
2117 4538 4547 4546
2118 4956 4964 4955
2119 4501 4509 4500
2120 8514 8523 8522
2121 4540 4531 4532
2122 9706 9697 9698
2123 4955 4963 4954
2124 4054 4063 4062
2125 4447 4800 4799
2126 8064 8073 8072
2127 4925 4573 4926
2128 4505 4497 4562
2129 9992 9988 9989
2130 4862 4871 4863
2131 4562 4563 4554
2132 18176 12973 18175
2133 4962 4954 4963
2134 4496 4504 4495
2135 19537 19546 19545
2136 20497 20730 20729
2137 15789 15854 15797
2138 4962 4905 4897
2139 4557 4558 4566
2140 5834 5825 5826
2141 10124 9715 9772
2142 4667 4668 4676
2143 4972 4973 4981
2144 4968 4967 4959
2145 5034 5042 4977
2146 8300 8235 8292
2147 4570 4513 4505
2148 9602 9611 9610
2149 4940 4941 4949
2150 4941 4932 4933
2151 9347 9338 9339
2152 4460 4469 4468
2153 4563 4555 4564
2154 10227 10218 10219
2155 4219 4211 4220
2156 4528 4519 4520
2157 4566 4567 4575
2158 4520 4519 4167
2159 9027 9436 9379
2160 18496 18487 18488
2161 4528 4527 4519
2162 8530 8521 8522
2163 7912 7903 7904
2164 7903 2701 7904
2165 4246 4254 4245
2166 9331 9396 9339
2167 4121 4112 4113
2168 4113 3760 3761
2169 9173 9169 9170
2170 18091 17793 17794
2171 3882 3874 3883
2172 7190 7181 7182
2173 4124 4133 4132
2174 20374 20703 20686
2175 4287 4296 4288
2176 4183 4182 4174
2177 9721 9730 9729
2178 4456 4465 4464
2179 4180 4171 4172
2180 4295 4296 4287
2181 4173 3820 3821
2182 20023 20376 20375
2183 4178 4186 4121
2184 3878 3887 3886
2185 2695 2687 2696
2186 19453 19462 19461
2187 3874 3817 3809
2188 9016 9025 9024
2189 17544 17553 17552
2190 17664 12459 17661
2191 17664 17665 17661
2192 9868 9877 9876
2193 4232 4224 4233
2194 9550 9559 9558
2195 16332 16323 16324
2196 5005 4997 5006
2197 5091 5082 5083
2198 17809 17818 17817
2199 8779 8426 8778
2200 4232 4584 4231
2201 9942 9933 9934
2202 4707 4708 4716
2203 9317 9326 9325
2204 5000 5009 5008
2205 5094 5102 5103
2206 5003 4995 5004
2207 5024 5032 5023
2208 4561 4553 4552
2209 17475 17466 17467
2210 4977 4976 4968
2211 9445 9436 9437
2212 20140 20131 20132
2213 5000 4999 4991
2214 5835 5844 5836
2215 4638 4639 4991
2216 4964 4972 4963
2217 5169 5196 5199
2218 5066 5001 5009
2219 5008 5017 5016
2220 10255 10264 10263
2221 5479 5488 5487
2222 13345 13336 13344
2223 5015 5016 5024
2224 4992 4640 4993
2225 15822 15831 15830
2226 4662 4654 4663
2227 5087 5079 5088
2228 3929 3928 3920
2229 9811 9802 9803
2230 5092 5083 5084
2231 13389 5177 13332
2232 16921 16930 16929
2233 4668 4669 4677
2234 13264 13265 5109
2235 5113 5105 5170
2236 13319 13672 13320
2237 5163 5155 5164
2238 10320 10329 10328
2239 15992 15983 15991
2240 10272 10263 10264
2241 9889 9880 9888
2242 4638 4991 4990
2243 6207 6216 6215
2244 17669 18063 18056
2245 10140 10075 10132
2246 5214 5223 5222
2247 10267 10332 10275
2248 4735 4743 4734
2249 20198 20238 20206
2250 20317 20326 20325
2251 9902 10255 10254
2252 3942 3950 3941
2253 4733 4725 4734
2254 10367 10358 10366
2255 9953 9962 9961
2256 20110 20101 20102
2257 9940 9949 9948
2258 4312 4321 4313
2259 20209 20200 20201
2260 7693 7684 7685
2261 6943 6952 6951
2262 10353 10344 10345
2263 3944 3936 3945
2264 6618 6683 6626
2265 10284 10219 10276
2266 5159 5150 5151
2267 19362 19371 19370
2268 4335 4327 4326
2269 5142 5151 5150
2270 7175 7184 7176
2271 5190 5191 5194
2272 8653 8662 8661
2273 9196 6938 6946
2274 3943 3942 3934
2275 5141 5142 5133
2276 3957 3960 3905
2277 4725 4717 4726
2278 5178 5179 4791
2279 5733 5724 5725
2280 4727 4719 4728
2281 4719 4727 4718
2282 17659 17663 17662
2283 15025 15028 15029
2284 18472 18481 18480
2285 4312 4320 4311
2286 5136 5128 5137
2287 4644 4643 4291
2288 4255 4264 4263
2289 4338 4346 4281
2290 4255 4247 4256
2291 4353 4344 4345
2292 13675 13322 13674
2293 4311 4303 4312
2294 9452 9461 9460
2295 13760 13761 13752
2296 4301 4309 4300
2297 20535 20544 20543
2298 3872 3873 3881
2299 13388 13797 13410
2300 9136 9127 9128
2301 19409 19412 14207
2302 19886 19951 19894
2303 4741 4740 4732
2304 3920 3919 3911
2305 6380 6733 6732
2306 10403 5201 5198
2307 5197 5201 5198
2308 9088 9079 9080
2309 15639 15648 15647
2310 4375 4379 4378
2311 13795 13794 14147
2312 18582 18573 18574
2313 13735 13736 13383
2314 13339 13347 13348
2315 5341 5332 5333
2316 5332 130 5333
2317 14090 14091 14082
2318 13716 13715 13724
2319 14578 14570 14569
2320 14622 14625 14580
2321 15212 15277 15269
2322 13395 13340 13348
2323 18124 18133 18132
2324 14200 14191 14199
2325 9097 8744 8745
2326 5496 5487 5488
2327 14100 14165 14157
2328 14192 14183 14191
2329 13738 13737 13746
2330 18406 10250 10251
2331 13331 13339 13340
2332 5871 5880 5879
2333 5150 5142 5141
2334 14218 14215 14214
2335 14153 14161 14152
2336 13753 13762 13754
2337 13410 13380 13407
2338 14161 14162 14153
2339 13388 13740 13797
2340 20708 20717 20716
2341 5167 5159 5168
2342 5184 5185 5181
2343 10376 10367 10368
2344 19819 19815 19818
2345 13274 13265 13273
2346 18951 18886 18943
2347 13278 13270 13269
2348 8350 8346 8347
2349 5210 5379 5357
2350 5975 6328 6327
2351 18535 18544 18536
2352 19298 19307 19306
2353 9692 9627 9684
2354 13316 13315 13324
2355 14211 14208 14156
2356 13292 13291 13283
2357 13243 13242 13251
2358 14637 14645 14646
2359 13701 13644 13709
2360 14055 14047 14046
2361 13612 13611 13620
2362 13171 13180 13172
2363 13255 13246 13254
2364 9270 9261 9262
2365 13569 13570 13561
2366 13626 13625 13634
2367 5106 13261 5049
2368 5048 5039 5040
2369 14432 14433 14441
2370 18508 18517 18516
2371 10175 10184 10183
2372 14962 14609 14961
2373 9473 9464 9472
2374 19150 19559 19502
2375 14012 14421 14069
2376 17851 17860 17859
2377 13962 13970 13971
2378 13491 13500 13492
2379 14040 14048 14049
2380 19796 19787 19788
2381 14811 14819 14810
2382 14097 14088 14096
2383 15794 15785 15786
2384 14087 14078 14086
2385 13758 13766 13767
2386 13323 13322 13675
2387 13307 13308 13316
2388 14189 14198 14190
2389 5470 5479 5478
2390 13588 13645 13580
2391 14080 14081 13728
2392 13705 13706 13697
2393 13642 13643 13634
2394 5110 5101 5102
2395 14061 14004 13996
2396 14105 14096 14104
2397 13952 13961 13953
2398 9219 9284 9227
2399 13632 13623 13631
2400 7753 7762 7761
2401 14426 14073 14074
2402 14461 14453 14462
2403 14249 14258 14250
2404 13841 13840 13849
2405 13994 13985 13993
2406 14774 14783 14775
2407 14014 13661 13662
2408 5036 5037 5045
2409 8795 8786 8787
2410 5740 5749 5748
2411 4914 4857 4849
2412 19250 19241 19249
2413 17000 17009 17008
2414 14773 14774 14765
2415 15525 15236 15293
2416 19204 19195 19196
2417 13992 13983 13991
2418 14477 14829 14830
2419 14006 14358 14359
2420 16438 16442 16441
2421 15837 15828 15829
2422 13921 13922 13913
2423 8258 8249 8250
2424 14045 13980 13988
2425 13125 13068 13477
2426 10422 15627 10425
2427 10164 10173 10172
2428 7888 7897 7889
2429 19321 19330 19322
2430 15732 15741 15740
2431 13216 13215 13224
2432 13617 13609 13618
2433 14031 14040 14032
2434 14557 14565 14566
2435 13585 13593 13594
2436 8852 8861 8860
2437 13983 13975 13974
2438 18960 18951 18952
2439 6751 6760 6759
2440 14021 13964 14029
2441 17185 17194 17193
2442 13168 13169 13177
2443 13547 13546 13555
2444 17324 17677 17676
2445 18493 18502 18501
2446 13511 13519 13520
2447 13419 13428 13420
2448 4965 4973 4964
2449 18901 18892 18893
2450 13569 13568 13577
2451 8199 8208 8207
2452 4894 4903 4902
2453 13024 13033 13032
2454 20472 20481 20480
2455 4908 4907 4899
2456 19289 19298 19297
2457 13531 13523 13532
2458 9156 8747 8769
2459 13107 13115 13116
2460 17602 17593 17594
2461 13917 13926 13925
2462 13027 13036 13028
2463 18539 18530 18531
2464 13600 13592 13591
2465 13530 13521 13529
2466 13863 13854 13862
2467 13467 13466 13475
2468 13583 13591 13582
2469 4835 4827 4836
2470 13854 13853 13862
2471 18215 18224 18216
2472 18975 18984 18983
2473 13055 13054 13063
2474 12712 12703 12704
2475 10154 10145 10146
2476 6886 6877 6878
2477 15491 15500 15492
2478 8763 8767 8766
2479 7032 7023 7024
2480 13149 13157 13158
2481 20327 20336 20335
2482 13024 13025 13016
2483 4908 4916 4907
2484 13079 13078 13087
2485 13473 13474 13465
2486 11114 11123 11122
2487 19623 19632 19631
2488 13604 13595 13603
2489 11172 11107 11164
2490 19174 19165 19166
2491 16085 16150 16093
2492 18582 18612 18590
2493 13974 13975 13966
2494 13538 13530 13529
2495 13825 13834 13826
2496 14295 14294 13942
2497 6620 6611 6612
2498 16168 16177 16176
2499 13997 13989 13998
2500 13842 13834 13833
2501 13473 13825 13826
2502 20594 20603 20602
2503 13991 13983 13982
2504 14273 14272 14264
2505 5761 5752 5753
2506 10047 10056 10055
2507 16400 16391 16392
2508 14382 14374 14373
2509 15205 15140 15148
2510 20108 20099 20100
2511 20708 20435 20436
2512 15062 15061 15070
2513 5540 5531 5539
2514 12818 12827 12826
2515 17088 17079 17080
2516 14642 14651 14643
2517 8792 8783 8784
2518 15140 15131 15139
2519 14725 14734 14726
2520 15479 15488 15480
2521 13888 13535 13887
2522 20150 20215 20158
2523 15263 15254 15262
2524 14273 14264 14265
2525 14275 14274 14283
2526 18154 12951 18153
2527 14476 14475 14484
2528 17560 17569 17561
2529 13857 13856 13865
2530 14376 14385 14377
2531 14655 14646 14654
2532 18765 18774 18773
2533 14719 14711 14710
2534 14738 14737 14746
2535 11996 11939 11931
2536 17304 17295 17296
2537 14281 14272 14280
2538 13033 13042 13034
2539 6306 6297 6298
2540 12410 12401 12402
2541 12809 12818 12817
2542 14674 14665 14666
2543 15219 15218 15227
2544 15477 15460 15108
2545 15183 15191 15192
2546 14420 14829 14477
2547 16223 16214 16215
2548 12766 12757 12765
2549 15459 15467 15468
2550 14700 15109 15052
2551 15118 15119 15110
2552 15501 15172 15484
2553 9407 9416 9415
2554 16638 16647 16646
2555 12817 12825 12816
2556 19615 19968 19967
2557 13829 13830 13821
2558 8555 8964 8907
2559 14368 14367 14376
2560 15270 15279 15271
2561 20394 20403 20402
2562 15534 15525 15533
2563 15135 15143 15144
2564 20007 20016 20008
2565 13817 13814 19019
2566 13817 13814 13813
2567 18762 18753 18754
2568 15534 15533 15542
2569 14392 14400 14401
2570 15277 15220 15285
2571 14533 14534 14525
2572 14816 14825 14817
2573 14778 14787 14779
2574 17070 17079 17078
2575 19590 19655 19598
2576 17560 17551 17552
2577 16949 17014 16957
2578 20368 20359 20360
2579 14778 14777 14786
2580 15188 15253 15245
2581 5908 5899 5900
2582 15536 15537 15528
2583 14880 14879 14888
2584 14702 14711 14703
2585 20296 20305 20304
2586 15130 15138 15129
2587 6295 6304 6303
2588 19613 19622 19614
2589 14405 14406 14397
2590 14379 14370 14371
2591 7798 15954 15953
2592 15592 20795 15593
2593 15592 15584 15593
2594 7357 7348 7349
2595 16064 16055 16056
2596 14375 14383 14384
2597 6245 6254 6253
2598 18473 18482 18481
2599 14383 14374 14382
2600 15477 15108 15165
2601 14518 14509 14510
2602 17508 17499 17500
2603 8985 8994 8993
2604 14497 14496 14488
2605 10012 7754 10004
2606 14436 14444 14501
2607 14044 14109 14101
2608 14855 14854 14863
2609 14520 14519 14528
2610 14438 14447 14439
2611 14836 14901 14893
2612 15248 15249 15240
2613 8309 8300 8301
2614 19971 19618 19619
2615 14370 14379 14378
2616 14956 15013 14948
2617 14863 14864 14855
2618 15018 15370 15017
2619 19354 19363 19362
2620 14448 14456 14457
2621 14795 14794 14786
2622 16006 16359 16358
2623 14939 14938 14930
2624 5623 5614 5615
2625 14663 14662 14671
2626 15351 15360 15352
2627 8869 8878 8877
2628 6931 6940 6939
2629 15539 15531 15540
2630 14889 14888 15241
2631 15238 15237 15246
2632 15294 15285 15293
2633 14874 14873 14882
2634 14975 14976 14967
2635 15525 15508 15236
2636 14859 14868 14860
2637 14931 14922 14930
2638 14606 14607 14598
2639 19508 19499 19507
2640 15368 15377 15369
2641 19022 13817 19019
2642 15574 15582 15583
2643 15290 15282 15281
2644 8735 8744 8736
2645 15279 15288 15280
2646 19683 19674 19675
2647 7504 7495 7496
2648 20196 20187 20188
2649 19919 19854 19911
2650 14211 14212 14208
2651 14962 14963 14971
2652 20592 20601 20600
2653 20410 20401 20402
2654 14629 14632 14633
2655 15328 15336 15327
2656 18998 18989 18990
2657 15004 14995 15003
2658 18814 18879 18822
2659 14931 14923 14932
2660 14084 13732 14141
2661 19386 19395 19387
2662 14424 14425 14072
2663 18017 18026 18018
2664 15384 15392 15393
2665 14569 14568 14577
2666 20224 19836 19837
2667 18672 18663 18664
2668 8649 8640 8641
2669 15444 15412 15447
2670 20598 20589 20597
2671 15427 15428 15419
2672 15308 15307 15316
2673 15377 15376 15385
2674 15383 15382 15391
2675 19046 19037 19038
2676 15406 15415 15407
2677 14219 19421 14216
2678 14219 14215 14216
2679 16246 16181 16189
2680 15398 15390 15389
2681 15423 15422 15575
2682 15374 15375 15366
2683 18593 10402 10403
2684 14911 14919 14910
2685 13406 18611 18608
2686 13768 13769 13760
2687 18514 18505 18506
2688 13820 13817 19022
2689 13820 13817 13816
2690 14148 13795 14147
2691 13784 13793 13792
2692 19914 19923 19922
2693 16335 16344 16343
2694 13315 13323 13324
2695 4380 4377 4381
2696 9995 4793 10382
2697 4772 4384 4385
2698 4772 4385 9974
2699 13805 13804 13808
2700 13805 19010 13808
2701 13619 13618 13610
2702 15887 15896 15895
2703 19774 19765 19773
2704 7304 7295 7296
2705 14215 14219 14218
2706 10214 10223 10222
2707 14163 14162 14154
2708 20369 20360 20361
2709 19390 19425 19398
2710 13353 13361 13362
2711 6266 5913 5914
2712 13780 13779 13788
2713 18535 18470 18527
2714 5125 5134 5133
2715 13814 13811 19016
2716 13814 13811 13810
2717 17165 17230 17173
2718 14183 14174 14182
2719 8643 8708 8651
2720 13377 13386 13385
2721 13803 13804 13800
2722 13265 5110 13266
2723 13684 13675 13683
2724 10303 10312 10304
2725 13698 13699 13690
2726 13325 5113 13268
2727 13742 13743 13734
2728 5154 5155 5146
2729 9762 9771 9770
2730 13677 13686 13678
2731 13207 13199 13198
2732 16817 16808 16809
2733 5113 5112 13268
2734 5093 5101 5102
2735 5040 5039 5031
2736 10102 10093 10094
2737 18110 18101 18102
2738 18401 18410 18409
2739 13305 13296 13304
2740 13193 13184 13192
2741 13205 13148 13213
2742 17689 17698 17697
2743 13636 13627 13635
2744 5026 5035 5034
2745 13544 13545 13553
2746 10209 10218 10217
2747 5028 5037 5036
2748 14072 14425 14073
2749 13690 13681 13689
2750 5399 5408 5407
2751 13153 13144 13152
2752 13129 13130 13121
2753 8558 8567 8566
2754 18440 18449 18448
2755 15994 16003 16002
2756 13313 13322 13314
2757 13694 13695 13686
2758 6559 6568 6567
2759 13260 13317 13669
2760 20676 15473 20675
2761 13296 13295 13304
2762 18926 18917 18918
2763 14495 14494 14503
2764 14132 14123 14131
2765 13320 13673 13321
2766 14081 14082 13729
2767 13721 13712 13720
2768 13644 13701 13636
2769 13677 13678 13669
2770 14391 14390 14399
2771 13626 13617 13625
2772 14422 14070 14069
2773 14081 14080 14089
2774 19564 19211 19563
2775 8593 8584 8585
2776 14435 14434 14443
2777 5406 5397 5398
2778 20070 20061 20062
2779 13791 13783 13782
2780 13750 13751 13742
2781 14076 14428 14485
2782 20731 20498 20499
2783 6698 6689 6697
2784 14105 14106 14097
2785 9206 9197 9198
2786 8989 8980 8981
2787 20653 20801 20800
2788 13788 13815 13780
2789 14550 14197 14198
2790 6241 6232 6233
2791 8190 8199 8198
2792 14629 14633 14630
2793 14633 19835 14630
2794 14044 14043 14052
2795 16010 16001 16002
2796 6045 5692 5693
2797 13939 13938 13947
2798 14095 14087 14086
2799 8884 8819 8827
2800 9568 9572 9571
2801 5484 5475 5476
2802 13810 13811 13807
2803 14170 14178 14179
2804 14204 14613 14226
2805 13388 13380 13410
2806 14192 14184 14193
2807 14191 14200 14192
2808 15013 15014 15005
2809 14896 14543 14895
2810 15372 15020 15429
2811 8600 8591 8592
2812 14596 14588 14587
2813 20741 20732 20733
2814 14564 14616 14556
2815 20242 20238 20241
2816 14492 14549 14140
2817 14569 14570 14561
2818 6163 6098 6155
2819 19343 18934 18991
2820 14980 14972 14971
2821 14543 14535 14534
2822 14961 14608 14960
2823 14539 14548 14540
2824 6283 6218 6275
2825 14590 14581 14589
2826 14563 14554 14562
2827 19808 20161 19809
2828 14900 14548 14547
2829 15020 15042 15429
2830 15252 15317 15309
2831 20165 20174 20166
2832 14610 14609 14962
2833 15516 15508 15507
2834 15316 15307 15315
2835 20651 20647 20650
2836 14958 14959 14606
2837 14904 14913 14905
2838 19735 19744 19743
2839 14422 14069 14421
2840 14907 14916 14908
2841 18694 18685 18686
2842 19837 20225 20224
2843 14982 14990 14991
2844 8965 8612 8613
2845 18904 18913 18912
2846 10055 10046 10047
2847 15538 15537 15546
2848 14985 14976 14977
2849 14998 14999 14990
2850 18971 18980 18972
2851 15385 15376 15384
2852 5517 5508 5509
2853 8317 8326 8325
2854 15300 15532 15549
2855 15576 15575 15584
2856 18082 12879 18081
2857 14408 14417 14409
2858 14916 14924 14981
2859 14925 14933 14934
2860 7591 7582 7583
2861 15575 15574 15422
2862 20455 20390 20447
2863 14972 14980 15027
2864 19224 19233 19232
2865 15263 15255 15264
2866 15286 15287 15278
2867 15284 15292 15283
2868 15385 15393 15394
2869 15401 15409 15410
2870 16312 16321 16320
2871 18788 18797 18796
2872 14798 14790 14799
2873 20806 20804 20803
2874 19857 19866 19865
2875 15564 15563 15572
2876 9480 9489 9488
2877 15253 15262 15261
2878 14901 14893 14902
2879 19550 19615 19558
2880 15202 15203 15194
2881 15254 15262 15253
2882 14886 14877 14885
2883 14542 14895 14894
2884 15340 15405 15397
2885 15228 15220 15219
2886 6717 6708 6709
2887 15273 15272 15281
2888 6360 6351 6352
2889 17520 17529 17528
2890 15282 15281 15273
2891 15341 15342 15350
2892 15337 15329 15328
2893 15236 15228 15227
2894 15278 15287 15279
2895 14886 14878 14887
2896 20747 20738 20746
2897 18595 18599 18598
2898 20688 20679 20680
2899 14306 14297 14305
2900 8031 8040 8039
2901 17356 17347 17348
2902 17718 17727 17726
2903 14425 14433 14424
2904 17437 17428 17429
2905 14838 14839 14830
2906 6598 6602 6601
2907 14874 14883 14875
2908 14884 14941 14876
2909 14373 14316 14381
2910 15303 15304 14951
2911 16796 16787 16788
2912 14452 14451 14460
2913 5751 5742 5743
2914 8623 8270 8271
2915 14503 14512 14504
2916 8465 8474 8473
2917 15242 15250 15241
2918 17347 17338 17339
2919 14076 14133 14068
2920 14550 14549 14197
2921 18804 18795 18796
2922 15291 15282 15290
2923 20039 20048 20040
2924 15289 15290 15281
2925 16594 16603 16602
2926 14473 14481 14482
2927 14427 14435 14436
2928 13948 14357 14005
2929 14461 14469 14470
2930 16611 16602 16603
2931 14462 14453 14454
2932 14822 14814 14813
2933 17315 17306 17307
2934 13998 14007 13999
2935 19733 19742 19741
2936 13603 13602 13955
2937 14770 14778 14779
2938 14780 14788 14845
2939 14383 14391 14392
2940 5776 5772 5773
2941 6368 6359 6360
2942 11862 11871 11870
2943 15195 15196 15187
2944 20478 20543 20486
2945 6366 6375 6374
2946 15146 15154 15155
2947 15123 15131 15122
2948 19956 19947 19955
2949 19403 19394 19395
2950 14374 14365 14373
2951 14412 14411 14420
2952 15175 15183 15184
2953 12051 17256 12054
2954 14792 14784 14783
2955 14818 14810 14819
2956 20770 15567 20769
2957 14791 14799 14790
2958 10330 10321 10322
2959 9775 9766 9767
2960 14799 14807 14798
2961 20400 20391 20392
2962 15124 15115 15123
2963 14466 14475 14467
2964 14830 14829 14838
2965 15076 15141 15133
2966 7142 6789 6790
2967 19277 19630 19629
2968 15227 15218 15226
2969 15477 15486 15478
2970 18423 18358 18415
2971 15214 15205 15206
2972 15169 15161 15160
2973 20345 20354 20353
2974 19007 19003 19004
2975 15492 15483 15491
2976 15546 20749 20748
2977 18809 18818 18817
2978 15280 15272 15271
2979 15519 20722 15520
2980 15519 15511 15520
2981 15212 15220 15211
2982 14806 14815 14807
2983 15291 15283 15282
2984 15512 15503 15511
2985 19483 19492 19491
2986 19075 19084 19083
2987 15486 15487 15478
2988 15504 15503 15512
2989 20032 20041 20040
2990 9546 9537 9545
2991 15178 14825 15177
2992 15953 7797 15952
2993 7964 7973 7972
2994 18238 18229 18237
2995 20226 20166 20223
2996 15125 15126 15117
2997 15484 15509 15492
2998 16485 16476 16477
2999 15138 15137 15146
3000 15102 15093 15101
3001 14256 14248 14257
3002 11787 11795 11852
3003 15475 15466 15467
3004 14282 14281 14290
3005 20682 20691 20690
3006 20272 20281 20273
3007 15485 15486 15477
3008 15078 15070 15079
3009 5490 5555 5498
3010 5810 5801 5802
3011 8943 8952 8951
3012 15142 15141 15150
3013 16560 16551 16552
3014 14749 14757 14758
3015 12443 15045 12795
3016 19000 19004 19003
3017 14753 14744 14752
3018 14701 14644 14292
3019 14322 14331 14323
3020 14677 12427 12419
3021 11648 11708 11651
3022 15085 15094 15093
3023 17647 17259 17260
3024 8951 8942 8943
3025 19864 19855 19856
3026 12403 14661 12411
3027 6534 6543 6542
3028 7538 7603 7595
3029 15087 15095 15096
3030 14418 14770 14771
3031 14725 14660 14668
3032 14413 14414 14766
3033 19850 19859 19851
3034 14264 14255 14263
3035 19536 19545 19537
3036 19755 19764 19763
3037 20706 20715 20714
3038 12316 12317 12325
3039 14230 14238 14239
3040 13912 13911 13920
3041 19146 19137 19145
3042 11559 11560 11912
3043 11201 11210 11209
3044 13870 13869 13878
3045 12423 12431 12432
3046 19051 19060 19059
3047 14302 14294 14293
3048 13087 13095 13096
3049 19459 19468 19460
3050 13070 13079 13071
3051 14310 14301 14309
3052 13459 13451 13450
3053 13475 13474 13827
3054 13527 13519 13518
3055 13823 13822 13831
3056 10789 10788 10780
3057 16529 16520 16521
3058 7354 9612 7362
3059 4907 4915 4906
3060 13920 13929 13921
3061 13476 13828 13475
3062 8999 8990 8991
3063 13512 13521 13513
3064 13425 13434 13426
3065 13433 13432 13441
3066 19975 19910 19967
3067 13858 13866 13867
3068 13940 13931 13932
3069 13435 13427 13426
3070 13533 13885 13886
3071 18824 18815 18816
3072 13852 13860 13917
3073 9479 9470 9471
3074 19096 19087 19088
3075 19693 19340 19341
3076 7424 7071 7423
3077 7760 7769 7768
3078 8141 8494 8493
3079 17653 17657 17656
3080 8145 8136 8137
3081 13662 14014 14015
3082 14034 14033 14025
3083 13604 13603 13956
3084 19248 19239 19247
3085 13663 13664 13655
3086 13594 13595 13586
3087 16403 16412 16411
3088 18351 18360 18359
3089 13954 13602 13601
3090 13538 13539 13891
3091 13440 13448 13449
3092 13124 13132 13189
3093 18433 18442 18441
3094 13967 13966 13958
3095 13962 13970 13961
3096 18394 18747 18395
3097 13614 13605 13613
3098 18746 18755 18747
3099 13190 13181 13189
3100 18316 18307 18308
3101 13154 13163 13155
3102 4897 4962 4954
3103 4894 4902 4893
3104 10310 10301 10302
3105 16097 16450 16449
3106 13255 13254 13607
3107 13138 13147 13146
3108 15660 15651 15652
3109 19308 19317 19316
3110 6897 6906 6905
3111 9104 9095 9096
3112 13100 13099 13091
3113 13089 13098 13090
3114 4849 4906 4914
3115 13102 13101 13093
3116 20350 20415 20358
3117 13053 13045 10795
3118 4897 4905 4896
3119 12762 12770 12761
3120 16777 16768 16769
3121 10097 10088 10089
3122 8413 8404 8405
3123 13056 13055 13064
3124 13087 13086 13095
3125 18835 18844 18843
3126 7233 7242 7241
3127 9738 9747 9746
3128 17074 17083 17082
3129 19768 19759 19760
3130 9321 9312 9313
3131 6341 6350 6349
3132 13006 13014 13015
3133 13036 13044 13035
3134 16527 16518 16519
3135 13040 13039 13031
3136 13011 13020 13012
3137 15143 15151 15152
3138 5533 5524 5525
3139 12277 12268 12269
3140 15468 15467 15476
3141 8602 8611 8603
3142 18705 18714 18713
3143 13528 13527 13536
3144 13475 13466 13474
3145 18896 18905 18904
3146 15471 15463 15462
3147 18090 17792 17793
3148 15157 15165 15166
3149 15172 15163 15171
3150 18198 20671 20663
3151 12760 12769 12761
3152 10715 10714 10723
3153 19459 19450 19458
3154 19295 19304 19303
3155 15663 15654 15655
3156 12269 12268 12260
3157 20793 15590 20792
3158 12722 12939 12721
3159 12440 12792 12439
3160 8802 8811 8810
3161 7788 7797 7796
3162 17094 17029 17086
3163 10735 10743 10734
3164 10758 10767 10766
3165 16907 16898 16899
3166 7733 15889 7734
3167 11565 11573 11574
3168 13432 13433 13424
3169 10760 10751 10752
3170 10771 10762 10763
3171 11062 11061 11053
3172 11104 11113 11112
3173 13830 13822 13821
3174 16970 16979 16978
3175 10725 10733 10724
3176 11195 11187 13445
3177 2591 2583 2582
3178 2575 2576 2567
3179 7289 7298 7297
3180 10684 2529 10685
3181 7442 7433 7434
3182 2597 10753 10752
3183 13038 13029 13037
3184 18966 19011 18974
3185 2596 10752 10751
3186 6957 6966 6965
3187 5586 5577 5585
3188 10720 10728 10719
3189 8367 8376 8375
3190 11508 11451 11443
3191 10767 10775 10766
3192 11074 11082 11073
3193 17483 17492 17491
3194 10063 10072 10071
3195 2524 2516 2515
3196 20466 20475 20474
3197 10741 10742 11094
3198 2525 2517 2516
3199 2585 2528 2593
3200 16682 16673 16674
3201 2460 2452 2461
3202 17109 17518 17461
3203 2468 10623 10624
3204 2460 2469 2461
3205 11035 11100 11092
3206 20187 20178 20179
3207 11131 11188 11123
3208 14245 14237 14246
3209 10925 10916 10917
3210 8994 9003 9002
3211 20608 20617 20609
3212 11510 11518 11509
3213 6391 6400 6392
3214 11092 11093 11101
3215 6199 6208 6200
3216 12975 18178 12976
3217 12975 12967 12976
3218 10693 10685 10684
3219 10652 10644 10653
3220 11126 11134 11125
3221 12350 12358 12349
3222 9192 9201 9200
3223 11003 11068 11011
3224 11470 11469 11461
3225 16733 16724 16725
3226 5618 5609 5610
3227 5484 5493 5492
3228 20328 20337 20336
3229 11252 11261 11260
3230 11752 11743 11751
3231 11592 11600 11591
3232 11634 11631 11635
3233 10431 2276 10432
3234 11435 11787 11434
3235 20491 20482 20483
3236 11154 11153 11145
3237 11193 11185 11194
3238 8978 8969 8970
3239 11596 11605 11604
3240 11187 11186 11178
3241 17171 17162 17170
3242 6905 6896 6897
3243 11160 11168 11159
3244 18615 16013 18263
3245 11616 11608 11617
3246 19498 19145 19146
3247 17601 17592 17593
3248 17995 17642 17643
3249 11490 11499 11498
3250 14271 14262 14270
3251 11894 11903 11902
3252 11923 11988 11931
3253 12001 12000 11992
3254 11951 11959 11950
3255 14229 14237 14238
3256 18573 18564 18565
3257 11498 11499 11851
3258 17749 17740 17741
3259 12339 12404 12347
3260 14229 13877 14230
3261 20516 20525 20524
3262 14237 14246 14238
3263 7800 15956 15955
3264 6253 6606 6254
3265 15975 15984 15983
3266 11214 11566 11213
3267 14316 14324 14381
3268 11980 11981 11989
3269 16306 16297 16298
3270 17608 17617 17616
3271 15886 15895 15894
3272 17164 17173 17165
3273 18259 18268 18267
3274 7974 7965 7966
3275 9002 9011 9010
3276 11985 11994 11986
3277 6194 6603 6251
3278 20100 20109 20108
3279 10074 10083 10082
3280 12439 12430 12438
3281 12689 12698 12697
3282 17537 17546 17538
3283 9263 9254 9255
3284 12027 14285 12035
3285 16459 16450 16451
3286 15102 15454 15455
3287 12322 12331 12330
3288 12876 12868 12893
3289 12405 12404 12396
3290 18165 18174 18166
3291 12753 12752 12744
3292 18310 18301 18302
3293 12436 12789 12788
3294 12747 12755 12746
3295 12787 12981 12964
3296 12005 12014 12006
3297 17640 17993 17992
3298 12619 12676 12684
3299 16520 16511 16512
3300 20381 20028 20029
3301 15105 15097 15096
3302 12303 12302 12294
3303 17226 17217 17225
3304 6448 6801 6800
3305 16207 16198 16199
3306 15744 15753 15752
3307 12678 12679 12687
3308 18141 17923 18140
3309 6493 6502 6501
3310 8893 9246 9245
3311 18452 18461 18460
3312 12765 12773 12764
3313 16418 16771 16770
3314 12299 12290 12291
3315 10417 10413 10416
3316 10383 10387 10386
3317 9361 9370 9369
3318 9617 9608 9616
3319 19353 19344 19345
3320 12813 12821 12812
3321 16940 16949 16948
3322 15902 15837 15845
3323 10416 15621 15618
3324 15621 15618 15622
3325 5968 5959 5967
3326 17887 17896 17895
3327 18581 18572 18573
3328 12739 12747 12804
3329 6740 6731 6732
3330 12251 12243 12308
3331 6336 6327 6328
3332 12963 12786 12964
3333 12652 12587 12644
3334 11837 11838 12190
3335 9794 9803 9802
3336 12823 12832 12831
3337 18254 18319 18262
3338 12596 12187 12244
3339 17569 17578 17577
3340 9340 9275 9283
3341 19364 19355 19356
3342 5466 5457 5458
3343 6634 6699 6642
3344 12510 12511 12519
3345 12295 12303 12294
3346 11950 11958 11949
3347 17948 17939 17940
3348 11933 11932 11924
3349 17133 17124 17125
3350 17084 17093 17092
3351 12348 12349 12357
3352 12227 12218 12219
3353 7407 2202 2205
3354 10310 18466 18465
3355 12634 12642 12633
3356 18137 17919 17920
3357 7570 7635 7578
3358 7133 7486 7485
3359 12111 12112 12120
3360 12297 12305 12296
3361 12660 12251 12603
3362 9795 9860 9852
3363 12341 12342 12350
3364 18134 18125 18126
3365 12606 12598 12607
3366 16237 15884 15885
3367 6015 6006 6007
3368 12610 12609 12601
3369 6945 6936 6944
3370 12263 12271 12272
3371 16604 16613 16612
3372 6438 6429 6430
3373 17822 17757 17814
3374 19510 19501 19502
3375 12663 12664 12672
3376 10385 10381 10382
3377 6315 6250 6307
3378 11937 11936 11945
3379 17061 17126 17069
3380 9671 9662 9663
3381 19960 20313 20312
3382 17137 17128 17136
3383 16858 16867 16866
3384 9382 9373 9374
3385 17447 17438 17439
3386 16791 16800 16799
3387 19146 19499 19498
3388 11935 11927 11936
3389 18791 18800 18799
3390 11091 11500 11443
3391 7456 7465 7464
3392 19262 19327 19270
3393 20107 20098 20099
3394 20462 20453 20454
3395 17847 17838 17839
3396 9392 9383 9384
3397 11257 11248 11249
3398 16726 16735 16734
3399 19113 19122 19121
3400 11428 11420 11429
3401 17626 17617 17618
3402 12422 12430 12431
3403 17400 17409 17408
3404 11410 11401 11402
3405 15964 15955 15956
3406 5799 5808 5807
3407 19924 19915 19916
3408 11149 11141 11140
3409 17009 17018 17010
3410 10105 10096 10097
3411 10890 10891 10899
3412 16387 16396 16395
3413 9700 9709 9708
3414 17986 18164 18163
3415 12151 12150 12142
3416 15890 7734 7735
3417 12535 12183 12182
3418 11901 11902 12254
3419 12058 12054 12055
3420 17645 20247 17997
3421 12308 12300 12309
3422 17092 17101 17100
3423 20055 19990 20047
3424 12535 12543 12544
3425 18274 18283 18282
3426 6334 6343 6342
3427 12220 12155 12163
3428 12196 12139 12131
3429 11774 11775 12127
3430 6160 6151 6152
3431 17907 17898 17906
3432 12248 12600 12247
3433 12184 12176 12185
3434 19963 20316 20315
3435 12692 12635 12627
3436 11735 11734 11726
3437 12199 12190 12191
3438 16966 16975 16974
3439 12227 12219 12284
3440 17917 17908 17909
3441 16073 16064 16065
3442 17132 17123 17124
3443 12759 12758 12750
3444 7033 7024 7025
3445 11713 12066 12065
3446 12463 12464 12467
3447 12599 12246 12247
3448 18851 18842 18843
3449 12539 12186 12187
3450 6013 6004 6005
3451 12914 12922 12913
3452 8037 8046 8045
3453 17653 17649 17650
3454 12590 12581 12582
3455 12584 12585 12593
3456 16978 16969 16970
3457 16772 16419 16420
3458 17796 18094 18093
3459 12892 12595 12909
3460 9859 9850 9851
3461 12105 12106 12114
3462 7969 7978 7977
3463 16862 16871 16863
3464 20203 20212 20211
3465 12576 12584 12575
3466 12464 12460 12461
3467 12051 12052 12055
3468 7026 7017 7018
3469 12543 12551 12542
3470 12543 12552 12551
3471 11629 11633 11632
3472 11655 11303 11302
3473 19696 19687 19695
3474 18312 18303 18304
3475 17777 17786 17785
3476 12515 12580 12523
3477 12482 12491 12490
3478 12080 12089 12081
3479 12141 12149 12140
3480 12864 12527 12865
3481 12914 12656 12657
3482 20630 20621 20622
3483 17247 12042 12045
3484 17109 17100 17101
3485 11354 11345 11346
3486 20003 20012 20011
3487 12902 12894 12893
3488 12470 12471 12479
3489 15720 15711 15712
3490 12558 12557 12549
3491 18521 18512 18513
3492 16870 16879 16878
3493 8023 7845 7846
3494 12538 12186 12539
3495 12103 12111 12102
3496 11325 11324 11333
3497 12488 12489 12480
3498 7357 7348 7356
3499 9571 9567 9568
3500 17302 17252 17255
3501 7013 7022 7021
3502 11642 11645 11641
3503 12062 12063 12071
3504 12478 12479 12470
3505 12578 12569 12577
3506 12864 12527 12526
3507 9276 9285 9277
3508 8551 8542 8543
3509 11393 11401 11392
3510 12174 12165 12166
3511 19707 19698 19699
3512 17697 17688 17689
3513 10848 10856 10847
3514 12156 12157 12165
3515 18715 18706 18707
3516 9908 9917 9916
3517 16200 16191 16192
3518 18770 18761 18762
3519 5733 5742 5734
3520 11342 11343 11334
3521 19553 19544 19545
3522 16362 16009 16010
3523 11635 11636 11639
3524 6609 6618 6617
3525 10418 10421 10417
3526 20086 20077 20085
3527 19587 19578 19579
3528 16614 16623 16622
3529 10615 10606 10607
3530 15806 15741 15798
3531 15622 15626 15625
3532 10886 10885 10877
3533 16506 16859 16507
3534 10872 10864 10873
3535 11652 11630 11243
3536 11773 11772 11764
3537 10829 10826 10876
3538 11292 11237 11284
3539 9003 9068 9011
3540 18136 17918 17919
3541 8488 8841 8840
3542 11276 11268 11277
3543 6313 6304 6305
3544 8346 8291 8343
3545 16453 16518 16461
3546 19455 19464 19463
3547 11358 11349 11350
3548 9248 8895 8896
3549 11046 11054 11045
3550 11861 11860 11869
3551 11365 11357 11366
3552 6791 7144 7143
3553 11452 11460 11461
3554 9262 9271 9263
3555 11437 11446 11438
3556 20142 20207 20150
3557 16087 16096 16088
3558 18301 18292 18293
3559 11055 11046 11047
3560 19789 19780 19781
3561 17160 17169 17168
3562 11478 11469 11470
3563 16188 16197 16189
3564 7899 7908 7907
3565 16681 16690 16689
3566 11311 11310 10958
3567 10960 10951 10952
3568 18336 18345 18344
3569 17819 17810 17811
3570 17504 17495 17496
3571 11026 11379 11378
3572 11372 11381 11373
3573 16255 16246 16247
3574 16203 16212 16211
3575 11022 11374 11375
3576 16279 16270 16271
3577 11320 11312 11321
3578 16638 16647 16639
3579 17418 17427 17426
3580 10509 10510 10501
3581 10422 15627 15624
3582 15627 15624 15628
3583 16302 16311 16310
3584 11312 10960 11313
3585 10950 10942 10951
3586 10921 10929 10920
3587 8003 7994 7995
3588 2426 2425 2434
3589 6448 6439 6440
3590 16971 16980 16979
3591 20375 20384 20383
3592 10524 10532 10467
3593 10588 10523 10580
3594 10454 10462 10453
3595 19893 19884 19885
3596 5241 5250 5249
3597 7630 7639 7638
3598 6384 6737 6736
3599 17562 17553 17554
3600 2322 2323 2314
3601 10911 10919 10910
3602 2407 2408 10563
3603 10852 10844 10853
3604 16960 16969 16968
3605 7710 7701 7702
3606 15750 15685 15742
3607 6948 6957 6956
3608 10497 2342 10498
3609 2374 2382 2383
3610 11247 11256 11248
3611 10829 10825 10826
3612 19143 19496 19495
3613 10468 10421 10418
3614 11014 11015 11006
3615 17117 17182 17174
3616 10940 10948 10883
3617 12868 12885 12893
3618 16036 16032 16033
3619 17266 16913 16914
3620 11811 11802 11803
3621 12041 12076 12044
3622 11238 16443 11241
3623 10842 10489 10841
3624 10516 10524 10459
3625 19027 19036 19035
3626 10469 10470 10461
3627 15883 15874 15875
3628 10890 10881 10889
3629 7742 7389 7390
3630 18138 18147 18146
3631 15607 7416 7417
3632 19926 19991 19934
3633 12874 12882 12873
3634 16859 16868 16867
3635 12036 12037 11649
3636 18072 18081 18080
3637 11642 11639 11684
3638 17111 17120 17119
3639 17695 17686 17687
3640 6613 6604 6605
3641 6805 6796 6797
3642 7261 7614 7613
3643 10337 10346 10345
3644 12991 12990 12982
3645 12777 12786 12785
3646 11687 11678 11686
3647 10886 10878 10887
3648 12711 12703 12712
3649 8215 8224 8223
3650 7213 7222 7221
3651 17861 18135 18118
3652 1793 1790 1789
3653 20155 20146 20147
3654 7943 8281 8280
3655 10899 10891 10956
3656 17649 12444 17646
3657 17649 17650 17646
3658 12913 12655 12656
3659 12468 12469 12477
3660 12713 12721 12722
3661 12786 12778 12787
3662 12692 12684 12693
3663 7362 9620 9612
3664 11661 11653 11662
3665 12125 12133 12124
3666 7695 7704 7703
3667 12466 12853 12465
3668 15612 10407 15609
3669 15612 15613 15609
3670 12178 12169 12177
3671 11634 11638 11637
3672 18144 18153 18152
3673 11693 11692 11684
3674 5455 5446 5447
3675 17465 17456 17464
3676 10058 18214 18213
3677 17506 17497 17498
3678 6812 6803 6811
3679 17300 17309 17301
3680 11667 11675 11666
3681 12812 12813 12804
3682 6165 6156 6157
3683 20507 20154 20506
3684 16376 16385 16384
3685 8163 8228 8171
3686 17888 17879 17887
3687 12730 12377 12378
3688 12949 12924 12941
3689 12770 12762 12771
3690 16987 16634 16635
3691 16265 16274 16273
3692 15461 15470 15462
3693 10485 10477 10486
3694 10486 10477 10478
3695 18565 18574 18573
3696 2249 2204 2207
3697 11320 11321 11329
3698 10283 10274 10275
3699 20405 20414 20413
3700 10884 10892 10832
3701 11660 11652 11630
3702 11259 11267 11258
3703 6592 6596 6595
3704 11226 11230 11229
3705 1795 1791 1792
3706 8118 8109 8110
3707 11293 11301 11292
3708 18777 18786 18785
3709 11229 11230 11233
3710 10438 10439 10447
3711 11230 11227 11231
3712 10420 10421 10424
3713 11629 11630 11633
3714 11270 11279 11278
3715 10426 10427 10814
3716 17538 17529 17530
3717 10860 10861 10869
3718 11245 10893 11246
3719 11351 11343 11352
3720 5612 5603 5604
3721 11329 11328 11320
3722 8899 8890 8898
3723 10936 10937 10945
3724 16130 16139 16131
3725 10669 10670 10678
3726 10954 10963 10962
3727 5471 5480 5479
3728 17835 17826 17827
3729 11352 11343 11344
3730 2579 2587 2588
3731 11452 11387 11444
3732 11729 11721 11720
3733 18224 18233 18232
3734 10911 10912 10920
3735 11752 11760 11751
3736 11433 11786 11785
3737 18672 19025 19024
3738 14285 12027 14277
3739 11003 11011 11002
3740 10939 10996 10931
3741 18109 18100 18101
3742 11755 11820 11763
3743 16137 16128 16129
3744 16242 16251 16250
3745 11371 11370 11362
3746 8193 8184 8185
3747 11828 11820 11763
3748 17031 17022 17030
3749 12873 12881 12872
3750 18669 18678 18677
3751 11336 11344 11335
3752 9840 9831 9832
3753 15734 15743 15735
3754 11844 11787 11435
3755 11695 11694 11703
3756 11243 11300 11652
3757 10866 10858 10867
3758 11244 11245 11253
3759 11298 11290 11299
3760 17659 17655 17656
3761 17250 17254 17251
3762 6164 6517 6516
3763 11632 11635 11631
3764 6857 7210 7209
3765 11693 11684 11685
3766 18667 18658 18666
3767 11262 11263 11271
3768 19140 19149 19148
3769 10569 10577 10568
3770 19488 19479 19480
3771 20056 20047 20048
3772 11271 11280 11279
3773 7983 7974 7975
3774 10513 10522 10514
3775 7014 6661 6662
3776 10943 10944 10952
3777 10358 10349 10357
3778 11244 11222 11252
3779 18187 18049 18050
3780 10453 10461 10452
3781 6011 5946 6003
3782 10315 10306 10307
3783 10864 10863 10855
3784 16756 16747 16748
3785 10486 10487 10839
3786 10827 10831 10830
3787 10479 10478 10470
3788 10485 10484 10476
3789 16615 16624 16623
3790 6550 6559 6558
3791 7438 7447 7446
3792 9155 9146 9147
3793 5723 5658 5715
3794 10543 10552 10551
3795 17669 18063 17726
3796 7405 7409 7408
3797 2250 2242 2241
3798 10819 10822 10818
3799 18276 18285 18284
3800 15892 7736 7737
3801 10846 10837 10845
3802 17958 17893 17950
3803 10545 10537 10546
3804 2339 2330 2331
3805 16329 16338 16337
3806 18076 18067 18068
3807 10557 10565 10556
3808 6176 6211 6203
3809 11423 11422 11414
3810 12980 18199 12997
3811 12980 12972 12997
3812 17322 17675 17674
3813 10527 10519 10528
3814 5935 5944 5943
3815 10942 10943 10951
3816 17528 17519 17520
3817 11248 10896 11249
3818 11326 11325 11317
3819 10940 10941 10949
3820 20341 20332 20333
3821 10933 10941 10932
3822 16107 15754 16106
3823 16707 16354 16355
3824 10652 10653 10661
3825 2359 2367 2368
3826 17179 16826 16827
3827 11008 11009 11017
3828 15714 15723 15722
3829 8817 8826 8825
3830 17096 17105 17104
3831 15931 15922 15923
3832 10938 10930 10939
3833 11014 11013 11005
3834 2350 1997 2349
3835 10907 10906 10554
3836 10515 10580 10572
3837 18601 18605 18604
3838 10578 10587 10579
3839 18638 18703 18695
3840 17895 17886 17887
3841 10643 10642 10634
3842 2579 2578 2587
3843 10673 10672 10664
3844 2452 2453 2461
3845 10639 10631 10640
3846 15780 15771 15779
3847 8182 8191 8183
3848 12902 18105 12903
3849 12902 12894 12903
3850 10593 10584 10585
3851 8619 9028 8971
3852 10628 10636 10637
3853 2577 2512 2520
3854 18338 18347 18346
3855 2529 10685 2530
3856 17859 17850 17851
3857 16298 15945 16297
3858 12450 17655 12453
3859 10586 10587 10595
3860 10725 10726 10734
3861 11383 11391 11382
3862 10626 10625 2470
3863 16078 16028 16070
3864 7747 7682 7739
3865 20104 20095 20096
3866 11115 11123 11114
3867 11066 11057 11058
3868 10781 10772 10773
3869 18120 18111 18112
3870 16759 17112 17111
3871 11182 11191 11190
3872 17960 17969 17968
3873 11563 11555 11620
3874 5574 5301 5573
3875 18946 18955 18954
3876 20011 20002 20003
3877 11035 11043 11034
3878 16456 16465 16464
3879 11064 11063 11055
3880 16638 16229 16286
3881 20751 20760 20759
3882 10586 10587 10578
3883 10656 10648 10657
3884 11436 11445 11444
3885 19073 19064 19065
3886 17110 16701 17053
3887 11021 11013 11022
3888 6865 6874 6873
3889 10671 10679 10670
3890 11925 11916 11917
3891 19784 19775 19776
3892 6470 6479 6478
3893 13050 13059 13051
3894 7180 7189 7181
3895 7745 7754 7753
3896 10741 11093 10740
3897 11184 11193 11185
3898 11097 11096 10744
3899 16766 16357 16414
3900 11075 11067 11132
3901 10704 10713 10712
3902 10994 11003 11002
3903 11164 11156 11165
3904 11042 11050 11041
3905 10742 10734 10743
3906 18954 18945 18946
3907 11042 11043 11051
3908 15750 16103 16102
3909 5704 5351 5352
3910 9690 9699 9698
3911 8115 8180 8123
3912 10777 10778 10786
3913 15954 15963 15955
3914 10707 10698 10699
3915 10731 10788 10723
3916 8588 8597 8596
3917 6523 6458 6515
3918 10793 10785 10794
3919 11612 11621 11620
3920 11911 11920 11919
3921 17108 17099 17100
3922 10764 10699 10756
3923 10283 10274 10282
3924 15591 20794 15592
3925 15591 15583 15592
3926 17649 12444 12447
3927 5567 5920 5568
3928 11194 11203 11195
3929 11585 11584 11576
3930 16084 16093 16092
3931 6841 6850 6849
3932 17469 17534 17477
3933 11565 11574 11566
3934 17186 17177 17185
3935 6026 6091 6034
3936 19471 17213 19463
3937 7081 7090 7089
3938 11195 13453 11203
3939 11530 11538 11539
3940 6352 6361 6360
3941 11523 11531 11522
3942 11435 11427 11492
3943 20327 20262 20270
3944 11063 11054 11055
3945 17098 17089 17097
3946 6781 6790 6782
3947 12002 12003 12011
3948 11538 11546 11537
3949 17547 17538 17539
3950 16232 16241 16240
3951 11474 11473 11465
3952 11476 11468 11411
3953 17266 17275 17274
3954 6273 6282 6281
3955 11014 11005 11006
3956 11062 11054 11063
3957 11049 11058 11057
3958 17371 17380 17379
3959 10676 11028 10619
3960 16862 16832 16854
3961 16292 16645 16293
3962 7053 7044 7052
3963 7352 7343 7344
3964 19353 19362 19361
3965 17568 17559 17560
3966 5977 5968 5969
3967 11441 11442 11450
3968 19628 19275 19276
3969 10156 10165 10164
3970 11925 11924 11916
3971 11484 11476 11485
3972 11024 11377 11025
3973 19460 19469 19468
3974 12015 12007 12016
3975 11413 11414 11422
3976 7968 7959 7960
3977 11403 11411 11402
3978 5274 5265 5266
3979 5265 63 5266
3980 20021 20030 20029
3981 11524 11516 11525
3982 11549 11557 11548
3983 12308 12661 12660
3984 19503 19512 19511
3985 12023 12031 12022
3986 11487 11496 11495
3987 15885 15876 15877
3988 19671 19680 19679
3989 12257 12265 12256
3990 17330 16977 16978
3991 9696 9705 9704
3992 11432 11785 11784
3993 8260 8195 8252
3994 17857 17848 17849
3995 17149 17214 17157
3996 12341 12340 12332
3997 11901 11893 11902
3998 11270 11261 11262
3999 8537 8546 8545
4000 11983 11984 11992
4001 18117 18126 18125
4002 6526 6517 6518
4003 15628 16016 16015
4004 11882 11891 11890
4005 20095 19686 19743
4006 12919 12911 12910
4007 7269 7278 7277
4008 16270 16205 16262
4009 11918 11927 11926
4010 19201 19210 19209
4011 12258 12267 12266
4012 17916 17925 17924
4013 11977 11986 11978
4014 6740 6749 6741
4015 18382 18373 18374
4016 12663 12310 12662
4017 12685 12677 12686
4018 15496 20699 15497
4019 15496 15488 15497
4020 19069 19060 19061
4021 8329 8320 8328
4022 5867 5802 5859
4023 17224 17215 17223
4024 19478 19543 19486
4025 12408 12409 12417
4026 20307 20660 20659
4027 12388 12331 12323
4028 5805 5814 5813
4029 20325 20316 20317
4030 11943 11935 11944
4031 20533 20542 20541
4032 17715 17724 17723
4033 16685 16676 16677
4034 8200 8191 8192
4035 6079 6070 6078
4036 17204 17195 17196
4037 11955 11954 11946
4038 12414 12415 12423
4039 15698 15707 15706
4040 5567 5920 5919
4041 18101 18092 18093
4042 12794 12795 12803
4043 17811 17820 17819
4044 12024 12025 12033
4045 12962 12971 12963
4046 12381 12029 12382
4047 12345 12336 12337
4048 12342 12343 12334
4049 16577 16586 16585
4050 12334 12335 12343
4051 6109 6118 6117
4052 11970 11962 11971
4053 12339 12396 12404
4054 12032 12033 12385
4055 9788 9723 9780
4056 10169 10178 10177
4057 15746 15737 15738
4058 8002 7993 7994
4059 12389 12380 12381
4060 12031 12030 12022
4061 12810 12802 12811
4062 12428 12420 12429
4063 10359 10350 10358
4064 15898 15889 15890
4065 15774 15783 15782
4066 12793 12801 12792
4067 16106 15753 15754
4068 12804 12805 12813
4069 12788 12379 12436
4070 20177 20168 20169
4071 9428 9781 9429
4072 15748 15739 15740
4073 12797 12806 12805
4074 6485 6476 6477
4075 12837 12838 12846
4076 17167 17158 17159
4077 12697 12696 12688
4078 12829 12821 12820
4079 18142 18167 18150
4080 18197 18188 18196
4081 17346 17355 17354
4082 8252 8261 8260
4083 16530 16539 16538
4084 9682 9673 9674
4085 15078 15077 15086
4086 18168 18177 18176
4087 9854 9845 9846
4088 12705 12697 12706
4089 17068 17077 17076
4090 19644 19635 19636
4091 12962 12970 12971
4092 12979 12970 12971
4093 6768 6777 6776
4094 20613 20604 20605
4095 12833 12824 12825
4096 5671 5680 5679
4097 7686 7677 7678
4098 17240 16852 16853
4099 12661 12662 12670
4100 12304 12313 12312
4101 15623 15619 15620
4102 12288 12280 12289
4103 12777 12768 12769
4104 12726 12374 12727
4105 12753 12744 12745
4106 17640 17993 17641
4107 12957 12966 12958
4108 12636 12644 12579
4109 12686 12678 12687
4110 9063 9072 9071
4111 12775 12783 12774
4112 18518 18583 18526
4113 17825 17834 17833
4114 12627 12684 12692
4115 10821 10825 10824
4116 17944 17935 17943
4117 17449 17440 17448
4118 9065 9074 9073
4119 18819 18810 18811
4120 12088 12080 12089
4121 6154 6145 6146
4122 12488 12489 12497
4123 11733 11725 11734
4124 19213 19566 19565
4125 8299 8290 8291
4126 12213 12221 12212
4127 18194 18203 18202
4128 12210 12218 12209
4129 12570 12578 12569
4130 12205 12214 12213
4131 18194 18185 18193
4132 15794 15803 15802
4133 12613 12605 12614
4134 16117 16108 16109
4135 12212 12204 12213
4136 5280 5271 5272
4137 12634 12625 12626
4138 12553 12561 12552
4139 11812 11821 11820
4140 17352 17361 17353
4141 7728 7719 7720
4142 12575 12584 12583
4143 12892 12917 12900
4144 17717 17708 17709
4145 12555 12620 12563
4146 10366 10357 10365
4147 12168 12167 12159
4148 16805 19063 16813
4149 19057 19066 19065
4150 12308 12243 12300
4151 19694 19759 19702
4152 6698 6763 6706
4153 18024 18033 18025
4154 12153 12161 12152
4155 12161 12153 12162
4156 7523 7458 7515
4157 12669 12661 12670
4158 15632 7476 7477
4159 7475 15631 7476
4160 5641 5328 5329
4161 11291 11348 11283
4162 19439 17181 19431
4163 11674 11666 11675
4164 15668 15677 15676
4165 18628 18637 18636
4166 12538 12185 12186
4167 11404 11396 11339
4168 20403 20412 20411
4169 17854 17789 17797
4170 15673 15664 15672
4171 11835 11834 11826
4172 17422 17357 17365
4173 20110 20175 20118
4174 12154 12162 12153
4175 20685 20694 20693
4176 17372 17381 17373
4177 18771 18780 18779
4178 11905 11904 11896
4179 18877 18886 18885
4180 11369 11721 11368
4181 17152 17161 17153
4182 10868 10877 10876
4183 5917 5926 5925
4184 11425 11433 11424
4185 11701 11693 11702
4186 12502 12494 12493
4187 16477 16468 16469
4188 7862 7871 7870
4189 9324 9259 9316
4190 20202 20211 20210
4191 20515 20506 20507
4192 11495 11486 11487
4193 16519 16528 16527
4194 17086 17021 17078
4195 8223 8214 8222
4196 16439 16494 16442
4197 187 196 188
4198 11693 11701 11692
4199 12505 12497 12506
4200 20297 20288 20289
4201 17694 17654 17686
4202 16926 16861 16918
4203 12493 12492 12484
4204 12470 12478 12469
4205 12071 12063 12072
4206 16249 16258 16257
4207 11304 11295 11296
4208 16391 16382 16383
4209 17541 17532 17533
4210 16304 16313 16312
4211 19021 19017 19020
4212 11671 11679 11670
4213 8415 8424 8423
4214 18643 18634 18635
4215 11774 11766 11775
4216 17704 17695 17703
4217 9792 9801 9800
4218 16478 16433 16470
4219 19813 20166 20165
4220 12478 12469 12477
4221 11723 11788 11731
4222 11774 11765 11766
4223 11771 11828 11836
4224 18152 18143 18144
4225 18491 18500 18499
4226 16437 16441 16440
4227 16437 11235 16440
4228 18096 18105 18104
4229 7881 7890 7889
4230 16213 16278 16221
4231 19691 19338 19339
4232 19841 19488 19840
4233 12036 12037 12040
4234 12071 12079 12070
4235 12055 12056 12059
4236 12152 12144 12153
4237 16778 16769 16770
4238 17653 17657 17654
4239 17725 17716 17724
4240 12573 12581 12582
4241 177 178 25
4242 12181 12180 12172
4243 15860 15869 15868
4244 7274 7339 7282
4245 19941 19932 19933
4246 12524 12862 12861
4247 16392 16401 16393
4248 12096 12105 12104
4249 12057 12058 12054
4250 8087 8096 8095
4251 12452 12449 12484
4252 6852 6843 6844
4253 12532 12541 12540
4254 8150 7892 7893
4255 12894 12886 12895
4256 17640 17631 17632
4257 17664 12459 12462
4258 17142 17151 17150
4259 12590 12582 12591
4260 17956 17965 17964
4261 12051 12055 12054
4262 20742 20767 20750
4263 202 201 193
4264 19134 19125 19126
4265 12852 12853 12856
4266 19397 19406 19405
4267 16851 17239 16852
4268 12492 12500 12455
4269 12504 12503 12495
4270 12477 12478 12486
4271 18996 18987 18988
4272 57 66 58
4273 5798 5807 5799
4274 5402 5393 5401
4275 202 210 201
4276 162 5367 165
4277 5365 5369 5368
4278 26 27 179
4279 26 18 27
4280 6189 984 6186
4281 6189 6190 6186
4282 5210 5379 5227
4283 25 26 178
4284 26 179 178
4285 16243 16252 16251
4286 976 972 973
4287 188 197 196
4288 5397 5388 5396
4289 9450 9441 9442
4290 189 197 188
4291 228 229 220
4292 20384 20393 20392
4293 6187 6183 6184
4294 194 193 202
4295 20464 20455 20456
4296 19140 19131 19132
4297 161 201 164
4298 5662 5653 5654
4299 223 224 215
4300 267 258 266
4301 5743 5734 5742
4302 777 786 778
4303 314 315 306
4304 43 52 51
4305 5261 58 59
4306 20 29 21
4307 32 241 49
4308 5235 16 33
4309 32 184 31
4310 183 191 182
4311 31 30 183
4312 17992 18001 18000
4313 19365 19356 19357
4314 5405 5414 5406
4315 213 214 205
4316 184 241 249
4317 188 180 189
4318 181 189 180
4319 192 191 200
4320 5835 5844 5843
4321 5799 5790 5798
4322 249 257 258
4323 250 249 258
4324 204 205 196
4325 195 194 203
4326 9632 9623 9624
4327 17408 17399 17400
4328 245 254 246
4329 5793 5440 5441
4330 5216 5225 5224
4331 251 252 260
4332 28 181 29
4333 19965 19956 19957
4334 5766 5770 5769
4335 5766 564 5769
4336 5442 5433 5434
4337 7404 2199 7401
4338 7404 7405 7401
4339 223 214 222
4340 650 659 658
4341 18935 18526 18583
4342 5415 5424 5416
4343 18420 18429 18428
4344 203 211 212
4345 5560 5569 5568
4346 634 625 633
4347 215 216 207
4348 673 616 681
4349 240 592 649
4350 229 221 220
4351 18857 18866 18865
4352 230 239 231
4353 5830 5839 5838
4354 5372 5368 5369
4355 159 163 162
4356 18320 18329 18328
4357 9503 9150 9151
4358 231 239 240
4359 218 210 209
4360 232 231 240
4361 624 616 615
4362 17461 17108 17109
4363 660 669 661
4364 6417 6408 6409
4365 240 592 239
4366 591 239 592
4367 5794 5859 5851
4368 641 993 994
4369 16023 16027 16024
4370 600 592 657
4371 649 657 592
4372 620 628 629
4373 17665 17669 17668
4374 7714 7705 7706
4375 649 657 658
4376 7 154 6
4377 595 596 587
4378 203 202 211
4379 5769 5773 5770
4380 5785 6173 5786
4381 20147 20156 20155
4382 176 563 585
4383 5779 5783 5782
4384 6588 1383 6585
4385 6588 6589 6585
4386 9922 9913 9914
4387 226 227 235
4388 5470 5461 5462
4389 163 164 160
4390 5421 5430 5429
4391 17198 17207 17206
4392 596 588 587
4393 172 176 173
4394 236 588 235
4395 226 225 234
4396 5229 5382 5381
4397 599 591 590
4398 633 634 642
4399 596 604 605
4400 175 562 563
4401 565 568 569
4402 586 594 595
4403 176 585 233
4404 5418 5483 5426
4405 19692 19339 19340
4406 625 578 633
4407 1383 1384 1380
4408 10315 18527 18470
4409 644 643 996
4410 19166 19157 19165
4411 9242 9595 9594
4412 15773 15764 15765
4413 593 585 563
4414 17476 17485 17484
4415 5827 5777 5780
4416 18815 18750 18807
4417 601 609 569
4418 572 569 609
4419 1013 1021 1012
4420 16488 16479 16487
4421 5842 5833 5834
4422 6179 6175 6176
4423 1017 977 980
4424 6226 6291 6234
4425 1014 1006 1015
4426 1089 1097 1098
4427 1031 1040 1032
4428 1019 1010 1018
4429 639 648 640
4430 5904 5913 5912
4431 16460 16469 16461
4432 598 607 599
4433 5381 5390 5389
4434 8599 8608 8607
4435 606 598 607
4436 9557 9548 9549
4437 645 636 644
4438 638 630 639
4439 5974 6327 6326
4440 6784 6775 6776
4441 610 619 611
4442 595 603 604
4443 594 602 593
4444 627 619 628
4445 628 619 620
4446 18227 18236 18235
4447 612 603 611
4448 634 642 643
4449 610 618 619
4450 601 609 610
4451 18969 18960 18968
4452 8963 9372 9315
4453 621 629 630
4454 6301 6310 6309
4455 5900 5891 5892
4456 632 623 631
4457 17668 18056 18055
4458 631 623 622
4459 621 622 613
4460 681 690 682
4461 9783 9792 9791
4462 17543 17552 17551
4463 630 622 621
4464 590 598 599
4465 998 645 997
4466 612 620 621
4467 613 604 612
4468 19852 19861 19860
4469 698 707 699
4470 5908 5899 5907
4471 1090 1089 1098
4472 9034 8681 8682
4473 17328 17337 17329
4474 631 639 640
4475 6267 6202 6210
4476 18068 17730 18067
4477 7580 7589 7588
4478 630 629 638
4479 6285 6276 6277
4480 631 640 632
4481 7091 7026 7083
4482 622 614 613
4483 681 689 690
4484 19955 19946 19947
4485 605 604 613
4486 1470 1479 1471
4487 5832 5841 5840
4488 997 644 996
4489 5468 5459 5460
4490 616 607 615
4491 997 645 644
4492 705 1058 1057
4493 706 1058 705
4494 1058 1059 1067
4495 6195 5786 5843
4496 17412 17421 17420
4497 1014 1022 1023
4498 6202 5849 6201
4499 10087 10078 10079
4500 19978 19969 19970
4501 1020 1011 1019
4502 6041 6394 6393
4503 996 995 1004
4504 6242 6233 6241
4505 999 998 1007
4506 1000 1008 1065
4507 8426 8417 8425
4508 6213 6204 6205
4509 643 635 634
4510 1012 1011 1020
4511 993 1002 994
4512 19959 20312 20311
4513 1412 1413 1421
4514 8104 8113 8112
4515 1072 1080 1137
4516 1008 999 1007
4517 1005 1014 1006
4518 17186 17177 17178
4519 1048 1105 1040
4520 1487 1479 1478
4521 1156 1147 1155
4522 698 690 689
4523 1037 1028 1036
4524 1090 1082 1081
4525 1408 1465 1473
4526 17622 17631 17630
4527 993 641 584
4528 1105 1097 1106
4529 1473 1416 1408
4530 1076 1085 1077
4531 1053 1045 1044
4532 7911 7920 7919
4533 1408 1055 1407
4534 5684 5675 5676
4535 6211 6220 6212
4536 6239 6248 6247
4537 15676 15667 15668
4538 1390 1391 1387
4539 1026 1035 1034
4540 1043 1044 1035
4541 18145 18154 18153
4542 1002 1001 1010
4543 1026 1027 1035
4544 1010 1019 1011
4545 1001 1009 1010
4546 6635 6644 6643
4547 1012 1004 1003
4548 1450 1458 1459
4549 8313 8304 8305
4550 1812 1459 1460
4551 6171 6175 6174
4552 6171 969 6174
4553 1384 1381 1380
4554 16790 16725 16782
4555 1033 1025 983
4556 1012 1021 1020
4557 6336 6327 6335
4558 17143 17152 17151
4559 1039 1048 1040
4560 1082 1073 1081
4561 562 174 561
4562 19638 19703 19646
4563 17743 17734 17735
4564 6244 6235 6243
4565 645 998 646
4566 8658 8649 8650
4567 1018 1027 1019
4568 9285 9294 9293
4569 17943 17934 17935
4570 6246 6237 6245
4571 9756 9765 9764
4572 635 643 644
4573 6187 6183 6186
4574 6183 6186 981
4575 194 186 185
4576 172 169 168
4577 18108 18099 18107
4578 5494 5485 5486
4579 5830 5839 5831
4580 1403 1050 1402
4581 1399 1395 1396
4582 18439 18374 18431
4583 973 976 977
4584 5355 5359 5358
4585 5355 153 5358
4586 5766 5770 5767
4587 973 970 974
4588 974 970 971
4589 970 971 583
4590 7232 7223 7224
4591 17509 17500 17501
4592 16159 16150 16151
4593 5765 5795 5787
4594 195 186 194
4595 8698 8707 8706
4596 10254 10263 10262
4597 5292 5283 5284
4598 5283 81 5284
4599 5804 5795 5796
4600 182 29 181
4601 186 178 177
4602 182 30 29
4603 5389 5398 5397
4604 5221 5230 5229
4605 971 584 583
4606 973 970 969
4607 70 62 61
4608 57 58 5260
4609 368 360 425
4610 34 33 42
4611 7 155 8
4612 45 46 37
4613 326 318 327
4614 19749 19740 19748
4615 5240 5249 5248
4616 76 309 308
4617 48 39 40
4618 16060 16069 16068
4619 401 336 344
4620 5263 5272 5271
4621 20451 20460 20459
4622 5322 5313 5314
4623 5313 111 5314
4624 334 333 325
4625 79 311 312
4626 5780 5776 5779
4627 5262 5271 5263
4628 5262 5263 60
4629 1078 1087 1079
4630 6060 6069 6061
4631 1147 1139 1148
4632 6334 6343 6335
4633 1146 1155 1147
4634 19699 19690 19691
4635 754 762 753
4636 6013 6004 6012
4637 762 770 771
4638 1124 1133 1125
4639 20075 20066 20067
4640 1163 1162 1154
4641 1150 1141 1142
4642 771 1123 770
4643 1149 1141 1150
4644 772 763 771
4645 6057 6066 6065
4646 1150 1158 1159
4647 1159 1151 1150
4648 1209 1217 1218
4649 12998 18201 18200
4650 1142 1150 1151
4651 19085 19438 19437
4652 7233 7224 7225
4653 19950 19941 19942
4654 6344 6335 6336
4655 1157 1149 1148
4656 1158 1157 1166
4657 1556 1557 1548
4658 5267 5242 5250
4659 6373 6382 6381
4660 1164 1155 1163
4661 1156 1165 1164
4662 17121 17112 17113
4663 1154 1155 1163
4664 16166 16175 16174
4665 1171 1162 1163
4666 1170 1162 1171
4667 1178 1177 1530
4668 7757 7766 7765
4669 774 775 766
4670 1046 1047 1038
4671 1100 1109 1108
4672 1110 1111 1102
4673 1074 1073 1082
4674 17997 17644 17645
4675 1468 1116 1469
4676 1076 1077 1068
4677 1112 1169 1104
4678 6311 6320 6319
4679 1099 1100 1091
4680 6313 6304 6312
4681 1100 1101 1109
4682 710 1063 1062
4683 7977 7986 7985
4684 624 623 632
4685 6287 6296 6288
4686 5833 5824 5825
4687 6316 6307 6308
4688 1093 1101 1092
4689 1100 1092 1101
4690 9481 9472 9473
4691 1075 1084 1083
4692 16584 16593 16585
4693 1083 1092 1084
4694 15959 15968 15967
4695 1059 1068 1060
4696 1072 1063 1071
4697 6287 6278 6286
4698 700 709 701
4699 1071 1063 1062
4700 18723 18732 18731
4701 8395 8460 8403
4702 19394 19385 19386
4703 711 1063 710
4704 699 700 691
4705 19184 19193 19192
4706 1131 1140 1132
4707 1059 707 1060
4708 1146 1145 1154
4709 1154 1153 1145
4710 19032 19023 19024
4711 1087 1088 1096
4712 6342 6351 6350
4713 1087 1086 1095
4714 6669 6316 6317
4715 1133 1132 1141
4716 6290 6281 6282
4717 1125 1126 773
4718 1128 1127 1136
4719 6280 6271 6279
4720 1211 1203 1202
4721 1070 1071 1062
4722 5983 5630 5631
4723 739 747 748
4724 301 293 292
4725 9141 9150 9149
4726 5855 5502 5503
4727 10252 10261 10260
4728 703 702 694
4729 5866 5857 5865
4730 683 691 692
4731 20398 20463 20406
4732 684 683 692
4733 20143 20152 20151
4734 707 706 1059
4735 5372 5427 5419
4736 19702 19693 19694
4737 646 637 645
4738 5954 5945 5946
4739 6311 6302 6303
4740 661 669 670
4741 17188 17179 17187
4742 5477 5468 5469
4743 674 682 683
4744 674 683 675
4745 6410 6401 6402
4746 662 653 661
4747 5967 5976 5975
4748 703 694 695
4749 651 298 299
4750 9695 9686 9687
4751 5479 5488 5480
4752 1064 1121 712
4753 6900 6891 6892
4754 296 361 353
4755 292 300 301
4756 677 668 669
4757 676 668 677
4758 9485 9476 9477
4759 688 687 679
4760 747 746 738
4761 5955 5890 5947
4762 20023 19958 19966
4763 5443 5452 5451
4764 755 756 747
4765 747 756 748
4766 347 348 339
4767 713 714 361
4768 356 364 365
4769 732 723 731
4770 773 764 772
4771 5898 5963 5906
4772 722 731 723
4773 758 766 767
4774 16510 16519 16518
4775 754 745 753
4776 7995 8060 8003
4777 733 734 725
4778 18350 18415 18358
4779 18490 18481 18489
4780 16201 16192 16200
4781 771 763 762
4782 757 756 765
4783 1122 770 1123
4784 754 763 755
4785 6314 6379 6322
4786 826 827 818
4787 5860 5869 5861
4788 20294 20285 20286
4789 825 817 760
4790 833 1186 834
4791 1144 1135 1143
4792 787 786 795
4793 7799 7790 7791
4794 5978 5969 5970
4795 772 764 763
4796 20015 19950 19958
4797 750 741 749
4798 20487 20496 20495
4799 750 759 751
4800 18151 12932 18134
4801 7112 7121 7113
4802 6013 6022 6021
4803 5996 6005 6004
4804 736 727 735
4805 19108 19117 19116
4806 351 350 359
4807 364 717 716
4808 726 727 735
4809 19605 19596 19597
4810 346 347 355
4811 5954 5945 5953
4812 734 726 735
4813 326 334 325
4814 718 726 727
4815 20141 20150 20149
4816 418 410 409
4817 719 728 727
4818 6971 6906 6963
4819 332 331 340
4820 715 724 716
4821 724 732 723
4822 73 305 306
4823 8978 8987 8986
4824 5448 5255 5256
4825 317 325 326
4826 347 355 356
4827 5934 5925 5933
4828 356 364 355
4829 717 364 365
4830 5565 5556 5564
4831 362 363 354
4832 302 655 303
4833 8311 8302 8310
4834 304 361 296
4835 5352 5343 5344
4836 279 280 271
4837 5918 5565 5917
4838 5863 5854 5862
4839 321 322 313
4840 5915 5506 5563
4841 308 76 75
4842 351 342 350
4843 5569 5922 5921
4844 5562 5627 5619
4845 329 338 330
4846 5931 5940 5939
4847 5981 5990 5989
4848 368 359 360
4849 314 323 322
4850 757 758 749
4851 393 336 401
4852 315 323 314
4853 8837 8846 8845
4854 75 307 308
4855 6851 7204 7203
4856 341 340 332
4857 80 79 312
4858 5532 5541 5540
4859 248 247 256
4860 377 320 312
4861 6463 6454 6455
4862 727 719 718
4863 5523 5458 5515
4864 348 357 356
4865 349 357 348
4866 651 659 650
4867 301 302 654
4868 304 713 361
4869 730 731 722
4870 294 303 295
4871 5917 5926 5918
4872 199 200 191
4873 652 651 299
4874 652 299 300
4875 652 660 661
4876 5855 5864 5856
4877 5501 5492 5493
4878 5818 5883 5826
4879 301 302 293
4880 653 301 654
4881 16674 16665 16666
4882 740 732 731
4883 5486 5477 5478
4884 294 295 286
4885 664 656 721
4886 354 363 355
4887 5886 5877 5885
4888 302 303 294
4889 5858 5505 5857
4890 746 745 754
4891 713 721 656
4892 5920 5929 5921
4893 284 275 283
4894 284 293 285
4895 287 278 279
4896 309 318 310
4897 349 341 340
4898 270 278 279
4899 5519 5510 5518
4900 5441 5432 5433
4901 5542 5551 5543
4902 270 279 271
4903 287 286 278
4904 340 331 339
4905 354 346 345
4906 291 292 300
4907 285 286 294
4908 15858 15867 15866
4909 274 282 283
4910 15796 15805 15804
4911 6574 6927 6926
4912 8647 8638 8639
4913 299 291 300
4914 9750 9741 9749
4915 5498 5489 5490
4916 723 724 715
4917 197 196 205
4918 16415 16406 16407
4919 19388 19379 19380
4920 263 255 254
4921 15911 15920 15912
4922 10135 10144 10143
4923 243 242 251
4924 253 254 245
4925 19461 19470 19469
4926 263 262 271
4927 42 50 51
4928 51 50 243
4929 5573 5582 5581
4930 5615 5606 5607
4931 6032 6041 6040
4932 316 317 308
4933 5513 5280 5281
4934 332 333 324
4935 8785 8794 8793
4936 5989 5980 5981
4937 305 56 73
4938 305 248 56
4939 247 246 255
4940 276 267 275
4941 5456 5465 5464
4942 305 313 314
4943 255 246 254
4944 17372 17363 17364
4945 5217 5226 5218
4946 5217 5218 15
4947 47 55 46
4948 5454 5445 5446
4949 277 285 286
4950 5851 5442 5794
4951 9375 9384 9383
4952 252 253 244
4953 270 262 261
4954 305 314 306
4955 318 319 327
4956 18708 18717 18716
4957 10131 10196 10139
4958 77 310 309
4959 46 45 54
4960 78 310 77
4961 18751 18686 18743
4962 306 315 307
4963 5591 5582 5583
4964 18189 18051 18052
4965 318 310 319
4966 5385 5394 5393
4967 10016 10007 10008
4968 17526 17535 17534
4969 9929 9938 9930
4970 312 369 377
4971 5525 5516 5517
4972 330 331 322
4973 357 366 358
4974 310 311 319
4975 323 331 332
4976 76 75 67
4977 337 338 329
4978 332 324 323
4979 68 76 67
4980 5299 5572 5300
4981 76 77 309
4982 74 307 75
4983 376 441 433
4984 311 320 319
4985 306 307 74
4986 381 380 389
4987 391 400 399
4988 369 370 378
4989 95 104 96
4990 312 320 311
4991 19737 19746 19745
4992 7251 7260 7259
4993 5522 5587 5579
4994 6473 6464 6465
4995 369 378 377
4996 320 319 328
4997 5587 5596 5588
4998 388 397 389
4999 405 404 413
5000 5622 5631 5630
5001 5623 5614 5622
5002 15610 15614 15613
5003 110 118 119
5004 6222 6213 6214
5005 15845 15836 15837
5006 413 404 412
5007 99 100 91
5008 20371 20684 20683
5009 344 352 409
5010 103 375 376
5011 64 5266 63
5012 399 390 398
5013 435 434 443
5014 18341 10185 10186
5015 89 98 90
5016 459 451 450
5017 375 374 383
5018 123 122 435
5019 7283 7218 7275
5020 5590 5581 5582
5021 392 391 383
5022 94 95 103
5023 17819 17828 17820
5024 132 141 133
5025 437 125 124
5026 422 414 413
5027 5324 5315 5316
5028 144 143 152
5029 5638 5325 5637
5030 395 386 394
5031 442 434 433
5032 5341 5350 5349
5033 6044 6053 6052
5034 100 372 373
5035 5651 5660 5659
5036 16622 16557 16614
5037 391 392 400
5038 390 381 389
5039 8515 8580 8572
5040 371 379 380
5041 389 397 398
5042 450 449 458
5043 390 389 398
5044 458 459 450
5045 474 473 482
5046 481 482 490
5047 8379 8370 8371
5048 6941 6950 6949
5049 5655 5664 5663
5050 822 814 813
5051 7391 7744 7743
5052 458 457 466
5053 457 400 465
5054 408 407 416
5055 8498 8145 8497
5056 5518 5509 5510
5057 17107 17098 17099
5058 18863 18798 18855
5059 782 430 783
5060 489 842 490
5061 489 481 424
5062 868 860 859
5063 6026 6017 6018
5064 481 490 489
5065 475 467 466
5066 844 852 843
5067 474 466 465
5068 842 841 850
5069 784 849 841
5070 486 494 485
5071 6068 6077 6076
5072 890 881 889
5073 807 806 815
5074 5536 5545 5544
5075 425 778 777
5076 422 430 431
5077 796 805 797
5078 5407 5398 5406
5079 411 403 412
5080 6823 6832 6831
5081 8382 8391 8390
5082 6043 5634 5691
5083 801 802 793
5084 751 759 760
5085 425 426 778
5086 719 720 728
5087 6452 6099 6100
5088 409 417 418
5089 8941 8950 8949
5090 6101 6454 6453
5091 19454 19445 19446
5092 787 779 778
5093 5651 5660 5652
5094 720 728 785
5095 343 335 334
5096 750 749 758
5097 564 5769 567
5098 367 368 359
5099 5381 5228 5229
5100 63 72 64
5101 51 243 244
5102 5528 5519 5520
5103 317 326 318
5104 20521 20512 20513
5105 15740 15731 15732
5106 79 78 311
5107 5580 5571 5572
5108 785 786 777
5109 412 403 404
5110 411 410 419
5111 5951 5960 5959
5112 403 402 411
5113 17244 12039 17241
5114 17244 17245 17241
5115 421 429 420
5116 428 420 429
5117 7003 7007 7006
5118 371 380 372
5119 15939 15948 15947
5120 19143 19078 19135
5121 111 119 120
5122 86 5289 87
5123 370 97 369
5124 151 503 504
5125 9451 9516 9459
5126 114 122 113
5127 121 113 122
5128 436 437 124
5129 5709 5718 5717
5130 5326 5639 5638
5131 5639 5648 5640
5132 438 447 439
5133 135 144 136
5134 496 553 488
5135 18581 18590 18582
5136 128 440 497
5137 549 541 540
5138 916 915 924
5139 142 141 150
5140 111 5313 110
5141 112 5314 111
5142 2818 2624 2641
5143 499 508 500
5144 528 520 519
5145 527 535 526
5146 2761 2624 2818
5147 531 539 530
5148 543 535 534
5149 512 2770 520
5150 18158 12955 18157
5151 6158 6167 6166
5152 145 137 120
5153 5432 5423 5424
5154 528 519 527
5155 16483 16474 16475
5156 5344 5335 5336
5157 5335 133 5336
5158 517 518 509
5159 5348 5701 5700
5160 5714 7972 7964
5161 139 148 140
5162 140 149 148
5163 18586 18577 18578
5164 549 548 540
5165 120 128 119
5166 115 116 107
5167 20233 20237 20236
5168 139 147 148
5169 514 523 515
5170 517 525 516
5171 524 516 525
5172 6687 6696 6695
5173 501 500 509
5174 18369 18378 18377
5175 7814 7805 7806
5176 7805 2603 7806
5177 7810 7835 7818
5178 514 515 506
5179 515 524 516
5180 464 455 456
5181 515 523 524
5182 437 445 446
5183 5732 5741 5740
5184 17846 17781 17838
5185 128 127 119
5186 16979 17332 17331
5187 9351 9360 9359
5188 533 542 534
5189 454 455 446
5190 107 116 108
5191 110 119 111
5192 511 510 519
5193 445 454 453
5194 464 463 455
5195 443 452 451
5196 7016 6663 6664
5197 17121 17130 17122
5198 8104 8095 8103
5199 439 126 438
5200 452 443 444
5201 446 438 447
5202 16027 16031 16030
5203 446 454 445
5204 5640 5649 5641
5205 452 460 451
5206 451 460 459
5207 485 494 493
5208 5585 5576 5577
5209 473 474 465
5210 468 467 476
5211 17988 17979 17980
5212 556 547 555
5213 5798 5807 5806
5214 5982 5991 5990
5215 5663 5672 5664
5216 555 547 546
5217 537 529 538
5218 20365 20356 20357
5219 16021 16025 16024
5220 19696 19705 19704
5221 16610 16619 16618
5222 851 843 852
5223 16193 16202 16201
5224 862 861 870
5225 853 861 852
5226 6551 6560 6559
5227 493 494 846
5228 493 846 845
5229 493 492 845
5230 488 545 480
5231 20741 20732 20740
5232 926 934 935
5233 914 905 913
5234 914 906 905
5235 8321 8330 8322
5236 5278 5269 5277
5237 487 479 478
5238 469 460 468
5239 5739 5674 5682
5240 472 480 471
5241 8028 8037 8029
5242 538 530 529
5243 17871 17862 17870
5244 16703 16712 16711
5245 13000 18203 13001
5246 13000 12992 13001
5247 469 477 478
5248 5330 5699 5642
5249 9063 9054 9062
5250 501 148 500
5251 532 533 541
5252 549 541 550
5253 907 554 555
5254 8848 8857 8856
5255 549 548 557
5256 530 539 538
5257 532 541 540
5258 16955 16946 16947
5259 9805 9814 9813
5260 548 547 539
5261 548 539 540
5262 906 554 907
5263 948 939 947
5264 557 548 556
5265 540 531 539
5266 20505 20152 20504
5267 557 549 558
5268 949 948 957
5269 550 558 549
5270 9160 9164 9163
5271 20435 20426 20427
5272 3164 3163 2811
5273 535 534 526
5274 3213 3204 3212
5275 9084 9019 9027
5276 909 918 910
5277 2784 2775 2776
5278 560 2810 552
5279 927 935 936
5280 6050 5697 5698
5281 17567 17576 17575
5282 5746 8004 7996
5283 502 503 150
5284 2787 2795 2786
5285 20311 19902 19959
5286 19413 19417 19416
5287 6542 6551 6543
5288 3219 3220 3572
5289 961 953 896
5290 20615 20624 20623
5291 943 935 934
5292 7545 15701 15700
5293 5554 5545 5553
5294 942 943 934
5295 933 934 925
5296 9604 9613 9605
5297 942 934 933
5298 559 560 551
5299 2781 2790 2782
5300 6154 6145 6153
5301 555 908 556
5302 1320 968 3570
5303 907 906 915
5304 916 917 908
5305 15797 15788 15789
5306 951 942 943
5307 950 942 951
5308 1349 1357 1358
5309 941 950 949
5310 496 495 848
5311 930 931 922
5312 5708 5717 5716
5313 6186 6190 6187
5314 10401 18592 18591
5315 8499 8146 8147
5316 937 946 938
5317 19482 19491 19483
5318 1254 1253 1262
5319 1331 1323 1332
5320 6480 6489 6488
5321 6270 6279 6271
5322 6002 6067 6010
5323 940 948 949
5324 6053 6062 6061
5325 6142 6133 6141
5326 940 931 939
5327 1329 1338 1337
5328 940 932 931
5329 9642 9633 9634
5330 904 1313 961
5331 18231 15973 18223
5332 939 931 930
5333 9378 9025 9026
5334 6005 6014 6013
5335 19773 19782 19781
5336 863 871 872
5337 937 929 872
5338 945 946 937
5339 18783 18792 18791
5340 9235 9300 9243
5341 938 929 937
5342 938 930 929
5343 15819 15810 15811
5344 926 927 918
5345 1340 1332 1331
5346 5681 5672 5673
5347 888 887 879
5348 848 856 913
5349 888 879 880
5350 7322 7313 7314
5351 8734 8725 8726
5352 6062 6071 6070
5353 921 929 930
5354 18529 18538 18537
5355 19985 19994 19986
5356 18731 18740 18739
5357 903 904 895
5358 852 861 860
5359 870 878 869
5360 903 894 902
5361 20395 20404 20396
5362 5697 5688 5689
5363 798 789 797
5364 869 877 868
5365 6567 6558 6566
5366 873 865 808
5367 736 735 744
5368 1604 1596 1605
5369 5643 5578 5586
5370 16310 16245 16302
5371 1324 1315 1323
5372 900 899 1252
5373 7126 7135 7134
5374 869 878 877
5375 886 877 878
5376 885 877 886
5377 864 929 921
5378 5246 5237 5238
5379 5237 35 5238
5380 879 871 870
5381 17449 17440 17441
5382 6164 6517 6165
5383 878 879 870
5384 9844 9435 9492
5385 6481 6490 6482
5386 16903 16894 16895
5387 1269 1261 1260
5388 1260 1269 1268
5389 1286 1278 1287
5390 1275 1274 1283
5391 6079 6070 6071
5392 20484 20493 20492
5393 1262 1261 1270
5394 1270 1269 1278
5395 8062 8071 8070
5396 1266 1257 1265
5397 1214 1206 1205
5398 1326 1334 1335
5399 6478 6469 6477
5400 7395 7399 7398
5401 7395 2193 7398
5402 6473 6464 6472
5403 1295 1303 1294
5404 1263 1272 1271
5405 6507 6860 6508
5406 1294 1303 1302
5407 1663 1310 1662
5408 1279 1287 1278
5409 1279 1288 1287
5410 5597 5606 5605
5411 2075 2076 2084
5412 16463 16454 16455
5413 1263 1262 1271
5414 1664 1312 1311
5415 1332 1323 1324
5416 1272 1329 1337
5417 1272 1337 1280
5418 1362 1354 1353
5419 1725 1372 1724
5420 1750 1759 1751
5421 1312 1721 1369
5422 1335 1327 1326
5423 1301 1293 1292
5424 8624 8633 8632
5425 6543 6552 6551
5426 7844 7835 7843
5427 1337 1338 1346
5428 1279 1280 1288
5429 19188 19179 19180
5430 1329 1330 1338
5431 1316 1315 1324
5432 1345 1337 1346
5433 5422 5413 5414
5434 1355 1347 1356
5435 6153 6144 6145
5436 1340 1349 1348
5437 17766 17775 17774
5438 1331 1339 1340
5439 1340 1341 1349
5440 1339 1348 1340
5441 1347 1348 1339
5442 1354 1363 1355
5443 1348 1356 1347
5444 7672 7663 7664
5445 1741 1732 1740
5446 6136 6127 6128
5447 6950 6959 6958
5448 1735 1726 1727
5449 7021 7030 7029
5450 9197 9188 9196
5451 1338 1346 1347
5452 3571 3579 3570
5453 1359 1351 1360
5454 9214 9223 9222
5455 7249 7258 7257
5456 1368 3618 1360
5457 20681 20690 20689
5458 5762 8364 6114
5459 959 958 967
5460 20229 20233 20232
5461 3620 3611 3612
5462 3612 3603 3611
5463 20723 20714 20715
5464 1344 3602 1352
5465 1360 1352 1351
5466 5780 5776 5777
5467 5619 5554 5611
5468 10094 10085 10086
5469 1189 1197 1198
5470 6843 6778 6835
5471 1322 1330 1331
5472 9049 9058 9057
5473 1336 1328 1327
5474 17296 17287 17288
5475 1328 1320 1319
5476 965 956 964
5477 966 958 957
5478 1185 776 1128
5479 6388 6397 6396
5480 1185 1128 1193
5481 805 814 806
5482 6028 6037 6036
5483 813 804 805
5484 8416 8407 8408
5485 870 871 862
5486 1201 1136 1144
5487 1210 1201 1209
5488 20058 20067 20066
5489 1239 1238 1247
5490 1143 1151 1152
5491 8425 8416 8417
5492 5384 5393 5392
5493 744 743 752
5494 850 858 859
5495 10362 10353 10354
5496 724 732 733
5497 794 803 802
5498 806 798 797
5499 804 813 812
5500 796 787 795
5501 812 820 821
5502 6812 6803 6804
5503 10295 10286 10287
5504 19286 18933 18934
5505 803 794 795
5506 16078 16087 16086
5507 6472 6481 6473
5508 819 810 811
5509 835 834 1187
5510 828 819 827
5511 820 828 819
5512 811 812 803
5513 866 858 857
5514 6026 6091 6083
5515 797 805 806
5516 5998 6007 6006
5517 6209 6218 6217
5518 882 873 881
5519 1191 1190 1199
5520 805 796 804
5521 5999 6008 6000
5522 1251 899 898
5523 897 1250 898
5524 19022 19018 19019
5525 898 890 889
5526 1249 897 840
5527 9518 9527 9526
5528 20194 20203 20202
5529 17623 17632 17631
5530 6483 6418 6426
5531 19645 19654 19653
5532 19350 19410 19358
5533 799 798 807
5534 897 1249 1250
5535 6452 6461 6453
5536 10236 10171 10228
5537 857 792 800
5538 830 839 831
5539 6042 6033 6041
5540 898 1250 1251
5541 6016 6007 6015
5542 5755 5690 5747
5543 1191 839 838
5544 16629 16620 16621
5545 1263 1254 1262
5546 6459 6394 6451
5547 838 1190 1191
5548 5418 5483 5475
5549 6059 6068 6067
5550 1258 1250 1249
5551 840 831 832
5552 6085 6076 6077
5553 6977 6986 6985
5554 897 832 889
5555 840 832 897
5556 873 808 816
5557 6052 6043 6051
5558 868 869 860
5559 1190 1198 1189
5560 6487 6478 6479
5561 1206 1215 1214
5562 1208 1200 1199
5563 1230 1222 1221
5564 6485 6476 6484
5565 7281 7290 7289
5566 6477 6468 6469
5567 822 831 823
5568 1199 1190 1198
5569 1220 1212 1221
5570 1222 1231 1223
5571 1205 1197 1206
5572 1216 1224 1215
5573 6714 6779 6722
5574 19912 19903 19904
5575 1228 1236 1237
5576 1195 1203 1204
5577 6416 6425 6417
5578 18519 18872 18871
5579 1310 1301 1309
5580 1257 1265 1200
5581 1667 1668 1676
5582 15814 15749 15757
5583 6390 6399 6398
5584 6493 6484 6485
5585 7162 7227 7170
5586 6101 6092 6093
5587 7339 7348 7347
5588 9181 8828 8829
5589 16413 18671 16421
5590 15618 15622 15619
5591 20793 20784 20792
5592 6873 6864 6865
5593 1251 1250 1259
5594 6996 1791 1794
5595 1290 1281 1289
5596 1282 1281 1290
5597 6424 6415 6416
5598 1215 1224 1223
5599 17695 17686 17694
5600 15520 20723 20722
5601 6040 6393 6041
5602 1240 1231 1239
5603 18597 18542 18594
5604 6978 6969 6977
5605 1223 1214 1222
5606 6424 6433 6432
5607 6437 6446 6445
5608 1228 1227 1219
5609 1219 1211 1210
5610 883 884 875
5611 1219 1220 1228
5612 1228 1227 1236
5613 6438 6429 6437
5614 6329 5976 6328
5615 6430 6439 6431
5616 6343 6352 6344
5617 1212 1213 1221
5618 1602 1601 1610
5619 1205 1197 1196
5620 20763 20754 20755
5621 6368 6359 6367
5622 7482 7473 7474
5623 1196 1197 1188
5624 6420 6411 6412
5625 1211 1219 1220
5626 757 766 758
5627 9323 9314 9315
5628 1138 1147 1139
5629 1151 1159 1160
5630 10047 10038 10039
5631 6436 6427 6435
5632 6357 6348 6349
5633 6363 6372 6371
5634 1156 1157 1148
5635 1234 1235 1226
5636 1493 1492 1501
5637 1218 1227 1226
5638 1530 1531 1178
5639 1245 1236 1244
5640 1213 1222 1214
5641 6370 6361 6369
5642 1152 1151 1160
5643 1174 1173 1182
5644 1210 1211 1202
5645 1610 1619 1611
5646 1233 1225 1168
5647 6369 6378 6377
5648 1570 1579 1571
5649 1560 1568 1559
5650 1244 1235 1243
5651 1183 1174 1182
5652 1628 1620 1629
5653 1609 1617 1618
5654 20370 20361 20362
5655 1603 1611 1612
5656 9450 9459 9458
5657 6754 6819 6811
5658 1614 1615 1606
5659 20291 20300 20292
5660 9109 9118 9117
5661 1235 1234 1243
5662 1633 1642 1634
5663 1184 1175 1183
5664 1610 1618 1619
5665 1228 1237 1229
5666 1185 1193 1194
5667 1629 1630 1621
5668 6806 6797 6805
5669 1640 1648 1705
5670 1603 1604 1595
5671 1201 1202 1193
5672 1245 1598 1597
5673 1245 1246 1598
5674 18736 18727 18735
5675 1596 1597 1605
5676 1235 1227 1226
5677 1666 1657 1665
5678 1241 1176 1184
5679 1247 1248 1239
5680 1289 1297 1298
5681 1595 1604 1596
5682 1207 1208 1199
5683 6100 6453 6101
5684 5887 5896 5895
5685 1223 1232 1224
5686 1648 1656 1647
5687 7716 7725 7717
5688 1670 1661 1669
5689 1659 1667 1668
5690 1600 1665 1608
5691 1600 1657 1665
5692 18383 18318 18375
5693 2034 2025 2033
5694 1624 1615 1616
5695 1696 1688 1687
5696 1682 1674 1673
5697 8155 7897 7898
5698 7204 7213 7212
5699 1707 1706 1715
5700 1673 1681 1682
5701 1682 1683 1691
5702 5920 5929 5928
5703 2008 1655 2007
5704 19236 19245 19244
5705 9945 9954 9953
5706 1682 1691 1690
5707 6844 6853 6852
5708 1692 1693 1701
5709 1638 1639 1647
5710 2020 2011 2019
5711 1666 1665 1674
5712 1631 1622 1623
5713 2091 2082 2090
5714 1614 1605 1613
5715 1644 1645 1653
5716 1606 1615 1607
5717 1648 1656 1713
5718 20695 15476 20678
5719 8770 8766 8767
5720 2424 2415 2423
5721 7627 7636 7635
5722 6845 6854 6846
5723 1707 1698 1699
5724 1639 1630 1638
5725 6436 6445 6437
5726 1705 1706 1697
5727 18222 18213 18214
5728 1622 1613 1621
5729 6849 6858 6850
5730 1552 1551 1560
5731 1715 1706 1714
5732 2083 2075 2084
5733 7267 6858 7210
5734 2485 2486 2477
5735 2005 2014 2006
5736 8647 8656 8655
5737 2013 2005 2004
5738 2066 2065 2074
5739 7321 7312 7313
5740 1656 2065 1713
5741 1644 1635 1643
5742 1640 1632 1631
5743 1943 1952 1944
5744 2009 2010 2001
5745 2032 2097 2089
5746 1968 1976 2033
5747 2073 2008 2016
5748 2065 2008 2073
5749 6786 6851 6794
5750 20116 20107 20108
5751 9322 9313 9321
5752 20553 20562 20561
5753 15905 15914 15913
5754 18215 18224 18223
5755 6713 6704 6705
5756 2029 2020 2028
5757 16702 16711 16710
5758 1948 1949 1940
5759 1952 1960 2017
5760 6915 6850 6907
5761 15830 15839 15838
5762 6358 6367 6359
5763 2064 2063 2416
5764 1633 1641 1576
5765 2002 1650 2003
5766 1633 1568 1576
5767 1575 1576 1567
5768 1582 1574 1573
5769 1576 1641 1584
5770 15645 15636 15637
5771 5213 5222 5214
5772 5213 5214 11
5773 17635 17644 17643
5774 2161 2153 2096
5775 1619 1628 1620
5776 1612 1613 1604
5777 17369 17360 17361
5778 1611 1602 1610
5779 2047 2056 2048
5780 1592 1649 1584
5781 1652 2004 1651
5782 2003 1651 2004
5783 19951 19960 19959
5784 1749 1748 1757
5785 6533 6542 6541
5786 1371 1723 1724
5787 6821 6812 6813
5788 1723 1732 1731
5789 3978 3979 3987
5790 6574 6927 6575
5791 6946 6937 6945
5792 1741 1749 1750
5793 19722 19713 19714
5794 6527 6518 6519
5795 1735 1734 1726
5796 1764 1773 1765
5797 7508 7499 7507
5798 7057 7066 7058
5799 9511 9520 9519
5800 1747 1738 1746
5801 1348 1357 1349
5802 1355 1363 1364
5803 1723 1370 1371
5804 17300 17309 17308
5805 6914 6979 6971
5806 1724 1732 1723
5807 6566 6557 6558
5808 1372 1363 1371
5809 1369 1722 1370
5810 7695 7686 7687
5811 1724 1372 1371
5812 1734 1743 1735
5813 15823 15832 15831
5814 1760 1759 1768
5815 1741 1750 1742
5816 1733 1725 1724
5817 6563 6572 6571
5818 1733 1724 1732
5819 1373 1364 1372
5820 7659 7594 7651
5821 1751 1760 1752
5822 7291 7300 7299
5823 2134 1781 2133
5824 1670 1669 1678
5825 17598 17533 17541
5826 9205 9214 9213
5827 8218 7920 7921
5828 1722 1370 1723
5829 19844 19853 19852
5830 1755 1746 1754
5831 6510 6501 6509
5832 1661 1309 1662
5833 18961 18952 18953
5834 20094 20085 20086
5835 1678 1669 1677
5836 1281 1282 1273
5837 1273 1282 1274
5838 19990 19981 19982
5839 17589 17236 17237
5840 12927 18130 12928
5841 12927 12919 12928
5842 6442 6507 6450
5843 8262 8253 8261
5844 20045 20054 20046
5845 1663 1671 1662
5846 1670 1662 1671
5847 7359 7368 7367
5848 1662 1309 1310
5849 1692 1701 1700
5850 1598 1607 1599
5851 1762 1753 1761
5852 1688 1753 1745
5853 1687 1679 1678
5854 1683 1684 1675
5855 17758 17693 17750
5856 6901 6892 6900
5857 1304 1303 1312
5858 18926 18917 18925
5859 1680 1745 1737
5860 1738 1737 1746
5861 1683 1691 1692
5862 7723 7658 7715
5863 19743 19678 19735
5864 7322 7313 7321
5865 1709 1708 1717
5866 1712 1711 1720
5867 5645 5654 5653
5868 1719 1718 2071
5869 1717 1716 2069
5870 1720 2129 1777
5871 2070 1717 2069
5872 2096 2104 2095
5873 1692 1684 1683
5874 2068 1715 2067
5875 20406 20471 20414
5876 6912 6903 6911
5877 7760 7769 7761
5878 2088 2145 2153
5879 1777 1712 1720
5880 7289 7280 7281
5881 2068 2077 2069
5882 6973 6964 6965
5883 2146 2155 2154
5884 19777 19786 19785
5885 6964 6955 6956
5886 18473 18464 18465
5887 2080 2145 2137
5888 1770 1778 1779
5889 6941 6932 6933
5890 1754 1746 1745
5891 2131 2130 2139
5892 2068 1716 1715
5893 6927 6936 6935
5894 6959 6968 6960
5895 5256 5247 5248
5896 1740 1732 1731
5897 1696 1704 1761
5898 15817 15808 15809
5899 1750 1758 1759
5900 1365 1364 1373
5901 8505 8496 8497
5902 6806 6815 6807
5903 1741 1740 1749
5904 1776 1768 1767
5905 19881 19890 19889
5906 1765 1757 1756
5907 2542 2189 2190
5908 1782 2134 2135
5909 1752 1743 1751
5910 1771 1779 1780
5911 6511 6864 6863
5912 1741 1742 1733
5913 6657 6648 6649
5914 3627 3980 3979
5915 2143 2144 2135
5916 1781 1780 2133
5917 2132 1780 1779
5918 2155 2147 2146
5919 10386 10390 10389
5920 2147 2138 2146
5921 20565 20556 20557
5922 4035 4036 4388
5923 2181 2189 2180
5924 2139 2140 2131
5925 17845 17836 17837
5926 2148 2157 2149
5927 2150 2142 2141
5928 15869 15934 15877
5929 1756 1764 1765
5930 6834 6899 6842
5931 4388 4389 4397
5932 2120 2177 2112
5933 2135 2136 1783
5934 2112 2111 2120
5935 1742 1750 1751
5936 1775 1784 1776
5937 16137 16146 16145
5938 20207 20216 20215
5939 9192 9201 9193
5940 1765 1774 1766
5941 1755 1756 1747
5942 2133 1780 2132
5943 1768 1759 1767
5944 1748 1747 1756
5945 1783 1774 1782
5946 6039 6392 6391
5947 2190 2191 2182
5948 18893 18884 18892
5949 1767 1758 1766
5950 9071 9080 9079
5951 1735 1743 1744
5952 7280 7271 7272
5953 4828 4837 4836
5954 4844 4835 4843
5955 2492 2483 2491
5956 2167 2176 2168
5957 4012 4013 4021
5958 4829 4828 4837
5959 2183 2191 2192
5960 7376 7385 7377
5961 18602 18598 18599
5962 7273 6920 6921
5963 2543 2552 2544
5964 2155 2163 2164
5965 10030 10021 10022
5966 7702 7711 7710
5967 10104 10113 10112
5968 2183 2175 2174
5969 2142 2133 2141
5970 2159 2167 2158
5971 2166 2158 2167
5972 4407 4399 4408
5973 4794 4802 2544
5974 2149 2150 2158
5975 7742 7751 7750
5976 19762 19753 19754
5977 4408 4416 4407
5978 2189 2542 2541
5979 2179 2171 2170
5980 2164 2155 2156
5981 2170 2178 2179
5982 2164 2163 2172
5983 2172 2171 2163
5984 2180 2171 2179
5985 2172 2171 2180
5986 2124 2116 2115
5987 2188 2180 2189
5988 9862 9853 9854
5989 2539 2548 2540
5990 17889 17880 17881
5991 7759 7750 7758
5992 2162 2153 2161
5993 8749 8753 8752
5994 6789 6780 6781
5995 7989 7998 7997
5996 17056 17065 17064
5997 2599 2600 2591
5998 2550 2541 2542
5999 2549 2541 2550
6000 2546 2547 2538
6001 7714 7705 7713
6002 2188 2180 2179
6003 2187 2186 2539
6004 2539 2538 2186
6005 8606 8597 8605
6006 20622 20613 20614
6007 18255 15997 18247
6008 16082 16091 16090
6009 2077 2085 2086
6010 8886 8895 8894
6011 7294 7303 7295
6012 2541 2188 2540
6013 16382 16317 16374
6014 6919 6910 6911
6015 7753 7762 7754
6016 10374 10365 10366
6017 2165 2156 2164
6018 15962 15953 15954
6019 5338 7811 5346
6020 7388 7379 7380
6021 7265 7618 7617
6022 2128 2537 2185
6023 2103 2112 2104
6024 7388 7741 7389
6025 2100 2101 2092
6026 2119 2110 2111
6027 2118 2110 2119
6028 16442 16502 16445
6029 18513 18522 18521
6030 2096 2087 2095
6031 2104 2103 2095
6032 1777 2129 2130
6033 2032 2040 2097
6034 15725 15790 15733
6035 2117 2125 2126
6036 2108 2099 2107
6037 6913 6922 6921
6038 8904 8913 8905
6039 7288 7297 7296
6040 5542 5533 5541
6041 2106 2107 2115
6042 6556 6547 6548
6043 2494 2502 2503
6044 2512 2577 2569
6045 2545 2546 2537
6046 2109 2110 2101
6047 16035 10830 10833
6048 2578 2577 2586
6049 7178 7243 7186
6050 2510 2502 2501
6051 2437 2438 2429
6052 7721 7712 7720
6053 2115 2114 2123
6054 7695 7686 7694
6055 2185 2538 2186
6056 2494 2486 2485
6057 7666 7657 7658
6058 7316 7325 7324
6059 2522 2513 2521
6060 8830 8821 8822
6061 10697 10689 10698
6062 17178 17187 17186
6063 2500 2492 2501
6064 2493 2501 2492
6065 10219 10210 10211
6066 2572 2580 2571
6067 8869 8860 8861
6068 10764 10765 10773
6069 10693 10684 10692
6070 15897 15888 15896
6071 2533 2524 2532
6072 9165 9115 9162
6073 2580 2579 2571
6074 7791 7782 7790
6075 5843 6196 6195
6076 5270 5279 5278
6077 6179 6219 6182
6078 9242 9233 9234
6079 17897 17906 17905
6080 2525 2524 2533
6081 7683 7618 7675
6082 2518 2510 2509
6083 2504 2496 2495
6084 10766 10757 10765
6085 18597 18542 18550
6086 8871 8880 8879
6087 2527 2536 2528
6088 2535 2536 2527
6089 17852 17861 17853
6090 2555 2547 2556
6091 2504 2503 2512
6092 2549 2548 2557
6093 7735 15891 15890
6094 2572 2563 2571
6095 2548 2556 2547
6096 2569 2512 2504
6097 2569 2504 2561
6098 18328 18319 18320
6099 2596 2587 2595
6100 2562 2554 2553
6101 7757 7766 7758
6102 2565 2556 2564
6103 6110 5757 6109
6104 7789 7780 7788
6105 2556 2555 2564
6106 17054 17063 17062
6107 2566 2565 2574
6108 2554 2563 2562
6109 2555 2563 2554
6110 2588 2587 2596
6111 8489 8842 8841
6112 7583 7592 7591
6113 7288 7297 7289
6114 2558 2567 2559
6115 8092 8101 8100
6116 2574 2583 2582
6117 2586 2577 2585
6118 7728 7737 7736
6119 7768 7759 7767
6120 15970 15979 15978
6121 10705 10697 10706
6122 10805 11158 11157
6123 2586 2595 2594
6124 2587 2595 2586
6125 10762 10753 10754
6126 2599 10754 10755
6127 17517 17508 17509
6128 16665 16656 16657
6129 2558 2549 2557
6130 7373 7382 7381
6131 2591 2600 2592
6132 2590 2598 2589
6133 2597 2589 2598
6134 2584 2576 2575
6135 2557 2565 2566
6136 10771 10770 10762
6137 2550 2549 2558
6138 2357 2358 2349
6139 16642 16289 16290
6140 2539 2547 2548
6141 2547 2546 2555
6142 4436 4444 4435
6143 1976 1984 2041
6144 1998 1997 2350
6145 2560 2559 2568
6146 6471 6480 6479
6147 2599 10755 2600
6148 18885 18876 18877
6149 8268 8621 8620
6150 19939 19948 19947
6151 2419 2427 2418
6152 2414 2423 2422
6153 2351 1999 1998
6154 2122 2123 2114
6155 2420 2411 2412
6156 7621 7630 7629
6157 2360 2352 2351
6158 10268 10203 10211
6159 1989 1988 1997
6160 2349 1997 1996
6161 2374 2375 2366
6162 2444 2435 2443
6163 2442 2441 2433
6164 5586 5651 5594
6165 7799 7790 7798
6166 6222 6231 6230
6167 2012 2013 2004
6168 7539 7474 7531
6169 6051 5986 6043
6170 20031 20040 20039
6171 7197 7550 7198
6172 1976 2041 2033
6173 2357 2348 2356
6174 2000 2352 2409
6175 5528 5519 5527
6176 1591 1944 1943
6177 1967 1968 1959
6178 1995 2347 2348
6179 1968 1960 1959
6180 1983 1984 1975
6181 7175 7184 7183
6182 1947 1956 1948
6183 9067 9132 9075
6184 2035 2043 2034
6185 8122 8131 8130
6186 2021 2013 2012
6187 2034 2033 2042
6188 2062 2054 2053
6189 7214 7205 7213
6190 7315 7250 7258
6191 2063 2054 2062
6192 7557 7548 7549
6193 2031 2022 2030
6194 1592 1944 2001
6195 2359 2360 2351
6196 2021 2022 2013
6197 7249 7258 7250
6198 8410 8419 8418
6199 2029 2037 2038
6200 6883 6892 6891
6201 2066 2067 1714
6202 2099 2098 2107
6203 6214 6205 6206
6204 7218 7209 7217
6205 7632 7623 7631
6206 7268 6915 6916
6207 2414 2061 2062
6208 18419 18410 18411
6209 7307 7316 7315
6210 2029 2038 2030
6211 2093 2084 2092
6212 10217 10208 10209
6213 1713 2065 2066
6214 7269 7278 7270
6215 20055 20064 20063
6216 6918 6909 6910
6217 2046 2045 2054
6218 2106 2115 2114
6219 5520 5511 5512
6220 2061 2414 2413
6221 2448 2440 2439
6222 6740 6749 6748
6223 10018 10009 10010
6224 2479 2488 2480
6225 2416 2415 2424
6226 2083 2082 2091
6227 2116 2107 2108
6228 2115 2107 2116
6229 8337 8328 8329
6230 8806 8815 8807
6231 2473 2481 2482
6232 9924 9859 9867
6233 18958 19008 18966
6234 2027 2026 2035
6235 18027 18036 18035
6236 2431 2430 2439
6237 2481 2416 2473
6238 2424 2416 2481
6239 2044 2043 2052
6240 2047 2055 2056
6241 2440 2439 2431
6242 7674 7665 7666
6243 7800 7791 7792
6244 2105 2114 2106
6245 2055 2063 2064
6246 7253 7244 7245
6247 15993 15984 15985
6248 5716 5725 5724
6249 2481 2424 2489
6250 16737 16746 16745
6251 2473 2482 2474
6252 2516 2524 2525
6253 9516 9525 9524
6254 2443 2435 2434
6255 2514 2513 2522
6256 7568 7559 7560
6257 2472 2464 2463
6258 6546 8804 8796
6259 2422 2421 2430
6260 20389 20380 20381
6261 20078 20143 20086
6262 2109 2100 2108
6263 7631 7640 7632
6264 18151 18126 18134
6265 2532 10688 10687
6266 18736 18727 18728
6267 10658 10667 10666
6268 19569 19578 19577
6269 2457 2465 2466
6270 2489 2432 2497
6271 2447 2455 2456
6272 2489 2424 2432
6273 2527 2519 2518
6274 2498 2507 2499
6275 19896 20249 20248
6276 2498 2499 2490
6277 2447 2448 2439
6278 2464 2521 2456
6279 2511 2520 2512
6280 2465 2457 2400
6281 6445 6798 6446
6282 2471 2470 2462
6283 7687 7678 7679
6284 20206 20241 20214
6285 7267 7276 7275
6286 16183 16174 16175
6287 2471 2462 2463
6288 2462 2454 2453
6289 2437 2436 2428
6290 8589 8598 8590
6291 15855 15846 15854
6292 9142 9133 9134
6293 16896 16887 16888
6294 2456 2448 2447
6295 2464 2529 2521
6296 2427 2426 2418
6297 15849 15858 15857
6298 7350 7341 7342
6299 2420 2419 2428
6300 2521 2513 2456
6301 2458 2467 2459
6302 5238 5247 5246
6303 2441 2433 2376
6304 2392 2449 2384
6305 2428 2429 2437
6306 17228 17219 17220
6307 2453 2444 2445
6308 2452 2444 2453
6309 8695 8704 8703
6310 15747 15738 15746
6311 7637 7646 7638
6312 17409 17418 17417
6313 15839 15848 15840
6314 2000 1991 1999
6315 2391 2399 2390
6316 2442 2433 2434
6317 2467 2466 2458
6318 17676 17685 17677
6319 2425 2433 2434
6320 16079 16070 16071
6321 2451 2459 2450
6322 2458 2450 2459
6323 2396 2404 2405
6324 7212 7203 7204
6325 2407 2408 2399
6326 7198 7189 7190
6327 7593 7584 7585
6328 10499 10556 10564
6329 15856 15865 15864
6330 2382 2390 2391
6331 9904 10257 10256
6332 19310 19301 19302
6333 2400 2408 2465
6334 18581 18590 18589
6335 7589 7598 7590
6336 2388 2389 2380
6337 2442 2451 2443
6338 11111 11103 11112
6339 2380 2379 2371
6340 2383 2382 2391
6341 7668 7659 7660
6342 7590 7599 7598
6343 2398 2390 2399
6344 10041 10050 10042
6345 7660 7669 7668
6346 2362 2371 2363
6347 10497 10505 10496
6348 16226 16579 16578
6349 17257 17261 17260
6350 20599 20608 20600
6351 2394 2403 2402
6352 2335 2343 2344
6353 20797 15594 20796
6354 2395 2403 2394
6355 7581 7590 7589
6356 10530 10538 10539
6357 2395 2386 2394
6358 2327 2335 2336
6359 15700 7544 7545
6360 1934 1926 1925
6361 2300 2292 2291
6362 2380 2371 2372
6363 2308 2309 2300
6364 2379 2387 2388
6365 7548 7195 7196
6366 8492 8083 8140
6367 2348 2349 1996
6368 7182 7191 7190
6369 7518 7527 7526
6370 2389 2390 2381
6371 2361 2369 2370
6372 5248 5257 5256
6373 6345 6336 6337
6374 1975 1974 1983
6375 2375 2367 2376
6376 16443 16831 16830
6377 16443 11241 16830
6378 7254 7263 7255
6379 2376 2367 2368
6380 10374 18530 18529
6381 7583 7574 7582
6382 7637 7628 7629
6383 17464 17473 17465
6384 1968 2025 1960
6385 7289 7298 7290
6386 2373 2382 2374
6387 1975 1984 1976
6388 8184 8175 8176
6389 7235 7244 7236
6390 18440 18449 18441
6391 1958 1950 1949
6392 5695 5686 5687
6393 2379 2370 2378
6394 9925 9916 9917
6395 10187 18399 18342
6396 8464 8473 8465
6397 1985 1986 1977
6398 10274 10265 10273
6399 7373 7364 7365
6400 7140 7149 7148
6401 1962 1963 1954
6402 1927 1935 1936
6403 1928 1927 1919
6404 1902 1901 1893
6405 7332 7341 7340
6406 1900 1901 1909
6407 2294 2293 2302
6408 1920 1912 1911
6409 1988 1980 1979
6410 7146 7211 7154
6411 1980 1971 1972
6412 1942 1943 1951
6413 1988 1996 1997
6414 1987 1978 1986
6415 1846 1838 1837
6416 1966 1967 1958
6417 1982 1991 1983
6418 1950 1941 1949
6419 7166 7157 7165
6420 1968 1976 1967
6421 1998 1989 1990
6422 1977 1978 1969
6423 2293 2284 2285
6424 1998 1997 1989
6425 7190 7181 7189
6426 6386 6795 6738
6427 10396 10400 10399
6428 2348 1996 1995
6429 7550 7559 7558
6430 1508 1516 1517
6431 1853 1854 1845
6432 19253 19262 19261
6433 1963 1955 1954
6434 1921 1929 1930
6435 1871 1872 1863
6436 1924 1925 1916
6437 1874 1883 1882
6438 1886 1885 1894
6439 20735 20710 20727
6440 1918 1917 1909
6441 15706 15715 15714
6442 1909 1910 1918
6443 1969 1961 1904
6444 1577 1569 1512
6445 17952 17943 17944
6446 1967 1966 1975
6447 17438 17373 17430
6448 1903 1904 1895
6449 9952 9961 9960
6450 19193 19202 19201
6451 1887 1896 1888
6452 7421 7068 7069
6453 2291 2282 2283
6454 16841 16886 16878
6455 6586 6590 6589
6456 2281 2224 2289
6457 1905 1897 1840
6458 2353 2345 2354
6459 2303 2295 2294
6460 2296 2288 2287
6461 1986 1994 1995
6462 1995 1987 1986
6463 2304 2296 2295
6464 10314 18470 10315
6465 2361 2296 2304
6466 7497 7506 7498
6467 1936 1935 2288
6468 7069 7422 7421
6469 2293 2292 2284
6470 2219 2227 2228
6471 16786 16795 16794
6472 7124 7133 7125
6473 7133 7486 7134
6474 7510 7519 7511
6475 2312 2369 2304
6476 5758 5749 5750
6477 8868 8803 8811
6478 17360 17351 17352
6479 6776 6785 6784
6480 7606 15762 15761
6481 2271 2272 2263
6482 7597 7606 7598
6483 2342 2343 2334
6484 6482 6547 6490
6485 2314 2315 2306
6486 2377 2369 2312
6487 15824 15833 15832
6488 18579 18588 18580
6489 2300 2291 2299
6490 2295 2296 2287
6491 2304 2369 2361
6492 10499 10564 10507
6493 7511 7502 7503
6494 18138 17920 17921
6495 18514 18523 18522
6496 2377 2385 2320
6497 2328 2320 2385
6498 10490 10481 10482
6499 2239 2248 2240
6500 2316 2325 2317
6501 2316 2324 2325
6502 2332 2324 2323
6503 2332 2323 2331
6504 10495 2340 10496
6505 2319 2328 2320
6506 2323 2315 2314
6507 2310 2318 2319
6508 10525 10533 10524
6509 9794 9785 9786
6510 7065 7074 7073
6511 2279 2280 10435
6512 7523 7458 7466
6513 19402 19755 19754
6514 7532 7523 7524
6515 2330 2338 2339
6516 16065 16074 16073
6517 2256 2248 2247
6518 17828 17837 17836
6519 2245 2236 2244
6520 7180 7189 7188
6521 2220 2228 2229
6522 10473 10474 10482
6523 2280 10492 2337
6524 10431 10432 10440
6525 10453 10445 10454
6526 7505 7514 7513
6527 2271 2270 2262
6528 2271 2262 2263
6529 2220 2219 2228
6530 2245 2246 2237
6531 7499 7434 7491
6532 2297 2298 2289
6533 19613 19622 19621
6534 1848 1847 1856
6535 2235 2243 2244
6536 2229 2230 2221
6537 7626 7691 7634
6538 2257 2249 2258
6539 2201 2198 2197
6540 7509 7518 7517
6541 1869 2222 1870
6542 2275 2276 10431
6543 1861 1870 1862
6544 1839 1831 1830
6545 2260 2268 2269
6546 2401 2336 2344
6547 7582 7573 7574
6548 7417 7413 7414
6549 2243 2235 2234
6550 9090 9443 9442
6551 1861 1860 1869
6552 2213 2273 2216
6553 1797 1798 1794
6554 7476 7467 7468
6555 7428 7437 7436
6556 5657 5648 5649
6557 2267 2266 2275
6558 7421 7430 7422
6559 2275 2266 2274
6560 2258 2267 2266
6561 2258 2259 2267
6562 2261 2253 2252
6563 10406 10409 10405
6564 15632 7476 15631
6565 2231 2240 2232
6566 7444 7435 7443
6567 1798 1795 1794
6568 2201 2197 2200
6569 7454 7445 7446
6570 15548 20767 15565
6571 15548 15540 15565
6572 2226 2235 2227
6573 140 131 132
6574 2204 2201 2200
6575 2237 2236 2245
6576 2250 2258 2249
6577 1801 1798 1797
6578 16505 16496 16497
6579 7429 7438 7430
6580 2198 2225 2233
6581 6498 6489 6490
6582 8507 8572 8515
6583 16618 16609 16610
6584 7491 7500 7499
6585 2225 2195 2198
6586 17007 16998 16999
6587 2289 2290 2281
6588 2209 2210 2206
6589 2268 2277 2269
6590 2206 2207 2203
6591 2217 2226 2225
6592 2218 2226 2217
6593 7658 7649 7657
6594 1921 1913 1856
6595 5808 5817 5816
6596 5464 5455 5463
6597 1844 1836 1835
6598 7086 7095 7094
6599 1841 1849 1850
6600 19964 20317 20316
6601 2338 2329 2337
6602 1835 1827 1826
6603 1842 1834 1843
6604 1451 1442 1450
6605 7021 7030 7022
6606 1818 1809 1817
6607 8560 8207 8208
6608 1827 1818 1826
6609 6996 7000 6999
6610 6996 1794 6999
6611 1849 1802 1799
6612 1859 1867 1858
6613 1866 1858 1867
6614 10017 10008 10009
6615 1843 1842 1851
6616 2244 2236 2235
6617 1852 1843 1851
6618 1799 1841 1849
6619 1897 1905 1906
6620 16188 16197 16196
6621 7613 7260 7261
6622 1857 1802 1849
6623 1805 1802 1857
6624 17326 17335 17334
6625 1845 1854 1846
6626 2321 2322 2313
6627 7699 7708 7707
6628 1866 1865 2218
6629 8896 8887 8888
6630 7116 7107 7108
6631 1868 2221 2220
6632 17023 17014 17022
6633 1857 1866 1858
6634 2221 2222 1869
6635 1840 1832 1831
6636 2221 1868 1869
6637 6485 6494 6493
6638 1869 1870 1861
6639 1867 1866 2219
6640 1548 1547 1556
6641 1861 1852 1853
6642 7123 7132 7131
6643 2233 2234 2225
6644 1892 1893 1884
6645 17627 17618 17619
6646 7132 7485 7484
6647 9667 9658 9659
6648 1831 1839 1840
6649 1930 2283 1931
6650 1860 1868 1869
6651 6664 6655 6663
6652 1846 1855 1847
6653 1513 1448 1456
6654 1821 1822 1813
6655 1811 1459 1812
6656 7591 7582 7590
6657 1829 1838 1830
6658 1862 1854 1853
6659 1454 1445 1446
6660 1954 1955 1946
6661 1451 1459 1460
6662 1881 1882 1873
6663 6641 6650 6642
6664 1862 1853 1861
6665 1444 1445 1436
6666 18699 18708 18707
6667 6919 6910 6918
6668 9168 9123 9165
6669 1821 1830 1822
6670 1905 1913 1914
6671 1840 1897 1832
6672 1838 1846 1847
6673 1812 1821 1813
6674 1537 1546 1538
6675 1453 1445 1454
6676 1442 1443 1434
6677 1453 1444 1445
6678 6708 6699 6700
6679 15642 15651 15650
6680 1423 1422 1431
6681 1460 1461 1452
6682 1832 1897 1889
6683 1840 1848 1905
6684 1420 1428 1429
6685 1438 1447 1439
6686 6658 6649 6657
6687 6288 6279 6280
6688 7335 6982 6983
6689 1822 1831 1823
6690 6754 6745 6753
6691 1878 1877 1886
6692 1507 1499 1498
6693 16880 16889 16888
6694 1507 1498 1506
6695 18982 19017 18990
6696 16103 16112 16104
6697 1396 1397 1393
6698 1500 1499 1508
6699 1517 1525 1526
6700 1877 1876 1885
6701 7109 7100 7101
6702 18881 18890 18882
6703 1828 1829 1820
6704 2212 2208 2209
6705 1444 1453 1452
6706 19169 19160 19161
6707 1833 1825 1793
6708 1819 1810 1811
6709 1464 1463 1816
6710 1399 1787 1400
6711 1860 1852 1851
6712 1858 1850 1849
6713 1845 1846 1837
6714 1837 1836 1845
6715 7432 7441 7440
6716 1433 1434 1442
6717 18001 18010 18009
6718 7368 7377 7369
6719 6185 6235 6188
6720 1422 1423 1414
6721 1787 1809 1400
6722 17091 17082 17083
6723 18640 18631 18639
6724 6619 6584 6611
6725 1523 1524 1515
6726 1420 1421 1412
6727 1054 1055 1046
6728 9639 9648 9647
6729 1451 1460 1452
6730 17668 18056 17669
6731 1793 1825 1790
6732 5371 5367 5368
6733 7057 7066 7065
6734 1786 1790 1787
6735 7398 7402 7401
6736 7398 2196 7401
6737 971 974 1001
6738 6637 6628 6636
6739 1433 1434 1425
6740 1433 1391 1388
6741 7553 7200 7552
6742 1379 991 1378
6743 1411 1402 1410
6744 1403 1402 1411
6745 7038 7029 7030
6746 982 986 983
6747 9622 9613 9614
6748 20765 20774 20773
6749 7111 7102 7103
6750 1385 1388 1425
6751 1425 1434 1426
6752 19556 19909 19908
6753 1418 1410 1419
6754 1404 1052 1051
6755 1423 1415 1424
6756 5730 5721 5729
6757 1429 1428 1437
6758 19839 17237 19487
6759 1391 1388 1387
6760 1407 1055 1054
6761 1382 1409 1379
6762 9316 9251 9308
6763 1051 1050 1403
6764 1382 1381 1385
6765 6633 6624 6625
6766 1496 1553 1488
6767 6581 6611 6603
6768 1410 1411 1419
6769 1483 1492 1484
6770 973 977 974
6771 988 989 992
6772 6583 6579 6582
6773 6579 6582 1377
6774 5236 5245 5237
6775 5236 5237 34
6776 1407 1415 1406
6777 6705 6714 6706
6778 1478 1469 1477
6779 6608 6617 6609
6780 2012 2011 2020
6781 1424 1481 1416
6782 1431 1440 1432
6783 6825 6834 6833
6784 1959 1950 1958
6785 1414 1423 1415
6786 1421 1422 1413
6787 8899 9308 9251
6788 1405 1413 1414
6789 6182 6178 6181
6790 1456 1455 1464
6791 1413 1422 1414
6792 6743 6752 6751
6793 6255 6246 6247
6794 6457 6466 6458
6795 1432 1424 1423
6796 1438 1439 1430
6797 7017 6664 6665
6798 1497 1498 1489
6799 1405 1404 1413
6800 1053 1406 1054
6801 1105 1113 1048
6802 5426 5491 5483
6803 1437 1445 1446
6804 1415 1414 1406
6805 1052 1404 1405
6806 1052 1405 1053
6807 6677 6668 6669
6808 1113 1056 1048
6809 1169 1177 1178
6810 6842 6907 6850
6811 1408 1407 1416
6812 6687 6678 6679
6813 6634 6625 6633
6814 7655 7664 7656
6815 17815 17824 17816
6816 6340 6349 6348
6817 1474 1465 1466
6818 1473 1465 1474
6819 1114 1105 1113
6820 1047 1055 1056
6821 6317 6308 6316
6822 6671 6680 6679
6823 10167 10158 10159
6824 1120 1177 1112
6825 10251 10242 10250
6826 1485 1476 1484
6827 1469 1116 1117
6828 1498 1490 1499
6829 7337 7346 7345
6830 6697 6688 6689
6831 7077 7086 7078
6832 6739 6674 6682
6833 6694 6685 6686
6834 5792 5801 5800
6835 1467 1466 1475
6836 7998 8007 8006
6837 6245 6236 6237
6838 1493 1494 1485
6839 1555 1563 1564
6840 1503 1494 1502
6841 5459 5394 5402
6842 1561 1504 1496
6843 1501 1493 1502
6844 1494 1502 1493
6845 1500 1509 1508
6846 5792 5801 5793
6847 1500 1501 1509
6848 1484 1493 1485
6849 1575 1566 1574
6850 1561 1496 1553
6851 1156 1155 1164
6852 6765 6756 6764
6853 10251 18463 18406
6854 6792 6783 6784
6855 18841 18850 18849
6856 6687 6696 6688
6857 1477 1476 1485
6858 5593 5584 5585
6859 1475 1474 1483
6860 17431 17440 17439
6861 1545 1480 1488
6862 1545 1537 1480
6863 1480 1472 1471
6864 6767 6758 6766
6865 6741 6750 6742
6866 6375 6384 6383
6867 1104 1095 1103
6868 1471 1472 1119
6869 6750 6759 6751
6870 19875 19884 19876
6871 1595 1242 1594
6872 6803 6738 6795
6873 1539 1547 1538
6874 1111 1112 1103
6875 1542 1541 1533
6876 1532 1540 1541
6877 1531 1539 1540
6878 1530 1539 1531
6879 1533 1534 1542
6880 17860 18118 18117
6881 6672 6319 6320
6882 6782 6773 6781
6883 1540 1539 1548
6884 6447 6438 6446
6885 1173 1172 1181
6886 6799 6446 6798
6887 1179 1178 1531
6888 1566 1567 1558
6889 5799 5808 5800
6890 1545 1546 1537
6891 1632 1640 1697
6892 7198 7551 7199
6893 20088 20079 20080
6894 1567 1566 1575
6895 20369 20682 20681
6896 19738 19729 19730
6897 1558 1549 1557
6898 15915 15906 15907
6899 6288 6297 6296
6900 1574 1566 1565
6901 18192 18201 18200
6902 9000 9009 9008
6903 1947 1948 1939
6904 1549 1558 1550
6905 7147 7156 7155
6906 6709 6700 6701
6907 1538 1547 1546
6908 1554 1563 1555
6909 1511 1520 1512
6910 15670 15620 15662
6911 1581 1580 1589
6912 1586 1587 1578
6913 16157 16148 16149
6914 1957 1948 1949
6915 18974 18965 18966
6916 1956 1948 1957
6917 7177 7168 7169
6918 1534 1543 1535
6919 1569 1504 1512
6920 1509 1508 1517
6921 1493 1484 1492
6922 6376 6385 6384
6923 1592 1583 1584
6924 1592 1944 1591
6925 1939 1938 1947
6926 6766 6775 6767
6927 1592 1591 1583
6928 17744 17735 17736
6929 1902 1893 1894
6930 16480 16471 16472
6931 1572 1563 1571
6932 15990 15925 15933
6933 7240 7231 7232
6934 1990 1991 1982
6935 1947 1938 1946
6936 1581 1582 1573
6937 2026 2025 2034
6938 1958 1967 1959
6939 1951 1950 1942
6940 1503 1502 1511
6941 17523 17170 17171
6942 6749 6758 6757
6943 9140 9149 9148
6944 1946 1955 1947
6945 6385 6738 6737
6946 1962 1953 1961
6947 1965 1956 1957
6948 1965 1964 1956
6949 1464 1521 1456
6950 1954 1962 1953
6951 18225 18216 18224
6952 1963 1971 1972
6953 1964 1963 1972
6954 7551 7560 7559
6955 19294 19285 19286
6956 8411 8402 8403
6957 17956 17965 17957
6958 1527 1880 1528
6959 10092 10027 10084
6960 1954 1945 1946
6961 1953 1945 1954
6962 992 991 988
6963 1878 1879 1526
6964 1890 1882 1881
6965 7104 7113 7112
6966 7120 7111 7119
6967 1901 1909 1910
6968 6837 6828 6829
6969 1882 1890 1891
6970 15736 15727 15728
6971 1902 1910 1911
6972 18094 18119 18102
6973 7122 7113 7121
6974 18106 18097 18098
6975 6142 6151 6143
6976 7079 7088 7080
6977 6631 6640 6639
6978 1515 1506 1514
6979 1483 1491 1492
6980 6717 6726 6725
6981 1461 1453 1452
6982 6720 6729 6721
6983 6718 6709 6710
6984 5800 5809 5801
6985 7372 7363 7364
6986 1502 1501 1510
6987 18276 18285 18277
6988 1510 1519 1518
6989 1455 1463 1464
6990 1519 1528 1520
6991 1495 1486 1494
6992 1511 1519 1520
6993 1938 1586 1585
6994 18290 18281 18282
6995 1512 1503 1511
6996 1510 1501 1509
6997 1519 1527 1528
6998 7059 7004 7051
6999 7796 15952 15951
7000 7090 7155 7147
7001 1512 1520 1577
7002 16279 16288 16287
7003 10411 10407 10410
7004 16578 16587 16579
7005 989 986 985
7006 16186 16177 16178
7007 1411 1420 1412
7008 5636 5323 5324
7009 8820 8829 8828
7010 2281 2290 2282
7011 1800 1801 1797
7012 7396 7008 7009
7013 1795 1799 1798
7014 7052 7061 7060
7015 18003 17994 17995
7016 2213 2216 2212
7017 18232 18241 18240
7018 6631 6622 6623
7019 17468 17477 17476
7020 1800 1803 1804
7021 2212 2216 2215
7022 1034 1026 1025
7023 1378 1381 1377
7024 1434 1443 1435
7025 7052 7043 7044
7026 5784 579 5781
7027 5784 5785 5781
7028 6593 6643 6635
7029 6595 6591 6592
7030 1457 1449 1397
7031 2200 2196 2199
7032 2194 1806 2193
7033 7885 7894 7893
7034 9320 9311 9312
7035 1398 6987 6600
7036 6987 6600 6988
7037 7395 1806 7008
7038 7395 7396 7008
7039 5605 5596 5597
7040 17897 17888 17896
7041 19361 19352 19353
7042 19297 19288 19289
7043 6988 6600 6601
7044 1396 1393 1392
7045 583 579 582
7046 10818 10822 10821
7047 7413 2208 7410
7048 7413 7414 7410
7049 10230 10239 10238
7050 1788 6993 6990
7051 6993 6990 6994
7052 6377 6368 6369
7053 10879 10870 10871
7054 88 5290 87
7055 10460 10469 10468
7056 2212 2208 2211
7057 1785 1786 1398
7058 108 5310 107
7059 7068 7059 7060
7060 2253 2262 2254
7061 7416 2211 7413
7062 7416 7417 7413
7063 2215 2211 2214
7064 5715 5650 5707
7065 142 133 141
7066 5703 5350 5351
7067 118 110 109
7068 125 116 124
7069 17202 17211 17203
7070 117 108 109
7071 17940 17949 17948
7072 133 134 142
7073 6148 6139 6147
7074 2621 2613 2622
7075 133 5336 134
7076 138 139 130
7077 5351 5342 5343
7078 140 141 132
7079 140 139 131
7080 15670 15679 15678
7081 17020 17029 17028
7082 112 137 129
7083 7311 7302 7303
7084 95 86 87
7085 94 86 95
7086 82 5284 81
7087 92 93 84
7088 18509 18518 18517
7089 65 66 57
7090 83 91 82
7091 67 59 58
7092 573 577 574
7093 18743 18334 18391
7094 5223 5232 5224
7095 315 316 307
7096 43 44 35
7097 5513 5522 5521
7098 35 44 36
7099 5315 5290 5307
7100 5290 88 5307
7101 5204 5207 5206
7102 68 59 67
7103 60 68 59
7104 44 45 36
7105 16259 16268 16267
7106 17222 17157 17214
7107 7604 7595 7596
7108 37 38 5240
7109 5380 5389 5388
7110 179 180 27
7111 15 23 24
7112 114 105 113
7113 35 36 5238
7114 17351 17342 17343
7115 19496 19505 19497
7116 1379 1401 992
7117 6585 1380 1383
7118 6242 6307 6250
7119 1420 1419 1428
7120 171 172 168
7121 7309 7318 7317
7122 15689 16042 15690
7123 5776 5772 5775
7124 5772 5775 570
7125 6186 981 984
7126 6227 6182 6219
7127 16845 16849 16848
7128 16845 11643 16848
7129 20227 20231 20228
7130 5211 5220 5212
7131 5211 5212 9
7132 978 979 975
7133 19265 19256 19264
7134 6301 6310 6302
7135 5766 561 564
7136 7416 2211 2214
7137 2215 2211 2212
7138 626 635 627
7139 175 171 174
7140 5360 5356 5357
7141 9189 9180 9181
7142 2 1 4
7143 3 4 1
7144 4 6 3
7145 5208 6 3
7146 5204 1 2
7147 5371 5375 5374
7148 73 306 74
7149 50 42 41
7150 18011 18020 18019
7151 5781 576 579
7152 5812 5803 5811
7153 5440 5431 5432
7154 565 562 561
7155 19627 19636 19635
7156 5415 5406 5407
7157 163 159 160
7158 37 46 38
7159 5205 5206 5203
7160 5 25 17
7161 27 28 19
7162 8104 8095 8096
7163 8942 8933 8934
7164 174 5763 561
7165 5355 5359 5356
7166 5277 5510 5509
7167 5356 5208 5209
7168 14 15 5217
7169 168 169 165
7170 153 5358 156
7171 5208 5209 5206
7172 15725 15716 15717
7173 5205 0 3
7174 0 3 1
7175 27 180 28
7176 5231 5222 5230
7177 5203 0 1
7178 5203 0 5202
7179 5203 5202 5205
7180 0 5202 5205
7181 56 47 55
7182 5515 5524 5523
7183 16310 16319 16311
7184 41 33 16
7185 60 69 61
7186 5558 5549 5550
7187 9036 8971 9028
7188 17147 17156 17148
7189 5361 5365 5362
7190 16201 16210 16202
7191 593 563 566
7192 173 170 169
7193 4 6 7
7194 207 199 198
7195 5417 5408 5416
7196 257 200 265
7197 182 183 30
7198 5971 6324 6323
7199 5209 5210 5207
7200 5362 5366 5363
7201 7298 7363 7306
7202 184 241 32
7203 5767 5771 5770
7204 988 984 987
7205 10151 10160 10152
7206 173 233 225
7207 172 173 169
7208 16950 16959 16958
7209 574 577 578
7210 969 972 973
7211 79 70 78
7212 75 66 74
7213 58 66 67
7214 69 70 61
7215 15980 15989 15988
7216 24 49 41
7217 5244 5235 5243
7218 7171 7180 7179
7219 5238 5247 5239
7220 5238 5239 36
7221 5415 5424 5423
7222 6199 5846 6198
7223 19675 19666 19674
7224 5816 5825 5824
7225 5804 5813 5812
7226 7746 10004 9996
7227 9362 9371 9363
7228 567 568 564
7229 20135 20070 20127
7230 6667 6258 6315
7231 6178 6174 6175
7232 584 971 993
7233 975 979 976
7234 980 1025 1017
7235 18262 18253 18254
7236 989 985 988
7237 6189 984 987
7238 18716 18707 18708
7239 17100 17091 17092
7240 1418 1417 1426
7241 574 570 573
7242 6997 6993 6994
7243 6192 6580 6193
7244 1378 991 990
7245 6592 6588 6591
7246 6588 6591 1386
7247 6579 990 1377
7248 6589 6585 6586
7249 9917 9926 9918
7250 1377 1378 990
7251 1395 1396 1392
7252 7405 7401 7402
7253 6191 6251 6194
7254 1389 6594 6591
7255 6594 6591 6595
7256 19575 19510 19567
7257 2196 7401 2199
7258 6996 7000 6997
7259 6995 7035 6998
7260 6203 6173 6195
7261 17486 17495 17494
7262 5806 5815 5814
7263 15881 16234 16233
7264 1807 1803 1806
7265 7464 7455 7456
7266 16147 16156 16155
7267 1393 1389 1392
7268 1807 1804 1803
7269 7419 7010 7397
7270 7009 7005 7006
7271 7104 7095 7096
7272 2194 2195 1807
7273 1800 1804 1801
7274 6591 1386 1389
7275 5462 5471 5470
7276 1801 1802 1798
7277 1390 1387 1386
7278 1802 1799 1798
7279 6597 6601 6598
7280 15787 15778 15779
7281 1389 1390 1386
7282 986 982 985
7283 6171 6175 6172
7284 976 972 975
7285 2200 2197 2196
7286 6189 6193 6190
7287 2205 2206 2202
7288 991 988 987
7289 2206 2203 2202
7290 6192 987 990
7291 990 991 987
7292 1854 1863 1855
7293 7395 1806 2193
7294 7006 7002 7005
7295 7002 7005 1800
7296 9523 9514 9515
7297 7002 1797 1800
7298 2213 2265 2210
7299 6994 6990 6991
7300 7808 7817 7816
7301 1868 1860 1859
7302 1792 1789 1788
7303 17311 17302 17303
7304 1791 1792 1788
7305 1786 1789 1790
7306 6724 7077 7076
7307 15794 15803 15795
7308 19626 19635 19627
7309 1826 1834 1835
7310 1842 1833 1841
7311 7730 7795 7738
7312 6176 6172 6175
7313 7414 7410 7411
7314 7410 2205 2208
7315 2208 2209 2205
7316 16135 16126 16127
7317 2209 2213 2210
7318 7407 7411 7408
7319 2209 2206 2205
7320 2213 2209 2212
7321 2194 1806 1807
7322 2218 2227 2219
7323 1930 2282 2283
7324 1865 1808 2217
7325 1848 1856 1913
7326 7125 7134 7133
7327 2193 2197 2194
7328 7395 7399 7396
7329 2196 2197 2193
7330 1929 1872 2281
7331 6324 6333 6332
7332 1870 1871 1862
7333 7073 7426 7074
7334 20017 20026 20025
7335 5767 5763 5764
7336 2230 2231 2222
7337 7429 7420 7421
7338 2231 2223 2222
7339 1864 1863 1872
7340 2280 2337 2272
7341 1864 1921 1856
7342 2284 1931 2283
7343 2285 1933 1932
7344 7515 7450 7507
7345 7600 7591 7599
7346 2222 2223 1870
7347 2225 2234 2226
7348 1862 1863 1854
7349 1871 1863 1862
7350 2289 2224 2232
7351 7448 7457 7456
7352 7403 7443 7435
7353 5639 5648 5647
7354 1921 1922 1913
7355 10418 10415 10460
7356 2221 2230 2222
7357 9147 9177 9155
7358 1871 2224 1872
7359 7490 7137 7138
7360 2232 2224 2223
7361 7438 7447 7439
7362 2231 2232 2223
7363 5421 5412 5413
7364 2239 2240 2231
7365 2264 2321 2256
7366 2281 1872 2224
7367 1914 1906 1905
7368 7641 7650 7642
7369 1864 1872 1929
7370 7124 7115 7123
7371 1830 1838 1839
7372 1905 1848 1913
7373 7065 7056 7057
7374 18854 18919 18862
7375 2281 2282 1929
7376 2282 1930 1929
7377 19812 19803 19804
7378 7463 7472 7471
7379 18559 18494 18551
7380 1932 1923 1931
7381 8561 8570 8569
7382 1931 1923 1922
7383 18049 18040 18041
7384 1837 1838 1829
7385 1864 1856 1855
7386 1864 1855 1863
7387 6656 6665 6664
7388 17490 17499 17498
7389 1819 1818 1827
7390 1847 1855 1856
7391 1854 1855 1846
7392 1889 1897 1898
7393 1898 1890 1889
7394 1882 1891 1883
7395 1836 1844 1845
7396 1891 1900 1892
7397 7557 7566 7565
7398 1891 1899 1900
7399 1839 1848 1840
7400 5327 5318 5319
7401 7424 7071 7072
7402 18674 18665 18673
7403 17438 17373 17381
7404 1839 1847 1848
7405 1829 1830 1821
7406 1858 1849 1857
7407 6651 6660 6659
7408 1839 1838 1847
7409 1827 1836 1828
7410 1813 1814 1461
7411 6640 6649 6648
7412 1844 1835 1843
7413 7024 7015 7023
7414 1853 1844 1852
7415 1825 1834 1826
7416 2242 2234 2233
7417 1837 1829 1828
7418 18894 18959 18902
7419 7110 7101 7102
7420 1834 1833 1842
7421 7046 7037 7038
7422 1835 1836 1827
7423 10209 10200 10201
7424 7056 7047 7055
7425 17955 17946 17954
7426 1825 1833 1834
7427 7131 7484 7132
7428 7099 7108 7107
7429 1841 1833 1796
7430 7007 7067 7010
7431 19574 19565 19566
7432 7064 7055 7056
7433 1796 1799 1841
7434 16984 16631 16632
7435 1442 1451 1443
7436 1400 1809 1457
7437 1811 1819 1820
7438 9395 9460 9403
7439 7062 7053 7061
7440 1851 1850 1859
7441 1841 1850 1842
7442 7122 7113 7114
7443 1859 1850 1858
7444 1865 1866 1857
7445 1808 2195 2217
7446 1860 1851 1859
7447 9355 9420 9363
7448 20138 20147 20146
7449 1852 1844 1843
7450 19700 19691 19692
7451 7558 7549 7557
7452 6703 6694 6695
7453 17699 17708 17707
7454 6412 6403 6411
7455 7029 7020 7021
7456 1808 1865 1805
7457 18617 18264 18616
7458 7515 7524 7523
7459 6305 6314 6313
7460 7059 7004 7007
7461 6043 5634 5986
7462 1792 1796 1793
7463 7001 6997 7000
7464 1809 1818 1810
7465 1795 1796 1792
7466 10065 9712 9713
7467 5765 5377 5378
7468 1801 1805 1802
7469 1804 1805 1801
7470 1805 1865 1857
7471 1804 1808 1805
7472 1807 1808 1804
7473 2243 2234 2242
7474 2195 1808 1807
7475 2198 2195 2194
7476 7400 7396 7399
7477 2197 2198 2194
7478 5676 5667 5675
7479 7411 7415 7412
7480 10375 18531 18530
7481 7465 7474 7473
7482 7403 7399 7400
7483 2227 2218 2226
7484 7067 7420 7068
7485 1865 2217 2218
7486 7463 7454 7462
7487 8582 8573 8574
7488 1867 2219 2220
7489 1868 1867 2220
7490 7421 7068 7420
7491 2219 1866 2218
7492 7453 7444 7452
7493 2241 2242 2233
7494 7422 7431 7430
7495 2227 2235 2236
7496 2228 2227 2236
7497 2228 2237 2229
7498 2249 2250 2241
7499 2234 2235 2226
7500 19104 19095 19096
7501 18526 18517 18518
7502 7437 7446 7438
7503 2253 2245 2244
7504 2241 2204 2249
7505 2257 2210 2265
7506 2250 2251 2242
7507 2242 2251 2243
7508 16540 16549 16548
7509 2207 2204 2203
7510 16066 16075 16074
7511 2237 2246 2238
7512 7049 7058 7057
7513 2274 2265 2273
7514 2258 2259 2250
7515 5512 5521 5513
7516 2203 2204 2200
7517 2254 2255 2246
7518 7477 7468 7476
7519 2244 2243 2252
7520 7530 7521 7529
7521 2270 2279 2271
7522 2243 2251 2252
7523 18846 18911 18854
7524 2201 2204 2241
7525 2233 2201 2241
7526 2210 2257 2207
7527 9411 9402 9403
7528 2206 2210 2207
7529 2207 2257 2249
7530 7469 7478 7477
7531 2251 2260 2252
7532 2266 2265 2274
7533 7545 7536 7537
7534 15720 15711 15719
7535 18422 18487 18430
7536 2279 2280 2271
7537 16736 16727 16728
7538 2259 2268 2260
7539 2268 2259 2267
7540 7715 7724 7723
7541 2259 2260 2251
7542 2258 2257 2266
7543 2322 2321 2330
7544 16727 16718 16719
7545 2267 2275 2276
7546 2268 2267 2276
7547 7462 7453 7461
7548 18991 18926 18983
7549 2276 2277 2268
7550 2255 2264 2256
7551 8323 8358 8331
7552 2269 2278 2270
7553 2261 2262 2253
7554 7464 7473 7465
7555 2253 2254 2245
7556 2260 2269 2261
7557 2230 2239 2231
7558 17842 17833 17834
7559 2269 2270 2261
7560 5316 5307 5315
7561 2254 2246 2245
7562 2277 2278 2269
7563 2229 2238 2230
7564 7541 7532 7533
7565 8512 8503 8504
7566 20612 20603 20604
7567 2263 2264 2255
7568 5292 5283 5291
7569 2254 2263 2255
7570 2254 2262 2263
7571 2298 2297 2306
7572 7448 7439 7440
7573 7515 7524 7516
7574 15718 15653 15710
7575 15669 15660 15661
7576 2255 2247 2246
7577 2240 2297 2232
7578 7528 7537 7536
7579 7020 7011 7012
7580 2237 2238 2229
7581 18286 18351 18294
7582 2239 2238 2247
7583 2246 2247 2238
7584 7158 7149 7150
7585 2238 2239 2230
7586 2256 2321 2313
7587 2297 2305 2306
7588 2236 2237 2228
7589 2298 2290 2289
7590 2299 2308 2300
7591 7507 7442 7499
7592 2232 2297 2289
7593 2239 2247 2248
7594 6421 6412 6413
7595 2318 2317 2326
7596 2240 2248 2305
7597 2247 2255 2256
7598 7441 7450 7449
7599 2313 2248 2256
7600 2387 2396 2388
7601 2240 2305 2297
7602 2313 2305 2248
7603 2263 2272 2264
7604 10443 10451 10442
7605 18415 18424 18423
7606 7539 15695 15694
7607 19000 19004 19001
7608 2314 2305 2313
7609 7123 7132 7124
7610 2306 2305 2314
7611 2338 2330 2329
7612 2313 2322 2314
7613 2322 2331 2323
7614 17465 17456 17457
7615 2272 2329 2264
7616 18333 18686 18685
7617 2264 2329 2321
7618 7516 7525 7524
7619 2271 2280 2272
7620 2337 2329 2272
7621 17863 17510 17511
7622 10316 9907 9964
7623 2321 2329 2330
7624 2322 2330 2331
7625 7524 7533 7525
7626 2378 2370 2369
7627 16990 16999 16998
7628 2393 2336 2401
7629 17202 17211 17210
7630 6284 6293 6285
7631 2340 2332 2331
7632 17293 17284 17285
7633 20411 20420 20419
7634 2339 2340 2331
7635 7546 7537 7545
7636 2327 2328 2319
7637 7661 7652 7653
7638 2317 2325 2326
7639 16581 16646 16589
7640 2335 2327 2326
7641 2334 2325 2333
7642 2332 2341 2333
7643 2333 2325 2324
7644 7534 7543 7535
7645 2341 2332 2340
7646 10600 10599 10591
7647 2327 2336 2328
7648 2334 2326 2325
7649 2333 2324 2332
7650 2335 2326 2334
7651 5750 5759 5751
7652 2334 2343 2335
7653 2393 2328 2336
7654 2385 2328 2393
7655 15671 15680 15679
7656 20309 20300 20308
7657 7685 7676 7677
7658 19038 19029 19030
7659 19389 19380 19381
7660 2353 2362 2354
7661 15843 15834 15835
7662 2287 1935 1934
7663 7530 7595 7538
7664 5449 5256 5448
7665 2319 2320 2311
7666 2312 2320 2377
7667 2311 2310 2319
7668 16065 16074 16066
7669 2327 2319 2318
7670 2326 2327 2318
7671 7563 7572 7571
7672 7530 7521 7522
7673 2335 2344 2336
7674 6088 6097 6096
7675 2343 10498 10499
7676 2311 2302 2310
7677 7724 7733 7725
7678 7514 7579 7571
7679 20716 20707 20708
7680 15840 15831 15832
7681 2299 2290 2298
7682 2316 2308 2307
7683 2302 2293 2301
7684 7587 7522 7579
7685 7186 7251 7194
7686 2307 2308 2299
7687 2353 2296 2361
7688 2361 2362 2353
7689 2303 2294 2302
7690 2312 2311 2320
7691 2304 2303 2312
7692 2382 2373 2381
7693 2312 2303 2311
7694 7604 15760 15759
7695 7488 7135 7136
7696 2304 2295 2303
7697 10126 10135 10134
7698 2285 1932 2284
7699 2291 2290 2299
7700 2301 2292 2300
7701 7501 7492 7493
7702 7504 7513 7505
7703 2293 2292 2301
7704 7508 7517 7516
7705 2370 2371 2362
7706 2307 2315 2316
7707 8772 8781 8773
7708 15635 15644 15643
7709 2381 2372 2380
7710 18738 19091 19090
7711 7508 7499 7500
7712 2300 2309 2301
7713 2310 2309 2318
7714 2380 2389 2381
7715 7519 7528 7520
7716 2317 2309 2308
7717 2317 2308 2316
7718 2318 2309 2317
7719 6040 6031 6032
7720 2302 2301 2310
7721 2390 2389 2398
7722 7573 7564 7565
7723 2388 2396 2397
7724 2397 2389 2388
7725 2381 2373 2372
7726 2365 2374 2366
7727 9111 9102 9103
7728 2407 10563 10562
7729 7602 7593 7601
7730 2429 2420 2428
7731 2398 2407 2399
7732 2406 2407 2398
7733 10628 10636 10571
7734 2399 2400 2391
7735 2406 2398 2397
7736 7235 7170 7227
7737 20652 20800 20799
7738 16105 15752 16104
7739 2406 2397 2405
7740 2389 2397 2398
7741 2385 2386 2377
7742 2385 2394 2386
7743 16993 17002 17001
7744 10592 10583 10584
7745 2404 2396 2395
7746 2387 2386 2395
7747 2385 2393 2394
7748 15768 15777 15769
7749 2403 2404 2395
7750 2396 2387 2395
7751 2379 2388 2380
7752 2402 2394 2393
7753 7604 7595 7603
7754 2401 2402 2393
7755 5357 5209 5210
7756 2351 1998 2350
7757 7433 7424 7425
7758 2377 2378 2369
7759 5904 5895 5896
7760 19745 19736 19737
7761 2363 2371 2372
7762 7513 7522 7521
7763 2373 2374 2365
7764 7793 7784 7785
7765 19515 19506 19507
7766 2354 2363 2355
7767 1987 1996 1988
7768 2362 2363 2354
7769 7980 5722 7972
7770 7490 7137 7489
7771 5645 5654 5646
7772 7561 7552 7560
7773 2355 2364 2356
7774 2361 2370 2362
7775 7600 7609 7608
7776 2355 2363 2364
7777 7575 7566 7574
7778 7520 7529 7521
7779 7585 7576 7577
7780 2366 2375 2367
7781 7572 7581 7580
7782 5508 5275 5507
7783 1993 1994 1985
7784 7174 7183 7182
7785 2364 2373 2365
7786 2358 2367 2359
7787 2364 2372 2373
7788 2375 2374 2383
7789 2359 2368 2360
7790 2364 2365 2356
7791 2356 2365 2357
7792 7569 7560 7568
7793 2035 2036 2027
7794 7576 7567 7575
7795 10034 10043 10042
7796 2357 2366 2358
7797 2365 2366 2357
7798 2366 2367 2358
7799 7584 7575 7576
7800 7646 7655 7654
7801 9760 9751 9752
7802 5432 5423 5431
7803 7259 7194 7251
7804 2349 2358 2350
7805 1983 1991 1992
7806 2350 2359 2351
7807 1969 1978 1970
7808 20339 20330 20331
7809 7177 7186 7178
7810 7236 7227 7235
7811 7192 7183 7191
7812 2358 2359 2350
7813 2348 2347 2356
7814 19189 19198 19197
7815 1999 1991 1990
7816 7555 7564 7563
7817 1998 1999 1990
7818 20389 20398 20397
7819 7198 7551 7550
7820 1992 1984 1983
7821 2357 2349 2348
7822 6890 6955 6898
7823 2286 2287 1934
7824 2346 2347 1994
7825 20108 20117 20116
7826 2356 2347 2355
7827 1932 1933 1924
7828 1979 1971 1970
7829 9817 9826 9825
7830 1982 1983 1974
7831 1994 1986 1985
7832 1970 1961 1969
7833 17930 17939 17938
7834 1985 1920 1928
7835 1979 1987 1988
7836 1995 1996 1987
7837 17015 17006 17007
7838 17824 17833 17832
7839 1994 2347 1995
7840 2345 2346 1993
7841 2346 1994 1993
7842 2288 2345 1936
7843 18271 10059 10116
7844 1987 1979 1978
7845 20173 20164 20172
7846 7197 7188 7196
7847 10373 18529 18528
7848 1510 1509 1518
7849 1963 1962 1971
7850 2027 2036 2028
7851 1970 1962 1961
7852 7174 7165 7173
7853 20082 20091 20090
7854 17527 17518 17519
7855 18163 17985 18162
7856 6735 6382 6383
7857 1970 1971 1962
7858 5306 5635 5323
7859 7531 7466 7523
7860 1982 1981 1990
7861 1974 1973 1982
7862 20412 20421 20420
7863 2051 2052 2043
7864 1972 1981 1973
7865 7178 7169 7170
7866 1978 1979 1970
7867 6902 6911 6910
7868 1989 1981 1980
7869 18357 18366 18365
7870 15640 15631 15632
7871 1964 1972 1973
7872 1590 1589 1942
7873 1980 1988 1989
7874 1966 1958 1957
7875 1965 1964 1973
7876 1980 1981 1972
7877 1975 1966 1974
7878 1957 1965 1966
7879 7503 7512 7511
7880 1973 1981 1982
7881 7176 7185 7184
7882 1966 1965 1974
7883 1974 1965 1973
7884 1916 1925 1917
7885 7176 7167 7168
7886 17630 17639 17638
7887 1989 1990 1981
7888 7501 7492 7500
7889 1925 1924 1933
7890 5295 5304 5303
7891 1924 1923 1932
7892 20510 20575 20518
7893 7493 7484 7492
7894 7494 7485 7486
7895 9546 9537 9538
7896 1915 1924 1916
7897 1932 1931 2284
7898 2292 2284 2283
7899 1931 1922 1930
7900 1895 1904 1896
7901 7487 7496 7488
7902 7130 7195 7187
7903 7500 7509 7508
7904 7498 7563 7506
7905 1985 1928 1993
7906 2285 2294 2286
7907 7225 7216 7217
7908 2293 2294 2285
7909 2286 1934 1933
7910 19595 19604 19603
7911 2285 2286 1933
7912 2288 1935 2287
7913 7514 7579 7522
7914 2295 2287 2286
7915 2294 2295 2286
7916 2288 2353 2345
7917 7496 7505 7504
7918 2288 2296 2353
7919 1969 1912 1977
7920 7042 7107 7050
7921 1927 1918 1926
7922 1928 1927 1936
7923 17462 17397 17405
7924 6596 6651 6599
7925 1993 1928 1936
7926 1927 1926 1935
7927 1926 1934 1935
7928 1927 1919 1918
7929 1977 1912 1920
7930 1985 1977 1920
7931 1919 1911 1910
7932 1880 1945 1937
7933 6971 6906 6914
7934 1919 1910 1918
7935 16575 16584 16583
7936 7094 7085 7086
7937 1920 1911 1919
7938 1896 1961 1953
7939 1904 1961 1896
7940 7163 7172 7171
7941 1916 1917 1908
7942 1901 1893 1892
7943 1911 1912 1903
7944 17233 17586 17585
7945 10097 10088 10096
7946 1899 1907 1908
7947 1894 1903 1895
7948 1900 1901 1892
7949 1888 1953 1945
7950 9056 9047 9048
7951 1902 1903 1894
7952 1900 1899 1908
7953 1902 1911 1903
7954 1875 1884 1876
7955 7155 7164 7163
7956 1507 1515 1516
7957 1902 1901 1910
7958 7127 7118 7119
7959 1916 1907 1915
7960 1923 1915 1914
7961 7112 7103 7104
7962 1908 1917 1909
7963 1917 1926 1918
7964 20583 20518 20575
7965 7126 7135 7127
7966 5585 5594 5586
7967 10006 9997 9998
7968 1923 1924 1915
7969 1877 1885 1886
7970 1906 1915 1907
7971 1514 1522 1523
7972 1915 1906 1914
7973 1914 1922 1923
7974 7105 7114 7113
7975 1509 1517 1518
7976 1891 1890 1899
7977 1890 1898 1899
7978 1876 1524 1523
7979 1524 1876 1877
7980 1898 1907 1899
7981 1906 1907 1898
7982 7118 7109 7110
7983 6659 6599 6651
7984 15950 7738 7795
7985 5322 5313 5321
7986 1885 1893 1894
7987 1583 1574 1582
7988 1526 1525 1878
7989 16050 16041 16042
7990 1875 1876 1523
7991 7081 7090 7082
7992 5546 5611 5603
7993 1877 1525 1524
7994 1892 1884 1883
7995 1891 1892 1883
7996 1883 1884 1875
7997 1814 1822 1823
7998 1508 1499 1507
7999 1522 1875 1523
8000 1876 1884 1885
8001 17331 17340 17339
8002 1878 1525 1877
8003 1823 1824 1815
8004 1522 1874 1875
8005 1505 1448 1513
8006 16990 16925 16982
8007 6816 6825 6824
8008 7114 7179 7122
8009 6269 6260 6268
8010 19002 18942 18950
8011 7096 7087 7088
8012 7139 6730 6787
8013 1885 1884 1893
8014 1895 1887 1886
8015 7105 7096 7104
8016 1894 1895 1886
8017 1896 1953 1888
8018 1788 6993 1791
8019 1589 1588 1941
8020 1888 1945 1880
8021 1939 1940 1587
8022 1939 1587 1586
8023 1578 1587 1579
8024 1526 1879 1527
8025 10393 10397 10396
8026 7143 7152 7151
8027 1518 1526 1527
8028 1886 1887 1878
8029 7089 7098 7090
8030 1888 1880 1879
8031 1519 1518 1527
8032 6562 6553 6561
8033 1945 1946 1937
8034 6698 6763 6755
8035 1585 1528 1937
8036 7147 7082 7090
8037 1528 1880 1937
8038 6713 6722 6721
8039 7212 7221 7220
8040 6164 6155 6163
8041 1585 1520 1528
8042 1585 1577 1520
8043 7158 7149 7157
8044 8726 8735 8734
8045 6429 6420 6421
8046 7153 7144 7145
8047 1591 1590 1943
8048 10354 10345 10346
8049 1561 1504 1569
8050 1580 1579 1588
8051 1564 1563 1572
8052 6718 6727 6726
8053 6728 6719 6727
8054 7081 6728 6729
8055 7200 7191 7192
8056 16377 16386 16385
8057 1515 1524 1516
8058 7446 7455 7447
8059 1507 1516 1508
8060 1507 1506 1515
8061 1456 1521 1513
8062 16933 16924 16925
8063 6623 6632 6624
8064 1516 1525 1517
8065 1813 1822 1814
8066 1439 1448 1440
8067 1515 1514 1523
8068 1516 1524 1525
8069 6511 6864 6512
8070 7212 7203 7211
8071 1517 1526 1518
8072 6857 7210 6858
8073 2413 2421 2422
8074 1957 1958 1949
8075 17158 17093 17150
8076 7169 7160 7168
8077 1950 1959 1951
8078 20004 20013 20005
8079 17720 17711 17712
8080 1563 1562 1571
8081 1617 1552 1560
8082 1942 1589 1941
8083 1949 1941 1940
8084 7143 7152 7144
8085 1946 1938 1937
8086 17403 17394 17395
8087 17033 17024 17025
8088 1579 1587 1588
8089 8733 8742 8741
8090 8515 8580 8523
8091 8967 8614 8615
8092 7150 7141 7149
8093 1937 1938 1585
8094 1947 1955 1956
8095 1948 1940 1939
8096 6771 6780 6779
8097 12929 18132 12930
8098 12929 12921 12930
8099 1588 1587 1940
8100 8028 7963 7971
8101 1586 1938 1939
8102 5275 5250 5258
8103 1577 1586 1578
8104 5837 5846 5845
8105 1585 1586 1577
8106 1570 1562 1561
8107 1570 1578 1579
8108 8648 8639 8640
8109 6763 6772 6771
8110 6741 6732 6733
8111 8036 7971 8028
8112 1578 1570 1569
8113 6808 6799 6800
8114 1577 1578 1569
8115 1570 1571 1562
8116 1570 1561 1569
8117 1583 1575 1574
8118 6789 6780 6788
8119 1572 1571 1580
8120 1629 1628 1637
8121 1580 1571 1579
8122 1580 1588 1589
8123 6820 6811 6812
8124 1573 1565 1564
8125 1161 1153 1096
8126 1572 1581 1573
8127 1572 1580 1581
8128 1564 1572 1573
8129 1541 1540 1549
8130 1706 1705 1714
8131 17797 17788 17796
8132 1574 1565 1573
8133 7156 7165 7164
8134 1591 1582 1590
8135 1583 1582 1591
8136 7146 6793 6794
8137 1590 1581 1589
8138 1249 1257 1258
8139 1225 1160 1168
8140 6305 6296 6297
8141 1617 1609 1552
8142 1557 1549 1548
8143 1550 1541 1549
8144 1601 1593 1536
8145 1542 1541 1550
8146 1558 1559 1550
8147 1565 1557 1556
8148 8562 8209 8561
8149 1567 1559 1558
8150 8706 8715 8714
8151 5831 5840 5839
8152 1550 1559 1551
8153 1180 1171 1179
8154 1558 1557 1566
8155 18728 18737 18736
8156 1565 1566 1557
8157 1542 1551 1543
8158 1551 1542 1550
8159 18431 18366 18423
8160 6768 6759 6767
8161 9448 9439 9447
8162 5934 5925 5926
8163 6776 6767 6775
8164 1179 1171 1170
8165 15951 7795 7796
8166 1179 1170 1178
8167 1111 1110 1119
8168 1554 1545 1553
8169 1499 1500 1491
8170 1546 1545 1554
8171 20028 20019 20020
8172 6284 6293 6292
8173 1530 1529 1538
8174 1555 1547 1546
8175 1554 1555 1546
8176 16022 16062 16025
8177 6766 6757 6765
8178 10032 10023 10031
8179 1554 1553 1562
8180 1539 1547 1548
8181 17453 17444 17445
8182 1562 1553 1561
8183 1532 1179 1531
8184 1472 1480 1537
8185 1504 1496 1495
8186 6286 6295 6294
8187 6223 6214 6215
8188 5982 5629 5630
8189 6741 6732 6740
8190 20458 20467 20466
8191 1230 1231 1222
8192 1117 1108 1116
8193 19580 19571 19572
8194 8103 8112 8111
8195 1113 1466 1114
8196 1170 1169 1178
8197 7270 7279 7271
8198 6372 6381 6373
8199 1172 1171 1180
8200 1166 1157 1165
8201 1533 1532 1541
8202 6667 6258 6610
8203 1538 1539 1530
8204 6710 6701 6709
8205 8065 8074 8073
8206 1181 1180 1533
8207 1486 1477 1485
8208 1180 1532 1533
8209 1501 1492 1500
8210 1204 1205 1196
8211 1181 1172 1180
8212 1476 1475 1484
8213 1182 1535 1183
8214 8362 8358 8361
8215 19644 19653 19652
8216 1484 1475 1483
8217 1086 1094 1095
8218 8708 8717 8709
8219 6753 6744 6745
8220 1535 1182 1534
8221 1212 1203 1211
8222 1486 1478 1477
8223 20379 20026 20027
8224 6695 6704 6696
8225 19304 19313 19312
8226 6742 6751 6750
8227 18122 18131 18130
8228 1182 1173 1181
8229 6430 6421 6429
8230 1181 1533 1534
8231 1534 1182 1181
8232 19100 19091 19092
8233 1483 1482 1491
8234 17729 17720 17721
8235 7617 7626 7625
8236 1488 1479 1487
8237 6721 6712 6713
8238 1495 1487 1486
8239 1416 1481 1473
8240 6689 6680 6681
8241 1474 1482 1483
8242 1391 1394 1441
8243 1500 1492 1491
8244 6724 6715 6716
8245 6241 6250 6249
8246 1480 1479 1488
8247 1471 1118 1470
8248 1156 1148 1147
8249 6321 6674 6322
8250 9432 9785 9784
8251 1553 1545 1488
8252 1495 1503 1504
8253 1488 1487 1496
8254 9451 9442 9443
8255 1471 1479 1480
8256 1478 1486 1487
8257 1115 1467 1468
8258 6371 6306 6363
8259 1478 1479 1470
8260 1472 1120 1119
8261 1529 1472 1537
8262 6309 6318 6310
8263 6483 6418 6475
8264 1118 1109 1117
8265 6748 6739 6747
8266 1119 1120 1111
8267 1477 1468 1476
8268 19929 19938 19937
8269 1116 1107 1115
8270 1120 1112 1111
8271 18467 18476 18475
8272 1110 1109 1118
8273 6670 6317 6318
8274 1529 1177 1120
8275 1119 1118 1471
8276 1112 1177 1169
8277 1120 1472 1529
8278 6305 6314 6306
8279 1115 1107 1106
8280 1119 1110 1118
8281 1101 1102 1093
8282 18110 12907 18109
8283 6686 6677 6685
8284 1109 1108 1117
8285 1107 1099 1098
8286 1117 1469 1470
8287 1105 1097 1040
8288 7064 7073 7072
8289 1477 1469 1468
8290 1108 1107 1116
8291 18064 18073 18072
8292 6670 6679 6671
8293 1476 1467 1475
8294 1406 1407 1054
8295 1115 1114 1467
8296 15892 7736 15891
8297 1466 1474 1475
8298 1115 1106 1114
8299 18804 19157 19156
8300 1114 1466 1467
8301 8265 8274 8273
8302 1056 1408 1465
8303 6613 6622 6614
8304 1465 1113 1056
8305 6226 6217 6218
8306 1114 1106 1105
8307 16677 16742 16685
8308 1056 1055 1408
8309 1437 1438 1429
8310 1407 1415 1416
8311 1044 1052 1053
8312 18217 18226 18225
8313 6299 6234 6291
8314 1465 1466 1113
8315 1048 1047 1056
8316 1437 1446 1438
8317 5376 5764 5763
8318 5376 174 5763
8319 6652 6661 6660
8320 1414 1406 1405
8321 1040 1031 1039
8322 16245 16236 16237
8323 7025 7016 7017
8324 1023 1022 1031
8325 1040 1097 1032
8326 20489 20498 20497
8327 1032 1097 1089
8328 6827 6836 6835
8329 6216 6225 6217
8330 6223 6214 6222
8331 6182 6178 6179
8332 9190 9199 9198
8333 1429 1438 1430
8334 12931 18134 12932
8335 12931 12923 12932
8336 6641 6632 6640
8337 1428 1436 1437
8338 1427 1418 1426
8339 18847 18856 18855
8340 8912 8921 8913
8341 1046 1045 1054
8342 1054 1045 1053
8343 6679 6688 6687
8344 1440 1448 1505
8345 1430 1439 1431
8346 1458 1450 1449
8347 19654 19719 19662
8348 6607 6254 6606
8349 6615 6624 6616
8350 5460 5451 5459
8351 1482 1481 1490
8352 1463 1815 1816
8353 1498 1490 1489
8354 6685 6676 6677
8355 1489 1490 1481
8356 17372 17381 17380
8357 7291 7300 7292
8358 7027 7036 7035
8359 19254 19319 19262
8360 1422 1421 1430
8361 1421 1420 1429
8362 1473 1482 1474
8363 6639 6630 6631
8364 6709 6700 6708
8365 1432 1489 1424
8366 1431 1432 1423
8367 6676 6667 6668
8368 1489 1481 1424
8369 15939 15930 15931
8370 17078 17013 17070
8371 1824 1881 1816
8372 1439 1440 1431
8373 1456 1447 1455
8374 1481 1482 1473
8375 8406 8397 8398
8376 1432 1440 1497
8377 19835 19831 19832
8378 17683 17692 17691
8379 18096 18087 18088
8380 18501 18492 18493
8381 1497 1505 1506
8382 17450 17803 17802
8383 7091 7026 7034
8384 1497 1506 1498
8385 1447 1448 1439
8386 1513 1521 1522
8387 1446 1454 1455
8388 1815 1814 1823
8389 1513 1514 1505
8390 10098 10089 10090
8391 1514 1506 1505
8392 1522 1514 1513
8393 1456 1448 1447
8394 1462 1453 1461
8395 16460 16469 16468
8396 1446 1447 1438
8397 7018 6665 6666
8398 1446 1455 1447
8399 19720 19729 19721
8400 1830 1831 1822
8401 16189 16254 16197
8402 1818 1817 1826
8403 6710 6719 6718
8404 17897 17906 17898
8405 1050 1041 1049
8406 1812 1813 1460
8407 1454 1462 1463
8408 7048 7057 7056
8409 1463 1455 1454
8410 1459 1451 1450
8411 1454 1453 1462
8412 8731 8722 8723
8413 1436 1445 1437
8414 6646 6655 6647
8415 17195 17186 17187
8416 20508 20517 20516
8417 2193 7398 2196
8418 18388 18397 18396
8419 6671 6680 6672
8420 1813 1461 1460
8421 17358 17367 17366
8422 1820 1821 1812
8423 1793 1789 1792
8424 20744 20735 20736
8425 1889 1881 1824
8426 19756 19765 19764
8427 7092 7101 7093
8428 1820 1829 1821
8429 5452 5461 5460
8430 9907 9898 9899
8431 1823 1832 1824
8432 16374 16383 16382
8433 1890 1881 1889
8434 1823 1831 1832
8435 1889 1824 1832
8436 16590 16525 16582
8437 7159 7150 7151
8438 1434 1435 1426
8439 7605 7596 7604
8440 1812 1811 1820
8441 6725 6716 6717
8442 1874 1521 1873
8443 1522 1521 1874
8444 7092 7083 7084
8445 1397 1400 1457
8446 1464 1816 1873
8447 6723 7076 6724
8448 18129 12926 18128
8449 1873 1521 1464
8450 1816 1881 1873
8451 1824 1816 1815
8452 16195 16186 16187
8453 19243 19234 19235
8454 1825 1817 1790
8455 6636 6627 6628
8456 8611 8676 8619
8457 17220 17229 17228
8458 1787 1817 1809
8459 5836 5827 5835
8460 1790 1817 1787
8461 20044 20053 20052
8462 1397 1394 1393
8463 7045 7054 7053
8464 8545 8554 8553
8465 1786 1787 1399
8466 20139 20148 20147
8467 1826 1817 1825
8468 6659 6599 6602
8469 1810 1458 1457
8470 19763 19772 19771
8471 6583 6579 6580
8472 9181 8828 9180
8473 6697 6706 6698
8474 8028 7963 8020
8475 1809 1810 1457
8476 1811 1459 1458
8477 1811 1458 1810
8478 1450 1441 1449
8479 7116 7125 7124
8480 1458 1449 1457
8481 9053 9044 9045
8482 7014 6661 7013
8483 1435 1443 1444
8484 6586 6590 6587
8485 18719 18728 18727
8486 1444 1443 1452
8487 1452 1443 1451
8488 1409 1418 1410
8489 1401 1049 992
8490 8803 8794 8795
8491 1449 1441 1394
8492 1450 1442 1441
8493 7472 7481 7480
8494 6662 7015 7014
8495 7084 7075 7083
8496 1417 1385 1425
8497 6223 6232 6231
8498 1441 1433 1391
8499 6598 6602 6599
8500 1400 1397 1396
8501 1382 1417 1409
8502 17378 17387 17386
8503 1399 1400 1396
8504 1393 1394 1390
8505 1390 1394 1391
8506 7511 7502 7510
8507 1384 1388 1385
8508 1427 1426 1435
8509 10327 10336 10335
8510 16494 16503 16502
8511 1387 1388 1384
8512 18102 18127 18119
8513 17066 17075 17074
8514 6590 6635 6593
8515 1417 1418 1409
8516 6474 6465 6466
8517 7300 7309 7308
8518 1419 1418 1427
8519 1379 992 991
8520 1419 1420 1411
8521 6192 987 6189
8522 6192 6193 6189
8523 1427 1436 1428
8524 18507 18498 18499
8525 1427 1435 1436
8526 6628 6619 6627
8527 1417 1425 1426
8528 1410 1402 1401
8529 1403 1412 1404
8530 1412 1403 1411
8531 1410 1401 1409
8532 18881 18890 18889
8533 6643 6652 6644
8534 6623 6614 6622
8535 18031 18022 18023
8536 1402 1050 1049
8537 6180 975 978
8538 1051 1042 1050
8539 1050 1042 1041
8540 1033 1034 1025
8541 1022 1021 1030
8542 15915 15924 15923
8543 1403 1404 1051
8544 1052 1043 1051
8545 1044 1043 1052
8546 8107 8098 8099
8547 1409 1401 1379
8548 18044 18053 18052
8549 6620 6611 6619
8550 5431 5422 5423
8551 6093 6102 6094
8552 6580 6584 6581
8553 1041 989 1049
8554 1378 1381 1382
8555 1382 1379 1378
8556 992 1049 989
8557 6737 6746 6745
8558 6184 6180 6183
8559 6180 6183 978
8560 982 983 979
8561 6466 6531 6474
8562 979 983 980
8563 1041 986 989
8564 6275 6284 6276
8565 983 1025 980
8566 6245 6236 6244
8567 1041 1033 986
8568 6209 6218 6210
8569 6197 6206 6198
8570 1018 1017 1026
8571 1018 1026 1027
8572 20491 20500 20499
8573 1017 1025 1026
8574 1034 1043 1035
8575 6221 6212 6220
8576 574 571 570
8577 1042 1034 1033
8578 6215 6206 6214
8579 1035 1036 1027
8580 1036 1028 1027
8581 15875 15866 15867
8582 6270 6279 6278
8583 6256 6247 6255
8584 7173 7182 7181
8585 1018 1009 1017
8586 20563 20554 20555
8587 1002 1011 1003
8588 6264 6273 6272
8589 6230 6221 6222
8590 995 994 1003
8591 993 971 1001
8592 1010 1011 1002
8593 16664 16655 16663
8594 1003 1011 1012
8595 6355 6364 6363
8596 1003 994 1002
8597 5781 5785 5782
8598 1004 995 1003
8599 6229 6220 6228
8600 1010 1009 1018
8601 1017 1009 977
8602 583 580 579
8603 6647 6638 6639
8604 5399 5390 5391
8605 7305 7314 7313
8606 5628 5981 5980
8607 6190 6194 6193
8608 976 980 977
8609 979 980 976
8610 18393 18746 18745
8611 10277 10268 10269
8612 1047 1048 1039
8613 6395 6404 6403
8614 1067 1075 1076
8615 1068 1069 1060
8616 6247 6238 6239
8617 1083 1082 1091
8618 10172 10107 10164
8619 6275 6210 6267
8620 1031 1032 1023
8621 5908 6261 6260
8622 1038 1029 1037
8623 1028 1037 1029
8624 5294 5303 5302
8625 1039 1030 1038
8626 9579 9583 9582
8627 15718 15653 15661
8628 1008 1007 1016
8629 6299 6234 6242
8630 1081 1024 1089
8631 1089 1024 1032
8632 1031 1030 1039
8633 6191 6187 6188
8634 1044 1045 1036
8635 1036 1045 1037
8636 5817 5826 5818
8637 19634 19643 19642
8638 1038 1030 1029
8639 1046 1038 1037
8640 6222 6231 6223
8641 1029 1021 1020
8642 1028 1029 1020
8643 1013 1021 1022
8644 1030 1021 1029
8645 1014 1013 1022
8646 1005 997 996
8647 1013 1005 1004
8648 707 708 699
8649 628 636 637
8650 1013 1004 1012
8651 6052 6043 6044
8652 1005 1006 997
8653 1023 1015 1014
8654 5841 5850 5849
8655 5875 5810 5818
8656 1065 1057 1000
8657 6207 6216 6208
8658 1007 998 1006
8659 640 705 697
8660 9260 9269 9268
8661 632 640 697
8662 998 997 1006
8663 8478 8487 8486
8664 1004 1005 996
8665 598 597 606
8666 5336 5345 5337
8667 5336 5337 134
8668 1065 1008 1073
8669 1016 1015 1024
8670 10053 10044 10052
8671 1066 1057 1065
8672 6650 6715 6707
8673 1024 1015 1023
8674 1000 1057 648
8675 1076 1068 1067
8676 8633 8642 8641
8677 1007 1015 1016
8678 1073 1008 1016
8679 737 729 672
8680 5982 5991 5983
8681 683 684 675
8682 1058 1057 1066
8683 691 690 699
8684 5439 5430 5431
8685 18035 18044 18036
8686 9965 9956 9957
8687 648 1057 705
8688 6276 6267 6275
8689 1074 1065 1073
8690 1066 1065 1074
8691 705 640 648
8692 5879 5888 5887
8693 648 639 647
8694 8430 8077 8078
8695 697 706 698
8696 697 705 706
8697 6752 6761 6760
8698 8233 8224 8232
8699 698 689 697
8700 7163 7098 7106
8701 20097 20106 20105
8702 5884 5875 5883
8703 9872 9881 9880
8704 624 615 623
8705 5881 5872 5880
8706 691 700 692
8707 19791 19800 19799
8708 647 638 646
8709 637 638 629
8710 647 639 638
8711 629 628 637
8712 589 598 590
8713 5659 5594 5651
8714 613 612 621
8715 5837 5846 5838
8716 6639 6648 6640
8717 998 999 646
8718 999 647 646
8719 6210 6201 6202
8720 5836 5845 5837
8721 626 634 635
8722 5843 6196 5844
8723 8135 8144 8136
8724 644 636 635
8725 618 627 619
8726 8976 8967 8968
8727 606 597 605
8728 5800 5791 5792
8729 614 606 605
8730 5818 5809 5810
8731 578 581 633
8732 19251 19242 19243
8733 687 679 678
8734 9759 9768 9767
8735 5254 5245 5246
8736 6633 6624 6632
8737 6200 6209 6208
8738 223 222 231
8739 221 222 213
8740 597 596 605
8741 234 233 586
8742 5565 5556 5557
8743 7156 7165 7157
8744 631 622 630
8745 617 575 625
8746 5808 5817 5809
8747 678 686 687
8748 8384 8375 8376
8749 9142 9133 9141
8750 673 665 608
8751 615 606 614
8752 665 600 608
8753 607 606 615
8754 614 623 615
8755 622 623 614
8756 681 616 624
8757 5826 5891 5883
8758 5638 5325 5326
8759 608 607 616
8760 668 667 676
8761 624 689 681
8762 632 689 624
8763 16405 16396 16397
8764 667 666 675
8765 608 600 599
8766 682 673 681
8767 657 600 665
8768 18705 18696 18704
8769 6669 6316 6668
8770 608 599 607
8771 658 657 666
8772 666 657 665
8773 5395 5360 5387
8774 9328 9319 9320
8775 9946 9937 9938
8776 686 685 694
8777 674 673 682
8778 641 581 584
8779 7492 7483 7491
8780 5867 5876 5868
8781 685 686 677
8782 5886 5895 5887
8783 674 666 665
8784 673 674 665
8785 6195 5786 6173
8786 5823 5814 5815
8787 5236 33 34
8788 593 566 601
8789 643 642 995
8790 16753 16744 16745
8791 12855 18060 18057
8792 18061 18060 18057
8793 583 584 580
8794 633 581 641
8795 5844 6197 5845
8796 979 978 982
8797 5373 168 171
8798 595 604 596
8799 584 581 580
8800 5930 5921 5922
8801 19383 19318 19375
8802 982 978 981
8803 580 581 577
8804 995 642 994
8805 5837 5828 5829
8806 627 636 628
8807 5774 5819 5777
8808 5404 5395 5396
8809 5830 5821 5822
8810 5829 5838 5837
8811 618 617 626
8812 9387 9452 9395
8813 996 643 995
8814 618 609 617
8815 6549 6558 6557
8816 166 163 162
8817 609 618 610
8818 6198 5845 5846
8819 617 625 626
8820 5774 5819 5811
8821 612 604 603
8822 594 603 595
8823 602 603 594
8824 6081 6072 6080
8825 5821 5812 5820
8826 602 601 610
8827 5784 579 582
8828 5409 5418 5417
8829 611 603 602
8830 602 610 611
8831 17301 17366 17309
8832 20060 20069 20061
8833 162 5367 5364
8834 5367 5364 5368
8835 217 170 225
8836 16707 16716 16715
8837 575 572 571
8838 572 575 617
8839 6205 6196 6197
8840 609 572 617
8841 565 569 566
8842 970 583 582
8843 572 568 571
8844 10123 10114 10115
8845 564 568 565
8846 5835 5780 5827
8847 625 575 578
8848 574 578 575
8849 569 568 572
8850 562 174 175
8851 175 563 176
8852 5819 5828 5820
8853 176 172 175
8854 5426 5491 5434
8855 585 594 586
8856 5790 5437 5438
8857 566 563 562
8858 5805 5796 5804
8859 970 582 969
8860 566 562 565
8861 17039 17392 17391
8862 233 173 176
8863 5411 5420 5419
8864 9969 10322 9970
8865 163 166 167
8866 5772 567 570
8867 5395 5360 5363
8868 163 167 164
8869 209 217 218
8870 167 170 217
8871 8892 8827 8884
8872 209 164 167
8873 225 170 173
8874 15974 15983 15975
8875 9062 9053 9054
8876 9540 9549 9548
8877 8207 8198 8206
8878 202 210 211
8879 19767 19702 19710
8880 7340 7331 7339
8881 219 210 218
8882 218 227 219
8883 5811 5771 5803
8884 226 218 217
8885 220 219 228
8886 215 214 223
8887 598 589 597
8888 20184 20193 20185
8889 219 227 228
8890 7417 15608 7418
8891 10395 10399 10398
8892 6185 6181 6182
8893 5421 5412 5420
8894 236 227 235
8895 5794 5441 5442
8896 228 227 236
8897 213 204 212
8898 289 224 232
8899 589 237 236
8900 585 586 233
8901 5789 5798 5797
8902 18483 18492 18491
8903 6833 6824 6825
8904 594 585 593
8905 586 587 234
8906 5789 5436 5788
8907 587 235 234
8908 297 649 650
8909 597 589 588
8910 596 597 588
8911 18093 18102 18101
8912 230 229 238
8913 290 289 298
8914 237 229 228
8915 590 237 589
8916 238 591 239
8917 16538 16529 16530
8918 16957 17022 16965
8919 237 228 236
8920 5792 5439 5791
8921 588 589 236
8922 216 273 208
8923 5438 5791 5790
8924 238 229 237
8925 600 591 599
8926 238 239 230
8927 190 189 198
8928 297 650 298
8929 5434 5425 5426
8930 281 289 290
8931 649 297 240
8932 6400 6409 6408
8933 281 273 216
8934 5499 5852 5500
8935 282 281 290
8936 265 208 273
8937 8848 8839 8840
8938 5793 5802 5794
8939 5586 5577 5578
8940 19770 19779 19778
8941 592 591 600
8942 7418 15630 15608
8943 16917 16908 16909
8944 20285 20276 20277
8945 208 207 216
8946 297 289 232
8947 5861 5852 5853
8948 215 224 216
8949 231 232 223
8950 5853 5500 5501
8951 297 232 240
8952 298 289 297
8953 216 224 281
8954 18279 18288 18287
8955 272 337 329
8956 230 222 221
8957 232 224 223
8958 5853 5862 5861
8959 5499 5434 5442
8960 16683 16692 16691
8961 5480 5489 5481
8962 273 281 282
8963 5414 5423 5415
8964 15785 15776 15777
8965 205 204 213
8966 6036 6027 6035
8967 269 278 270
8968 10130 10139 10138
8969 258 257 266
8970 282 274 273
8971 263 272 264
8972 266 265 274
8973 274 265 273
8974 268 277 269
8975 5930 5921 5929
8976 275 274 283
8977 206 214 215
8978 221 212 220
8979 5723 5732 5731
8980 5818 5809 5817
8981 221 229 230
8982 19128 19119 19120
8983 231 222 230
8984 5442 5433 5441
8985 207 206 215
8986 7463 7454 7455
8987 20599 20608 20607
8988 5400 5409 5401
8989 213 222 214
8990 5433 5424 5432
8991 16113 16104 16105
8992 198 189 197
8993 49 50 41
8994 161 193 158
8995 206 205 214
8996 6943 6952 6944
8997 5384 5393 5385
8998 190 182 181
8999 5416 5407 5415
9000 190 181 189
9001 6603 6612 6611
9002 17049 17058 17057
9003 9040 9049 9048
9004 8077 8068 8069
9005 265 200 208
9006 199 190 198
9007 199 191 190
9008 208 200 199
9009 8205 8196 8197
9010 266 257 265
9011 7704 7713 7712
9012 53 44 52
9013 19949 19958 19957
9014 54 45 53
9015 192 184 183
9016 5770 5774 5773
9017 5478 5469 5470
9018 183 191 192
9019 20545 20554 20553
9020 30 31 22
9021 250 242 241
9022 250 258 259
9023 5974 6327 5975
9024 7462 7453 7454
9025 5445 5252 5253
9026 5243 5252 5251
9027 250 241 249
9028 50 49 242
9029 19 20 11
9030 5248 5257 5249
9031 241 242 49
9032 5462 5453 5461
9033 5392 5383 5384
9034 28 180 181
9035 5435 5375 5378
9036 49 24 32
9037 7933 7924 7925
9038 7924 2722 7925
9039 32 24 23
9040 7624 7615 7616
9041 8208 8561 8560
9042 31 32 23
9043 17262 16853 16910
9044 5384 5231 5383
9045 22 31 23
9046 8510 8501 8502
9047 15766 15775 15774
9048 565 561 564
9049 21 29 30
9050 30 22 21
9051 28 29 20
9052 9 2 17
9053 16071 16080 16079
9054 26 18 17
9055 16 5218 15
9056 5 8 25
9057 7429 7438 7437
9058 25 26 17
9059 8 5 7
9060 7937 7946 7938
9061 169 166 165
9062 15875 15884 15883
9063 158 193 185
9064 5362 5358 5359
9065 19295 19230 19238
9066 177 155 185
9067 5406 5397 5405
9068 25 8 177
9069 9791 9782 9783
9070 5209 5207 5206
9071 11 12 5214
9072 16914 16905 16906
9073 14 23 15
9074 154 157 158
9075 160 161 157
9076 203 204 195
9077 154 158 155
9078 5767 5763 5766
9079 5763 5766 561
9080 204 196 195
9081 5 17 2
9082 5469 5460 5461
9083 5480 5489 5488
9084 203 194 202
9085 5797 5806 5805
9086 5362 5358 5361
9087 5358 5361 156
9088 185 186 177
9089 5204 5219 5207
9090 8944 8953 8945
9091 180 179 188
9092 187 178 186
9093 9935 9944 9943
9094 5219 5228 5220
9095 195 187 186
9096 193 194 185
9097 19325 19316 19317
9098 19419 19374 19416
9099 8799 8790 8798
9100 6653 6644 6652
9101 20676 20667 20668
9102 5207 5227 5210
9103 159 160 156
9104 9 10 5212
9105 9 17 18
9106 5396 5387 5388
9107 10 18 19
9108 160 157 156
9109 5216 13 14
9110 2 4 5
9111 11 10 19
9112 5213 10 11
9113 21 22 13
9114 6245 6254 6246
9115 9 18 10
9116 14 13 22
9117 9531 9522 9523
9118 12 20 21
9119 12 13 5215
9120 21 13 12
9121 5237 34 35
9122 576 577 573
9123 5777 5773 5776
9124 165 5370 5367
9125 5370 5367 5371
9126 17954 17945 17946
9127 17071 17080 17072
9128 988 985 984
9129 5543 5534 5535
9130 6176 6211 6179
9131 6172 5784 6171
9132 5784 6171 582
9133 567 571 568
9134 5775 5779 5776
9135 6171 582 969
9136 576 579 580
9137 9060 9069 9068
9138 5374 5370 5373
9139 5370 5373 168
9140 5373 5377 5374
9141 175 171 172
9142 5616 5625 5624
9143 20646 20650 20649
9144 5778 5782 5779
9145 576 580 577
9146 982 981 985
9147 6177 6181 6178
9148 17700 17691 17692
9149 984 985 981
9150 5241 5250 5242
9151 5241 5242 39
9152 5241 38 39
9153 47 39 38
9154 46 47 38
9155 271 272 263
9156 5452 5461 5453
9157 36 37 5239
9158 36 45 37
9159 5254 5245 5253
9160 34 42 43
9161 6204 6195 6196
9162 8442 8451 8443
9163 307 316 308
9164 40 57 5259
9165 40 65 57
9166 48 65 40
9167 56 55 248
9168 269 270 261
9169 256 313 248
9170 388 387 396
9171 63 62 71
9172 5265 62 63
9173 19793 19802 19801
9174 324 316 315
9175 402 393 401
9176 5564 5555 5563
9177 5605 5596 5604
9178 5449 5458 5450
9179 285 277 276
9180 5518 5527 5526
9181 5540 5531 5532
9182 317 318 309
9183 321 329 330
9184 256 255 264
9185 5543 5534 5542
9186 5526 5535 5527
9187 330 322 321
9188 324 315 323
9189 244 253 245
9190 264 255 263
9191 314 313 322
9192 5515 5524 5516
9193 387 395 396
9194 325 317 316
9195 9011 9076 9019
9196 16335 16326 16327
9197 5520 5511 5519
9198 6766 6775 6774
9199 324 325 316
9200 18560 18551 18552
9201 370 98 97
9202 5558 5567 5566
9203 779 780 427
9204 335 326 334
9205 327 326 335
9206 5898 5889 5890
9207 5603 5538 5546
9208 16482 16473 16474
9209 358 366 367
9210 343 342 351
9211 5561 5570 5569
9212 343 352 344
9213 349 340 348
9214 5980 5627 5628
9215 6028 6019 6020
9216 18911 18920 18919
9217 15792 15783 15791
9218 5918 5927 5919
9219 78 310 311
9220 71 70 79
9221 17487 17478 17479
9222 74 65 73
9223 66 65 74
9224 5670 5661 5662
9225 48 47 56
9226 18368 18359 18360
9227 56 73 48
9228 73 65 48
9229 248 55 247
9230 266 274 275
9231 18367 18302 18359
9232 5249 5258 5250
9233 17699 17690 17691
9234 43 42 51
9235 5516 5507 5508
9236 5253 5244 5245
9237 5224 5215 5216
9238 5215 13 5216
9239 251 250 259
9240 245 52 244
9241 7080 6727 6728
9242 53 52 245
9243 45 44 53
9244 52 51 244
9245 246 53 245
9246 246 54 53
9247 5497 5506 5505
9248 8814 8805 8813
9249 15920 15929 15928
9250 243 252 244
9251 716 363 715
9252 5949 5940 5948
9253 5487 5478 5486
9254 5549 5540 5548
9255 9500 9509 9508
9256 5546 5611 5554
9257 252 261 253
9258 6660 7013 6661
9259 7301 7310 7302
9260 252 260 261
9261 5454 5463 5455
9262 260 259 268
9263 277 278 269
9264 286 278 277
9265 5459 5394 5451
9266 7583 7592 7584
9267 261 262 253
9268 260 269 261
9269 260 268 269
9270 253 262 254
9271 19871 17613 19863
9272 276 275 284
9273 256 247 255
9274 20745 15542 15543
9275 15542 15543 15534
9276 271 280 272
9277 264 329 321
9278 5466 5531 5523
9279 10236 10171 10179
9280 5463 5472 5471
9281 263 254 262
9282 271 262 270
9283 272 329 264
9284 276 277 268
9285 353 288 296
9286 264 321 256
9287 5923 5858 5915
9288 256 321 313
9289 345 337 280
9290 280 288 345
9291 280 337 272
9292 19072 19081 19080
9293 5557 5548 5549
9294 20431 20366 20423
9295 5465 5474 5473
9296 20757 20564 20565
9297 279 288 280
9298 279 287 288
9299 5864 5873 5872
9300 7449 7440 7448
9301 6032 6041 6033
9302 5490 5555 5547
9303 287 295 296
9304 296 288 287
9305 5539 5474 5482
9306 5916 5563 5564
9307 353 354 345
9308 6200 5847 5848
9309 5473 5464 5465
9310 8714 8705 8713
9311 302 654 655
9312 714 722 723
9313 5268 5259 5260
9314 5259 57 5260
9315 5357 5387 5360
9316 9647 10000 9999
9317 6302 6293 6294
9318 292 293 284
9319 6287 6278 6279
9320 300 653 301
9321 284 285 276
9322 20083 20092 20091
9323 5495 5486 5494
9324 5575 5302 5303
9325 284 283 292
9326 5484 5493 5485
9327 283 282 291
9328 282 290 291
9329 303 656 304
9330 5543 5552 5551
9331 664 655 663
9332 5268 5259 5267
9333 652 653 300
9334 662 661 670
9335 293 302 294
9336 660 651 659
9337 652 651 660
9338 5438 5429 5430
9339 667 668 659
9340 659 668 660
9341 5870 5861 5869
9342 9574 9570 9571
9343 693 694 685
9344 6417 6408 6416
9345 5856 5503 5504
9346 290 298 299
9347 303 655 656
9348 672 729 664
9349 5865 5856 5857
9350 5496 5505 5504
9351 303 304 295
9352 295 304 296
9353 20692 20701 20693
9354 5258 5507 5275
9355 6391 6400 6399
9356 5862 5871 5870
9357 18940 18949 18948
9358 655 654 663
9359 654 662 663
9360 16829 19431 17181
9361 20561 20754 20753
9362 680 671 679
9363 712 704 703
9364 687 696 688
9365 678 679 670
9366 716 364 363
9367 17964 17973 17972
9368 722 714 713
9369 6011 6020 6019
9370 729 738 730
9371 16588 16579 16580
9372 721 722 713
9373 729 737 738
9374 363 362 715
9375 362 714 715
9376 6840 6831 6839
9377 362 354 353
9378 361 362 353
9379 9061 9052 9053
9380 6520 6529 6521
9381 339 348 340
9382 7056 7047 7048
9383 19561 19208 19209
9384 6003 6012 6011
9385 8831 9184 9183
9386 346 337 345
9387 346 338 337
9388 16844 16840 16841
9389 5558 5549 5557
9390 338 347 339
9391 341 349 350
9392 385 328 393
9393 338 346 347
9394 338 339 330
9395 19742 19807 19750
9396 6605 6614 6606
9397 394 386 385
9398 17660 17656 17657
9399 5611 5620 5612
9400 334 342 343
9401 5560 5551 5552
9402 341 342 333
9403 342 334 333
9404 725 734 726
9405 17731 18069 18068
9406 365 366 357
9407 5466 5457 5465
9408 358 349 357
9409 350 349 358
9410 718 365 717
9411 5959 5950 5958
9412 6703 6712 6704
9413 8847 8856 8855
9414 367 359 358
9415 9026 9379 9378
9416 725 717 716
9417 724 725 716
9418 726 718 717
9419 717 725 726
9420 748 749 740
9421 19799 19734 19791
9422 718 719 366
9423 367 366 719
9424 5559 5568 5567
9425 777 368 720
9426 740 749 741
9427 7848 8026 8025
9428 20061 20052 20053
9429 733 741 742
9430 7039 7030 7038
9431 734 733 742
9432 19129 19138 19137
9433 5950 5941 5942
9434 8174 8165 8166
9435 734 743 735
9436 742 743 734
9437 5952 5961 5960
9438 801 736 744
9439 6003 5938 5946
9440 5705 5352 5704
9441 658 666 667
9442 5977 5968 5976
9443 17660 17710 17663
9444 801 809 810
9445 739 731 730
9446 746 737 745
9447 696 704 761
9448 757 748 756
9449 6010 6001 6002
9450 20428 20419 20420
9451 757 749 748
9452 746 738 737
9453 5556 5547 5548
9454 1139 1130 1138
9455 20299 20308 20307
9456 5865 5874 5873
9457 5925 5916 5917
9458 740 731 739
9459 5941 5932 5940
9460 20649 20614 20646
9461 729 730 721
9462 5905 5914 5913
9463 5400 5409 5408
9464 721 730 722
9465 680 672 671
9466 5881 5890 5882
9467 6776 6767 6768
9468 15780 15771 15772
9469 19377 19368 19369
9470 5805 5814 5806
9471 17299 17308 17307
9472 766 775 767
9473 755 747 746
9474 754 755 746
9475 702 711 703
9476 761 769 770
9477 6029 6038 6037
9478 659 658 667
9479 762 761 770
9480 18527 18536 18535
9481 1124 772 771
9482 1145 1080 1088
9483 765 766 757
9484 7944 7935 7936
9485 755 764 756
9486 755 763 764
9487 762 763 754
9488 6616 6625 6624
9489 1124 771 1123
9490 1139 1140 1131
9491 5877 5868 5869
9492 5949 5958 5957
9493 5914 6323 5971
9494 770 769 1122
9495 769 1121 1122
9496 1134 1133 1142
9497 5966 5975 5967
9498 1160 1159 1168
9499 16809 16800 16801
9500 1211 1220 1212
9501 773 772 1125
9502 772 1124 1125
9503 1132 1140 1141
9504 8776 8785 8784
9505 765 773 774
9506 765 756 764
9507 19006 19002 19005
9508 759 758 767
9509 766 765 774
9510 1138 1129 1137
9511 1139 1131 1130
9512 1142 1133 1141
9513 1127 775 774
9514 774 1126 1127
9515 753 688 696
9516 20392 20383 20384
9517 6286 6295 6287
9518 6822 6831 6823
9519 683 682 691
9520 682 690 691
9521 5918 5565 5566
9522 5909 5900 5908
9523 5850 6259 6202
9524 737 672 680
9525 17691 17682 17683
9526 7901 7910 7909
9527 8315 8355 8323
9528 5870 5879 5871
9529 8240 8231 8232
9530 666 674 675
9531 668 669 660
9532 670 669 678
9533 6807 6798 6806
9534 678 669 677
9535 9912 9921 9920
9536 709 710 701
9537 695 687 686
9538 677 686 678
9539 663 671 672
9540 7859 7868 7867
9541 1398 6987 1785
9542 676 685 677
9543 5878 5887 5879
9544 684 685 676
9545 7748 7739 7740
9546 695 686 694
9547 693 685 684
9548 693 684 692
9549 695 704 696
9550 1078 1086 1087
9551 6849 6858 6857
9552 17841 17832 17833
9553 5952 5943 5944
9554 662 671 663
9555 662 670 671
9556 703 704 695
9557 696 687 695
9558 664 729 721
9559 663 672 664
9560 17957 18022 17965
9561 680 688 745
9562 5224 5233 5225
9563 1111 1103 1102
9564 5904 5913 5905
9565 5939 5874 5931
9566 6566 6557 6565
9567 15682 15673 15674
9568 692 701 693
9569 680 745 737
9570 5948 5939 5940
9571 5947 5882 5939
9572 6266 5913 6265
9573 704 769 761
9574 703 711 712
9575 19462 19527 19470
9576 6266 6331 6323
9577 704 712 769
9578 6881 6872 6873
9579 761 753 696
9580 19209 19200 19201
9581 769 712 1121
9582 5935 5926 5927
9583 1088 1079 1087
9584 1079 1080 1071
9585 1095 1104 1096
9586 1130 1129 1138
9587 711 1063 1064
9588 5894 5903 5895
9589 6230 6239 6238
9590 5958 5967 5966
9591 18939 18948 18947
9592 5904 5895 5903
9593 5902 5893 5901
9594 5963 5972 5971
9595 701 702 693
9596 702 694 693
9597 701 710 702
9598 699 708 700
9599 710 709 1062
9600 709 1061 1062
9601 1086 1078 1077
9602 1061 709 708
9603 1060 1061 708
9604 1069 1078 1070
9605 1066 1075 1067
9606 16814 16823 16822
9607 698 706 707
9608 6794 6785 6793
9609 6303 6294 6302
9610 6300 6309 6301
9611 18287 18222 18279
9612 690 698 699
9613 1075 1074 1083
9614 1074 1082 1083
9615 6348 6339 6340
9616 6302 6293 6301
9617 17815 17824 17823
9618 1067 1068 1059
9619 6358 6349 6350
9620 1068 1077 1069
9621 8168 8159 8160
9622 5281 5272 5273
9623 6263 6272 6264
9624 1104 1161 1096
9625 9991 9987 9988
9626 19357 19366 19365
9627 18983 18992 18984
9628 16775 16766 16767
9629 6262 6271 6263
9630 1069 1061 1060
9631 1077 1078 1069
9632 6298 6363 6306
9633 1070 1061 1069
9634 1064 1063 1072
9635 1088 1153 1145
9636 1062 1061 1070
9637 7290 7355 7347
9638 1076 1084 1085
9639 6281 6272 6280
9640 8783 8774 8775
9641 1086 1077 1085
9642 20180 20171 20179
9643 1079 1070 1078
9644 5832 5823 5824
9645 1072 1071 1080
9646 1079 1071 1070
9647 1088 1080 1079
9648 5964 5955 5956
9649 1064 1129 1121
9650 1064 1072 1129
9651 6150 6159 6158
9652 5657 5648 5656
9653 6274 6339 6331
9654 1072 1137 1129
9655 1145 1146 1137
9656 1103 1095 1094
9657 6282 6347 6290
9658 1102 1103 1094
9659 6322 6313 6321
9660 16079 16070 16078
9661 6342 6333 6334
9662 1088 1096 1153
9663 5522 5587 5530
9664 1091 1100 1092
9665 5455 5446 5454
9666 7117 7108 7116
9667 1103 1112 1104
9668 1101 1110 1102
9669 1169 1161 1104
9670 6340 6331 6332
9671 1085 1094 1086
9672 1093 1094 1085
9673 5911 5902 5903
9674 7554 7201 7553
9675 1099 1108 1100
9676 1107 1098 1106
9677 1084 1093 1085
9678 6312 6321 6313
9679 5361 5365 5364
9680 5361 159 5364
9681 5208 3 5205
9682 5208 5206 5205
9683 6319 6310 6318
9684 1109 1110 1101
9685 1093 1102 1094
9686 6295 6304 6296
9687 1107 1108 1099
9688 1082 1090 1091
9689 17578 17931 17930
9690 16993 16984 16985
9691 1090 1098 1099
9692 1090 1099 1091
9693 17025 17034 17033
9694 1091 1092 1083
9695 6107 6116 6115
9696 1132 1124 1123
9697 7862 7853 7854
9698 7853 2651 7854
9699 1125 1133 1134
9700 1123 1131 1132
9701 1134 1126 1125
9702 7939 8277 8276
9703 1140 1149 1141
9704 1149 1140 1148
9705 6221 6212 6213
9706 20036 20045 20044
9707 6374 6383 6375
9708 5525 5534 5526
9709 20668 20659 20667
9710 5934 5943 5942
9711 1196 1187 1195
9712 8267 8258 8259
9713 1134 1135 1126
9714 1126 1135 1127
9715 6345 6336 6344
9716 1143 1134 1142
9717 819 818 827
9718 6854 7207 7206
9719 1602 1594 1593
9720 1144 1143 1152
9721 6387 5978 6035
9722 1210 1209 1218
9723 1136 1135 1144
9724 1154 1153 1162
9725 1146 1147 1138
9726 20244 20214 20241
9727 1122 1130 1131
9728 6325 6334 6326
9729 1122 1131 1123
9730 1121 1130 1122
9731 1121 1129 1130
9732 8867 8932 8875
9733 6277 6286 6285
9734 8226 8217 8225
9735 1154 1155 1146
9736 10080 10071 10072
9737 6435 6370 6378
9738 5517 5526 5525
9739 1233 1168 1176
9740 1202 1203 1194
9741 1174 1165 1173
9742 1225 1234 1226
9743 1639 1647 1648
9744 6736 6745 6744
9745 8182 8191 8190
9746 6945 6936 6937
9747 6366 6357 6365
9748 1161 1170 1162
9749 6443 6796 6795
9750 1170 1161 1169
9751 15761 7605 7606
9752 1167 1158 1166
9753 7409 7459 7412
9754 8837 8484 8485
9755 5986 5633 5634
9756 1174 1166 1165
9757 801 810 802
9758 1167 1159 1158
9759 20599 20534 20591
9760 7721 7712 7713
9761 6352 6361 6353
9762 5928 5937 5929
9763 7052 7061 7053
9764 1234 1225 1233
9765 6360 6369 6368
9766 1158 1150 1149
9767 1149 1157 1158
9768 1173 1165 1164
9769 6376 6367 6368
9770 1173 1164 1172
9771 1166 1174 1175
9772 6377 6368 6376
9773 1175 1167 1166
9774 20666 20675 20674
9775 826 818 817
9776 1602 1593 1601
9777 17927 17574 17575
9778 1167 1175 1176
9779 1184 1593 1241
9780 6781 6790 6789
9781 1219 1210 1218
9782 1168 1167 1176
9783 6427 6362 6370
9784 6450 6441 6442
9785 6675 6610 6667
9786 1536 1184 1183
9787 1225 1217 1160
9788 1159 1167 1168
9789 17166 17101 17158
9790 1226 1217 1225
9791 1218 1217 1226
9792 6782 6791 6790
9793 20677 15474 20676
9794 1195 1204 1196
9795 6396 6405 6404
9796 6241 6232 6240
9797 1152 1217 1209
9798 1194 1203 1195
9799 6823 6832 6824
9800 6353 6362 6361
9801 1160 1217 1152
9802 17269 17334 17277
9803 1213 1205 1204
9804 1195 1187 1186
9805 6276 6267 6268
9806 6419 6428 6427
9807 6929 6938 6937
9808 1223 1215 1214
9809 16045 16110 16053
9810 1229 1220 1228
9811 1221 1220 1229
9812 1176 1175 1184
9813 18570 18579 18578
9814 1204 1203 1212
9815 6885 6894 6893
9816 1196 1188 1187
9817 1194 1195 1186
9818 1197 1189 1188
9819 6389 6398 6397
9820 6433 6442 6441
9821 6040 6031 6039
9822 1209 1144 1152
9823 1201 1144 1209
9824 8574 8583 8582
9825 6191 6187 6190
9826 1204 1212 1213
9827 19904 19913 19905
9828 6408 6399 6407
9829 15911 15920 15919
9830 1194 1186 1185
9831 7824 7815 7816
9832 1136 1193 1128
9833 1127 1135 1136
9834 6387 6396 6395
9835 6106 6097 6098
9836 6035 5970 5978
9837 18871 18880 18879
9838 1185 833 776
9839 1202 1194 1193
9840 6506 6497 6505
9841 5765 5377 5764
9842 6403 6338 6346
9843 1201 1193 1136
9844 6421 6412 6420
9845 9665 9674 9666
9846 6419 6354 6362
9847 17076 17067 17068
9848 1210 1202 1201
9849 1292 1284 1283
9850 6048 5695 5696
9851 1213 1221 1222
9852 1216 1224 1281
9853 1297 1240 1305
9854 1281 1224 1289
9855 1232 1231 1240
9856 1223 1231 1232
9857 1308 1307 1660
9858 1298 1290 1289
9859 1232 1289 1224
9860 1305 1658 1306
9861 6870 6861 6862
9862 17392 17401 17400
9863 5903 5912 5911
9864 1291 1283 1282
9865 1273 1216 1281
9866 1342 1343 1334
9867 6492 6483 6491
9868 5857 5504 5856
9869 1291 1282 1290
9870 19679 19614 19671
9871 1299 1290 1298
9872 1299 1291 1290
9873 19229 19220 19221
9874 1666 1658 1657
9875 1633 1641 1642
9876 6876 6885 6884
9877 6400 6409 6401
9878 1237 1238 1229
9879 18330 18321 18322
9880 1246 1237 1245
9881 8789 8798 8797
9882 6423 6432 6431
9883 1239 1230 1238
9884 1239 1231 1230
9885 1207 1199 1198
9886 17632 17641 17640
9887 1198 1206 1207
9888 5941 5932 5933
9889 830 831 822
9890 800 865 857
9891 838 829 837
9892 6402 6393 6401
9893 10075 10066 10067
9894 1215 1216 1207
9895 1216 1208 1207
9896 884 876 875
9897 6407 6416 6408
9898 1214 1205 1213
9899 6410 6401 6409
9900 17826 17817 17818
9901 1192 1191 1200
9902 1200 1191 1199
9903 6102 6455 6103
9904 881 890 882
9905 1257 1249 1192
9906 1192 1200 1257
9907 6477 6486 6485
9908 5498 5489 5497
9909 891 890 899
9910 891 900 892
9911 1275 1266 1274
9912 1258 1267 1259
9913 1266 1267 1258
9914 16466 16457 16458
9915 5383 5230 5231
9916 6474 6465 6473
9917 6469 6460 6468
9918 1273 1274 1265
9919 1265 1274 1266
9920 1265 1208 1273
9921 1273 1208 1216
9922 6467 6476 6475
9923 820 829 821
9924 882 890 891
9925 870 861 869
9926 6071 6080 6072
9927 7432 7423 7431
9928 6111 5758 5759
9929 17246 17242 17243
9930 19103 19112 19111
9931 898 899 890
9932 823 831 832
9933 813 821 822
9934 6079 6088 6080
9935 823 824 815
9936 9398 9389 9390
9937 16928 16937 16936
9938 6103 6094 6102
9939 6338 6329 6337
9940 20259 20250 20258
9941 881 824 889
9942 830 838 839
9943 7812 7821 7820
9944 8864 8855 8856
9945 832 889 824
9946 6100 6091 6092
9947 6010 6075 6018
9948 832 824 823
9949 1191 1192 839
9950 866 857 865
9951 7033 7024 7032
9952 6451 6042 6099
9953 20589 20580 20588
9954 5246 5237 5245
9955 17841 17850 17842
9956 840 839 1192
9957 1190 837 1189
9958 797 788 796
9959 6039 6030 6031
9960 807 816 808
9961 821 829 830
9962 822 821 830
9963 5678 5687 5679
9964 829 838 830
9965 5965 5956 5957
9966 874 882 883
9967 815 816 807
9968 6010 6001 6009
9969 6330 6395 6338
9970 10323 10383 10380
9971 9074 9083 9082
9972 5960 5969 5968
9973 6009 6000 6008
9974 9574 9570 9573
9975 815 814 823
9976 8272 8625 8624
9977 789 798 790
9978 858 849 857
9979 823 814 822
9980 824 816 815
9981 851 850 859
9982 806 814 815
9983 9650 10003 10002
9984 799 791 790
9985 808 865 800
9986 790 798 799
9987 6084 6075 6076
9988 17270 17279 17278
9989 849 792 857
9990 850 849 858
9991 800 791 799
9992 800 792 791
9993 18535 18544 18543
9994 459 458 467
9995 489 424 432
9996 6067 6076 6068
9997 5693 5684 5685
9998 873 816 881
9999 881 816 824
10000 6088 6097 6089
10001 405 414 406
10002 866 865 874
10003 5632 5985 5984
10004 5231 5222 5223
10005 20503 20512 20511
10006 874 865 873
10007 9643 9634 9635
10008 826 835 827
10009 775 1127 1128
10010 859 858 867
10011 866 867 858
10012 6093 6084 6092
10013 6929 6576 6577
10014 826 817 825
10015 875 874 883
10016 875 867 866
10017 866 874 875
10018 776 775 1128
10019 7517 7526 7525
10020 768 825 760
10021 812 804 803
10022 1185 1186 833
10023 836 827 835
10024 6407 6398 6399
10025 18468 10312 10313
10026 1189 837 836
10027 6035 6388 6036
10028 825 768 833
10029 825 834 826
10030 17811 17802 17803
10031 834 825 833
10032 19033 19024 19025
10033 833 768 776
10034 19385 19376 19377
10035 836 1188 1189
10036 828 829 820
10037 802 810 811
10038 826 834 835
10039 20007 20016 20015
10040 7571 7580 7572
10041 837 828 836
10042 829 828 837
10043 10222 10213 10214
10044 6031 6022 6023
10045 6711 6720 6712
10046 6033 6024 6025
10047 819 820 811
10048 6390 6037 6389
10049 835 1187 1188
10050 1188 836 835
10051 6021 6030 6029
10052 1187 834 1186
10053 820 812 811
10054 788 787 796
10055 789 788 797
10056 786 785 794
10057 15755 16108 16107
10058 803 802 811
10059 794 785 793
10060 6401 6392 6393
10061 6038 6391 6390
10062 752 817 809
10063 809 818 810
10064 813 812 821
10065 809 817 818
10066 5668 5677 5669
10067 795 786 794
10068 5872 5863 5871
10069 16903 16912 16911
10070 5493 5502 5494
10071 780 781 428
10072 6015 6006 6014
10073 843 842 851
10074 744 752 809
10075 16088 16097 16089
10076 795 804 796
10077 803 804 795
10078 6006 5997 6005
10079 752 751 760
10080 7193 7184 7192
10081 9697 9688 9689
10082 793 802 794
10083 16309 16374 16317
10084 809 801 744
10085 410 418 419
10086 735 743 744
10087 6011 6020 6012
10088 760 817 752
10089 6019 5954 6011
10090 12048 17253 12051
10091 793 736 801
10092 752 743 751
10093 5834 5899 5842
10094 5937 5946 5938
10095 351 359 360
10096 789 780 788
10097 793 728 736
10098 319 327 328
10099 785 728 793
10100 720 368 367
10101 400 457 392
10102 17041 17394 17393
10103 5929 5938 5930
10104 728 727 736
10105 17130 17139 17138
10106 352 351 360
10107 720 367 719
10108 15751 16104 16103
10109 368 777 425
10110 5979 5988 5980
10111 785 777 720
10112 5537 5546 5538
10113 425 426 417
10114 417 426 418
10115 5987 5996 5995
10116 344 336 335
10117 409 352 417
10118 344 335 343
10119 410 402 401
10120 6499 6434 6442
10121 504 152 151
10122 790 791 782
10123 352 360 417
10124 20494 20485 20486
10125 5383 5230 5382
10126 7238 7229 7230
10127 18278 18343 18335
10128 411 402 410
10129 409 410 401
10130 394 402 403
10131 5984 5993 5985
10132 778 779 426
10133 397 388 396
10134 343 351 352
10135 8569 8560 8561
10136 6460 6451 6452
10137 413 412 421
10138 9596 9605 9604
10139 8824 8833 8832
10140 421 412 420
10141 7146 6793 7145
10142 411 419 420
10143 412 411 420
10144 387 379 378
10145 5725 5734 5733
10146 5553 5544 5552
10147 20360 20351 20352
10148 404 395 403
10149 397 396 405
10150 395 404 396
10151 396 404 405
10152 6103 6456 6455
10153 398 406 407
10154 16723 16714 16715
10155 781 429 428
10156 432 424 423
10157 7581 7590 7582
10158 789 781 780
10159 5623 5632 5631
10160 787 788 779
10161 418 426 427
10162 5628 5981 5629
10163 6862 6871 6870
10164 779 427 426
10165 6343 6352 6351
10166 780 428 427
10167 5512 5521 5520
10168 5982 5629 5981
10169 9207 9216 9215
10170 419 427 428
10171 783 784 431
10172 419 428 420
10173 5630 5621 5629
10174 6510 6863 6862
10175 432 423 431
10176 5655 5646 5647
10177 5616 5625 5617
10178 783 782 791
10179 473 416 481
10180 842 850 851
10181 19619 19972 19971
10182 9709 10062 10061
10183 9889 9880 9881
10184 850 841 849
10185 5603 5538 5595
10186 5520 5529 5521
10187 5613 5604 5605
10188 432 841 489
10189 6002 5993 6001
10190 792 784 783
10191 783 791 792
10192 5986 5633 5985
10193 432 431 784
10194 5659 5594 5602
10195 489 841 842
10196 784 841 432
10197 5870 5879 5878
10198 18428 18437 18436
10199 7014 7023 7015
10200 483 474 482
10201 18947 18938 18939
10202 7014 7023 7022
10203 444 453 445
10204 483 482 491
10205 465 400 408
10206 9017 9026 9018
10207 482 490 491
10208 5684 5675 5683
10209 475 474 483
10210 843 490 842
10211 5695 5686 5694
10212 15991 16000 15992
10213 5304 5577 5305
10214 6406 6415 6407
10215 483 491 492
10216 493 484 492
10217 19290 19281 19289
10218 18340 10184 10185
10219 18907 18898 18899
10220 416 424 481
10221 466 457 465
10222 854 855 846
10223 5539 5474 5531
10224 5670 5661 5669
10225 5683 5692 5684
10226 5685 5676 5684
10227 405 413 414
10228 5910 5901 5902
10229 8075 8140 8083
10230 5624 5615 5623
10231 415 423 424
10232 121 434 122
10233 18834 18825 18833
10234 475 466 474
10235 845 492 844
10236 5637 5646 5638
10237 467 458 466
10238 450 442 441
10239 407 415 416
10240 5626 5691 5634
10241 408 399 407
10242 17395 17042 17043
10243 415 414 423
10244 5998 5989 5990
10245 16123 16114 16115
10246 422 423 414
10247 6652 6661 6653
10248 121 433 434
10249 7358 7367 7359
10250 408 400 399
10251 5645 5636 5644
10252 5988 5997 5996
10253 406 415 407
10254 373 381 382
10255 384 441 376
10256 5595 5604 5603
10257 415 406 414
10258 397 406 398
10259 375 102 374
10260 391 382 390
10261 5661 5652 5660
10262 106 115 107
10263 406 397 405
10264 8826 8835 8834
10265 8450 8459 8458
10266 384 376 375
10267 9475 9540 9532
10268 120 112 111
10269 442 433 441
10270 7466 7457 7458
10271 374 373 382
10272 383 384 375
10273 5664 5673 5672
10274 5593 5602 5594
10275 383 374 382
10276 5300 5291 5292
10277 5599 5608 5607
10278 9966 9957 9958
10279 5316 5307 5308
10280 5307 105 5308
10281 390 399 391
10282 5494 5485 5493
10283 9549 9558 9557
10284 7254 7263 7262
10285 103 102 375
10286 17205 19463 17213
10287 5320 5329 5321
10288 7938 7953 7946
10289 15748 15739 15747
10290 18381 18372 18373
10291 384 449 441
10292 458 449 457
10293 392 449 384
10294 104 433 121
10295 457 449 392
10296 443 434 442
10297 437 436 445
10298 5316 5325 5317
10299 127 119 118
10300 5962 5953 5954
10301 9265 9256 9264
10302 6120 6111 6112
10303 450 441 449
10304 5669 5660 5661
10305 6319 6310 6311
10306 20529 20520 20521
10307 90 98 99
10308 104 376 433
10309 456 521 513
10310 5298 5323 5306
10311 96 121 113
10312 104 121 96
10313 129 5331 112
10314 5675 5610 5667
10315 5637 5324 5636
10316 114 123 115
10317 114 122 123
10318 72 89 64
10319 99 98 371
10320 5295 5304 5296
10321 102 101 374
10322 5581 5572 5573
10323 101 373 374
10324 5450 5257 5258
10325 386 395 387
10326 99 91 90
10327 20252 20261 20253
10328 94 93 102
10329 64 89 81
10330 388 379 387
10331 7972 7981 7980
10332 102 93 101
10333 18116 17858 17859
10334 5727 5718 5726
10335 5282 5571 5299
10336 99 371 372
10337 101 93 92
10338 17652 12447 17649
10339 17652 17653 17649
10340 100 373 101
10341 380 379 388
10342 84 93 85
10343 16649 16640 16641
10344 19410 19414 19413
10345 385 320 328
10346 98 370 371
10347 5972 6325 5973
10348 327 335 336
10349 372 381 373
10350 6338 6329 6330
10351 20592 20583 20584
10352 5304 5577 5576
10353 71 79 80
10354 97 80 369
10355 71 80 72
10356 85 84 5287
10357 8029 8038 8037
10358 20179 20188 20180
10359 80 97 72
10360 72 97 89
10361 17886 17821 17878
10362 385 377 320
10363 9273 9282 9281
10364 6134 6143 6142
10365 5382 5391 5390
10366 5591 5600 5599
10367 328 327 336
10368 394 385 393
10369 5529 5538 5537
10370 5595 5530 5587
10371 377 385 386
10372 378 377 386
10373 7472 7481 7473
10374 5511 5278 5279
10375 5597 5606 5598
10376 7373 7364 7372
10377 389 380 388
10378 16639 16286 16287
10379 7434 7425 7433
10380 19520 19529 19528
10381 378 386 387
10382 9408 9399 9400
10383 18539 18548 18547
10384 5221 5212 5220
10385 371 370 379
10386 378 379 370
10387 6426 6491 6434
10388 82 5285 83
10389 5579 5588 5587
10390 89 90 81
10391 81 90 82
10392 5292 5301 5293
10393 83 92 84
10394 84 5286 83
10395 91 92 83
10396 71 72 63
10397 5298 5289 5297
10398 5297 5306 5305
10399 96 88 87
10400 85 93 94
10401 96 87 95
10402 113 105 88
10403 5307 88 105
10404 113 88 96
10405 114 115 106
10406 5701 5710 5709
10407 7973 7982 7981
10408 120 137 112
10409 517 508 516
10410 509 508 517
10411 515 507 506
10412 19432 19079 19080
10413 16493 16484 16485
10414 125 126 117
10415 6277 6286 6278
10416 124 123 436
10417 126 439 127
10418 530 521 529
10419 126 118 117
10420 117 116 125
10421 130 129 138
10422 7805 2602 2603
10423 129 137 138
10424 468 477 469
10425 2646 2637 2638
10426 143 135 134
10427 5757 5748 5756
10428 518 510 509
10429 19506 19497 19498
10430 134 142 143
10431 20249 20258 20257
10432 150 149 502
10433 152 143 151
10434 5721 5712 5720
10435 501 149 148
10436 502 149 501
10437 506 507 498
10438 511 512 503
10439 447 455 456
10440 500 508 509
10441 125 438 126
10442 5750 5741 5742
10443 5269 5260 5261
10444 5260 58 5261
10445 499 507 508
10446 6793 6784 6792
10447 17191 17200 17192
10448 526 518 517
10449 538 547 539
10450 10129 10138 10137
10451 525 526 517
10452 526 527 518
10453 6083 6092 6091
10454 6379 6732 6380
10455 7989 7998 7990
10456 525 533 534
10457 543 544 535
10458 502 510 511
10459 5354 5345 5353
10460 503 502 511
10461 20052 20043 20044
10462 519 510 518
10463 5706 5353 5354
10464 5724 5715 5716
10465 5713 5722 5714
10466 501 510 502
10467 509 510 501
10468 141 149 150
10469 8000 8009 8008
10470 143 142 151
10471 151 142 150
10472 5704 5351 5703
10473 145 497 498
10474 17184 17193 17192
10475 5714 5705 5713
10476 2617 2609 2618
10477 8511 8502 8503
10478 448 505 440
10479 5723 5658 5666
10480 5641 5328 5640
10481 499 147 146
10482 439 440 127
10483 147 499 500
10484 5349 5702 5350
10485 498 146 145
10486 5270 5261 5262
10487 5261 59 5262
10488 146 147 138
10489 139 138 147
10490 145 120 128
10491 464 521 456
10492 5716 5725 5717
10493 20343 20352 20351
10494 146 137 145
10495 17422 17357 17414
10496 17758 17767 17766
10497 5428 5437 5429
10498 16659 16668 16667
10499 5657 5666 5665
10500 497 145 128
10501 127 440 128
10502 7196 7549 7548
10503 5329 5642 5330
10504 437 438 125
10505 461 460 469
10506 118 126 127
10507 445 436 444
10508 9194 9185 9186
10509 124 115 123
10510 124 116 115
10511 18957 18948 18949
10512 446 455 447
10513 439 448 440
10514 5663 5654 5655
10515 479 471 470
10516 5707 5642 5699
10517 5664 5673 5665
10518 5656 5665 5664
10519 18980 18989 18988
10520 5288 5297 5296
10521 436 435 444
10522 20295 18037 20287
10523 454 462 463
10524 454 453 462
10525 5529 5538 5530
10526 463 455 454
10527 468 459 467
10528 6597 1392 6594
10529 6597 6598 6594
10530 461 452 460
10531 453 452 461
10532 5748 5739 5747
10533 16158 16511 16510
10534 460 459 468
10535 6535 6526 6527
10536 440 505 497
10537 16876 16867 16868
10538 8973 8982 8981
10539 528 527 536
10540 505 506 497
10541 5698 5689 5690
10542 20442 20089 20090
10543 9442 9089 9090
10544 472 537 529
10545 19103 19038 19095
10546 513 521 522
10547 505 514 506
10548 7048 7057 7049
10549 513 505 448
10550 20609 20600 20601
10551 6046 6055 6047
10552 845 844 853
10553 17830 17839 17838
10554 6315 6250 6258
10555 19107 19098 19106
10556 463 471 472
10557 488 479 487
10558 479 488 480
10559 5682 5747 5739
10560 472 464 463
10561 5561 5570 5562
10562 6126 6135 6134
10563 522 521 530
10564 5723 5732 5724
10565 464 472 529
10566 5740 5731 5732
10567 529 521 464
10568 538 537 546
10569 545 546 537
10570 6129 6138 6130
10571 16497 16488 16489
10572 926 925 934
10573 6141 6150 6142
10574 476 467 475
10575 5696 5687 5688
10576 6240 6231 6239
10577 18278 18343 18286
10578 485 477 476
10579 6048 5695 6047
10580 476 484 485
10581 485 486 477
10582 478 479 470
10583 5220 5229 5221
10584 15846 15781 15838
10585 17433 17442 17441
10586 462 471 463
10587 8858 8849 8850
10588 486 478 477
10589 487 478 486
10590 5689 5680 5688
10591 15919 15910 15911
10592 7783 7792 7784
10593 476 475 484
10594 6054 6045 6053
10595 16505 16858 16857
10596 5686 5677 5685
10597 484 475 483
10598 848 495 847
10599 844 492 491
10600 6113 6122 6121
10601 9375 9022 9023
10602 844 491 843
10603 18257 18248 18249
10604 5548 5539 5547
10605 545 554 546
10606 6108 6117 6116
10607 484 483 492
10608 16219 16210 16211
10609 486 494 495
10610 20544 20553 20552
10611 495 487 486
10612 6060 6051 6052
10613 846 847 494
10614 847 495 494
10615 1296 1288 1287
10616 945 954 946
10617 6047 6056 6048
10618 863 872 864
10619 555 907 908
10620 846 845 854
10621 854 845 853
10622 855 847 846
10623 19483 19474 19482
10624 18625 18616 18617
10625 887 879 878
10626 1667 1658 1666
10627 855 854 863
10628 864 856 855
10629 854 853 862
10630 19254 19319 19311
10631 5991 6000 5992
10632 905 906 553
10633 905 848 913
10634 856 847 855
10635 8655 8646 8647
10636 554 553 906
10637 19579 19588 19587
10638 7793 7802 7801
10639 487 495 496
10640 487 496 488
10641 19390 19381 19382
10642 912 911 920
10643 8418 8427 8426
10644 5756 5747 5755
10645 919 918 927
10646 6463 6472 6471
10647 540 532 531
10648 548 547 556
10649 7487 7496 7495
10650 559 550 558
10651 5705 5352 5353
10652 7860 7869 7868
10653 533 524 532
10654 531 522 530
10655 932 940 941
10656 546 547 538
10657 15678 15623 15670
10658 908 917 909
10659 556 908 909
10660 6143 6152 6144
10661 909 557 556
10662 958 966 967
10663 525 524 533
10664 555 546 554
10665 948 940 939
10666 931 932 923
10667 6440 6449 6448
10668 941 940 949
10669 6073 6064 6065
10670 523 522 531
10671 907 916 908
10672 907 915 916
10673 932 941 933
10674 16061 16052 16053
10675 9771 9836 9779
10676 16047 16038 16039
10677 18710 18701 18702
10678 532 524 523
10679 5735 5726 5727
10680 5737 5746 5745
10681 5321 5312 5320
10682 5744 5735 5743
10683 559 911 912
10684 9910 9919 9918
10685 551 550 559
10686 20503 20094 20151
10687 542 550 551
10688 543 542 551
10689 5710 5719 5718
10690 8012 5754 5762
10691 7964 5706 5714
10692 543 552 544
10693 543 551 552
10694 923 932 924
10695 6113 5760 6112
10696 5762 5753 5754
10697 6664 6655 6656
10698 7083 7018 7075
10699 9349 9340 9341
10700 6114 5761 6113
10701 910 911 558
10702 558 911 559
10703 560 559 912
10704 19012 19016 19015
10705 558 557 910
10706 920 911 919
10707 557 909 910
10708 919 911 910
10709 917 918 909
10710 5752 5743 5744
10711 6145 6136 6137
10712 6081 6072 6073
10713 560 552 551
10714 6130 6121 6122
10715 18852 18861 18860
10716 6120 6129 6128
10717 17501 17492 17493
10718 8370 8017 8369
10719 7573 7564 7572
10720 928 919 927
10721 920 919 928
10722 926 918 917
10723 917 925 926
10724 927 936 928
10725 8414 8405 8406
10726 19999 19934 19991
10727 8891 8956 8899
10728 9224 9233 9232
10729 3212 3221 3213
10730 16918 16509 16566
10731 3604 3596 3605
10732 20762 20753 20754
10733 935 927 926
10734 8788 8797 8796
10735 958 950 949
10736 952 944 943
10737 951 952 943
10738 20364 20355 20356
10739 941 942 933
10740 916 925 917
10741 8045 8036 8037
10742 20530 20539 20538
10743 8236 8245 8244
10744 5750 5759 5758
10745 9554 9563 9562
10746 6134 6143 6135
10747 924 932 933
10748 17704 17713 17712
10749 952 951 960
10750 922 931 923
10751 933 925 924
10752 6902 6911 6903
10753 5600 5609 5608
10754 923 914 922
10755 915 914 923
10756 5685 5694 5693
10757 913 856 921
10758 921 922 913
10759 16322 16331 16323
10760 922 914 913
10761 957 948 956
10762 6348 6339 6347
10763 1328 1319 1327
10764 961 962 953
10765 963 1316 964
10766 6687 6678 6686
10767 958 959 950
10768 5998 6007 5999
10769 1318 1319 966
10770 947 939 938
10771 6540 6531 6532
10772 938 946 947
10773 6612 6621 6613
10774 6538 6529 6537
10775 6522 8780 8772
10776 6105 6096 6097
10777 945 953 954
10778 1314 1315 962
10779 963 954 962
10780 956 947 955
10781 948 947 956
10782 1318 966 965
10783 887 896 888
10784 6525 6534 6533
10785 955 947 946
10786 1321 1264 1329
10787 9461 9470 9469
10788 955 954 963
10789 950 959 951
10790 5499 5852 5851
10791 1315 963 962
10792 15708 15717 15716
10793 1333 1341 1342
10794 951 959 960
10795 955 946 954
10796 957 956 965
10797 20049 20058 20050
10798 6520 6167 6519
10799 1272 1271 1280
10800 968 960 959
10801 1319 1318 1327
10802 964 955 963
10803 963 1315 1316
10804 959 967 968
10805 1317 964 1316
10806 6505 6496 6497
10807 964 1317 965
10808 6532 6541 6540
10809 1320 967 1319
10810 1317 1318 965
10811 6153 6162 6154
10812 6159 6168 6167
10813 7346 9604 7354
10814 5803 5768 5771
10815 8399 8408 8407
10816 15735 15726 15727
10817 8090 7872 7873
10818 957 958 949
10819 868 867 876
10820 876 867 875
10821 863 854 862
10822 876 885 877
10823 884 885 876
10824 8547 8612 8555
10825 869 861 860
10826 5501 5854 5853
10827 16176 16185 16184
10828 860 851 859
10829 6078 6087 6086
10830 860 852 851
10831 6095 6086 6094
10832 6132 6123 6131
10833 864 855 863
10834 6057 6066 6058
10835 6065 6074 6073
10836 10019 10010 10011
10837 853 861 862
10838 1321 1330 1322
10839 18458 18811 18810
10840 6072 6063 6071
10841 8784 8775 8776
10842 6141 6132 6140
10843 20179 20170 20171
10844 878 886 887
10845 1313 1314 961
10846 895 886 894
10847 872 871 880
10848 880 871 879
10849 1313 904 1256
10850 872 929 864
10851 900 1253 901
10852 7705 7696 7697
10853 6066 6131 6123
10854 10204 10213 10212
10855 921 856 864
10856 6081 6090 6089
10857 930 922 921
10858 6133 6124 6125
10859 895 904 896
10860 6131 6140 6132
10861 888 945 880
10862 945 937 880
10863 6089 6098 6090
10864 6065 6056 6057
10865 19401 19392 19393
10866 6132 6123 6124
10867 1314 962 961
10868 901 892 900
10869 10173 10182 10181
10870 903 895 894
10871 6523 6532 6531
10872 6155 6090 6098
10873 6520 6529 6528
10874 1279 1271 1270
10875 6523 6458 6466
10876 896 953 888
10877 1256 904 903
10878 953 962 954
10879 888 953 945
10880 20582 20573 20574
10881 1256 903 1255
10882 6282 6347 6339
10883 1252 1253 900
10884 6515 6106 6458
10885 895 896 887
10886 19379 19370 19371
10887 1255 902 1254
10888 903 902 1255
10889 894 885 893
10890 1329 1264 1272
10891 891 899 900
10892 1267 1276 1268
10893 1255 1264 1256
10894 886 885 894
10895 1262 1253 1261
10896 19626 19635 19634
10897 6498 6489 6497
10898 902 894 893
10899 901 902 893
10900 1254 902 901
10901 901 1253 1254
10902 885 884 893
10903 18781 18790 18789
10904 20262 20253 20254
10905 883 892 884
10906 6103 6456 6104
10907 891 892 883
10908 1277 1276 1285
10909 1276 1267 1275
10910 6487 6496 6488
10911 1270 1271 1262
10912 6494 6503 6502
10913 15849 15840 15841
10914 1260 1252 1251
10915 6464 6455 6456
10916 1277 1269 1268
10917 1276 1277 1268
10918 1256 1264 1321
10919 1329 1330 1321
10920 16654 16589 16597
10921 17374 17309 17366
10922 1321 1322 1313
10923 5618 5683 5626
10924 1255 1254 1263
10925 6471 6480 6472
10926 1278 1279 1270
10927 1263 1264 1255
10928 6498 6563 6506
10929 7153 7144 7152
10930 1277 1278 1269
10931 1291 1292 1283
10932 6491 6500 6499
10933 7402 7406 7405
10934 1286 1295 1287
10935 6067 6076 6075
10936 1294 1285 1293
10937 5519 5510 5511
10938 1287 1295 1296
10939 6466 6531 6523
10940 1324 1333 1325
10941 1271 1279 1280
10942 8628 8637 8636
10943 6556 6565 6557
10944 18668 18677 18676
10945 1314 1313 1322
10946 6710 6719 6711
10947 8948 8883 8940
10948 8881 8872 8873
10949 18720 18711 18712
10950 1296 1304 1361
10951 1280 1345 1337
10952 1353 1288 1296
10953 6490 6555 6547
10954 1293 1301 1302
10955 1672 1729 1664
10956 1345 1288 1353
10957 1296 1361 1353
10958 1353 1354 1345
10959 6571 6924 6923
10960 1370 1361 1369
10961 1312 1303 1311
10962 1295 1304 1296
10963 1304 1295 1303
10964 6556 6547 6555
10965 1369 1304 1312
10966 1286 1285 1294
10967 6453 6462 6461
10968 1308 1661 1309
10969 1277 1285 1286
10970 1286 1278 1277
10971 5863 5854 5855
10972 18722 18713 18714
10973 6914 6905 6906
10974 10247 18403 18402
10975 1294 1293 1302
10976 6485 6494 6486
10977 1300 1301 1292
10978 3578 3587 3586
10979 1376 1375 1728
10980 1275 1284 1276
10981 1293 1285 1284
10982 7197 7550 7549
10983 19448 19457 19456
10984 16397 18655 16405
10985 1275 1283 1284
10986 1291 1300 1292
10987 6493 6502 6494
10988 1300 1291 1299
10989 6025 6034 6033
10990 1661 1670 1662
10991 1334 1343 1335
10992 16154 16145 16146
10993 1331 1330 1339
10994 1336 1335 1344
10995 8412 8421 8420
10996 1335 1343 1344
10997 1355 1347 1346
10998 1325 1334 1326
10999 6157 6166 6158
11000 20082 20073 20081
11001 16026 16030 16027
11002 1333 1334 1325
11003 1326 1327 1318
11004 1350 1349 1358
11005 1342 1341 1350
11006 9236 6978 9228
11007 1317 1325 1326
11008 16886 16895 16894
11009 1326 1318 1317
11010 1338 1339 1330
11011 8790 8781 8782
11012 16281 16272 16273
11013 1734 1726 1725
11014 5444 5453 5452
11015 6078 6069 6070
11016 5968 5959 5960
11017 6519 6528 6520
11018 1323 1322 1331
11019 17595 17604 17603
11020 1332 1341 1333
11021 1340 1341 1332
11022 1325 1317 1316
11023 6533 6524 6525
11024 1316 1324 1325
11025 16961 16952 16953
11026 1333 1324 1332
11027 6535 6526 6534
11028 1344 1343 1352
11029 1359 1350 1358
11030 1351 1350 1359
11031 1356 1365 1357
11032 3634 3643 3635
11033 1352 1343 1351
11034 1726 1374 1373
11035 1365 1356 1364
11036 5700 5709 5701
11037 1357 1365 1366
11038 1357 1348 1356
11039 6928 6575 6576
11040 6578 6569 6577
11041 7745 7392 7393
11042 1350 1351 1342
11043 6110 5757 5758
11044 1351 1343 1342
11045 1358 1366 1367
11046 8757 8707 8754
11047 1359 1358 1367
11048 7885 7876 7877
11049 7876 2674 7877
11050 8836 8845 8844
11051 15982 15917 15974
11052 9464 9455 9463
11053 6552 6561 6553
11054 1374 1375 1366
11055 6954 6945 6953
11056 1359 1367 1368
11057 1368 1360 1359
11058 3618 3619 3610
11059 6707 6716 6715
11060 3979 3988 3987
11061 1728 1375 1727
11062 19937 19928 19929
11063 1744 1743 1752
11064 7115 7050 7058
11065 1376 1368 1367
11066 6561 6570 6569
11067 1371 1362 1370
11068 1727 1375 1374
11069 1366 1375 1367
11070 1775 1776 1767
11071 9341 9350 9349
11072 17951 17942 17943
11073 1757 1765 1766
11074 1736 1728 1727
11075 1736 1727 1735
11076 1751 1743 1742
11077 4024 4016 4025
11078 7345 7354 7353
11079 17280 17271 17272
11080 6742 6733 6734
11081 20128 20119 20120
11082 2147 2148 2139
11083 6899 6908 6900
11084 1734 1725 1733
11085 2071 2070 2079
11086 1374 1365 1373
11087 1366 1365 1374
11088 6865 6874 6866
11089 1733 1732 1741
11090 1749 1740 1748
11091 5649 5658 5650
11092 18091 18100 18099
11093 1734 1742 1743
11094 15897 15906 15905
11095 5893 5884 5885
11096 2144 4402 4394
11097 15748 15757 15756
11098 1730 1731 1722
11099 18185 18047 18184
11100 5961 5970 5969
11101 7375 7366 7367
11102 5204 5219 5211
11103 5204 5211 2
11104 1722 1731 1723
11105 5980 5627 5979
11106 1759 1760 1751
11107 8357 8353 8354
11108 1769 1770 1761
11109 1740 1731 1739
11110 9237 9228 9229
11111 20477 20486 20485
11112 1700 1708 1709
11113 6953 6962 6954
11114 1754 1762 1763
11115 6941 6950 6942
11116 1717 1708 1716
11117 1757 1748 1756
11118 2164 2173 2165
11119 1704 1696 1695
11120 18850 18859 18858
11121 6933 6942 6934
11122 7096 7087 7095
11123 1740 1739 1748
11124 7335 6982 7334
11125 1765 1773 1774
11126 6200 5847 6199
11127 7333 7342 7341
11128 6934 6925 6926
11129 16075 16084 16083
11130 1739 1747 1748
11131 1730 1738 1739
11132 1730 1739 1731
11133 18555 18546 18547
11134 6984 6975 6983
11135 15978 15969 15970
11136 7125 7134 7126
11137 6229 6220 6221
11138 16965 16956 16957
11139 2142 2143 2134
11140 2132 2140 2141
11141 6693 6684 6685
11142 5650 5641 5642
11143 6965 6974 6966
11144 19404 19757 19756
11145 5711 5702 5710
11146 1729 1738 1730
11147 1721 1722 1369
11148 1747 1739 1738
11149 6952 6961 6953
11150 15851 15842 15843
11151 6757 6748 6749
11152 6960 6951 6959
11153 7337 7346 7338
11154 2072 2080 2137
11155 1767 1759 1758
11156 1757 1758 1749
11157 1758 1750 1749
11158 2137 2145 2146
11159 1766 1774 1775
11160 1762 1771 1763
11161 1766 1775 1767
11162 2068 2076 2077
11163 2170 2162 2161
11164 1776 4026 1768
11165 6983 7336 6984
11166 2147 2139 2138
11167 1766 1758 1757
11168 1712 1769 1704
11169 1772 1771 1780
11170 1775 1774 1783
11171 8394 8403 8402
11172 18700 18709 18708
11173 6970 9228 6978
11174 8758 8754 8755
11175 19312 19321 19320
11176 6985 6976 6984
11177 16875 16866 16867
11178 1773 1781 1782
11179 1774 1773 1782
11180 1764 1755 1763
11181 1772 1773 1764
11182 1756 1755 1764
11183 6966 6975 6974
11184 1710 1711 1702
11185 1763 1771 1772
11186 1763 1755 1754
11187 17756 17747 17748
11188 1772 1764 1763
11189 18166 18191 18174
11190 1762 1770 1771
11191 2149 2140 2148
11192 1770 1779 1771
11193 1772 1780 1781
11194 7350 7341 7349
11195 1761 1753 1696
11196 7339 7348 7340
11197 16512 16521 16520
11198 5794 5859 5802
11199 7346 9604 9596
11200 7375 7384 7376
11201 7990 7999 7998
11202 2071 2079 2080
11203 17180 17189 17188
11204 6795 6804 6803
11205 2131 2140 2132
11206 7274 7339 7331
11207 2134 2143 2135
11208 2070 2078 2079
11209 2148 2147 2156
11210 2099 2100 2091
11211 2071 1718 2070
11212 2131 1778 2130
11213 2131 1779 1778
11214 6929 6938 6930
11215 1703 1712 1704
11216 2072 2137 2129
11217 6973 6982 6974
11218 6294 6285 6293
11219 7089 7098 7097
11220 6919 7272 7271
11221 2143 2151 2152
11222 7804 7813 7812
11223 2136 1784 1783
11224 2091 2100 2092
11225 19732 19723 19724
11226 2537 2538 2185
11227 7340 7331 7332
11228 6958 6967 6966
11229 2142 2150 2151
11230 2142 2151 2143
11231 6422 6413 6414
11232 5353 5344 5352
11233 2069 2078 2070
11234 1777 2130 1778
11235 7296 7287 7295
11236 5737 5746 5738
11237 16240 16231 16232
11238 2080 2079 2088
11239 6918 7271 7270
11240 2069 1716 2068
11241 2078 2087 2079
11242 2092 2084 2083
11243 2069 2077 2078
11244 7444 7435 7436
11245 17923 17914 17915
11246 1718 1717 2070
11247 2146 2138 2137
11248 1698 1699 1690
11249 2101 2102 2093
11250 2086 2085 2094
11251 20762 20771 20770
11252 8581 8572 8573
11253 2086 2087 2078
11254 7305 7314 7306
11255 18452 18443 18444
11256 2085 2084 2093
11257 17136 17145 17144
11258 5900 5891 5899
11259 2085 2077 2076
11260 2085 2076 2084
11261 2078 2077 2086
11262 2137 2138 2129
11263 7332 7341 7333
11264 2080 2088 2145
11265 19247 19256 19255
11266 1703 1711 1712
11267 2071 2080 2072
11268 1700 1699 1708
11269 1693 1702 1694
11270 2072 2129 1720
11271 2138 2130 2129
11272 6423 6432 6424
11273 17435 17426 17427
11274 1703 1694 1702
11275 7347 7282 7339
11276 1720 1719 2072
11277 2072 1719 2071
11278 6768 6777 6769
11279 1777 1769 1712
11280 20123 20114 20115
11281 6902 6893 6901
11282 5733 5742 5741
11283 16226 16579 16227
11284 1720 1711 1719
11285 6922 7331 6979
11286 1754 1745 1753
11287 6575 6566 6567
11288 1769 1778 1770
11289 1663 1671 1672
11290 1704 1769 1761
11291 18017 18026 18025
11292 1737 1745 1746
11293 6882 6947 6890
11294 6972 6963 6971
11295 1695 1703 1704
11296 6931 6940 6932
11297 1717 1718 1709
11298 7274 6921 7273
11299 1703 1702 1711
11300 1663 1672 1664
11301 6844 6835 6843
11302 6910 6901 6902
11303 1754 1753 1762
11304 1701 1709 1710
11305 1608 1599 1607
11306 1695 1696 1687
11307 1701 1702 1693
11308 7741 7750 7749
11309 1703 1695 1694
11310 1710 1702 1701
11311 1718 1710 1709
11312 1716 1707 1715
11313 1699 1691 1690
11314 1718 1719 1710
11315 1710 1719 1711
11316 6913 6904 6905
11317 1708 1707 1716
11318 2090 2082 2081
11319 18999 18590 18612
11320 1691 1699 1700
11321 1701 1700 1709
11322 7105 7096 7097
11323 1708 1699 1707
11324 1679 1670 1678
11325 1692 1691 1700
11326 5416 5407 5408
11327 1681 1673 1616
11328 6402 6467 6410
11329 1685 1684 1693
11330 9693 9702 9701
11331 1685 1686 1677
11332 1692 1693 1684
11333 1671 1670 1679
11334 15686 16039 16038
11335 1678 1686 1687
11336 1685 1694 1686
11337 6904 6895 6903
11338 1677 1676 1685
11339 1660 1659 1668
11340 1685 1693 1694
11341 6905 6896 6904
11342 1687 1686 1695
11343 1686 1678 1677
11344 20066 20057 20058
11345 1721 1312 1664
11346 1686 1694 1695
11347 8336 8689 8688
11348 1672 1680 1737
11349 8361 8331 8339
11350 1729 1730 1721
11351 8608 8617 8616
11352 1675 1684 1676
11353 1685 1676 1684
11354 1669 1668 1677
11355 1668 1676 1677
11356 1680 1672 1671
11357 6509 6500 6501
11358 8387 8452 8444
11359 1362 1361 1370
11360 1696 1753 1688
11361 16171 16180 16179
11362 5351 5342 5350
11363 6939 6948 6940
11364 10123 18335 10180
11365 1680 1688 1745
11366 1672 1737 1729
11367 6889 6898 6897
11368 6890 6955 6947
11369 1679 1688 1680
11370 1687 1688 1679
11371 1679 1680 1671
11372 6926 6935 6934
11373 17684 17693 17692
11374 15729 15720 15721
11375 6947 6956 6948
11376 20431 20366 20374
11377 1669 1660 1668
11378 1664 1729 1721
11379 6782 6791 6783
11380 1721 1730 1722
11381 6882 6873 6881
11382 18644 18635 18636
11383 1663 1664 1311
11384 6881 6872 6880
11385 9471 9462 9463
11386 7608 15764 15763
11387 9188 6930 9180
11388 5326 5639 5327
11389 6216 6225 6224
11390 1311 1303 1302
11391 1302 1310 1311
11392 1661 1660 1669
11393 1305 1240 1248
11394 9440 9449 9448
11395 6862 6871 6863
11396 1307 1298 1306
11397 1310 1663 1311
11398 6866 6513 6865
11399 7110 7119 7111
11400 1659 1658 1667
11401 6870 6879 6871
11402 6414 6405 6406
11403 1310 1302 1301
11404 6888 6879 6880
11405 17077 17142 17085
11406 6510 6863 6511
11407 1307 1659 1660
11408 1300 1308 1309
11409 1309 1301 1300
11410 6502 6511 6503
11411 1308 1299 1307
11412 1300 1299 1308
11413 1299 1298 1307
11414 1306 1658 1659
11415 1307 1306 1659
11416 6869 6878 6870
11417 1306 1297 1305
11418 6508 6499 6507
11419 1600 1657 1248
11420 19336 19327 19328
11421 1298 1297 1306
11422 1238 1237 1246
11423 5669 5660 5668
11424 17587 17596 17595
11425 1665 1608 1673
11426 1248 1657 1305
11427 1248 1247 1600
11428 1598 1597 1606
11429 6802 6449 6801
11430 1608 1600 1599
11431 1247 1246 1599
11432 1674 1665 1673
11433 1247 1238 1246
11434 1621 1630 1622
11435 1616 1607 1615
11436 1616 1608 1607
11437 1246 1598 1599
11438 6868 6859 6860
11439 1673 1608 1616
11440 6381 6734 6733
11441 8440 8431 8432
11442 5788 5435 5436
11443 7486 7495 7487
11444 5412 5403 5411
11445 1690 1682 1681
11446 6743 6734 6735
11447 1248 1240 1239
11448 6450 6441 6449
11449 1606 1607 1598
11450 9670 9661 9662
11451 6777 6786 6785
11452 1638 1629 1637
11453 8664 8655 8656
11454 1597 1605 1606
11455 6833 6824 6832
11456 6495 6504 6503
11457 9250 8897 8898
11458 6848 6857 6849
11459 6832 6841 6833
11460 1638 1630 1629
11461 1632 1624 1623
11462 1632 1623 1631
11463 9405 9414 9406
11464 18518 18583 18575
11465 6884 6875 6883
11466 8463 8472 8471
11467 6801 6810 6809
11468 1643 1635 1634
11469 1645 1646 1637
11470 1634 1642 1643
11471 1646 1638 1637
11472 1626 1635 1627
11473 1614 1606 1605
11474 6816 6825 6817
11475 1622 1623 1614
11476 1623 1615 1614
11477 1683 1674 1682
11478 10176 10185 10184
11479 1683 1675 1674
11480 6826 6891 6883
11481 20597 20606 20605
11482 1689 1681 1624
11483 19816 19820 19819
11484 1706 1698 1697
11485 8247 8256 8255
11486 18391 18326 18383
11487 1632 1689 1624
11488 6917 6908 6916
11489 19343 19352 19351
11490 16436 16486 16439
11491 6256 6247 6248
11492 1234 1242 1243
11493 1637 1628 1636
11494 18676 19029 19028
11495 1604 1613 1605
11496 6377 6386 6378
11497 16427 16462 16454
11498 1544 1536 1535
11499 9102 9093 9094
11500 1535 1543 1544
11501 1241 1593 1594
11502 6261 6270 6262
11503 1536 1593 1184
11504 6805 6814 6806
11505 6737 6746 6738
11506 1544 1601 1536
11507 1552 1543 1551
11508 16553 16562 16561
11509 1626 1617 1625
11510 1544 1543 1552
11511 1535 1536 1183
11512 1243 1595 1596
11513 6795 6804 6796
11514 6824 6815 6823
11515 20414 20479 20422
11516 16985 16632 16633
11517 1242 1234 1233
11518 1242 1233 1241
11519 1236 1235 1244
11520 8888 8879 8880
11521 6407 6416 6415
11522 1244 1596 1597
11523 6852 6843 6851
11524 6437 6446 6438
11525 12901 18104 12902
11526 12901 12893 12902
11527 1618 1617 1626
11528 10022 10031 10030
11529 1618 1626 1627
11530 1244 1597 1245
11531 15954 15963 15962
11532 1594 1603 1595
11533 6805 6796 6804
11534 1603 1594 1602
11535 17609 17600 17608
11536 19531 19522 19523
11537 16287 16640 16639
11538 1642 1650 1651
11539 7029 7020 7028
11540 1619 1618 1627
11541 6830 6821 6829
11542 1611 1619 1620
11543 18039 18030 18031
11544 7654 7663 7662
11545 1611 1620 1612
11546 16187 16196 16195
11547 7985 7976 7977
11548 1636 1635 1644
11549 1612 1621 1613
11550 6814 6823 6815
11551 1612 1620 1621
11552 1602 1611 1603
11553 1610 1601 1609
11554 9466 9475 9474
11555 1609 1618 1610
11556 7538 7603 7546
11557 6853 7206 7205
11558 1609 1601 1544
11559 8192 8201 8200
11560 1552 1609 1544
11561 1584 1649 1641
11562 15731 15722 15723
11563 7351 7342 7350
11564 6706 6771 6714
11565 17384 17737 17736
11566 1551 1559 1560
11567 1625 1617 1560
11568 1625 1560 1568
11569 9985 9989 9988
11570 2017 1960 2025
11571 1625 1568 1633
11572 1643 1642 1651
11573 1641 1650 1642
11574 7344 7353 7352
11575 1626 1625 1634
11576 6827 6836 6828
11577 7136 7489 7137
11578 8645 8654 8646
11579 1634 1625 1633
11580 1576 1568 1567
11581 1643 1652 1644
11582 5255 5246 5254
11583 9873 9882 9881
11584 6838 6829 6837
11585 17264 17273 17272
11586 1583 1584 1575
11587 1649 1650 1641
11588 1635 1626 1634
11589 16945 16954 16953
11590 2009 1952 2017
11591 1652 1643 1651
11592 10256 9903 9904
11593 8288 8297 8296
11594 19777 19768 19776
11595 1627 1635 1636
11596 19343 19352 19344
11597 1628 1627 1636
11598 6852 7205 7204
11599 6837 6828 6836
11600 1645 1636 1644
11601 7279 7288 7287
11602 6954 6945 6946
11603 1714 1713 2066
11604 2074 2073 2082
11605 1636 1645 1637
11606 6837 6846 6838
11607 8335 8326 8327
11608 2001 2010 2002
11609 7819 7957 7820
11610 19402 19755 19403
11611 5299 5572 5571
11612 2011 2012 2003
11613 1652 2005 1653
11614 2010 2011 2002
11615 2011 2003 2002
11616 2019 2018 2027
11617 7214 7223 7215
11618 19115 19124 19123
11619 17348 17357 17356
11620 2003 2012 2004
11621 1652 2004 2005
11622 1631 1639 1640
11623 2051 2043 2042
11624 2015 2007 2006
11625 20159 19750 19807
11626 15902 15837 15894
11627 6794 7203 6851
11628 6839 6848 6840
11629 2019 2011 2010
11630 7352 7343 7351
11631 7162 7153 7154
11632 7206 7215 7214
11633 16107 15754 15755
11634 2033 2041 2042
11635 2018 2010 2009
11636 7117 7108 7109
11637 2001 1649 1592
11638 2009 1944 1952
11639 2001 1944 2009
11640 1943 1951 1952
11641 19824 19828 19827
11642 1959 1960 1951
11643 7238 7229 7237
11644 1649 2002 1650
11645 6851 7204 6852
11646 6508 6861 6860
11647 6842 6833 6841
11648 1653 2006 1654
11649 19832 19828 19829
11650 2013 2022 2014
11651 1714 1705 1713
11652 1698 1689 1697
11653 2006 2014 2015
11654 6856 7209 7208
11655 7283 7218 7226
11656 6355 6364 6356
11657 1705 1648 1713
11658 1697 1689 1632
11659 1698 1690 1689
11660 6900 6891 6899
11661 1654 1646 1645
11662 5751 5742 5750
11663 1631 1630 1639
11664 1653 1654 1645
11665 7268 7277 7276
11666 18569 18560 18561
11667 1647 1646 1655
11668 7224 7215 7223
11669 19006 19002 19003
11670 1655 1646 1654
11671 7228 7219 7220
11672 9891 9956 9899
11673 6841 6850 6842
11674 1640 1639 1648
11675 1714 2067 1715
11676 1655 1654 2007
11677 1656 1655 2008
11678 2107 2098 2106
11679 6686 6677 6678
11680 2007 2015 2016
11681 2099 2090 2098
11682 6013 6022 6014
11683 2007 2016 2008
11684 2013 2014 2005
11685 6856 6847 6848
11686 7248 7239 7240
11687 1653 2005 2006
11688 2030 2038 2039
11689 7267 7276 7268
11690 2043 2044 2035
11691 2023 2015 2014
11692 6265 6274 6266
11693 5931 5866 5874
11694 7301 7310 7309
11695 2083 2075 2074
11696 2023 2014 2022
11697 20321 20330 20329
11698 7265 7256 7257
11699 7225 7216 7224
11700 9295 9286 9294
11701 2082 2083 2074
11702 2074 2065 2073
11703 7300 7309 7301
11704 2031 2039 2040
11705 2024 2016 2015
11706 2024 2015 2023
11707 7309 7318 7310
11708 2016 2081 2073
11709 2024 2081 2016
11710 10013 10022 10021
11711 7286 7295 7294
11712 2082 2073 2081
11713 15762 15771 15770
11714 8984 8993 8992
11715 2008 2065 1656
11716 7242 7307 7250
11717 7012 7021 7013
11718 2105 2048 2113
11719 2099 2091 2090
11720 2098 2097 2106
11721 2106 2097 2105
11722 8017 8008 8009
11723 2412 2060 2059
11724 7317 7308 7316
11725 18816 18825 18817
11726 7617 7626 7618
11727 2108 2100 2099
11728 7584 7575 7583
11729 2031 2023 2022
11730 6499 6434 6491
11731 2090 2081 2089
11732 5501 5854 5502
11733 2089 2024 2032
11734 2113 2114 2105
11735 2105 2040 2048
11736 2098 2090 2089
11737 2089 2097 2098
11738 16835 16870 16838
11739 2081 2024 2089
11740 7249 7240 7241
11741 7315 7324 7316
11742 2032 2023 2031
11743 7226 7291 7283
11744 2024 2023 2032
11745 2032 2031 2040
11746 6596 6651 6643
11747 15792 15801 15800
11748 2021 2029 2030
11749 2030 2022 2021
11750 2027 2018 2026
11751 2044 2052 2053
11752 2047 2039 2038
11753 2046 2047 2038
11754 7388 7741 7740
11755 2481 2489 2490
11756 2055 2054 2063
11757 5653 5644 5645
11758 2053 2054 2045
11759 8601 8592 8593
11760 7237 7246 7238
11761 2048 2039 2047
11762 7292 7283 7284
11763 2410 2411 2058
11764 5618 5609 5617
11765 2064 2056 2055
11766 7675 7266 7618
11767 2419 2410 2418
11768 2122 2114 2113
11769 16317 16308 16309
11770 2049 2041 1984
11771 1984 1992 2049
11772 17912 17921 17913
11773 2123 2122 2475
11774 2414 2415 2062
11775 10348 10283 10340
11776 2414 2413 2422
11777 2440 2448 2505
11778 7704 7713 7705
11779 7554 7201 7202
11780 2064 2121 2056
11781 7264 7617 7616
11782 5438 5791 5439
11783 2497 2440 2505
11784 2121 2113 2056
11785 16447 16094 16095
11786 7323 7676 7324
11787 2475 2483 2484
11788 2473 2474 2121
11789 2121 2474 2122
11790 19639 19648 19647
11791 2416 2473 2064
11792 6214 6205 6213
11793 2475 2474 2483
11794 2511 2510 2519
11795 17799 17808 17800
11796 16697 17050 17049
11797 2483 2474 2482
11798 2121 2122 2113
11799 7222 7231 7230
11800 17982 17917 17974
11801 6384 6737 6385
11802 2412 2421 2413
11803 7248 7257 7256
11804 20765 20774 20766
11805 7264 7255 7263
11806 6659 7012 6660
11807 5404 5395 5403
11808 1968 2033 2025
11809 6101 6454 6102
11810 7162 7227 7219
11811 2020 2019 2028
11812 7228 7219 7227
11813 2017 2025 2026
11814 2026 2018 2017
11815 7224 7215 7216
11816 7285 7276 7284
11817 5957 5948 5956
11818 2044 2036 2035
11819 2029 2028 2037
11820 1992 1991 2000
11821 2420 2421 2412
11822 1992 2000 2057
11823 2060 2413 2061
11824 2041 2050 2042
11825 2049 2050 2041
11826 2352 2000 1999
11827 7230 7221 7229
11828 2351 2352 1999
11829 2058 2411 2059
11830 7562 7553 7554
11831 2045 2036 2044
11832 2051 2042 2050
11833 7061 7070 7062
11834 7245 7236 7244
11835 7680 7689 7688
11836 2026 2034 2035
11837 5865 5856 5864
11838 2021 2020 2029
11839 9091 9082 9083
11840 7961 7823 7960
11841 2028 2036 2037
11842 2045 2044 2053
11843 2059 2060 2051
11844 7262 7615 7263
11845 7163 7172 7164
11846 7623 7614 7615
11847 2419 2411 2410
11848 2412 2059 2411
11849 16659 16650 16651
11850 2037 2036 2045
11851 7238 7247 7246
11852 2455 2454 2463
11853 2426 2418 2417
11854 2051 2060 2052
11855 7110 7101 7109
11856 7624 7615 7623
11857 2050 2058 2059
11858 17141 17206 17149
11859 2456 2513 2448
11860 2368 2433 2425
11861 2052 2061 2053
11862 2060 2061 2052
11863 7237 7228 7229
11864 2413 2060 2412
11865 2051 2050 2059
11866 7613 7260 7612
11867 2409 2417 2418
11868 2057 2058 2049
11869 2000 2409 2057
11870 7263 7616 7615
11871 2410 2409 2418
11872 7252 7261 7260
11873 2049 2058 2050
11874 7251 7260 7252
11875 2409 2410 2057
11876 2352 2417 2409
11877 1992 2057 2049
11878 7927 7936 7935
11879 2057 2410 2058
11880 2457 2458 2449
11881 6642 6707 6650
11882 6631 6640 6632
11883 7641 7650 7649
11884 19344 18991 18992
11885 19458 19449 19450
11886 2426 2417 2425
11887 7577 7586 7578
11888 2491 2499 2500
11889 19528 19537 19536
11890 2375 2384 2376
11891 2383 2384 2375
11892 7659 7594 7602
11893 2441 2376 2384
11894 7652 7643 7651
11895 2368 2376 2433
11896 7635 7644 7643
11897 2425 2417 2360
11898 2368 2425 2360
11899 7622 7631 7630
11900 2444 2445 2436
11901 18253 18244 18245
11902 2436 2428 2427
11903 2427 2435 2436
11904 2435 2444 2436
11905 2436 2445 2437
11906 2530 2531 2522
11907 2442 2443 2434
11908 2421 2420 2429
11909 6383 6736 6384
11910 7488 7497 7496
11911 6292 6283 6291
11912 7731 7666 7723
11913 2435 2427 2426
11914 2467 2468 2459
11915 2450 2451 2442
11916 7661 7670 7662
11917 2460 2459 2468
11918 2468 2469 2460
11919 2460 2452 2451
11920 2451 2459 2460
11921 2451 2452 2443
11922 2443 2452 2444
11923 7654 7645 7653
11924 19194 19203 19202
11925 2466 2458 2457
11926 9703 9694 9702
11927 19494 19485 19486
11928 6613 6622 6621
11929 7661 7652 7660
11930 2450 2441 2449
11931 2442 2441 2450
11932 2408 2400 2399
11933 2449 2458 2450
11934 2400 2457 2392
11935 7319 7310 7311
11936 7594 7585 7593
11937 2383 2392 2384
11938 2392 2457 2449
11939 6884 6875 6876
11940 6865 6512 6864
11941 2441 2384 2449
11942 2490 2491 2482
11943 15775 15784 15783
11944 2383 2391 2392
11945 2489 2497 2498
11946 6713 6704 6712
11947 7700 7709 7701
11948 7691 7700 7692
11949 2505 2514 2506
11950 2490 2499 2491
11951 20733 20742 20741
11952 2489 2498 2490
11953 16004 15995 16003
11954 9513 9504 9505
11955 7699 7708 7700
11956 17621 19879 17629
11957 2507 2498 2506
11958 7729 7738 7737
11959 20476 20485 20484
11960 2515 2523 2524
11961 16372 16363 16364
11962 2517 2508 2516
11963 19146 19137 19138
11964 2522 2523 2514
11965 2506 2497 2505
11966 2498 2497 2506
11967 6829 6820 6828
11968 7648 7657 7649
11969 5240 5249 5241
11970 5240 5241 38
11971 2454 2446 2445
11972 2454 2445 2453
11973 8023 7845 8022
11974 7715 7724 7716
11975 8859 8850 8851
11976 2472 2463 2471
11977 2447 2438 2446
11978 2438 2447 2439
11979 7626 7691 7683
11980 2439 2430 2438
11981 2437 2445 2446
11982 17061 17126 17118
11983 7715 7650 7658
11984 2431 2423 2422
11985 6782 6773 6774
11986 2431 2422 2430
11987 2432 2423 2431
11988 2432 2424 2423
11989 7625 7634 7626
11990 2446 2438 2437
11991 2447 2446 2455
11992 2470 2462 2461
11993 10700 10701 10709
11994 2470 2471 10626
11995 2530 10685 10686
11996 16753 16762 16761
11997 2469 2470 2461
11998 2461 2462 2453
11999 6219 6228 6220
12000 15968 15977 15976
12001 2528 2520 2519
12002 6940 6949 6948
12003 15813 15878 15821
12004 7787 7796 7795
12005 5472 5481 5480
12006 2464 2455 2463
12007 2456 2455 2464
12008 2522 2521 2530
12009 7723 7658 7666
12010 2521 2529 2530
12011 2472 2529 2464
12012 2513 2514 2505
12013 2531 2523 2522
12014 7641 7632 7633
12015 2448 2513 2505
12016 2517 2525 2526
12017 9632 9641 9640
12018 7699 7634 7691
12019 2570 2561 2569
12020 7725 7734 7733
12021 2524 2523 2532
12022 18818 18827 18826
12023 9973 9585 9586
12024 2526 2525 2534
12025 2506 2514 2515
12026 2515 2507 2506
12027 5615 5606 5614
12028 2561 2553 2496
12029 2535 10690 10691
12030 10721 10730 10729
12031 2532 2523 2531
12032 15914 15923 15915
12033 5277 5510 5278
12034 6740 6731 6739
12035 19982 20047 19990
12036 2526 2527 2518
12037 2593 2594 2585
12038 2500 2492 2491
12039 7728 7719 7727
12040 2517 2526 2518
12041 2526 2535 2527
12042 7720 7729 7728
12043 2502 2510 2511
12044 2509 2517 2518
12045 2509 2500 2508
12046 7727 7718 7726
12047 2516 2508 2507
12048 7327 7318 7326
12049 2509 2508 2517
12050 2495 2503 2504
12051 5794 5441 5793
12052 8193 8202 8201
12053 9501 9148 9149
12054 2516 2507 2515
12055 2125 2124 2477
12056 2561 2570 2562
12057 2501 2500 2509
12058 9089 9080 9081
12059 8368 8015 8016
12060 2507 2508 2499
12061 2508 2500 2499
12062 2511 2503 2502
12063 2509 2510 2501
12064 2502 2493 2501
12065 2483 2492 2484
12066 6508 6861 6509
12067 2117 2118 2109
12068 2585 2594 2586
12069 17047 17056 17055
12070 2495 2486 2494
12071 2495 2487 2486
12072 7629 7638 7637
12073 7768 7759 7760
12074 2511 2519 2520
12075 2485 2484 2493
12076 7779 7714 7722
12077 2493 2484 2492
12078 17493 17484 17485
12079 9483 9474 9482
12080 5927 5936 5935
12081 2124 2123 2476
12082 2476 2485 2477
12083 7747 7756 7755
12084 2495 2496 2487
12085 7690 7681 7689
12086 7763 7772 7764
12087 18163 17985 17986
12088 8957 8948 8949
12089 5305 5578 5577
12090 2504 2561 2496
12091 2488 2496 2553
12092 6609 6256 6257
12093 7245 7236 7237
12094 2577 2578 2569
12095 2581 2589 2590
12096 2569 2578 2570
12097 7793 7802 7794
12098 6871 6880 6879
12099 2528 2519 2527
12100 2577 2520 2585
12101 9335 9326 9327
12102 2585 2520 2528
12103 2588 2589 2580
12104 7776 7767 7775
12105 2580 2589 2581
12106 15803 15812 15811
12107 2570 2578 2579
12108 7761 7770 7769
12109 2581 2572 2580
12110 2573 2572 2581
12111 8347 8351 8350
12112 2587 2578 2586
12113 10755 10763 13013
12114 7781 7790 7782
12115 2588 2580 2579
12116 6121 6112 6113
12117 2573 2581 2582
12118 2582 2574 2573
12119 4911 4902 4910
12120 17382 17735 17734
12121 5744 5753 5745
12122 2591 2590 2599
12123 9810 9801 9802
12124 7801 15957 15956
12125 2599 2590 2598
12126 13013 13021 10763
12127 7801 15957 7802
12128 17932 17941 17940
12129 8765 8761 8762
12130 6527 6518 6526
12131 6546 8804 6554
12132 5949 5940 5941
12133 2592 2583 2591
12134 4850 2600 13005
12135 6822 6813 6814
12136 2583 2584 2575
12137 2583 2592 2584
12138 7794 7785 7793
12139 8355 8359 8358
12140 18025 18034 18033
12141 5456 5447 5448
12142 2575 2567 2566
12143 2557 2556 2565
12144 2558 2557 2566
12145 2574 2575 2566
12146 2537 2480 2545
12147 4803 4804 4795
12148 7781 7772 7780
12149 7765 7774 7773
12150 2565 2573 2574
12151 8293 8284 8285
12152 2539 2538 2547
12153 2552 2551 2560
12154 2560 2551 2559
12155 5902 5893 5894
12156 20060 20069 20068
12157 18937 18584 18585
12158 2559 2551 2550
12159 2559 2550 2558
12160 2572 2573 2564
12161 2564 2573 2565
12162 16207 16216 16215
12163 2572 2564 2563
12164 8086 7868 7869
12165 8944 8953 8952
12166 2564 2555 2563
12167 8033 8042 8041
12168 2562 2570 2571
12169 2563 2562 2571
12170 6422 6413 6421
12171 2557 2548 2556
12172 10049 10058 10057
12173 7541 15697 15696
12174 7740 7387 7388
12175 5422 5413 5421
12176 7743 7752 7744
12177 2161 2169 2170
12178 2187 2178 2186
12179 2170 2171 2162
12180 2179 2178 2187
12181 7387 7322 7379
12182 5800 5809 5808
12183 2189 2188 2541
12184 6609 6618 6610
12185 2549 2540 2548
12186 2540 2549 2541
12187 20524 20533 20532
12188 2174 2166 2165
12189 2551 2543 2542
12190 4799 4807 4798
12191 2543 2544 2191
12192 2551 2542 2550
12193 2173 2174 2165
12194 7753 7744 7752
12195 2190 2543 2191
12196 2190 2542 2543
12197 6105 6096 6104
12198 10025 10016 10017
12199 7298 7363 7355
12200 2159 2160 2151
12201 2190 2182 2181
12202 7507 7516 7515
12203 2190 2181 2189
12204 2552 2543 2551
12205 5815 5824 5816
12206 2159 2168 2160
12207 2175 2166 2174
12208 2175 2184 2176
12209 2184 2175 2183
12210 2182 2183 2174
12211 4394 4402 4403
12212 2156 2157 2148
12213 2166 2175 2167
12214 2182 2174 2173
12215 7386 7377 7385
12216 2175 2176 2167
12217 7369 7360 7361
12218 7355 7364 7356
12219 2181 2182 2173
12220 2166 2157 2165
12221 2158 2157 2166
12222 7758 7749 7750
12223 7751 7760 7759
12224 18096 18105 18097
12225 2160 2152 2151
12226 2162 2154 2153
12227 2167 2168 2159
12228 2159 2151 2150
12229 2158 2159 2150
12230 8485 8838 8837
12231 2173 2164 2172
12232 16211 16202 16203
12233 7352 7361 7360
12234 2147 2155 2156
12235 2181 2172 2180
12236 7383 7374 7382
12237 2173 2172 2181
12238 2103 2095 2094
12239 2154 2146 2145
12240 2171 2163 2162
12241 2162 2163 2154
12242 7376 7367 7368
12243 2185 2186 2177
12244 2163 2155 2154
12245 5349 5702 5701
12246 7193 7202 7194
12247 7366 7357 7358
12248 2104 2161 2096
12249 7347 7356 7348
12250 2154 2145 2153
12251 2169 2178 2170
12252 2103 2111 2112
12253 7372 7381 7373
12254 10141 10150 10142
12255 6387 6396 6388
12256 2477 2124 2476
12257 2475 2476 2123
12258 6365 6356 6357
12259 2112 2169 2104
12260 6844 6835 6836
12261 2178 2169 2177
12262 7372 7363 7371
12263 6242 6307 6299
12264 2104 2169 2161
12265 19406 19815 19758
12266 7371 7380 7372
12267 5561 5552 5560
12268 2545 2480 2488
12269 2177 2169 2112
12270 7338 9596 7346
12271 5220 5229 5228
12272 2120 2111 2119
12273 7746 10004 7754
12274 6404 6413 6405
12275 2475 2484 2476
12276 2103 2094 2102
12277 2096 2088 2087
12278 2092 2101 2093
12279 2092 2083 2091
12280 2094 2095 2086
12281 17234 17225 17226
12282 9920 9929 9928
12283 7294 7285 7293
12284 2095 2087 2086
12285 2101 2100 2109
12286 6019 5954 5962
12287 7293 7302 7301
12288 7305 7296 7304
12289 2094 2085 2093
12290 2102 2094 2093
12291 7304 7295 7303
12292 18186 18048 18049
12293 2109 2118 2110
12294 7319 7310 7318
12295 6930 6577 6578
12296 9249 8896 8897
12297 8080 8071 8072
12298 2110 2111 2102
12299 2108 2117 2109
12300 7693 7702 7701
12301 15940 15931 15932
12302 7303 7312 7304
12303 7643 7578 7586
12304 19182 19173 19174
12305 2108 2116 2117
12306 2101 2110 2102
12307 7297 7306 7305
12308 7329 7320 7321
12309 19001 18613 18614
12310 7749 7740 7741
12311 2102 2111 2103
12312 7687 7678 7686
12313 9245 9254 9253
12314 7254 7245 7246
12315 2127 2118 2126
12316 6525 6516 6524
12317 20008 20017 20016
12318 2127 2126 2479
12319 18176 18167 18168
12320 2119 2118 2127
12321 15953 7797 7798
12322 2115 2123 2124
12323 110 109 5312
12324 7748 7739 7747
12325 18283 18292 18291
12326 8085 8094 8093
12327 2479 2126 2478
12328 2484 2485 2476
12329 7158 7167 7159
12330 8609 8600 8601
12331 2127 2480 2128
12332 18462 18871 18814
12333 7689 7698 7690
12334 2478 2487 2479
12335 2477 2486 2478
12336 7680 7689 7681
12337 2478 2126 2125
12338 2477 2478 2125
12339 7775 7766 7767
12340 10827 16032 10830
12341 2478 2486 2487
12342 2186 2178 2177
12343 17024 17015 17016
12344 2479 2487 2488
12345 2480 2127 2479
12346 2128 2185 2120
12347 10157 10166 10158
12348 7326 7679 7678
12349 2128 2480 2537
12350 6515 6106 6163
12351 2120 2185 2177
12352 20340 20349 20348
12353 2119 2128 2120
12354 7321 7330 7322
12355 2127 2128 2119
12356 136 5338 135
12357 9617 9608 9609
12358 107 106 5309
12359 86 85 5288
12360 6470 6461 6469
12361 19893 19902 19901
12362 81 5283 64
12363 9858 9849 9850
12364 16488 16479 16480
12365 20736 20727 20735
12366 5285 5294 5286
12367 5285 5286 83
12368 5243 5218 5226
12369 7060 7051 7052
12370 135 134 5337
12371 5334 5343 5335
12372 5334 5335 132
12373 5314 5339 5322
12374 9174 9139 9171
12375 131 5334 132
12376 108 5311 109
12377 7155 7164 7156
12378 18277 18286 18285
12379 130 129 5332
12380 5331 5340 5332
12381 5331 5332 129
12382 133 132 5335
12383 19144 19497 19496
12384 5341 5332 5340
12385 131 130 5333
12386 6376 6367 6375
12387 2620 2621 2758
12388 2799 2798 2807
12389 5979 5988 5987
12390 18474 18483 18482
12391 7812 7821 7813
12392 6691 6626 6634
12393 8154 8163 8162
12394 7253 7262 7261
12395 2760 2759 2622
12396 2630 2631 2639
12397 16863 16872 16871
12398 6749 6758 6750
12399 15667 15658 15659
12400 8807 8798 8799
12401 7837 7846 7845
12402 20549 20540 20541
12403 10049 10040 10041
12404 2777 2785 2776
12405 6618 6683 6675
12406 2768 2760 2769
12407 7995 7986 7994
12408 2624 2615 2616
12409 7893 7884 7885
12410 2659 2650 2658
12411 8105 8096 8097
12412 16939 16948 16947
12413 17776 17767 17775
12414 2897 2889 2954
12415 2641 2633 2642
12416 9681 9690 9689
12417 3726 3717 3718
12418 9226 9217 9218
12419 7842 7833 7841
12420 20160 20169 20168
12421 2651 7854 2652
12422 8042 8051 8050
12423 17524 17533 17532
12424 9257 9248 9249
12425 7844 7835 7836
12426 2885 2884 2667
12427 2628 2629 2637
12428 2640 2639 2648
12429 8070 8061 8062
12430 4798 4797 4445
12431 4492 4500 4491
12432 16207 16198 16206
12433 5591 5582 5590
12434 4824 4832 4823
12435 9135 9126 9127
12436 8426 8417 8418
12437 4867 4859 4868
12438 6944 6935 6943
12439 18078 18069 18070
12440 9632 9641 9633
12441 4437 4429 4438
12442 4432 4424 4433
12443 6176 6172 6173
12444 4879 4888 4887
12445 18202 12999 18201
12446 4886 4895 4894
12447 19186 19177 19178
12448 18830 18821 18822
12449 5436 5427 5435
12450 9182 8829 9181
12451 15637 7481 7482
12452 4423 4432 4431
12453 6085 6094 6086
12454 4800 4447 4448
12455 4498 4506 4441
12456 17732 18070 17733
12457 4439 4431 4440
12458 9429 9420 9421
12459 4491 4483 4492
12460 6610 6257 6258
12461 8664 8673 8672
12462 10060 10069 10061
12463 6870 6879 6878
12464 4501 4502 4510
12465 6981 6972 6973
12466 10075 10066 10074
12467 4493 4494 4502
12468 5848 6201 6200
12469 6552 6561 6560
12470 4864 4512 4865
12471 7211 7220 7212
12472 9713 10066 10065
12473 4538 4481 4473
12474 4424 4433 4425
12475 4491 4500 4499
12476 4477 4478 4486
12477 16513 16522 16521
12478 4482 4490 4425
12479 4508 4500 4509
12480 8333 8324 8325
12481 9703 9712 9711
12482 17658 17662 17661
12483 17658 12456 17661
12484 9684 9693 9685
12485 4419 4410 4418
12486 19376 19367 19368
12487 9626 9635 9634
12488 4409 4417 4408
12489 6526 6517 6525
12490 4508 4499 4500
12491 8949 8958 8957
12492 20241 20245 20244
12493 4418 4426 4427
12494 8469 8478 8470
12495 8135 8144 8143
12496 9004 9013 9012
12497 5885 5894 5886
12498 6658 6649 6650
12499 8774 8421 8422
12500 4407 4416 4415
12501 4424 4425 4416
12502 17580 17571 17572
12503 4392 4393 4040
12504 19907 19916 19915
12505 4020 4019 4011
12506 4076 4085 4077
12507 9603 9594 9602
12508 4040 4393 4041
12509 4436 4427 4428
12510 9428 9363 9420
12511 9508 9517 9516
12512 6666 7075 7018
12513 6111 5758 6110
12514 2168 4418 2160
12515 7338 9596 9588
12516 6876 6867 6875
12517 4041 4393 4450
12518 4400 4391 4392
12519 7678 7325 7326
12520 9097 9106 9105
12521 4414 4413 4405
12522 4434 4426 2176
12523 4438 4446 4447
12524 9634 9625 9626
12525 5736 5727 5735
12526 4468 4477 4469
12527 4433 4425 4490
12528 2544 2192 4794
12529 9629 9620 9621
12530 5585 5576 5584
12531 19043 19052 19051
12532 4404 4413 4412
12533 7252 7243 7244
12534 5273 5282 5274
12535 16644 16653 16652
12536 7753 7744 7745
12537 4407 4406 4398
12538 4015 4023 4014
12539 6372 6381 6380
12540 6447 6438 6439
12541 7934 7943 7942
12542 4423 4422 4414
12543 7569 7578 7577
12544 16900 16891 16892
12545 6537 6528 6529
12546 4404 4405 4413
12547 20020 20029 20028
12548 20009 20000 20001
12549 10014 10005 10006
12550 4416 4424 4415
12551 16737 16746 16738
12552 5419 5428 5427
12553 7104 7113 7105
12554 4425 4417 4416
12555 4795 4804 4796
12556 6456 6465 6457
12557 9636 7378 9628
12558 6130 6121 6129
12559 2184 4434 2176
12560 8530 8539 8538
12561 9628 7370 7378
12562 18902 18893 18894
12563 16157 16222 16165
12564 7163 7098 7155
12565 8691 8751 8748
12566 4438 4446 4437
12567 6363 6372 6364
12568 4818 4826 2568
12569 10014 10023 10022
12570 6694 6685 6693
12571 13014 13022 13023
12572 4803 4812 4811
12573 4434 4442 4443
12574 19388 19379 19387
12575 4445 4437 4446
12576 4816 4817 4825
12577 4822 4823 4831
12578 5963 5972 5964
12579 16983 16992 16991
12580 9638 9647 9639
12581 9690 9699 9691
12582 17738 17747 17746
12583 4798 4446 4445
12584 4435 4444 4443
12585 10088 10079 10080
12586 6311 6320 6312
12587 8778 8787 8786
12588 10006 9997 10005
12589 10068 10003 10060
12590 4848 4847 4839
12591 4794 2192 4442
12592 7400 7435 7403
12593 4916 4915 13071
12594 5360 5356 5359
12595 10118 10109 10110
12596 10013 10022 10014
12597 6640 6649 6641
12598 10044 7786 7794
12599 16927 16936 16935
12600 5281 5272 5280
12601 8796 8805 8804
12602 6686 6695 6694
12603 20010 20019 20018
12604 4829 4821 4820
12605 4819 4828 4820
12606 4818 4827 4819
12607 6565 6574 6566
12608 4802 4811 4810
12609 6843 6778 6786
12610 4804 4812 4803
12611 10020 7762 7770
12612 18238 18229 18230
12613 4814 4823 4815
12614 10025 10034 10026
12615 7150 7141 7142
12616 10048 10039 10047
12617 4842 2584 4834
12618 9813 9804 9812
12619 13058 13049 13057
12620 2576 4834 4826
12621 4827 4835 4826
12622 13015 13014 13023
12623 20423 20432 20431
12624 17203 17194 17202
12625 4917 4908 4909
12626 4830 4839 4838
12627 4835 4836 4844
12628 4819 4811 4820
12629 10050 10059 10058
12630 18047 18038 18039
12631 10033 10024 10025
12632 7049 7058 7050
12633 5726 5717 5725
12634 7778 10036 7786
12635 16499 16490 16491
12636 4842 4834 4843
12637 4939 4947 4938
12638 6615 6606 6607
12639 5626 5617 5618
12640 9163 9159 9160
12641 8311 8320 8312
12642 4839 4838 4847
12643 5372 5427 5375
12644 13011 4855 13010
12645 18279 18288 18280
12646 13052 13109 13044
12647 4857 4856 4848
12648 4901 4893 4902
12649 6341 6332 6333
12650 4837 4846 4838
12651 9129 9120 9121
12652 6543 6552 6544
12653 20297 20306 20305
12654 16083 16074 16075
12655 13001 18204 13002
12656 13001 12993 13002
12657 4968 4960 4969
12658 8232 8223 8224
12659 4486 4495 4494
12660 4840 4832 4841
12661 9498 9489 9490
12662 4439 4447 4438
12663 20507 20516 20515
12664 4905 4904 4896
12665 18642 18633 18634
12666 2584 4834 2576
12667 16250 16241 16242
12668 10102 10093 10101
12669 4805 4804 4796
12670 4801 4449 4858
12671 10049 10058 10050
12672 4863 4510 4511
12673 4909 4918 4917
12674 10385 10381 10384
12675 10098 10089 10097
12676 10089 10080 10081
12677 4876 4884 4875
12678 8929 8920 8921
12679 4832 4833 4841
12680 4439 4448 4447
12681 19257 19248 19249
12682 10235 10226 10227
12683 5839 5848 5847
12684 4898 4841 4833
12685 5448 5255 5447
12686 18883 18892 18891
12687 4902 4903 4911
12688 8498 8145 8146
12689 4883 4875 4884
12690 5807 5816 5808
12691 4563 4571 4562
12692 17713 17722 17721
12693 6634 6699 6691
12694 4891 4900 4899
12695 10112 10121 10113
12696 10102 10111 10103
12697 16271 16280 16279
12698 7463 7472 7464
12699 19661 19652 19653
12700 7689 7698 7697
12701 4884 4876 4885
12702 7386 7377 7378
12703 10035 10026 10027
12704 6545 6536 6537
12705 6411 6346 6354
12706 4902 4910 4901
12707 4900 4909 4901
12708 4971 4970 4979
12709 10164 10099 10107
12710 7721 7730 7729
12711 9605 9614 9613
12712 4909 4908 4900
12713 13080 13081 13072
12714 9980 9976 9977
12715 18289 18280 18281
12716 8659 8650 8651
12717 4957 4958 4966
12718 4912 4913 4921
12719 4901 4910 4909
12720 8579 8644 8587
12721 17800 17447 17448
12722 6104 6457 6456
12723 5561 5552 5553
12724 7397 7009 7396
12725 4938 4946 4881
12726 10173 10182 10174
12727 4979 4978 4970
12728 20739 20748 20740
12729 19780 19771 19772
12730 4479 4487 4478
12731 10161 10170 10162
12732 7147 7082 7139
12733 6240 6231 6232
12734 6274 6339 6282
12735 5026 4969 4961
12736 4950 4959 4958
12737 16257 16266 16265
12738 10149 10158 10157
12739 5256 5247 5255
12740 15684 15675 15676
12741 4929 4928 4576
12742 8939 8930 8931
12743 9352 9361 9353
12744 4916 4908 4917
12745 5547 5482 5490
12746 18166 17988 17989
12747 4951 4952 4960
12748 6657 6666 6658
12749 4556 4548 4557
12750 4949 4950 4958
12751 4922 4513 4570
12752 4885 4893 4884
12753 9174 9139 9147
12754 9305 9658 9657
12755 4869 4861 4870
12756 4894 4893 4885
12757 5034 4969 5026
12758 9553 9544 9545
12759 4976 4984 4985
12760 19611 19602 19610
12761 8414 8423 8422
12762 10176 10185 10177
12763 7608 7599 7607
12764 4984 4983 4975
12765 6901 6892 6893
12766 4937 4945 4936
12767 4969 4968 4977
12768 4963 4971 4962
12769 18373 18364 18365
12770 5034 5043 5042
12771 19375 19384 19383
12772 4986 4634 4987
12773 6817 6826 6825
12774 8239 8248 8247
12775 7237 7228 7236
12776 4483 4484 4492
12777 20359 20294 20351
12778 4985 4977 5042
12779 4556 4565 4564
12780 16090 16081 16082
12781 6278 6269 6277
12782 17794 18092 18091
12783 4913 4978 4970
12784 4926 4573 4574
12785 9758 9767 9766
12786 4945 4937 5002
12787 17841 17850 17849
12788 4967 4958 4959
12789 9705 9714 9713
12790 10191 10200 10199
12791 19513 19504 19505
12792 10143 10152 10151
12793 16657 16648 16649
12794 4946 4955 4954
12795 7700 7709 7708
12796 10153 10144 10152
12797 20136 20145 20144
12798 16016 16046 16038
12799 5593 5584 5592
12800 7789 7798 7790
12801 7372 7381 7380
12802 16696 16687 16688
12803 4925 4934 4933
12804 10233 10224 10232
12805 8016 8007 8008
12806 9610 9619 9618
12807 4968 4959 4960
12808 8828 6570 6578
12809 18387 18378 18386
12810 4956 4948 4957
12811 4998 5006 4997
12812 18858 18849 18850
12813 5011 5003 5012
12814 4977 4969 5034
12815 6754 6819 6762
12816 4610 4545 4602
12817 7580 7589 7581
12818 18787 18796 18795
12819 15632 15641 15633
12820 10154 10145 10153
12821 9411 9476 9419
12822 4559 4550 4558
12823 6703 6694 6702
12824 4497 4554 4562
12825 4929 4986 4994
12826 4629 4637 4628
12827 9761 9770 9762
12828 10147 10138 10146
12829 4542 4534 4543
12830 6290 6355 6347
12831 9772 10125 10124
12832 4549 4557 4548
12833 4923 4922 4570
12834 9672 9681 9680
12835 15860 15851 15852
12836 7391 7382 7390
12837 10181 10172 10173
12838 10212 10147 10204
12839 4966 4965 4957
12840 4542 4533 4534
12841 10136 10145 10144
12842 4542 4551 4550
12843 4577 4986 4929
12844 9769 9760 9761
12845 4932 4923 4931
12846 6984 7337 6985
12847 7643 7578 7635
12848 4166 4167 4519
12849 19935 19944 19943
12850 4558 4549 4550
12851 18791 18726 18783
12852 4926 4574 4927
12853 9760 9751 9759
12854 17085 17076 17077
12855 17624 17615 17616
12856 9821 9830 9829
12857 4535 4527 4526
12858 4558 4559 4567
12859 9745 9754 9746
12860 20401 20392 20393
12861 4228 4581 4580
12862 9805 9814 9806
12863 15742 15677 15734
12864 4544 4552 4543
12865 4150 4151 4159
12866 8947 9012 8955
12867 9330 9339 9331
12868 4540 4541 4549
12869 4561 4552 4560
12870 4132 4141 4140
12871 4228 4229 4581
12872 7071 7062 7070
12873 6358 6349 6357
12874 4164 4516 4163
12875 5628 5619 5627
12876 7145 7154 7146
12877 9621 9612 9620
12878 18395 18386 18387
12879 6354 6345 6346
12880 17147 17138 17139
12881 20684 20693 20692
12882 9828 9763 9820
12883 8436 8445 8444
12884 4865 4873 4864
12885 6036 6389 6388
12886 4480 4489 4488
12887 7592 7601 7600
12888 10162 10153 10161
12889 4546 4555 4554
12890 4931 4932 4940
12891 4538 4546 4481
12892 9291 9356 9299
12893 4889 4897 4888
12894 5635 5644 5636
12895 6289 6280 6281
12896 9745 9754 9753
12897 8635 8700 8643
12898 4518 4527 4526
12899 5434 5425 5433
12900 5671 5662 5663
12901 10143 10134 10142
12902 10142 10133 10141
12903 4556 4564 4555
12904 19511 19520 19519
12905 15859 15850 15851
12906 7025 7034 7033
12907 4938 4947 4946
12908 4539 4531 4540
12909 16517 16164 16516
12910 4544 4536 4545
12911 10126 9773 10125
12912 18905 18914 18913
12913 8412 6154 8404
12914 6633 6642 6634
12915 5268 5277 5269
12916 9719 9366 9367
12917 4505 4496 4497
12918 9365 9718 9717
12919 9698 9707 9699
12920 9764 9773 9772
12921 4082 4074 4083
12922 20611 20620 20619
12923 4454 4102 4455
12924 4930 4865 4922
12925 9380 9389 9388
12926 18966 18957 18958
12927 18342 18407 18350
12928 5708 5699 5700
12929 4464 4455 4456
12930 9689 9680 9688
12931 4571 4563 4572
12932 4479 4480 4488
12933 4488 4497 4489
12934 4467 4468 4476
12935 20570 20217 20218
12936 6106 6097 6105
12937 4462 4453 4454
12938 6036 6389 6037
12939 4490 4482 4491
12940 10228 10163 10171
12941 9285 9294 9286
12942 8043 8034 8035
12943 5354 5345 5346
12944 4497 4489 4554
12945 9311 8958 8959
12946 19270 19261 19262
12947 4532 4524 4523
12948 9733 9742 9734
12949 20007 19942 19999
12950 4099 4451 4098
12951 9654 9301 9302
12952 6698 6689 6690
12953 4101 4454 4102
12954 8484 8419 8476
12955 16142 16151 16150
12956 7259 7612 7260
12957 16954 16963 16962
12958 4535 4527 4536
12959 8289 8280 8281
12960 4538 4473 4530
12961 4097 4162 4105
12962 8202 8211 8210
12963 9316 9325 9317
12964 8954 8945 8946
12965 18232 18223 18231
12966 4096 4097 4105
12967 6177 972 975
12968 7323 7258 7266
12969 9247 8894 8895
12970 7238 7247 7239
12971 20585 20576 20577
12972 4157 4166 4165
12973 19989 19998 19997
12974 20731 20740 20739
12975 16581 16228 16229
12976 4142 4141 4133
12977 20155 20508 20507
12978 4119 4128 4120
12979 4152 4143 4144
12980 9290 9281 9282
12981 5249 5258 5257
12982 6025 6034 6026
12983 4088 4097 4096
12984 8518 8509 8510
12985 19720 19729 19728
12986 4089 4081 4146
12987 9168 9123 9131
12988 9294 9303 9295
12989 9733 9724 9732
12990 4515 4163 4516
12991 4523 4531 4522
12992 4075 4083 4074
12993 6838 6847 6839
12994 9597 9588 9589
12995 4520 4521 4529
12996 18734 18799 18742
12997 7460 7451 7459
12998 8728 8719 8720
12999 9289 9298 9297
13000 4544 4553 4552
13001 9406 9415 9407
13002 4111 4112 3759
13003 6326 5973 5974
13004 16253 16318 16261
13005 9667 9658 9666
13006 4602 4611 4610
13007 6470 6479 6471
13008 9738 9747 9739
13009 19254 19245 19246
13010 17696 17705 17697
13011 4528 4536 4527
13012 9429 9420 9428
13013 9328 9337 9336
13014 9425 9416 9417
13015 7598 7607 7599
13016 4161 4218 4226
13017 5989 5980 5988
13018 6940 6949 6941
13019 4137 4145 4136
13020 9717 9726 9725
13021 9667 9732 9724
13022 4166 4518 4165
13023 4122 4131 4130
13024 4539 4530 4531
13025 9736 9745 9744
13026 7819 7957 7956
13027 6113 5760 5761
13028 16346 16355 16354
13029 19395 19404 19403
13030 4602 4594 4603
13031 19668 19677 19676
13032 20255 17997 20247
13033 5439 5430 5438
13034 9427 9418 9426
13035 4111 3759 3758
13036 7329 7320 7328
13037 4152 4160 4151
13038 4519 4518 4166
13039 4528 4537 4536
13040 4529 4594 4537
13041 5994 6059 6002
13042 4454 4463 4462
13043 6794 7203 7146
13044 4168 4160 4169
13045 4192 4183 4191
13046 9366 9357 9365
13047 20144 20153 20145
13048 4520 4167 4168
13049 9320 9311 9319
13050 7097 7106 7105
13051 9058 9067 9066
13052 4146 4081 4138
13053 9923 9914 9915
13054 10176 10167 10168
13055 12884 18103 12901
13056 12884 12876 12901
13057 9266 9275 9267
13058 3756 4109 4108
13059 6952 6961 6960
13060 16850 16846 16847
13061 3728 3736 3727
13062 20589 20580 20581
13063 18008 18017 18016
13064 8282 8291 8290
13065 4109 4118 4117
13066 9661 9652 9653
13067 3818 4171 4170
13068 3742 3741 3733
13069 18675 18666 18667
13070 9321 9312 9320
13071 3757 4109 3756
13072 8413 8422 8414
13073 9250 8897 9249
13074 5226 5251 5243
13075 4113 4112 3760
13076 4126 4134 4125
13077 3753 3761 3818
13078 15639 15630 15631
13079 3752 3761 3760
13080 4230 4229 4221
13081 18208 18217 18216
13082 8748 8752 8751
13083 3784 3783 3775
13084 3745 3737 3802
13085 3745 3802 3810
13086 4145 4202 4210
13087 4056 4047 4048
13088 7796 15952 7797
13089 5635 5644 5643
13090 3753 3761 3752
13091 4047 4055 4046
13092 4056 4055 4047
13093 17808 17817 17816
13094 17454 17463 17462
13095 9234 9225 9226
13096 4057 4056 4065
13097 4078 4079 4087
13098 9291 9282 9290
13099 4138 4073 4130
13100 6736 6745 6737
13101 4073 4065 4064
13102 4131 4140 4132
13103 5333 5342 5334
13104 5333 5334 131
13105 9341 9350 9342
13106 10391 10387 10388
13107 6492 6483 6484
13108 7336 7345 7344
13109 5632 5985 5633
13110 4148 4139 4140
13111 3685 3693 3684
13112 9342 9333 9341
13113 8119 8110 8111
13114 20151 20504 20503
13115 3754 4107 4106
13116 17799 17446 17447
13117 19290 19281 19282
13118 4139 4140 4131
13119 7158 7167 7166
13120 7241 7250 7249
13121 3754 4106 3697
13122 4124 4123 4115
13123 4049 3696 3697
13124 4071 4072 4080
13125 3682 3691 3690
13126 3660 3669 3668
13127 18068 18077 18076
13128 10399 10403 10402
13129 6233 6224 6225
13130 5693 5684 5692
13131 4044 3691 3692
13132 3684 3692 3693
13133 3683 3692 3691
13134 16417 16408 16409
13135 5441 5432 5440
13136 17152 17161 17160
13137 9324 9259 9267
13138 15781 15772 15773
13139 9604 9613 9612
13140 3685 3694 3693
13141 19901 20254 20253
13142 3683 3691 3682
13143 7815 7806 7807
13144 7806 2604 7807
13145 9601 9610 9609
13146 9334 9343 9335
13147 4053 4052 4044
13148 3682 3674 3683
13149 6918 7271 6919
13150 8893 9246 8894
13151 8183 8174 8175
13152 8272 8263 8264
13153 4451 4460 4459
13154 3985 3984 3632
13155 3984 3631 3632
13156 17236 17227 17235
13157 4044 3692 4045
13158 18068 17730 17731
13159 9284 9293 9292
13160 18678 19087 19030
13161 18089 17791 17792
13162 4059 4060 4068
13163 3693 4045 3692
13164 3571 3580 3579
13165 9397 9388 9396
13166 4068 4067 4059
13167 9522 9513 9514
13168 3630 3622 3631
13169 7551 7560 7552
13170 10108 10043 10100
13171 9655 9664 9656
13172 3601 3666 3609
13173 3658 3666 3601
13174 6928 6937 6936
13175 4068 4076 4067
13176 1760 1752 4010
13177 9189 9198 9197
13178 7864 7855 7856
13179 7855 2653 7856
13180 6318 6671 6670
13181 18512 18503 18504
13182 16578 16587 16586
13183 9225 9216 9224
13184 19599 19608 19607
13185 9190 9199 9191
13186 4050 4058 3993
13187 3999 4008 4007
13188 4008 4017 4016
13189 3682 3690 3625
13190 16684 16675 16683
13191 6060 6069 6068
13192 8943 8934 8935
13193 9226 9235 9234
13194 16053 16118 16110
13195 9084 9019 9076
13196 18041 18032 18033
13197 5957 5948 5949
13198 7656 7647 7655
13199 9885 9876 9877
13200 9269 9278 9270
13201 9665 9674 9673
13202 4408 4400 4409
13203 5807 5816 5815
13204 4094 4086 4095
13205 15634 15643 15642
13206 16050 16059 16058
13207 4046 4054 4045
13208 9273 9264 9272
13209 10038 10029 10037
13210 9722 9369 9370
13211 7611 7620 7612
13212 4071 4079 4070
13213 4025 4082 4090
13214 4074 4017 4009
13215 9219 9210 9211
13216 9669 9678 9670
13217 6810 6875 6818
13218 7362 9620 7370
13219 5320 5329 5328
13220 9609 9618 9610
13221 4101 4100 4453
13222 9224 9233 9225
13223 4067 4075 4076
13224 9239 9592 9240
13225 4453 4452 4100
13226 4396 4404 4395
13227 9660 9669 9661
13228 5928 5919 5927
13229 4458 4401 4466
13230 4038 4039 4391
13231 9405 9414 9413
13232 9243 9652 9300
13233 9303 9656 9304
13234 7281 7290 7282
13235 6928 6937 6929
13236 9662 9653 9661
13237 4091 4100 4099
13238 16843 16847 16846
13239 7722 7787 7779
13240 4450 4458 4393
13241 9223 9232 9224
13242 7727 7718 7719
13243 4016 4024 4015
13244 9222 9213 9221
13245 4451 4450 4098
13246 4386 4034 4387
13247 19206 19271 19214
13248 20341 20350 20349
13249 6776 6785 6777
13250 9274 9265 9266
13251 4400 4392 4401
13252 15620 15616 15617
13253 11229 16434 11232
13254 7593 7584 7592
13255 7193 7202 7201
13256 9702 9711 9710
13257 4470 4471 4479
13258 9350 9359 9358
13259 5871 5880 5872
13260 16205 16196 16197
13261 9234 9243 9242
13262 4401 4392 4393
13263 6357 6348 6356
13264 5435 5375 5427
13265 15658 15649 15650
13266 6860 6869 6861
13267 5392 5401 5400
13268 4033 4090 4098
13269 4024 4023 4032
13270 4093 4094 4085
13271 4029 4037 4028
13272 8018 8009 8010
13273 4003 3995 4004
13274 7380 7389 7388
13275 6052 6061 6060
13276 16919 16566 16918
13277 7173 7164 7172
13278 16172 15819 15820
13279 20186 20177 20178
13280 16740 16749 16748
13281 6886 6877 6885
13282 20326 20391 20334
13283 5757 5748 5749
13284 4433 4490 4498
13285 7159 7150 7158
13286 4401 4409 4400
13287 4440 4432 4441
13288 6108 5755 5756
13289 9611 9676 9619
13290 7775 7766 7774
13291 4397 4406 4405
13292 9592 9601 9593
13293 18377 18368 18369
13294 4037 4389 4390
13295 4391 4399 4390
13296 1768 1760 4018
13297 4398 4390 4399
13298 4407 4398 4399
13299 10022 10031 10023
13300 4390 4389 4398
13301 9609 9600 9601
13302 8959 8950 8958
13303 7016 6663 7015
13304 4053 4045 4054
13305 3620 3628 3619
13306 4031 4040 4039
13307 6563 6572 6564
13308 1744 3994 1736
13309 4014 4022 4023
13310 7622 7631 7623
13311 7708 7717 7716
13312 4084 4092 4083
13313 4031 4022 4023
13314 5927 5936 5928
13315 4017 4074 4082
13316 3627 3619 3628
13317 9718 9727 9726
13318 4018 4010 4019
13319 4028 4037 4036
13320 7961 7970 7969
13321 9231 9240 9239
13322 4013 4004 4005
13323 7538 7529 7537
13324 4011 4019 4010
13325 9221 9212 9213
13326 9195 9186 9194
13327 3996 3988 3997
13328 17120 17129 17128
13329 5440 5431 5439
13330 9192 9183 9184
13331 20337 20346 20345
13332 9208 9217 9209
13333 9230 9239 9238
13334 3986 3978 1728
13335 7109 7100 7108
13336 8562 8209 8210
13337 3994 4003 3995
13338 9196 9205 9197
13339 6954 9212 9204
13340 7127 7118 7126
13341 3988 3989 3997
13342 9198 9207 9206
13343 19792 19801 19793
13344 4014 4006 4005
13345 8327 8318 8319
13346 6010 6075 6067
13347 9400 9391 9399
13348 16976 17329 17328
13349 9189 9180 9188
13350 5336 5345 5344
13351 9252 9187 9244
13352 3997 3998 4006
13353 3630 3983 3631
13354 9184 9193 9192
13355 4015 4007 4016
13356 4015 4006 4007
13357 9208 9199 9207
13358 8821 8812 8813
13359 9376 9023 9375
13360 9200 9209 9208
13361 20716 20725 20724
13362 8875 8940 8883
13363 3667 3666 3658
13364 9213 9204 9212
13365 8065 8056 8057
13366 4006 3998 4007
13367 6143 6152 6151
13368 3618 3627 3626
13369 8892 8827 8835
13370 6593 6643 6596
13371 7980 7989 7988
13372 8876 8885 8877
13373 3986 3987 3995
13374 17470 17479 17478
13375 7816 7807 7815
13376 1736 3986 1728
13377 7413 2208 2211
13378 8807 8798 8806
13379 1376 3626 1368
13380 1360 1352 3610
13381 8166 8157 8158
13382 19892 19883 19884
13383 3987 3988 3996
13384 6146 6137 6138
13385 3981 3989 3980
13386 3979 3980 3988
13387 8828 6570 8820
13388 3628 3981 3980
13389 6578 9180 8828
13390 8820 8829 8821
13391 3626 3618 1368
13392 7069 7060 7068
13393 6564 6573 6572
13394 3629 3981 3628
13395 3586 3594 1336
13396 6554 8812 8804
13397 3618 1360 3610
13398 8479 8488 8487
13399 8868 8877 8869
13400 5701 5710 5702
13401 3616 3624 3615
13402 18178 18169 18177
13403 8847 8856 8848
13404 20410 20419 20411
13405 9837 9828 9829
13406 6669 6678 6677
13407 10155 10220 10163
13408 6801 6810 6802
13409 9422 9431 9423
13410 8802 8793 8794
13411 8824 8833 8825
13412 8886 8877 8885
13413 9153 9144 9145
13414 8598 8607 8606
13415 9262 9253 9261
13416 3607 3616 3615
13417 8813 8822 8821
13418 8814 8805 8806
13419 17005 17070 17013
13420 3600 3591 3592
13421 9032 9041 9040
13422 18829 18838 18837
13423 3621 3612 3613
13424 3190 3181 3182
13425 17598 17533 17590
13426 9924 9859 9916
13427 3257 3322 3265
13428 3666 3675 3674
13429 17805 17870 17813
13430 7261 7614 7262
13431 3596 3597 3605
13432 3181 3189 3180
13433 3595 3594 3586
13434 3579 3587 3578
13435 5781 576 5778
13436 5781 5782 5778
13437 8088 8097 8096
13438 3602 3610 1352
13439 9636 9645 9637
13440 8868 8803 8860
13441 8788 6530 8780
13442 19733 19724 19725
13443 5520 5529 5528
13444 7376 7367 7375
13445 20559 20494 20551
13446 8871 8880 8872
13447 7404 2199 2202
13448 2152 4402 2144
13449 3685 3677 3686
13450 3694 3686 3685
13451 3659 3667 3658
13452 3671 3680 3679
13453 5617 5608 5609
13454 7532 7523 7531
13455 8785 8794 8786
13456 8826 8835 8827
13457 3636 3645 3637
13458 9121 9130 9129
13459 17764 17755 17756
13460 3200 3201 3209
13461 8853 8844 8845
13462 6912 6903 6904
13463 8876 8811 8819
13464 3677 3685 3676
13465 9316 9251 9259
13466 3605 3614 3606
13467 6818 6883 6875
13468 5527 5536 5528
13469 3583 3584 3575
13470 17645 20247 19895
13471 5443 5234 5251
13472 3646 3654 3655
13473 3282 3225 3217
13474 3609 3674 3666
13475 3277 3269 3278
13476 8823 8814 8822
13477 7292 7283 7291
13478 7732 7723 7731
13479 8411 8402 8410
13480 20530 20521 20522
13481 7649 7640 7641
13482 9896 9887 9888
13483 7601 7610 7602
13484 5804 5795 5803
13485 3687 3696 3688
13486 18371 18380 18372
13487 3609 3608 3617
13488 3601 3600 3592
13489 16743 16734 16735
13490 5559 5550 5558
13491 3598 3606 3597
13492 3199 3208 3200
13493 3575 3223 3576
13494 10010 10001 10002
13495 8504 8513 8512
13496 3216 3217 3208
13497 3282 3217 3274
13498 3653 3661 3652
13499 8862 8853 8854
13500 8869 8860 8868
13501 3647 3655 3656
13502 7148 7139 7147
13503 3634 3282 3225
13504 10180 10115 10123
13505 6086 6077 6078
13506 10188 10197 10196
13507 3284 3283 3275
13508 8858 8849 8857
13509 6777 6786 6778
13510 6095 6086 6087
13511 3652 3644 3653
13512 6744 6735 6743
13513 6953 6944 6952
13514 20200 20191 20192
13515 3770 3779 3778
13516 16552 16543 16544
13517 3639 3638 3286
13518 3574 3583 3582
13519 3269 3278 3270
13520 15610 15614 15611
13521 17301 17292 17293
13522 8836 8845 8837
13523 3251 3259 3250
13524 6087 6096 6088
13525 5417 5426 5425
13526 3637 3638 3646
13527 7353 7362 7361
13528 3200 3209 3208
13529 8854 8845 8853
13530 3577 3576 3224
13531 3191 3200 3199
13532 8255 8246 8247
13533 5402 5467 5459
13534 6287 6296 6295
13535 3645 3644 3636
13536 3274 3282 3283
13537 5470 5461 5469
13538 3176 3185 3184
13539 3216 3224 3225
13540 20211 20220 20219
13541 17560 17569 17568
13542 8484 8419 8427
13543 3225 3577 3634
13544 8836 8427 8779
13545 3665 3722 3730
13546 3180 3189 3188
13547 3643 3644 3652
13548 5581 5572 5580
13549 7460 7451 7452
13550 3207 3216 3215
13551 3225 3217 3216
13552 3253 3261 3252
13553 15745 15736 15737
13554 3193 3192 3184
13555 16301 16366 16309
13556 8374 8365 8366
13557 17696 17705 17704
13558 16366 16375 16374
13559 7594 7585 7586
13560 7319 7328 7320
13561 3274 3209 3266
13562 3203 3212 3211
13563 952 3210 3202
13564 8464 8473 8472
13565 3183 3192 3191
13566 3184 3185 3193
13567 3267 3275 3266
13568 20038 19685 20037
13569 17097 17106 17105
13570 19152 19161 19160
13571 3244 3243 3235
13572 6919 7272 6920
13573 5401 5410 5409
13574 18919 18928 18927
13575 3193 3250 3258
13576 3254 3245 3246
13577 10074 10083 10075
13578 3239 3247 3238
13579 3175 3167 3176
13580 6107 6116 6108
13581 5361 156 159
13582 3279 3270 3271
13583 3260 3261 3269
13584 20424 20415 20416
13585 5833 5824 5832
13586 8002 8011 8010
13587 8799 8790 8791
13588 3253 3244 3245
13589 7326 7679 7327
13590 2877 2869 2878
13591 18761 18752 18753
13592 17067 17058 17059
13593 3639 3647 3638
13594 2878 3230 2877
13595 2832 2841 2840
13596 3227 3226 3235
13597 912 3162 560
13598 20183 20118 20126
13599 3241 3240 3232
13600 6696 6705 6704
13601 9203 9194 9202
13602 3256 3247 3248
13603 6273 6282 6274
13604 8783 8774 8782
13605 5972 6325 6324
13606 3636 3283 3284
13607 3573 3220 3221
13608 960 952 3210
13609 3215 3223 3214
13610 3219 3210 3211
13611 8776 8423 8775
13612 8618 8609 8610
13613 3222 3214 3223
13614 3216 3215 3224
13615 3202 3211 3203
13616 5832 5841 5833
13617 6353 6344 6352
13618 20226 20230 20229
13619 3204 3195 3196
13620 3220 3212 3221
13621 3574 3575 3583
13622 7563 7572 7564
13623 3570 3578 3579
13624 3214 3206 3205
13625 17605 19863 17613
13626 3214 3213 3205
13627 9250 9259 9258
13628 18448 18457 18456
13629 8409 8418 8410
13630 3572 3573 3220
13631 5730 7988 7980
13632 18057 12852 18054
13633 18057 18058 18054
13634 3187 3196 3188
13635 2807 2815 2816
13636 3179 3180 3188
13637 3194 3203 3202
13638 8333 8324 8332
13639 3170 3178 920
13640 10229 10238 10237
13641 7991 7982 7983
13642 2764 2763 2755
13643 3205 3206 3197
13644 2874 3227 3226
13645 3235 3234 3226
13646 2806 2815 2814
13647 3197 3206 3198
13648 20444 20453 20452
13649 9666 9657 9658
13650 6473 6482 6474
13651 3195 3203 3194
13652 3187 3195 3186
13653 9260 9195 9252
13654 6723 6658 6715
13655 7174 7183 7175
13656 3176 3184 3175
13657 3167 2815 3168
13658 8004 8013 8005
13659 3168 2815 2816
13660 3172 3171 3163
13661 7051 7001 7004
13662 6541 6550 6549
13663 952 3202 944
13664 17110 17119 17118
13665 18864 19217 19216
13666 8380 6122 6130
13667 19733 19724 19732
13668 19502 19149 19150
13669 6114 8372 6122
13670 8404 6146 8396
13671 3171 3163 3162
13672 2802 544 552
13673 5248 5239 5247
13674 3188 3189 3197
13675 7120 7129 7121
13676 8977 8986 8985
13677 3164 2811 2812
13678 16550 16485 16542
13679 8014 8367 8015
13680 2804 2813 2812
13681 8704 8713 8712
13682 2814 2815 3167
13683 2788 2787 2779
13684 536 2786 528
13685 2814 3167 3166
13686 20032 19679 19680
13687 16392 16401 16400
13688 2766 2767 2775
13689 17336 17345 17344
13690 17890 17899 17898
13691 19761 19770 19769
13692 2782 2783 2791
13693 2606 7809 2607
13694 2787 2786 2778
13695 19582 19573 19574
13696 8028 8037 8036
13697 504 2754 152
13698 18324 18333 18332
13699 2772 2764 2773
13700 2852 2861 2853
13701 5659 5668 5660
13702 9017 9026 9025
13703 6114 5761 5762
13704 9123 9114 9122
13705 2791 2799 2790
13706 7810 7835 7827
13707 7810 7827 2608
13708 528 2786 2778
13709 8491 8482 8483
13710 5985 5994 5993
13711 19934 19925 19926
13712 8436 8445 8437
13713 6406 6397 6398
13714 6897 6906 6898
13715 2783 2791 2792
13716 5885 5894 5893
13717 17628 17619 17620
13718 3236 3235 3227
13719 3204 3203 3195
13720 2806 2807 2815
13721 8524 8533 8532
13722 19592 19583 19584
13723 2814 3166 2813
13724 5647 5638 5639
13725 5219 5228 5227
13726 3193 3201 3192
13727 2782 2790 2791
13728 5942 5951 5943
13729 2802 2811 2803
13730 8001 7992 7993
13731 20321 20330 20322
13732 16315 16306 16307
13733 9602 9593 9601
13734 8011 8076 8068
13735 3260 3252 3261
13736 3169 3226 3234
13737 3162 3170 912
13738 9057 9048 9049
13739 5955 5890 5898
13740 8437 8446 8445
13741 6942 6951 6943
13742 8465 8456 8457
13743 3237 3228 3229
13744 20124 20133 20132
13745 19665 19656 19664
13746 8669 8678 8677
13747 5339 5348 5340
13748 7448 7457 7449
13749 7379 7314 7371
13750 5566 5919 5567
13751 8500 8509 8508
13752 3237 3245 3246
13753 8186 8195 8194
13754 8430 8077 8429
13755 17488 17497 17496
13756 3258 3250 3259
13757 8448 8439 8440
13758 2898 2841 2906
13759 17715 17706 17707
13760 8379 8370 8378
13761 9344 9353 9352
13762 3263 3262 3254
13763 8539 8604 8596
13764 7311 7302 7310
13765 6788 7141 7140
13766 6742 6733 6741
13767 3236 3228 3237
13768 2780 2781 2789
13769 2809 2800 2801
13770 8005 8014 8013
13771 3231 3239 3240
13772 7854 7863 7862
13773 5560 5569 5561
13774 20710 20437 20438
13775 8018 8009 8017
13776 8005 8014 8006
13777 2851 2852 2860
13778 2869 2868 2860
13779 17329 17338 17337
13780 7466 7457 7465
13781 8003 8068 8011
13782 17527 17536 17535
13783 2890 2833 2825
13784 7190 7199 7191
13785 3229 3230 3238
13786 7415 7475 7467
13787 2800 2808 2799
13788 5760 5751 5752
13789 8144 8497 8496
13790 2809 2866 2874
13791 20299 20290 20291
13792 2858 2867 2866
13793 2796 2805 2804
13794 2842 2834 2777
13795 5536 5545 5537
13796 20461 20452 20453
13797 2793 2792 2801
13798 8003 7994 8002
13799 2793 2784 2785
13800 2850 2793 2785
13801 19637 19646 19638
13802 2835 2826 2827
13803 2851 2842 2843
13804 7981 7990 7989
13805 18869 18860 18861
13806 15763 7607 7608
13807 2827 2818 2826
13808 16009 16000 16001
13809 16192 16183 16184
13810 2643 2634 2642
13811 2851 2850 2842
13812 18499 18490 18491
13813 2646 2824 2823
13814 20308 20661 20660
13815 9287 9278 9286
13816 20712 20703 20704
13817 8065 8074 8066
13818 8041 8050 8042
13819 2681 2690 2689
13820 8141 8132 8140
13821 8413 8422 8421
13822 2777 2776 2768
13823 6756 6747 6755
13824 18021 20279 18029
13825 2768 2769 2777
13826 2769 2834 2777
13827 2852 2843 2844
13828 2827 2819 2818
13829 7976 7967 7968
13830 7741 7750 7742
13831 19850 19859 19858
13832 2649 2650 7852
13833 2760 2768 2759
13834 16246 16181 16238
13835 7187 7196 7188
13836 7470 7479 7471
13837 2836 2828 2837
13838 7849 8027 7850
13839 2661 2653 2662
13840 7494 7503 7502
13841 7200 7191 7199
13842 5990 5999 5991
13843 2827 2819 2828
13844 7840 7831 7839
13845 7968 7977 7969
13846 2602 2601 7804
13847 2755 2617 2618
13848 9684 9693 9692
13849 5728 5737 5736
13850 7397 7009 7010
13851 7837 7828 7829
13852 7828 2626 7829
13853 18817 18808 18809
13854 6149 6158 6157
13855 8760 8715 8757
13856 5911 5902 5910
13857 2622 2759 2621
13858 20436 20427 20428
13859 7852 7861 7853
13860 7852 7853 2650
13861 2611 2612 2603
13862 2835 2834 2826
13863 2755 2754 2617
13864 7844 8022 8021
13865 7980 5722 5730
13866 2620 2611 2612
13867 19026 19035 19034
13868 20518 20509 20510
13869 2755 2763 2754
13870 2609 2601 2610
13871 16089 16098 16097
13872 9723 9370 9371
13873 6722 6787 6730
13874 2754 152 2617
13875 2775 2767 2776
13876 8000 8009 8001
13877 7526 7535 7534
13878 2773 2764 2765
13879 2762 2770 512
13880 18718 18709 18710
13881 7984 7993 7985
13882 6366 6357 6358
13883 7128 7119 7120
13884 6443 6378 6386
13885 19050 19059 19051
13886 7860 7851 7859
13887 6992 7027 7019
13888 2780 2771 2772
13889 2774 2766 2775
13890 16373 18631 16381
13891 6646 6637 6638
13892 2658 2649 2650
13893 17382 17317 17374
13894 8031 8022 8030
13895 17583 17592 17591
13896 5396 5387 5395
13897 15868 15877 15876
13898 16866 16857 16858
13899 2784 2776 2785
13900 19576 19585 19584
13901 6721 6730 6722
13902 20062 20053 20054
13903 7510 7519 7518
13904 5782 5786 5785
13905 9249 8896 9248
13906 5338 7811 7803
13907 5338 7803 136
13908 7814 7805 7813
13909 2612 2604 2613
13910 2626 2634 2635
13911 9625 9616 9617
13912 8033 8024 8032
13913 2617 144 2609
13914 20611 20602 20603
13915 7863 7872 7871
13916 8067 8132 8075
13917 2638 2647 2639
13918 2970 2913 2905
13919 8303 8294 8295
13920 8500 8435 8492
13921 7902 7911 7910
13922 2682 2690 2681
13923 4098 4450 4041
13924 6915 6850 6858
13925 7902 7911 7903
13926 7902 7903 2700
13927 16910 17263 17262
13928 7757 7748 7756
13929 2847 2856 2855
13930 2667 2884 2666
13931 2669 2661 2670
13932 16524 16515 16516
13933 17884 17893 17885
13934 16429 16425 16426
13935 2987 2978 2979
13936 8045 8036 8044
13937 9125 9116 9117
13938 2646 2647 2824
13939 2672 2946 2889
13940 7025 7034 7026
13941 2988 2996 2997
13942 16367 16358 16359
13943 2971 2970 2962
13944 8087 8096 8088
13945 5533 5524 5532
13946 6157 6148 6149
13947 16672 16663 16664
13948 16704 16351 16703
13949 19398 19428 19406
13950 2894 2903 2895
13951 8660 8595 8652
13952 8099 8164 8107
13953 8088 8097 8089
13954 2907 2899 2898
13955 18112 18121 18113
13956 6463 6472 6464
13957 2904 2903 2895
13958 20126 20191 20134
13959 19903 19494 19551
13960 18033 18042 18041
13961 7255 7246 7254
13962 2893 2885 2894
13963 2630 7833 2631
13964 2970 2905 2962
13965 7848 8026 7849
13966 2830 2822 2831
13967 10159 10150 10158
13968 5621 5612 5620
13969 2660 2669 2661
13970 3717 3716 3708
13971 2882 2665 2883
13972 9137 9128 9129
13973 16214 16149 16206
13974 2899 2890 2891
13975 8164 8173 8172
13976 5711 5702 5703
13977 6303 6294 6295
13978 5477 5468 5476
13979 9562 9915 9914
13980 16036 16424 16037
13981 10279 10288 10287
13982 2760 2761 2769
13983 15987 15996 15995
13984 2840 2839 2831
13985 7400 7435 7427
13986 8033 8042 8034
13987 2646 2638 2647
13988 8605 8596 8597
13989 8085 8094 8086
13990 2888 2889 2897
13991 10381 9993 9994
13992 2909 2917 2908
13993 8092 8027 8035
13994 2657 2666 2658
13995 8118 8109 8117
13996 2841 2833 2898
13997 8109 8100 8108
13998 3296 2943 2944
13999 2864 2872 2873
14000 10372 10307 10364
14001 5909 5900 5901
14002 8113 8122 8121
14003 5590 5581 5589
14004 2865 2856 2857
14005 8661 8670 8662
14006 3293 2940 2941
14007 17615 17606 17607
14008 2825 2890 2882
14009 18198 20671 18206
14010 17544 17553 17545
14011 2995 2986 2994
14012 18065 18074 18073
14013 7145 7154 7153
14014 2849 2914 2857
14015 18398 18389 18390
14016 2875 3227 3228
14017 16533 16524 16525
14018 2872 2880 2871
14019 2856 2857 2848
14020 2824 2833 2832
14021 2931 2939 2930
14022 2863 2864 2872
14023 7743 7752 7751
14024 18427 18418 18419
14025 6373 6364 6365
14026 5928 5919 5920
14027 8067 8132 8124
14028 6805 6814 6813
14029 5419 5428 5420
14030 8075 8140 8132
14031 15914 15923 15922
14032 5898 5889 5897
14033 5755 5690 5698
14034 16091 16100 16099
14035 2853 2845 2854
14036 2872 2873 2881
14037 2868 2867 2859
14038 16724 16715 16716
14039 8117 8126 8118
14040 2908 2917 2916
14041 5860 5851 5859
14042 19423 19427 19426
14043 3711 3702 3703
14044 16319 16328 16327
14045 2871 2879 2880
14046 8073 8082 8081
14047 7648 7657 7656
14048 17165 17230 17222
14049 6414 6405 6413
14050 9592 9601 9600
14051 2915 2916 2924
14052 17950 17885 17942
14053 15813 15804 15805
14054 8322 8313 8314
14055 8115 8180 8172
14056 2920 2919 2911
14057 5736 5745 5744
14058 7208 7217 7209
14059 17978 17969 17977
14060 10221 10230 10229
14061 7470 7479 7478
14062 3303 3311 3302
14063 2919 2928 2920
14064 16611 16620 16619
14065 2922 2931 2930
14066 8493 8502 8494
14067 6721 6712 6720
14068 16320 16311 16312
14069 2942 2934 2943
14070 8147 8556 8204
14071 5787 5378 5765
14072 3327 3336 3335
14073 3744 3743 3735
14074 20605 20614 20613
14075 2882 2883 2891
14076 7932 7941 7940
14077 6460 6451 6459
14078 8134 8125 8133
14079 2926 2934 2925
14080 3006 2997 3005
14081 3312 3320 3311
14082 9366 9357 9358
14083 2915 2907 2916
14084 9017 9008 9009
14085 2908 2916 2907
14086 7692 7701 7693
14087 5583 5574 5582
14088 8210 8563 8562
14089 16535 16526 16527
14090 9706 9715 9707
14091 2936 2928 2937
14092 7755 7764 7763
14093 5388 5379 5387
14094 6440 6449 6441
14095 17596 17605 17604
14096 8587 8652 8595
14097 3326 3334 3325
14098 8139 8204 8147
14099 6939 6948 6947
14100 3397 3405 3396
14101 6928 6575 6927
14102 3726 3725 3717
14103 3702 3350 3349
14104 15933 15998 15941
14105 2946 2954 2955
14106 7040 7049 7048
14107 3319 3311 3320
14108 7726 7735 7727
14109 8593 8602 8594
14110 8584 8575 8576
14111 7190 7199 7198
14112 3328 3319 3320
14113 3292 2940 3293
14114 8601 8592 8600
14115 3398 3399 3407
14116 3393 3385 3450
14117 6253 6244 6252
14118 8614 8605 8606
14119 7867 7842 7850
14120 2945 3354 3297
14121 3713 3705 3770
14122 6448 6801 6449
14123 8020 7826 7963
14124 8857 8866 8865
14125 10069 10078 10070
14126 3335 3336 3344
14127 17368 17377 17376
14128 8790 8781 8789
14129 18563 18572 18571
14130 3344 3345 3353
14131 2921 2986 2929
14132 3329 3337 3328
14133 3338 3339 3347
14134 7956 7965 7964
14135 9330 9339 9338
14136 16421 19023 18671
14137 19994 20003 20002
14138 8145 8136 8144
14139 3309 3310 3318
14140 3340 3339 3331
14141 19880 19889 19888
14142 19841 19488 19489
14143 17192 17183 17184
14144 8520 8529 8528
14145 8923 8988 8980
14146 8903 8550 8902
14147 9149 9502 9501
14148 8615 8968 8616
14149 7390 7381 7389
14150 5740 5731 5739
14151 8081 8434 8082
14152 8514 8505 8513
14153 8529 8538 8530
14154 3325 3333 3324
14155 3367 3376 3368
14156 3415 3407 3416
14157 3763 3762 3410
14158 19977 19986 19985
14159 3414 3406 3415
14160 8512 8521 8520
14161 19975 19984 19983
14162 9630 9639 9631
14163 6440 6431 6432
14164 8900 8909 8908
14165 3729 3720 3721
14166 8117 8126 8125
14167 8966 8975 8967
14168 18922 18913 18914
14169 3346 3338 3347
14170 3271 3272 3280
14171 6573 6926 6574
14172 17985 17976 17984
14173 16958 16967 16966
14174 16257 16266 16258
14175 8136 8127 8128
14176 5564 5555 5556
14177 9936 9945 9944
14178 3786 3721 3778
14179 10168 10159 10167
14180 10331 10386 10339
14181 8549 8902 8901
14182 6227 6236 6228
14183 5880 5889 5881
14184 3284 3276 3285
14185 3338 3330 3339
14186 18168 18159 18160
14187 8530 8539 8531
14188 3308 3317 3309
14189 17201 17192 17193
14190 2995 3003 2994
14191 3265 3330 3273
14192 5822 5831 5830
14193 3273 3330 3338
14194 8525 8516 8524
14195 7888 7897 7896
14196 6899 6908 6907
14197 6774 6765 6773
14198 9435 9426 9427
14199 5710 5719 5711
14200 3322 3257 3314
14201 5557 5566 5558
14202 18879 18888 18887
14203 7063 7054 7055
14204 8528 8537 8529
14205 16519 16528 16520
14206 8788 6530 6538
14207 3795 3786 3787
14208 19184 19175 19176
14209 8542 8533 8541
14210 3648 3647 3639
14211 3257 3314 3249
14212 6794 6785 6786
14213 3731 3723 3732
14214 3702 3349 3701
14215 8908 8917 8909
14216 3287 3279 3288
14217 5410 5475 5418
14218 6417 6426 6418
14219 9736 9727 9728
14220 7078 7087 7079
14221 17650 17654 17653
14222 6126 6135 6127
14223 3348 3347 3339
14224 6063 6054 6055
14225 18113 18122 18121
14226 9590 9599 9591
14227 8929 8938 8937
14228 10231 10222 10223
14229 3730 3722 3731
14230 3280 3272 3281
14231 6258 6249 6250
14232 3673 3665 3730
14233 3673 3665 3664
14234 8041 8032 8033
14235 6402 6393 6394
14236 7494 7485 7493
14237 3742 3734 3733
14238 8508 8443 8500
14239 16014 10425 10812
14240 9979 9983 9982
14241 3681 3673 3738
14242 3694 3695 3686
14243 9813 9804 9805
14244 18767 18702 18759
14245 3723 3731 3722
14246 6855 6846 6854
14247 8926 8917 8918
14248 3724 3732 3723
14249 19745 19736 19744
14250 8951 8942 8950
14251 9315 8962 8963
14252 6641 6650 6649
14253 6497 6488 6489
14254 6023 6032 6024
14255 8935 8926 8927
14256 5363 5359 5362
14257 18353 18362 18361
14258 3746 3681 3738
14259 3736 3735 3727
14260 19216 19225 19224
14261 3713 3721 3712
14262 9458 9467 9466
14263 3656 3647 3648
14264 6435 6444 6436
14265 8550 8541 8542
14266 7703 7712 7711
14267 3681 3672 3673
14268 6463 6454 6462
14269 8925 8916 8917
14270 3771 3779 3770
14271 16641 16288 16289
14272 3678 3686 3677
14273 8957 8948 8956
14274 3331 3322 3323
14275 19830 19834 19833
14276 3664 3672 3663
14277 3657 3722 3665
14278 3657 3714 3722
14279 9861 9870 9862
14280 8067 8058 8059
14281 3688 3679 3680
14282 7335 7344 7343
14283 9222 9231 9223
14284 5579 5588 5580
14285 3734 3735 3743
14286 6645 6636 6644
14287 19280 18927 18928
14288 3641 3640 3288
14289 8948 8883 8891
14290 3810 3811 3819
14291 18218 18209 18210
14292 6224 6215 6216
14293 7151 7160 7159
14294 3333 3334 3342
14295 19586 19595 19594
14296 9008 8999 9007
14297 3772 3773 3781
14298 7542 7533 7541
14299 3376 3368 3377
14300 3411 3412 3764
14301 3806 3805 3797
14302 8943 8934 8942
14303 7044 7035 7043
14304 10205 10196 10197
14305 5696 6049 5697
14306 3742 3734 3743
14307 3763 3410 3411
14308 8949 8940 8941
14309 4054 4055 4063
14310 19707 19716 19715
14311 3812 3811 3803
14312 3726 3734 3725
14313 3734 3726 3735
14314 8982 8991 8990
14315 8792 8801 8800
14316 16201 16210 16209
14317 8786 8777 8785
14318 3810 3802 3811
14319 3745 3744 3753
14320 4109 4117 4108
14321 8667 8658 8659
14322 9015 9024 9016
14323 3782 3773 3774
14324 3794 3802 3737
14325 18117 17859 17860
14326 8448 8439 8447
14327 10183 10174 10175
14328 3804 3803 3812
14329 3796 3788 3797
14330 7954 8342 8341
14331 7412 7467 7459
14332 2691 2682 2690
14333 20505 20152 20153
14334 9380 9315 9372
14335 5550 5541 5549
14336 9382 9373 9381
14337 8594 8603 8602
14338 4170 4171 4179
14339 9390 9399 9398
14340 3466 3458 3467
14341 7410 2205 7407
14342 7410 7411 7407
14343 8634 8625 8626
14344 3780 3788 3779
14345 3787 3779 3788
14346 3892 3539 3540
14347 10153 10144 10145
14348 8660 8595 8603
14349 3807 3815 3816
14350 3801 3809 3800
14351 8976 8967 8975
14352 16697 16688 16689
14353 2675 2676 2684
14354 7887 7896 7895
14355 7166 7157 7158
14356 3866 3801 3858
14357 18545 18536 18544
14358 8989 8980 8988
14359 3395 3403 3394
14360 8590 8599 8598
14361 3738 3673 3730
14362 8967 8614 8966
14363 3381 3389 3380
14364 10051 10042 10050
14365 8041 8050 8049
14366 15862 15797 15805
14367 3332 3341 3340
14368 6973 6982 6981
14369 4112 4120 4111
14370 10156 10165 10157
14371 8292 8301 8300
14372 8983 8974 8982
14373 7515 7450 7458
14374 15715 15724 15716
14375 7641 7632 7640
14376 5411 5366 5369
14377 3378 3386 3321
14378 3789 3797 3788
14379 3414 3766 3413
14380 3785 3776 3777
14381 8420 8773 8772
14382 2664 2656 2681
14383 3803 3794 3795
14384 3789 3790 3798
14385 16031 16086 16034
14386 5576 5303 5575
14387 3854 3863 3862
14388 17336 17327 17328
14389 19515 19524 19523
14390 6110 6119 6118
14391 18854 18845 18853
14392 3920 3928 3919
14393 20157 20148 20149
14394 4282 4290 4225
14395 9070 9079 9071
14396 3785 3842 3850
14397 8927 8918 8926
14398 3799 3808 3800
14399 9534 9543 9542
14400 9040 9049 9041
14401 9069 9078 9070
14402 19476 19467 19475
14403 3886 4239 4238
14404 3832 3479 3480
14405 6930 6577 6929
14406 6669 6678 6670
14407 3470 3479 3471
14408 3846 3838 3847
14409 3855 3846 3854
14410 9077 9086 9085
14411 3876 3875 3867
14412 6263 5910 6262
14413 9121 9112 9113
14414 6976 6967 6968
14415 3799 3790 3798
14416 20303 20656 20655
14417 6866 6513 6514
14418 3809 3801 3866
14419 17045 17454 17397
14420 6920 6911 6912
14421 7253 7262 7254
14422 18576 18567 18568
14423 16638 16229 16581
14424 3776 3775 3784
14425 4234 4177 3825
14426 7063 7072 7064
14427 16204 16195 16196
14428 9175 9171 9172
14429 6654 6645 6646
14430 8678 9031 9030
14431 3830 3839 3838
14432 3834 3842 3777
14433 5665 5674 5666
14434 19673 19682 19681
14435 9049 9058 9050
14436 15700 7544 15699
14437 3785 3784 3776
14438 6093 6084 6085
14439 8665 8656 8657
14440 18961 18952 18960
14441 3478 3830 3477
14442 20256 20265 20264
14443 9062 9053 9061
14444 3448 3456 3447
14445 3870 3879 3878
14446 3828 3476 3829
14447 5512 5279 5511
14448 7315 7250 7307
14449 17466 17457 17458
14450 7138 7547 7195
14451 3467 3475 3466
14452 15673 15664 15665
14453 3875 3883 3874
14454 20261 20270 20262
14455 6884 6893 6892
14456 6142 6133 6134
14457 3848 3840 3849
14458 17896 17905 17904
14459 6773 6764 6772
14460 3900 3909 3908
14461 9376 9023 9024
14462 3466 3474 3409
14463 8848 8857 8849
14464 3907 3908 3916
14465 3478 3479 3831
14466 3476 3475 3467
14467 16654 16663 16662
14468 9692 9701 9700
14469 3524 3515 3516
14470 20375 19966 20023
14471 3409 3417 3408
14472 3469 3470 3478
14473 3477 3478 3469
14474 3469 3477 3468
14475 16389 16380 16381
14476 3389 3398 3397
14477 3428 3437 3436
14478 8647 8638 8646
14479 6324 6333 6325
14480 3826 3834 3769
14481 20489 20480 20488
14482 3442 3450 3385
14483 15949 15940 15941
14484 3783 3791 3782
14485 6184 6188 6187
14486 3447 3439 3448
14487 3407 3408 3416
14488 8968 8977 8976
14489 8386 8395 8394
14490 7562 7627 7570
14491 6188 6243 6191
14492 8792 8783 8791
14493 5278 5269 5270
14494 6839 6848 6847
14495 3414 3405 3406
14496 8936 8927 8928
14497 6804 6813 6812
14498 6772 6781 6773
14499 8188 8123 8131
14500 8633 8642 8634
14501 3452 3444 3453
14502 7519 7528 7527
14503 5877 5868 5876
14504 8628 8637 8629
14505 3384 3383 3375
14506 7452 7443 7444
14507 19041 19050 19049
14508 3407 3406 3398
14509 3434 3443 3442
14510 3360 3359 3007
14511 8396 8405 8397
14512 8086 8095 8094
14513 3438 3437 3446
14514 19101 19092 19093
14515 16139 16148 16140
14516 18571 18580 18579
14517 9237 9228 9236
14518 3437 3445 3436
14519 3427 3436 3435
14520 6198 5845 6197
14521 8624 8633 8625
14522 7966 7957 7965
14523 8673 8682 8674
14524 9137 9146 9145
14525 8650 8641 8649
14526 3855 3863 3864
14527 3412 3403 3411
14528 3055 3063 3064
14529 8736 8727 8735
14530 3472 3480 3471
14531 10113 10122 10121
14532 15690 16043 16042
14533 19071 19080 19079
14534 3459 3468 3460
14535 3455 3464 3456
14536 8657 8666 8658
14537 8721 8712 8713
14538 3762 3770 3705
14539 3838 3837 3829
14540 3394 3402 3337
14541 8970 8979 8978
14542 3344 3336 3345
14543 9130 9139 9138
14544 3413 3405 3414
14545 5728 5737 5729
14546 7379 7314 7322
14547 7818 7843 7826
14548 8653 8662 8654
14549 19216 18863 18864
14550 7755 7690 7747
14551 8507 8572 8564
14552 6923 6514 6866
14553 6159 6168 6160
14554 17419 17428 17427
14555 3766 3414 3767
14556 3713 3770 3778
14557 3384 3375 3376
14558 3736 3728 3737
14559 3430 3438 3429
14560 3772 3780 3771
14561 8498 8507 8506
14562 9029 8676 9028
14563 3397 3388 3389
14564 8906 8553 8554
14565 5893 5884 5892
14566 16777 16786 16785
14567 16750 16685 16742
14568 8594 8603 8595
14569 3372 3381 3373
14570 6452 6461 6460
14571 3385 3393 3384
14572 3379 3387 3388
14573 19377 19386 19385
14574 8579 8644 8636
14575 2972 2980 2971
14576 5836 5827 5828
14577 2715 2714 2706
14578 8181 8190 8189
14579 3379 3380 3388
14580 3408 3399 3400
14581 3768 3777 3769
14582 8582 8573 8581
14583 8600 8591 8599
14584 3371 3363 3372
14585 3366 3374 3375
14586 5273 5264 5265
14587 5264 62 5265
14588 6059 6068 6060
14589 8609 8600 8608
14590 7745 7754 7746
14591 3380 3381 3372
14592 15972 15981 15980
14593 6064 6055 6063
14594 3835 3843 3834
14595 3365 3373 3364
14596 8574 8583 8575
14597 3312 3321 3320
14598 8711 8720 8719
14599 9856 9865 9864
14600 8004 8013 8012
14601 8582 8591 8583
14602 3396 3405 3404
14603 16071 16080 16072
14604 8554 8907 8906
14605 2906 2907 2915
14606 2988 2996 2987
14607 6039 6030 6038
14608 3372 3364 3373
14609 16774 16783 16782
14610 3002 3355 3003
14611 17234 17587 17586
14612 2996 3004 2995
14613 2981 2973 2982
14614 8155 8220 8163
14615 3067 3059 3058
14616 16282 16273 16274
14617 9499 9908 9851
14618 18176 12973 12974
14619 12973 12974 12965
14620 2966 2958 2967
14621 17408 17417 17416
14622 3357 3004 3005
14623 3357 3356 3004
14624 16327 16336 16328
14625 3407 3399 3408
14626 5992 5983 5984
14627 3305 3362 3297
14628 2980 2972 2981
14629 3360 3369 3368
14630 3400 3392 3391
14631 6194 6603 6581
14632 8253 8244 8245
14633 2943 3295 3296
14634 3364 3355 3356
14635 9386 9377 9378
14636 3365 3357 3366
14637 2965 2957 2966
14638 2989 2998 2997
14639 2971 2979 2980
14640 6578 6569 6570
14641 8496 8143 8144
14642 18467 10311 10312
14643 8622 8269 8270
14644 8121 8112 8120
14645 16268 16277 16276
14646 8192 8201 8193
14647 2949 2957 2958
14648 17565 17630 17573
14649 7196 7549 7197
14650 19826 19822 19823
14651 2677 2685 2676
14652 8200 8209 8201
14653 7216 7207 7215
14654 19717 19708 19709
14655 17388 17741 17389
14656 2952 2961 2960
14657 8577 8568 8576
14658 3358 3006 3359
14659 3036 3028 3037
14660 16143 16134 16135
14661 2982 2983 2991
14662 2975 2983 2984
14663 2981 2989 2980
14664 19748 20101 20100
14665 2990 2982 2991
14666 2989 2997 2988
14667 19632 19641 19633
14668 2985 2984 2976
14669 2619 2757 2756
14670 3367 3359 3358
14671 7171 7106 7163
14672 7518 7527 7519
14673 2977 3034 3042
14674 20787 20796 20795
14675 8560 8207 8559
14676 9641 9650 9642
14677 5386 5451 5394
14678 8172 8181 8180
14679 8768 8764 8765
14680 3000 3008 2999
14681 3375 3376 3367
14682 3361 3009 3418
14683 6081 6090 6082
14684 6160 6151 6159
14685 3005 3006 3358
14686 8859 8924 8916
14687 9515 9570 9523
14688 5344 5335 5343
14689 3427 3419 3428
14690 3419 3066 3067
14691 3422 3069 3070
14692 8211 8620 8268
14693 8641 8632 8633
14694 7128 7119 7127
14695 10302 10293 10294
14696 8969 8616 8968
14697 16117 16182 16125
14698 15544 20747 15545
14699 15544 15536 15545
14700 3428 3420 3429
14701 3427 3418 3419
14702 3064 3073 3072
14703 7585 7576 7584
14704 3051 3052 3060
14705 8329 8320 8321
14706 8236 8245 8237
14707 6185 6181 6184
14708 20426 20417 20418
14709 6005 6014 6006
14710 3123 3132 3124
14711 3041 3049 3106
14712 3122 3131 3123
14713 3062 3063 3071
14714 16276 16267 16268
14715 19813 20166 19814
14716 3420 3068 3421
14717 5463 5472 5464
14718 5598 5607 5606
14719 6305 6296 6304
14720 2993 3001 3058
14721 3031 3023 3032
14722 5700 5709 5708
14723 6335 6326 6327
14724 3072 3071 3424
14725 19252 19261 19260
14726 3026 2969 2961
14727 10317 10326 10325
14728 2700 2708 2699
14729 6074 6139 6082
14730 6866 6931 6923
14731 8851 8842 8843
14732 17924 18142 18141
14733 6330 6395 6387
14734 8296 8287 8288
14735 6341 6332 6340
14736 9691 9756 9748
14737 9331 9322 9330
14738 6983 7336 7335
14739 3101 3109 3100
14740 5973 5964 5972
14741 8606 8597 8598
14742 6869 6878 6877
14743 2715 3012 2714
14744 9293 9302 9294
14745 16105 15752 15753
14746 9035 9100 9043
14747 3053 3045 3044
14748 8168 8177 8169
14749 3023 3014 3015
14750 8945 8936 8944
14751 7885 7894 7886
14752 5486 5477 5485
14753 8265 8274 8266
14754 8369 8016 8017
14755 5708 5699 5707
14756 6549 6540 6541
14757 7911 7920 7912
14758 8163 8228 8220
14759 19312 19303 19304
14760 9972 9976 9975
14761 2896 2904 2895
14762 8237 8228 8229
14763 9961 9970 9969
14764 8212 8221 8213
14765 8970 8979 8971
14766 8253 8244 8252
14767 8089 7871 7872
14768 5643 5652 5644
14769 3018 2953 3010
14770 20322 20313 20314
14771 7942 8280 7943
14772 3061 3052 3053
14773 3060 3052 3061
14774 6856 6847 6855
14775 20018 20009 20010
14776 3043 3052 3051
14777 7436 7445 7437
14778 2709 2701 2710
14779 7731 7666 7674
14780 3021 3022 3013
14781 8221 8230 8229
14782 2737 3074 2720
14783 8215 8224 8216
14784 6926 6935 6927
14785 3473 3464 3465
14786 2698 2699 7901
14787 2678 2686 2677
14788 2952 2695 2694
14789 2687 2686 2678
14790 6163 6516 6164
14791 2977 2969 3034
14792 8247 8238 8246
14793 3014 2716 2717
14794 9829 9820 9828
14795 6544 6553 6552
14796 3559 3558 3555
14797 4280 4271 4272
14798 8226 8217 8218
14799 2661 2660 2652
14800 7926 7935 7927
14801 7926 7927 2724
14802 7836 7827 7828
14803 7827 2625 7828
14804 2692 2950 2949
14805 16707 16354 16706
14806 8531 8596 8539
14807 17055 17046 17047
14808 6859 6450 6507
14809 3971 3970 3967
14810 3965 3964 3961
14811 2685 2677 2686
14812 8362 8358 8359
14813 2705 2713 2688
14814 2948 2957 2949
14815 19252 19243 19244
14816 3355 3356 3003
14817 3024 3015 3016
14818 3023 3015 3024
14819 2951 2950 2693
14820 2679 2680 2688
14821 7936 7945 7944
14822 6255 6608 6256
14823 8159 8150 8151
14824 2666 2884 2883
14825 2653 2654 2662
14826 2920 2912 2921
14827 7819 5346 5354
14828 2674 2682 2683
14829 2674 2673 7876
14830 2997 3005 2996
14831 6265 6274 6273
14832 8194 8185 8186
14833 5636 5323 5635
14834 8225 8234 8233
14835 2948 2956 2947
14836 2651 2659 2650
14837 17819 17828 17827
14838 9200 9209 9201
14839 6258 6249 6257
14840 9133 9124 9125
14841 2965 2956 2957
14842 2973 2972 2964
14843 15944 16297 16296
14844 2694 2693 2685
14845 2711 2710 2702
14846 3050 3059 3058
14847 7918 8216 7919
14848 3070 3061 3062
14849 9702 9711 9703
14850 7602 7593 7594
14851 8930 8921 8929
14852 8366 8013 8365
14853 10236 10245 10237
14854 16314 16323 16322
14855 7917 8215 7918
14856 8468 8477 8469
14857 6120 6111 6119
14858 3018 2961 2953
14859 20046 20111 20054
14860 6053 6062 6054
14861 7899 2697 2680
14862 6458 6105 6457
14863 2716 2708 2717
14864 6941 6932 6940
14865 7995 8060 8052
14866 8155 7897 8154
14867 2722 2730 2731
14868 6946 6937 6938
14869 8765 3560 3563
14870 3560 3559 3563
14871 3033 3098 3041
14872 6989 7019 7011
14873 5599 5608 5600
14874 5626 5617 5625
14875 9131 9171 9168
14876 9111 9120 9119
14877 3879 3870 3871
14878 6544 6535 6536
14879 5558 5567 5559
14880 5362 5366 5365
14881 5269 5260 5268
14882 3126 3127 3135
14883 3089 3144 3097
14884 3528 3529 3537
14885 9176 3974 3971
14886 3970 3974 3971
14887 9649 9640 9648
14888 5445 5252 5444
14889 5835 5780 5783
14890 5365 5369 5366
14891 8929 8920 8928
14892 2733 2725 2734
14893 2697 2706 2705
14894 7885 7876 7884
14895 7900 2697 2698
14896 2743 3081 3080
14897 6587 6627 6590
14898 19571 19562 19563
14899 2725 2724 7927
14900 7939 8277 7940
14901 17736 17745 17744
14902 3113 3105 3150
14903 6918 6909 6917
14904 2704 2729 2721
14905 7703 7712 7704
14906 6184 6188 6185
14907 3089 3088 3097
14908 18408 18399 18400
14909 5396 5405 5404
14910 10139 10204 10196
14911 5647 5656 5655
14912 2676 2675 7878
14913 7834 7859 7842
14914 3056 3064 3055
14915 3033 3041 3032
14916 8294 8285 8293
14917 2736 2728 2748
14918 8566 8557 8565
14919 3079 3087 3078
14920 6162 8420 8412
14921 9332 9267 9324
14922 7730 7795 7787
14923 9859 9850 9858
14924 16005 15996 15997
14925 8347 8351 8348
14926 7901 7910 7902
14927 7901 7902 2699
14928 9428 9781 9780
14929 20291 20282 20283
14930 18315 18306 18314
14931 2747 2750 2746
14932 2747 2750 7952
14933 2700 2699 7902
14934 3569 3568 3565
14935 2740 2739 2731
14936 7950 7930 7947
14937 7930 2728 7947
14938 3120 3128 3119
14939 7946 8340 7953
14940 2711 2719 2720
14941 19509 19500 19501
14942 8483 8548 8540
14943 3551 8753 3548
14944 3551 3547 3548
14945 6923 6514 6571
14946 10395 10399 10396
14947 8336 8689 8337
14948 3102 3101 3093
14949 7786 7777 7778
14950 9805 9796 9797
14951 7907 7882 7899
14952 7882 2680 7899
14953 5352 5343 5351
14954 15721 15730 15729
14955 8279 7941 7942
14956 8238 8229 8230
14957 3111 3112 3120
14958 17792 17783 17791
14959 6817 6808 6809
14960 3128 3119 3127
14961 5931 5866 5923
14962 8170 8179 8171
14963 16159 16512 16511
14964 2640 2631 2639
14965 9494 9485 9486
14966 8312 8321 8313
14967 9559 9912 9911
14968 9999 9646 9998
14969 8289 8280 8288
14970 3147 3150 3105
14971 2741 2733 2742
14972 2726 2734 2725
14973 20776 20785 20784
14974 3145 3141 3142
14975 19332 19323 19324
14976 2745 2748 2728
14977 18559 18568 18560
14978 9556 9491 9548
14979 6403 6338 6395
14980 2720 3017 2719
14981 7186 7251 7243
14982 3090 3082 3025
14983 19263 19272 19271
14984 3076 3084 3075
14985 3016 2718 2719
14986 5286 5295 5287
14987 5286 5287 84
14988 8034 8025 8026
14989 8693 8684 8692
14990 6506 6497 6498
14991 3151 3150 3154
14992 5267 5276 5268
14993 5513 5280 5512
14994 5464 5455 5456
14995 5850 6259 5907
14996 3075 3084 3083
14997 6509 6862 6861
14998 9624 9633 9632
14999 9164 9161 3959
15000 3023 3022 3014
15001 3021 3030 3022
15002 7482 7473 7481
15003 3017 3025 3016
15004 3048 3040 3049
15005 6300 6309 6308
15006 3090 3098 3033
15007 19046 19111 19103
15008 3051 3060 3059
15009 3433 3425 3490
15010 8945 8936 8937
15011 8520 8529 8521
15012 8306 8297 8298
15013 7984 7975 7976
15014 3092 3100 3101
15015 3075 2737 2738
15016 10109 10100 10101
15017 9296 9305 9304
15018 10141 10150 10149
15019 3108 3107 3099
15020 8425 8778 8426
15021 8305 8314 8313
15022 3040 3032 3041
15023 19781 19790 19789
15024 19061 19070 19069
15025 20354 20363 20362
15026 3076 3084 3085
15027 16826 16817 16818
15028 8310 8301 8302
15029 6082 6147 6139
15030 15853 15918 15861
15031 10343 10352 10351
15032 3144 3097 3147
15033 3134 3126 3135
15034 3119 3118 3110
15035 8355 8359 8356
15036 3159 3156 3160
15037 3041 3049 3040
15038 20014 20005 20006
15039 3049 3057 3048
15040 17835 17844 17843
15041 8300 8235 8243
15042 3099 3098 3090
15043 8230 8239 8238
15044 7488 7135 7487
15045 18376 18385 18384
15046 5668 5677 5676
15047 3108 3100 3109
15048 7403 7399 7402
15049 7421 7430 7429
15050 8778 8787 8779
15051 7922 8276 8219
15052 9947 9987 9955
15053 6029 6038 6030
15054 8257 8266 8265
15055 17558 17567 17566
15056 7235 7244 7243
15057 3125 3134 3133
15058 7784 7775 7783
15059 6458 6105 6106
15060 7568 7577 7576
15061 20781 20628 20629
15062 9023 9014 9015
15063 8664 8655 8663
15064 8634 8625 8633
15065 19364 19355 19363
15066 3065 3057 3056
15067 3114 3057 3049
15068 3895 3543 3896
15069 3502 3503 3511
15070 8972 8981 8980
15071 3486 3134 3487
15072 18588 18941 18940
15073 8315 8355 8352
15074 5556 5547 5555
15075 3484 3132 3485
15076 3133 3485 3132
15077 18772 18763 18764
15078 3504 3513 3512
15079 6227 6182 6185
15080 8731 8722 8730
15081 3125 3133 3124
15082 7076 7085 7077
15083 3106 3098 3107
15084 3526 3535 3534
15085 19542 19607 19599
15086 8431 8078 8079
15087 3520 3512 3511
15088 3497 3505 3496
15089 3496 3488 3497
15090 3517 3518 3526
15091 20032 19679 20031
15092 17033 17042 17041
15093 8338 8691 8339
15094 3137 3546 3489
15095 19472 19481 19480
15096 3552 3549 3553
15097 3511 3519 3520
15098 3056 3065 3064
15099 8430 8439 8438
15100 3487 3488 3496
15101 3102 3093 3094
15102 3032 3024 3033
15103 8323 8358 8355
15104 9165 9169 9168
15105 8284 8219 8276
15106 19328 19319 19327
15107 8296 8305 8304
15108 3488 3136 3489
15109 3138 2744 2751
15110 9929 9938 9937
15111 16247 16256 16248
15112 8748 8752 8749
15113 3115 3106 3107
15114 5682 5673 5681
15115 3160 3547 3548
15116 17868 17877 17876
15117 3128 3136 3127
15118 8470 8461 8462
15119 6770 6761 6762
15120 7747 7682 7690
15121 8770 9158 9157
15122 6942 6951 6950
15123 19896 19887 19888
15124 7694 7703 7702
15125 8765 8762 3560
15126 8757 8707 8715
15127 17789 17780 17781
15128 8758 8754 8757
15129 6389 6398 6390
15130 3553 3549 3550
15131 9404 9413 9412
15132 15637 15702 15645
15133 17421 17486 17429
15134 20399 20408 20407
15135 8401 8392 8393
15136 3932 3933 3941
15137 5391 5400 5392
15138 3898 3841 3833
15139 3544 3897 3545
15140 3872 3881 3880
15141 3896 3897 3544
15142 3565 3568 3564
15143 9134 9125 9133
15144 17970 17979 17978
15145 6788 6779 6787
15146 3511 3512 3503
15147 18442 18451 18450
15148 19500 19147 19148
15149 3932 3924 3933
15150 3527 3519 3528
15151 3484 3493 3492
15152 3153 3156 3121
15153 3133 3486 3485
15154 8720 8729 8721
15155 20722 20713 20714
15156 8714 8705 8706
15157 3503 3495 3504
15158 7181 7172 7173
15159 16480 16471 16479
15160 3916 3915 3907
15161 10264 10273 10272
15162 10275 10340 10332
15163 16143 16152 16151
15164 3536 3544 3535
15165 3433 3498 3441
15166 16324 16315 16316
15167 3510 3511 3519
15168 6089 6080 6088
15169 6701 6692 6700
15170 8738 8729 8730
15171 5368 5364 5365
15172 3533 3534 3525
15173 5613 5622 5621
15174 7358 7367 7366
15175 6755 6764 6763
15176 5765 5795 5768
15177 8721 8730 8722
15178 3536 3545 3544
15179 8726 8717 8725
15180 3564 3529 3561
15181 3564 3561 3565
15182 8739 8769 8766
15183 20452 20443 20444
15184 3438 3430 3439
15185 19145 19136 19137
15186 16995 17004 17003
15187 8668 8677 8676
15188 15927 15936 15935
15189 9107 9098 9099
15190 18699 18690 18691
15191 8552 8543 8544
15192 3897 3954 3957
15193 9923 9914 9922
15194 18891 18900 18899
15195 9639 9648 9640
15196 5523 5458 5466
15197 8731 8766 8739
15198 3967 3966 3963
15199 3970 3973 3974
15200 8700 8709 8708
15201 6816 6807 6808
15202 3430 3429 3421
15203 3375 3366 3367
15204 3428 3436 3427
15205 9878 9869 9870
15206 9097 9106 9098
15207 16819 16828 16827
15208 19571 19562 19570
15209 3514 3449 3506
15210 3514 3506 3515
15211 8716 8651 8708
15212 3891 3899 3890
15213 7841 7850 7849
15214 3498 3499 3507
15215 10211 10276 10219
15216 6903 6894 6902
15217 6700 6691 6699
15218 15951 15960 15959
15219 3517 3525 3516
15220 5613 5622 5614
15221 8667 8658 8666
15222 3911 3903 3912
15223 5811 5820 5812
15224 19266 19257 19258
15225 19335 19270 19327
15226 17137 17146 17145
15227 3464 3465 3456
15228 8125 8116 8124
15229 8694 8685 8686
15230 10056 18212 18211
15231 3832 3833 3480
15232 9172 9168 9169
15233 3840 3832 3841
15234 9586 9582 9583
15235 4325 4326 4317
15236 9051 9042 9050
15237 3831 3839 3840
15238 9668 9603 9611
15239 20321 20312 20313
15240 3481 3473 3538
15241 3926 3935 3934
15242 8731 8766 8763
15243 7230 7221 7222
15244 3506 3507 3498
15245 10060 10069 10068
15246 3832 3833 3841
15247 9256 9247 9248
15248 5983 5630 5982
15249 8275 8266 8267
15250 19660 19669 19668
15251 3890 3833 3481
15252 8683 9092 8740
15253 9059 9050 9051
15254 8675 8666 8674
15255 9033 9042 9034
15256 9009 9018 9017
15257 5892 5883 5884
15258 5797 5788 5789
15259 3908 3909 3917
15260 3857 3849 3914
15261 6525 6516 6517
15262 20470 20461 20462
15263 3473 3530 3538
15264 8312 8321 8320
15265 18613 18609 18610
15266 8947 8938 8939
15267 18307 18298 18299
15268 8371 8436 8379
15269 6800 6447 6799
15270 16251 16260 16259
15271 9548 9483 9540
15272 7686 7677 7685
15273 8643 8634 8642
15274 6073 6082 6074
15275 3841 3898 3906
15276 3508 3509 3517
15277 20368 20681 20680
15278 8697 8706 8705
15279 18525 18878 18526
15280 3914 3922 3857
15281 9035 9100 9092
15282 19470 19535 19478
15283 7620 7629 7628
15284 3923 3924 3932
15285 9125 9116 9124
15286 9066 9057 9065
15287 8447 8456 8448
15288 8374 8365 8373
15289 6818 6883 6826
15290 10339 10389 10347
15291 3899 3908 3907
15292 5817 5826 5825
15293 4301 4310 4309
15294 9996 7394 9644
15295 16953 16944 16945
15296 9221 9212 9220
15297 3901 3910 3909
15298 3896 3897 3905
15299 17534 17543 17542
15300 9109 9118 9110
15301 6306 6297 6305
15302 9533 9524 9532
15303 9909 9556 9908
15304 3916 3908 3917
15305 17540 17531 17532
15306 3827 3826 3474
15307 3887 4239 3886
15308 9130 9139 9131
15309 5892 5901 5893
15310 19251 19242 19250
15311 5214 5223 5215
15312 5214 5215 12
15313 5670 5679 5671
15314 18545 18536 18537
15315 3900 3908 3899
15316 9132 9141 9133
15317 16908 16899 16900
15318 9137 9146 9138
15319 9179 3977 9566
15320 19647 19656 19655
15321 4329 4337 4328
15322 7441 7450 7442
15323 19979 19970 19971
15324 3903 3895 3904
15325 19280 19289 19288
15326 19690 19337 19338
15327 3432 3433 3441
15328 3569 9158 3956
15329 3569 3956 3568
15330 6883 6892 6884
15331 3545 3954 3567
15332 3542 3895 3894
15333 3955 3959 3958
15334 4265 4264 4256
15335 8586 8595 8594
15336 17325 17316 17317
15337 10081 10090 10089
15338 3528 3537 3536
15339 3911 3912 3920
15340 16942 16951 16950
15341 3896 3904 3895
15342 3929 3921 3966
15343 4299 4308 4307
15344 7606 15762 7607
15345 3926 3918 3927
15346 8474 8483 8482
15347 6071 6080 6079
15348 3865 3856 3864
15349 3862 3870 3861
15350 20125 20116 20124
15351 8959 8950 8951
15352 10323 10383 10331
15353 8211 8620 8563
15354 6264 5911 5912
15355 9252 9261 9260
15356 3912 3913 3921
15357 4299 3947 4300
15358 3937 3945 3936
15359 6008 6017 6016
15360 3919 3927 3918
15361 3892 3893 3901
15362 9493 9484 9485
15363 3960 3913 3905
15364 9020 8955 9012
15365 4377 4378 4374
15366 9165 9115 9123
15367 6984 6975 6976
15368 9922 9913 9921
15369 9554 9563 9555
15370 7600 7609 7601
15371 4336 4328 4337
15372 10346 10355 10354
15373 15863 15854 15855
15374 9410 9401 9402
15375 3963 3960 3964
15376 3976 3977 4364
15377 9566 3977 4364
15378 9545 9554 9546
15379 5346 5337 5345
15380 8587 8578 8579
15381 9174 9178 9175
15382 9129 9138 9130
15383 3927 3936 3935
15384 18275 10119 10120
15385 17465 17474 17473
15386 7286 7277 7278
15387 3900 3901 3909
15388 6718 6727 6719
15389 9575 9572 4370
15390 9151 9504 9152
15391 9516 9525 9517
15392 8383 8392 8391
15393 5543 5552 5544
15394 4315 4307 4316
15395 10205 10214 10206
15396 3966 3970 3969
15397 4334 4325 4326
15398 4330 4322 4331
15399 9920 9929 9921
15400 6865 6512 6513
15401 19065 19074 19073
15402 7496 7505 7497
15403 7976 7967 7975
15404 4368 4369 4372
15405 9329 9338 9337
15406 5224 5233 5232
15407 9566 9569 4364
15408 6693 6684 6692
15409 17526 17535 17527
15410 19107 19116 19115
15411 4280 4272 4281
15412 9553 9544 9552
15413 5321 5330 5329
15414 5785 6173 6172
15415 4789 4793 4792
15416 16221 16286 16229
15417 15499 20702 15500
15418 15499 15491 15500
15419 6881 6890 6882
15420 4321 4371 4329
15421 6230 6239 6231
15422 4759 4750 4758
15423 9101 9110 9109
15424 18304 18313 18312
15425 10091 10082 10090
15426 8780 8789 8788
15427 4353 4345 4380
15428 7219 7154 7211
15429 16612 16621 16620
15430 9478 9469 9470
15431 6621 6630 6622
15432 4714 4706 4715
15433 9972 9976 9973
15434 4335 4327 4336
15435 10136 10127 10128
15436 18124 18115 18123
15437 10225 10216 10217
15438 7386 9644 7394
15439 16855 16502 16503
15440 5145 5187 5137
15441 9876 9811 9868
15442 8898 8889 8890
15443 4323 4314 4315
15444 4339 4340 4348
15445 9083 9148 9140
15446 8796 6538 6546
15447 7036 7045 7044
15448 5443 5234 5386
15449 15641 15650 15649
15450 15709 15700 15708
15451 4776 4729 4721
15452 9636 7378 7386
15453 7005 1800 1803
15454 6277 6268 6269
15455 9954 9963 9962
15456 9427 9418 9419
15457 8528 8537 8536
15458 4750 4742 4751
15459 4353 4383 4361
15460 4336 4344 4335
15461 7089 7080 7081
15462 4774 4778 4777
15463 7627 7636 7628
15464 4315 4324 4323
15465 9571 9575 9574
15466 20378 20025 20026
15467 4339 4348 4347
15468 16725 16716 16717
15469 5521 5530 5522
15470 4246 4255 4247
15471 4656 4665 4664
15472 4714 4649 4657
15473 6838 6829 6830
15474 4706 4297 4354
15475 9257 9266 9265
15476 10319 9966 10318
15477 18289 18280 18288
15478 4263 4264 4272
15479 4714 4722 4723
15480 17541 17606 17549
15481 9481 9472 9480
15482 9925 9916 9924
15483 4316 4308 4317
15484 4346 4281 4289
15485 5842 5833 5841
15486 3951 4304 4303
15487 4339 4338 4330
15488 5134 5126 5135
15489 7895 8153 8152
15490 7561 7552 7553
15491 6205 6196 6204
15492 8339 8748 8361
15493 9229 9220 9228
15494 4211 4219 4210
15495 9137 9128 9136
15496 5647 5638 5646
15497 4351 4342 4343
15498 10319 10328 10327
15499 4256 4264 4255
15500 5550 5541 5542
15501 4261 4270 4269
15502 4284 4285 4293
15503 6459 6468 6467
15504 9862 9871 9870
15505 17286 17295 17294
15506 6041 6394 6042
15507 4361 4713 4360
15508 9562 9915 9563
15509 4359 4711 4358
15510 4727 4726 4718
15511 9518 9527 9519
15512 5457 5448 5449
15513 4346 4347 4355
15514 8420 8773 8421
15515 4346 4355 4354
15516 16910 16850 16902
15517 8277 8286 8285
15518 15766 15701 15758
15519 5996 6005 5997
15520 6932 6923 6924
15521 4269 4270 4278
15522 9076 9085 9084
15523 9153 9506 9505
15524 7006 7010 7009
15525 7303 7312 7311
15526 4346 4354 4289
15527 4259 4267 4258
15528 6735 6382 6734
15529 7102 7093 7094
15530 19446 19437 19438
15531 4259 4258 4250
15532 9519 9510 9518
15533 10277 10286 10285
15534 3884 4236 3883
15535 9947 9938 9939
15536 5494 5503 5502
15537 6522 8780 6530
15538 4252 4253 4261
15539 4260 4251 4252
15540 19387 19378 19379
15541 19326 19317 19318
15542 16004 15995 15996
15543 7066 7131 7123
15544 7768 7777 7776
15545 8379 8444 8436
15546 6998 6994 6997
15547 4357 4356 4348
15548 9143 9152 9144
15549 9466 9475 9467
15550 6748 6739 6740
15551 9911 9558 9559
15552 6222 6213 6221
15553 4332 4340 4331
15554 4332 4324 4323
15555 9986 9982 9983
15556 3948 3947 3939
15557 9510 9501 9502
15558 9535 9544 9543
15559 20617 20626 20625
15560 8619 8610 8611
15561 6537 6528 6536
15562 7213 7222 7214
15563 4306 4307 4315
15564 3926 3927 3935
15565 8752 8756 8753
15566 4377 4337 4374
15567 5663 5654 5662
15568 16799 16790 16791
15569 20697 20688 20689
15570 9503 9150 9502
15571 7789 7780 7781
15572 16934 16869 16926
15573 16525 16516 16524
15574 8435 8082 8083
15575 4236 3884 4237
15576 8383 8374 8375
15577 4234 3825 3882
15578 9072 9081 9073
15579 7022 7031 7023
15580 18392 18745 18744
15581 5207 5227 5219
15582 3872 3880 3871
15583 4262 4270 4261
15584 8724 8733 8732
15585 10177 10168 10169
15586 5456 5465 5457
15587 5637 5324 5325
15588 6003 5938 5995
15589 3877 3885 3876
15590 9455 9446 9454
15591 3930 3922 3931
15592 9472 9463 9464
15593 3869 3877 3868
15594 6011 5946 5954
15595 4298 4307 4299
15596 5340 5349 5341
15597 16462 16471 16470
15598 7293 7302 7294
15599 6682 6747 6690
15600 7710 7719 7718
15601 15910 15845 15902
15602 6125 6116 6124
15603 8200 8209 8208
15604 8001 8010 8009
15605 4235 4244 4243
15606 7268 7277 7269
15607 7838 7829 7837
15608 15963 15972 15971
15609 5775 5779 5778
15610 5775 573 5778
15611 3876 3868 3877
15612 3867 3858 3866
15613 9089 9080 9088
15614 3859 3858 3867
15615 9853 9844 9852
15616 5947 5882 5890
15617 3824 3816 3825
15618 6792 6783 6791
15619 9403 9468 9460
15620 4601 4609 4600
15621 10372 18528 18527
15622 8955 8946 8947
15623 4642 4650 4585
15624 8960 9313 9312
15625 9003 9068 9060
15626 8919 8928 8927
15627 7862 7871 7863
15628 7541 15697 7542
15629 8260 8195 8203
15630 7304 7313 7305
15631 16085 16076 16077
15632 7900 7909 7901
15633 7900 7901 2698
15634 4250 4242 4251
15635 5564 5917 5565
15636 9381 9390 9389
15637 4129 4121 4186
15638 9457 9466 9458
15639 4173 4174 3821
15640 7132 7485 7133
15641 20484 20475 20483
15642 4209 4201 4266
15643 4242 4250 4185
15644 5767 5771 5768
15645 6992 6988 6989
15646 8865 8874 8866
15647 3797 3789 3798
15648 5420 5429 5421
15649 3810 3819 3818
15650 4323 4322 4314
15651 7321 7312 7320
15652 7813 7822 7814
15653 17564 17573 17572
15654 7565 7574 7566
15655 9444 9379 9387
15656 8201 8210 8202
15657 18578 18587 18586
15658 5711 5720 5712
15659 4245 4237 4246
15660 10111 10120 10119
15661 6925 6572 6573
15662 20344 20335 20336
15663 9498 9851 9499
15664 17984 17975 17976
15665 9410 9401 9409
15666 9375 9022 9374
15667 9408 9399 9407
15668 3821 3822 4174
15669 6108 6117 6109
15670 3815 3823 3824
15671 16843 16847 16844
15672 3814 3805 3806
15673 18661 18652 18653
15674 3818 3819 4171
15675 15946 16299 16298
15676 4197 4206 4198
15677 18921 18930 18929
15678 19594 19585 19586
15679 7105 7114 7106
15680 5599 5590 5591
15681 6564 6573 6565
15682 4188 4179 4180
15683 6052 6061 6053
15684 9355 9346 9354
15685 17137 17128 17129
15686 8876 8811 8868
15687 9469 9460 9461
15688 4243 4251 4252
15689 19331 19322 19323
15690 3866 3867 3875
15691 9532 9467 9524
15692 8201 8210 8209
15693 5248 5239 5240
15694 5239 37 5240
15695 4205 4206 4214
15696 4221 4220 4212
15697 9392 9401 9393
15698 5657 5666 5658
15699 19720 19711 19719
15700 3820 4173 4172
15701 8093 8084 8092
15702 4243 4251 4242
15703 4170 4179 4178
15704 9020 9373 9372
15705 9406 9397 9398
15706 4198 4199 4207
15707 9400 9391 9392
15708 5297 5306 5298
15709 8961 8952 8953
15710 4128 4137 4136
15711 10068 10003 10011
15712 8171 8162 8163
15713 4169 4161 4226
15714 4173 4182 4181
15715 6283 6218 6226
15716 4160 4161 4169
15717 4153 4218 4161
15718 6717 6708 6716
15719 4145 4144 4136
15720 4219 4220 4228
15721 7740 7387 7739
15722 4200 4192 4201
15723 4593 4601 4592
15724 4212 4220 4211
15725 10129 9776 10128
15726 16801 16792 16793
15727 4208 4207 4199
15728 4224 4216 4225
15729 8473 8482 8481
15730 6722 6787 6779
15731 8556 8565 8564
15732 8984 8975 8976
15733 4175 4174 3822
15734 4643 4651 4642
15735 9452 9461 9453
15736 20782 20802 20790
15737 8448 8457 8456
15738 9479 9488 9480
15739 4605 4597 4606
15740 4600 4592 4601
15741 4604 4605 4613
15742 8602 8611 8610
15743 6913 6922 6914
15744 10094 10085 10093
15745 9794 9803 9795
15746 9431 9784 9432
15747 19791 19726 19734
15748 9434 9425 9433
15749 7024 7015 7016
15750 7685 7676 7684
15751 19906 19915 19914
15752 6651 6660 6652
15753 17358 17293 17350
15754 9858 9849 9857
15755 16802 16793 16794
15756 16597 16662 16605
15757 6685 6676 6684
15758 6822 6831 6830
15759 9886 9877 9885
15760 4609 4674 4617
15761 5563 5498 5506
15762 5730 7988 5738
15763 9796 9731 9739
15764 4598 4597 4589
15765 20035 20044 20036
15766 5029 5021 5020
15767 5389 5398 5390
15768 4578 4587 4586
15769 4588 4587 4596
15770 6402 6467 6459
15771 16361 16008 16009
15772 9798 9789 9790
15773 3825 4177 3824
15774 4286 4278 4287
15775 7800 7791 7799
15776 7546 15758 7603
15777 4655 4654 4646
15778 9862 9871 9863
15779 8254 8263 8262
15780 9846 9493 9845
15781 4285 4277 4286
15782 4267 4268 4276
15783 9482 9491 9490
15784 9499 9908 9556
15785 4643 4652 4651
15786 7536 7527 7528
15787 7732 15888 7733
15788 7562 7553 7561
15789 5450 5515 5507
15790 16680 16689 16688
15791 19347 19356 19355
15792 7794 7785 7786
15793 5834 5825 5833
15794 15520 20723 15521
15795 15520 15512 15521
15796 6682 6747 6739
15797 4284 4293 4292
15798 4285 4284 4276
15799 4250 4251 4259
15800 6697 6706 6705
15801 4754 4762 4697
15802 9426 9417 9418
15803 4192 4193 4201
15804 4618 4627 4626
15805 7065 7074 7066
15806 9485 9476 9484
15807 4198 4197 4189
15808 9393 9402 9394
15809 4174 4182 4173
15810 5796 5787 5795
15811 9547 9582 9555
15812 5945 5936 5937
15813 4180 4172 4181
15814 4192 4200 4191
15815 4684 4675 4676
15816 5378 5374 5375
15817 4580 4581 4589
15818 6808 6799 6807
15819 4615 4616 4624
15820 6370 6361 6362
15821 4591 4590 4582
15822 4222 4221 4213
15823 9852 9861 9853
15824 16856 16865 16864
15825 9458 9449 9450
15826 4660 4651 4652
15827 4583 4231 4584
15828 8922 8913 8921
15829 7546 7537 7538
15830 17759 17768 17767
15831 6340 6349 6341
15832 18845 18836 18837
15833 8686 8333 8334
15834 9852 9787 9795
15835 7072 7425 7073
15836 5216 5225 5217
15837 5216 5217 14
15838 9487 9478 9479
15839 4651 4659 4650
15840 4276 4268 4277
15841 4286 4295 4294
15842 5118 5126 5117
15843 4286 4287 4295
15844 7678 7325 7677
15845 8643 8634 8635
15846 4601 4593 4658
15847 9481 9490 9482
15848 9498 9489 9497
15849 16882 16891 16890
15850 17325 17316 17324
15851 4644 4292 4645
15852 7426 7491 7434
15853 4686 4678 4687
15854 4654 4645 4646
15855 8836 8427 8484
15856 4292 4645 4293
15857 20755 20764 20763
15858 5053 5052 4700
15859 4669 4670 4678
15860 17468 17477 17469
15861 9553 9562 9561
15862 9878 9887 9879
15863 4661 4660 4652
15864 4700 4692 4691
15865 16967 16976 16975
15866 9862 9853 9861
15867 4695 4704 4696
15868 9051 9116 9108
15869 18769 18760 18761
15870 9713 10066 9714
15871 7755 7690 7698
15872 9903 9894 9902
15873 4992 5001 5000
15874 5050 5059 5058
15875 19863 19872 19864
15876 4608 4617 4616
15877 4654 4662 4653
15878 4661 4653 4662
15879 8222 8213 8214
15880 10269 10260 10261
15881 20661 20670 20669
15882 17078 17087 17086
15883 4644 4653 4652
15884 4646 4647 4655
15885 4653 4645 4654
15886 4671 4670 4662
15887 5385 5232 5233
15888 4625 4616 4617
15889 5829 5820 5828
15890 5054 4702 4701
15891 4613 4621 4612
15892 4698 4641 4633
15893 4622 4614 4623
15894 9824 9833 9825
15895 7749 7740 7748
15896 9885 9876 9884
15897 4690 4633 4698
15898 7022 7031 7030
15899 5711 5720 5719
15900 20180 20171 20172
15901 18507 18516 18515
15902 4638 4630 4639
15903 19753 19400 19401
15904 5744 5753 5752
15905 18820 18811 18819
15906 10261 10270 10262
15907 8029 8020 8028
15908 17287 17278 17279
15909 5083 5075 5084
15910 5054 4702 5055
15911 5074 5075 5083
15912 10272 10281 10280
15913 5000 5001 5009
15914 5058 5001 4993
15915 10254 10263 10255
15916 4992 4993 5001
15917 4767 4759 4768
15918 7608 7599 7600
15919 5094 5086 5095
15920 19577 19568 19569
15921 18484 18475 18476
15922 7181 7172 7180
15923 5138 5146 5081
15924 10253 9900 9901
15925 5078 5069 5070
15926 7110 7119 7118
15927 8428 8437 8429
15928 19666 19657 19658
15929 18803 18794 18795
15930 5053 4700 4701
15931 5050 4698 5051
15932 9817 9826 9818
15933 9885 9894 9886
15934 4089 4154 4097
15935 9810 9801 9809
15936 4561 4553 4618
15937 8001 7992 8000
15938 9070 9079 9078
15939 9222 9213 9214
15940 4614 4606 4615
15941 16020 16024 16023
15942 16020 10818 16023
15943 6656 6647 6655
15944 8433 8080 8432
15945 10205 10214 10213
15946 4629 4621 4630
15947 9482 9491 9483
15948 18339 18348 18347
15949 7569 7578 7570
15950 4588 4579 4580
15951 8890 8881 8882
15952 9841 9832 9840
15953 9809 9818 9810
15954 4599 4607 4598
15955 19617 19970 19969
15956 7145 6792 6793
15957 4592 4584 4593
15958 4594 4595 4603
15959 10235 10300 10292
15960 10368 10377 10376
15961 16615 16606 16607
15962 4637 4990 4638
15963 9708 9643 9700
15964 4621 4622 4630
15965 5966 5957 5965
15966 20001 20010 20009
15967 9684 9619 9676
15968 5818 5883 5875
15969 4990 4989 4637
15970 6855 7208 6856
15971 9798 9807 9799
15972 10202 10193 10194
15973 9838 10191 9839
15974 9188 6930 6938
15975 4991 4990 4999
15976 6718 6709 6717
15977 5067 5059 5068
15978 10194 10203 10195
15979 4952 4944 4953
15980 4934 4935 4943
15981 19459 19468 19467
15982 7548 7195 7547
15983 18640 18649 18648
15984 5386 5451 5443
15985 9836 10189 9837
15986 4567 4559 4568
15987 6453 6462 6454
15988 10146 10155 10154
15989 8503 8494 8495
15990 6536 6527 6535
15991 4944 4945 4953
15992 4953 4945 5010
15993 8902 8911 8903
15994 8899 8890 8891
15995 7709 7718 7710
15996 4637 4638 4629
15997 6100 6453 6452
15998 16780 16771 16772
15999 7332 6979 7331
16000 10229 10220 10221
16001 5022 5030 5021
16002 18083 18074 18082
16003 4997 5005 4996
16004 5020 5012 5021
16005 15776 15767 15768
16006 9819 9810 9811
16007 5018 5019 5027
16008 13160 13152 13151
16009 5013 5004 5005
16010 18405 18414 18413
16011 4992 4640 4639
16012 6635 6644 6636
16013 9911 9558 9910
16014 9769 9778 9777
16015 5861 5852 5860
16016 5013 5012 5004
16017 5006 5014 5005
16018 5028 5036 5027
16019 9677 9668 9669
16020 7178 7243 7235
16021 6903 6894 6895
16022 5022 5030 5031
16023 18521 18874 18873
16024 4998 5007 5006
16025 9119 9128 9120
16026 15747 15756 15755
16027 7449 7458 7457
16028 17251 17255 17252
16029 5023 5022 5014
16030 5104 5095 5096
16031 20323 20314 20315
16032 13200 13208 13209
16033 10227 10292 10235
16034 19102 19093 19094
16035 5031 5039 5030
16036 5027 5035 5036
16037 6401 6392 6400
16038 10393 10397 10394
16039 18829 18820 18821
16040 18412 18403 18411
16041 10237 10228 10236
16042 4975 4966 4974
16043 10277 10268 10276
16044 5068 5060 5069
16045 6985 6976 6977
16046 13214 13206 13205
16047 17316 17307 17308
16048 10231 10240 10232
16049 5783 5843 5835
16050 6191 6251 6243
16051 13198 5042 13197
16052 15782 15717 15774
16053 6285 6276 6284
16054 10229 10238 10230
16055 10297 10288 10296
16056 10295 10286 10294
16057 10303 10294 10302
16058 13204 5048 13203
16059 5068 5069 5077
16060 4993 5050 4641
16061 5047 5038 5039
16062 10128 10137 10136
16063 20718 20743 20726
16064 6828 6819 6820
16065 6063 6054 6062
16066 7234 7225 7226
16067 10254 9901 9902
16068 16209 16218 16217
16069 6791 7144 6792
16070 5091 5083 5092
16071 5032 5040 5031
16072 6025 6016 6024
16073 7552 7199 7551
16074 5033 5024 5025
16075 16600 16609 16608
16076 10295 10304 10303
16077 10278 10269 10270
16078 10273 10282 10281
16079 20240 20236 20237
16080 18467 10311 18466
16081 16161 16514 16513
16082 10217 10208 10216
16083 10306 10297 10298
16084 18123 18132 18131
16085 18280 18271 18279
16086 10275 10340 10283
16087 5583 5592 5584
16088 18318 18309 18310
16089 5090 5082 5091
16090 19615 19968 19616
16091 5098 5099 5107
16092 12998 18201 12999
16093 12998 12990 12999
16094 9515 9570 9567
16095 8711 8702 8703
16096 7765 7774 7766
16097 19400 19391 19399
16098 20252 20261 20260
16099 5098 5041 5033
16100 5040 5032 5041
16101 5853 5500 5852
16102 5016 5025 5024
16103 5093 5092 5084
16104 5033 5041 5032
16105 6340 6331 6339
16106 5109 5100 5108
16107 5098 5106 5041
16108 9316 9325 9324
16109 5381 5390 5382
16110 15596 20805 15603
16111 15596 15588 15603
16112 10313 10304 10312
16113 5262 5271 5270
16114 8920 8911 8912
16115 5101 5109 5100
16116 8623 8632 8631
16117 18468 10312 18467
16118 10289 10280 10288
16119 10372 10307 10315
16120 15869 15934 15926
16121 5140 5149 5148
16122 5348 5701 5349
16123 5088 5096 5087
16124 20407 20416 20415
16125 5089 5154 5097
16126 5085 5077 5086
16127 6203 6173 6176
16128 8189 8198 8197
16129 5557 5566 5565
16130 5065 5073 5064
16131 5052 4699 4700
16132 17981 18046 17989
16133 10324 10259 10316
16134 4741 4749 4740
16135 10348 10283 10291
16136 5163 5172 5171
16137 15850 15841 15842
16138 4788 4789 4792
16139 20275 20284 20283
16140 4686 4687 4695
16141 5115 5116 5124
16142 5080 5072 5081
16143 16500 16491 16492
16144 5064 5073 5072
16145 10265 10256 10264
16146 5063 5062 5054
16147 9585 9555 9563
16148 6972 6963 6964
16149 19731 19740 19732
16150 5956 5947 5948
16151 4681 4689 4746
16152 5158 5159 5167
16153 5089 5088 5080
16154 7397 7427 7419
16155 5514 5579 5571
16156 9294 9303 9302
16157 4766 4758 4767
16158 5113 5104 5105
16159 10356 10291 10348
16160 6662 7015 6663
16161 10333 10342 10334
16162 5140 5131 5132
16163 5148 5156 5147
16164 13325 13333 13334
16165 5140 5139 5131
16166 8791 8800 8799
16167 8514 8523 8515
16168 8316 8325 8324
16169 7981 7990 7982
16170 10366 10375 10367
16171 10290 10299 10298
16172 13335 13326 13334
16173 10359 10368 10360
16174 5124 5132 5123
16175 18704 18713 18712
16176 5161 5193 5196
16177 15789 15780 15781
16178 7206 7215 7207
16179 15890 15899 15891
16180 20024 20015 20016
16181 5140 5141 5149
16182 10357 10348 10356
16183 5138 5147 5146
16184 18547 18556 18548
16185 10358 10349 10350
16186 10361 10370 10369
16187 5921 5568 5920
16188 7219 7154 7162
16189 10337 10346 10338
16190 7675 7684 7676
16191 5169 5177 5168
16192 5176 5175 13331
16193 9495 9848 9847
16194 5120 5119 5128
16195 19284 19293 19292
16196 4774 4775 4778
16197 9980 4775 4778
16198 16483 16492 16491
16199 9952 9961 9953
16200 9944 9953 9952
16201 16355 16708 16707
16202 15678 15687 15686
16203 4765 4757 4766
16204 4752 4751 4743
16205 6486 6495 6487
16206 5135 5143 5144
16207 17643 17996 17995
16208 5126 5127 5135
16209 5752 5743 5751
16210 8043 8108 8100
16211 18433 18442 18434
16212 4767 5119 4766
16213 5120 4768 5121
16214 6876 6885 6877
16215 10146 10155 10147
16216 8100 8035 8092
16217 5151 5152 5160
16218 6621 6630 6629
16219 4788 4761 4753
16220 5388 5379 5380
16221 5117 5125 5116
16222 9722 9731 9730
16223 4746 4755 4754
16224 4759 4760 4751
16225 17945 17936 17937
16226 8396 8405 8404
16227 9010 9019 9018
16228 7369 7378 7370
16229 4738 4673 4730
16230 5122 5130 5065
16231 11637 16842 11640
16232 5063 5064 5072
16233 17534 17543 17535
16234 4767 4768 5120
16235 7143 6790 6791
16236 5117 4765 5118
16237 7449 7458 7450
16238 10384 10380 10381
16239 3974 9179 9176
16240 13399 13400 13396
16241 9495 9848 9496
16242 4721 4713 4773
16243 4781 4777 4780
16244 10045 10054 10053
16245 17611 17602 17610
16246 4776 4721 4773
16247 9960 9951 9952
16248 4291 4643 4290
16249 17453 17862 17805
16250 10038 10029 10030
16251 4743 4751 4742
16252 4744 4753 4752
16253 6208 6217 6209
16254 4753 4744 4745
16255 4787 9992 4790
16256 4787 4790 4786
16257 5118 5127 5126
16258 10055 10046 10054
16259 20358 20349 20350
16260 15617 15613 15614
16261 9961 9970 9962
16262 9943 9952 9951
16263 5544 5535 5536
16264 6787 7140 7139
16265 4769 4761 4791
16266 9946 9937 9945
16267 6012 6021 6013
16268 9006 8997 8998
16269 4776 4779 4729
16270 9990 9955 9987
16271 4738 4739 4747
16272 4726 4717 4718
16273 4738 4747 4746
16274 4738 4746 4681
16275 10317 10326 10318
16276 6567 6576 6568
16277 8304 8295 8296
16278 4697 4688 4689
16279 4599 4591 4600
16280 9779 10188 10131
16281 9959 9968 9960
16282 4748 4749 4757
16283 7359 7368 7360
16284 4369 4368 4365
16285 4716 4724 4715
16286 4754 4689 4746
16287 8796 6538 8788
16288 5409 5418 5410
16289 5995 5930 5938
16290 5762 8364 8012
16291 9882 9891 9890
16292 4697 4689 4754
16293 19784 19793 19785
16294 9888 9879 9880
16295 4279 4288 4287
16296 9910 9919 9911
16297 4662 4671 4663
16298 9304 9657 9305
16299 7237 7246 7245
16300 9936 9927 9928
16301 4716 4717 4725
16302 9963 9993 9971
16303 8083 8074 8082
16304 7078 7087 7086
16305 6226 6217 6225
16306 16190 16125 16182
16307 4687 4696 4695
16308 19833 19837 19836
16309 9890 9899 9891
16310 5055 5064 5063
16311 9609 9600 9608
16312 15704 15695 15703
16313 10244 18400 10245
16314 5145 5153 5144
16315 19042 19051 19050
16316 9870 9879 9878
16317 5125 5126 5134
16318 4763 4762 5115
16319 9071 9062 9063
16320 5055 4703 5056
16321 4696 4705 4704
16322 8927 8918 8919
16323 10316 9907 10259
16324 6855 6846 6847
16325 4680 4689 4688
16326 16895 16904 16903
16327 8539 8604 8547
16328 5115 5123 5114
16329 6009 6018 6017
16330 8682 9035 9034
16331 9907 9898 9906
16332 5081 5072 5073
16333 8711 8720 8712
16334 9482 9473 9474
16335 4746 4747 4755
16336 5665 5674 5673
16337 5122 5114 5123
16338 6493 6484 6492
16339 9362 9353 9361
16340 4363 4367 4366
16341 7841 7850 7842
16342 5161 5153 5193
16343 9587 4382 9584
16344 5165 5174 5173
16345 7103 7094 7102
16346 8447 8438 8439
16347 4788 4789 4785
16348 20729 20496 20497
16349 5158 5166 5157
16350 9578 4376 4373
16351 4372 4376 4373
16352 5198 5194 5195
16353 5198 5195 10400
16354 5161 5196 5169
16355 4753 4745 4785
16356 5167 5166 5158
16357 6726 7079 7078
16358 4774 4777 4773
16359 7332 6979 6980
16360 9587 4385 4382
16361 4381 4385 4382
16362 10339 10389 10386
16363 16995 16986 16987
16364 17813 17878 17870
16365 19033 19024 19032
16366 5470 5479 5471
16367 10398 10402 10399
16368 13411 13798 13799
16369 6157 6148 6156
16370 16563 16554 16555
16371 17912 17921 17920
16372 4345 4337 4377
16373 4779 4783 4782
16374 9529 9538 9537
16375 3961 3960 3957
16376 8716 8651 8659
16377 3892 3540 3893
16378 7530 7595 7587
16379 4785 4789 4786
16380 5161 5153 5152
16381 4364 9569 4367
16382 4364 4367 4363
16383 4371 4372 4375
16384 8685 8332 8684
16385 9186 8833 8834
16386 4377 4378 4381
16387 10388 10391 5186
16388 15917 15908 15909
16389 5136 5145 5144
16390 10400 5195 10397
16391 5685 5694 5686
16392 8607 8616 8615
16393 9991 9987 9990
16394 13400 13397 18602
16395 13400 13397 13396
16396 13338 13339 13330
16397 10380 9971 10323
16398 13337 13346 13338
16399 10382 9994 10381
16400 9091 9500 9443
16401 5693 6046 5694
16402 5120 5129 5128
16403 6562 6553 6554
16404 9575 4373 9578
16405 13811 13808 19013
16406 13811 13808 13807
16407 4792 5180 5179
16408 18510 18501 18502
16409 9983 9986 4781
16410 5118 5119 5127
16411 5121 5181 5129
16412 5184 5129 5181
16413 17907 17898 17899
16414 5179 5180 5183
16415 10385 5180 5183
16416 5190 5191 5187
16417 7265 7618 7266
16418 10397 5195 5192
16419 5191 5195 5192
16420 10297 10288 10289
16421 9170 9167 3965
16422 9580 9576 9579
16423 4344 4352 4343
16424 9994 9990 9993
16425 17362 17371 17370
16426 10201 10192 10193
16427 8275 8266 8274
16428 3975 4363 4362
16429 7751 7760 7752
16430 9164 3959 3962
16431 3959 3958 3962
16432 3535 3536 3527
16433 3967 3964 3968
16434 5119 4767 5120
16435 2688 2696 2687
16436 9176 3971 9173
16437 9468 9477 9469
16438 2703 2704 2712
16439 8749 8753 8750
16440 3013 3012 3021
16441 8756 3551 3554
16442 3551 3550 3554
16443 3547 3550 3546
16444 8155 8220 8212
16445 7879 7888 7887
16446 7257 7266 7258
16447 3944 3935 3936
16448 7232 7241 7240
16449 6423 6414 6422
16450 2694 2951 2693
16451 7880 2678 2677
16452 7877 2675 2674
16453 3557 3560 3556
16454 3557 3560 8762
16455 3105 3096 3097
16456 2680 2679 7882
16457 2696 3010 2953
16458 7881 7890 7882
16459 7881 7882 2679
16460 2678 7881 2679
16461 3092 3091 3100
16462 20715 20724 20723
16463 20651 20647 20648
16464 8345 8342 3140
16465 7267 6858 6915
16466 10044 7786 10036
16467 9506 9515 9514
16468 5974 5965 5966
16469 3148 3147 3151
16470 3014 3013 2716
16471 17730 17721 17722
16472 7217 7226 7218
16473 17556 17565 17564
16474 3145 3148 3144
16475 7873 8091 8090
16476 7861 7870 7869
16477 7926 2724 2723
16478 7923 7932 7924
16479 7923 7924 2721
16480 8285 8276 8284
16481 2752 2748 2749
16482 2731 2739 2730
16483 2700 7903 2701
16484 2723 2722 7925
16485 8296 8305 8297
16486 8354 8351 3149
16487 8351 8348 3146
16488 2727 2735 2736
16489 7928 2726 2725
16490 7954 7950 7951
16491 7929 2726 2727
16492 6773 6764 6765
16493 2749 2748 2745
16494 8357 3155 8360
16495 3142 3146 3145
16496 19534 19599 19542
16497 8259 8250 8251
16498 2753 2752 2749
16499 7948 7951 7947
16500 7948 2745 7947
16501 8719 8710 8711
16502 8354 3149 3152
16503 3149 3148 3152
16504 3161 3157 3160
16505 7952 7951 7948
16506 3556 3560 3559
16507 7917 7908 7909
16508 3143 3142 3139
16509 7947 7951 7950
16510 3089 3081 3141
16511 7948 7949 2746
16512 7948 7949 7952
16513 3158 3161 3157
16514 3158 3161 8363
16515 3157 3156 3153
16516 9345 9354 9353
16517 7905 7914 7913
16518 2704 2721 7923
16519 7953 7950 7954
16520 2702 2701 7904
16521 3140 3139 2752
16522 2741 3079 3078
16523 2736 2744 2735
16524 3155 3154 3151
16525 2728 2727 7930
16526 8227 8292 8284
16527 7929 7938 7930
16528 7929 7930 2727
16529 7937 7928 7929
16530 7928 2726 7929
16531 7927 7936 7928
16532 7927 7928 2725
16533 8283 8343 8340
16534 7939 7914 7922
16535 7932 7941 7933
16536 2703 2702 7905
16537 2675 2683 2674
16538 3138 3081 2744
16539 8954 8963 8962
16540 7933 7924 7932
16541 7906 2704 2703
16542 3148 3147 3144
16543 8348 8345 3143
16544 2721 2730 2722
16545 8750 3548 3161
16546 3160 3548 3161
16547 2721 7924 2722
16548 7945 8283 7946
16549 3551 8756 8753
16550 9170 9166 9169
16551 3137 3129 3128
16552 8684 8275 8332
16553 9167 9163 9164
16554 3147 3097 3105
16555 8698 8707 8699
16556 8708 8717 8716
16557 2737 3075 3074
16558 2707 2708 2716
16559 2717 2709 2718
16560 2705 2706 2714
16561 2729 2712 2704
16562 3020 3012 3011
16563 7899 7908 7900
16564 7899 7900 2697
16565 8131 8196 8139
16566 2707 2699 2708
16567 3121 3129 3120
16568 2723 2731 2722
16569 7874 7865 7866
16570 2677 2676 7879
16571 3921 3913 3963
16572 3929 3937 3928
16573 3924 3925 3933
16574 7878 7887 7879
16575 7878 7879 2676
16576 2670 2662 2671
16577 2654 7857 2655
16578 8219 7921 7922
16579 3912 3921 3920
16580 8757 8761 8758
16581 2728 2736 2727
16582 3569 8771 3566
16583 3569 3565 3566
16584 3155 8357 3152
16585 3155 3151 3152
16586 6634 6625 6626
16587 3566 8771 8768
16588 3563 8768 8765
16589 3566 8768 3563
16590 3566 3562 3563
16591 9173 9169 9172
16592 3919 3918 3910
16593 9111 9102 9110
16594 8771 3569 9158
16595 3566 3565 3562
16596 8469 8460 8461
16597 3967 3970 3966
16598 2732 2740 2741
16599 8759 8756 3554
16600 3557 3553 3556
16601 3906 3907 3915
16602 2746 2749 2745
16603 2688 2687 2679
16604 2746 2750 2749
16605 2753 7955 2750
16606 2753 2749 2750
16607 3157 3154 3158
16608 2696 2688 2713
16609 7952 7955 7951
16610 2750 7955 7952
16611 7955 7954 7951
16612 3021 3012 3020
16613 2753 8342 7955
16614 7954 8342 7955
16615 3140 8342 2753
16616 3140 2752 2753
16617 3159 3156 3129
16618 8299 8349 8307
16619 3089 3141 3144
16620 8345 8341 8342
16621 3143 3146 3142
16622 3143 3146 8348
16623 3094 3095 3103
16624 8350 8354 8353
16625 3963 3966 3921
16626 2727 2735 2726
16627 2723 2731 2732
16628 3548 8753 8750
16629 7938 7953 7950
16630 3145 3149 3148
16631 3077 3085 3076
16632 2724 2732 2723
16633 8357 8353 8356
16634 3011 2714 3012
16635 2730 2738 2729
16636 3552 3555 3505
16637 2724 2725 2733
16638 8293 8302 8301
16639 8751 8755 8752
16640 7933 7942 7941
16641 7944 7935 7943
16642 3138 3141 3081
16643 2734 2726 2735
16644 2733 2732 2724
16645 3152 3151 3148
16646 7934 7943 7935
16647 8344 8348 8347
16648 8357 8354 3152
16649 3104 3096 3105
16650 3077 3076 2739
16651 2734 2743 2735
16652 3086 3078 3087
16653 2735 2744 2743
16654 8282 8291 8283
16655 3080 3079 2742
16656 18245 18236 18237
16657 15812 15821 15820
16658 7931 7940 7932
16659 8771 8767 8768
16660 8763 8723 8731
16661 3528 3520 3529
16662 3555 3513 3505
16663 8227 8218 8219
16664 8762 8759 3557
16665 3971 9173 3968
16666 3971 3967 3968
16667 3956 3959 3955
16668 3956 3959 9161
16669 9173 9170 3968
16670 3902 3903 3911
16671 3568 3955 3956
16672 8758 8762 8761
16673 3521 3513 3558
16674 3559 3555 3556
16675 3956 9161 9158
16676 9157 9161 9160
16677 9856 9847 9848
16678 15727 15718 15719
16679 3904 3913 3912
16680 8180 8189 8188
16681 9167 9164 3962
16682 9175 9179 9178
16683 4365 4366 4362
16684 4271 4280 4279
16685 4313 4305 4365
16686 9167 3962 3965
16687 3962 3961 3965
16688 3463 3472 3471
16689 8699 8690 8698
16690 3917 3926 3918
16691 4332 4323 4331
16692 3527 3536 3528
16693 7906 7931 7914
16694 9121 9112 9120
16695 3555 3558 3513
16696 3533 3542 3534
16697 9155 9146 9154
16698 9129 9120 9128
16699 3914 3915 3923
16700 3919 3910 3911
16701 9087 9440 9439
16702 4304 4312 4303
16703 3541 3542 3533
16704 3937 3969 3972
16705 9121 9130 9122
16706 9138 9147 9139
16707 3473 3472 3464
16708 5414 5423 5422
16709 3906 3915 3914
16710 3924 3915 3916
16711 9101 9110 9102
16712 3964 3960 3961
16713 9113 9104 9112
16714 3907 3899 3898
16715 3910 3902 3911
16716 9105 9114 9106
16717 3904 3912 3903
16718 3961 3957 3958
16719 3562 3558 3559
16720 9162 9107 9115
16721 3960 3963 3913
16722 3894 3895 3903
16723 8760 8715 8723
16724 3567 3564 3568
16725 9163 9159 9162
16726 3556 3552 3553
16727 9535 9526 9534
16728 10339 10330 10331
16729 3937 3972 3945
16730 3929 3969 3937
16731 9147 9177 9174
16732 3972 3969 3973
16733 9153 9144 9152
16734 9135 9144 9136
16735 5118 4766 5119
16736 5190 5193 5153
16737 3966 3969 3929
16738 3973 3969 3970
16739 3921 3929 3920
16740 8441 8450 8449
16741 9557 9910 9909
16742 9145 9136 9144
16743 3927 3919 3928
16744 3934 3935 3943
16745 4370 4366 4369
16746 3944 3943 3935
16747 9145 9154 9146
16748 3949 3950 4302
16749 3927 3928 3936
16750 4306 4307 4298
16751 3940 3931 3932
16752 9131 9122 9123
16753 3942 3933 3934
16754 3941 3933 3942
16755 9450 9441 9449
16756 3948 3939 3940
16757 3940 3949 3948
16758 9117 9108 9116
16759 4317 4308 4309
16760 4245 4244 4236
16761 3865 3922 3930
16762 9141 9150 9142
16763 3883 3875 3884
16764 3860 3868 3869
16765 3939 3938 3930
16766 3931 3923 3932
16767 3933 3925 3934
16768 3926 3925 3917
16769 3862 3871 3870
16770 3934 3925 3926
16771 3939 3930 3931
16772 8858 8867 8866
16773 9074 9083 9075
16774 3938 3873 3930
16775 9140 9149 9141
16776 3848 3849 3857
16777 8728 8719 8727
16778 3880 3888 3879
16779 3873 3872 3864
16780 4236 4244 4235
16781 3881 3873 3938
16782 9091 9082 9090
16783 3922 3914 3923
16784 3873 3864 3865
16785 9067 9132 9124
16786 3873 3865 3930
16787 3924 3916 3925
16788 3859 3868 3860
16789 9071 9080 9072
16790 3864 3855 3856
16791 9058 9067 9059
16792 8906 8915 8914
16793 3914 3849 3906
16794 3865 3857 3922
16795 8680 8671 8672
16796 8619 9028 8676
16797 3853 3862 3854
16798 8734 8743 8735
16799 3891 3539 3892
16800 8669 8678 8670
16801 3856 3857 3848
16802 3865 3857 3856
16803 3907 3898 3906
16804 3849 3841 3906
16805 3841 3849 3840
16806 9127 9118 9126
16807 3532 3531 3523
16808 9108 9043 9051
16809 3925 3916 3917
16810 3902 3910 3901
16811 8726 8735 8727
16812 3509 3501 3510
16813 3540 3532 3541
16814 9109 9100 9101
16815 8742 9095 8743
16816 9119 9110 9118
16817 9112 9103 9104
16818 3473 3465 3530
16819 9117 9126 9125
16820 8740 8675 8683
16821 3918 3917 3909
16822 3918 3909 3910
16823 8733 8742 8734
16824 3478 3831 3830
16825 3891 3538 3539
16826 9105 9096 9097
16827 3540 3541 3893
16828 8724 8659 8716
16829 3900 3892 3901
16830 3898 3833 3890
16831 9103 9094 9102
16832 3565 3561 3562
16833 3840 3831 3832
16834 9102 9093 9101
16835 9700 9635 9692
16836 3900 3891 3899
16837 3892 3900 3891
16838 3539 3531 3540
16839 9094 8741 9093
16840 3890 3538 3891
16841 3481 3538 3890
16842 3531 3532 3540
16843 8683 8674 8675
16844 3525 3533 3524
16845 3533 3524 3532
16846 9096 8743 8744
16847 9101 9092 9093
16848 3432 3431 3440
16849 3460 3469 3461
16850 8682 9035 8683
16851 9065 9056 9057
16852 9093 8740 9092
16853 3829 3477 3830
16854 3514 3457 3449
16855 3457 3522 3465
16856 3441 3506 3449
16857 8716 8725 8717
16858 3456 3457 3465
16859 3441 3449 3440
16860 3457 3514 3522
16861 9034 9043 9042
16862 3539 3530 3531
16863 3538 3530 3539
16864 3461 3470 3469
16865 3481 3472 3473
16866 3481 3480 3472
16867 8718 8727 8726
16868 3441 3498 3506
16869 8578 8569 8570
16870 5630 5621 5622
16871 3433 3490 3498
16872 3423 3431 3432
16873 8718 8709 8710
16874 3134 3486 3133
16875 10048 10039 10040
16876 3448 3440 3449
16877 3441 3440 3432
16878 3392 3384 3393
16879 8688 8335 8687
16880 10237 10228 10229
16881 3514 3515 3523
16882 3431 3439 3430
16883 8659 8650 8658
16884 3519 3518 3510
16885 3457 3448 3449
16886 3456 3448 3457
16887 8642 8651 8643
16888 3532 3523 3524
16889 3506 3507 3515
16890 9229 9220 9221
16891 3123 3131 3132
16892 3507 3508 3516
16893 3514 3523 3522
16894 3525 3534 3526
16895 3492 3500 3501
16896 3499 3508 3507
16897 8730 8739 8731
16898 9797 9806 9805
16899 3516 3508 3517
16900 8711 8702 8710
16901 3509 3500 3501
16902 3508 3500 3509
16903 3099 3107 3098
16904 8657 8648 8649
16905 3542 3543 3895
16906 3510 3502 3511
16907 3087 3088 3096
16908 3510 3501 3502
16909 8704 8713 8705
16910 3504 3505 3513
16911 3521 3558 3561
16912 8706 8715 8707
16913 8318 8309 8310
16914 3494 3486 3495
16915 3120 3119 3111
16916 3905 3904 3896
16917 9156 9160 9157
16918 3517 3518 3509
16919 3525 3526 3517
16920 3509 3518 3510
16921 3527 3518 3519
16922 3526 3518 3527
16923 8728 8737 8736
16924 8745 8736 8737
16925 3536 3537 3545
16926 3541 3894 3542
16927 3893 3894 3902
16928 3893 3894 3541
16929 9156 8747 9099
16930 3534 3535 3543
16931 3543 3544 3896
16932 3534 3543 3542
16933 8745 9098 8746
16934 8747 8738 8746
16935 3121 3156 3129
16936 9159 9099 9107
16937 3545 3537 3567
16938 3958 3954 3955
16939 3905 3897 3957
16940 8769 9157 8770
16941 3955 3567 3568
16942 3567 3537 3564
16943 8770 8766 8769
16944 3135 3127 3136
16945 3154 3153 3150
16946 8763 8767 8764
16947 3529 3520 3521
16948 3512 3521 3513
16949 3529 3521 3561
16950 3142 3138 3141
16951 3520 3521 3512
16952 3561 3558 3562
16953 9099 8746 8747
16954 3546 3137 3159
16955 3151 3147 3150
16956 3547 3159 3160
16957 3546 3159 3547
16958 8760 8764 8763
16959 3552 3505 3497
16960 8699 8754 8751
16961 3489 3546 3549
16962 3489 3549 3497
16963 3495 3496 3504
16964 3489 3136 3137
16965 3489 3497 3488
16966 3080 3081 3089
16967 3505 3496 3504
16968 3103 3095 3104
16969 3079 3080 3088
16970 3503 3502 3494
16971 8696 8705 8697
16972 3137 3128 3136
16973 3112 3121 3113
16974 8337 8328 8336
16975 3495 3487 3496
16976 8749 8361 8362
16977 8732 8667 8724
16978 3124 3132 3133
16979 3487 3135 3488
16980 3150 3153 3113
16981 17003 17012 17011
16982 3086 3085 3077
16983 8322 8313 8321
16984 8319 8310 8311
16985 8304 8295 8303
16986 3159 3137 3129
16987 3126 3118 3127
16988 3487 3134 3135
16989 3115 3116 3124
16990 8330 8339 8331
16991 3119 3110 3111
16992 3097 3096 3088
16993 8627 8274 8275
16994 3491 3483 3492
16995 8695 8704 8696
16996 3105 3113 3104
16997 3102 3094 3103
16998 3119 3127 3118
16999 3120 3129 3128
17000 3079 2742 2741
17001 3088 3080 3089
17002 3120 3121 3112
17003 8352 8356 8353
17004 3103 3104 3112
17005 8288 8297 8289
17006 8331 8322 8323
17007 3103 3111 3102
17008 3157 3153 3154
17009 3016 2719 3017
17010 3022 3014 3013
17011 8346 8291 8299
17012 2733 2741 2732
17013 3110 3101 3102
17014 2712 2720 2711
17015 8335 8326 8334
17016 8293 8284 8292
17017 3112 3104 3113
17018 8289 8298 8290
17019 3087 3096 3095
17020 8862 8871 8870
17021 3111 3102 3110
17022 3095 3096 3104
17023 8307 8352 8315
17024 3111 3103 3112
17025 3094 3085 3086
17026 8359 8363 8362
17027 3087 3095 3086
17028 8313 8304 8312
17029 3048 3057 3056
17030 3083 3082 3091
17031 3100 3091 3099
17032 8323 8314 8315
17033 3139 2751 3138
17034 2734 2742 2743
17035 2733 2742 2734
17036 3080 2742 2743
17037 3086 3077 3078
17038 3139 3138 3142
17039 3087 3079 3088
17040 8281 8290 8282
17041 2752 2751 3139
17042 7943 8281 7944
17043 2736 2751 2748
17044 2744 2751 2736
17045 2748 2752 2751
17046 8298 8307 8306
17047 3092 3084 3093
17048 8341 7953 7954
17049 8698 8689 8690
17050 8360 8356 8357
17051 8278 7940 8277
17052 2712 2729 2737
17053 2738 2730 2739
17054 8278 8287 8279
17055 3083 3075 3074
17056 3077 2739 2740
17057 3077 2740 3078
17058 8277 8286 8278
17059 2731 2732 2740
17060 3078 2740 2741
17061 3093 3085 3094
17062 8317 8308 8309
17063 2738 3076 3075
17064 2737 2729 2738
17065 3099 3090 3091
17066 3115 3124 3123
17067 8286 8295 8287
17068 8303 8312 8311
17069 18128 18119 18120
17070 8303 8294 8302
17071 3085 3093 3084
17072 3093 3101 3092
17073 8317 8326 8318
17074 3017 3074 3082
17075 8292 8301 8293
17076 3108 3109 3117
17077 7900 7909 7908
17078 3486 3494 3485
17079 3091 3082 3090
17080 3483 3130 3131
17081 16559 16568 16567
17082 3024 3016 3025
17083 3090 3033 3025
17084 3124 3116 3125
17085 3056 3055 3047
17086 17493 17558 17501
17087 3039 3047 3038
17088 3046 3055 3054
17089 3017 3082 3025
17090 8316 8325 8317
17091 3074 3083 3082
17092 3053 3054 3045
17093 3044 3052 3043
17094 3039 3031 3040
17095 3122 3130 3065
17096 8308 8243 8251
17097 8267 8258 8266
17098 3106 3049 3114
17099 3041 3098 3106
17100 3491 3482 3483
17101 3118 3109 3110
17102 3038 3029 3030
17103 7913 7922 7921
17104 2692 2683 2684
17105 3117 3126 3125
17106 3118 3126 3117
17107 18141 17923 17924
17108 3131 3130 3122
17109 3499 3490 3491
17110 8687 8334 8686
17111 19830 19790 19827
17112 8327 8318 8326
17113 19461 19452 19453
17114 3122 3065 3057
17115 8242 8251 8250
17116 8316 8251 8259
17117 3064 3065 3073
17118 17429 17420 17421
17119 3072 3425 3073
17120 3117 3109 3118
17121 3099 3100 3108
17122 8337 8690 8689
17123 3117 3125 3116
17124 3130 3073 3065
17125 3485 3493 3484
17126 3126 3134 3125
17127 3114 3106 3115
17128 8267 8332 8275
17129 3072 3424 3425
17130 3115 3107 3116
17131 8686 8695 8694
17132 8334 8325 8333
17133 3114 3123 3122
17134 3115 3123 3114
17135 3430 3422 3431
17136 3132 3484 3131
17137 3500 3491 3492
17138 3499 3491 3500
17139 3483 3131 3484
17140 3483 3484 3492
17141 8693 8702 8694
17142 8327 8336 8335
17143 3483 3482 3130
17144 18005 17996 17997
17145 3501 3493 3492
17146 3485 3494 3493
17147 8696 8687 8695
17148 3073 3130 3482
17149 3502 3493 3494
17150 3502 3501 3493
17151 3421 3422 3069
17152 3430 3421 3422
17153 3073 3482 3425
17154 3425 3482 3490
17155 3432 3424 3423
17156 8626 8635 8627
17157 3499 3498 3490
17158 8692 8701 8693
17159 8684 8275 8627
17160 8627 8692 8684
17161 3006 3359 3007
17162 3443 3444 3435
17163 3445 3453 3444
17164 8272 8625 8273
17165 3472 3463 3464
17166 3433 3424 3432
17167 3425 3433 3424
17168 8640 8631 8639
17169 3072 3063 3071
17170 3431 3422 3423
17171 8629 8638 8637
17172 3455 3463 3464
17173 3059 3060 3068
17174 3839 3847 3838
17175 8628 8563 8620
17176 8115 8106 8107
17177 8578 8569 8577
17178 8622 8631 8623
17179 3060 3061 3069
17180 3361 3418 3426
17181 8232 8241 8240
17182 3418 3066 3419
17183 8161 8170 8169
17184 3418 3009 3066
17185 3424 3423 3071
17186 10308 10243 10300
17187 8623 8270 8622
17188 8626 8273 8625
17189 3422 3070 3423
17190 3071 3423 3070
17191 8171 8162 8170
17192 3454 3455 3463
17193 3051 3042 3043
17194 2975 2983 2974
17195 8229 8220 8228
17196 8561 8570 8562
17197 8630 8639 8638
17198 2985 3050 3042
17199 8621 8630 8629
17200 3038 3037 3029
17201 3420 3067 3068
17202 3419 3067 3420
17203 3070 3069 3061
17204 3031 3030 3022
17205 3034 2969 3026
17206 3035 3043 3034
17207 3035 3027 3036
17208 3028 3027 3019
17209 3050 3051 3059
17210 8252 8187 8195
17211 2984 2993 2992
17212 3044 3053 3052
17213 8254 8263 8255
17214 3051 3050 3042
17215 3035 3034 3026
17216 3026 3027 3035
17217 2969 2977 2968
17218 8252 8261 8253
17219 2993 3050 2985
17220 8270 8261 8269
17221 3066 3001 3058
17222 3066 3009 3001
17223 3009 3008 3000
17224 8203 8268 8260
17225 8240 8231 8239
17226 3064 3063 3072
17227 3019 3020 3028
17228 8254 8245 8246
17229 3068 3060 3069
17230 8272 8263 8271
17231 3030 3029 3021
17232 8233 8242 8241
17233 8258 8249 8257
17234 3045 3054 3046
17235 3029 3037 3028
17236 8255 8246 8254
17237 3040 3031 3032
17238 3063 3054 3055
17239 3062 3053 3054
17240 3036 3037 3045
17241 8247 8256 8248
17242 3046 3038 3047
17243 3026 2961 3018
17244 3048 3039 3047
17245 3040 3039 3048
17246 8241 8250 8242
17247 3011 3010 2713
17248 8246 8237 8238
17249 2955 2956 2964
17250 3031 3039 3030
17251 3038 3030 3039
17252 3029 3020 3021
17253 3028 3020 3029
17254 3043 3034 3042
17255 8239 8248 8240
17256 3038 3046 3037
17257 3045 3037 3046
17258 3036 3044 3035
17259 3043 3035 3044
17260 8153 8162 8161
17261 3036 3027 3028
17262 8161 8152 8160
17263 2713 3011 2714
17264 8178 8169 8177
17265 2950 2958 2949
17266 17838 17773 17830
17267 2985 2977 3042
17268 8238 8229 8237
17269 8179 8244 8236
17270 2946 2955 2947
17271 2959 2960 2968
17272 3027 3018 3019
17273 3026 3018 3027
17274 8177 8186 8178
17275 2684 2683 2675
17276 7851 2649 2632
17277 3011 3019 3010
17278 3018 3010 3019
17279 2680 2688 2705
17280 2660 2652 2651
17281 2945 2936 2937
17282 2709 2710 2718
17283 8200 8191 8199
17284 3010 2696 2713
17285 2697 2698 2706
17286 8160 8169 8168
17287 2687 2695 2686
17288 19517 19526 19525
17289 3015 2718 2717
17290 2625 2626 2634
17291 3015 2717 3014
17292 2974 2982 2973
17293 8151 7893 7894
17294 2953 2961 2952
17295 2715 3013 3012
17296 8098 8089 8090
17297 18417 18408 18409
17298 8218 7920 8217
17299 2928 2920 2929
17300 2679 2687 2678
17301 2973 2981 2972
17302 2691 2948 2690
17303 2692 2691 2683
17304 2685 2686 2694
17305 2702 2710 2701
17306 2951 2959 2950
17307 2948 2947 2690
17308 8123 8114 8122
17309 7919 8217 8216
17310 2694 2686 2695
17311 2972 2971 2963
17312 2659 2667 2658
17313 2822 2644 2645
17314 7896 8154 8153
17315 8187 8178 8179
17316 12054 17259 12057
17317 2948 2956 2957
17318 2980 2979 2988
17319 8107 8098 8106
17320 2684 2676 2685
17321 8154 8163 8155
17322 2971 2970 2979
17323 2959 2968 2967
17324 8161 8170 8162
17325 2976 2968 2977
17326 2952 2951 2694
17327 2961 2960 2969
17328 2953 2695 2696
17329 2952 2695 2953
17330 8194 8203 8195
17331 2967 2975 2966
17332 2976 2975 2967
17333 8151 8160 8159
17334 2985 2976 2977
17335 3001 2992 2993
17336 2984 2983 2992
17337 2913 2921 2912
17338 8158 8149 8150
17339 2967 2968 2976
17340 2963 2954 2955
17341 2955 2947 2956
17342 2997 2998 3006
17343 2964 2956 2965
17344 2973 2965 2974
17345 2975 2974 2966
17346 8176 8185 8177
17347 2897 2905 2962
17348 2936 2927 2928
17349 8166 8157 8165
17350 2958 2966 2957
17351 8180 8189 8181
17352 8168 8159 8167
17353 8184 8175 8183
17354 2988 2980 2989
17355 15838 15773 15830
17356 2973 2964 2965
17357 2944 2936 2945
17358 8206 8197 8198
17359 2964 2963 2955
17360 2942 2933 2941
17361 8174 8165 8173
17362 8183 8192 8191
17363 8182 8173 8181
17364 8135 8126 8134
17365 2988 2979 2987
17366 2990 2998 2989
17367 2910 2902 2911
17368 2935 2927 2936
17369 8175 8166 8167
17370 8189 8198 8190
17371 9519 9510 9511
17372 12950 18153 12951
17373 12950 12942 12951
17374 2944 2936 2935
17375 2976 2984 2975
17376 8186 8195 8187
17377 2921 2929 2920
17378 2985 2993 2984
17379 2990 2998 2999
17380 2990 2991 2999
17381 19772 19781 19780
17382 2982 2974 2983
17383 17974 17909 17966
17384 2999 2991 3000
17385 2992 3000 2991
17386 3009 3000 3001
17387 2999 3007 2998
17388 3006 2998 3007
17389 3001 3000 2992
17390 8202 8211 8203
17391 8260 8269 8268
17392 3358 3366 3357
17393 2999 3008 3007
17394 8569 8560 8568
17395 3002 3354 3355
17396 8562 8571 8563
17397 3361 3369 3360
17398 3361 3008 3009
17399 3360 3008 3361
17400 3364 3363 3355
17401 3365 3374 3373
17402 15571 20774 15572
17403 15571 15563 15572
17404 2996 3005 3004
17405 3368 3367 3359
17406 3368 3359 3360
17407 8618 8971 8970
17408 3312 3313 3321
17409 3366 3365 3374
17410 8559 8568 8567
17411 3362 3297 3354
17412 3394 3337 3329
17413 3003 3356 3004
17414 3380 3372 3371
17415 8558 8567 8559
17416 3357 3365 3356
17417 3364 3356 3365
17418 3378 3321 3313
17419 20089 20080 20081
17420 8567 8576 8575
17421 3364 3372 3363
17422 19732 19741 19740
17423 8583 8592 8584
17424 3394 3329 3386
17425 8931 8996 8939
17426 3397 3396 3388
17427 3389 3388 3380
17428 3713 3712 3704
17429 3415 3767 3414
17430 8599 8608 8600
17431 3406 3407 3415
17432 3391 3399 3400
17433 3401 3393 3458
17434 8598 8607 8599
17435 3387 3396 3395
17436 3719 3727 3718
17437 3404 3405 3413
17438 3762 3705 3353
17439 3765 3773 3764
17440 8937 8946 8945
17441 3412 3764 3765
17442 3412 3413 3404
17443 3412 3404 3403
17444 3806 3797 3798
17445 16544 16535 16536
17446 3396 3404 3395
17447 3737 3729 3794
17448 16090 16099 16098
17449 16399 16408 16407
17450 9206 9215 9214
17451 3736 3745 3737
17452 3403 3395 3404
17453 8998 8989 8990
17454 8983 8992 8991
17455 8966 8613 8965
17456 3416 3415 3768
17457 8985 8994 8986
17458 3768 3776 3767
17459 19130 19139 19138
17460 3764 3763 3411
17461 3710 3711 3702
17462 3788 3796 3787
17463 8922 8931 8930
17464 3373 3382 3381
17465 3373 3374 3382
17466 3768 3767 3415
17467 9343 9352 9351
17468 8608 8617 8609
17469 8668 8677 8669
17470 8619 8610 8618
17471 3458 3466 3401
17472 8995 9060 9003
17473 3389 3381 3390
17474 3382 3390 3381
17475 3389 3390 3398
17476 3391 3390 3382
17477 3382 3383 3391
17478 8586 8595 8587
17479 3385 3376 3377
17480 3374 3383 3375
17481 3376 3385 3384
17482 3382 3374 3383
17483 3446 3438 3447
17484 3435 3436 3444
17485 3429 3437 3438
17486 8311 8320 8319
17487 3409 3401 3466
17488 3455 3447 3446
17489 3385 3442 3377
17490 8206 8559 8558
17491 3384 3383 3392
17492 3392 3391 3383
17493 3399 3390 3391
17494 3398 3390 3399
17495 3426 3434 3369
17496 8645 8636 8644
17497 3393 3401 3392
17498 3426 3435 3434
17499 3426 3427 3435
17500 3377 3434 3442
17501 8587 8652 8644
17502 3453 3454 3462
17503 3451 3460 3459
17504 3443 3434 3435
17505 8974 8965 8966
17506 8653 8644 8652
17507 3392 3401 3400
17508 9105 9114 9113
17509 3443 3451 3442
17510 3450 3458 3393
17511 9037 9028 9036
17512 3451 3450 3442
17513 8652 8661 8653
17514 3468 3467 3476
17515 8669 8660 8668
17516 3466 3474 3475
17517 19943 19952 19951
17518 3438 3439 3447
17519 3429 3437 3428
17520 3440 3439 3431
17521 3478 3470 3479
17522 3462 3463 3454
17523 9795 9860 9803
17524 8648 8639 8647
17525 3462 3461 3470
17526 8663 8654 8655
17527 3453 3462 3461
17528 3446 3445 3437
17529 8647 8656 8648
17530 3453 3461 3452
17531 3828 3475 3827
17532 9038 9047 9046
17533 3444 3452 3443
17534 3451 3443 3452
17535 3470 3462 3471
17536 3463 3471 3462
17537 3446 3455 3454
17538 8671 8662 8670
17539 8663 8672 8671
17540 9046 9037 9045
17541 9061 9052 9060
17542 8665 8674 8666
17543 3471 3480 3479
17544 9143 9134 9135
17545 15604 20807 15605
17546 15604 15602 15605
17547 20807 15602 15605
17548 3468 3477 3476
17549 3408 3417 3416
17550 3460 3468 3469
17551 3476 3475 3828
17552 8679 8670 8678
17553 9034 8681 9033
17554 3477 3829 3476
17555 3832 3831 3479
17556 9050 9041 9049
17557 9032 9041 9033
17558 8933 8924 8925
17559 3836 3845 3844
17560 3827 3474 3475
17561 8611 8676 8668
17562 3459 3467 3458
17563 8677 9030 8678
17564 3401 3409 3400
17565 3408 3400 3409
17566 3769 3417 3826
17567 3769 3777 3834
17568 3799 3791 3790
17569 3474 3826 3417
17570 10367 10358 10359
17571 3785 3777 3842
17572 9038 9029 9037
17573 9036 9045 9037
17574 3417 3769 3416
17575 3768 3416 3769
17576 9036 8971 8979
17577 3840 3848 3839
17578 3872 3863 3864
17579 3835 3844 3843
17580 3834 3826 3835
17581 3827 3835 3826
17582 9045 9054 9046
17583 9039 9048 9047
17584 3851 3842 3843
17585 3772 3771 3763
17586 3830 3831 3839
17587 3773 3765 3774
17588 3830 3838 3829
17589 3850 3842 3851
17590 9076 9085 9077
17591 3793 3785 3850
17592 3843 3842 3834
17593 3856 3847 3848
17594 8984 8993 8985
17595 9053 9044 9052
17596 3773 3782 3781
17597 3782 3790 3781
17598 8976 8985 8977
17599 3827 3836 3835
17600 3844 3845 3853
17601 3827 3828 3836
17602 3852 3853 3844
17603 3851 3843 3852
17604 9056 9047 9055
17605 3836 3844 3835
17606 3837 3836 3828
17607 8646 8637 8638
17608 3855 3847 3846
17609 3845 3837 3846
17610 3836 3837 3845
17611 3853 3861 3862
17612 9057 9048 9056
17613 3845 3854 3853
17614 9064 9055 9063
17615 3854 3845 3846
17616 3852 3861 3853
17617 3871 3863 3862
17618 9044 8979 9036
17619 3839 3848 3847
17620 3793 3801 3858
17621 3856 3855 3847
17622 9063 9072 9064
17623 3850 3858 3793
17624 9087 9078 9086
17625 3867 3868 3859
17626 3860 3852 3861
17627 9071 9062 9070
17628 3861 3869 3860
17629 3851 3860 3859
17630 3852 3860 3851
17631 3869 3878 3877
17632 4238 3885 3886
17633 9086 9439 9438
17634 3871 3879 3880
17635 9064 9073 9072
17636 3817 3825 3882
17637 3880 3888 3889
17638 4175 4176 4184
17639 3870 3878 3869
17640 9440 9449 9441
17641 9018 9027 9026
17642 4237 4245 4236
17643 4240 3887 3888
17644 3793 3801 3792
17645 9060 9069 9061
17646 16573 16564 16565
17647 4262 4254 4263
17648 3866 3875 3874
17649 9411 9476 9468
17650 3807 3808 3799
17651 3792 3800 3801
17652 3800 3809 3808
17653 4177 4185 4176
17654 3874 3809 3866
17655 9011 9076 9068
17656 4176 4185 4184
17657 3850 3859 3858
17658 9077 9068 9076
17659 4583 4592 4591
17660 9483 9474 9475
17661 8999 8990 8998
17662 9337 9346 9345
17663 3815 3806 3814
17664 3807 3806 3815
17665 9017 9008 9016
17666 9002 9011 9003
17667 3816 3807 3808
17668 3817 3808 3809
17669 3816 3808 3817
17670 9010 9019 9011
17671 3800 3799 3791
17672 3805 3804 3796
17673 3807 3798 3806
17674 3799 3798 3807
17675 9015 9006 9007
17676 3765 3774 3766
17677 3820 3819 3811
17678 9000 9009 9001
17679 3814 3822 3813
17680 3780 3772 3781
17681 3796 3797 3805
17682 3727 3735 3726
17683 8915 8980 8923
17684 8984 8975 8983
17685 3805 3813 3814
17686 9717 9364 9365
17687 3766 3774 3775
17688 3767 3775 3766
17689 8978 8987 8979
17690 3779 3771 3780
17691 3719 3710 3711
17692 8939 8930 8938
17693 3788 3780 3789
17694 3804 3795 3796
17695 3764 3772 3763
17696 9006 8997 9005
17697 3781 3790 3789
17698 3729 3728 3720
17699 9002 8993 8994
17700 8973 8982 8974
17701 3795 3787 3796
17702 8606 8615 8614
17703 3781 3789 3780
17704 9000 8991 8992
17705 3778 3721 3713
17706 17098 17089 17090
17707 18394 18385 18386
17708 3351 3352 3704
17709 3729 3737 3728
17710 3777 3776 3768
17711 8977 8986 8978
17712 3783 3792 3791
17713 3793 3784 3785
17714 3793 3792 3784
17715 8981 8990 8989
17716 3776 3775 3767
17717 3792 3791 3800
17718 2683 2691 2682
17719 8986 8995 8994
17720 3784 3792 3783
17721 3783 3774 3775
17722 3782 3774 3783
17723 9001 8992 8993
17724 2692 2684 2693
17725 2718 2710 2719
17726 7912 7921 7920
17727 7962 7824 7961
17728 2697 2705 2680
17729 2715 2707 2716
17730 7895 7886 7887
17731 2719 2710 2711
17732 2706 2698 2707
17733 2708 2709 2717
17734 2698 2707 2699
17735 2714 2705 2713
17736 2708 2700 2709
17737 7907 7916 7908
17738 2715 2707 2706
17739 7918 7909 7910
17740 16971 16962 16963
17741 2947 2946 2689
17742 2663 2671 2662
17743 3716 3715 3707
17744 8088 7870 8087
17745 7866 7891 7874
17746 8172 8107 8115
17747 2654 2655 2663
17748 7883 7892 7891
17749 8942 8933 8941
17750 8919 8928 8920
17751 8859 8850 8858
17752 2661 2652 2653
17753 2657 2649 2658
17754 2837 2828 2829
17755 2641 2819 2818
17756 7849 7840 7848
17757 2832 2831 2840
17758 9475 9540 9483
17759 7867 8085 8084
17760 3718 3710 3719
17761 8547 8538 8546
17762 7849 7840 7841
17763 3733 3725 3734
17764 3786 3778 3787
17765 8589 8580 8581
17766 8882 8873 8874
17767 3340 3349 3348
17768 8997 8988 8989
17769 3704 3352 3705
17770 8907 8972 8964
17771 3707 3699 3708
17772 3702 3701 3710
17773 3787 3778 3779
17774 9447 9438 9439
17775 3770 3762 3771
17776 3749 3740 3748
17777 3718 3727 3726
17778 3718 3709 3710
17779 3717 3709 3718
17780 3353 3345 3410
17781 3707 3716 3708
17782 3722 3714 3723
17783 8920 8911 8919
17784 3786 3794 3729
17785 3705 3352 3353
17786 3317 3318 3326
17787 3729 3721 3786
17788 3336 3328 3337
17789 3386 3321 3329
17790 3345 3402 3410
17791 3719 3728 3727
17792 3721 3720 3712
17793 3795 3794 3786
17794 3752 3760 3751
17795 8947 9012 9004
17796 9318 9309 9310
17797 8947 8938 8946
17798 9004 9013 9005
17799 3711 3720 3719
17800 3712 3720 3711
17801 4063 4072 4071
17802 3757 4110 4109
17803 9004 8939 8947
17804 3743 3752 3744
17805 4111 4120 4119
17806 3736 3744 3745
17807 3811 3802 3803
17808 9020 8955 8963
17809 3752 3751 3743
17810 3753 3752 3744
17811 3810 3753 3745
17812 9012 9021 9020
17813 4113 4170 3761
17814 3761 3818 4170
17815 8954 8963 8955
17816 3733 3741 3732
17817 3750 3758 3749
17818 9273 9282 9274
17819 3741 3740 3749
17820 9381 9372 9373
17821 3657 3665 3656
17822 9716 9307 9364
17823 8886 8895 8887
17824 8962 8953 8954
17825 3646 3655 3647
17826 3744 3735 3736
17827 10382 9994 9995
17828 8961 8952 8960
17829 3678 3687 3686
17830 3739 3731 3740
17831 3750 3749 3741
17832 8951 8960 8952
17833 9687 9696 9695
17834 4111 4110 3758
17835 3656 3665 3664
17836 8890 8881 8889
17837 16217 16226 16225
17838 3757 3749 3758
17839 3663 3671 3662
17840 3748 3740 3739
17841 3748 3739 3747
17842 8941 8950 8942
17843 3747 3738 3739
17844 3746 3738 3747
17845 3648 3649 3657
17846 3730 3731 3739
17847 8874 8883 8882
17848 8857 8866 8858
17849 9310 8957 8958
17850 9283 9348 9291
17851 8858 8867 8859
17852 3746 3689 3681
17853 3672 3680 3671
17854 3678 3677 3669
17855 8867 8932 8924
17856 3659 3660 3668
17857 17999 17990 17991
17858 3673 3664 3672
17859 8910 8919 8918
17860 3725 3716 3724
17861 3661 3653 3662
17862 3289 3281 3346
17863 9135 9144 9143
17864 17670 17261 17318
17865 3660 3661 3669
17866 3346 3281 3338
17867 20578 20587 20586
17868 3717 3716 3725
17869 3279 3271 3280
17870 3649 3706 3714
17871 3656 3648 3657
17872 3706 3641 3649
17873 3656 3664 3655
17874 3652 3661 3660
17875 3645 3646 3654
17876 8851 8916 8908
17877 3703 3702 3350
17878 8524 8533 8525
17879 3733 3724 3725
17880 3732 3724 3733
17881 8875 8866 8867
17882 3648 3640 3639
17883 3716 3724 3715
17884 3699 3700 3708
17885 3717 3708 3709
17886 8941 8932 8933
17887 3698 3706 3641
17888 3715 3723 3714
17889 3715 3714 3706
17890 3723 3715 3724
17891 8906 8553 8905
17892 3641 3289 3698
17893 8490 8481 8489
17894 3709 3700 3708
17895 3264 3265 3273
17896 3699 3346 3347
17897 8490 8843 8842
17898 3699 3347 3700
17899 8540 8549 8541
17900 8491 8900 8548
17901 3639 3286 3287
17902 8901 8910 8902
17903 3698 3346 3699
17904 3302 3293 3301
17905 3248 3249 3257
17906 18305 18296 18297
17907 3707 3698 3699
17908 3707 3706 3698
17909 3268 3276 3277
17910 3288 3289 3641
17911 8900 8909 8901
17912 3249 3314 3306
17913 3323 3314 3322
17914 3342 3341 3333
17915 8901 8548 8900
17916 8478 8487 8479
17917 8527 8518 8526
17918 3277 3286 3285
17919 8841 8850 8842
17920 3637 3284 3285
17921 8489 8842 8490
17922 3652 3651 3643
17923 3288 3640 3287
17924 3273 3281 3272
17925 8473 8482 8474
17926 3346 3698 3289
17927 3263 3272 3271
17928 8851 8842 8850
17929 3649 3640 3641
17930 3649 3648 3640
17931 3256 3264 3255
17932 8491 8482 8490
17933 8450 8459 8451
17934 3288 3280 3289
17935 3280 3288 3279
17936 3340 3331 3332
17937 8466 8475 8467
17938 8474 8483 8475
17939 3330 3322 3331
17940 3647 3638 3646
17941 3263 3264 3272
17942 3302 3294 3303
17943 2880 2881 3233
17944 8451 8516 8459
17945 8448 8457 8449
17946 3256 3257 3248
17947 3281 3273 3338
17948 3272 3264 3273
17949 3342 3350 3341
17950 8435 8082 8434
17951 8467 8532 8524
17952 2839 2830 2831
17953 9889 9898 9897
17954 3324 3316 3315
17955 8522 8531 8530
17956 3256 3255 3247
17957 8532 8541 8540
17958 3263 3255 3264
17959 3235 3236 3244
17960 3326 3327 3335
17961 3332 3331 3323
17962 3332 3323 3324
17963 2932 2940 2931
17964 8466 8457 8458
17965 8518 8509 8517
17966 8506 8515 8507
17967 3306 3315 3314
17968 3330 3265 3322
17969 3316 3307 3308
17970 3316 3315 3307
17971 3291 3299 3290
17972 2938 3291 3290
17973 3298 3299 3307
17974 3249 3241 3306
17975 3712 3711 3703
17976 8512 8503 8511
17977 2930 2938 2873
17978 3292 3300 3291
17979 3334 3326 3335
17980 8534 8525 8526
17981 8513 8522 8521
17982 8520 8511 8519
17983 3309 3318 3317
17984 17926 17517 17574
17985 8537 8546 8538
17986 8508 8517 8516
17987 3319 3318 3310
17988 3316 3317 3308
17989 3326 3325 3317
17990 5746 8004 5754
17991 8467 8458 8459
17992 8545 8536 8537
17993 3311 3310 3319
17994 3709 3701 3700
17995 8519 8510 8511
17996 8545 8554 8546
17997 8273 8264 8265
17998 3326 3318 3327
17999 3324 3325 3316
18000 3349 3341 3350
18001 3348 3701 3700
18002 3332 3324 3333
18003 3325 3334 3333
18004 3319 3327 3318
18005 3345 3336 3337
18006 8650 8641 8642
18007 8544 8535 8543
18008 3351 3350 3342
18009 3335 3343 3334
18010 8544 8553 8545
18011 3333 3341 3332
18012 3343 3352 3351
18013 3771 3762 3763
18014 9675 9740 9683
18015 3334 3342 3343
18016 3341 3349 3340
18017 3351 3342 3343
18018 3701 3348 3349
18019 8904 8551 8903
18020 3703 3350 3351
18021 8552 8905 8553
18022 9090 9081 9082
18023 8555 8546 8554
18024 3335 3344 3343
18025 3327 3319 3328
18026 8555 8964 8612
18027 3343 3344 3352
18028 8964 8973 8965
18029 3410 3762 3353
18030 3703 3704 3712
18031 3713 3704 3705
18032 3394 3402 3403
18033 3327 3328 3336
18034 3352 3344 3353
18035 8547 8612 8604
18036 8613 8604 8612
18037 3411 3402 3403
18038 3410 3402 3411
18039 3378 3313 3370
18040 2945 3002 3354
18041 3395 3386 3387
18042 3395 3394 3386
18043 8588 8597 8589
18044 8531 8596 8588
18045 2935 2943 2934
18046 2937 2945 3002
18047 2896 2895 2887
18048 3387 3378 3386
18049 3379 3378 3387
18050 17554 17545 17546
18051 8581 8572 8580
18052 3378 3370 3379
18053 3371 3379 3370
18054 16649 16658 16657
18055 3305 3304 3296
18056 19898 20251 20250
18057 3370 3313 3305
18058 8556 8565 8557
18059 2942 2934 2933
18060 3312 3303 3304
18061 3312 3311 3303
18062 3370 3362 3305
18063 3296 2944 3297
18064 8499 8146 8498
18065 3371 3362 3370
18066 3363 3362 3371
18067 8573 8564 8572
18068 3363 3354 3362
18069 3355 3354 3363
18070 3313 3304 3312
18071 3305 3313 3304
18072 3294 2941 2942
18073 3309 3301 3310
18074 8497 8506 8498
18075 3304 3295 3296
18076 2942 3295 3294
18077 3302 3294 3293
18078 8146 8137 8145
18079 2944 2943 2935
18080 2920 2911 2912
18081 2891 2900 2899
18082 2672 2689 2946
18083 2987 2986 2995
18084 2919 2910 2918
18085 2933 2925 2934
18086 3295 2942 2943
18087 2933 2924 2925
18088 2928 2929 2937
18089 8144 8497 8145
18090 8130 8121 8129
18091 8128 8119 8127
18092 3300 3299 3291
18093 8129 8120 8121
18094 20639 20635 20636
18095 2914 2915 2906
18096 8523 8588 8531
18097 2924 2923 2915
18098 2923 2931 2922
18099 2917 2926 2925
18100 2857 2922 2865
18101 2865 2922 2930
18102 3003 2994 3002
18103 2978 2986 2921
18104 17483 17474 17475
18105 2659 2660 2668
18106 2962 2954 2963
18107 8205 8196 8204
18108 3002 2994 2937
18109 2896 2897 2905
18110 8063 8072 8071
18111 2986 2978 2987
18112 2927 2928 2919
18113 2663 2671 2672
18114 8197 8188 8196
18115 8130 8139 8131
18116 2902 2893 2894
18117 8506 8515 8514
18118 2669 2886 2668
18119 2994 2929 2986
18120 2994 2937 2929
18121 2662 2670 2661
18122 2912 2904 2913
18123 8176 8167 8168
18124 2896 2905 2904
18125 8165 8156 8157
18126 2963 2962 2971
18127 2978 2913 2921
18128 8138 8147 8146
18129 2664 2672 2663
18130 7874 8148 7891
18131 2885 2668 2886
18132 2978 2970 2913
18133 2681 2689 2664
18134 2903 2911 2902
18135 2891 2892 2900
18136 2910 2901 2902
18137 2912 2911 2903
18138 2909 2901 2910
18139 8102 8093 8094
18140 2912 2903 2904
18141 2898 2899 2890
18142 2891 2883 2892
18143 8104 8113 8105
18144 2792 2783 2784
18145 8094 8103 8095
18146 2910 2918 2909
18147 2917 2909 2918
18148 2919 2911 2910
18149 18899 18908 18907
18150 8114 8105 8106
18151 8103 8112 8104
18152 2882 2891 2890
18153 9919 9928 9927
18154 2887 2888 2670
18155 2669 2886 2887
18156 2885 2886 2894
18157 2669 2668 2660
18158 17425 17434 17433
18159 8087 7869 8086
18160 8089 7871 8088
18161 2887 2669 2670
18162 2896 2888 2887
18163 2896 2888 2897
18164 2672 2664 2689
18165 8149 7891 7892
18166 2666 2883 2665
18167 2671 2672 2889
18168 2947 2689 2690
18169 8120 8111 8112
18170 2770 2762 2771
18171 2893 2892 2884
18172 8119 8110 8118
18173 2824 2647 2825
18174 7984 7975 7983
18175 2759 2768 2767
18176 2622 2614 2623
18177 3231 2878 2879
18178 8034 8025 8033
18179 2648 2825 2647
18180 19662 19653 19654
18181 2648 2665 2640
18182 2657 2665 2666
18183 2640 2665 2657
18184 2893 2884 2885
18185 2885 2667 2668
18186 8086 7868 8085
18187 2666 2658 2667
18188 2659 2667 2668
18189 3291 2939 3292
18190 8090 8099 8098
18191 2824 2825 2833
18192 8092 8101 8093
18193 8100 8035 8043
18194 2841 2849 2840
18195 2899 2900 2908
18196 17225 17216 17217
18197 2829 2830 2838
18198 2907 2899 2908
18199 2860 2861 2852
18200 2908 2900 2909
18201 2906 2849 2841
18202 8111 8102 8110
18203 2901 2892 2893
18204 2900 2892 2901
18205 8127 8118 8119
18206 3254 3253 3245
18207 8043 8034 8042
18208 7971 7962 7970
18209 2840 2849 2848
18210 2865 2930 2873
18211 2857 2914 2922
18212 8093 8084 8085
18213 2938 2881 3290
18214 2870 2878 2869
18215 2848 2839 2840
18216 2847 2839 2848
18217 2635 2643 2634
18218 2861 2862 2870
18219 8110 8101 8102
18220 2906 2914 2849
18221 2848 2847 2856
18222 2873 2865 2864
18223 2877 2868 2869
18224 2915 2923 2914
18225 2941 2932 2933
18226 2872 2871 2863
18227 2829 2821 2830
18228 2848 2857 2849
18229 8124 8059 8067
18230 8133 8124 8125
18231 2864 2855 2856
18232 2863 2855 2864
18233 2853 2862 2861
18234 2855 2863 2854
18235 2863 2862 2871
18236 17547 17556 17555
18237 2939 2931 2940
18238 3301 3300 3292
18239 3231 3232 3240
18240 2939 2940 3292
18241 2931 2923 2932
18242 2924 2932 2923
18243 8142 8133 8141
18244 3298 3290 3299
18245 3308 3299 3307
18246 8840 8849 8848
18247 2924 2916 2925
18248 2917 2925 2916
18249 2939 3291 2938
18250 8141 8494 8142
18251 2939 2938 2930
18252 3306 3241 3298
18253 2941 2940 2932
18254 8510 8501 8509
18255 3290 2881 3233
18256 8503 8494 8502
18257 3301 3292 3293
18258 2880 3232 2879
18259 8493 8140 8492
18260 8066 8057 8058
18261 2872 2881 2880
18262 8511 8502 8510
18263 3309 3300 3301
18264 3309 3308 3300
18265 3230 2878 3231
18266 3300 3308 3299
18267 8442 8433 8441
18268 2880 3233 3232
18269 8500 8435 8443
18270 3232 3233 3241
18271 3231 2879 3232
18272 8441 8450 8442
18273 2792 2800 2801
18274 19386 19395 19394
18275 3231 3239 3230
18276 8429 8438 8430
18277 3249 3240 3241
18278 3248 3240 3249
18279 8492 8083 8435
18280 3240 3248 3239
18281 3247 3239 3248
18282 2877 3230 3229
18283 8049 8040 8041
18284 3176 3167 3168
18285 2869 2861 2870
18286 3237 3238 3229
18287 2875 2876 2867
18288 8440 8431 8439
18289 3228 2876 2875
18290 3228 3236 3227
18291 8447 8438 8446
18292 2877 2876 2868
18293 9210 9201 9209
18294 8080 8071 8079
18295 2641 2624 2616
18296 3230 3238 3239
18297 19836 19806 19833
18298 17764 17773 17772
18299 3258 3259 3267
18300 2877 2876 3229
18301 3229 3228 2876
18302 8431 8078 8430
18303 2858 2866 2801
18304 2817 2809 2874
18305 2854 2863 2862
18306 8371 8436 8428
18307 3168 2816 3169
18308 20407 20342 20399
18309 3227 2874 2875
18310 2816 2817 3169
18311 8429 8076 8428
18312 2816 2807 2808
18313 3177 3169 3168
18314 7843 8021 7844
18315 3177 3169 3234
18316 8117 8108 8109
18317 3166 3167 3175
18318 3185 3193 3250
18319 3177 3185 3176
18320 3177 3176 3168
18321 8378 8387 8379
18322 18436 18427 18428
18323 3226 2817 2874
18324 3169 2817 3226
18325 2800 2809 2808
18326 2807 2799 2808
18327 2793 2858 2850
18328 2801 2858 2793
18329 8019 8010 8018
18330 2809 2817 2808
18331 2816 2808 2817
18332 8065 8056 8064
18333 8077 8068 8076
18334 2875 2866 2874
18335 2867 2866 2875
18336 2845 2853 2844
18337 2620 2757 2619
18338 2625 2633 2608
18339 7970 7979 7978
18340 2871 2870 2879
18341 2879 2878 2870
18342 2858 2850 2859
18343 2831 2822 2823
18344 2871 2862 2870
18345 8433 8080 8081
18346 8019 8428 8371
18347 2838 2830 2839
18348 8081 8072 8073
18349 2858 2859 2867
18350 2845 2844 2836
18351 8031 8040 8032
18352 2850 2785 2842
18353 7867 7842 7859
18354 8062 8071 8063
18355 2837 2838 2846
18356 7120 7111 7112
18357 2859 2851 2860
18358 2846 2854 2845
18359 8062 8053 8061
18360 2859 2850 2851
18361 2829 2838 2837
18362 8064 8073 8065
18363 2855 2846 2847
18364 2854 2846 2855
18365 8054 8063 8062
18366 2821 2822 2830
18367 8037 8046 8038
18368 2616 2641 2633
18369 2847 2838 2839
18370 2633 2634 2625
18371 8039 8048 8047
18372 2844 2843 2835
18373 8742 9095 9094
18374 2846 2838 2847
18375 2623 2624 2761
18376 7839 7848 7847
18377 2793 2792 2784
18378 2843 2834 2842
18379 2835 2834 2843
18380 2852 2851 2843
18381 2852 2844 2853
18382 2821 2644 2822
18383 2635 2636 2644
18384 8046 8055 8054
18385 2835 2836 2844
18386 2845 2836 2837
18387 2757 2765 2756
18388 8039 8030 8038
18389 2826 2834 2769
18390 2836 2827 2828
18391 8029 8038 8030
18392 2759 2767 2758
18393 7977 7986 7978
18394 2644 2636 2645
18395 7987 8052 8044
18396 2755 2618 2756
18397 2605 7808 2606
18398 8036 7971 7979
18399 7825 7963 7962
18400 8415 8406 8414
18401 2771 2779 2770
18402 2605 2606 2614
18403 8493 8502 8501
18404 2792 2791 2800
18405 2774 2775 2783
18406 7978 7987 7986
18407 2618 2610 2619
18408 2613 2614 2622
18409 5959 5950 5951
18410 2643 2821 2820
18411 8032 8023 8031
18412 2769 2761 2826
18413 7836 7845 7837
18414 2800 2799 2791
18415 2784 2783 2775
18416 5317 5308 5309
18417 5308 106 5309
18418 2635 2627 2636
18419 2637 2645 2636
18420 2819 2820 2828
18421 2821 2829 2820
18422 7858 2655 2656
18423 2821 2643 2644
18424 2828 2820 2829
18425 2642 2633 2634
18426 2820 2819 2642
18427 2820 2642 2643
18428 2822 2645 2823
18429 8025 7847 8024
18430 2610 2618 2609
18431 2628 7831 2629
18432 7815 7806 7814
18433 2780 2789 2788
18434 7812 7803 7811
18435 7961 7970 7962
18436 2759 2758 2621
18437 2619 2611 2620
18438 2620 2758 2757
18439 7821 7959 7822
18440 2604 7807 2605
18441 7983 7974 7982
18442 7968 7959 7967
18443 5347 5700 5699
18444 2621 2612 2620
18445 2782 2774 2783
18446 2766 2758 2767
18447 2619 2756 2618
18448 7958 7820 7957
18449 7985 7976 7984
18450 2619 2610 2611
18451 2645 2637 2646
18452 2756 2764 2755
18453 2774 2773 2765
18454 8015 8006 8014
18455 2780 2788 2779
18456 7964 7973 7965
18457 3172 3180 3171
18458 544 2794 536
18459 2803 2802 2794
18460 504 2762 2754
18461 7997 8006 7998
18462 7972 7981 7973
18463 2766 2774 2765
18464 7975 7966 7974
18465 7990 7999 7991
18466 2758 2766 2757
18467 512 2762 504
18468 7969 7978 7970
18469 7992 7983 7991
18470 2773 2781 2772
18471 2780 2772 2781
18472 2782 2773 2774
18473 2782 2781 2773
18474 7973 7982 7974
18475 2765 2764 2756
18476 2762 2754 2763
18477 7967 7958 7959
18478 2780 2779 2771
18479 8005 7996 8004
18480 2794 2786 2795
18481 2794 2795 2803
18482 2805 2797 2806
18483 2778 2770 2779
18484 2762 2763 2771
18485 7980 7989 7981
18486 2790 2799 2798
18487 20071 20080 20079
18488 2771 2763 2772
18489 2764 2772 2763
18490 8410 8401 8402
18491 7997 7988 7996
18492 3165 2812 3164
18493 2770 2778 520
18494 528 520 2778
18495 2804 2805 2813
18496 7998 8007 7999
18497 8017 8008 8016
18498 2806 2797 2798
18499 2794 536 2786
18500 2795 2796 2804
18501 2795 2804 2803
18502 8002 7993 8001
18503 2802 2794 544
18504 936 3194 3186
18505 3164 3173 3172
18506 2795 2787 2796
18507 2788 2796 2787
18508 2807 2798 2806
18509 8016 8007 8015
18510 8008 7999 8007
18511 2796 2797 2788
18512 8408 8417 8409
18513 3190 3189 3181
18514 3172 3163 3164
18515 2788 2789 2797
18516 2790 2789 2781
18517 3165 2813 3166
18518 8373 8364 8372
18519 8389 8398 8397
18520 3174 3166 3165
18521 8000 7991 7999
18522 2798 2797 2789
18523 2798 2789 2790
18524 17516 17869 17868
18525 2805 2814 2806
18526 2813 2814 2805
18527 8385 8394 8393
18528 8386 8377 8385
18529 3190 3191 3199
18530 16698 16689 16690
18531 3162 3171 3170
18532 3183 3175 3184
18533 3165 3173 3174
18534 8400 8409 8408
18535 3173 3182 3181
18536 8384 8375 8383
18537 2804 2812 2803
18538 2812 2811 2803
18539 552 2810 2802
18540 3162 560 2810
18541 3173 3164 3165
18542 912 3170 920
18543 8369 8378 8377
18544 3186 928 3178
18545 8377 8368 8369
18546 3179 3171 3180
18547 3204 3212 3203
18548 3179 3178 3170
18549 928 920 3178
18550 3198 3190 3199
18551 3205 3196 3197
18552 8366 8375 8374
18553 3163 3162 2810
18554 3163 2810 2811
18555 3187 3179 3188
18556 3170 3171 3179
18557 3187 3195 3196
18558 8406 8397 8405
18559 3187 3178 3186
18560 8390 8399 8391
18561 3218 3570 968
18562 936 928 3186
18563 8401 8392 8400
18564 8397 8388 8396
18565 15882 16235 16234
18566 944 3194 936
18567 3198 3207 3206
18568 3211 3210 3202
18569 3173 3174 3182
18570 8380 8389 8388
18571 3196 3188 3197
18572 3218 960 3210
18573 6530 6521 6522
18574 9679 9670 9671
18575 3219 3572 3571
18576 3595 3596 3604
18577 3579 3588 3587
18578 3218 3570 3571
18579 3218 3571 3219
18580 1336 3586 1328
18581 8422 8775 8423
18582 3196 3205 3204
18583 8407 8398 8399
18584 8471 8480 8479
18585 3220 3211 3212
18586 3219 3211 3220
18587 8776 8785 8777
18588 3222 3221 3213
18589 19862 19853 19854
18590 3575 3222 3223
18591 3199 3198 3207
18592 8386 8395 8387
18593 8784 8775 8783
18594 3573 3582 3581
18595 3590 3599 3598
18596 3222 3213 3214
18597 3198 3197 3189
18598 3574 3222 3575
18599 8777 8424 8776
18600 8383 8392 8384
18601 15518 20721 15519
18602 15518 15510 15519
18603 3222 3574 3221
18604 3573 3221 3574
18605 3204 3205 3213
18606 8416 8407 8415
18607 8393 8384 8385
18608 3184 3192 3183
18609 8391 8400 8399
18610 3198 3189 3190
18611 19263 19198 19255
18612 3215 3206 3207
18613 3214 3206 3215
18614 3180 3172 3181
18615 3173 3181 3172
18616 3190 3191 3182
18617 8782 8773 8774
18618 3182 3191 3183
18619 3182 3174 3183
18620 3175 3183 3174
18621 8394 8403 8395
18622 3250 3242 3185
18623 3253 3252 3244
18624 8470 8461 8469
18625 8395 8460 8452
18626 3185 3242 3177
18627 8454 8445 8453
18628 8444 8453 8445
18629 8469 8460 8468
18630 3263 3254 3255
18631 8471 8462 8463
18632 3260 3259 3251
18633 3242 3251 3250
18634 3261 3262 3270
18635 3258 3201 3193
18636 5729 5738 5737
18637 8462 8453 8454
18638 3266 3209 3201
18639 3266 3201 3258
18640 8455 8464 8463
18641 3271 3270 3262
18642 8468 8403 8460
18643 3238 3247 3246
18644 3255 3246 3254
18645 3236 3245 3237
18646 3245 3244 3236
18647 3238 3246 3237
18648 8489 8480 8488
18649 3242 3243 3251
18650 3242 3234 3243
18651 3253 3262 3261
18652 3260 3268 3259
18653 3234 3243 3235
18654 3244 3243 3252
18655 8402 8393 8394
18656 3286 3278 3277
18657 8479 8470 8478
18658 3287 3278 3279
18659 3251 3252 3260
18660 8463 8472 8464
18661 3585 3593 3650
18662 3275 3276 3284
18663 3268 3260 3269
18664 8477 8486 8485
18665 3268 3269 3277
18666 8446 8455 8454
18667 3646 3645 3637
18668 3284 3637 3636
18669 8479 8488 8480
18670 3268 3276 3267
18671 3277 3285 3276
18672 3576 3584 3585
18673 8472 8481 8480
18674 8485 8838 8486
18675 8862 8871 8863
18676 3275 3283 3274
18677 19424 19420 19421
18678 3645 3653 3644
18679 3635 3283 3636
18680 3602 3611 3610
18681 8848 8839 8847
18682 3575 3584 3576
18683 3224 3577 3225
18684 8837 8484 8836
18685 8840 8849 8841
18686 8838 8847 8846
18687 3638 3285 3286
18688 3637 3285 3638
18689 3635 3282 3283
18690 3635 3634 3282
18691 3623 3622 3614
18692 3642 3650 3585
18693 8787 8852 8844
18694 3623 3614 3615
18695 3658 3593 3650
18696 3577 3585 3576
18697 15765 7609 7610
18698 8923 8988 8931
18699 8779 8844 8787
18700 3662 3670 3661
18701 3635 3643 3644
18702 3577 3642 3585
18703 3577 3634 3642
18704 8863 8854 8862
18705 3636 3644 3635
18706 3659 3650 3651
18707 3675 3684 3676
18708 6162 8420 6170
18709 4044 4045 4053
18710 2629 7832 2630
18711 3642 3634 3643
18712 3584 3592 3583
18713 3598 3597 3589
18714 3584 3592 3593
18715 3593 3592 3601
18716 3589 3581 3590
18717 8803 8794 8802
18718 8802 8811 8803
18719 8869 8878 8870
18720 3668 3667 3659
18721 3650 3642 3651
18722 3643 3651 3642
18723 3650 3659 3658
18724 3684 3683 3675
18725 3671 3679 3670
18726 3660 3651 3652
18727 3659 3651 3660
18728 3662 3671 3670
18729 8864 8855 8863
18730 3653 3654 3662
18731 3645 3654 3653
18732 3661 3670 3669
18733 8873 8864 8872
18734 3662 3654 3663
18735 3655 3663 3654
18736 8865 8856 8864
18737 8881 8872 8880
18738 8870 8861 8862
18739 16835 16831 16832
18740 8870 8879 8878
18741 3581 3589 3580
18742 9248 8895 9247
18743 3682 3617 3674
18744 8896 8887 8895
18745 3667 3676 3675
18746 3668 3676 3667
18747 8807 8816 8815
18748 3682 3625 3617
18749 3679 3687 3678
18750 3670 3678 3669
18751 3676 3685 3684
18752 8887 8878 8879
18753 3670 3679 3678
18754 4030 4022 4031
18755 8944 8935 8936
18756 8791 8800 8792
18757 3615 3606 3607
18758 3982 3983 3630
18759 4032 4031 4023
18760 19532 19523 19524
18761 3683 3674 3675
18762 8819 8810 8811
18763 3625 3616 3617
18764 3624 3616 3625
18765 3605 3613 3614
18766 3612 3620 3621
18767 20739 20730 20731
18768 9242 9233 9241
18769 3600 3609 3608
18770 3615 3614 3606
18771 3617 3608 3616
18772 2643 2635 2644
18773 8880 8889 8888
18774 3982 3990 3981
18775 136 2601 7803
18776 8818 8827 8826
18777 2626 2635 2627
18778 8817 8826 8818
18779 3608 3616 3607
18780 3992 4001 3993
18781 1344 1336 3594
18782 8809 8818 8817
18783 8786 8777 8778
18784 8834 8825 8833
18785 3598 3599 3607
18786 3580 3589 3588
18787 3612 3604 3603
18788 19797 19788 19789
18789 3995 3987 3996
18790 3627 3628 3980
18791 1776 4026 4034
18792 8808 8817 8816
18793 3570 3578 1320
18794 3571 3572 3580
18795 3613 3604 3605
18796 3613 3612 3604
18797 8800 8809 8808
18798 3610 3611 3619
18799 3588 3580 3579
18800 3611 3620 3619
18801 8804 8813 8805
18802 8830 8821 8829
18803 3586 3587 3595
18804 8797 8806 8798
18805 7811 7820 7819
18806 3603 3595 3604
18807 1320 3578 1328
18808 3586 1328 3578
18809 3602 1344 3594
18810 3600 3599 3591
18811 9841 9832 9833
18812 8780 8789 8781
18813 8789 8798 8790
18814 3596 3587 3588
18815 3595 3587 3596
18816 8796 8805 8797
18817 3595 3603 3594
18818 3602 3594 3603
18819 3572 3581 3573
18820 3580 3572 3581
18821 3605 3597 3606
18822 8792 8801 8793
18823 3591 3590 3582
18824 3596 3588 3597
18825 3598 3590 3589
18826 3582 3590 3581
18827 8784 8793 8792
18828 3582 3583 3591
18829 3589 3597 3588
18830 3606 3598 3607
18831 3583 3591 3592
18832 3608 3599 3600
18833 3607 3599 3608
18834 7824 7815 7823
18835 144 2609 136
18836 8801 8810 8809
18837 2608 2616 2607
18838 2639 2638 2630
18839 2615 2607 2606
18840 2615 2606 2614
18841 7826 7817 7825
18842 2613 2605 2614
18843 2604 2605 2613
18844 7811 7820 7812
18845 7816 7825 7817
18846 2603 2604 2612
18847 2603 7806 2604
18848 7808 7817 7809
18849 7808 7809 2606
18850 2611 2602 2610
18851 2603 2602 2611
18852 7804 7813 7805
18853 7804 7805 2602
18854 2636 2628 2637
18855 2627 2628 7830
18856 2636 2627 2628
18857 7830 7839 7831
18858 7830 7831 2628
18859 5713 5704 5705
18860 7809 7818 7817
18861 2660 2651 2659
18862 7862 7853 7861
18863 2640 2632 2631
18864 2631 7834 2632
18865 7884 7875 7883
18866 2656 2673 7875
18867 2681 2656 2673
18868 2664 2655 2656
18869 2663 2655 2664
18870 4017 4025 4082
18871 4026 4035 4027
18872 8582 8591 8590
18873 7971 7962 7963
18874 7890 7915 7898
18875 4074 4009 4066
18876 4001 4058 4066
18877 3619 3627 3618
18878 9194 9185 9193
18879 3990 3998 3989
18880 4014 4013 4005
18881 4012 4011 4003
18882 9207 9216 9208
18883 4010 1752 4002
18884 9206 9215 9207
18885 3987 3986 3978
18886 1728 1376 3978
18887 1744 4002 3994
18888 3994 4002 4003
18889 3998 3999 4007
18890 3633 3625 3690
18891 4011 4002 4003
18892 4010 4002 4011
18893 3626 3979 3627
18894 9190 9181 9182
18895 4005 3996 3997
18896 4004 3996 4005
18897 3978 3626 3979
18898 1376 3978 3626
18899 9200 9191 9199
18900 9185 8832 9184
18901 3633 3632 3624
18902 3629 3621 3630
18903 3621 3630 3622
18904 9220 6962 9212
18905 3999 3998 3990
18906 18868 19221 19220
18907 8831 9184 8832
18908 3982 3981 3629
18909 3980 3989 3988
18910 3623 3632 3631
18911 3628 3620 3629
18912 3621 3629 3620
18913 8892 9245 9244
18914 3629 3630 3982
18915 3997 3989 3998
18916 3992 3984 3993
18917 3982 3991 3990
18918 9202 9193 9201
18919 3990 3991 3999
18920 3623 3631 3622
18921 3623 3624 3632
18922 3631 3984 3983
18923 3633 4042 3985
18924 4042 3690 4043
18925 3625 3633 3624
18926 4050 3993 3985
18927 9244 8835 9187
18928 3985 3993 3984
18929 4042 4050 3985
18930 9348 9357 9356
18931 4043 4044 3691
18932 9252 9261 9253
18933 3691 4043 3690
18934 9255 9264 9256
18935 4059 4058 4067
18936 3684 3692 3683
18937 4045 4046 3693
18938 4024 4032 4033
18939 9271 9280 9272
18940 4059 4051 4060
18941 3983 3992 3984
18942 3991 3992 3983
18943 9260 9195 9203
18944 4024 4025 4033
18945 3999 4000 4008
18946 4009 4017 4008
18947 9255 9246 9254
18948 4021 4029 4030
18949 9257 9248 9256
18950 9309 8956 8957
18951 9292 9227 9235
18952 9263 9254 9262
18953 4052 4060 4061
18954 4052 4060 4051
18955 4042 4051 4050
18956 4042 4043 4051
18957 9276 9211 9268
18958 16915 16906 16907
18959 4051 4043 4052
18960 1784 4386 4034
18961 4044 4052 4043
18962 4070 4069 4061
18963 4061 4053 4062
18964 4051 4059 4050
18965 4054 4062 4053
18966 4069 4060 4061
18967 4061 4062 4070
18968 4067 4058 4066
18969 4053 4061 4052
18970 4064 4072 4073
18971 4078 4070 4079
18972 9629 9638 9637
18973 4087 4095 4086
18974 3991 4000 3999
18975 4077 4069 4078
18976 18988 18979 18980
18977 4075 4066 4067
18978 4077 4086 4078
18979 9288 9279 9287
18980 4093 4094 4102
18981 9280 9289 9281
18982 4066 4009 4001
18983 4070 4078 4069
18984 4001 3993 4058
18985 4093 4084 4085
18986 9304 9295 9303
18987 4092 4084 4093
18988 4085 4086 4094
18989 4050 4058 4059
18990 4076 4068 4077
18991 4069 4077 4068
18992 3992 4000 3991
18993 9219 9284 9276
18994 9270 9279 9278
18995 9272 9281 9280
18996 9277 9268 9276
18997 9260 9269 9261
18998 9187 8834 8835
18999 4001 4000 3992
19000 9202 9211 9203
19001 4009 4000 4001
19002 4008 4000 4009
19003 4100 4452 4099
19004 9653 9300 9652
19005 4092 4101 4100
19006 9296 9287 9295
19007 18294 18359 18302
19008 4084 4083 4075
19009 4017 4025 4016
19010 4024 4023 4015
19011 9302 9655 9303
19012 9691 9682 9683
19013 4098 4041 4033
19014 4470 4479 4478
19015 6946 9204 6954
19016 9203 9268 9211
19017 4090 4082 4091
19018 7884 7875 7876
19019 7875 2673 7876
19020 9292 9301 9300
19021 4041 4040 4032
19022 4041 4032 4033
19023 4030 4031 4039
19024 4028 4036 4027
19025 4391 4400 4399
19026 4030 4039 4038
19027 4102 4093 4101
19028 9296 9305 9297
19029 9290 9299 9291
19030 4076 4084 4085
19031 4076 4084 4075
19032 4470 4478 4469
19033 9680 9671 9672
19034 4091 4083 4092
19035 4090 4099 4098
19036 4091 4099 4090
19037 4863 4872 4871
19038 4452 4451 4099
19039 4491 4482 4483
19040 4466 4467 4458
19041 4485 4486 4494
19042 4467 4475 4466
19043 4462 4461 4453
19044 4477 4485 4476
19045 4476 4485 4484
19046 4461 4452 4453
19047 9670 9661 9669
19048 4452 4461 4460
19049 9663 9654 9655
19050 8583 8592 8591
19051 9671 9662 9670
19052 4462 4470 4461
19053 9679 9670 9678
19054 4460 4461 4469
19055 4408 4399 4400
19056 4498 4490 4499
19057 9632 9623 9631
19058 9602 9611 9603
19059 4431 4432 4440
19060 9661 9652 9660
19061 4459 4458 4450
19062 4459 4450 4451
19063 4018 4019 4027
19064 4035 4387 4034
19065 9599 9608 9600
19066 9610 9619 9611
19067 4394 4395 4403
19068 4448 4440 4449
19069 4401 4393 4458
19070 4394 2136 4386
19071 4403 4395 4404
19072 4397 4398 4406
19073 4430 4439 4431
19074 9240 9593 9592
19075 4035 4388 4387
19076 4412 4420 4411
19077 9631 9622 9630
19078 9597 9588 9596
19079 9602 9593 9594
19080 4398 4389 4397
19081 9597 9606 9605
19082 9591 9600 9592
19083 9616 9607 9608
19084 9596 9605 9597
19085 4390 4038 4391
19086 9221 9230 9222
19087 4035 4027 4036
19088 4013 4022 4014
19089 4021 4013 4022
19090 4032 4040 4031
19091 4026 4018 4027
19092 19564 19211 19212
19093 4010 4018 1760
19094 9241 9594 9242
19095 4391 4039 4392
19096 4040 4392 4039
19097 9232 9241 9240
19098 4038 4029 4030
19099 4038 4037 4029
19100 9622 9613 9621
19101 4026 4018 1768
19102 4388 4036 4389
19103 9229 9238 9230
19104 9237 9590 9589
19105 4026 4034 4035
19106 9623 9614 9622
19107 4011 4012 4020
19108 4389 4036 4037
19109 9591 9238 9239
19110 9660 9595 9652
19111 4029 4020 4021
19112 4028 4020 4029
19113 9605 9614 9606
19114 9598 9607 9599
19115 4402 4410 4411
19116 4020 4028 4019
19117 4027 4019 4028
19118 4386 4395 4394
19119 4406 4414 4415
19120 4397 4405 4396
19121 4443 4435 4434
19122 2136 4386 1784
19123 2144 4394 2136
19124 4404 4396 4405
19125 4395 4386 4387
19126 4397 4396 4388
19127 4420 4429 4428
19128 9589 9236 9237
19129 4448 4449 4801
19130 9624 9633 9625
19131 4422 4430 4421
19132 4411 4420 4419
19133 9621 9630 9622
19134 4396 4387 4395
19135 4411 4410 4419
19136 4388 4387 4396
19137 4403 4411 4402
19138 9646 9637 9638
19139 9637 9628 9629
19140 4800 4808 4799
19141 4419 4427 4418
19142 4418 4426 2168
19143 4412 4413 4421
19144 2152 4410 4402
19145 2160 4410 2152
19146 4418 2160 4410
19147 4411 4403 4412
19148 4404 4412 4403
19149 10001 9648 9649
19150 4419 4428 4420
19151 9768 9777 9776
19152 2176 2168 4426
19153 4420 4412 4421
19154 4438 4439 4430
19155 4435 4427 4436
19156 4419 4427 4428
19157 4435 4426 4427
19158 9629 9638 9630
19159 4435 4434 4426
19160 4423 4414 4415
19161 4405 4414 4406
19162 10016 10007 10015
19163 10017 10008 10016
19164 9617 9626 9625
19165 4430 4438 4429
19166 4432 4433 4441
19167 9615 9624 9616
19168 4422 4413 4414
19169 4421 4413 4422
19170 4436 4428 4437
19171 9276 9285 9284
19172 4823 4822 4814
19173 4797 4444 4445
19174 9696 9705 9697
19175 4799 4446 4447
19176 4421 4429 4420
19177 4482 4425 4417
19178 9685 9676 9684
19179 9227 9218 9219
19180 9650 10003 9651
19181 4430 4429 4421
19182 4428 4429 4437
19183 4422 4431 4430
19184 4422 4423 4431
19185 9642 9633 9641
19186 4798 4807 4806
19187 10010 10001 10009
19188 10018 10009 10017
19189 4830 4831 4822
19190 2592 2584 4842
19191 4805 4806 4814
19192 10087 10078 10086
19193 4798 4446 4799
19194 9647 10000 9648
19195 4803 4802 4794
19196 4803 4794 4795
19197 9937 9928 9929
19198 4797 4796 4805
19199 2568 4826 2576
19200 9996 10005 9997
19201 2192 2184 4442
19202 2184 4442 4434
19203 10015 10006 10007
19204 2552 2544 4802
19205 4820 4811 4812
19206 4444 4796 4443
19207 4797 4796 4444
19208 4803 4811 4802
19209 9998 10007 10006
19210 9644 9997 9645
19211 4795 4442 4443
19212 4794 4442 4795
19213 18238 18303 18246
19214 4844 4852 4843
19215 2560 2552 4810
19216 10029 10020 10028
19217 4821 4812 4813
19218 2568 4818 2560
19219 10012 10021 10013
19220 4828 4827 4819
19221 4846 4845 4837
19222 4847 4846 4838
19223 4820 4829 4828
19224 4802 4810 2552
19225 9645 9998 9997
19226 4819 4810 4811
19227 4818 4810 4819
19228 10014 10023 10015
19229 4812 4821 4820
19230 4805 4814 4813
19231 10057 10048 10056
19232 10013 10004 10005
19233 4825 4890 4833
19234 10092 10027 10035
19235 4806 4815 4814
19236 4807 4815 4806
19237 4886 4885 4877
19238 4898 4833 4890
19239 4839 4831 4830
19240 10026 10017 10018
19241 4805 4813 4804
19242 4812 4804 4813
19243 4822 4813 4821
19244 10053 10044 10045
19245 4814 4813 4822
19246 4831 4840 4839
19247 10024 10015 10016
19248 4914 4906 4915
19249 10051 10116 10108
19250 4853 4845 4844
19251 10049 10040 10048
19252 4831 4823 4832
19253 2600 2592 4850
19254 4854 4846 4855
19255 4847 4855 4846
19256 4886 4877 4878
19257 4841 4898 4906
19258 20792 15589 20791
19259 10047 10056 10048
19260 4854 4853 4845
19261 4854 4845 4846
19262 4850 2592 4842
19263 10110 10119 10111
19264 9634 9625 9633
19265 10037 10046 10038
19266 4851 4842 4843
19267 4850 4842 4851
19268 4844 4852 4853
19269 18246 18311 18254
19270 4835 4843 4834
19271 10047 10038 10046
19272 4837 4836 4845
19273 4845 4844 4836
19274 10111 10120 10112
19275 4482 4417 4474
19276 10042 10033 10034
19277 10065 9712 10064
19278 10062 10071 10063
19279 4849 4857 4848
19280 4904 4903 4895
19281 4878 4869 4877
19282 4889 4881 4880
19283 4915 4907 4916
19284 10104 10113 10105
19285 4876 4877 4885
19286 13134 13143 13135
19287 10034 10043 10035
19288 4823 4815 4824
19289 4839 4840 4848
19290 13074 13073 13082
19291 4841 4906 4849
19292 13025 13033 13024
19293 13057 13049 13048
19294 4847 4848 4856
19295 18271 10059 18214
19296 9651 9642 9650
19297 4847 4856 4855
19298 10108 10043 10051
19299 13035 13026 13027
19300 10109 10100 10108
19301 4907 4898 4899
19302 4906 4898 4907
19303 4849 4848 4840
19304 4849 4840 4841
19305 16643 16652 16651
19306 4825 4833 4824
19307 4832 4824 4833
19308 4899 4890 4891
19309 4898 4890 4899
19310 10002 10011 10003
19311 4882 4890 4825
19312 10084 10019 10027
19313 10101 10092 10100
19314 4831 4832 4840
19315 4809 4808 4800
19316 9706 9715 9714
19317 10035 10100 10092
19318 10104 10095 10096
19319 4890 4882 4891
19320 4858 4866 4801
19321 4879 4887 4878
19322 4439 4440 4448
19323 4882 4874 4817
19324 4809 4817 4808
19325 4506 4858 4449
19326 10077 10086 10078
19327 4815 4807 4816
19328 4867 4858 4859
19329 4824 4816 4825
19330 10085 10076 10077
19331 4824 4815 4816
19332 10086 10095 10087
19333 4871 4880 4879
19334 4863 4864 4872
19335 4875 4883 4874
19336 10107 10098 10099
19337 4874 4883 4882
19338 4877 4876 4868
19339 10096 10087 10095
19340 4883 4892 4891
19341 4900 4892 4901
19342 4900 4891 4892
19343 10079 10070 10071
19344 10105 10096 10104
19345 4885 4886 4894
19346 10103 10112 10111
19347 10082 10073 10074
19348 4886 4887 4895
19349 4912 4904 4913
19350 4930 4873 4865
19351 4871 4872 4880
19352 4870 4869 4878
19353 10027 10018 10019
19354 4816 4808 4817
19355 4862 4870 4861
19356 10080 10071 10079
19357 4495 4504 4503
19358 10063 10072 10064
19359 4867 4868 4876
19360 10000 10009 10008
19361 4503 4504 4512
19362 4860 4859 4507
19363 4868 4859 4860
19364 4875 4867 4876
19365 15959 15950 15951
19366 4508 4509 4861
19367 4864 4873 4872
19368 4868 4860 4869
19369 4861 4869 4860
19370 4507 4498 4506
19371 4499 4498 4507
19372 9703 9694 9695
19373 4801 4866 4809
19374 10019 10010 10018
19375 4507 4499 4508
19376 4860 4508 4861
19377 4507 4508 4860
19378 10063 9710 10062
19379 4799 4808 4807
19380 4807 4808 4816
19381 4800 4801 4809
19382 4817 4809 4874
19383 10011 10076 10068
19384 4408 4417 4416
19385 4800 4448 4801
19386 9708 9643 9651
19387 9693 9702 9694
19388 4867 4875 4866
19389 4874 4866 4875
19390 9695 9686 9694
19391 10061 9708 10060
19392 4493 4501 4492
19393 4858 4506 4859
19394 4507 4859 4506
19395 4492 4484 4493
19396 4449 4441 4506
19397 4423 4424 4432
19398 4409 4466 4474
19399 4474 4417 4409
19400 9700 9709 9701
19401 10380 9971 9993
19402 9643 9634 9642
19403 9672 9663 9664
19404 4441 4433 4498
19405 9700 9635 9643
19406 18664 18673 18672
19407 9692 9701 9693
19408 4490 4491 4499
19409 9704 9713 9705
19410 4493 4502 4501
19411 4548 4539 4547
19412 4509 4501 4510
19413 10077 10068 10069
19414 4565 4566 4557
19415 4493 4485 4494
19416 16890 16899 16898
19417 9687 9678 9686
19418 9698 9689 9697
19419 4476 4468 4477
19420 8544 8553 8552
19421 8373 8364 8365
19422 4484 4485 4493
19423 4474 4466 4475
19424 4477 4486 4485
19425 4469 4478 4477
19426 4476 4484 4475
19427 4483 4475 4484
19428 9688 9679 9687
19429 4479 4488 4487
19430 9697 9688 9696
19431 9687 9696 9688
19432 4487 4495 4486
19433 9699 9764 9756
19434 4514 4522 4457
19435 4471 4472 4480
19436 9757 9766 9765
19437 6978 6969 6970
19438 4480 4481 4489
19439 10127 9774 10126
19440 4488 4496 4487
19441 4488 4496 4497
19442 9724 9659 9716
19443 4472 4473 4481
19444 4078 4087 4086
19445 4462 4463 4471
19446 9772 9707 9715
19447 4496 4495 4487
19448 4505 4504 4496
19449 4494 4503 4502
19450 4495 4503 4494
19451 9694 9685 9686
19452 4547 4555 4546
19453 9750 9759 9751
19454 4502 4511 4510
19455 4539 4547 4538
19456 9749 9740 9748
19457 4554 4555 4563
19458 4514 4515 4523
19459 4546 4554 4489
19460 4096 4095 4087
19461 9736 9727 9735
19462 4548 4540 4539
19463 4548 4540 4549
19464 4611 4619 4610
19465 9774 9765 9766
19466 10132 10141 10133
19467 4926 4927 4935
19468 9742 9751 9750
19469 9756 9765 9757
19470 9775 9766 9774
19471 4505 4513 4504
19472 9758 9767 9759
19473 4575 4567 4576
19474 4556 4557 4565
19475 17503 17512 17511
19476 4547 4556 4555
19477 4548 4556 4547
19478 4503 4511 4502
19479 4571 4570 4923
19480 4571 4570 4562
19481 4505 4562 4570
19482 4878 4887 4886
19483 4871 4879 4870
19484 4510 4863 4862
19485 4563 4572 4564
19486 10134 10125 10126
19487 10124 10133 10125
19488 4923 4924 4932
19489 4923 4931 4922
19490 4923 4571 4924
19491 4927 4574 4575
19492 9759 9768 9760
19493 4922 4931 4930
19494 10149 10140 10148
19495 4880 4872 4881
19496 19101 19110 19109
19497 4512 4511 4503
19498 4513 4865 4512
19499 4512 4504 4513
19500 4511 4864 4863
19501 4511 4512 4864
19502 10090 10099 10098
19503 4870 4871 4862
19504 4922 4865 4513
19505 10067 10132 10075
19506 10140 10075 10083
19507 10148 10083 10091
19508 4879 4880 4888
19509 10151 10142 10150
19510 4873 4881 4872
19511 4577 4634 4986
19512 4910 4919 4911
19513 4895 4896 4887
19514 4887 4888 4896
19515 4978 4921 4913
19516 10097 10106 10098
19517 4889 4946 4954
19518 4881 4873 4938
19519 4561 4569 4560
19520 4966 4958 4967
19521 4930 4938 4873
19522 4889 4880 4888
19523 10157 10148 10156
19524 4881 4946 4889
19525 4888 4897 4896
19526 4955 4946 4947
19527 4972 4980 4971
19528 4940 4939 4931
19529 18724 18715 18716
19530 5026 5018 4961
19531 4939 4948 4947
19532 4897 4889 4954
19533 4971 4980 4979
19534 4940 4948 4939
19535 18683 18330 18331
19536 4629 4630 4638
19537 10165 10174 10173
19538 4930 4931 4939
19539 10167 10158 10166
19540 4955 4963 4964
19541 17390 16981 17038
19542 9776 9767 9775
19543 10094 10103 10102
19544 4956 4947 4948
19545 4955 4947 4956
19546 4971 4963 4972
19547 4912 4921 4920
19548 10175 10166 10174
19549 10175 10184 10176
19550 10176 10167 10175
19551 4964 4956 4965
19552 4983 13138 4982
19553 5018 5027 5026
19554 4905 4913 4904
19555 10183 10174 10182
19556 4976 4975 4967
19557 4962 4970 4971
19558 10181 10172 10180
19559 18471 18480 18479
19560 4912 4920 4911
19561 4896 4904 4895
19562 10172 10107 10115
19563 4920 4919 4911
19564 4970 4913 4905
19565 4970 4905 4962
19566 4918 4910 4919
19567 4895 4903 4894
19568 10123 10114 10122
19569 13490 13498 13499
19570 18337 10181 18336
19571 4977 4985 4976
19572 13091 13083 13082
19573 10114 10105 10113
19574 4912 4903 4904
19575 4912 4911 4903
19576 18387 18378 18379
19577 9730 9739 9738
19578 18434 18425 18433
19579 4944 4952 4943
19580 10115 10106 10107
19581 10135 10144 10136
19582 10228 10163 10220
19583 9739 9804 9747
19584 4972 4964 4973
19585 13143 13144 13135
19586 4967 4966 4975
19587 4965 4966 4974
19588 10177 10186 10178
19589 4976 4975 4984
19590 4975 4983 4974
19591 18349 18358 18350
19592 4976 4967 4968
19593 4959 4951 4950
19594 4951 4960 4959
19595 4940 4949 4948
19596 4965 4973 4974
19597 10177 10168 10176
19598 17570 17579 17578
19599 13150 13158 13159
19600 4982 4973 4981
19601 4974 4982 4973
19602 4940 4932 4941
19603 4951 4943 4952
19604 4949 4958 4957
19605 10154 10163 10162
19606 4965 4956 4957
19607 4949 4941 4950
19608 4544 4545 4553
19609 10131 9778 10130
19610 10169 10160 10161
19611 10224 10215 10216
19612 4957 4948 4949
19613 4952 4961 4960
19614 4941 4942 4950
19615 4924 4933 4932
19616 8378 8387 8386
19617 4936 4944 4935
19618 4951 4950 4942
19619 4951 4942 4943
19620 9744 9753 9745
19621 4543 4552 4551
19622 4960 4961 4969
19623 10190 10199 10191
19624 20595 20586 20587
19625 4631 4640 4632
19626 4572 4925 4924
19627 10244 10179 10236
19628 9969 10322 10321
19629 4953 5018 4961
19630 9051 9116 9059
19631 18300 18291 18292
19632 4567 4568 4576
19633 4937 4994 5002
19634 19218 19227 19226
19635 5018 5010 5019
19636 4929 4937 4928
19637 5018 4953 5010
19638 10212 10221 10213
19639 4926 4935 4934
19640 18655 18664 18663
19641 4945 5002 5010
19642 4635 4987 4634
19643 10204 10213 10205
19644 4943 4935 4944
19645 4936 4928 4937
19646 4564 4573 4572
19647 4937 4929 4994
19648 10131 10196 10188
19649 4573 4565 4574
19650 9779 10188 9836
19651 4573 4564 4565
19652 4528 4529 4520
19653 6845 6854 6853
19654 20076 20067 20068
19655 4929 4576 4577
19656 4925 4933 4924
19657 4942 4934 4943
19658 4925 4572 4573
19659 9838 9829 9830
19660 4549 4558 4557
19661 10129 10138 10130
19662 10152 10161 10160
19663 4936 4927 4928
19664 4935 4927 4936
19665 4934 4942 4933
19666 4941 4933 4942
19667 10130 9777 10129
19668 4928 4575 4576
19669 4927 4575 4928
19670 4558 4567 4566
19671 4565 4566 4574
19672 9769 9778 9770
19673 10207 10198 10199
19674 4526 4525 4517
19675 4574 4566 4575
19676 9748 9683 9740
19677 4543 4551 4542
19678 20643 20598 20640
19679 4518 4517 4526
19680 4559 4551 4550
19681 4561 4618 4626
19682 4553 4610 4618
19683 4094 4103 4102
19684 9752 9743 9751
19685 9812 9821 9820
19686 4089 4146 4154
19687 4551 4552 4560
19688 9298 9307 9299
19689 4518 4519 4527
19690 4569 4626 4634
19691 9755 9746 9747
19692 4550 4549 4541
19693 4550 4541 4542
19694 4568 4559 4560
19695 4576 4568 4577
19696 9791 9782 9790
19697 9762 9771 9763
19698 4568 4560 4569
19699 4577 4569 4634
19700 9828 9763 9771
19701 4608 4607 4599
19702 4551 4560 4559
19703 9771 9836 9828
19704 9837 9828 9836
19705 4561 4626 4569
19706 4569 4577 4568
19707 4612 4611 4603
19708 9770 9779 9771
19709 9763 9754 9755
19710 4610 4553 4545
19711 4604 4613 4612
19712 10128 9775 9776
19713 10211 10202 10203
19714 9723 9370 9722
19715 4134 4133 4125
19716 4602 4594 4537
19717 4524 4516 4525
19718 4545 4536 4537
19719 4602 4537 4545
19720 17289 17280 17281
19721 4533 4525 4534
19722 9730 9739 9731
19723 4157 4149 4158
19724 4150 4159 4158
19725 9789 9780 9788
19726 4194 4202 4137
19727 4152 4161 4160
19728 4529 4537 4528
19729 9788 9723 9731
19730 4586 4529 4521
19731 4586 4521 4578
19732 4169 4226 4578
19733 4167 4159 4168
19734 9722 9369 9721
19735 4206 4205 4197
19736 9328 9319 9327
19737 20254 20319 20262
19738 4521 4169 4578
19739 3759 3760 4112
19740 4169 4521 4168
19741 4520 4168 4521
19742 4162 4154 4163
19743 9354 9363 9362
19744 4230 4221 4222
19745 9780 9371 9723
19746 9428 9363 9371
19747 4208 4199 4200
19748 4541 4540 4532
19749 4153 4210 4218
19750 4124 4125 4133
19751 9807 9816 9815
19752 10067 9714 9715
19753 9365 9718 9366
19754 9355 9420 9412
19755 4187 4195 4186
19756 9345 9336 9337
19757 4145 4137 4202
19758 4227 4218 4219
19759 4194 4203 4202
19760 4541 4533 4542
19761 4151 4159 4160
19762 4158 4159 4167
19763 4119 4127 4128
19764 4155 4147 4156
19765 4543 4534 4535
19766 9421 9412 9413
19767 4541 4532 4533
19768 4158 4166 4157
19769 9344 9353 9345
19770 4164 4156 4165
19771 4543 4535 4544
19772 9368 9359 9367
19773 9746 9737 9745
19774 4535 4534 4526
19775 9358 9367 9366
19776 9367 9720 9719
19777 4480 4472 4481
19778 4526 4534 4525
19779 9734 9743 9735
19780 4165 4517 4518
19781 9728 9737 9736
19782 9719 9728 9727
19783 4516 4524 4515
19784 4530 4465 4473
19785 4127 4135 4126
19786 4522 4465 4530
19787 4456 4457 4465
19788 4532 4524 4533
19789 18270 18261 18262
19790 4470 4462 4471
19791 15808 15799 15800
19792 9741 9732 9740
19793 4465 4457 4522
19794 4532 4531 4523
19795 18137 18146 18145
19796 4523 4515 4524
19797 9675 9666 9674
19798 4522 4531 4530
19799 9735 9744 9743
19800 4538 4530 4539
19801 9735 9726 9734
19802 4464 4465 4473
19803 4479 4471 4480
19804 9675 9740 9732
19805 4455 4463 4454
19806 4522 4514 4523
19807 4048 4049 4057
19808 4472 4464 4473
19809 4080 4089 4081
19810 9716 9725 9717
19811 4464 4463 4455
19812 4131 4130 4139
19813 4089 4097 4088
19814 4456 4104 4457
19815 4094 4095 4103
19816 4139 4130 4138
19817 4108 4117 4116
19818 9666 9657 9665
19819 4464 4472 4463
19820 4471 4463 4472
19821 4102 4103 4455
19822 9349 9358 9357
19823 4457 4105 4514
19824 9305 9658 9306
19825 4096 4087 4088
19826 4456 4104 4103
19827 9314 8961 8962
19828 4104 4105 4457
19829 4062 4063 4071
19830 9306 9659 9658
19831 4096 4104 4095
19832 9350 9359 9351
19833 4088 4080 4089
19834 4157 4156 4148
19835 4105 4162 4514
19836 4165 4156 4157
19837 4097 4154 4162
19838 4514 4162 4515
19839 4103 4095 4104
19840 4163 4515 4162
19841 4517 4164 4165
19842 4516 4164 4517
19843 9306 9297 9298
19844 9717 9364 9716
19845 4157 4148 4149
19846 9368 9721 9720
19847 9267 9258 9266
19848 4164 4155 4163
19849 8415 8406 8407
19850 4154 4155 4163
19851 4156 4164 4155
19852 9327 9318 9319
19853 4049 4106 4114
19854 4070 4071 4062
19855 4146 4155 4154
19856 4049 4114 4057
19857 4146 4138 4147
19858 4147 4138 4139
19859 3747 3755 3746
19860 4132 4123 4124
19861 4108 3756 3755
19862 9325 9334 9326
19863 4150 4142 4151
19864 9335 9326 9334
19865 4124 4115 4116
19866 17028 17019 17020
19867 8897 8888 8889
19868 9349 9340 9348
19869 4191 4199 4190
19870 16596 16587 16588
19871 4148 4140 4149
19872 9342 9351 9343
19873 4073 4072 4081
19874 9290 9281 9289
19875 4088 4079 4087
19876 4080 4079 4088
19877 15685 15676 15677
19878 4046 3694 4047
19879 4081 4072 4080
19880 9321 9330 9329
19881 4122 4065 4130
19882 4130 4073 4065
19883 3695 3687 3696
19884 3688 3696 3697
19885 9249 9258 9257
19886 3688 3689 3697
19887 4054 4046 4055
19888 4048 3696 3695
19889 9251 8898 8899
19890 3686 3687 3695
19891 4065 4064 4056
19892 8899 9308 8956
19893 4115 4106 4114
19894 4048 4047 3695
19895 4049 4048 3696
19896 9283 9274 9275
19897 4056 4064 4055
19898 4063 4055 4064
19899 10357 10348 10349
19900 9317 9308 9309
19901 8963 9372 9020
19902 4124 4116 4125
19903 3697 3689 3754
19904 4115 4123 4114
19905 3689 3754 3746
19906 4122 4057 4114
19907 4115 4107 4106
19908 3751 3759 3750
19909 4134 4126 4135
19910 4108 4107 3755
19911 3747 3748 3756
19912 3753 3810 3818
19913 3749 3757 3748
19914 3756 3748 3757
19915 3747 3756 3755
19916 9311 8958 9310
19917 4108 4116 4107
19918 4115 4107 4116
19919 9312 8959 9311
19920 9725 9734 9733
19921 4118 4109 4110
19922 9320 9329 9328
19923 3751 3760 3759
19924 4116 4117 4125
19925 3757 3758 4110
19926 9319 9310 9311
19927 9345 9354 9346
19928 3758 3750 3759
19929 9331 9396 9388
19930 9322 9313 9314
19931 4129 4137 4128
19932 4126 4118 4127
19933 4111 4119 4110
19934 4118 4110 4119
19935 9356 9365 9364
19936 18656 18665 18664
19937 4142 4143 4151
19938 9335 9344 9336
19939 3816 3824 3815
19940 4153 4145 4210
19941 9323 9314 9322
19942 4121 4120 4112
19943 4178 4170 4113
19944 4113 4178 4121
19945 4134 4135 4143
19946 4119 4127 4118
19947 9388 9323 9331
19948 4128 4120 4129
19949 4144 4135 4136
19950 17384 17375 17376
19951 3813 3822 3821
19952 9347 9412 9404
19953 4140 4141 4149
19954 4121 4129 4120
19955 4136 4127 4128
19956 4189 4188 4180
19957 9398 9389 9397
19958 4137 4129 4194
19959 4186 4194 4129
19960 9339 9404 9347
19961 4196 4195 4187
19962 9396 9405 9404
19963 17123 17114 17115
19964 4145 4153 4144
19965 4152 4144 4153
19966 4133 4141 4132
19967 9329 9338 9330
19968 4117 4126 4125
19969 4118 4126 4117
19970 4136 4135 4127
19971 4143 4135 4144
19972 4142 4134 4143
19973 4278 4279 4287
19974 9409 9400 9401
19975 9343 9352 9344
19976 4142 4150 4141
19977 4149 4141 4150
19978 4189 4180 4181
19979 4266 4258 4267
19980 4585 4593 4584
19981 9411 9402 9410
19982 9375 9384 9376
19983 4186 4195 4194
19984 4223 4222 4214
19985 9394 9403 9402
19986 4232 4223 4231
19987 4194 4195 4203
19988 4198 4207 4206
19989 9410 9419 9418
19990 9432 9423 9424
19991 9386 9377 9385
19992 4190 4189 4198
19993 9408 9417 9416
19994 4181 4182 4190
19995 4198 4190 4199
19996 4172 4173 4181
19997 4187 4188 4196
19998 4210 4219 4218
19999 10036 10045 10044
20000 4227 4219 4228
20001 4196 4205 4204
20002 4232 4224 4223
20003 9407 9416 9408
20004 4214 4213 4222
20005 4202 4211 4210
20006 4204 4195 4196
20007 4203 4195 4204
20008 4196 4188 4197
20009 4189 4197 4188
20010 4192 4184 4183
20011 3884 3876 3885
20012 3815 3823 3814
20013 4189 4181 4190
20014 4187 4178 4179
20015 9378 9025 9377
20016 4171 4180 4179
20017 9374 9383 9375
20018 9387 9378 9386
20019 4187 4179 4188
20020 9381 9390 9382
20021 20431 20704 20703
20022 9021 9374 9022
20023 4172 3819 3820
20024 4172 4171 3819
20025 9387 9452 9444
20026 9385 9394 9386
20027 9026 9379 9027
20028 19591 19600 19599
20029 4250 4193 4185
20030 4175 3822 3823
20031 3814 3823 3822
20032 9433 9424 9425
20033 4177 4234 4242
20034 4183 4174 4175
20035 4183 4191 4182
20036 4190 4182 4191
20037 9376 9385 9384
20038 4176 4175 3823
20039 4176 3823 3824
20040 4285 4294 4293
20041 9384 9393 9392
20042 4707 4355 4708
20043 9437 9084 9436
20044 9438 9085 9437
20045 3874 3882 3817
20046 3824 4177 4176
20047 3878 3879 3887
20048 4235 4243 4234
20049 9446 9437 9445
20050 9059 9124 9067
20051 4234 3882 4235
20052 9457 9448 9456
20053 4289 4354 4297
20054 9442 9089 9441
20055 3883 4236 4235
20056 4243 4242 4234
20057 9453 9444 9452
20058 4177 4242 4185
20059 4298 3946 4299
20060 3877 3885 3886
20061 3946 3889 3881
20062 3878 3886 3877
20063 4255 4263 4254
20064 9441 9088 9440
20065 3876 3884 3875
20066 4200 4201 4209
20067 4260 4252 4261
20068 4237 3885 4238
20069 3884 3885 4237
20070 4238 4246 4237
20071 4244 4253 4252
20072 9456 9447 9455
20073 9465 9456 9457
20074 4261 4269 4260
20075 4246 4238 4247
20076 4239 4247 4238
20077 9454 9463 9462
20078 4323 4331 4322
20079 9377 9024 9025
20080 4244 4245 4253
20081 9465 9474 9466
20082 4200 4209 4208
20083 9469 9460 9468
20084 4201 4258 4266
20085 4246 4254 4255
20086 4260 4268 4259
20087 4254 4253 4245
20088 4184 4193 4192
20089 4644 4645 4653
20090 9395 9460 9452
20091 9471 9462 9470
20092 4262 4253 4254
20093 4261 4253 4262
20094 4276 4284 4275
20095 9495 9486 9494
20096 9480 9471 9479
20097 9482 9473 9481
20098 7964 5706 7956
20099 4267 4276 4275
20100 4262 4271 4270
20101 4263 4271 4262
20102 4269 4277 4278
20103 4648 4296 4649
20104 4339 4347 4338
20105 4267 4259 4268
20106 9478 9469 9477
20107 9461 9470 9462
20108 9856 9865 9857
20109 4259 4251 4260
20110 4185 4193 4184
20111 10130 9777 9778
20112 4280 4281 4289
20113 4258 4201 4193
20114 4258 4193 4250
20115 9493 9484 9492
20116 20438 20727 20710
20117 4209 4217 4208
20118 4274 4283 4275
20119 4266 4274 4209
20120 9484 9419 9427
20121 4274 4217 4209
20122 4625 4633 4624
20123 4282 4283 4274
20124 9941 9932 9933
20125 4266 4275 4274
20126 4225 4217 4282
20127 4276 4277 4285
20128 9409 9418 9417
20129 4283 4291 4282
20130 4213 4212 4221
20131 4274 4282 4217
20132 4266 4267 4275
20133 9844 9435 9787
20134 4291 4290 4282
20135 4233 4225 4290
20136 19416 19366 19413
20137 4658 4593 4650
20138 4278 4270 4279
20139 9556 9491 9499
20140 9488 9497 9489
20141 4269 4277 4268
20142 4271 4279 4270
20143 4286 4277 4278
20144 9809 9800 9801
20145 4283 4275 4284
20146 9487 9496 9488
20147 4591 4592 4600
20148 9866 9857 9858
20149 4295 4294 4647
20150 4283 4292 4291
20151 4284 4292 4283
20152 9856 9847 9855
20153 9854 9863 9855
20154 4293 4646 4294
20155 4291 4644 4292
20156 4646 4645 4293
20157 9855 9846 9854
20158 4694 4702 4693
20159 9865 9874 9866
20160 9864 9855 9863
20161 9891 9956 9948
20162 9494 9847 9846
20163 4294 4647 4646
20164 5334 5343 5342
20165 9793 9802 9794
20166 4688 4696 4697
20167 4653 4661 4652
20168 4660 4659 4651
20169 4655 4663 4654
20170 4644 4652 4643
20171 9854 9845 9853
20172 9948 9883 9891
20173 4714 4706 4649
20174 4641 4633 4632
20175 9848 9857 9856
20176 9872 9863 9871
20177 4697 4705 4696
20178 4583 4230 4582
20179 4642 4585 4233
20180 9904 9895 9903
20181 4593 4585 4650
20182 10207 10216 10215
20183 4675 4667 4676
20184 4290 4642 4643
20185 4684 4676 4685
20186 4230 4222 4231
20187 9803 9868 9860
20188 4290 4642 4233
20189 9897 9888 9889
20190 4642 4651 4650
20191 4588 4587 4579
20192 4582 4229 4230
20193 4591 4599 4590
20194 4583 4584 4592
20195 9793 9784 9792
20196 4606 4607 4615
20197 9786 9795 9787
20198 4233 4224 4225
20199 4206 4214 4215
20200 4226 4227 4579
20201 9873 9864 9865
20202 9792 9801 9793
20203 4616 4607 4608
20204 4596 4595 4587
20205 4215 4207 4216
20206 4578 4579 4587
20207 4231 4583 4230
20208 4218 4227 4226
20209 9794 9785 9793
20210 9890 9899 9898
20211 4588 4580 4589
20212 4598 4590 4599
20213 4598 4589 4590
20214 9787 9434 9435
20215 4215 4216 4224
20216 4585 4232 4584
20217 4233 4232 4585
20218 10193 9840 9841
20219 9432 9785 9433
20220 4206 4207 4215
20221 9435 9426 9434
20222 4223 4214 4215
20223 4223 4231 4222
20224 4217 4225 4216
20225 4217 4216 4208
20226 4204 4212 4203
20227 4587 4595 4586
20228 9797 9806 9798
20229 4215 4224 4223
20230 9425 9416 9424
20231 4204 4212 4213
20232 4205 4213 4204
20233 9782 9429 9781
20234 4211 4203 4212
20235 4214 4213 4205
20236 9413 9422 9421
20237 9424 9415 9416
20238 4586 4595 4594
20239 4615 4624 4623
20240 9781 9790 9789
20241 4582 4581 4229
20242 9423 9414 9422
20243 15925 15916 15917
20244 4229 4220 4228
20245 4221 4229 4220
20246 9430 9421 9422
20247 4596 4588 4597
20248 4602 4603 4611
20249 4589 4581 4590
20250 4579 4580 4227
20251 9783 9792 9784
20252 4589 4597 4588
20253 4606 4598 4607
20254 4595 4604 4603
20255 9808 9799 9807
20256 4604 4596 4605
20257 4635 4988 4987
20258 9806 9815 9807
20259 9800 9791 9792
20260 9823 9814 9822
20261 4605 4614 4613
20262 4623 4624 4632
20263 4597 4605 4596
20264 4612 4603 4604
20265 4629 4620 4621
20266 4992 4991 4639
20267 9815 9824 9823
20268 4619 4627 4618
20269 4628 4620 4629
20270 4628 4620 4619
20271 9840 9831 9839
20272 4599 4600 4608
20273 4628 4636 4627
20274 4619 4628 4627
20275 9819 9884 9827
20276 9762 9753 9754
20277 4636 4989 4988
20278 4611 4612 4620
20279 4612 4620 4621
20280 4611 4620 4619
20281 4598 4606 4597
20282 9835 9826 9834
20283 4631 4630 4622
20284 4614 4622 4613
20285 4987 4988 4996
20286 9833 9842 9841
20287 4615 4607 4616
20288 9818 9827 9819
20289 4609 4617 4608
20290 4621 4613 4622
20291 4631 4632 4623
20292 5002 5011 5010
20293 4605 4606 4614
20294 4636 4637 4989
20295 9799 9790 9791
20296 4615 4623 4614
20297 4692 4684 4693
20298 9831 9822 9823
20299 9825 9834 9833
20300 9835 9900 9843
20301 4632 4641 4640
20302 16763 16754 16755
20303 8207 8198 8199
20304 4630 4639 4631
20305 4988 4635 4636
20306 10206 10197 10198
20307 5067 5075 5066
20308 10227 10218 10226
20309 4999 4990 4998
20310 4994 4995 4986
20311 20689 20680 20681
20312 10195 9842 10194
20313 10210 10201 10202
20314 5021 5030 5029
20315 5000 4991 4992
20316 4639 4631 4640
20317 4635 4627 4636
20318 10292 10301 10293
20319 4999 5007 4998
20320 5010 5011 5019
20321 10300 10309 10308
20322 20357 20366 20365
20323 4988 4989 4997
20324 10209 10200 10208
20325 4626 4635 4627
20326 4634 4635 4626
20327 10222 10213 10221
20328 4997 4989 4998
20329 4988 4997 4996
20330 4986 4987 4995
20331 5024 5023 5015
20332 4998 4989 4990
20333 5004 5012 5003
20334 4995 4987 4996
20335 5003 5011 5002
20336 10198 10189 10197
20337 5020 5019 5011
20338 10206 10215 10207
20339 9839 9830 9831
20340 10231 10222 10230
20341 4996 5004 4995
20342 5028 5027 5019
20343 4994 5003 5002
20344 4995 5003 4994
20345 4996 5004 5005
20346 10194 9841 9842
20347 10234 10243 10235
20348 5030 5038 5029
20349 13278 13269 13277
20350 5006 5007 5015
20351 5023 5014 5015
20352 5015 5007 5016
20353 4999 5008 5007
20354 10214 10223 10215
20355 5071 5079 5070
20356 5017 5008 5009
20357 10219 10210 10218
20358 10241 10250 10249
20359 5008 5016 5007
20360 10241 10250 10242
20361 5015 5014 5006
20362 5039 5038 5030
20363 10230 10239 10231
20364 5022 5013 5014
20365 5005 5014 5013
20366 10225 10234 10226
20367 13218 13217 13226
20368 5022 5031 5023
20369 10233 10242 10234
20370 5041 5106 5049
20371 5031 5023 5032
20372 18512 18503 18511
20373 10223 10232 10231
20374 18472 18463 18471
20375 5048 5049 5040
20376 5020 5029 5028
20377 5525 5516 5524
20378 5019 5028 5020
20379 10246 10237 10245
20380 5027 5035 5026
20381 5034 5035 5043
20382 10241 10232 10233
20383 5035 5044 5043
20384 5028 5029 5037
20385 5067 5076 5075
20386 5045 5044 5036
20387 5038 5037 5029
20388 5075 5076 5084
20389 15690 15681 15682
20390 10239 10248 10240
20391 5046 5037 5038
20392 5045 5037 5046
20393 5068 5076 5067
20394 5087 5096 5095
20395 5087 5086 5078
20396 5068 5077 5076
20397 16811 16820 16819
20398 5094 5102 5093
20399 5095 5103 5094
20400 5092 5093 5101
20401 5108 5099 5100
20402 10247 10238 10246
20403 5092 5100 5101
20404 9129 9138 9137
20405 5054 5055 5063
20406 20018 20027 20026
20407 5040 5049 5041
20408 10366 10357 10358
20409 5083 5082 5074
20410 5033 5098 5090
20411 5110 5109 5101
20412 5088 5089 5097
20413 5096 5097 5105
20414 5110 5111 5102
20415 5102 5103 5111
20416 5074 5009 5066
20417 5060 5051 5052
20418 5090 5091 5099
20419 19224 19215 19216
20420 8043 8108 8051
20421 18409 18400 18408
20422 5098 5107 5106
20423 18488 18497 18496
20424 5099 5107 5108
20425 13244 13235 13243
20426 5092 5091 5100
20427 5100 5099 5091
20428 20202 20193 20194
20429 10308 10243 10251
20430 10252 10261 10253
20431 10281 10290 10289
20432 17178 16825 16826
20433 9873 9882 9874
20434 5058 5066 5001
20435 5058 4993 5050
20436 5074 5066 5075
20437 5090 5033 5025
20438 5025 5016 5017
20439 10285 10294 10286
20440 5090 5025 5082
20441 5078 5070 5079
20442 10276 10285 10277
20443 10211 10276 10268
20444 10277 10286 10278
20445 5056 4703 4704
20446 5093 5085 5094
20447 5082 5017 5025
20448 5074 5082 5017
20449 5080 5088 5079
20450 9834 9843 9842
20451 5051 5059 5050
20452 5017 5009 5074
20453 5051 4699 5052
20454 5061 5052 5053
20455 5093 5084 5085
20456 4699 5051 4698
20457 10289 10298 10297
20458 5078 5086 5077
20459 10280 10271 10272
20460 5077 5076 5085
20461 5085 5084 5076
20462 5087 5095 5086
20463 5078 5079 5087
20464 5065 5130 5073
20465 5160 5168 5159
20466 5080 5089 5081
20467 5085 5086 5094
20468 10291 10282 10283
20469 10356 10291 10299
20470 5067 5059 5058
20471 10264 10273 10265
20472 5070 5061 5062
20473 5052 5060 5061
20474 10271 10262 10263
20475 4700 4691 4699
20476 5071 5063 5072
20477 8214 7916 7917
20478 5063 5071 5062
20479 5070 5062 5071
20480 5060 5068 5059
20481 5060 5059 5051
20482 5070 5069 5061
20483 10272 10263 10271
20484 5050 4641 4698
20485 9477 9486 9485
20486 5062 5053 5054
20487 5061 5053 5062
20488 4674 4675 4683
20489 5054 4701 5053
20490 5067 5066 5058
20491 10256 9903 10255
20492 4676 4677 4685
20493 9904 10257 9905
20494 4700 4692 4701
20495 10278 10287 10286
20496 4682 4683 4691
20497 4701 4693 4702
20498 4624 4633 4632
20499 4682 4691 4690
20500 4658 4666 4667
20501 4624 4616 4625
20502 4609 4666 4674
20503 9884 9893 9885
20504 4608 4600 4609
20505 4674 4683 4682
20506 9895 9886 9887
20507 9880 9871 9879
20508 4609 4601 4666
20509 9935 9926 9927
20510 4690 4691 4699
20511 10268 10203 10260
20512 4659 4667 4658
20513 9893 9902 9894
20514 4658 4666 4601
20515 4685 4693 4684
20516 4680 4671 4672
20517 4739 4748 4747
20518 9825 9816 9817
20519 4682 4617 4674
20520 4625 4617 4682
20521 4675 4674 4666
20522 4675 4666 4667
20523 4703 4694 4702
20524 4687 4679 4688
20525 4677 4678 4686
20526 9889 9898 9890
20527 9897 9906 9905
20528 4694 4695 4686
20529 4683 4692 4691
20530 4683 4684 4692
20531 9919 9928 9920
20532 4703 4695 4694
20533 9870 9879 9871
20534 4694 4685 4686
20535 4693 4685 4694
20536 4667 4659 4668
20537 4660 4661 4669
20538 4669 4668 4660
20539 4669 4678 4677
20540 9896 9887 9895
20541 4660 4668 4659
20542 9964 9899 9956
20543 4685 4677 4686
20544 9896 9905 9904
20545 4678 4679 4687
20546 4673 4738 4681
20547 4661 4670 4662
20548 9872 9881 9873
20549 4669 4661 4670
20550 9909 9918 9910
20551 4670 4671 4679
20552 4670 4679 4678
20553 4681 4672 4673
20554 4681 4689 4680
20555 9890 9881 9889
20556 4672 4681 4680
20557 4671 4680 4679
20558 5122 5057 5114
20559 4707 4706 4354
20560 4679 4680 4688
20561 9883 9874 9875
20562 4714 4715 4723
20563 4656 4657 4665
20564 4756 4764 4755
20565 4724 4723 4715
20566 9940 9875 9932
20567 4687 4688 4696
20568 5071 5080 5079
20569 9948 9957 9956
20570 9966 9957 9965
20571 9951 9942 9943
20572 9935 9944 9936
20573 9965 9956 9964
20574 5143 5151 5142
20575 4764 5116 4763
20576 9959 9950 9958
20577 4764 5117 4765
20578 4724 4732 4723
20579 4741 4732 4733
20580 4725 4733 4724
20581 4764 4756 4765
20582 4748 4757 4756
20583 4716 4708 4717
20584 4730 4739 4738
20585 4664 4665 4673
20586 4360 4713 4712
20587 4741 4742 4733
20588 13390 5199 13389
20589 4740 4731 4732
20590 4739 4731 4740
20591 9967 9958 9966
20592 9988 9984 9985
20593 4705 5114 4762
20594 4755 4763 4754
20595 4756 4765 4757
20596 10327 10318 10326
20597 20068 20077 20076
20598 4748 4756 4747
20599 4755 4747 4756
20600 5115 5114 4762
20601 5123 5124 5115
20602 10334 10325 10333
20603 10275 10266 10267
20604 10267 10332 10324
20605 10338 10329 10337
20606 5057 5114 4705
20607 5122 5065 5057
20608 5124 5125 5133
20609 5123 5132 5131
20610 4755 4763 4764
20611 10318 9965 10317
20612 5064 5056 5065
20613 4763 4762 4754
20614 18794 18785 18786
20615 9776 9767 9768
20616 4757 4758 4766
20617 4703 4704 4695
20618 5116 5125 5124
20619 10327 10336 10328
20620 10320 9967 9968
20621 4697 4762 4705
20622 10258 10267 10266
20623 5071 5072 5080
20624 5131 5122 5123
20625 5131 5130 5122
20626 10335 10326 10327
20627 10333 10324 10325
20628 5064 5055 5056
20629 10371 10362 10363
20630 9906 10259 10258
20631 5081 5073 5138
20632 5146 5089 5154
20633 10316 10325 10324
20634 9964 10317 10316
20635 5057 4704 5056
20636 4705 4704 5057
20637 5138 5073 5130
20638 5081 5146 5089
20639 7371 7380 7379
20640 10349 10340 10341
20641 5146 5155 5147
20642 5104 5112 5103
20643 10342 10351 10343
20644 5165 5164 5156
20645 19798 19833 19806
20646 5130 5139 5131
20647 5141 5149 5150
20648 5138 5139 5147
20649 5155 5163 5154
20650 5124 5133 5132
20651 8683 9092 9035
20652 5141 5132 5140
20653 5133 5132 5141
20654 10341 10350 10349
20655 5148 5139 5147
20656 5140 5139 5148
20657 10351 10360 10359
20658 18550 18541 18549
20659 5175 5166 5167
20660 5155 5147 5156
20661 5170 5162 5171
20662 5175 5174 5166
20663 5163 5164 5172
20664 5154 5162 5163
20665 10315 18527 10372
20666 10206 10197 10205
20667 5156 5164 5155
20668 16403 16394 16395
20669 5156 5157 5165
20670 5149 5158 5157
20671 5172 5164 5173
20672 5165 5173 5164
20673 5149 5150 5158
20674 18592 18596 18595
20675 10364 10373 10365
20676 5170 5105 5162
20677 5163 5171 5162
20678 5088 5097 5096
20679 20096 20105 20104
20680 5103 5112 5111
20681 5104 5113 5112
20682 10298 10307 10299
20683 9741 9732 9733
20684 5111 13266 5110
20685 5154 5097 5162
20686 5162 5105 5097
20687 18567 18502 18559
20688 5167 5168 5176
20689 5159 5151 5160
20690 10299 10364 10307
20691 5109 13265 5110
20692 5157 5166 5165
20693 5168 5176 5177
20694 6252 6605 6253
20695 5167 5176 5175
20696 13353 13354 13345
20697 5187 5191 5188
20698 10371 10401 10398
20699 5169 5199 5177
20700 5144 5152 5143
20701 10363 10398 10371
20702 10035 10100 10043
20703 5158 5150 5159
20704 5166 5174 5165
20705 5128 5127 5119
20706 19894 19885 19886
20707 5161 5160 5169
20708 5169 5168 5160
20709 10336 10345 10337
20710 5142 5133 5134
20711 10369 10378 10377
20712 10389 10393 10390
20713 5178 5179 5182
20714 10354 10345 10353
20715 4790 9995 4793
20716 4790 4793 4789
20717 16051 16042 16043
20718 5144 5153 5152
20719 5151 5143 5152
20720 5129 5137 5184
20721 10394 5192 10397
20722 10346 10355 10347
20723 5127 5128 5136
20724 5121 4768 4769
20725 5144 5135 5136
20726 16837 16841 16840
20727 5143 5134 5135
20728 5142 5134 5143
20729 10362 10353 10361
20730 5161 5152 5160
20731 5136 5135 5127
20732 10338 10347 10346
20733 9995 9991 9994
20734 4360 4359 4351
20735 4791 5178 4769
20736 4758 4749 4750
20737 5200 5201 5197
20738 7169 7160 7161
20739 5118 4765 4766
20740 5194 5195 5191
20741 5188 5192 5191
20742 6436 6445 6444
20743 5182 5186 5185
20744 17883 17874 17875
20745 4768 4760 4769
20746 10386 10390 10387
20747 5145 5187 5190
20748 5190 5153 5145
20749 5193 5190 5194
20750 18584 18575 18576
20751 4753 4785 4788
20752 5121 4769 5178
20753 4782 4786 4785
20754 4768 4759 4760
20755 10383 10387 10384
20756 9992 9995 4790
20757 5183 10388 5186
20758 5183 5186 5182
20759 4788 4792 4791
20760 4783 4786 4782
20761 5178 5181 5121
20762 10354 10363 10362
20763 4380 4383 4353
20764 10320 10329 10321
20765 4752 4761 4760
20766 9992 9988 9991
20767 5137 5128 5129
20768 4753 4761 4752
20769 5121 5129 5120
20770 10330 10321 10329
20771 4767 4758 4759
20772 4752 4744 4743
20773 9960 9969 9961
20774 4757 4758 4749
20775 9984 9939 9947
20776 4773 4777 4776
20777 4733 4734 4742
20778 9532 9467 9475
20779 9950 9941 9942
20780 4751 4760 4752
20781 4745 4736 4737
20782 4751 4750 4759
20783 4742 4734 4743
20784 4380 4384 4383
20785 9978 9923 9931
20786 4711 4359 4712
20787 4743 4735 4744
20788 9981 9931 9978
20789 4713 4721 4712
20790 4360 4712 4359
20791 9945 9954 9946
20792 4656 4647 4648
20793 4715 4707 4716
20794 4779 4729 4737
20795 4737 4779 4782
20796 20195 20186 20187
20797 4736 4745 4744
20798 4791 5179 4792
20799 4713 4361 4770
20800 4737 4782 4745
20801 4735 4736 4744
20802 4788 4791 4761
20803 9975 9979 9978
20804 9947 9938 9946
20805 9947 9987 9984
20806 9972 9563 9585
20807 9925 9934 9926
20808 9990 9955 9963
20809 4760 4761 4769
20810 4745 4782 4785
20811 4773 4774 4770
20812 4301 4300 3948
20813 9555 9546 9554
20814 9973 9585 9972
20815 4350 4351 4359
20816 4381 4380 4384
20817 9975 9915 9972
20818 4779 4776 4780
20819 4647 4648 4295
20820 4771 4775 4774
20821 4361 4383 4770
20822 4664 4655 4656
20823 9978 9982 9979
20824 4713 4770 4773
20825 7534 7543 7542
20826 4776 4777 4780
20827 19024 18671 18672
20828 9526 9517 9518
20829 4351 4350 4342
20830 4361 4352 4353
20831 4343 4352 4351
20832 9586 9582 9585
20833 4726 4734 4725
20834 3976 4363 3975
20835 9547 9582 9579
20836 4778 4781 4777
20837 4778 4781 9983
20838 4321 4313 4368
20839 4371 4321 4368
20840 4345 4377 4380
20841 9579 9583 9580
20842 4343 4335 4344
20843 4353 4352 4344
20844 9930 9939 9931
20845 4735 4727 4736
20846 4711 4720 4719
20847 9576 9531 9573
20848 4712 4720 4711
20849 4257 4249 4248
20850 4358 4359 4350
20851 9561 9552 9553
20852 4707 4354 4355
20853 4729 4728 4720
20854 4347 4356 4355
20855 9908 9917 9909
20856 4360 4352 4361
20857 4712 4721 4720
20858 4729 4720 4721
20859 4720 4728 4719
20860 4727 4728 4736
20861 4732 4724 4733
20862 20029 20382 20381
20863 9560 9913 9912
20864 9937 9928 9936
20865 9912 9921 9913
20866 4711 4719 4710
20867 4718 4710 4719
20868 4707 4715 4706
20869 4729 4737 4728
20870 4736 4728 4737
20871 4735 4726 4734
20872 4727 4735 4726
20873 4289 4288 4280
20874 4655 4647 4656
20875 9918 9927 9919
20876 4725 4724 4716
20877 4357 4348 4349
20878 4731 4723 4732
20879 4722 4665 4657
20880 9931 9922 9923
20881 4672 4664 4673
20882 4348 4356 4347
20883 4717 4709 4718
20884 4710 4718 4709
20885 9911 9920 9919
20886 9875 9866 9867
20887 4655 4664 4663
20888 4672 4663 4664
20889 4349 4348 4340
20890 4350 4358 4349
20891 9551 9560 9559
20892 9867 9858 9859
20893 4723 4731 4722
20894 4730 4722 4731
20895 4722 4730 4665
20896 4673 4665 4730
20897 4657 4648 4656
20898 4649 4648 4657
20899 20146 20137 20138
20900 9459 9524 9516
20901 4265 4256 4257
20902 9557 9548 9556
20903 4648 4295 4296
20904 4296 4297 4649
20905 4330 4338 4273
20906 4349 4340 4341
20907 4271 4263 4272
20908 9924 9933 9932
20909 4649 4297 4706
20910 4280 4288 4279
20911 4241 3888 3889
20912 9549 9558 9550
20913 4338 4347 4346
20914 4289 4297 4288
20915 4357 4349 4358
20916 4296 4288 4297
20917 3953 4305 3952
20918 3880 3889 3881
20919 9540 9549 9541
20920 19544 19535 19536
20921 4341 4333 4342
20922 4710 4357 4709
20923 4358 4357 4710
20924 9559 9912 9560
20925 3949 3941 3950
20926 16694 17047 17046
20927 4355 4356 4708
20928 9490 9499 9498
20929 4350 4341 4342
20930 4349 4341 4350
20931 9534 9543 9535
20932 4332 4324 4333
20933 4709 4356 4708
20934 4357 4709 4356
20935 4302 4311 4310
20936 9564 9568 9567
20937 4325 4324 4316
20938 4316 4324 4315
20939 4339 4331 4340
20940 4316 4307 4308
20941 4320 4319 4311
20942 4300 3947 3948
20943 9543 9552 9551
20944 9505 9514 9506
20945 4299 4300 4308
20946 4265 4273 4264
20947 9542 9533 9541
20948 4257 4314 4322
20949 4272 4264 4273
20950 4272 4273 4281
20951 4325 4333 4324
20952 18281 18272 18273
20953 9505 9152 9504
20954 9090 9443 9091
20955 4239 4240 4248
20956 3941 3949 3940
20957 9267 9258 9259
20958 4257 4249 4314
20959 4318 4319 4327
20960 4330 4322 4265
20961 9541 9532 9533
20962 4309 4318 4317
20963 9528 9519 9527
20964 4281 4273 4338
20965 4257 4322 4265
20966 4301 3948 3949
20967 4257 4248 4256
20968 4330 4265 4273
20969 9458 9467 9459
20970 4239 4248 4247
20971 3881 3938 3946
20972 3889 3946 4298
20973 19197 19188 19189
20974 4256 4247 4248
20975 9443 9508 9451
20976 4239 3887 4240
20977 9450 9459 9451
20978 9508 9517 9509
20979 9451 9516 9508
20980 4314 4306 4315
20981 9501 9148 9500
20982 9500 9509 9501
20983 4241 4298 4306
20984 4249 4241 4306
20985 9527 9536 9535
20986 9521 9512 9513
20987 3889 4298 4241
20988 3887 3879 3888
20989 4241 4249 4240
20990 4248 4240 4249
20991 9451 9442 9450
20992 4240 3888 4241
20993 3939 3947 3938
20994 9621 9630 9629
20995 16132 16141 16140
20996 9507 9154 9506
20997 3976 3973 3977
20998 3946 3938 3947
20999 4299 3946 3947
21000 4333 4334 4342
21001 9512 9503 9504
21002 4365 4368 4313
21003 4300 4309 4308
21004 3950 4303 3951
21005 4771 4384 4772
21006 3952 4305 4304
21007 9177 9565 9564
21008 4302 4310 4301
21009 3945 3953 3944
21010 9511 9520 9512
21011 3951 3952 4304
21012 9513 9504 9512
21013 4302 4303 4311
21014 4365 4366 4369
21015 9523 9514 9522
21016 4301 4302 3949
21017 4362 3953 3975
21018 9545 9536 9544
21019 17027 17036 17035
21020 9974 9977 4772
21021 9578 9581 4376
21022 3942 3951 3950
21023 3942 3943 3951
21024 3951 3943 3952
21025 9506 9515 9507
21026 4317 4318 4326
21027 3944 3952 3943
21028 3945 3953 3975
21029 4310 4318 4309
21030 3972 3975 3945
21031 9568 9572 9569
21032 4304 4305 4313
21033 4374 4378 4375
21034 9577 9581 9580
21035 4312 4313 4304
21036 9571 9567 9570
21037 3952 3944 3953
21038 9462 9453 9454
21039 4362 4365 4305
21040 9565 9569 9568
21041 4312 4320 4321
21042 3976 4364 4363
21043 15732 15723 15724
21044 4335 4326 4334
21045 9507 9567 9515
21046 4318 4327 4326
21047 9530 9539 9538
21048 4375 4376 4372
21049 4328 4336 4327
21050 4337 4374 4329
21051 4329 4374 4371
21052 4371 4372 4368
21053 4345 4336 4337
21054 4344 4336 4345
21055 9574 9578 9577
21056 4343 4342 4334
21057 4343 4334 4335
21058 4318 4310 4319
21059 4310 4319 4311
21060 4327 4319 4328
21061 4321 4320 4329
21062 9547 9538 9539
21063 4371 4375 4374
21064 9531 9522 9530
21065 9521 9530 9522
21066 4328 4319 4320
21067 4362 4363 4366
21068 4384 4385 4381
21069 9520 9529 9528
21070 4366 4367 4370
21071 9572 4367 4370
21072 9566 9178 9565
21073 3975 3972 3976
21074 3973 3976 3972
21075 13409 13405 13408
21076 9977 9973 9976
21077 4770 4771 4383
21078 4383 4384 4771
21079 9980 9976 9979
21080 9979 9983 9980
21081 9980 4778 9983
21082 4779 4780 4783
21083 5178 5182 5181
21084 4786 4790 4789
21085 5200 5196 5197
21086 5193 5194 5197
21087 9985 9989 9986
21088 9584 9580 9581
21089 5196 5197 5193
21090 13412 13409 18614
21091 13412 13409 13408
21092 5189 5185 5186
21093 5189 5186 10391
21094 9977 9980 4775
21095 18958 18949 18950
21096 13796 13818 13788
21097 5199 5196 5200
21098 4783 4787 4786
21099 10382 5180 10385
21100 10399 10403 10400
21101 5184 5188 5187
21102 5185 5188 5184
21103 4381 4382 4378
21104 10390 10394 10391
21105 20179 20188 20187
21106 4772 9977 4775
21107 4772 4775 4771
21108 18593 10402 18592
21109 10400 5198 10403
21110 4382 4378 4379
21111 4382 4379 9584
21112 9581 9584 4379
21113 4372 4369 4373
21114 4370 9575 4373
21115 4370 4373 4369
21116 9569 9572 4367
21117 4379 4375 4376
21118 4379 4376 9581
21119 13762 13761 13770
21120 10403 18593 5201
21121 14207 13820 19409
21122 14207 13820 13819
21123 10391 10394 5189
21124 5192 5188 5189
21125 5192 5189 10394
21126 5185 5189 5188
21127 10385 5183 10388
21128 18605 13400 18602
21129 4787 4783 4784
21130 4787 4784 9989
21131 5182 5183 5179
21132 9986 9989 4784
21133 9989 9992 4787
21134 4783 4780 4784
21135 4792 4793 5180
21136 10382 4793 5180
21137 9986 4784 4781
21138 4780 4784 4781
21139 18482 18491 18490
21140 14172 14180 14217
21141 6912 6921 6920
21142 19004 13799 19001
21143 19019 13814 19016
21144 13365 13373 13374
21145 19013 13808 19010
21146 18602 18598 18601
21147 13411 13407 13410
21148 10401 18592 10402
21149 13391 5201 18593
21150 13391 5201 5200
21151 18599 18602 13397
21152 14227 14615 14228
21153 14615 19817 14228
21154 13390 13394 13391
21155 13394 18596 13391
21156 14186 14178 14187
21157 14206 14207 13819
21158 17831 17840 17832
21159 5326 5317 5318
21160 7426 7491 7483
21161 16703 16712 16704
21162 14971 14970 14962
21163 18999 18590 18942
21164 7393 7384 7385
21165 14563 14572 14564
21166 13813 13810 13809
21167 19817 14228 19430
21168 18614 13409 18611
21169 13404 13407 13408
21170 13391 5200 13390
21171 13817 13813 13816
21172 14221 14222 14218
21173 9237 9590 9238
21174 14222 14219 19424
21175 14222 14219 14218
21176 19798 19789 19790
21177 10281 10290 10282
21178 14615 14227 14614
21179 14219 19424 19421
21180 14220 14224 14221
21181 7967 7958 7966
21182 13810 13807 13806
21183 14577 14568 14576
21184 18595 18599 18596
21185 6423 6414 6415
21186 19817 19429 19816
21187 5449 5256 5257
21188 13371 13370 13379
21189 13393 13390 13389
21190 20072 20081 20080
21191 13401 13356 13398
21192 13378 13386 13377
21193 8933 8924 8932
21194 8149 7891 8148
21195 7861 7870 7862
21196 13394 13390 13393
21197 13405 13409 13406
21198 13409 18611 13406
21199 14223 14188 14196
21200 14163 14154 14155
21201 14210 19412 19415
21202 18608 18604 18607
21203 8834 8825 8826
21204 14176 14168 14167
21205 19404 19757 19405
21206 8257 8266 8258
21207 6002 5993 5994
21208 19824 19828 19825
21209 14182 14191 14183
21210 19353 19344 19352
21211 13770 13779 13771
21212 5199 5177 13389
21213 18563 18554 18555
21214 14187 14178 14179
21215 20570 20579 20578
21216 19379 19370 19378
21217 19094 19159 19151
21218 18611 18607 18608
21219 14528 14529 14520
21220 19418 19414 19415
21221 10327 10318 10319
21222 20162 19809 19810
21223 17972 17963 17964
21224 13816 13813 13812
21225 14186 14195 14187
21226 18666 18657 18665
21227 14204 14556 14613
21228 14180 14179 14188
21229 19423 19427 19424
21230 14579 14580 14571
21231 6264 6273 6265
21232 7570 7561 7562
21233 9547 9538 9546
21234 16475 16466 16467
21235 9755 9820 9812
21236 14195 14194 14186
21237 14554 14201 14553
21238 14565 14508 14573
21239 16728 16737 16736
21240 14204 14195 14196
21241 14203 14195 14204
21242 14516 14507 14515
21243 16862 16871 16870
21244 19402 19393 19401
21245 14193 14184 14185
21246 19394 19385 19393
21247 14112 14120 14121
21248 14114 14105 14113
21249 14488 14487 14135
21250 14908 14965 14900
21251 14507 14508 14516
21252 18384 18375 18376
21253 14488 14135 14136
21254 14117 14052 14060
21255 19279 19288 19280
21256 18787 18778 18779
21257 9986 9982 9985
21258 19324 19333 19325
21259 14139 14131 14140
21260 14132 14140 14131
21261 14115 14106 14107
21262 19838 19834 19837
21263 14143 14142 14151
21264 19715 19706 19707
21265 20305 20658 20657
21266 19752 19399 19751
21267 14130 14131 14122
21268 19383 19318 19326
21269 8745 9098 9097
21270 14157 14166 14158
21271 14123 14115 14114
21272 8590 8599 8591
21273 19480 19489 19488
21274 10381 9993 10380
21275 14158 14150 14149
21276 14124 14123 14132
21277 14166 14167 14158
21278 6158 6167 6159
21279 14182 14190 14191
21280 14124 14189 14181
21281 13706 13715 13707
21282 14139 14131 14130
21283 19401 19392 19400
21284 14199 14551 14552
21285 19369 19360 19368
21286 14157 14158 14149
21287 17980 17989 17988
21288 19293 19302 19294
21289 14151 14152 14143
21290 17147 17138 17146
21291 19345 19354 19346
21292 14080 14088 14089
21293 13753 13752 13744
21294 8240 8249 8241
21295 18921 18930 18922
21296 9807 9816 9808
21297 17134 17143 17142
21298 13716 13781 13724
21299 19385 19376 19384
21300 6985 7338 6986
21301 19242 19233 19234
21302 13715 13706 13714
21303 13782 13774 13773
21304 14092 14100 14157
21305 16184 16193 16192
21306 14142 13790 13789
21307 13789 14141 13732
21308 14144 14145 14153
21309 14142 13789 14141
21310 18967 18902 18910
21311 18947 18956 18955
21312 18460 18813 18812
21313 7905 7914 7906
21314 7905 7906 2703
21315 18983 18918 18926
21316 5614 5605 5606
21317 16998 16933 16990
21318 14079 13726 14078
21319 6548 6557 6549
21320 17352 17361 17360
21321 13781 13716 13773
21322 9687 9678 9679
21323 7427 7436 7435
21324 13676 13675 13684
21325 14144 14153 14152
21326 18992 19345 19344
21327 18977 18968 18976
21328 7018 6665 7017
21329 19344 18991 19343
21330 19000 18612 18613
21331 6288 6297 6289
21332 6600 1395 1398
21333 13793 13784 13785
21334 19387 19378 19386
21335 14185 14186 14177
21336 19363 19372 19371
21337 13346 13347 13338
21338 19355 19346 19354
21339 16445 16854 16832
21340 13787 13786 13795
21341 20125 20116 20117
21342 7769 7778 7777
21343 14152 14161 14160
21344 13788 13779 13787
21345 14148 14147 14156
21346 9551 9560 9552
21347 13779 13780 13771
21348 9716 9307 9659
21349 9883 9874 9882
21350 9367 9720 9368
21351 18988 18979 18987
21352 13787 13795 13796
21353 16235 16244 16243
21354 18958 18949 18957
21355 17281 17272 17273
21356 10388 10384 10385
21357 13391 18593 18596
21358 13816 13815 13819
21359 5200 5199 13390
21360 6739 6674 6731
21361 8721 8730 8729
21362 6120 6129 6121
21363 17539 17530 17531
21364 10128 10137 10129
21365 13770 13762 13771
21366 13809 13764 13806
21367 13809 13772 13764
21368 13763 13771 13762
21369 13751 13759 13760
21370 5743 5734 5735
21371 19918 19909 19910
21372 20195 20186 20194
21373 9020 9373 9021
21374 18944 18935 18936
21375 18974 18965 18973
21376 18938 18585 18937
21377 18526 18517 18525
21378 13745 13736 13744
21379 7066 7131 7074
21380 13374 13375 13366
21381 13329 13337 13338
21382 18946 18937 18938
21383 13387 13739 13740
21384 18540 18549 18541
21385 17166 17101 17109
21386 7769 7778 7770
21387 13807 13804 13803
21388 17549 17540 17541
21389 10252 9843 10195
21390 13748 13756 13803
21391 13372 13407 13404
21392 9618 9627 9619
21393 13373 13381 13382
21394 13395 13392 13340
21395 13364 13356 13401
21396 13384 13737 13385
21397 13336 13328 13337
21398 13743 13752 13744
21399 19348 19357 19349
21400 13806 13807 13803
21401 19383 19392 19391
21402 6086 6077 6085
21403 8901 8548 8549
21404 7278 7287 7279
21405 18566 18606 18603
21406 13354 13363 13355
21407 13399 13395 13396
21408 13350 13341 13349
21409 18552 18561 18553
21410 13331 5176 13332
21411 13338 13347 13339
21412 8542 8533 8534
21413 19211 19202 19203
21414 5177 13332 5176
21415 20769 20760 20761
21416 13399 13398 13395
21417 7490 7555 7498
21418 18564 18555 18563
21419 16271 16262 16263
21420 5944 5953 5945
21421 13333 13268 13276
21422 13329 13338 13330
21423 10229 10220 10228
21424 7633 7624 7625
21425 13326 13325 13334
21426 9226 9235 9227
21427 13330 13339 13331
21428 13327 13335 13336
21429 13332 13392 13389
21430 5858 5505 5506
21431 9404 9413 9405
21432 18610 18606 18609
21433 19381 19372 19373
21434 16146 16155 16147
21435 6142 6151 6150
21436 18682 18329 18330
21437 18576 18567 18575
21438 18393 18384 18385
21439 13327 13336 13328
21440 13276 13333 13341
21441 9880 9871 9872
21442 13272 13263 13271
21443 17310 17319 17311
21444 13284 13276 13341
21445 9505 9514 9513
21446 9447 9438 9446
21447 13275 13284 13276
21448 8407 8398 8406
21449 13268 13267 13276
21450 18937 18584 18936
21451 13326 5170 13325
21452 13327 13326 13335
21453 13337 13328 13329
21454 5707 5716 5708
21455 6347 6356 6348
21456 13342 13343 13334
21457 10375 18531 10376
21458 8549 8902 8550
21459 13300 13308 13299
21460 13314 13322 13323
21461 13350 13359 13351
21462 13703 13704 13695
21463 13358 13359 13350
21464 18569 18560 18568
21465 7040 7049 7041
21466 13307 13299 13308
21467 13344 13335 13343
21468 18560 18551 18559
21469 13343 13335 13334
21470 13328 5172 13327
21471 8585 8594 8586
21472 13284 13292 13283
21473 18490 18481 18482
21474 6443 6796 6444
21475 20132 20141 20140
21476 13706 13707 13698
21477 18494 18485 18493
21478 18559 18494 18502
21479 18570 18579 18571
21480 13358 13349 13350
21481 13357 13349 13358
21482 9902 10255 9903
21483 13307 13316 13315
21484 13676 13741 13733
21485 13382 13734 13735
21486 9748 9683 9691
21487 13374 13383 13375
21488 16731 16740 16739
21489 13649 13658 13650
21490 13737 13738 13385
21491 10392 10347 10355
21492 13313 13314 13305
21493 13367 13366 13375
21494 7687 7696 7688
21495 13735 13383 13382
21496 13376 13375 13384
21497 18947 18938 18946
21498 13753 13744 13745
21499 9362 9353 9354
21500 13707 13708 13699
21501 13384 13383 13736
21502 13759 13760 13768
21503 20550 20541 20542
21504 13758 13750 13759
21505 18944 18953 18952
21506 5689 5680 5681
21507 13751 13759 13750
21508 13767 13759 13768
21509 13757 13700 13692
21510 19371 19380 19372
21511 13760 13752 13751
21512 18986 18977 18985
21513 19872 19881 19880
21514 8907 8972 8915
21515 13754 13763 13755
21516 5327 5318 5326
21517 18439 18448 18447
21518 13749 13757 13692
21519 13714 13713 13722
21520 13684 13676 13741
21521 13316 13381 13373
21522 19291 19282 19290
21523 6299 6308 6300
21524 18963 18954 18962
21525 6990 1785 1788
21526 13724 13789 13781
21527 18896 18887 18888
21528 18552 18561 18560
21529 13741 13684 13749
21530 13749 13684 13692
21531 13699 13691 13690
21532 17514 17505 17506
21533 13751 13743 13742
21534 13758 13750 13749
21535 14084 13731 14083
21536 17478 17413 17470
21537 5725 5734 5726
21538 8693 8684 8685
21539 18923 18932 18924
21540 9680 9671 9679
21541 13687 13679 13678
21542 13689 13697 13698
21543 7978 7987 7979
21544 18871 18880 18872
21545 13303 13312 13304
21546 13696 13695 13704
21547 13682 13674 13683
21548 5293 5302 5294
21549 13381 13316 13324
21550 18929 19282 18930
21551 13730 13722 13721
21552 13680 13688 13689
21553 13636 13693 13628
21554 13683 13674 13675
21555 9247 8894 9246
21556 9510 9501 9509
21557 18879 18888 18880
21558 5678 5687 5686
21559 18824 18833 18832
21560 6787 7140 6788
21561 15969 15960 15968
21562 7168 7159 7167
21563 13612 13260 13669
21564 16828 17181 17180
21565 18850 18859 18851
21566 13612 13677 13669
21567 19472 19463 19464
21568 13309 13318 13317
21569 18427 18418 18426
21570 13252 13309 13244
21571 16749 16814 16757
21572 18935 18526 18878
21573 18584 18575 18583
21574 13225 13224 13216
21575 18519 18872 18520
21576 9220 6962 6970
21577 7046 7037 7045
21578 13670 13669 13317
21579 13670 13317 13318
21580 20627 20780 20779
21581 18462 18871 18519
21582 5847 5838 5846
21583 13299 13300 13291
21584 9974 9586 9973
21585 13705 13713 13714
21586 5811 5771 5774
21587 6605 6614 6613
21588 5788 5435 5787
21589 13306 13298 13307
21590 13733 13381 13324
21591 13274 13273 13282
21592 5483 5492 5491
21593 13676 13323 13675
21594 13324 13676 13733
21595 13299 13307 13298
21596 13282 13283 13274
21597 13324 13323 13676
21598 17901 17966 17909
21599 18422 18487 18479
21600 18414 18479 18471
21601 9728 9737 9729
21602 13270 13278 13279
21603 13262 13261 13270
21604 5106 13261 13262
21605 18405 10249 10250
21606 18507 18516 18508
21607 7138 7129 7137
21608 13304 13295 13303
21609 19577 19586 19585
21610 18496 18487 18495
21611 13211 13202 13210
21612 7743 7390 7742
21613 13236 13227 13235
21614 7316 7325 7317
21615 9764 9773 9765
21616 13228 13220 13219
21617 13310 13318 13319
21618 18488 18497 18489
21619 13703 13695 13694
21620 5046 13201 13202
21621 18506 18497 18505
21622 18495 18430 18487
21623 18903 18838 18895
21624 18524 18515 18516
21625 5044 13199 13200
21626 16100 16453 16452
21627 18000 18009 18008
21628 13282 13273 13281
21629 13082 13090 13091
21630 13207 13198 13206
21631 6275 6210 6218
21632 9480 9489 9481
21633 16637 17046 16989
21634 9337 9346 9338
21635 13264 5108 13263
21636 5109 5108 13264
21637 10152 10161 10153
21638 16625 16634 16633
21639 10107 10098 10106
21640 18484 18475 18483
21641 13272 13271 13280
21642 13281 13282 13290
21643 13289 13281 13290
21644 19514 19523 19522
21645 13268 5112 13267
21646 18478 18469 18470
21647 13289 13298 13290
21648 9904 9895 9896
21649 13239 13238 13247
21650 7572 7581 7573
21651 18349 18340 18348
21652 13221 13230 13229
21653 18493 18484 18485
21654 13179 13187 13188
21655 7568 7559 7567
21656 7503 7512 7504
21657 13198 5043 5042
21658 18432 18423 18431
21659 5942 5951 5950
21660 10171 10162 10163
21661 19643 19652 19651
21662 18820 18811 18812
21663 5045 5044 13200
21664 13213 13214 13205
21665 13236 13228 13227
21666 13218 13227 13226
21667 13220 13212 13211
21668 13220 13211 13219
21669 13210 13218 13209
21670 13218 13217 13209
21671 6774 6765 6766
21672 13202 13211 13203
21673 18437 18446 18438
21674 18807 18398 18750
21675 13241 13233 13232
21676 13226 13234 13235
21677 6210 6201 6209
21678 13218 13219 13227
21679 17566 17501 17558
21680 8479 8470 8471
21681 13226 13234 13225
21682 13217 13225 13216
21683 13234 13225 13233
21684 19199 19208 19207
21685 18436 18427 18435
21686 13220 13228 13285
21687 9512 9503 9511
21688 19276 19629 19628
21689 13241 13249 13240
21690 13230 13231 13222
21691 13233 13242 13241
21692 7889 7898 7890
21693 13233 13234 13242
21694 13259 13250 13258
21695 17450 17441 17442
21696 13230 13221 13222
21697 18911 18920 18912
21698 20631 20635 20634
21699 7134 7487 7486
21700 13206 13198 13197
21701 18435 18426 18434
21702 13196 13548 13605
21703 8428 8437 8436
21704 13240 13231 13239
21705 18499 18490 18498
21706 13253 13254 13245
21707 13248 13239 13247
21708 18748 18757 18749
21709 10389 10393 10392
21710 13196 13187 13195
21711 13252 13251 13260
21712 18450 18441 18449
21713 18828 18819 18820
21714 13240 13239 13248
21715 13607 13608 13255
21716 18193 18202 18201
21717 16788 16779 16780
21718 8161 8152 8153
21719 13579 13580 13571
21720 13633 13624 13632
21721 18456 18809 18457
21722 18394 18385 18393
21723 13248 13240 13249
21724 7388 7379 7387
21725 13251 13260 13259
21726 18847 18856 18848
21727 13610 13618 13609
21728 13610 13611 13258
21729 13610 13611 13619
21730 9392 9401 9400
21731 13628 13619 13620
21732 13258 13611 13259
21733 13624 13623 13632
21734 19172 19163 19164
21735 18845 18836 18844
21736 13619 13628 13627
21737 8576 8585 8577
21738 13563 13554 13555
21739 13666 13657 13665
21740 13633 13642 13634
21741 13655 13646 13654
21742 13617 13608 13616
21743 9704 9695 9703
21744 9191 9182 9183
21745 13642 13633 13641
21746 13625 13616 13624
21747 13648 13656 13647
21748 9994 9990 9991
21749 14029 13964 13972
21750 13634 13625 13633
21751 19329 19320 19328
21752 8969 8616 8617
21753 13524 13581 13516
21754 15782 15791 15790
21755 13640 13641 13632
21756 6188 6243 6235
21757 18868 19221 18869
21758 6744 6735 6736
21759 18866 19219 19218
21760 9426 9417 9425
21761 13647 13639 13648
21762 19219 19228 19220
21763 9176 9172 9173
21764 18520 18511 18512
21765 13633 13625 13624
21766 7242 7307 7299
21767 7270 7279 7278
21768 13617 13609 13608
21769 13563 13572 13564
21770 19216 18863 19215
21771 19169 19160 19168
21772 9332 9267 9275
21773 10369 10360 10368
21774 13640 13648 13639
21775 13656 13655 13647
21776 13615 13614 13623
21777 18731 18722 18730
21778 19225 19234 19233
21779 14452 14509 14444
21780 14021 13956 13964
21781 14016 13663 14015
21782 19623 19214 19271
21783 14015 13663 13662
21784 19242 19233 19241
21785 19236 19245 19237
21786 8997 8988 8996
21787 7695 7704 7696
21788 18864 19217 18865
21789 18851 18860 18859
21790 14018 13666 14019
21791 13664 13656 13655
21792 13667 13658 13659
21793 14041 14032 14040
21794 9812 9821 9813
21795 14027 14018 14026
21796 7170 7161 7162
21797 14089 14088 14097
21798 14033 14025 14024
21799 14025 14026 14034
21800 14030 14038 14039
21801 17512 17865 17864
21802 19236 19227 19235
21803 19252 19243 19251
21804 14027 14019 14018
21805 14053 14054 14045
21806 13700 13708 13765
21807 14033 14024 14032
21808 13641 13633 13632
21809 19229 19220 19228
21810 16879 16888 16887
21811 7469 7478 7470
21812 9203 9268 9260
21813 13667 14019 13666
21814 15952 15961 15960
21815 13667 13666 13658
21816 18841 18850 18842
21817 18422 18413 18414
21818 19794 19803 19802
21819 13666 14018 13665
21820 14017 13665 14018
21821 9395 9386 9387
21822 8131 8196 8188
21823 18833 18842 18834
21824 13652 13644 13643
21825 13657 13658 13649
21826 14144 14143 14152
21827 14117 14060 14125
21828 18766 18757 18758
21829 18454 18519 18462
21830 13698 13697 13706
21831 14079 13727 14080
21832 16060 16069 16061
21833 14020 14085 14077
21834 13718 13726 13727
21835 13659 13667 13668
21836 18916 18907 18915
21837 13687 13696 13688
21838 18880 18889 18881
21839 13719 13718 13727
21840 13727 14080 13728
21841 7883 7892 7884
21842 13757 13758 13749
21843 18899 18890 18898
21844 18867 19220 19219
21845 13703 13694 13702
21846 13687 13695 13696
21847 13679 13687 13688
21848 14115 14114 14106
21849 13652 13643 13651
21850 13711 13710 13719
21851 13720 13719 13728
21852 19286 18933 19285
21853 20163 20172 20171
21854 6590 6635 6627
21855 14081 13729 13728
21856 19284 19293 19285
21857 18858 18849 18857
21858 13652 13660 13717
21859 16399 16390 16398
21860 8672 8681 8680
21861 14027 14035 14036
21862 14605 14540 14548
21863 18867 18858 18866
21864 19991 20000 19999
21865 13725 13668 14077
21866 18922 18913 18921
21867 14082 14083 13730
21868 17265 17274 17273
21869 7838 7829 7830
21870 7829 2627 7830
21871 7571 7506 7514
21872 14094 14102 14103
21873 19716 19725 19717
21874 19758 19405 19406
21875 8905 8914 8913
21876 14501 14493 14436
21877 19373 19364 19365
21878 18773 18782 18781
21879 14087 14079 14078
21880 14101 14110 14102
21881 13647 13638 13646
21882 18766 18831 18774
21883 5951 5960 5952
21884 10115 10106 10114
21885 19329 19338 19330
21886 19312 19303 19311
21887 14122 14123 14114
21888 20033 19680 19681
21889 19699 19690 19698
21890 14137 14136 14489
21891 19298 19307 19299
21892 14130 14129 14138
21893 14059 14067 14068
21894 14494 14485 14486
21895 7120 7129 7128
21896 9142 9151 9143
21897 19048 19057 19056
21898 7248 7239 7247
21899 14068 14133 14125
21900 14133 14486 14134
21901 14066 14067 14058
21902 14494 14493 14485
21903 14137 14129 14128
21904 9684 9619 9627
21905 14129 14120 14128
21906 19315 19324 19316
21907 6953 6962 6961
21908 19336 19327 19335
21909 9770 9779 9778
21910 19654 19719 19711
21911 7451 7406 7409
21912 16759 16750 16751
21913 19645 19654 19646
21914 7620 7629 7621
21915 19304 19313 19305
21916 5270 5279 5271
21917 19467 19458 19466
21918 14058 14067 14059
21919 19308 19299 19307
21920 18194 18185 18186
21921 14059 14068 14060
21922 14066 14075 14067
21923 14065 14064 14073
21924 14073 14426 14425
21925 18601 18605 18602
21926 8749 8361 8748
21927 19120 19111 19112
21928 19590 19581 19582
21929 5562 5627 5570
21930 14074 14065 14073
21931 19689 19698 19697
21932 14470 14471 14462
21933 7724 7733 7732
21934 14417 14770 14418
21935 14446 14447 14438
21936 19190 19181 19189
21937 14444 14509 14501
21938 19335 19270 19278
21939 5662 5653 5661
21940 14046 14038 14037
21941 14035 14034 14043
21942 14053 14062 14054
21943 14097 14106 14098
21944 7493 7484 7485
21945 14000 13992 13991
21946 8415 8424 8416
21947 14049 14050 14058
21948 14064 14056 14065
21949 14049 14058 14057
21950 20386 20395 20394
21951 19296 19305 19297
21952 14039 14031 14040
21953 14050 14041 14049
21954 7044 7035 7036
21955 14049 14048 14057
21956 15998 16007 16006
21957 18722 18713 18721
21958 15547 20750 15548
21959 15547 15539 15548
21960 19166 19231 19223
21961 8640 8631 8632
21962 13664 13663 14016
21963 19348 19357 19356
21964 13952 13599 13951
21965 14043 14051 14042
21966 16983 16630 16631
21967 14056 14057 14065
21968 14052 14051 14043
21969 14117 14109 14052
21970 14051 14050 14042
21971 14427 14075 14074
21972 19249 19258 19250
21973 14053 13988 13996
21974 20093 20084 20085
21975 15827 15836 15828
21976 20027 20380 20379
21977 19218 19227 19219
21978 14046 14037 14045
21979 8683 8674 8682
21980 8412 6154 6162
21981 13953 13961 13962
21982 19247 19256 19248
21983 14013 13661 14014
21984 14361 14360 14008
21985 13972 14037 14029
21986 19211 19202 19210
21987 18659 18668 18667
21988 13977 13986 13978
21989 13653 13596 13588
21990 14360 14359 14368
21991 14053 14061 13996
21992 8499 8564 8556
21993 13996 13988 13987
21994 6525 6534 6526
21995 14054 14046 14045
21996 13995 13994 14003
21997 18806 18797 18805
21998 14446 14455 14447
21999 14071 14070 14423
22000 14402 14411 14403
22001 5384 5231 5232
22002 19623 19632 19624
22003 8124 8059 8116
22004 19053 19062 19061
22005 14012 14069 14004
22006 19204 19213 19212
22007 14003 14012 14004
22008 14388 14453 14445
22009 16669 16660 16661
22010 14008 14009 14361
22011 14008 14000 13999
22012 14455 14456 14447
22013 14000 13992 14001
22014 19631 19640 19632
22015 9046 9055 9054
22016 19138 19147 19139
22017 10187 10178 10179
22018 14471 14470 14479
22019 19534 19599 19591
22020 13993 14001 13992
22021 20644 20640 20641
22022 15661 15652 15653
22023 14362 14361 14009
22024 14362 14009 14010
22025 13907 13916 13908
22026 14365 14308 14373
22027 13598 13951 13599
22028 13982 13974 13973
22029 19570 19561 19562
22030 17604 17613 17612
22031 17173 17582 17525
22032 7142 7151 7143
22033 19194 19185 19193
22034 13940 13939 13931
22035 14358 14005 14357
22036 13932 13940 13997
22037 13927 13935 13926
22038 13990 13999 13991
22039 13977 13968 13976
22040 13948 14300 14357
22041 7350 7359 7351
22042 19209 19200 19208
22043 8663 8672 8664
22044 13938 13929 13937
22045 14383 14382 14391
22046 13997 14005 13940
22047 13948 13940 14005
22048 19140 19131 19139
22049 14306 14298 14307
22050 14319 14311 14310
22051 7201 7192 7193
22052 8863 8872 8864
22053 6136 6127 6135
22054 13940 13948 13939
22055 13947 13939 13948
22056 13981 13924 13989
22057 19061 19052 19053
22058 6765 6756 6757
22059 13843 13842 13851
22060 7763 7772 7771
22061 17568 17577 17576
22062 9036 9045 9044
22063 17388 17379 17380
22064 19137 19128 19136
22065 13910 13909 13918
22066 13965 13974 13966
22067 13989 13990 13998
22068 5681 5672 5680
22069 13888 13896 13897
22070 19473 19482 19481
22071 13908 13900 13899
22072 14012 14011 14364
22073 13924 13932 13989
22074 19193 19202 19194
22075 19184 19193 19185
22076 13959 13967 13958
22077 14006 14007 13998
22078 19107 19116 19108
22079 16962 16953 16954
22080 13906 13915 13907
22081 13916 13981 13973
22082 19900 20253 20252
22083 13914 13905 13913
22084 8970 8617 8969
22085 8726 8717 8718
22086 13953 13962 13954
22087 13899 13907 13908
22088 9484 9419 9476
22089 19185 19176 19184
22090 8310 8301 8309
22091 5736 5745 5737
22092 13528 13537 13536
22093 13890 13538 13537
22094 19076 19067 19068
22095 6183 978 981
22096 13914 13915 13906
22097 13901 13909 13910
22098 13513 13521 13522
22099 19102 19093 19101
22100 13887 13896 13888
22101 7429 7420 7428
22102 13890 13538 13891
22103 5454 5445 5453
22104 17117 17182 17125
22105 13516 13581 13573
22106 13897 13905 13906
22107 9021 9374 9373
22108 20409 20418 20417
22109 13522 13514 13513
22110 13953 13954 13601
22111 13593 13601 13592
22112 15978 15969 15977
22113 18715 18706 18714
22114 13590 13582 13591
22115 13600 13592 13601
22116 13622 13613 13614
22117 5620 5629 5621
22118 18707 18698 18706
22119 18716 18707 18715
22120 18700 18709 18701
22121 8254 8245 8253
22122 17648 17678 17651
22123 13165 13174 13166
22124 18839 18848 18840
22125 18395 18386 18394
22126 13563 13562 13554
22127 13594 13593 13602
22128 8138 8147 8139
22129 8495 8142 8494
22130 16420 16411 16412
22131 8562 8571 8570
22132 13603 13955 13956
22133 13650 13641 13649
22134 17719 17710 17711
22135 19840 19487 19839
22136 17485 17550 17493
22137 13979 13978 13970
22138 19188 19179 19187
22139 6101 6092 6100
22140 13960 13951 13959
22141 19164 19173 19172
22142 14013 13956 14021
22143 14056 14047 14055
22144 18653 18644 18645
22145 14047 14048 14039
22146 18547 18556 18555
22147 13637 13580 13572
22148 9087 9440 9088
22149 14436 14493 14428
22150 19182 19173 19181
22151 18804 19157 18805
22152 13963 13971 13972
22153 5355 6 153
22154 10041 10032 10040
22155 18231 18240 18239
22156 13645 13653 13588
22157 13571 13572 13563
22158 13580 13645 13637
22159 6895 6886 6894
22160 16206 16215 16214
22161 13654 13645 13653
22162 13646 13645 13654
22163 9195 9186 9187
22164 13629 13637 13572
22165 13638 13637 13629
22166 18417 18426 18425
22167 13623 13622 13631
22168 13638 13629 13630
22169 5626 5691 5683
22170 13556 13613 13621
22171 13541 13484 13549
22172 13593 13584 13592
22173 13606 13605 13614
22174 13593 13585 13584
22175 6125 6134 6126
22176 18766 18831 18823
22177 17837 17902 17845
22178 19168 19159 19160
22179 10226 10217 10225
22180 13621 13564 13556
22181 5544 5535 5543
22182 13159 13158 13167
22183 13196 13195 13548
22184 13579 13588 13580
22185 18779 18788 18780
22186 9735 9744 9736
22187 13579 13587 13578
22188 13586 13578 13587
22189 6957 6966 6958
22190 10187 18399 10244
22191 13602 13593 13601
22192 13596 13595 13604
22193 13544 13552 13553
22194 15522 20725 15523
22195 15522 15514 15523
22196 13553 13561 13562
22197 15662 15617 15654
22198 13549 13558 13550
22199 9781 9790 9782
22200 15867 15876 15875
22201 7785 7776 7784
22202 6123 6058 6066
22203 7866 7857 7865
22204 13136 4981 4980
22205 4921 4920 13076
22206 18815 18750 18758
22207 18839 18774 18782
22208 18749 18396 18748
22209 17277 17342 17285
22210 13179 13180 13171
22211 13176 13168 13177
22212 16632 16623 16624
22213 18391 18744 18743
22214 7662 7653 7661
22215 13239 13230 13238
22216 18404 10248 10249
22217 13245 13246 13237
22218 13246 13238 13237
22219 9222 9231 9230
22220 13179 13188 13180
22221 13258 13257 13610
22222 18191 18200 18199
22223 18381 18372 18380
22224 6100 6091 6099
22225 13147 13138 13139
22226 4984 13139 13140
22227 18304 18295 18296
22228 18339 18348 18340
22229 13550 13541 13549
22230 18434 18443 18435
22231 13223 13231 13232
22232 20208 20199 20200
22233 13161 13160 13169
22234 18373 18364 18372
22235 8049 8040 8048
22236 5790 5437 5789
22237 18318 18309 18317
22238 13088 13079 13087
22239 13161 13169 13170
22240 13169 13170 13178
22241 18284 18293 18285
22242 18338 10182 18337
22243 18377 18368 18376
22244 13133 13141 13142
22245 13177 13169 13178
22246 16369 16378 16370
22247 19249 19258 19257
22248 6238 6229 6237
22249 13151 13152 13143
22250 13181 13116 13124
22251 13145 13144 13153
22252 13146 13138 13137
22253 13175 13176 13167
22254 18642 18651 18650
22255 13132 13484 13541
22256 7324 7677 7325
22257 6981 6972 6980
22258 5042 4985 13197
22259 20698 20689 20690
22260 13222 13213 13221
22261 13214 13213 13222
22262 9854 9863 9862
22263 9209 9218 9217
22264 13138 13137 4982
22265 4981 13137 4982
22266 10208 10199 10200
22267 16656 16647 16648
22268 8458 8449 8457
22269 18408 18399 18407
22270 10042 10033 10041
22271 13146 13137 13145
22272 13207 13215 13216
22273 20704 20713 20712
22274 4985 13140 4984
22275 13221 13213 13156
22276 13229 13164 13172
22277 7470 7461 7462
22278 18415 18424 18416
22279 6419 6428 6420
22280 13156 13164 13221
22281 13197 4985 13140
22282 18407 18416 18408
22283 18342 18407 18399
22284 19266 19257 19265
22285 5339 5348 5347
22286 19259 19250 19251
22287 9521 9530 9529
22288 13073 4917 13072
22289 7279 7288 7280
22290 15666 15657 15658
22291 13176 13168 13167
22292 18431 18440 18439
22293 16125 16116 16117
22294 13092 13083 13084
22295 13092 13091 13083
22296 16195 16186 16194
22297 18367 18376 18368
22298 13152 13144 13143
22299 4979 4978 13134
22300 18347 18356 18355
22301 18286 18351 18343
22302 4978 4921 13133
22303 17643 17634 17635
22304 9377 9024 9376
22305 8344 8340 8343
22306 13134 4978 13133
22307 18350 18341 18342
22308 20405 20396 20397
22309 13151 13143 13142
22310 9384 9393 9385
22311 9136 9127 9135
22312 5823 5814 5822
22313 13084 13075 13083
22314 13150 13151 13142
22315 19287 19222 19230
22316 13175 13174 13183
22317 19107 19098 19099
22318 13092 13100 13091
22319 20523 20514 20515
22320 5514 5281 5282
22321 7248 7257 7249
22322 13487 13496 13488
22323 8197 8188 8189
22324 18305 18296 18304
22325 9166 9162 9165
22326 7501 7510 7502
22327 13089 13097 13098
22328 13088 13089 13080
22329 19694 19341 19342
22330 18309 18300 18301
22331 19600 19609 19608
22332 5504 5495 5496
22333 13182 13183 13191
22334 18777 18786 18778
22335 19153 19162 19161
22336 18743 18334 18686
22337 18718 18783 18775
22338 13113 13121 13122
22339 13123 13114 13122
22340 9391 9382 9383
22341 18853 18862 18861
22342 13188 13196 13253
22343 18376 18385 18377
22344 13508 13500 13499
22345 19222 18869 18870
22346 13190 13182 13191
22347 13192 13183 13191
22348 13184 13183 13192
22349 13185 13186 13177
22350 13183 13174 13182
22351 13190 13189 13542
22352 13557 13549 13492
22353 18767 18702 18710
22354 13542 13541 13550
22355 13491 13482 13490
22356 13176 13185 13177
22357 13189 13132 13541
22358 13107 13116 13108
22359 6002 6067 6059
22360 13492 13483 13491
22361 18708 18717 18709
22362 8360 8356 8359
22363 18784 18793 18785
22364 13480 13481 13128
22365 13543 13542 13551
22366 18305 18314 18313
22367 13589 13598 13590
22368 13522 13523 13514
22369 13886 13895 13887
22370 7308 7299 7307
22371 8669 8660 8661
22372 13577 13585 13586
22373 13581 13524 13589
22374 7099 7108 7100
22375 13428 13427 13436
22376 13509 13517 13518
22377 5789 5798 5790
22378 13574 13573 13582
22379 13498 13489 13497
22380 13491 13490 13499
22381 13566 13565 13574
22382 13499 13507 13498
22383 13550 13558 13559
22384 5985 5994 5986
22385 13507 13506 13498
22386 17127 17136 17135
22387 13125 13126 13478
22388 13937 13936 13945
22389 7052 7043 7051
22390 13525 13460 13468
22391 13494 13502 13503
22392 13827 13475 13828
22393 13479 13488 13480
22394 15799 15790 15791
22395 18669 18678 18670
22396 13517 13452 13460
22397 13518 13519 13510
22398 18672 19025 18673
22399 9674 9683 9675
22400 13505 13496 13504
22401 13487 13486 13495
22402 16744 16735 16736
22403 6561 6570 6562
22404 7345 7354 7346
22405 13477 13478 13125
22406 9576 9531 9539
22407 5671 5680 5672
22408 19878 19943 19886
22409 13416 13415 13424
22410 13448 13440 13439
22411 19968 19977 19976
22412 18634 18625 18633
22413 2600 10755 13005
22414 18720 18711 18719
22415 13436 13444 13501
22416 7373 7382 7374
22417 16053 16118 16061
22418 13441 13432 13440
22419 18772 18781 18780
22420 4853 4852 13008
22421 13020 13085 13077
22422 18622 18687 18679
22423 13068 13067 13059
22424 13065 13418 13417
22425 18684 18693 18685
22426 8241 8250 8249
22427 18313 18322 18314
22428 7275 7284 7276
22429 18711 18646 18703
22430 13076 4920 13075
22431 20473 20464 20465
22432 13094 13095 13103
22433 18684 18331 18683
22434 7556 7565 7557
22435 13507 13516 13508
22436 5761 5752 5760
22437 13112 13111 13103
22438 13112 13113 13104
22439 13094 13103 13102
22440 13104 13112 13103
22441 13488 13489 13480
22442 9839 9830 9838
22443 18307 18298 18306
22444 13114 13105 13106
22445 13113 13105 13114
22446 13087 13096 13088
22447 18304 18313 18305
22448 13101 13093 13036
22449 20659 20306 20307
22450 18323 18314 18315
22451 13075 13074 13083
22452 7320 7311 7312
22453 9454 9463 9455
22454 13104 13095 13096
22455 13103 13095 13104
22456 7185 7194 7186
22457 9884 9893 9892
22458 17370 17379 17378
22459 10753 10754 2598
22460 18325 18334 18333
22461 4914 13069 4857
22462 10056 18212 10057
22463 18287 18222 18230
22464 10226 10217 10218
22465 6836 6845 6837
22466 9355 9346 9347
22467 16294 15885 15942
22468 18770 18779 18778
22469 8693 8702 8701
22470 13094 13085 13093
22471 13086 13085 13094
22472 6742 6751 6743
22473 13101 13044 13109
22474 13078 13086 13087
22475 17196 17205 17204
22476 18300 18291 18299
22477 13050 13051 13042
22478 19455 17197 19447
22479 18972 18963 18971
22480 19279 19288 19287
22481 4857 4856 13012
22482 16432 16436 16433
22483 18242 18233 18241
22484 9186 8833 9185
22485 13012 4857 13069
22486 6818 6809 6817
22487 10698 10706 10697
22488 8839 8486 8838
22489 8243 8234 8242
22490 18284 18275 18276
22491 19605 19596 19604
22492 18324 18315 18323
22493 4914 13069 13070
22494 16218 16227 16226
22495 13073 13082 13081
22496 7127 7136 7128
22497 18391 18744 18392
22498 5631 5984 5632
22499 13085 13086 13077
22500 9293 9302 9301
22501 13043 13051 13052
22502 9974 9586 9587
22503 13013 13005 10755
22504 10051 10042 10043
22505 13006 4851 4850
22506 18249 18258 18250
22507 10291 10282 10290
22508 6768 6759 6760
22509 9930 9939 9938
22510 8685 8332 8333
22511 4850 13005 13006
22512 19358 19413 19366
22513 13040 13031 13032
22514 5691 6044 5692
22515 18692 18683 18684
22516 18247 18256 18248
22517 13015 13024 13023
22518 6929 6576 6928
22519 18218 18227 18219
22520 9521 9512 9520
22521 13018 13009 13017
22522 13055 13046 13054
22523 16394 16385 16386
22524 6213 6204 6212
22525 10057 10048 10049
22526 13012 13077 13069
22527 18239 18248 18247
22528 18219 18210 18218
22529 15901 15892 15893
22530 19792 19783 19784
22531 13035 13034 13026
22532 13037 13045 13046
22533 13024 13023 13032
22534 10202 10193 10201
22535 13011 13019 13020
22536 6639 6630 6638
22537 18260 18251 18259
22538 8970 8617 8618
22539 2533 10689 2534
22540 6123 6058 6115
22541 13022 13021 13030
22542 7006 7002 7003
22543 7694 7685 7693
22544 16121 16130 16129
22545 20386 20377 20378
22546 18232 18241 18233
22547 13041 13040 13049
22548 13038 13030 13039
22549 18839 18848 18847
22550 19601 19592 19593
22551 13065 13066 13418
22552 11163 10811 13413
22553 13454 13462 13453
22554 18255 18264 18263
22555 11168 11176 11167
22556 6539 6548 6540
22557 10807 11159 11160
22558 7376 7385 7384
22559 18253 18244 18252
22560 11190 11181 11182
22561 13023 13022 13031
22562 13009 13018 13010
22563 9640 9631 9632
22564 13441 13440 13449
22565 13028 13036 13093
22566 13031 13022 13030
22567 13010 13018 13019
22568 18213 10057 10058
22569 17433 17424 17432
22570 18712 18721 18713
22571 9925 9934 9933
22572 13063 13416 13415
22573 13064 13416 13063
22574 8152 7894 8151
22575 13502 13494 13493
22576 13424 13423 13432
22577 7726 7735 7734
22578 18668 18677 18669
22579 18250 18259 18251
22580 8293 8302 8294
22581 7622 7613 7621
22582 18678 19087 18735
22583 6130 8388 8380
22584 18224 18233 18225
22585 19028 18675 19027
22586 18654 18719 18711
22587 5251 5444 5252
22588 18672 18663 18671
22589 9002 8993 9001
22590 13453 13461 13462
22591 20488 20479 20480
22592 13909 13844 13852
22593 13466 13465 13474
22594 20670 20695 20678
22595 16368 16377 16369
22596 16980 17333 16981
22597 7825 7963 7826
22598 20268 20277 20276
22599 13053 13062 13054
22600 13429 13430 13421
22601 18692 18683 18691
22602 6888 6897 6889
22603 5317 5308 5316
22604 13423 13422 13431
22605 13454 13446 13455
22606 15918 15927 15926
22607 13438 13447 13439
22608 13463 13455 13454
22609 11185 11177 11186
22610 9422 9431 9430
22611 8069 8060 8068
22612 13463 13454 13462
22613 11192 11193 11184
22614 13447 13448 13439
22615 16403 16394 16402
22616 16405 16396 16404
22617 13447 13455 13446
22618 13456 13465 13464
22619 18649 18658 18650
22620 13446 13445 13454
22621 7662 7653 7654
22622 13885 13894 13886
22623 13462 13470 13461
22624 9694 9685 9693
22625 7934 7925 7933
22626 7053 7044 7045
22627 18026 18035 18034
22628 11179 11171 13429
22629 13471 13824 13472
22630 19031 16773 19023
22631 13470 13469 13461
22632 13840 13841 13832
22633 13456 13464 13455
22634 13832 13831 13840
22635 19039 19048 19040
22636 19065 19056 19064
22637 13833 13841 13842
22638 19139 19148 19147
22639 13888 13536 13535
22640 13456 13457 13448
22641 19506 19497 19505
22642 13847 13856 13855
22643 15523 20726 15524
22644 15523 15515 15524
22645 19073 19064 19072
22646 11606 11614 11605
22647 13851 13860 13852
22648 16729 16720 16721
22649 19042 19033 19041
22650 13518 13517 13526
22651 5497 5506 5498
22652 16422 10833 11220
22653 13463 13455 13464
22654 17265 16912 16913
22655 6441 6432 6440
22656 16823 17176 17175
22657 8410 8401 8409
22658 13845 13854 13846
22659 20279 20288 20287
22660 19921 19912 19913
22661 5478 5469 5477
22662 7501 7510 7509
22663 7294 7303 7302
22664 13472 13824 13825
22665 18730 18721 18729
22666 13830 13839 13831
22667 13840 13839 13848
22668 13457 13465 13456
22669 13460 13468 13459
22670 8823 8832 8831
22671 13457 13466 13465
22672 13458 13466 13457
22673 15795 15786 15787
22674 13894 13893 13902
22675 17260 17256 17257
22676 18659 18668 18660
22677 18738 19091 18739
22678 13449 13448 13457
22679 13827 13826 13835
22680 15871 15880 15879
22681 9065 9074 9066
22682 18667 18676 18668
22683 6958 6949 6957
22684 18219 18210 18211
22685 13533 13468 13476
22686 18706 18697 18698
22687 18727 18662 18670
22688 17855 18113 18112
22689 13458 13467 13466
22690 13459 13467 13458
22691 9099 8746 9098
22692 13467 13459 13468
22693 18594 18598 18597
22694 13534 13535 13526
22695 13535 13527 13526
22696 13515 13524 13516
22697 13460 13452 13451
22698 7912 7921 7913
22699 17246 17286 17249
22700 19090 18737 19089
22701 13896 13887 13895
22702 18730 18739 18731
22703 5816 5825 5817
22704 13929 13920 13928
22705 8097 8106 8105
22706 19133 19124 19132
22707 10050 10059 10051
22708 13521 13512 13520
22709 13941 14294 13942
22710 16532 16523 16524
22711 13122 13130 13131
22712 13886 13894 13895
22713 6371 6306 6314
22714 19178 19187 19186
22715 13921 13930 13922
22716 13893 13902 13901
22717 17183 17174 17175
22718 6670 6317 6669
22719 13893 13828 13836
22720 19103 19038 19046
22721 18676 19029 18677
22722 19081 19434 19082
22723 17175 16822 16823
22724 13844 13901 13836
22725 19038 19029 19037
22726 13850 13841 13849
22727 13858 13867 13859
22728 9001 8992 9000
22729 8151 7893 8150
22730 17762 17771 17770
22731 13936 13944 13935
22732 19076 19085 19084
22733 13832 13841 13833
22734 19103 19112 19104
22735 6564 6555 6563
22736 13943 13935 13944
22737 7020 7011 7019
22738 13942 13934 13933
22739 19129 19138 19130
22740 10156 10091 10099
22741 13875 13867 13876
22742 19459 19450 19451
22743 14341 14276 14284
22744 13884 13941 13876
22745 19063 19072 19064
22746 6095 6104 6096
22747 13857 13848 13856
22748 9270 9261 9269
22749 14294 13941 14293
22750 20015 19950 20007
22751 13938 13930 13929
22752 13936 13935 13927
22753 13852 13843 13851
22754 13935 13934 13926
22755 13928 13936 13927
22756 13926 13917 13918
22757 19133 19142 19134
22758 14299 13947 13946
22759 19028 19037 19036
22760 13917 13860 13925
22761 13926 13927 13918
22762 13918 13927 13919
22763 19509 19500 19508
22764 7679 7688 7687
22765 13943 14295 13942
22766 9192 9183 9191
22767 15755 15746 15747
22768 7060 7051 7059
22769 13867 13876 13868
22770 13944 14297 13945
22771 13933 13934 13925
22772 9101 9092 9100
22773 14235 14244 14236
22774 14260 14259 14268
22775 14323 14315 14314
22776 14298 13945 13946
22777 14298 14297 13945
22778 9729 9720 9728
22779 19567 19502 19510
22780 20454 20519 20462
22781 19503 19438 19446
22782 19128 19119 19127
22783 8018 8371 8370
22784 5706 5353 5705
22785 17121 17130 17129
22786 14235 13883 13882
22787 7216 7207 7208
22788 13883 14236 13884
22789 19435 19444 19436
22790 14293 13884 13941
22791 14236 13884 14293
22792 13883 13875 13874
22793 6241 6250 6242
22794 13847 13838 13846
22795 16958 16893 16950
22796 16363 16010 16011
22797 14352 14344 14343
22798 15978 15987 15986
22799 13870 13861 13869
22800 19460 19469 19461
22801 13884 13875 13883
22802 20065 20056 20057
22803 14255 14254 14263
22804 13838 13837 13846
22805 15979 15988 15987
22806 16571 16924 16923
22807 14247 14246 14255
22808 11587 13845 11595
22809 6281 6272 6273
22810 16829 19431 19079
22811 19049 19040 19048
22812 14229 11627 11979
22813 17026 17035 17034
22814 6910 6901 6909
22815 19065 19074 19066
22816 13881 13882 13873
22817 14230 13877 13878
22818 6523 6532 6524
22819 18489 18498 18497
22820 15507 15235 15234
22821 13862 13861 13853
22822 9675 9666 9667
22823 13848 13856 13847
22824 19066 19075 19067
22825 19104 19095 19103
22826 10341 10332 10333
22827 13835 13834 13843
22828 20558 20549 20550
22829 19053 19062 19054
22830 20290 20281 20282
22831 13853 13854 13845
22832 16528 16537 16529
22833 15200 15199 15208
22834 7569 7560 7561
22835 15503 15502 15511
22836 15929 15938 15930
22837 6444 6797 6445
22838 15230 15229 15221
22839 15139 15138 15147
22840 19160 19151 19152
22841 16810 16801 16802
22842 7262 7615 7614
22843 20552 20561 20553
22844 15721 15712 15713
22845 15092 15084 15149
22846 16885 16876 16877
22847 20715 20724 20716
22848 20702 20693 20701
22849 15480 15488 15489
22850 16301 15948 15949
22851 15484 15501 15509
22852 20353 20362 20354
22853 15161 15169 15170
22854 10221 10230 10222
22855 15518 20721 20720
22856 15484 15483 15492
22857 19137 19128 19129
22858 15221 15164 15229
22859 15508 15516 15533
22860 15479 15166 15167
22861 20369 20360 20368
22862 9851 9916 9908
22863 8222 8231 8223
22864 9462 9453 9461
22865 15502 15501 15510
22866 15094 15093 15102
22867 10171 10162 10170
22868 20354 20363 20355
22869 20185 20176 20184
22870 12803 12811 12802
22871 20664 20673 20665
22872 7837 7846 7838
22873 20706 20433 20434
22874 8863 8872 8871
22875 6298 6289 6297
22876 15231 15503 15504
22877 18641 18650 18649
22878 18052 18043 18044
22879 15088 15087 15096
22880 14252 14309 14244
22881 6868 6859 6867
22882 5547 5482 5539
22883 20308 20661 20309
22884 15046 15054 15055
22885 16636 16989 16988
22886 6992 6988 6991
22887 15461 15469 12996
22888 15894 15829 15886
22889 20668 20677 20676
22890 20320 20311 20319
22891 9380 9389 9381
22892 15454 15463 15455
22893 19754 19763 19762
22894 8720 8729 8728
22895 15478 15477 15165
22896 5514 5281 5513
22897 15480 15489 15481
22898 20296 20305 20297
22899 14281 14289 14290
22900 14277 14269 14278
22901 20307 20298 20299
22902 14348 14340 14339
22903 19483 19492 19484
22904 19480 19489 19481
22905 14639 14286 14638
22906 9641 9650 9649
22907 20711 20720 20719
22908 9672 9663 9671
22909 14290 14289 14642
22910 20591 20526 20583
22911 6422 6431 6423
22912 14288 14279 14287
22913 14280 14288 14279
22914 19471 19480 19472
22915 14342 14334 14333
22916 5553 5562 5561
22917 14269 14270 14278
22918 19484 19475 19483
22919 20282 20273 20274
22920 17203 17212 17204
22921 16666 16657 16658
22922 16163 16516 16515
22923 14232 13880 13879
22924 14269 12019 14277
22925 17229 19487 19479
22926 16626 16635 16634
22927 19875 19884 19883
22928 14262 14263 14254
22929 18832 18841 18833
22930 16052 16043 16044
22931 19274 19265 19273
22932 14239 14248 14247
22933 19472 19463 19471
22934 6475 6410 6418
22935 5831 5840 5832
22936 19083 19436 19084
22937 7356 7365 7357
22938 9174 9178 9177
22939 14239 14240 14248
22940 9288 9279 9280
22941 14249 14257 14248
22942 13865 13856 13864
22943 14255 14256 14264
22944 14234 13881 14233
22945 14239 14231 14240
22946 10244 10179 10187
22947 17925 18159 18142
22948 19466 19475 19467
22949 14248 14249 14240
22950 14644 14292 14291
22951 14327 14336 14328
22952 19577 19586 19578
22953 14266 14274 14275
22954 19511 19520 19512
22955 5978 5969 5977
22956 14317 14309 14252
22957 9108 9043 9100
22958 5273 5282 5281
22959 14243 14242 14251
22960 17177 16824 16825
22961 14281 14282 14273
22962 14258 14249 14257
22963 19068 19077 19076
22964 16651 16660 16659
22965 14711 14702 14710
22966 19584 19575 19583
22967 17377 17386 17385
22968 14315 14306 14314
22969 19524 19533 19525
22970 14330 14331 14322
22971 9219 9210 9218
22972 14375 14374 14383
22973 14303 14294 14302
22974 19537 19546 19538
22975 14241 14233 14232
22976 5341 5350 5342
22977 14366 14374 14375
22978 7148 7157 7149
22979 6223 6232 6224
22980 19975 19984 19976
22981 14758 14759 14750
22982 14331 14332 14323
22983 14299 14307 14298
22984 16137 16128 16136
22985 14640 14288 14287
22986 10180 10115 10172
22987 14307 14306 14315
22988 19517 19526 19518
22989 16429 16433 16432
22990 14704 14712 14713
22991 18765 18756 18764
22992 14704 14703 14351
22993 14313 14304 14312
22994 16158 16093 16150
22995 19512 19521 19520
22996 18660 18651 18652
22997 14652 14709 14644
22998 14291 14643 14644
22999 19494 19485 19493
23000 19905 19552 19904
23001 14657 14658 14649
23002 14275 14276 14267
23003 14702 14701 14710
23004 7182 7191 7183
23005 14647 14648 14639
23006 14349 14701 14292
23007 14660 14652 14651
23008 7051 7001 7043
23009 19842 19489 19490
23010 19903 19494 19846
23011 19851 19842 19850
23012 14766 14767 14414
23013 19999 20008 20007
23014 9472 9463 9471
23015 14704 14351 14352
23016 19860 19851 19852
23017 17223 17232 17231
23018 19854 19845 19853
23019 5616 5607 5615
23020 14745 14744 14753
23021 19531 19522 19530
23022 19939 19948 19940
23023 20007 19942 19950
23024 14319 14318 14327
23025 16890 16881 16882
23026 8153 8162 8154
23027 14750 14759 14751
23028 20392 20383 20391
23029 16626 16617 16625
23030 14748 14756 14813
23031 17919 17910 17911
23032 14735 14743 14744
23033 20329 20320 20321
23034 19951 19960 19952
23035 19964 19955 19956
23036 20751 20502 20559
23037 9393 9402 9401
23038 6927 6936 6928
23039 14762 15114 14761
23040 6406 6415 6414
23041 15110 14758 15111
23042 14754 14745 14753
23043 16322 16313 16314
23044 19878 19943 19935
23045 20262 20253 20261
23046 14752 14753 14761
23047 14699 14700 14691
23048 19028 18675 18676
23049 14676 14667 14675
23050 14351 14342 14350
23051 14640 14287 14639
23052 14678 14679 14670
23053 14690 14699 14691
23054 14734 14742 14743
23055 14719 14720 14711
23056 18365 18356 18357
23057 14749 14758 14750
23058 6087 6096 6095
23059 14720 14712 14711
23060 19893 19902 19894
23061 8194 8185 8193
23062 14693 14694 15046
23063 7896 8154 7897
23064 20266 20275 20274
23065 17086 17095 17094
23066 8232 8241 8233
23067 19900 19891 19892
23068 20063 19998 20055
23069 14284 14275 14283
23070 17343 17334 17335
23071 14695 15048 14696
23072 15057 15056 15065
23073 14647 14639 14638
23074 9088 9079 9087
23075 20413 20422 20421
23076 12393 12385 12394
23077 14650 14642 14641
23078 14649 14658 14650
23079 17890 17881 17882
23080 19491 19844 19843
23081 9269 9278 9277
23082 19873 19882 19874
23083 5768 5764 5767
23084 14643 14651 14652
23085 19841 19850 19842
23086 7241 7250 7242
23087 12434 12442 12433
23088 14284 14283 14292
23089 12424 12425 12416
23090 19839 19848 19840
23091 19214 19205 19213
23092 8504 8513 8505
23093 6118 6127 6119
23094 8308 8243 8300
23095 14729 14720 14728
23096 14638 14646 14647
23097 8282 7944 8281
23098 17595 17604 17596
23099 12439 12792 12791
23100 19889 19898 19890
23101 6924 6933 6932
23102 14689 14680 14688
23103 14721 14712 14720
23104 14653 14661 14662
23105 20534 20525 20526
23106 6373 6382 6374
23107 18023 18014 18015
23108 9875 9866 9874
23109 19864 19873 19865
23110 20260 20269 20261
23111 14653 14662 14654
23112 14680 14672 14671
23113 19868 19859 19867
23114 12371 12436 12379
23115 14669 14677 12419
23116 14655 14647 14646
23117 14681 14680 14689
23118 18218 18227 18226
23119 12419 12418 12410
23120 14664 14665 14656
23121 6424 6433 6425
23122 5511 5278 5510
23123 14678 14669 14677
23124 6001 5992 5993
23125 9573 9577 9574
23126 15086 15077 15085
23127 10074 10065 10066
23128 14689 14697 14688
23129 19890 19899 19891
23130 18707 18698 18699
23131 18942 18589 18590
23132 6839 6830 6831
23133 14693 15045 15046
23134 14695 14686 14694
23135 12908 18127 18110
23136 14696 14697 15049
23137 17608 17599 17600
23138 14674 14682 14683
23139 14696 14688 14697
23140 15057 15065 15066
23141 5697 5688 5696
23142 15071 15079 15070
23143 9750 9741 9742
23144 15050 14697 14698
23145 15049 14697 15050
23146 19863 19872 19871
23147 12983 12984 12992
23148 19898 20251 19899
23149 15074 15065 15066
23150 12441 12794 12793
23151 12426 12435 12427
23152 7259 7194 7202
23153 15049 15048 15057
23154 15092 15091 15100
23155 15153 15161 15162
23156 15073 15065 15074
23157 15075 15067 15066
23158 8170 8179 8178
23159 20292 20283 20291
23160 20657 20304 20305
23161 20661 20670 20662
23162 15479 15487 15488
23163 12837 12846 12845
23164 17702 17657 17694
23165 20268 20277 20269
23166 5908 6261 5909
23167 18688 18679 18680
23168 6840 6849 6848
23169 15072 15080 15071
23170 15086 15094 15085
23171 15072 15080 15081
23172 14681 14673 14672
23173 15078 15070 15069
23174 18610 18614 18613
23175 20368 20681 20369
23176 7008 1803 7005
23177 7008 7009 7005
23178 15050 15049 15058
23179 14688 14687 14696
23180 8441 8432 8433
23181 8090 7872 8089
23182 20681 20690 20682
23183 15071 15080 15079
23184 20454 20445 20446
23185 16585 16576 16577
23186 8243 8234 8235
23187 15096 15095 15104
23188 18044 18053 18045
23189 20303 20656 20304
23190 20279 20288 20280
23191 12848 12849 12986
23192 18434 18443 18442
23193 17472 17463 17464
23194 15088 15080 15079
23195 9434 9425 9426
23196 15158 15157 15166
23197 18052 18190 18053
23198 16472 16463 16464
23199 15125 15117 15060
23200 20271 20280 20279
23201 15057 15048 15056
23202 15073 15072 15081
23203 15648 15657 15656
23204 15461 15453 15462
23205 15454 15462 15453
23206 15466 15458 15457
23207 9539 9579 9576
23208 5363 5403 5366
23209 15463 15464 15455
23210 15462 15463 15454
23211 19408 19412 19409
23212 15455 15464 15456
23213 15101 12851 15453
23214 8768 8764 8767
23215 20297 20288 20296
23216 15129 15120 15121
23217 15169 15160 15168
23218 15198 15189 15197
23219 15145 15144 15136
23220 16606 16541 16598
23221 18267 18620 18619
23222 9525 9534 9526
23223 18711 18646 18654
23224 17998 18007 18006
23225 10035 10026 10034
23226 20423 20358 20366
23227 5354 7956 7819
23228 15166 15478 15165
23229 15456 15103 15455
23230 15107 15459 15460
23231 15479 15478 15166
23232 9750 9759 9758
23233 15166 15167 15158
23234 8018 8371 8019
23235 15105 15096 15104
23236 15110 15119 15111
23237 20662 20309 20661
23238 15050 15059 15058
23239 15149 15141 15084
23240 20371 20684 20372
23241 20368 20359 20367
23242 16215 16224 16223
23243 16618 16627 16626
23244 10285 10294 10293
23245 20291 20282 20290
23246 20367 20680 20679
23247 15126 15118 15117
23248 15144 15136 15135
23249 15143 15152 15144
23250 20049 20058 20057
23251 6406 6397 6405
23252 7116 7125 7117
23253 17003 16994 16995
23254 6435 6444 6443
23255 18344 18353 18345
23256 6078 6087 6079
23257 20355 20346 20354
23258 8752 8756 8755
23259 15236 15235 15227
23260 15129 15128 15120
23261 15134 15143 15135
23262 20364 20355 20363
23263 15144 15153 15145
23264 20370 20683 20371
23265 14758 14759 15111
23266 15111 15112 14759
23267 20186 20177 20185
23268 15607 15611 15610
23269 15131 15140 15132
23270 15134 15135 15126
23271 15148 15213 15156
23272 8863 8854 8855
23273 15136 15137 15145
23274 15144 15152 15153
23275 15159 15151 15150
23276 15113 14761 15114
23277 15132 15189 15124
23278 15109 15117 15118
23279 20360 20351 20359
23280 20252 19899 19900
23281 8055 8064 8056
23282 5667 5602 5659
23283 15137 15129 15128
23284 16338 16347 16339
23285 6659 7012 7011
23286 7711 7720 7712
23287 17375 17366 17374
23288 15050 15051 15059
23289 6539 6474 6482
23290 19092 18739 18740
23291 20344 20353 20345
23292 7448 7439 7447
23293 14698 14689 14697
23294 15060 15059 15068
23295 15068 15125 15060
23296 14689 14698 14690
23297 15157 15092 15100
23298 20301 20292 20300
23299 14757 15109 14700
23300 7939 7914 7931
23301 20276 20267 20275
23302 15111 15120 15112
23303 19961 19952 19960
23304 20374 20703 20431
23305 8283 8343 8291
23306 8808 8799 8807
23307 19963 20316 19964
23308 15109 14757 15110
23309 20323 20314 20322
23310 6202 5849 5850
23311 20322 20331 20323
23312 8577 8586 8578
23313 15674 15683 15675
23314 17801 17448 17449
23315 15110 14757 14758
23316 19079 16821 19071
23317 14761 14752 14760
23318 7732 7723 7724
23319 14695 15047 15048
23320 15182 15183 15191
23321 14813 14805 14748
23322 14861 14804 14796
23323 19231 19240 19239
23324 14718 14727 14719
23325 14754 14746 14755
23326 6696 6705 6697
23327 15198 15207 15199
23328 14783 14791 14782
23329 15201 15192 15193
23330 14738 14746 14747
23331 10209 10218 10210
23332 14756 14755 14764
23333 20341 20350 20342
23334 14822 15175 15174
23335 20378 20025 20377
23336 14763 15116 14764
23337 9185 8832 8833
23338 15175 14823 14822
23339 6290 6281 6289
23340 20335 20270 20327
23341 15198 15197 15206
23342 9318 9309 9317
23343 19011 19015 19014
23344 19375 19310 19367
23345 5469 5460 5468
23346 15147 15138 15146
23347 15182 15191 15190
23348 15113 15121 15122
23349 20407 20416 20408
23350 15219 15211 15220
23351 15131 15130 15122
23352 15221 15222 15213
23353 20318 19965 20317
23354 15511 15520 15512
23355 15490 15491 15499
23356 15140 15139 15148
23357 15172 15171 15484
23358 20371 20362 20363
23359 15122 15114 15113
23360 14746 14745 14754
23361 17954 17963 17955
23362 20610 20619 20618
23363 15129 15138 15137
23364 20017 20026 20018
23365 8094 8103 8102
23366 6887 6878 6886
23367 18493 18484 18492
23368 15116 15115 15124
23369 19927 19936 19935
23370 8618 8971 8619
23371 19191 19200 19199
23372 6544 6553 6545
23373 20372 20363 20371
23374 15147 15156 15148
23375 20487 20496 20488
23376 15189 15181 15124
23377 15501 15502 15229
23378 20325 20316 20324
23379 15145 15153 15154
23380 15164 15163 15172
23381 20347 20356 20355
23382 20357 20348 20349
23383 6954 9212 6962
23384 15155 15163 15164
23385 17118 17053 17110
23386 15205 15213 15148
23387 15214 15213 15205
23388 15229 15164 15172
23389 7542 7533 7534
23390 10245 18401 10246
23391 8885 8894 8893
23392 15222 15230 15221
23393 9591 9600 9599
23394 9176 9172 9175
23395 20489 20498 20490
23396 20426 20417 20425
23397 9838 10191 10190
23398 7562 7627 7619
23399 15232 15231 15504
23400 20371 20362 20370
23401 15498 20701 20700
23402 6290 6355 6298
23403 19241 19232 19240
23404 15154 15153 15162
23405 19483 19474 19475
23406 6697 6688 6696
23407 19215 18806 18863
23408 15880 16233 16232
23409 15533 15525 15508
23410 15291 15299 15300
23411 15232 15505 15504
23412 7281 7272 7280
23413 7308 7299 7300
23414 6244 6235 6236
23415 20431 20704 20432
23416 15232 15233 15505
23417 15506 15233 15234
23418 15505 15233 15506
23419 15215 15207 15206
23420 20416 20425 20424
23421 15183 15192 15184
23422 15239 15238 15247
23423 15215 15223 15224
23424 20778 20625 20626
23425 15227 15226 15235
23426 15224 15232 15233
23427 20394 20403 20395
23428 15214 15215 15206
23429 15208 15199 15207
23430 9016 9007 9015
23431 15233 15225 15224
23432 16739 16730 16731
23433 15264 15255 15256
23434 10139 10204 10147
23435 14875 14867 14866
23436 14786 14787 14778
23437 9978 9923 9975
23438 9995 9991 9992
23439 20414 20479 20471
23440 15196 15253 15188
23441 15226 15218 15217
23442 20439 20448 20447
23443 8535 8526 8527
23444 20398 20463 20455
23445 15254 15245 15246
23446 8021 8030 8029
23447 6165 6156 6164
23448 20087 20440 20088
23449 17559 17550 17551
23450 15208 15200 15209
23451 18325 18316 18324
23452 18242 18251 18250
23453 15192 15201 15200
23454 5357 5209 5356
23455 7722 7713 7714
23456 15200 15201 15209
23457 17229 19487 17237
23458 20388 20379 20387
23459 5848 6201 5849
23460 20030 20439 20087
23461 14869 14812 14877
23462 15179 14827 14826
23463 6298 6363 6355
23464 5542 5533 5534
23465 18909 18900 18908
23466 14820 14819 14828
23467 19988 19997 19989
23468 14828 15180 15237
23469 15187 15196 15188
23470 14746 14747 14755
23471 14796 14853 14861
23472 20734 20501 20502
23473 14787 14795 14786
23474 14812 14803 14804
23475 15254 15263 15255
23476 18260 18251 18252
23477 14873 14872 14864
23478 20325 20334 20326
23479 15949 16358 16301
23480 18679 18270 18327
23481 15204 15261 15196
23482 15177 15176 15185
23483 19032 19041 19040
23484 14856 14855 14864
23485 5267 5242 5259
23486 5242 40 5259
23487 14811 14803 14812
23488 14812 14820 14811
23489 14819 14811 14820
23490 19990 19981 19989
23491 10064 10073 10065
23492 14787 14796 14788
23493 10300 10309 10301
23494 14772 14837 14829
23495 20441 20450 20449
23496 7422 7431 7423
23497 17557 17622 17565
23498 6208 6217 6216
23499 14779 14770 14771
23500 8165 8156 8164
23501 14482 14835 14834
23502 14465 14474 14466
23503 14861 14862 14853
23504 20020 20029 20021
23505 14849 14841 14840
23506 14469 14478 14470
23507 14776 14777 14768
23508 14396 14453 14388
23509 14461 14396 14453
23510 8544 8535 8536
23511 8345 8341 8344
23512 16427 16462 16430
23513 8048 8057 8049
23514 14469 14404 14412
23515 9492 9845 9493
23516 8808 8799 8800
23517 7571 7506 7563
23518 19126 19191 19134
23519 14769 14778 14770
23520 14356 14413 14348
23521 19993 20002 19994
23522 14800 14801 14792
23523 14799 14800 14791
23524 14776 14785 14784
23525 14776 14777 14785
23526 14801 14793 14792
23527 10252 9843 9900
23528 5733 5724 5732
23529 14802 14794 14793
23530 19089 19098 19097
23531 18893 18884 18885
23532 14806 14798 14807
23533 14885 14828 15237
23534 19422 19382 19419
23535 20020 20011 20012
23536 14800 14792 14791
23537 19484 19475 19476
23538 15821 16230 16173
23539 14419 14771 14772
23540 20375 19966 20318
23541 5468 5459 5467
23542 19995 19986 19994
23543 17038 16973 17030
23544 14806 14814 14805
23545 14813 14805 14814
23546 19992 20001 20000
23547 16781 16772 16773
23548 7093 7084 7085
23549 14797 14789 14732
23550 14740 14797 14732
23551 14774 14775 14766
23552 14723 14732 14724
23553 14791 14790 14782
23554 14348 14413 14405
23555 14766 14775 14767
23556 14359 14358 14367
23557 14724 14781 14716
23558 19957 19966 19965
23559 6724 6715 6723
23560 18257 18266 18265
23561 7556 7547 7555
23562 14738 14730 14739
23563 14731 14739 14730
23564 17884 17893 17892
23565 19999 19934 19942
23566 14715 14707 14716
23567 6253 6606 6605
23568 14805 14806 14797
23569 14706 14707 14354
23570 14707 14355 14354
23571 9565 9569 9566
23572 19973 19982 19981
23573 19515 19524 19516
23574 14372 14363 14371
23575 8366 8013 8014
23576 9465 9456 9464
23577 14707 14708 14716
23578 17619 17610 17611
23579 14353 14706 14354
23580 19349 18996 18997
23581 19975 19910 19918
23582 8823 8814 8815
23583 19926 19991 19983
23584 14805 14740 14748
23585 19969 19616 19968
23586 20298 20289 20297
23587 14329 14320 14328
23588 14413 14766 14765
23589 17011 17020 17019
23590 7045 7054 7046
23591 19979 19970 19978
23592 14414 14406 14405
23593 18016 18007 18008
23594 14332 14389 14324
23595 17648 17260 17647
23596 14324 14389 14381
23597 18459 18812 18811
23598 17872 17863 17864
23599 19983 19992 19984
23600 19591 19600 19592
23601 14315 14316 14307
23602 5663 5672 5671
23603 19508 19517 19509
23604 19542 19533 19541
23605 19526 19591 19583
23606 19844 19853 19845
23607 14308 14316 14373
23608 7112 7121 7120
23609 8493 8140 8141
23610 14329 14321 14320
23611 14398 14389 14397
23612 8943 8952 8944
23613 19683 20036 20035
23614 18333 18686 18334
23615 19550 19541 19542
23616 19548 19557 19556
23617 14306 14298 14297
23618 8079 8070 8071
23619 6925 6572 6924
23620 13977 13985 13986
23621 14355 14356 14347
23622 14357 14300 14365
23623 14314 14322 14323
23624 14378 14377 14386
23625 5949 5958 5950
23626 13939 13931 13930
23627 18583 18936 18584
23628 14365 14300 14308
23629 14731 14732 14723
23630 9010 9001 9002
23631 17594 17585 17586
23632 19941 19932 19940
23633 7489 7498 7497
23634 6124 6115 6116
23635 8908 8843 8851
23636 19564 19573 19565
23637 14390 14381 14389
23638 14382 14390 14381
23639 6595 6599 6596
23640 14363 14362 14371
23641 14361 14370 14362
23642 17128 17119 17120
23643 14432 14431 14440
23644 14386 14385 14377
23645 14378 14370 14369
23646 14396 14395 14404
23647 19617 19970 19618
23648 19590 19655 19647
23649 19559 19568 19560
23650 19575 19510 19518
23651 19251 19260 19259
23652 17660 17710 17702
23653 19676 19685 19684
23654 19589 19598 19590
23655 19978 19969 19977
23656 14404 14396 14461
23657 14445 14380 14388
23658 14372 14364 14363
23659 9831 9822 9830
23660 16941 16932 16933
23661 14469 14461 14404
23662 9936 9945 9937
23663 19586 19595 19587
23664 19306 19315 19307
23665 14402 14394 14393
23666 14384 14383 14392
23667 17878 17887 17886
23668 13994 14002 14003
23669 14429 14421 14364
23670 19609 19618 19610
23671 14394 14385 14393
23672 14402 14403 14394
23673 7918 7909 7917
23674 7446 7455 7454
23675 20718 20743 20735
23676 14384 14385 14376
23677 5640 5649 5648
23678 14392 14391 14400
23679 7092 7083 7091
23680 14403 14395 14394
23681 20310 20679 20662
23682 20488 20479 20487
23683 20423 20432 20424
23684 15468 15485 15460
23685 15515 15507 15506
23686 15466 15467 15458
23687 20430 20421 20429
23688 18354 18345 18353
23689 20694 20719 20711
23690 15513 15514 15522
23691 15515 15506 15514
23692 15511 15502 15510
23693 7361 7370 7362
23694 5251 5444 5443
23695 15528 15537 15529
23696 15264 15272 15273
23697 9333 9324 9332
23698 15565 20768 20767
23699 15339 15348 15340
23700 15351 15352 15343
23701 20742 20767 20759
23702 17904 17895 17896
23703 19583 19518 19526
23704 7774 7783 7782
23705 8271 8624 8272
23706 16755 16764 16763
23707 16440 11235 11238
23708 20461 20452 20460
23709 6509 6500 6508
23710 15586 15585 15594
23711 15432 15435 15436
23712 16568 16921 16920
23713 16223 16576 16575
23714 15559 15558 15567
23715 15320 15311 15319
23716 20549 20540 20548
23717 19673 19682 19674
23718 20729 20496 20728
23719 15251 15252 15260
23720 15297 15298 15530
23721 20788 20779 20787
23722 16481 16472 16473
23723 15571 20774 20773
23724 15548 15540 15539
23725 7761 7770 7762
23726 20734 20759 20751
23727 8642 8651 8650
23728 14895 14903 14904
23729 7038 7029 7037
23730 6337 6346 6345
23731 20286 20277 20278
23732 14922 14914 14913
23733 20052 20043 20051
23734 14493 14502 14494
23735 14467 14459 14468
23736 10086 10095 10094
23737 15989 18247 15997
23738 6567 6558 6559
23739 18444 18453 18452
23740 14379 14387 14388
23741 7028 7037 7029
23742 17794 17785 17793
23743 20374 20365 20373
23744 19681 19672 19680
23745 5211 5220 5219
23746 14474 14473 14482
23747 14462 14471 14463
23748 19582 19573 19581
23749 14424 14433 14432
23750 5221 5230 5222
23751 14429 14437 14438
23752 14430 14429 14438
23753 14423 14070 14422
23754 19664 19673 19665
23755 14112 14111 14120
23756 14072 14064 14063
23757 16531 16540 16532
23758 14443 14434 14442
23759 14526 14525 14517
23760 17978 17969 17970
23761 14926 14917 14925
23762 14432 14441 14440
23763 14450 14441 14442
23764 14449 14441 14450
23765 14063 14071 14072
23766 14063 14064 14055
23767 14435 14444 14443
23768 14436 14444 14435
23769 10159 10150 10151
23770 5666 5731 5723
23771 14488 14497 14489
23772 14493 14501 14502
23773 14485 14428 14493
23774 15637 7481 15636
23775 9348 9357 9349
23776 20173 20164 20165
23777 14894 14902 14893
23778 14459 14460 14468
23779 17987 17978 17979
23780 18243 18234 18235
23781 15805 15870 15813
23782 19778 19769 19770
23783 7558 7549 7550
23784 14490 14491 14138
23785 19634 19643 19635
23786 20484 20475 20476
23787 20298 20289 20290
23788 14126 14135 14127
23789 14503 14494 14502
23790 17190 17199 17198
23791 14120 14119 14128
23792 14128 14119 14127
23793 19712 19703 19711
23794 9698 9689 9690
23795 8079 8070 8078
23796 19722 19731 19730
23797 14498 14497 14506
23798 14567 14566 14575
23799 14514 14515 14506
23800 14534 14542 14543
23801 14897 14544 14545
23802 14537 14529 14538
23803 14480 14471 14479
23804 8813 8822 8814
23805 14510 14519 14518
23806 14530 14538 14529
23807 14511 14519 14510
23808 14474 14465 14473
23809 5650 5641 5649
23810 14512 14511 14520
23811 15541 20744 20743
23812 14539 14547 14548
23813 14536 14528 14537
23814 14529 14537 14528
23815 14543 14895 14542
23816 19920 19911 19912
23817 14509 14518 14517
23818 14848 14839 14847
23819 14530 14522 14521
23820 14451 14450 14459
23821 20112 20103 20111
23822 14518 14517 14526
23823 16883 16874 16875
23824 19735 19670 19678
23825 10012 10021 10020
23826 20046 20037 20045
23827 14476 14541 14533
23828 14482 14481 14834
23829 14859 14860 14851
23830 20682 20691 20683
23831 19419 19423 19422
23832 14904 14912 14913
23833 14484 14836 14893
23834 14541 14476 14484
23835 14894 14541 14893
23836 18967 18976 18975
23837 14906 14897 14905
23838 19748 20101 19749
23839 7412 7408 7409
23840 14897 14896 14544
23841 17510 17445 17502
23842 14545 14546 14537
23843 14544 14543 14896
23844 14546 14547 14899
23845 14965 14973 14908
23846 20110 20101 20109
23847 14915 14916 14907
23848 20113 20104 20112
23849 14921 14912 14913
23850 14920 14912 14921
23851 7962 7824 7825
23852 20097 20106 20098
23853 16008 15999 16000
23854 20205 20214 20213
23855 14906 14905 14914
23856 19006 19010 19009
23857 20108 20117 20109
23858 8983 8974 8975
23859 14908 14899 14907
23860 17870 17879 17878
23861 7697 7706 7698
23862 5669 5678 5670
23863 20184 20193 20192
23864 20113 20122 20114
23865 14918 14917 14926
23866 14892 15244 15301
23867 15373 15308 15316
23868 14919 14918 14910
23869 19956 19947 19948
23870 18953 18962 18961
23871 14922 14921 14930
23872 14925 14934 14926
23873 20528 20537 20529
23874 20641 20645 20644
23875 14997 14998 14989
23876 14914 14922 14923
23877 6118 6127 6126
23878 20124 20133 20125
23879 15301 14949 14892
23880 7358 7349 7357
23881 14930 14929 14938
23882 20044 20053 20045
23883 20503 20512 20504
23884 9550 9541 9542
23885 14851 14850 14859
23886 14927 14928 14919
23887 15326 15317 15325
23888 20130 20139 20131
23889 20072 20063 20071
23890 18727 18662 18719
23891 20788 20779 20780
23892 20143 20152 20144
23893 14870 14862 14861
23894 6018 6083 6075
23895 14878 14887 14879
23896 9825 9834 9826
23897 15895 15904 15903
23898 20458 20449 20457
23899 14856 14857 14848
23900 20121 20112 20120
23901 14483 14835 14482
23902 20405 20396 20404
23903 19125 19116 19117
23904 7666 7657 7665
23905 15241 14888 15240
23906 14850 14858 14859
23907 5682 5673 5674
23908 18956 18965 18964
23909 19582 19647 19639
23910 14834 14843 14835
23911 20065 20074 20066
23912 20041 20050 20042
23913 14474 14475 14466
23914 5286 5295 5294
23915 14839 14838 14847
23916 5485 5476 5477
23917 20062 20127 20119
23918 14847 14838 14846
23919 14833 14480 14481
23920 14832 14480 14833
23921 17268 17277 17269
23922 14861 14869 14870
23923 14431 14439 14440
23924 14878 14870 14869
23925 14873 14864 14865
23926 20018 20009 20017
23927 20072 20081 20073
23928 9256 9247 9255
23929 15734 15669 15726
23930 20073 20064 20065
23931 19115 19106 19107
23932 14839 14831 14830
23933 14863 14872 14864
23934 10388 10384 10387
23935 14887 14888 14879
23936 15238 14885 15237
23937 6948 6957 6949
23938 15251 15260 15259
23939 8328 8319 8320
23940 20088 20441 20089
23941 16345 16354 16353
23942 14871 14879 14880
23943 20135 20070 20078
23944 9040 9031 9032
23945 18705 18714 18706
23946 15212 15220 15277
23947 19122 19131 19130
23948 9196 6938 9188
23949 14890 14891 14882
23950 9584 9580 9583
23951 20082 20091 20083
23952 14863 14862 14871
23953 15240 14887 15239
23954 14888 14887 15240
23955 14890 15243 14891
23956 8882 8891 8890
23957 15252 15260 15317
23958 15309 15301 15310
23959 14882 14873 14881
23960 15367 15014 15015
23961 15217 15218 15209
23962 20154 20145 20146
23963 6130 8388 6138
23964 15249 15241 15250
23965 20389 20398 20390
23966 6243 6252 6244
23967 15253 15254 15245
23968 8668 8603 8660
23969 14949 15301 15302
23970 17283 17274 17275
23971 14871 14870 14879
23972 20469 20460 20468
23973 18718 18709 18717
23974 6409 6418 6410
23975 14820 14828 14885
23976 15280 15288 15289
23977 20089 20080 20088
23978 14889 14880 14888
23979 15527 15294 15526
23980 9653 9300 9301
23981 15196 15261 15253
23982 15325 15334 15326
23983 15528 15295 15527
23984 20072 20063 20064
23985 20430 20421 20422
23986 20467 20476 20468
23987 6686 6695 6687
23988 16400 16391 16399
23989 15185 15194 15186
23990 20032 20041 20033
23991 5380 5227 5228
23992 19529 19538 19537
23993 20729 20738 20737
23994 20483 20474 20475
23995 10082 10073 10081
23996 20382 20447 20439
23997 15257 15248 15249
23998 15256 15248 15257
23999 20761 20770 20769
24000 15254 15246 15255
24001 15247 15255 15246
24002 15290 15289 15298
24003 19456 19465 19464
24004 15267 15266 15275
24005 20509 20156 20508
24006 20516 20525 20517
24007 15271 15279 15280
24008 15528 15536 15527
24009 15529 15297 15296
24010 20464 20455 20463
24011 15292 15349 15357
24012 15274 15282 15273
24013 15268 15333 15325
24014 7294 7285 7286
24015 15341 15350 15349
24016 20772 15569 15570
24017 15569 15570 15561
24018 14878 14877 14886
24019 20379 20026 20378
24020 20302 20367 20310
24021 8380 8389 8381
24022 15352 15361 15353
24023 16919 16566 16567
24024 15298 15289 15297
24025 15286 15285 15294
24026 15278 15269 15277
24027 20484 20493 20485
24028 20720 15517 20719
24029 17249 17294 17252
24030 18471 18406 18414
24031 15530 15529 15297
24032 20745 20736 20744
24033 15537 15529 15538
24034 15361 15362 15353
24035 15530 15538 15529
24036 15855 15846 15847
24037 18247 18256 18255
24038 18822 18887 18830
24039 15291 15300 15292
24040 15552 15360 15359
24041 15273 15265 15264
24042 20477 20468 20476
24043 10025 10016 10024
24044 20751 20760 20752
24045 15535 15527 15536
24046 18706 18697 18705
24047 18128 12925 12926
24048 12925 12926 12917
24049 15553 15562 15554
24050 20781 20628 20780
24051 14952 14953 14944
24052 20591 20600 20592
24053 18943 18878 18886
24054 19471 19480 19479
24055 17479 17488 17487
24056 19631 19640 19639
24057 20577 20568 20569
24058 15428 15580 15597
24059 7226 7291 7234
24060 5685 5676 5677
24061 15340 15331 15339
24062 14993 14985 14984
24063 9051 9042 9043
24064 15559 15560 15551
24065 15531 15532 15540
24066 20491 20500 20492
24067 19594 19603 19595
24068 17707 17698 17699
24069 20761 20752 20753
24070 15283 15292 15291
24071 15352 15360 15361
24072 15357 15300 15292
24073 15295 15287 15286
24074 20490 20481 20489
24075 20037 19684 20036
24076 15554 15362 15361
24077 15335 15327 15326
24078 15352 15344 15343
24079 20395 20404 20403
24080 20494 20485 20493
24081 15424 15415 15423
24082 14938 14937 14946
24083 18453 18462 18461
24084 20557 20548 20556
24085 18889 18898 18897
24086 15345 15344 15353
24087 10299 10364 10356
24088 15339 15347 15348
24089 15329 15321 15320
24090 9052 8987 8995
24091 15397 15389 15332
24092 8982 8991 8983
24093 8468 8477 8476
24094 14915 14924 14916
24095 9241 9594 9593
24096 16917 17326 17269
24097 18417 18426 18418
24098 15312 15320 15311
24099 19190 19255 19198
24100 8414 8405 8413
24101 7412 7467 7415
24102 19900 20253 19901
24103 15336 15327 15335
24104 10067 10132 10124
24105 15325 15260 15268
24106 15325 15317 15260
24107 20585 20594 20593
24108 8983 8992 8984
24109 15309 15318 15310
24110 20576 20567 20575
24111 15314 15322 15323
24112 20675 15472 15473
24113 15472 15473 15464
24114 20133 20142 20141
24115 20227 20231 20230
24116 16062 16071 16070
24117 15414 15415 15406
24118 15313 15321 15322
24119 15344 15336 15335
24120 15301 15302 15310
24121 16909 16974 16917
24122 20519 20528 20520
24123 20514 20505 20513
24124 17404 17395 17396
24125 6720 6729 6728
24126 6853 7206 6854
24127 8150 7892 8149
24128 15302 14950 14949
24129 14876 14941 14933
24130 10374 10365 10373
24131 9468 9477 9476
24132 19176 19167 19168
24133 15326 15318 15317
24134 20530 20521 20529
24135 7728 7737 7729
24136 5905 5914 5906
24137 14946 14954 14955
24138 20641 20645 20642
24139 16897 16906 16905
24140 18099 18090 18091
24141 14945 14944 14953
24142 14928 14936 14937
24143 6360 6351 6359
24144 15242 15243 14890
24145 14945 14954 14946
24146 15319 15311 15310
24147 14940 14939 14948
24148 14944 14943 14952
24149 20629 20782 20781
24150 18697 18688 18689
24151 6379 6732 6731
24152 20510 20157 20509
24153 20207 20216 20208
24154 14946 14938 14947
24155 14939 14947 14938
24156 14983 14982 14991
24157 20518 20509 20517
24158 15666 15657 15665
24159 8854 8845 8846
24160 20637 20641 20640
24161 16109 15756 15757
24162 7583 7574 7575
24163 14956 15308 15365
24164 15016 15015 15368
24165 20597 20588 20596
24166 20570 20579 20571
24167 15373 15381 15316
24168 15370 15371 15379
24169 15322 15330 15331
24170 20539 20548 20540
24171 9374 9383 9382
24172 15422 15414 15413
24173 19805 19814 19806
24174 15014 15366 15367
24175 14953 14954 14945
24176 20572 20581 20573
24177 15006 14998 14997
24178 14990 14982 14981
24179 20229 20174 20226
24180 20160 19807 19808
24181 20449 20440 20448
24182 15392 15391 15383
24183 16299 16308 16307
24184 9564 9568 9565
24185 7336 7345 7337
24186 15393 15392 15401
24187 7128 7137 7136
24188 15373 15381 15382
24189 15392 15383 15384
24190 15375 15367 15366
24191 20585 20576 20584
24192 20510 20575 20567
24193 20605 20596 20604
24194 7333 7342 7334
24195 18433 18424 18432
24196 15315 15314 15323
24197 20353 20362 20361
24198 15324 15316 15381
24199 5962 5953 5961
24200 5728 5719 5720
24201 17892 17901 17900
24202 15303 15312 15304
24203 15348 15356 15347
24204 6409 6418 6417
24205 20550 20541 20549
24206 15347 15356 15355
24207 15365 15308 15373
24208 7628 7619 7627
24209 9253 9244 9245
24210 20531 20522 20530
24211 10233 10242 10241
24212 15368 15376 15377
24213 18413 18404 18405
24214 18252 18243 18244
24215 20745 15542 20744
24216 15332 15323 15331
24217 20748 15545 20747
24218 15339 15338 15347
24219 8425 8416 8424
24220 5363 5359 5360
24221 20783 20758 20766
24222 7039 7048 7040
24223 16348 16357 16356
24224 20558 20549 20557
24225 6515 6524 6523
24226 15340 15397 15332
24227 15416 15415 15424
24228 20213 20222 20221
24229 15299 15532 15300
24230 10355 10395 10392
24231 6128 6119 6120
24232 15416 15425 15424
24233 15584 15575 15583
24234 15561 15562 15553
24235 15330 15338 15339
24236 20039 20048 20047
24237 20243 20246 15041
24238 20523 20532 20524
24239 6165 6518 6517
24240 15386 15385 15394
24241 6147 6156 6155
24242 16160 16151 16152
24243 20220 20573 20572
24244 15426 15578 15579
24245 15415 15416 15407
24246 15416 15417 15425
24247 15411 15403 15402
24248 19427 14222 19424
24249 15380 15435 15432
24250 6751 6760 6752
24251 15573 15556 15581
24252 15426 15578 15425
24253 15577 15425 15578
24254 9061 9070 9069
24255 8141 8132 8133
24256 5491 5500 5492
24257 15377 15385 15386
24258 8652 8661 8660
24259 20469 20460 20461
24260 19247 19182 19190
24261 6288 6279 6287
24262 7249 7240 7248
24263 20646 20650 20647
24264 15370 15369 15017
24265 15411 15412 15403
24266 8519 8528 8527
24267 14549 14492 14557
24268 20332 20323 20324
24269 15435 15438 15439
24270 15021 15024 15025
24271 15395 15396 15387
24272 15026 15025 15029
24273 15026 20231 15029
24274 15013 15365 15366
24275 20804 15602 20807
24276 20804 20806 20807
24277 15030 14988 15033
24278 16767 16414 16415
24279 15338 15346 15347
24280 20570 20217 20569
24281 9573 9523 9570
24282 8206 8559 8207
24283 15390 15381 15389
24284 15027 15030 15031
24285 8449 8440 8448
24286 20590 20640 20637
24287 15008 15009 15000
24288 15369 15016 15368
24289 15009 15017 15018
24290 15388 15380 15379
24291 5537 5528 5529
24292 15018 15010 15009
24293 19070 19135 19078
24294 5924 5933 5925
24295 7003 7007 7004
24296 15386 15378 15377
24297 15378 15370 15379
24298 15371 15372 15380
24299 15379 15371 15380
24300 19835 19831 19834
24301 20206 20197 20205
24302 14930 14931 14939
24303 20798 20789 20790
24304 15032 15028 15031
24305 17779 17788 17787
24306 16927 16918 16919
24307 20208 20199 20207
24308 8296 8287 8295
24309 15039 15042 15043
24310 19398 19389 19390
24311 14588 14628 14596
24312 20231 20234 15029
24313 16321 16330 16329
24314 14980 14988 15030
24315 15025 15024 15028
24316 20736 20727 20728
24317 14608 14609 14600
24318 19260 19269 19268
24319 15000 15001 14992
24320 14972 15024 14964
24321 20176 20167 20175
24322 14989 14990 14981
24323 13397 13394 18599
24324 13397 13394 13393
24325 14630 19835 19832
24326 14585 14576 14584
24327 14600 14609 14601
24328 18875 18884 18876
24329 8318 8309 8317
24330 19702 19693 19701
24331 20162 20171 20163
24332 8066 8075 8074
24333 14970 14962 14961
24334 14538 14547 14539
24335 9822 9813 9821
24336 14963 14964 14611
24337 14996 14987 14995
24338 16964 16955 16956
24339 7904 7913 7912
24340 14578 14577 14586
24341 14616 14613 14617
24342 20218 20209 20210
24343 20561 20754 20562
24344 9786 9795 9794
24345 20588 20579 20587
24346 14970 14978 14979
24347 20203 20212 20204
24348 15380 15432 15372
24349 6407 6398 6406
24350 7375 7366 7374
24351 10136 10127 10135
24352 20638 20634 20635
24353 17354 17345 17346
24354 9063 9054 9055
24355 8526 8517 8525
24356 20188 20197 20189
24357 14972 15027 15024
24358 8862 8853 8861
24359 20233 20237 20234
24360 14991 14992 14983
24361 8385 8376 8384
24362 15033 15036 15037
24363 14970 14969 14978
24364 20202 20193 20201
24365 8115 8106 8114
24366 5826 5891 5834
24367 14982 14974 14973
24368 17138 17129 17130
24369 14984 14976 14985
24370 17763 17772 17771
24371 19810 19801 19809
24372 14607 14608 14599
24373 14965 14974 14966
24374 20162 19809 20161
24375 8966 8975 8974
24376 14924 14932 14923
24377 8084 7850 7867
24378 14961 14969 14960
24379 14997 14932 14940
24380 20628 20619 20620
24381 20170 20161 20169
24382 20200 20191 20199
24383 5223 5232 5231
24384 20739 20748 20747
24385 14546 14899 14898
24386 14981 14973 14916
24387 20110 20175 20167
24388 14551 14560 14552
24389 14916 14908 14973
24390 20140 20131 20139
24391 20183 20192 20191
24392 14959 14960 14607
24393 20160 20169 20161
24394 14957 14966 14965
24395 20565 20758 20757
24396 6115 6050 6107
24397 19717 19708 19716
24398 14969 14960 14968
24399 14199 14191 14190
24400 10117 18273 18272
24401 14926 14935 14927
24402 15313 15312 15321
24403 14966 14957 14958
24404 14609 14608 14961
24405 6337 6328 6329
24406 14532 14531 14540
24407 14530 14531 14522
24408 8349 8353 8352
24409 14973 14974 14965
24410 18316 18307 18315
24411 20224 20228 20225
24412 9748 9757 9749
24413 8536 8527 8535
24414 14583 14592 14584
24415 19796 19787 19795
24416 19749 20102 20101
24417 14567 14568 14559
24418 14583 14582 14574
24419 19787 19778 19786
24420 19767 19702 19759
24421 7013 7022 7014
24422 14876 14868 14867
24423 7720 7729 7721
24424 14560 14559 14551
24425 14550 14559 14558
24426 14194 14203 14195
24427 19397 19406 19398
24428 14539 14531 14530
24429 17132 17141 17140
24430 19784 19775 19783
24431 14175 14183 14184
24432 14500 14492 14491
24433 6259 6268 6267
24434 5995 5930 5987
24435 20183 20118 20175
24436 19760 19769 19761
24437 14582 14581 14590
24438 16508 16499 16500
24439 6212 6203 6211
24440 5292 5301 5300
24441 14500 14491 14499
24442 14565 14557 14500
24443 7633 7624 7632
24444 14565 14500 14508
24445 14491 14139 14138
24446 19797 19806 19805
24447 14499 14490 14498
24448 19737 19746 19738
24449 14574 14575 14583
24450 10040 10031 10039
24451 14583 14591 14592
24452 7240 7231 7239
24453 19752 19761 19753
24454 14611 14610 14963
24455 19768 19759 19767
24456 9892 9827 9835
24457 14550 14551 14559
24458 14570 14579 14571
24459 19772 19781 19773
24460 8373 8382 8374
24461 14507 14506 14515
24462 14578 14570 14579
24463 14562 14571 14563
24464 19780 19771 19779
24465 14194 14202 14203
24466 6085 6076 6084
24467 10349 10340 10348
24468 14560 14561 14552
24469 19626 19273 19274
24470 14570 14571 14562
24471 14623 14626 14622
24472 14576 14567 14575
24473 14591 14599 14600
24474 19825 19821 19822
24475 14195 14196 14187
24476 14569 14560 14568
24477 5499 5434 5491
24478 8589 8598 8597
24479 14220 14188 14223
24480 20801 15599 20804
24481 20801 20803 20804
24482 14616 14619 14564
24483 14564 14619 14572
24484 19395 19404 19396
24485 14194 14193 14202
24486 14629 14625 14628
24487 14636 20225 19838
24488 14622 14626 14625
24489 17376 17367 17368
24490 14980 14971 14979
24491 19818 19758 19766
24492 14500 14499 14508
24493 14225 14224 14228
24494 14225 19430 14228
24495 14579 14587 14578
24496 14625 14588 14580
24497 14625 14628 14588
24498 19830 19790 19798
24499 14586 14578 14587
24500 14586 14585 14594
24501 8315 8306 8314
24502 19819 19815 19816
24503 17445 17436 17444
24504 14595 14586 14594
24505 14596 14604 14631
24506 20181 20172 20173
24507 17813 17804 17805
24508 14591 14590 14599
24509 8746 8737 8738
24510 19793 19802 19794
24511 14593 14602 14594
24512 15469 20672 20671
24513 19235 19244 19243
24514 15029 15028 15032
24515 15029 20234 15032
24516 15038 15037 15041
24517 15038 20243 15041
24518 19988 19979 19980
24519 20225 20228 15023
24520 15038 20240 20243
24521 15022 15025 15026
24522 20237 15032 20234
24523 20806 20803 20805
24524 14617 14621 14618
24525 14621 19823 14618
24526 20179 20170 20178
24527 14612 14634 14604
24528 6708 6699 6707
24529 15774 15709 15766
24530 15008 15017 15009
24531 18543 18552 18551
24532 19836 19806 19814
24533 5738 7996 5746
24534 15041 15037 15040
24535 15377 15378 15369
24536 7275 7210 7218
24537 20205 20196 20204
24538 15042 15430 15043
24539 15429 15430 15042
24540 17127 17118 17119
24541 9588 6986 7338
24542 15369 15378 15370
24543 15443 20645 20648
24544 20564 20555 20563
24545 19359 19368 19367
24546 5867 5802 5810
24547 10033 10024 10032
24548 8463 8454 8455
24549 20806 15603 20805
24550 15539 15538 15547
24551 7743 7390 7391
24552 15449 15446 20651
24553 15449 15446 15445
24554 15299 15531 15532
24555 15395 15403 15404
24556 6842 6907 6899
24557 13799 13412 19001
24558 13799 13412 13411
24559 15449 15445 15448
24560 20654 15449 20651
24561 7453 7444 7445
24562 20791 15572 15589
24563 15572 15589 15564
24564 20551 20560 20552
24565 15443 15440 20645
24566 15443 15440 15439
24567 15450 15420 15428
24568 20788 20797 20789
24569 15396 15388 15387
24570 20803 20801 20800
24571 20750 20741 20749
24572 9545 9536 9537
24573 15585 15576 15584
24574 15603 15601 15600
24575 20239 20235 20238
24576 15436 15440 15439
24577 14977 14978 14969
24578 15451 15599 15452
24579 15599 20801 15452
24580 15437 20642 15440
24581 15437 15440 15436
24582 14617 14620 14621
24583 7217 7226 7225
24584 14618 14615 19820
24585 14618 14615 14614
24586 14635 15022 15023
24587 14627 14626 14630
24588 14627 19832 14630
24589 14635 15023 14636
24590 15023 20225 14636
24591 16470 16430 16462
24592 19826 19822 19825
24593 20595 20604 20596
24594 7794 10052 10044
24595 19832 19828 19831
24596 20747 20738 20739
24597 18471 18480 18472
24598 15283 15274 15282
24599 8129 8120 8128
24600 9132 9141 9140
24601 15264 15265 15256
24602 15550 15358 15357
24603 20770 15567 15568
24604 15567 15568 15559
24605 15537 15536 15545
24606 15564 15555 15563
24607 9787 9434 9786
24608 6551 6560 6552
24609 20744 20735 20743
24610 15557 15540 15565
24611 5399 5390 5398
24612 20546 20537 20545
24613 5804 5813 5805
24614 15581 15589 15564
24615 15534 15535 15526
24616 15361 15553 15554
24617 15592 20795 20794
24618 7007 7067 7059
24619 15560 15561 15569
24620 16987 16996 16995
24621 9291 9356 9348
24622 16130 16139 16138
24623 20090 20443 20442
24624 20648 20651 15446
24625 15451 15598 15599
24626 15595 15587 15586
24627 8875 8866 8874
24628 15558 15559 15550
24629 15044 15040 15043
24630 14618 19823 19820
24631 14633 19835 19838
24632 19485 19476 19477
24633 20611 20602 20610
24634 14227 14228 14224
24635 14964 15024 15021
24636 15035 15034 15038
24637 15035 20240 15038
24638 14624 14623 14627
24639 14624 19829 14627
24640 14614 14617 14618
24641 5326 5317 5325
24642 15535 15534 15543
24643 15591 20794 20793
24644 15602 15601 15604
24645 8362 8750 8363
24646 20599 20534 20542
24647 20642 20645 15440
24648 20580 20571 20579
24649 15579 15580 15427
24650 20790 20781 20789
24651 6051 5986 5994
24652 10366 10375 10374
24653 15579 15587 15588
24654 6537 6546 6545
24655 6977 6986 6978
24656 15443 15439 15442
24657 15536 15535 15544
24658 15556 15555 15564
24659 15544 20747 20746
24660 15926 15861 15918
24661 16604 16595 16596
24662 15395 15386 15394
24663 7447 7456 7448
24664 15543 20746 20745
24665 15452 20801 20654
24666 20782 20802 20799
24667 20410 20419 20418
24668 15603 15600 15588
24669 19316 19307 19315
24670 15975 15966 15967
24671 15034 15037 15038
24672 15602 15599 20804
24673 15602 15599 15601
24674 7431 7440 7432
24675 15428 15420 15419
24676 15444 15447 15448
24677 15585 15584 15593
24678 15596 20805 20798
24679 15386 15387 15378
24680 15447 15450 15451
24681 18336 10180 10181
24682 18297 18288 18296
24683 8910 8919 8911
24684 15583 15582 15591
24685 15581 15556 15564
24686 20569 20216 20568
24687 15447 15420 15450
24688 19911 19846 19903
24689 6174 969 972
24690 18985 18976 18977
24691 15350 15358 15359
24692 15604 20807 20806
24693 20792 15589 15590
24694 15589 15590 15581
24695 15452 15448 15451
24696 15452 15449 20654
24697 15452 15449 15448
24698 20740 20749 20741
24699 7115 7050 7107
24700 15575 15574 15583
24701 20218 20571 20570
24702 15596 15588 15587
24703 16686 16621 16678
24704 15443 15442 15446
24705 15443 20648 15446
24706 15435 15380 15388
24707 15386 15395 15387
24708 6803 6738 6746
24709 5378 5374 5377
24710 5950 5941 5949
24711 15446 15442 15445
24712 19824 19774 19821
24713 16119 16128 16127
24714 20618 20627 20619
24715 20792 20783 20791
24716 15573 15574 15421
24717 15574 15422 15421
24718 15592 15584 15583
24719 8795 8860 8852
24720 15590 15582 15581
24721 15547 20750 20749
24722 15568 20771 15569
24723 15568 15560 15569
24724 15044 15041 20246
24725 15044 15041 15040
24726 15563 15562 15571
24727 7257 7266 7265
24728 20642 20639 15437
24729 15437 15433 15436
24730 15434 15433 15437
24731 15434 20639 15437
24732 20636 20639 15434
24733 15431 15043 15430
24734 15387 15388 15379
24735 15431 20633 20636
24736 15044 15043 15431
24737 15044 20633 15431
24738 17684 17675 17683
24739 15431 15430 15434
24740 15431 20636 15434
24741 15816 15807 15808
24742 15430 15433 15434
24743 15044 20246 20633
24744 9564 9155 9177
24745 15385 15384 15393
24746 19927 19862 19919
24747 15598 15601 15599
24748 15598 15600 15601
24749 18344 18335 18336
24750 15579 15427 15426
24751 15642 15633 15634
24752 9407 9398 9406
24753 15363 15362 15555
24754 5598 5589 5597
24755 15548 20767 20750
24756 15355 15364 15356
24757 20764 20773 20765
24758 15559 15568 15560
24759 20624 20777 20625
24760 15345 15346 15337
24761 17111 16758 16759
24762 15566 15558 15557
24763 15562 15561 15570
24764 8718 8709 8717
24765 15415 15414 15423
24766 7586 7651 7643
24767 9755 9746 9754
24768 20565 20758 20566
24769 17235 17588 17587
24770 19830 19834 19831
24771 19829 19832 14627
24772 15023 15022 15026
24773 15023 20228 15026
24774 14632 14636 14633
24775 14636 19838 14633
24776 15026 20228 20231
24777 14992 14993 14984
24778 14610 14962 14963
24779 14632 14635 14636
24780 14588 14580 14579
24781 19696 19687 19688
24782 15035 20237 20240
24783 15024 15027 15028
24784 9016 9007 9008
24785 8732 8741 8733
24786 15035 15032 20237
24787 15035 15032 15031
24788 15035 15031 15034
24789 16392 16383 16384
24790 14623 14626 14627
24791 14624 19826 19829
24792 5961 5970 5962
24793 14621 14620 14624
24794 14621 19826 14624
24795 19427 19430 14225
24796 14620 14623 14624
24797 2214 15606 10404
24798 6920 6911 6919
24799 14621 19823 19826
24800 20502 20493 20501
24801 14225 14222 19427
24802 14225 14222 14221
24803 9867 9932 9924
24804 14221 14224 14225
24805 7646 7655 7647
24806 13396 13397 13393
24807 8722 8713 8721
24808 13403 13400 18605
24809 13403 13400 13399
24810 19022 19409 13820
24811 14614 14227 14226
24812 14212 14209 14208
24813 19411 19415 19412
24814 14215 14212 14211
24815 19082 19435 19434
24816 13379 13380 13371
24817 13403 13399 13402
24818 14214 14215 14211
24819 18677 19030 19029
24820 14212 14216 14213
24821 14216 19418 14213
24822 19421 19418 14216
24823 13404 13408 13405
24824 14215 14216 14212
24825 18599 13394 18596
24826 6031 6022 6030
24827 14210 14209 14213
24828 14210 19415 14213
24829 14213 19415 19418
24830 9809 9800 9808
24831 14213 14209 14212
24832 13819 13820 13816
24833 18966 18957 18965
24834 19451 19460 19452
24835 14206 14209 14210
24836 19365 19356 19364
24837 14210 14207 19412
24838 14210 14207 14206
24839 19430 19426 19429
24840 18542 18533 18534
24841 19426 19422 19425
24842 9107 9098 9106
24843 18605 18608 13403
24844 13406 13403 18608
24845 13406 13403 13402
24846 19016 13811 19013
24847 19007 19010 13805
24848 13405 13406 13402
24849 13392 13332 13340
24850 13395 13396 13392
24851 13412 13408 13411
24852 13808 13804 13807
24853 13371 13380 13372
24854 8941 8932 8940
24855 13809 13810 13806
24856 13802 13799 19004
24857 13802 13799 13798
24858 13801 13802 13798
24859 13736 13737 13384
24860 19004 19007 13802
24861 13805 13802 19007
24862 13805 13802 13801
24863 19012 19016 19013
24864 19001 18613 19000
24865 13801 13804 13805
24866 20272 20281 20280
24867 15494 20697 15495
24868 15494 15486 15495
24869 14227 14224 14223
24870 9669 9678 9677
24871 5518 5509 5517
24872 14223 14224 14220
24873 9033 8680 9032
24874 13812 13815 13816
24875 14226 14227 14223
24876 14226 14613 14614
24877 18717 18726 18725
24878 14179 14187 14188
24879 14217 14218 14214
24880 14571 14580 14572
24881 14220 14221 14217
24882 14221 14218 14217
24883 19424 19420 19423
24884 9142 9151 9150
24885 18586 18939 18587
24886 13407 13411 13408
24887 19022 19018 19021
24888 19409 19021 19408
24889 8240 8249 8248
24890 19408 19020 19407
24891 14171 14172 14163
24892 13812 13813 13809
24893 14172 14217 14214
24894 14205 14209 14206
24895 13819 13815 13818
24896 13756 13748 13747
24897 18580 18589 18588
24898 14208 14209 14205
24899 19419 19374 19382
24900 18559 18568 18567
24901 14172 14164 14163
24902 14206 13818 14205
24903 13819 13818 14206
24904 16365 18623 16373
24905 13804 13801 13800
24906 13392 13393 13389
24907 13340 13339 13348
24908 19013 19009 19012
24909 13402 13398 13401
24910 13399 13398 13402
24911 13396 13393 13392
24912 20409 20400 20401
24913 13405 13402 13401
24914 19104 19113 19112
24915 13404 13405 13401
24916 13364 13372 13404
24917 13742 13734 13733
24918 5221 5212 5213
24919 5212 10 5213
24920 13785 13776 13784
24921 18610 18614 18611
24922 13410 13798 13411
24923 8579 8570 8571
24924 13780 13815 13812
24925 13797 13798 13410
24926 9946 9955 9954
24927 13797 13800 13801
24928 13737 13745 13746
24929 13747 13739 13738
24930 13797 13801 13798
24931 18591 10379 10401
24932 18957 18948 18956
24933 13742 13733 13741
24934 19712 19703 19704
24935 13381 13734 13382
24936 15495 20698 15496
24937 15495 15487 15496
24938 9325 9334 9333
24939 13354 13353 13362
24940 13374 13382 13383
24941 13806 13756 13764
24942 13342 13341 13350
24943 13381 13733 13734
24944 18960 18951 18959
24945 13736 13735 13744
24946 18939 18948 18940
24947 18946 18955 18947
24948 7960 7969 7961
24949 13373 13365 13308
24950 13259 13611 13612
24951 9528 9519 9520
24952 13373 13382 13374
24953 18942 18589 18941
24954 8147 8556 8499
24955 18556 18565 18557
24956 13374 13366 13365
24957 5789 5436 5437
24958 13368 13367 13376
24959 18586 18577 18585
24960 13367 13375 13376
24961 9291 9282 9283
24962 16645 16710 16653
24963 13289 13280 13288
24964 13310 13319 13311
24965 13672 13673 13320
24966 18514 18505 18513
24967 20759 20768 20767
24968 20068 20059 20060
24969 13305 13297 13296
24970 7873 7864 7865
24971 18897 18888 18889
24972 16717 16708 16709
24973 13306 13314 13315
24974 18509 18518 18510
24975 13306 13315 13307
24976 8622 8631 8630
24977 13373 13308 13316
24978 19714 19723 19722
24979 10223 10232 10224
24980 13314 13323 13315
24981 9698 9707 9706
24982 19738 19729 19737
24983 13671 13672 13319
24984 5496 5487 5495
24985 13712 13703 13711
24986 6044 6053 6045
24987 13750 13742 13741
24988 10168 10159 10160
24989 13670 13678 13679
24990 13684 13683 13692
24991 9681 9690 9682
24992 18894 18885 18893
24993 5611 5620 5619
24994 13683 13691 13692
24995 6964 6955 6963
24996 13696 13705 13697
24997 18899 18908 18900
24998 18894 18959 18951
24999 13690 13691 13682
25000 13756 13806 13803
25001 13765 13757 13700
25002 13743 13744 13735
25003 7387 7322 7330
25004 19019 19015 19018
25005 13681 13690 13682
25006 13691 13683 13682
25007 19792 19801 19800
25008 18902 18893 18901
25009 13708 13700 13699
25010 13707 13699 13698
25011 19150 19559 19207
25012 13692 13691 13700
25013 18954 18945 18953
25014 13713 13712 13721
25015 9587 9583 9586
25016 18901 18910 18902
25017 5914 6323 6266
25018 18970 18961 18969
25019 18968 18959 18967
25020 18956 18965 18957
25021 6922 7331 7274
25022 13757 13766 13758
25023 13765 13766 13757
25024 18943 18952 18944
25025 13759 13758 13767
25026 13751 13752 13743
25027 13750 13741 13749
25028 8697 8688 8696
25029 20588 20579 20580
25030 16356 16347 16348
25031 13743 13735 13734
25032 18936 18945 18937
25033 18525 18878 18877
25034 20794 20785 20786
25035 13379 13387 13388
25036 9749 9758 9750
25037 18958 19008 19005
25038 19021 19017 19018
25039 13776 13777 13768
25040 9752 9761 9760
25041 6916 6907 6915
25042 14171 14180 14172
25043 13769 13761 13760
25044 18604 18600 18601
25045 13753 13752 13761
25046 7176 7167 7175
25047 19265 19256 19257
25048 19590 19581 19589
25049 5756 5747 5748
25050 13761 13769 13770
25051 13387 13379 13378
25052 19374 19365 19373
25053 14146 14145 14154
25054 19164 19173 19165
25055 18969 18978 18970
25056 14186 14178 14177
25057 18985 18976 18984
25058 13761 13762 13753
25059 8273 8264 8272
25060 13755 13746 13754
25061 13762 13763 13754
25062 19005 19009 19008
25063 13747 13746 13755
25064 13745 13754 13746
25065 13754 13745 13753
25066 19003 18999 19002
25067 19413 19417 19414
25068 13746 13747 13738
25069 6445 6798 6797
25070 5669 5678 5677
25071 13772 13764 13763
25072 13797 13740 13800
25073 20473 20482 20474
25074 13370 13378 13379
25075 13800 13740 13748
25076 19301 19292 19293
25077 18966 19011 19008
25078 13756 13747 13755
25079 19012 19008 19011
25080 13772 13763 13771
25081 18998 18989 18997
25082 19357 19366 19358
25083 13803 13800 13748
25084 19005 18950 18958
25085 7329 7682 7330
25086 13763 13764 13755
25087 13764 13756 13755
25088 13748 13740 13739
25089 13747 13748 13739
25090 13369 13378 13370
25091 13380 13379 13388
25092 5217 5226 5225
25093 18940 18587 18939
25094 18597 18601 18600
25095 15826 15835 15834
25096 13387 13740 13388
25097 13380 13407 13372
25098 5315 5290 5298
25099 16420 16773 16772
25100 20221 20574 20573
25101 18613 18609 18612
25102 5971 5906 5963
25103 7043 6998 7035
25104 18533 10377 18532
25105 13738 13386 13385
25106 18582 18612 18609
25107 13369 13377 13378
25108 13378 13386 13387
25109 18539 18548 18540
25110 18940 18949 18941
25111 13377 13369 13368
25112 13377 13368 13376
25113 7068 7059 7067
25114 18808 18455 18456
25115 17364 17373 17372
25116 18594 18598 18595
25117 20674 20665 20673
25118 13346 13355 13347
25119 13362 13371 13363
25120 13362 13370 13371
25121 13385 13377 13376
25122 13362 13363 13354
25123 18578 18587 18579
25124 13384 13385 13376
25125 13738 13739 13386
25126 13387 13386 13739
25127 18588 18941 18589
25128 13357 13300 13365
25129 13357 13366 13358
25130 13354 13355 13346
25131 18581 18572 18580
25132 13345 13346 13337
25133 13369 13361 13360
25134 16153 16144 16145
25135 8965 8612 8964
25136 13368 13369 13360
25137 10146 10137 10138
25138 13345 13354 13346
25139 13369 13370 13361
25140 13362 13361 13370
25141 13344 13352 13353
25142 18573 18564 18572
25143 9762 9753 9761
25144 6693 6702 6701
25145 13361 13352 13360
25146 9444 9379 9436
25147 18337 18346 18345
25148 18563 18572 18564
25149 13343 13352 13344
25150 13353 13352 13361
25151 13363 13372 13364
25152 19905 19552 19553
25153 13300 13357 13292
25154 13336 13335 13344
25155 13353 13345 13344
25156 18684 18331 18332
25157 16038 15629 15686
25158 13355 13364 13356
25159 13363 13364 13355
25160 7352 7361 7353
25161 18558 18603 18600
25162 10061 10070 10069
25163 13404 13401 13364
25164 15816 16169 16168
25165 13371 13372 13363
25166 13347 13356 13348
25167 18534 18594 18591
25168 13355 13356 13347
25169 13348 13398 13395
25170 13348 13356 13398
25171 18867 19220 18868
25172 18028 18019 18020
25173 18504 18513 18512
25174 18534 10378 10379
25175 7418 7414 7417
25176 13332 13331 13340
25177 13331 5175 13330
25178 18595 18591 18592
25179 17451 17442 17443
25180 8554 8907 8555
25181 8765 8761 8764
25182 13329 5173 13328
25183 13329 5174 5173
25184 18941 18950 18949
25185 18571 18580 18572
25186 13274 13283 13275
25187 5173 5172 13328
25188 9221 9230 9229
25189 18555 18546 18554
25190 7913 7922 7914
25191 18548 18557 18549
25192 13365 13366 13357
25193 18540 18531 18539
25194 7124 7115 7116
25195 5174 13329 13330
25196 10374 18530 10375
25197 13345 13337 13336
25198 6365 6374 6366
25199 18532 10376 18531
25200 5175 5174 13330
25201 16129 16138 16137
25202 18539 18530 18538
25203 18529 18538 18530
25204 18528 18537 18529
25205 13327 5171 13326
25206 13327 5172 5171
25207 19269 19278 19277
25208 9866 9857 9865
25209 10384 10380 10383
25210 19671 19606 19663
25211 13295 13286 13294
25212 13367 13368 13359
25213 10373 18529 10374
25214 9198 9207 9199
25215 13367 13358 13366
25216 13326 5171 5170
25217 18538 18547 18546
25218 7447 7456 7455
25219 18561 18570 18562
25220 20721 20712 20720
25221 7064 7073 7065
25222 5624 5615 5616
25223 13333 13341 13342
25224 13334 13333 13342
25225 9917 9926 9925
25226 18537 18546 18538
25227 13367 13359 13358
25228 18563 18554 18562
25229 18575 18510 18518
25230 19674 19665 19673
25231 17600 17591 17592
25232 19856 19865 19864
25233 13341 13284 13349
25234 5690 5681 5689
25235 18568 18577 18569
25236 17689 17680 17681
25237 20776 20623 20624
25238 7069 7422 7070
25239 13351 13342 13350
25240 13352 13343 13351
25241 17872 17881 17880
25242 13343 13342 13351
25243 13351 13360 13352
25244 18554 18545 18546
25245 13351 13359 13360
25246 15625 15629 15628
25247 20234 20230 20231
25248 18486 18477 18485
25249 13300 13308 13365
25250 13292 13357 13349
25251 5878 5869 5870
25252 13282 13291 13283
25253 10302 10311 10310
25254 10314 18470 18469
25255 13284 13292 13349
25256 9498 9851 9850
25257 10245 18401 18400
25258 13283 13284 13275
25259 13267 13275 13276
25260 13312 13311 13320
25261 18943 18878 18935
25262 13282 13290 13291
25263 13291 13300 13292
25264 18523 18876 18875
25265 18501 18492 18500
25266 13298 13299 13290
25267 13299 13291 13290
25268 7587 7596 7588
25269 7629 7638 7630
25270 13279 13271 13270
25271 18465 10309 18464
25272 6049 6058 6050
25273 10372 18528 10373
25274 5170 5113 13325
25275 18478 18543 18535
25276 6314 6379 6371
25277 13272 13264 13263
25278 18527 18536 18528
25279 13294 13286 13285
25280 13267 5111 13266
25281 20580 20571 20572
25282 16002 16011 16010
25283 5112 5111 13267
25284 13274 13275 13266
25285 13266 13275 13267
25286 13303 13295 13294
25287 13279 13280 13271
25288 13325 13268 13333
25289 10313 18469 18468
25290 18468 18477 18469
25291 8787 8852 8795
25292 18406 10250 18405
25293 13266 13265 13274
25294 13262 5107 5106
25295 18473 18464 18472
25296 18496 18505 18504
25297 13263 5108 5107
25298 5832 5823 5831
25299 18464 10308 18463
25300 13243 13234 13242
25301 18474 18465 18473
25302 13203 13212 13204
25303 18467 18476 18468
25304 13273 13264 13272
25305 13265 13264 13273
25306 18506 18515 18514
25307 13297 13298 13289
25308 13273 13272 13281
25309 18480 18489 18481
25310 8655 8646 8654
25311 18474 18483 18475
25312 13272 13280 13281
25313 5107 13262 13263
25314 13270 13271 13262
25315 5382 5391 5383
25316 10310 18466 10311
25317 7504 7513 7512
25318 13209 13208 13217
25319 18514 18523 18515
25320 10251 18463 10308
25321 19764 19773 19772
25322 13228 13219 13227
25323 13236 13301 13293
25324 13204 13212 13269
25325 18472 18481 18473
25326 13211 13212 13203
25327 13270 13261 13269
25328 13269 13261 13204
25329 13293 13285 13228
25330 9962 9971 9963
25331 8177 8186 8185
25332 20220 20573 20221
25333 5049 5048 13204
25334 13294 13285 13293
25335 6711 6702 6703
25336 13305 13306 13297
25337 7142 6789 7141
25338 13212 13277 13269
25339 13277 13212 13220
25340 8668 8603 8611
25341 18445 18436 18437
25342 5276 5509 5277
25343 13244 13301 13236
25344 18504 18513 18505
25345 10303 10312 10311
25346 13277 13285 13286
25347 13295 13287 13286
25348 7058 7123 7115
25349 13220 13285 13277
25350 17236 17227 17228
25351 5896 5905 5904
25352 13278 13277 13286
25353 20748 15545 15546
25354 15545 15546 15537
25355 18438 18429 18437
25356 13244 13236 13235
25357 19274 19627 19275
25358 7138 7129 7130
25359 13310 13301 13309
25360 16844 16894 16847
25361 20551 20560 20559
25362 13228 13236 13293
25363 7693 7702 7694
25364 6973 6964 6972
25365 18500 18509 18501
25366 13279 13278 13287
25367 13297 13306 13298
25368 13213 13148 13156
25369 18881 18872 18873
25370 16376 16367 16368
25371 7289 7280 7288
25372 13297 13289 13288
25373 18507 18498 18506
25374 10246 18402 10247
25375 9430 9421 9429
25376 18521 18512 18520
25377 13302 13301 13310
25378 13302 13294 13293
25379 13293 13301 13302
25380 17166 17519 17518
25381 8256 8265 8257
25382 18461 18814 18462
25383 19105 19114 19113
25384 13302 13303 13294
25385 13296 13297 13288
25386 10320 9967 10319
25387 18521 18874 18522
25388 16155 16164 16163
25389 19069 19078 19077
25390 7671 15827 7672
25391 8331 8322 8330
25392 13206 13215 13207
25393 5045 13200 13201
25394 18656 18647 18648
25395 8257 8248 8256
25396 19417 19421 19420
25397 13287 13288 13279
25398 13288 13280 13279
25399 13287 13296 13288
25400 13295 13296 13287
25401 18489 18498 18490
25402 18417 18408 18416
25403 7866 7891 7883
25404 18420 18411 18412
25405 19409 19021 19022
25406 13208 13216 13217
25407 20016 20025 20024
25408 19003 18999 19000
25409 13206 13214 13215
25410 13199 5043 13198
25411 17304 17313 17305
25412 13199 5044 5043
25413 13206 13197 13205
25414 6512 6503 6504
25415 18419 18410 18418
25416 18964 18973 18972
25417 5047 13202 13203
25418 13201 13200 13209
25419 18452 18461 18453
25420 13200 13199 13208
25421 9799 9790 9798
25422 13199 13207 13208
25423 8908 8843 8900
25424 19477 19486 19485
25425 13207 13216 13208
25426 13203 5048 5047
25427 18420 18429 18421
25428 18430 18421 18429
25429 13219 13210 13218
25430 13211 13210 13219
25431 10085 10076 10084
25432 10116 18272 18271
25433 13201 13210 13202
25434 8519 8510 8518
25435 10247 18403 10248
25436 13201 13209 13210
25437 7386 9644 9636
25438 13201 5046 5045
25439 9833 9842 9834
25440 18179 12976 18178
25441 5047 5046 13202
25442 13226 13217 13225
25443 18428 18419 18427
25444 18428 18437 18429
25445 13227 13226 13235
25446 18063 18072 18071
25447 18416 18425 18417
25448 13223 13214 13222
25449 13235 13234 13243
25450 19989 19980 19981
25451 13609 13256 13608
25452 20204 20195 20196
25453 18459 18812 18460
25454 13241 13232 13240
25455 13215 13214 13223
25456 19082 19073 19074
25457 18837 18828 18836
25458 13233 13225 13224
25459 18458 18811 18459
25460 13232 13231 13240
25461 13257 13256 13609
25462 18460 18813 18461
25463 18439 18374 18382
25464 18398 18389 18397
25465 18442 18451 18443
25466 18855 18790 18847
25467 16350 16285 16342
25468 18349 18340 18341
25469 9113 9122 9121
25470 6817 6826 6818
25471 13232 13224 13223
25472 7086 7095 7087
25473 13195 13186 13194
25474 7477 7468 7469
25475 13259 13251 13250
25476 13606 13607 13254
25477 5598 5589 5590
25478 13555 13556 13547
25479 13238 13230 13229
25480 13238 13229 13237
25481 18447 18456 18448
25482 13184 13185 13176
25483 5298 5323 5315
25484 8579 8570 8578
25485 18317 18308 18309
25486 18444 18453 18445
25487 18388 18379 18387
25488 18828 18819 18827
25489 13247 13238 13246
25490 18250 18259 18258
25491 13548 13547 13556
25492 13221 13164 13229
25493 13254 13246 13245
25494 8210 8563 8211
25495 20806 15603 15604
25496 15603 15604 15601
25497 13250 13249 13258
25498 13251 13242 13250
25499 18488 18479 18480
25500 13247 13246 13255
25501 18818 18827 18819
25502 18448 18457 18449
25503 6824 6815 6816
25504 10290 10299 10291
25505 8830 9183 8831
25506 18396 18387 18388
25507 6914 6979 6922
25508 19637 19646 19645
25509 13639 13640 13631
25510 18421 18412 18413
25511 13247 13255 13256
25512 13247 13256 13248
25513 13608 13256 13255
25514 17082 17073 17081
25515 18817 18808 18816
25516 18846 18837 18845
25517 19534 19525 19533
25518 8589 8580 8588
25519 16212 16221 16220
25520 18897 18906 18905
25521 13249 13257 13258
25522 6064 6055 6056
25523 13242 13241 13250
25524 18452 18443 18451
25525 9033 9042 9041
25526 13250 13241 13249
25527 17637 17628 17629
25528 13257 13609 13610
25529 6904 6895 6896
25530 13635 13644 13636
25531 13718 13717 13726
25532 13671 13679 13680
25533 13248 13256 13257
25534 13248 13257 13249
25535 16532 16541 16540
25536 18829 18838 18830
25537 18829 18820 18828
25538 7427 7436 7428
25539 13626 13627 13618
25540 13627 13619 13618
25541 18819 18810 18818
25542 13635 13626 13634
25543 7081 6728 7080
25544 20266 20275 20267
25545 13627 13626 13635
25546 20702 20693 20694
25547 13634 13643 13635
25548 6512 6503 6511
25549 18812 18821 18813
25550 18098 18107 18106
25551 17761 17752 17753
25552 5306 5635 5578
25553 9069 9078 9077
25554 13617 13616 13625
25555 18459 18450 18451
25556 13645 13646 13637
25557 6755 6690 6698
25558 20252 19899 20251
25559 13615 13623 13624
25560 8906 8915 8907
25561 13630 13639 13631
25562 18445 18454 18453
25563 13640 13632 13631
25564 13617 13626 13618
25565 10030 10021 10029
25566 18826 18835 18827
25567 13615 13616 13607
25568 7351 7360 7352
25569 13607 13616 13608
25570 13621 13629 13630
25571 13624 13616 13615
25572 9321 9330 9322
25573 6448 6439 6447
25574 13570 13579 13571
25575 13638 13639 13630
25576 13621 13630 13622
25577 13631 13622 13630
25578 13313 13312 13321
25579 19170 19161 19162
25580 7791 7782 7783
25581 16893 16884 16885
25582 9655 9664 9663
25583 13674 13322 13321
25584 13311 13312 13303
25585 13305 13314 13306
25586 18541 18532 18533
25587 13615 13606 13614
25588 13607 13606 13615
25589 18891 18900 18892
25590 17913 17922 17921
25591 13673 13674 13321
25592 19825 19821 19824
25593 13312 13320 13321
25594 18524 18877 18525
25595 13681 13680 13689
25596 13312 13313 13304
25597 17672 17681 17680
25598 13318 13671 13319
25599 6015 6024 6016
25600 18882 18891 18890
25601 16049 16040 16041
25602 13321 13322 13313
25603 18885 18876 18884
25604 9015 9006 9014
25605 19887 17629 19879
25606 13318 13670 13671
25607 19732 19723 19731
25608 18516 18525 18517
25609 6012 6021 6020
25610 13670 13669 13678
25611 7042 7107 7099
25612 16538 16529 16537
25613 13304 13313 13305
25614 7147 7156 7148
25615 13310 13311 13302
25616 13302 13311 13303
25617 19604 19613 19612
25618 18513 18522 18514
25619 13311 13319 13320
25620 13612 13260 13259
25621 18910 18975 18967
25622 17414 17349 17406
25623 13612 13620 13677
25624 16561 16570 16562
25625 13309 13301 13244
25626 18511 18446 18454
25627 8044 7979 7987
25628 17507 17498 17499
25629 8751 8755 8754
25630 13317 13252 13260
25631 13251 13252 13243
25632 18445 18454 18446
25633 13252 13244 13243
25634 18830 18821 18829
25635 13681 13682 13673
25636 19267 19276 19275
25637 13685 13686 13677
25638 7145 6792 7144
25639 13685 13677 13620
25640 13688 13680 13679
25641 19997 20006 20005
25642 18830 18895 18838
25643 13620 13611 13619
25644 7727 7736 7728
25645 18274 10118 18273
25646 13670 13679 13671
25647 13620 13628 13685
25648 18822 18887 18879
25649 5713 5704 5712
25650 17267 17276 17275
25651 18873 18882 18874
25652 9086 9439 9087
25653 13628 13693 13685
25654 18733 18742 18741
25655 13635 13643 13644
25656 18903 18912 18904
25657 13636 13628 13627
25658 16002 15993 15994
25659 13685 13694 13686
25660 16227 16580 16579
25661 17684 17675 17676
25662 10188 10197 10189
25663 10235 10300 10243
25664 10359 10350 10351
25665 13678 13686 13687
25666 13725 13717 13660
25667 18895 18904 18896
25668 14082 14081 14090
25669 18889 18898 18890
25670 14077 13668 14020
25671 18869 18860 18868
25672 13702 13694 13693
25673 13693 13701 13702
25674 13652 13717 13709
25675 13651 13660 13652
25676 9598 9607 9606
25677 18905 18914 18906
25678 7036 7045 7037
25679 9182 8829 8830
25680 18896 18905 18897
25681 13673 13682 13674
25682 13671 13680 13672
25683 13688 13696 13697
25684 13689 13688 13697
25685 7234 7299 7242
25686 18883 18874 18882
25687 18883 18892 18884
25688 19099 19108 19100
25689 13672 13680 13681
25690 13681 13673 13672
25691 15856 15865 15857
25692 13698 13690 13689
25693 13732 13731 14084
25694 5691 6044 6043
25695 16333 16324 16325
25696 19117 19126 19125
25697 14089 14098 14090
25698 13714 13706 13705
25699 8088 7870 7871
25700 14097 14098 14089
25701 18947 18956 18948
25702 18907 18898 18906
25703 13705 13696 13704
25704 13724 13715 13723
25705 19546 19555 19554
25706 18840 18849 18848
25707 13702 13710 13711
25708 13657 13656 13665
25709 6442 6507 6499
25710 18305 18314 18306
25711 17726 18064 18063
25712 13714 13723 13715
25713 13785 13786 13777
25714 8497 8506 8505
25715 13713 13705 13704
25716 13713 13704 13712
25717 6560 6569 6568
25718 18915 18924 18916
25719 19642 19651 19650
25720 18916 18925 18917
25721 16827 17180 17179
25722 15929 15938 15937
25723 18868 18859 18860
25724 13710 13718 13719
25725 7890 7915 7907
25726 13721 13720 13729
25727 9897 9888 9896
25728 13720 13728 13729
25729 18862 18927 18870
25730 18854 18919 18911
25731 18361 18352 18353
25732 13722 13713 13721
25733 13729 13730 13721
25734 18239 15981 18231
25735 6255 6608 6607
25736 14079 13727 13726
25737 7178 7169 7177
25738 19294 19285 19293
25739 18923 18914 18922
25740 15913 15904 15905
25741 13711 13703 13702
25742 13728 13719 13727
25743 5598 5607 5599
25744 9818 9827 9826
25745 9341 9332 9340
25746 18846 18911 18903
25747 9649 10002 10001
25748 19924 19933 19932
25749 13712 13704 13703
25750 13720 13712 13711
25751 13720 13711 13719
25752 7077 7086 7085
25753 5482 5473 5481
25754 13709 13717 13718
25755 13709 13644 13652
25756 13660 13659 13668
25757 18920 18929 18921
25758 13710 13701 13709
25759 18904 18913 18905
25760 13702 13701 13710
25761 13725 13660 13668
25762 13639 13638 13647
25763 6420 6411 6419
25764 20514 20505 20506
25765 14105 14104 14113
25766 14097 14096 14105
25767 14079 14088 14080
25768 13660 13651 13659
25769 14087 14088 14079
25770 16718 16653 16661
25771 13709 13718 13710
25772 13729 14082 13730
25773 19280 19289 19281
25774 18852 18861 18853
25775 18919 18928 18920
25776 13726 13717 13725
25777 14431 14422 14430
25778 8404 6146 6154
25779 14028 14085 14020
25780 19297 19288 19296
25781 20286 20351 20294
25782 13667 14019 14020
25783 13668 13667 14020
25784 14077 14078 13725
25785 19290 19299 19298
25786 13725 14078 13726
25787 7662 7671 7663
25788 19280 18927 19279
25789 14094 14095 14086
25790 19222 18869 19221
25791 14028 14027 14036
25792 8736 8727 8728
25793 15907 15898 15899
25794 19224 19233 19225
25795 19289 19298 19290
25796 14019 14027 14028
25797 14096 14088 14087
25798 14020 14019 14028
25799 14093 14028 14036
25800 9145 9136 9137
25801 14427 14428 14075
25802 14093 14085 14028
25803 10336 10345 10344
25804 14086 14078 14077
25805 14086 14077 14085
25806 19311 19246 19254
25807 10212 10221 10220
25808 14111 14110 14119
25809 14085 14094 14086
25810 14093 14094 14085
25811 19808 20161 20160
25812 8673 8682 8681
25813 8575 8566 8567
25814 14083 13731 13730
25815 19270 19261 19269
25816 14110 14118 14119
25817 14087 14095 14096
25818 19313 19322 19321
25819 5380 5389 5381
25820 14485 14486 14133
25821 14127 14118 14126
25822 18377 18386 18385
25823 19332 19323 19331
25824 19291 19300 19299
25825 16370 16361 16362
25826 14090 14081 14089
25827 9981 9931 9939
25828 19391 19326 19383
25829 19351 19286 19294
25830 17066 17057 17058
25831 16487 16496 16495
25832 14082 14091 14083
25833 13650 13659 13651
25834 16384 16393 16392
25835 18857 18866 18858
25836 13646 13638 13637
25837 13954 13962 13963
25838 5882 5873 5874
25839 16203 16194 16195
25840 13662 13653 13661
25841 19987 19996 19988
25842 13662 13654 13653
25843 13655 13647 13646
25844 16561 16552 16553
25845 13666 13658 13657
25846 13663 13654 13662
25847 18865 18856 18864
25848 18870 18861 18869
25849 13654 13663 13655
25850 13650 13658 13659
25851 19229 19238 19230
25852 18670 18735 18678
25853 18844 18853 18852
25854 13656 13664 13665
25855 14016 14024 14025
25856 5870 5861 5862
25857 13642 13641 13650
25858 19134 19199 19142
25859 13648 13657 13649
25860 13648 13656 13657
25861 13649 13640 13648
25862 13641 13640 13649
25863 18851 18842 18850
25864 13651 13643 13642
25865 13642 13650 13651
25866 14025 14026 14017
25867 14017 14026 14018
25868 14017 14016 14025
25869 14026 14035 14027
25870 14034 14035 14026
25871 19237 19228 19236
25872 18491 18500 18492
25873 19259 19250 19258
25874 9131 9122 9130
25875 9133 9124 9132
25876 16607 16616 16615
25877 19688 19335 19687
25878 19230 19221 19222
25879 13664 14016 14017
25880 7554 7619 7611
25881 14023 14015 14014
25882 14021 14022 14013
25883 13665 13664 14017
25884 9127 9118 9119
25885 9306 9659 9307
25886 19708 19699 19700
25887 14023 14014 14022
25888 19625 19634 19626
25889 14023 14032 14024
25890 20318 19965 19966
25891 14055 14046 14054
25892 14023 14031 14032
25893 5956 5947 5955
25894 8284 8219 8227
25895 18558 18549 18557
25896 14056 14048 14047
25897 8680 8671 8679
25898 14015 14024 14016
25899 14023 14024 14015
25900 14037 14038 14029
25901 14038 14030 14029
25902 14029 14030 14021
25903 6487 6496 6495
25904 18843 18852 18851
25905 14030 14031 14022
25906 14022 14031 14023
25907 19710 19775 19718
25908 17813 17878 17821
25909 19216 19225 19217
25910 14022 14014 14013
25911 14071 14423 14424
25912 19223 19158 19215
25913 14021 14030 14022
25914 14039 14031 14030
25915 17391 17038 17039
25916 14043 14034 14042
25917 14040 14039 14048
25918 14038 14046 14047
25919 14041 14040 14049
25920 8892 9245 8893
25921 14073 14064 14072
25922 19239 19174 19231
25923 19720 19711 19712
25924 19240 19249 19241
25925 6668 6315 6316
25926 14038 14047 14039
25927 19255 19264 19256
25928 18237 18246 18245
25929 14048 14056 14057
25930 9232 9241 9233
25931 14042 14041 14050
25932 18540 18531 18532
25933 19235 19244 19236
25934 14042 14033 14041
25935 14042 14034 14033
25936 8328 8319 8327
25937 14102 14093 14101
25938 19243 19234 19242
25939 14041 14033 14032
25940 20624 20777 20776
25941 14426 14427 14074
25942 20041 20050 20049
25943 12954 18157 12955
25944 12954 12946 12955
25945 19252 19261 19253
25946 14052 14109 14044
25947 14066 14065 14074
25948 18870 19279 19222
25949 10084 10019 10076
25950 14011 14012 14003
25951 14059 14051 14050
25952 8658 8649 8657
25953 14059 14050 14058
25954 19229 19238 19237
25955 19276 19629 19277
25956 9651 10060 9708
25957 19272 19625 19273
25958 14057 14066 14058
25959 19532 19541 19540
25960 8289 8298 8297
25961 19628 19275 19627
25962 14074 14075 14066
25963 9616 9607 9615
25964 14367 14375 14376
25965 17031 17022 17023
25966 14057 14065 14066
25967 16369 16378 16377
25968 9369 9360 9368
25969 16187 16178 16179
25970 8678 9031 8679
25971 14431 14423 14422
25972 18003 17994 18002
25973 14055 14064 14056
25974 14054 14063 14055
25975 14408 14416 14417
25976 19263 19272 19264
25977 19247 19182 19239
25978 7402 7406 7403
25979 14062 14071 14063
25980 14072 14071 14424
25981 8446 8455 8447
25982 14070 14071 14062
25983 14120 14111 14119
25984 14362 14370 14371
25985 14061 14062 14053
25986 19197 19188 19196
25987 6799 6446 6447
25988 14103 14111 14112
25989 5340 5349 5348
25990 6844 6853 6845
25991 13971 13980 13972
25992 18534 10378 18533
25993 14463 14455 14454
25994 19626 19273 19625
25995 19267 19258 19259
25996 14061 14069 14070
25997 9016 9025 9017
25998 12878 18081 12879
25999 12878 12870 12879
26000 19791 19726 19783
26001 14061 14070 14062
26002 14122 14113 14121
26003 14113 14112 14121
26004 19822 19818 19819
26005 14111 14102 14110
26006 14043 14044 14035
26007 10318 9965 9966
26008 10014 10005 10013
26009 14122 14121 14130
26010 5324 5315 5323
26011 14122 14114 14113
26012 14112 14104 14103
26013 14103 14102 14111
26014 6834 6899 6891
26015 19649 19640 19641
26016 18972 18981 18973
26017 14113 14104 14112
26018 14165 14108 14173
26019 10353 10344 10352
26020 19323 19314 19322
26021 14114 14106 14105
26022 17423 17414 17415
26023 19310 19301 19309
26024 18897 18888 18896
26025 16399 16390 16391
26026 14119 14118 14127
26027 14104 14095 14103
26028 6163 6516 6515
26029 14100 14108 14165
26030 16368 16377 16376
26031 17774 17783 17782
26032 17511 17864 17863
26033 14096 14095 14104
26034 14103 14095 14094
26035 19237 19246 19238
26036 14101 14109 14110
26037 8903 8912 8904
26038 14044 14036 14035
26039 19312 19321 19313
26040 19254 19245 19253
26041 19253 19262 19254
26042 20462 20527 20519
26043 9645 9998 9646
26044 19418 19414 19417
26045 14101 14036 14044
26046 14051 14060 14052
26047 14059 14060 14051
26048 14118 14110 14109
26049 19320 19311 19319
26050 14118 14109 14117
26051 14093 14102 14094
26052 14101 14093 14036
26053 19238 19303 19295
26054 16047 16056 16055
26055 14126 14117 14125
26056 8467 8532 8475
26057 19296 19287 19288
26058 14126 14118 14117
26059 19690 19337 19689
26060 14076 14485 14133
26061 19326 19317 19325
26062 14125 14060 14068
26063 14076 14075 14428
26064 14487 14135 14134
26065 19269 19278 19270
26066 14067 14075 14076
26067 14076 14068 14067
26068 18466 18475 18467
26069 14126 14125 14134
26070 14125 14133 14134
26071 19336 19689 19337
26072 19696 19705 19697
26073 14138 14139 14130
26074 14486 14487 14134
26075 19761 19770 19762
26076 14466 14467 14458
26077 9555 9546 9547
26078 14505 14504 14513
26079 19697 19706 19705
26080 14135 14126 14134
26081 16544 16553 16552
26082 14138 14129 14137
26083 14128 14127 14136
26084 14135 14136 14127
26085 19694 19341 19693
26086 14130 14121 14129
26087 7661 7670 7669
26088 9734 9743 9742
26089 14490 14137 14489
26090 19331 19322 19330
26091 14136 14488 14489
26092 14121 14120 14129
26093 19342 19751 19399
26094 9786 9433 9785
26095 14549 14197 14140
26096 9296 9287 9288
26097 19359 19368 19360
26098 5371 5375 5372
26099 19333 19342 19334
26100 18080 18071 18072
26101 19341 19332 19340
26102 7083 7018 7026
26103 14490 14138 14137
26104 19692 19339 19691
26105 19293 19302 19301
26106 5330 5699 5347
26107 19762 19753 19761
26108 6365 6374 6373
26109 18993 18984 18985
26110 14139 14491 14492
26111 19709 19718 19710
26112 14558 14567 14559
26113 14122 14131 14123
26114 14139 14492 14140
26115 6237 6228 6229
26116 20711 20686 20694
26117 19693 19340 19692
26118 19794 19785 19793
26119 19764 19773 19765
26120 16569 16560 16561
26121 14197 14189 14132
26122 14197 14132 14140
26123 14132 14189 14124
26124 14179 14171 14170
26125 14169 14178 14170
26126 19717 19726 19718
26127 9239 9592 9591
26128 14508 14516 14573
26129 8606 8615 8607
26130 14160 14159 14168
26131 5487 5478 5479
26132 14199 14190 14198
26133 19403 19394 19402
26134 7670 15826 15825
26135 14184 14183 14192
26136 14174 14183 14175
26137 19314 19305 19306
26138 14198 14551 14199
26139 14198 14550 14551
26140 19753 19400 19752
26141 14181 14173 14116
26142 10333 10324 10332
26143 19373 19382 19381
26144 7860 7851 7852
26145 7851 2649 7852
26146 20292 20283 20284
26147 19373 19364 19372
26148 14182 14181 14190
26149 14181 14189 14190
26150 14166 14174 14175
26151 14175 14184 14176
26152 18807 18398 18455
26153 20605 20596 20597
26154 14175 14167 14166
26155 7170 7161 7169
26156 14174 14173 14182
26157 20724 15521 20723
26158 14165 14174 14166
26159 14099 14098 14107
26160 14174 14165 14173
26161 19384 19393 19385
26162 14116 14173 14108
26163 14167 14175 14176
26164 8183 8174 8182
26165 14167 14168 14159
26166 19300 19309 19301
26167 14173 14181 14182
26168 17623 17614 17615
26169 18718 18783 18726
26170 7987 8052 7995
26171 18280 18271 18272
26172 14165 14166 14157
26173 18052 18190 18189
26174 19102 19167 19110
26175 7816 7807 7808
26176 7807 2605 7808
26177 14092 14157 14149
26178 9924 9933 9925
26179 14116 14108 14107
26180 19309 19318 19310
26181 8317 8308 8316
26182 9962 9971 9970
26183 14167 14159 14158
26184 19359 19294 19302
26185 19328 19319 19320
26186 19377 19368 19376
26187 6263 5910 5911
26188 13777 13776 13785
26189 14115 14116 14107
26190 14107 14098 14106
26191 19375 19310 19318
26192 18004 18013 18012
26193 14181 14116 14124
26194 10208 10199 10207
26195 19361 19370 19362
26196 19367 19302 19310
26197 19376 19367 19375
26198 14115 14124 14116
26199 14115 14123 14124
26200 14099 14108 14100
26201 14083 14092 14084
26202 14084 14092 14149
26203 16339 16330 16331
26204 14099 14091 14090
26205 14090 14098 14099
26206 14107 14108 14099
26207 14155 14147 14146
26208 15829 7673 7674
26209 13784 13776 13775
26210 5708 5717 5709
26211 14100 14092 14091
26212 14084 14149 14141
26213 14100 14091 14099
26214 14091 14092 14083
26215 14146 14154 14155
26216 14141 14150 14142
26217 14151 14150 14159
26218 14142 14150 14151
26219 7480 7471 7479
26220 6103 6094 6095
26221 6943 6934 6942
26222 20112 20103 20104
26223 18654 18719 18662
26224 10212 10147 10155
26225 6515 6524 6516
26226 18508 18499 18500
26227 19637 19628 19629
26228 14149 14150 14141
26229 8523 8588 8580
26230 5686 5677 5678
26231 14160 14152 14151
26232 13792 13783 13791
26233 19353 19362 19354
26234 14151 14159 14160
26235 13781 13790 13782
26236 14143 14144 13791
26237 13791 14144 13792
26238 18995 18986 18987
26239 18982 19017 19014
26240 13784 13783 13792
26241 18980 18989 18981
26242 19361 19352 19360
26243 14158 14159 14150
26244 13790 14143 13791
26245 14142 14143 13790
26246 13782 13773 13781
26247 7612 7621 7620
26248 13784 13775 13783
26249 19589 19598 19597
26250 18985 18994 18986
26251 18993 19346 18994
26252 13790 13791 13782
26253 13775 13776 13767
26254 13767 13776 13768
26255 13774 13775 13766
26256 18924 18933 18925
26257 13723 13731 13732
26258 9166 9162 9163
26259 13724 13723 13732
26260 13774 13783 13775
26261 13782 13783 13774
26262 18002 17993 18001
26263 14147 13794 14146
26264 6820 6811 6819
26265 6482 6547 6539
26266 13770 13769 13778
26267 13766 13775 13767
26268 7351 7342 7343
26269 13765 13774 13766
26270 13708 13716 13773
26271 13722 13731 13723
26272 19285 18932 19284
26273 13730 13731 13722
26274 18451 18460 18452
26275 17670 17679 17678
26276 13786 13778 13777
26277 19005 18950 19002
26278 13708 13773 13765
26279 18991 18926 18934
26280 13789 13724 13732
26281 18348 18357 18356
26282 18870 18861 18862
26283 18432 18441 18433
26284 13723 13714 13722
26285 13715 13716 13707
26286 13707 13716 13708
26287 18917 18908 18909
26288 5713 5722 5721
26289 18523 18876 18524
26290 13787 13796 13788
26291 13787 13779 13778
26292 8465 8456 8464
26293 6083 6092 6084
26294 13771 13780 13772
26295 17355 17364 17363
26296 19018 19014 19015
26297 13777 13778 13769
26298 19019 19015 19016
26299 18982 18973 18981
26300 19002 18942 18999
26301 18987 18978 18979
26302 13780 13812 13772
26303 7230 7239 7231
26304 19011 19015 19012
26305 13772 13812 13809
26306 19347 19356 19348
26307 13788 13818 13815
26308 6109 6118 6110
26309 9526 9517 9525
26310 8039 8030 8031
26311 16808 16799 16800
26312 14153 14154 14145
26313 19407 19411 19408
26314 13778 13786 13787
26315 13770 13778 13779
26316 13794 13786 13785
26317 13785 13793 13794
26318 15728 15737 15736
26319 14146 13794 13793
26320 18979 18970 18978
26321 13768 13777 13769
26322 18994 19347 18995
26323 13792 14145 13793
26324 16718 16653 16710
26325 14162 14154 14153
26326 9458 9449 9457
26327 14146 13793 14145
26328 14205 13818 13796
26329 7742 7751 7743
26330 18468 18477 18476
26331 19410 19414 19411
26332 6766 6757 6758
26333 19350 19410 19407
26334 19890 19899 19898
26335 18983 18992 18991
26336 14156 14208 14148
26337 19967 19558 19615
26338 19389 19380 19388
26339 18923 18914 18915
26340 18998 19407 19020
26341 18748 18395 18747
26342 19350 18997 19349
26343 14147 14155 14156
26344 5591 5600 5592
26345 13796 13795 14148
26346 8809 8818 8810
26347 14148 14205 13796
26348 14156 14164 14211
26349 19358 19413 19410
26350 19358 19349 19357
26351 10113 10122 10114
26352 19416 19420 19417
26353 18645 18654 18653
26354 14161 14170 14162
26355 14205 14148 14208
26356 14162 14171 14163
26357 19416 19366 19374
26358 5504 5495 5503
26359 14156 14155 14164
26360 14163 14164 14155
26361 5886 5877 5878
26362 19425 19429 19426
26363 14171 14179 14180
26364 19771 19762 19763
26365 14220 14180 14188
26366 14217 14180 14220
26367 14169 14170 14161
26368 6082 6147 6090
26369 14214 14164 14172
26370 14214 14211 14164
26371 14160 14168 14169
26372 14170 14171 14162
26373 16295 16304 16303
26374 14161 14160 14169
26375 14169 14168 14177
26376 14177 14168 14176
26377 8267 8332 8324
26378 19081 19434 19433
26379 17346 17337 17338
26380 14177 14178 14169
26381 14184 14185 14176
26382 14202 14201 14554
26383 19277 19630 19278
26384 7124 7133 7132
26385 10302 10311 10303
26386 14192 14200 14201
26387 19406 19815 19428
26388 14176 14185 14177
26389 14592 14601 14593
26390 14202 14193 14201
26391 18814 18879 18871
26392 14186 14185 14194
26393 19387 19396 19388
26394 14185 14193 14194
26395 19816 19428 19815
26396 17270 17240 17262
26397 14553 14201 14200
26398 5372 5368 5371
26399 14200 14552 14553
26400 14192 14201 14193
26401 14188 14187 14196
26402 16254 16263 16262
26403 20595 20604 20603
26404 19758 19405 19757
26405 19295 19230 19287
26406 14572 14580 14622
26407 14571 14572 14563
26408 14555 14203 14202
26409 14202 14554 14555
26410 14569 14561 14560
26411 14594 14603 14595
26412 19398 19428 19425
26413 14226 14223 14196
26414 6225 6234 6233
26415 18600 18550 18558
26416 14196 14204 14226
26417 14556 14203 14555
26418 14556 14204 14203
26419 16037 16446 16424
26420 14619 14572 14622
26421 7912 7903 7911
26422 18528 18537 18536
26423 14616 14613 14556
26424 19875 19866 19867
26425 7540 7531 7539
26426 19821 19766 19774
26427 8370 8017 8018
26428 19773 19782 19774
26429 17607 17598 17599
26430 19766 19757 19765
26431 14555 14563 14564
26432 14564 14556 14555
26433 14562 14561 14570
26434 19805 19796 19804
26435 14553 14561 14562
26436 14553 14552 14561
26437 6562 8820 8812
26438 18036 18045 18044
26439 14601 14602 14593
26440 14584 14592 14593
26441 14554 14553 14562
26442 19823 19819 19820
26443 19789 19780 19788
26444 7879 7888 7880
26445 7879 7880 2677
26446 10236 10245 10244
26447 19334 19325 19326
26448 20163 20172 20164
26449 18450 18441 18442
26450 14585 14577 14576
26451 19792 19783 19791
26452 14563 14555 14554
26453 19756 19765 19757
26454 14578 14569 14577
26455 18186 18195 18194
26456 14601 14592 14600
26457 16336 16345 16344
26458 14602 14603 14594
26459 16109 16174 16117
26460 14587 14586 14595
26461 20239 20243 20240
26462 14585 14584 14593
26463 14585 14593 14594
26464 14586 14577 14585
26465 19802 19811 19810
26466 14967 14968 14959
26467 19827 19782 19824
26468 14532 14589 14524
26469 14620 14619 14623
26470 14631 14628 14596
26471 19798 19833 19830
26472 15001 14993 14992
26473 8179 8244 8187
26474 20535 20470 20527
26475 5401 5410 5402
26476 6943 6934 6935
26477 19797 19788 19796
26478 14961 14969 14970
26479 20462 20527 20470
26480 14588 14579 14587
26481 19781 19790 19782
26482 8535 8526 8534
26483 8187 8178 8186
26484 14595 14596 14587
26485 20500 20733 20732
26486 7611 7202 7259
26487 14499 14507 14508
26488 19710 19775 19767
26489 14500 14557 14492
26490 16884 16875 16876
26491 17648 17260 17261
26492 14604 14596 14595
26493 14566 14574 14575
26494 14603 14604 14595
26495 14499 14498 14507
26496 14498 14506 14507
26497 17787 17778 17779
26498 14995 14994 15003
26499 14635 14634 15022
26500 14602 14611 14603
26501 9421 9412 9420
26502 6160 6169 6168
26503 7042 7033 7034
26504 16269 16260 16261
26505 14604 14634 14631
26506 9191 9182 9190
26507 14567 14558 14566
26508 10251 10242 10243
26509 19734 19725 19733
26510 7733 15889 15888
26511 14521 14522 14513
26512 19700 19709 19701
26513 8901 8910 8909
26514 8399 8408 8400
26515 14491 14490 14499
26516 14606 14605 14958
26517 14559 14568 14560
26518 14566 14565 14574
26519 8175 8166 8174
26520 14565 14573 14574
26521 14536 14528 14527
26522 14959 14968 14960
26523 19770 19779 19771
26524 14576 14568 14567
26525 20793 20784 20785
26526 14549 14557 14558
26527 14558 14550 14549
26528 8097 8106 8098
26529 8499 8564 8507
26530 17323 17676 17675
26531 14558 14557 14566
26532 19776 19785 19777
26533 18107 12904 12905
26534 12904 12905 12896
26535 14592 14591 14600
26536 9574 9578 9575
26537 14582 14590 14591
26538 5910 5901 5909
26539 20507 20154 20155
26540 14573 14581 14582
26541 14975 14984 14976
26542 19794 19803 19795
26543 19777 19786 19778
26544 5263 5272 5264
26545 5263 5264 61
26546 14582 14591 14583
26547 14575 14584 14576
26548 19678 19669 19670
26549 14524 14516 14515
26550 5275 5250 5267
26551 14589 14581 14524
26552 14583 14584 14575
26553 14598 14599 14590
26554 14573 14582 14574
26555 5714 5705 5706
26556 14597 14598 14589
26557 5830 5821 5829
26558 14983 14992 14984
26559 14539 14540 14531
26560 20159 19750 20102
26561 6337 6346 6338
26562 14589 14598 14590
26563 14524 14515 14523
26564 20399 20334 20391
26565 5836 5845 5844
26566 14524 14581 14516
26567 14573 14516 14581
26568 19809 19800 19808
26569 14523 14531 14532
26570 14523 14514 14522
26571 5517 5526 5518
26572 10224 10215 10223
26573 14524 14523 14532
26574 8123 8114 8115
26575 14597 14606 14598
26576 19799 19734 19742
26577 18782 18847 18790
26578 14532 14540 14597
26579 19791 19800 19792
26580 14589 14532 14597
26581 14530 14538 14539
26582 14900 14965 14957
26583 6534 6543 6535
26584 19621 19974 19973
26585 14546 14538 14537
26586 19733 19742 19734
26587 14523 14522 14531
26588 14529 14521 14520
26589 14523 14515 14514
26590 14957 14548 14900
26591 14605 14548 14957
26592 18181 12978 18180
26593 14899 14908 14900
26594 14899 14900 14547
26595 14538 14546 14547
26596 6743 6734 6742
26597 16213 16204 16205
26598 20208 20217 20216
26599 14598 14607 14599
26600 8255 8264 8256
26601 19788 19779 19780
26602 20114 20105 20113
26603 5402 5393 5394
26604 10094 10103 10095
26605 20175 20184 20176
26606 14597 14540 14605
26607 19742 19807 19799
26608 14898 14906 14907
26609 14899 14898 14907
26610 19763 19772 19764
26611 14607 14960 14608
26612 20235 20190 20232
26613 20160 19807 20159
26614 14599 14608 14600
26615 18758 18749 18750
26616 10170 10179 10178
26617 6459 6394 6402
26618 7922 8276 7939
26619 18925 18934 18933
26620 18909 18900 18901
26621 14605 14957 14958
26622 14605 14606 14597
26623 19799 19808 19800
26624 14959 14607 14606
26625 14967 14959 14958
26626 14958 14966 14967
26627 14981 14982 14973
26628 14931 14939 14940
26629 8496 8143 8495
26630 19777 19768 19769
26631 20438 20429 20430
26632 14966 14974 14975
26633 16856 16503 16504
26634 14610 14611 14602
26635 6619 6584 6587
26636 15935 15944 15943
26637 14967 14966 14975
26638 14976 14968 14967
26639 14986 14985 14994
26640 14984 14975 14983
26641 14975 14974 14983
26642 14983 14974 14982
26643 6560 6569 6561
26644 14991 14999 15000
26645 15003 14994 15002
26646 17806 17815 17814
26647 14991 15000 14992
26648 14954 15306 15307
26649 8323 8314 8322
26650 20194 20203 20195
26651 20198 20238 20235
26652 20086 20151 20094
26653 14988 14980 14979
26654 14990 14999 14991
26655 5585 5594 5593
26656 10091 10082 10083
26657 14998 14990 14989
26658 14940 14932 14931
26659 15382 15381 15390
26660 20592 20583 20591
26661 17537 17546 17545
26662 6603 6612 6604
26663 14923 14924 14915
26664 14529 14530 14521
26665 20608 20617 20616
26666 16140 16131 16132
26667 14611 14612 14603
26668 9066 9057 9058
26669 5601 5592 5593
26670 8237 8228 8236
26671 19661 19670 19669
26672 7465 7474 7466
26673 20065 20056 20064
26674 18246 18311 18303
26675 14932 14997 14989
26676 15306 15314 15315
26677 20158 20149 20150
26678 14932 14989 14924
26679 20126 20191 20183
26680 14924 14989 14981
26681 14923 14922 14931
26682 7716 7725 7724
26683 14907 14906 14915
26684 20126 20117 20125
26685 14915 14906 14914
26686 20132 20141 20133
26687 14915 14914 14923
26688 6505 6496 6504
26689 15019 15371 15372
26690 19811 20164 19812
26691 20213 20204 20205
26692 19416 19420 19419
26693 9527 9536 9528
26694 14964 15021 14612
26695 20799 20630 20652
26696 14971 14970 14979
26697 15661 15726 15669
26698 16960 16951 16952
26699 15021 14634 14612
26700 14634 15021 15022
26701 15010 15018 15019
26702 14603 14612 14604
26703 20229 20174 20182
26704 14611 14964 14612
26705 14609 14610 14601
26706 14972 14964 14963
26707 20244 20632 20631
26708 19375 19384 19376
26709 19812 19803 19811
26710 15034 15033 15037
26711 14601 14610 14602
26712 6335 6326 6334
26713 14971 14972 14963
26714 14987 14996 14988
26715 19749 19740 19741
26716 15011 15019 15020
26717 19300 19309 19308
26718 14629 14628 14632
26719 14619 14622 14623
26720 15560 15561 15552
26721 20182 20232 20229
26722 6647 6638 6646
26723 20632 20636 20633
26724 6956 6965 6957
26725 14977 14969 14968
26726 18832 18841 18840
26727 20211 20220 20212
26728 20650 20654 20651
26729 18990 19020 18998
26730 15004 14996 14995
26731 14977 14968 14976
26732 20235 20190 20198
26733 6166 6519 6167
26734 20623 20558 20615
26735 16482 16491 16490
26736 14988 14996 15033
26737 20204 20195 20203
26738 18313 18322 18321
26739 9059 9050 9058
26740 15006 15014 15015
26741 14986 14978 14977
26742 14994 14985 14993
26743 6562 8820 6570
26744 14986 14977 14985
26745 15432 15433 15429
26746 16992 17001 17000
26747 8361 8331 8358
26748 6684 6675 6683
26749 20436 20709 20437
26750 14979 14978 14987
26751 14978 14986 14987
26752 18990 18981 18982
26753 20181 20190 20182
26754 15430 15429 15433
26755 20206 20241 20238
26756 20221 20574 20222
26757 15001 15002 14993
26758 15002 14994 14993
26759 9252 9187 9195
26760 14995 14986 14994
26761 14987 14986 14995
26762 14988 14979 14987
26763 15020 15012 15011
26764 14996 15036 15033
26765 18971 18962 18963
26766 15015 15367 15368
26767 15450 15597 15598
26768 6770 6761 6769
26769 19833 19837 19834
26770 9087 9078 9079
26771 20610 20619 20611
26772 15004 15012 15039
26773 9783 9430 9782
26774 19755 19764 19756
26775 15004 15036 14996
26776 15019 15372 15020
26777 20637 20582 20634
26778 18524 18515 18523
26779 10306 10297 10305
26780 15030 15027 14980
26781 9202 9211 9210
26782 15003 15011 15012
26783 7717 7726 7718
26784 15003 15012 15004
26785 15039 15043 15040
26786 20649 20614 20622
26787 20241 20245 20242
26788 19624 19271 19623
26789 8349 8353 8350
26790 20167 20102 20110
26791 20244 20214 20222
26792 6538 6529 6530
26793 15039 15012 15042
26794 15042 15012 15020
26795 19802 19811 19803
26796 20477 20468 20469
26797 15004 15039 15036
26798 15372 15432 15429
26799 20787 20778 20786
26800 20803 20802 20805
26801 15580 15428 15427
26802 15404 15441 15396
26803 20581 20590 20582
26804 17411 17402 17403
26805 20775 20784 20783
26806 5721 5712 5713
26807 19960 20313 19961
26808 16742 16751 16750
26809 7765 7756 7764
26810 15447 15412 15420
26811 15404 15412 15444
26812 19701 19710 19702
26813 18592 18596 18593
26814 5415 5406 5414
26815 19947 19938 19946
26816 20596 20587 20588
26817 20611 20620 20612
26818 6332 6323 6324
26819 7097 7106 7098
26820 15411 15420 15412
26821 15378 15387 15379
26822 15396 15438 15388
26823 20234 20230 20233
26824 20578 20569 20570
26825 15438 15435 15388
26826 15369 15017 15016
26827 20582 20573 20581
26828 15010 15011 15002
26829 20205 20214 20206
26830 15002 15011 15003
26831 15016 15017 15008
26832 15001 15010 15002
26833 15009 15010 15001
26834 15008 15007 15016
26835 20212 20221 20213
26836 17248 17252 17251
26837 15016 15007 15015
26838 15000 15009 15001
26839 14997 15005 15006
26840 9849 9496 9497
26841 15019 15011 15010
26842 20213 20222 20214
26843 6541 6550 6542
26844 9494 9485 9493
26845 20649 20653 20652
26846 9631 9622 9623
26847 10177 10186 10185
26848 5569 5922 5570
26849 15371 15018 15370
26850 15371 15019 15018
26851 15008 14999 15007
26852 20202 20211 20203
26853 15000 14999 15008
26854 19930 19939 19938
26855 19963 19954 19962
26856 9223 9232 9231
26857 20209 20200 20208
26858 20201 20210 20202
26859 14998 15006 15007
26860 14998 15007 14999
26861 18936 18945 18944
26862 15340 15332 15331
26863 15384 15375 15383
26864 15006 15005 15014
26865 20584 20575 20583
26866 20578 20587 20579
26867 20115 20124 20116
26868 15006 15015 15007
26869 14947 14946 14955
26870 15366 15014 15013
26871 14948 14939 14947
26872 6840 6849 6841
26873 20627 20780 20628
26874 14945 14937 14936
26875 14956 15365 15013
26876 20524 20515 20523
26877 18972 18963 18964
26878 9942 9933 9941
26879 20141 20150 20142
26880 5473 5464 5472
26881 15390 15398 15399
26882 15328 15329 15320
26883 14956 14947 14955
26884 9825 9816 9824
26885 15308 14955 15307
26886 20155 20508 20156
26887 20609 20618 20610
26888 15005 14948 15013
26889 14948 14947 14956
26890 20223 20227 20226
26891 20567 20158 20510
26892 14954 14953 15306
26893 20147 20156 20148
26894 15308 14956 14955
26895 14940 15005 14997
26896 14940 14948 15005
26897 18336 10180 18335
26898 15779 15788 15787
26899 15407 15416 15408
26900 14955 14954 15307
26901 15413 15348 15356
26902 7576 7567 7568
26903 5965 5956 5964
26904 15581 15582 15573
26905 5868 5859 5867
26906 18396 18387 18395
26907 20163 19810 19811
26908 15323 15324 15315
26909 15374 15366 15365
26910 16721 16712 16713
26911 15324 15323 15332
26912 15315 15324 15316
26913 20524 20533 20525
26914 19864 19855 19863
26915 7032 7023 7031
26916 20583 20518 20526
26917 5912 6265 6264
26918 16636 16627 16628
26919 15323 15322 15331
26920 15899 15908 15907
26921 15389 15381 15324
26922 15414 15405 15413
26923 15382 15374 15373
26924 15376 15368 15367
26925 20566 20557 20558
26926 15307 15306 15315
26927 5385 5232 5384
26928 20591 20526 20534
26929 15330 15322 15321
26930 6344 6335 6343
26931 16555 16564 16563
26932 10127 9774 9775
26933 15324 15332 15389
26934 20532 20541 20540
26935 18988 18997 18989
26936 9362 9371 9370
26937 15331 15330 15339
26938 15406 15398 15397
26939 15390 15399 15391
26940 15392 15400 15401
26941 20595 20586 20594
26942 15382 15390 15391
26943 15373 15374 15365
26944 16730 16721 16722
26945 9660 9595 9603
26946 8099 8164 8156
26947 15383 15374 15382
26948 17574 17509 17566
26949 20609 20600 20608
26950 19559 19568 19567
26951 16293 16702 16645
26952 15405 15348 15413
26953 18851 18860 18852
26954 19218 18865 19217
26955 15375 15374 15383
26956 15425 15426 15417
26957 15384 15376 15375
26958 20586 20577 20585
26959 15600 15580 15588
26960 18337 18346 18338
26961 15391 15399 15400
26962 16639 16648 16647
26963 16784 16775 16776
26964 15337 15346 15338
26965 15397 15398 15389
26966 15392 15391 15400
26967 15407 15398 15406
26968 7229 7220 7228
26969 15406 15405 15414
26970 15407 15399 15398
26971 19784 19793 19792
26972 5385 5394 5386
26973 20592 20601 20593
26974 8545 8536 8544
26975 9208 9199 9200
26976 10008 9999 10000
26977 15397 15405 15406
26978 8721 8712 8720
26979 15421 15364 15573
26980 20616 20625 20617
26981 15404 15444 15441
26982 18833 18842 18841
26983 15408 15399 15407
26984 20533 20542 20534
26985 8151 8160 8152
26986 15410 15418 15419
26987 9882 9891 9883
26988 15400 15399 15408
26989 20762 20753 20761
26990 7102 7093 7101
26991 20777 20786 20778
26992 17779 17770 17771
26993 20775 20784 20776
26994 17318 17671 17670
26995 15353 15344 15352
26996 20591 20600 20599
26997 6953 6944 6945
26998 15413 15356 15421
26999 18922 18931 18923
27000 15423 15414 15422
27001 18510 18501 18509
27002 20542 20607 20599
27003 19069 19060 19068
27004 15575 15576 15423
27005 6786 6851 6843
27006 15363 15364 15355
27007 15348 15405 15340
27008 8628 8563 8571
27009 20566 20775 20623
27010 6498 6563 6555
27011 18776 18785 18777
27012 17778 17769 17770
27013 15555 15556 15363
27014 15556 15364 15363
27015 15362 15554 15555
27016 15360 15553 15361
27017 8466 8475 8474
27018 15346 15354 15355
27019 16272 16263 16264
27020 20593 20584 20585
27021 15422 15413 15421
27022 20617 20626 20618
27023 20040 20049 20048
27024 17480 17489 17481
27025 15347 15346 15355
27026 20615 20624 20616
27027 20652 20622 20630
27028 15336 15344 15345
27029 20755 20764 20756
27030 20623 20558 20566
27031 15573 15364 15556
27032 15355 15354 15363
27033 20042 20033 20034
27034 15354 15362 15363
27035 15356 15364 15421
27036 15424 15423 15576
27037 15563 15555 15554
27038 20626 20779 20627
27039 15424 15576 15577
27040 15424 15577 15425
27041 15436 15433 15432
27042 15022 15021 15025
27043 15444 15448 15445
27044 9410 9419 9411
27045 20605 20614 20606
27046 8471 8480 8472
27047 20799 20630 20782
27048 15410 15411 15402
27049 15447 15451 15448
27050 15426 15418 15417
27051 16414 16349 16406
27052 15408 15409 15400
27053 20646 20606 20614
27054 15597 15450 15428
27055 20653 20801 20654
27056 15418 15427 15419
27057 15588 15580 15579
27058 15404 15396 15395
27059 15579 15578 15587
27060 20776 20785 20777
27061 16353 16706 16705
27062 15451 15450 15598
27063 15426 15427 15418
27064 8691 8751 8699
27065 20805 20790 20798
27066 19237 19228 19229
27067 5987 5996 5988
27068 7818 7843 7835
27069 15585 15577 15576
27070 15411 15419 15420
27071 7400 7396 7397
27072 15400 15409 15401
27073 20613 20604 20612
27074 16124 16115 16116
27075 6836 6845 6844
27076 5493 5502 5501
27077 20622 20613 20621
27078 15404 15403 15412
27079 19827 19782 19790
27080 15396 15441 15438
27081 20643 20598 20606
27082 17790 17725 17782
27083 20594 20603 20595
27084 7520 7529 7528
27085 15402 15403 15394
27086 20597 20606 20598
27087 15394 15403 15395
27088 9388 9323 9380
27089 15402 15401 15410
27090 15401 15402 15393
27091 15393 15402 15394
27092 7710 7719 7711
27093 15595 20798 15596
27094 15595 15587 15596
27095 15417 15409 15408
27096 15408 15416 15417
27097 15410 15409 15418
27098 15943 15934 15935
27099 20628 20619 20627
27100 20612 20603 20611
27101 15410 15419 15411
27102 20612 20621 20620
27103 7041 7032 7040
27104 20629 20620 20628
27105 15445 15442 15441
27106 20652 20800 20653
27107 20794 20785 20793
27108 15417 15418 15409
27109 15445 15441 15444
27110 20176 20167 20168
27111 19500 19147 19499
27112 5559 5568 5560
27113 20648 20644 20647
27114 5513 5522 5514
27115 20787 20796 20788
27116 6015 6024 6023
27117 6663 6654 6662
27118 20226 20230 20227
27119 15441 15442 15438
27120 20219 20572 20571
27121 15438 15442 15439
27122 15597 15580 15600
27123 17171 17162 17163
27124 20799 20802 20800
27125 20800 20802 20803
27126 15563 15554 15562
27127 20634 20574 20631
27128 15597 15600 15598
27129 20786 20795 20787
27130 19264 19273 19265
27131 9245 9254 9246
27132 20085 20076 20077
27133 15435 15439 15436
27134 20789 20780 20781
27135 20789 20780 20788
27136 15587 15578 15586
27137 15586 15577 15585
27138 15586 15578 15577
27139 15573 15582 15574
27140 8735 8744 8743
27141 19900 19891 19899
27142 19827 19831 19828
27143 20631 20635 20632
27144 20639 20635 20638
27145 16927 16936 16928
27146 20246 20242 20245
27147 20229 20233 20230
27148 15028 15027 15031
27149 15040 15037 15036
27150 15040 15036 15039
27151 20240 20236 20239
27152 18896 18887 18895
27153 15030 15034 15031
27154 15030 15033 15034
27155 17398 17407 17406
27156 14632 14631 14635
27157 14631 14634 14635
27158 14628 14631 14632
27159 14626 14625 14629
27160 14616 14619 14620
27161 14617 14616 14620
27162 20759 20768 20760
27163 15551 15560 15552
27164 15540 15557 15532
27165 20492 20501 20493
27166 15532 15557 15549
27167 18970 18961 18962
27168 15351 15350 15359
27169 15549 15558 15550
27170 15557 15558 15549
27171 20762 20771 20763
27172 20751 20502 20734
27173 16451 16460 16459
27174 20769 20760 20768
27175 7936 7945 7937
27176 15552 15561 15553
27177 15550 15559 15551
27178 20737 20746 20738
27179 15552 15553 15360
27180 15551 15552 15359
27181 20731 20498 20730
27182 15526 15535 15527
27183 15275 15274 15283
27184 14884 14949 14941
27185 20476 20485 20477
27186 15526 15525 15534
27187 15530 15539 15531
27188 15530 15538 15539
27189 20483 20492 20484
27190 20500 20733 20501
27191 15274 15266 15265
27192 20731 20740 20732
27193 15272 15280 15281
27194 15274 15265 15273
27195 15295 15294 15527
27196 7504 7495 7503
27197 17562 17571 17570
27198 15256 15265 15257
27199 18725 18716 18717
27200 15258 15267 15259
27201 7717 7726 7725
27202 15281 15280 15289
27203 20412 20421 20413
27204 9409 9418 9410
27205 5813 5822 5814
27206 20535 20544 20536
27207 7093 7084 7092
27208 15275 15266 15274
27209 15276 15341 15333
27210 15325 15333 15334
27211 7837 7828 7836
27212 15262 15261 15270
27213 15768 15777 15776
27214 15294 15293 15526
27215 15272 15263 15271
27216 20466 20475 20467
27217 15201 15202 15193
27218 15264 15263 15272
27219 15261 15269 15270
27220 17704 17695 17696
27221 17888 17879 17880
27222 6705 6714 6713
27223 15279 15287 15288
27224 15271 15262 15270
27225 15263 15262 15271
27226 16802 16811 16810
27227 8070 8061 8069
27228 15278 15277 15286
27229 20127 20136 20135
27230 15279 15270 15278
27231 20158 20149 20157
27232 8815 8824 8816
27233 15295 15286 15294
27234 15286 15277 15285
27235 15278 15270 15269
27236 20763 20754 20762
27237 20491 20482 20490
27238 20264 20273 20272
27239 20428 20419 20427
27240 8298 8307 8299
27241 20499 20732 20500
27242 7286 7295 7287
27243 15329 15337 15338
27244 15296 15287 15295
27245 20739 20730 20738
27246 15288 15287 15296
27247 15295 15528 15296
27248 15293 15525 15526
27249 15297 15288 15296
27250 15289 15288 15297
27251 20490 20499 20491
27252 6125 6116 6117
27253 9115 9106 9107
27254 15528 15529 15296
27255 18284 18275 18283
27256 15549 15550 15357
27257 10323 9970 10322
27258 6452 6099 6451
27259 15299 15290 15298
27260 5975 6328 5976
27261 15291 15290 15299
27262 18340 10184 18339
27263 20756 20563 20755
27264 16208 16199 16200
27265 20733 20742 20734
27266 15298 15531 15299
27267 15530 15531 15298
27268 6842 6833 6834
27269 9644 9997 9996
27270 15300 15549 15357
27271 15842 15833 15834
27272 9560 9913 9561
27273 19330 19339 19338
27274 7270 6917 7269
27275 20757 20564 20756
27276 17753 17762 17761
27277 15358 15350 15349
27278 15349 15357 15358
27279 15349 15341 15284
27280 18622 18687 18630
27281 20765 20756 20764
27282 5566 5919 5918
27283 15353 15362 15354
27284 15345 15354 15346
27285 15551 15358 15550
27286 6385 6738 6386
27287 20552 20543 20544
27288 15359 15358 15551
27289 15337 15336 15345
27290 15335 15343 15344
27291 15342 15343 15334
27292 15359 15360 15351
27293 18360 18369 18368
27294 7063 7054 7062
27295 9960 9969 9968
27296 20560 20753 20561
27297 15338 15330 15329
27298 15276 15268 15267
27299 20553 20562 20554
27300 8734 8725 8733
27301 20559 20494 20502
27302 7470 7461 7469
27303 15342 15350 15351
27304 15354 15345 15353
27305 15330 15321 15329
27306 16841 16886 16844
27307 16147 16138 16139
27308 7844 8022 7845
27309 6691 6626 6683
27310 20545 20554 20546
27311 20565 20556 20564
27312 20509 20156 20157
27313 15351 15343 15342
27314 5282 5571 5514
27315 15333 15268 15276
27316 14891 15243 15244
27317 15335 15334 15343
27318 8369 8378 8370
27319 5966 5957 5958
27320 5573 5582 5574
27321 20563 20554 20562
27322 15326 15334 15335
27323 20544 20553 20545
27324 6029 6020 6021
27325 15328 15336 15337
27326 20155 20146 20154
27327 15342 15334 15333
27328 8389 8398 8390
27329 6689 6680 6688
27330 15284 15292 15349
27331 9738 9729 9730
27332 9391 9382 9390
27333 20504 20513 20505
27334 20546 20555 20554
27335 15333 15341 15342
27336 20478 20543 20535
27337 15284 15341 15276
27338 15267 15275 15276
27339 15275 15284 15276
27340 20477 20486 20478
27341 15275 15283 15284
27342 15244 15243 15252
27343 18568 18577 18576
27344 15310 15318 15319
27345 15328 15319 15327
27346 20272 20263 20264
27347 6166 6519 6518
27348 15243 15251 15252
27349 20454 20519 20511
27350 15317 15318 15309
27351 20530 20539 20531
27352 18495 18430 18438
27353 20459 20468 20460
27354 15259 15267 15268
27355 15259 15268 15260
27356 7765 7756 7757
27357 14852 14844 14843
27358 15244 15309 15301
27359 15252 15309 15244
27360 14892 14949 14884
27361 15313 15322 15314
27362 20540 20531 20539
27363 5724 5715 5723
27364 16909 16900 16901
27365 15985 15994 15993
27366 15319 15318 15327
27367 14951 14950 15303
27368 20523 20514 20522
27369 20538 20529 20537
27370 19120 19129 19128
27371 5671 5662 5670
27372 8601 8610 8609
27373 15320 15321 15312
27374 15305 15314 15306
27375 20508 20517 20509
27376 14952 14943 14951
27377 15306 14953 15305
27378 20629 20620 20621
27379 19548 19557 19549
27380 20529 20520 20528
27381 15328 15320 15319
27382 15326 15327 15318
27383 15304 15313 15305
27384 15313 15314 15305
27385 14951 15304 14952
27386 14945 14936 14944
27387 20647 20643 20644
27388 20521 20512 20520
27389 15303 15302 15311
27390 9073 9082 9081
27391 15302 15310 15311
27392 15311 15312 15303
27393 15312 15313 15304
27394 14903 14895 14894
27395 15305 14953 14952
27396 15304 15305 14952
27397 20507 20516 20508
27398 16179 16188 16187
27399 20138 20147 20139
27400 17105 17458 17457
27401 7699 7634 7642
27402 15684 15693 15685
27403 16928 16919 16920
27404 14950 15302 15303
27405 14865 14857 14856
27406 14951 14943 14942
27407 20157 20148 20156
27408 7394 7385 7393
27409 20153 20506 20154
27410 17258 17318 17261
27411 14942 14950 14951
27412 8042 8051 8043
27413 14946 14937 14945
27414 18012 18003 18004
27415 14892 14891 15244
27416 20139 20148 20140
27417 20458 20467 20459
27418 14943 14935 14934
27419 19362 19371 19363
27420 9739 9804 9796
27421 14943 14934 14942
27422 14944 14936 14935
27423 14944 14935 14943
27424 5396 5405 5397
27425 16292 16645 16644
27426 20503 20094 20446
27427 14892 14883 14891
27428 14884 14883 14892
27429 7128 7137 7129
27430 20470 20461 20469
27431 20136 20145 20137
27432 10149 10158 10150
27433 20151 20504 20152
27434 10126 9773 9774
27435 6325 6334 6333
27436 6337 6328 6336
27437 14942 14941 14950
27438 20387 20378 20379
27439 14933 14941 14942
27440 8960 9313 8961
27441 9692 9627 9635
27442 20497 20730 20498
27443 14949 14950 14941
27444 20043 20034 20042
27445 20059 20050 20058
27446 18267 18258 18259
27447 19594 19603 19602
27448 9542 9551 9543
27449 14934 14933 14942
27450 14875 14883 14884
27451 14881 14880 14889
27452 14851 14843 14842
27453 16785 16776 16777
27454 14876 14875 14884
27455 14874 14875 14866
27456 20085 20076 20084
27457 14872 14880 14881
27458 14891 14883 14882
27459 16711 16720 16719
27460 14882 14883 14874
27461 19665 19656 19657
27462 20075 20084 20076
27463 14834 14481 14833
27464 14864 14865 14856
27465 20465 20474 20466
27466 20058 20067 20059
27467 14859 14867 14868
27468 14881 14889 14890
27469 14881 14873 14872
27470 17389 17798 17741
27471 9981 9985 9982
27472 20083 20092 20084
27473 14890 14882 14881
27474 20452 20443 20451
27475 17224 17233 17232
27476 20536 20527 20528
27477 15242 14889 15241
27478 14889 15242 14890
27479 20091 20444 20092
27480 5837 5828 5836
27481 20093 20084 20092
27482 8795 8786 8794
27483 20446 20511 20454
27484 6616 6625 6617
27485 15266 15257 15265
27486 15257 15266 15258
27487 15248 15247 15256
27488 20462 20453 20461
27489 15259 15250 15258
27490 20446 20093 20094
27491 17946 17937 17938
27492 15258 15266 15267
27493 15251 15250 15259
27494 17583 17230 17231
27495 7419 7428 7427
27496 7722 7713 7721
27497 15241 15240 15249
27498 6040 6393 6392
27499 15258 15249 15257
27500 20451 20460 20452
27501 15250 15249 15258
27502 15251 15242 15250
27503 15251 15243 15242
27504 20444 20453 20445
27505 20777 20786 20785
27506 7809 7818 7810
27507 7809 7810 2607
27508 15256 15247 15255
27509 15246 15237 15245
27510 15179 14826 15178
27511 15203 15195 15194
27512 20430 20495 20487
27513 20471 20480 20472
27514 6985 7338 7337
27515 15179 15188 15180
27516 9170 9166 9167
27517 20459 20450 20458
27518 15239 15247 15248
27519 20465 20456 20464
27520 19609 19618 19617
27521 15202 15194 15193
27522 14886 14885 15238
27523 17807 17798 17806
27524 20442 20089 20441
27525 8808 8817 8809
27526 19268 19277 19269
27527 14880 14872 14871
27528 14878 14869 14877
27529 14827 14819 14818
27530 7375 7384 7383
27531 14887 14886 15239
27532 7451 7406 7443
27533 20056 20047 20055
27534 7542 15698 15697
27535 5670 5679 5678
27536 14879 14870 14878
27537 20459 20450 20451
27538 15238 15239 14886
27539 20326 20391 20383
27540 14830 14478 14477
27541 14871 14862 14870
27542 20066 20057 20065
27543 20033 19680 20032
27544 14846 14845 14854
27545 14853 14862 14854
27546 14863 14871 14872
27547 7201 7192 7200
27548 14479 14831 14832
27549 14845 14853 14854
27550 14854 14862 14863
27551 19563 19572 19571
27552 20073 20064 20072
27553 17797 17788 17789
27554 10365 10356 10364
27555 14917 14860 14925
27556 14410 14419 14411
27557 14855 14846 14854
27558 14847 14846 14855
27559 20103 20038 20046
27560 20042 20051 20043
27561 20076 20067 20075
27562 20051 20060 20052
27563 19681 20034 19682
27564 14838 14837 14846
27565 7507 7442 7450
27566 14483 14475 14474
27567 20061 20052 20060
27568 9738 9729 9737
27569 1794 6999 1797
27570 20068 20059 20067
27571 14909 14910 14901
27572 14840 14839 14848
27573 18561 18570 18569
27574 9585 9555 9582
27575 14767 14776 14768
27576 14837 14845 14846
27577 17065 17074 17073
27578 14858 14867 14859
27579 9077 9068 9069
27580 20074 20083 20075
27581 14847 14856 14848
27582 14856 14847 14855
27583 14848 14857 14849
27584 18269 18622 18621
27585 20068 20077 20069
27586 14780 14845 14837
27587 20059 20050 20051
27588 5842 5907 5899
27589 8455 8464 8456
27590 14866 14865 14874
27591 9571 9575 9572
27592 14865 14873 14874
27593 14857 14866 14858
27594 14865 14866 14857
27595 19617 19608 19609
27596 14933 14925 14868
27597 14909 14901 14844
27598 14901 14910 14902
27599 8679 9032 9031
27600 14842 14850 14851
27601 6301 6292 6293
27602 5564 5917 5916
27603 14858 14866 14867
27604 18562 18571 18563
27605 14849 14858 14850
27606 14841 14842 14833
27607 6802 6867 6810
27608 14868 14925 14860
27609 14848 14849 14840
27610 14857 14858 14849
27611 14841 14850 14842
27612 14849 14850 14841
27613 20042 20033 20041
27614 18471 18406 18463
27615 20135 20144 20143
27616 9800 9791 9799
27617 14481 14473 14472
27618 6054 6045 6046
27619 6193 6581 6580
27620 19683 20036 19684
27621 20036 20045 20037
27622 6753 6762 6754
27623 14481 14472 14480
27624 14479 14832 14480
27625 14830 14831 14478
27626 14842 14834 14833
27627 14841 14832 14840
27628 14842 14843 14834
27629 14536 14527 14535
27630 14841 14833 14832
27631 14838 14829 14837
27632 6672 6319 6671
27633 14483 14474 14482
27634 14484 14475 14483
27635 14545 14898 14546
27636 14476 14467 14475
27637 18435 18426 18427
27638 20046 20111 20103
27639 8116 8051 8059
27640 20045 20054 20053
27641 7588 7579 7587
27642 20130 20139 20138
27643 14472 14471 14480
27644 14469 14477 14478
27645 14456 14455 14464
27646 14769 14768 14777
27647 8577 8586 8585
27648 19655 19664 19656
27649 19997 20006 19998
27650 14478 14831 14479
27651 18414 18479 18422
27652 14470 14478 14479
27653 14832 14831 14840
27654 14840 14831 14839
27655 5419 5369 5372
27656 14926 14927 14918
27657 20123 20114 20122
27658 20078 20143 20135
27659 8050 8059 8058
27660 18745 18754 18753
27661 14922 14913 14921
27662 14937 14929 14928
27663 14938 14929 14937
27664 9746 9737 9738
27665 14921 14929 14930
27666 14913 14914 14905
27667 14920 14929 14921
27668 20054 20119 20111
27669 14920 14919 14928
27670 7660 7651 7659
27671 20539 20548 20547
27672 6369 6378 6370
27673 8054 8063 8055
27674 20146 20137 20145
27675 16253 16244 16245
27676 19668 19659 19660
27677 14860 14852 14851
27678 14918 14909 14917
27679 14935 14926 14934
27680 14909 14852 14917
27681 14927 14919 14918
27682 7469 7460 7461
27683 14909 14844 14852
27684 19735 19744 19736
27685 14928 14927 14936
27686 20054 20119 20062
27687 14936 14927 14935
27688 16567 16558 16559
27689 14911 14903 14902
27690 14911 14902 14910
27691 8703 8712 8711
27692 14920 14912 14911
27693 14919 14920 14911
27694 14912 14904 14903
27695 14911 14912 14903
27696 20137 20128 20136
27697 16216 16225 16224
27698 20128 20119 20127
27699 19738 19747 19746
27700 14910 14909 14918
27701 19675 19666 19667
27702 20062 20053 20061
27703 17777 17768 17769
27704 7409 7459 7451
27705 14875 14876 14867
27706 7656 7647 7648
27707 20127 20136 20128
27708 15546 20749 15547
27709 15546 15538 15547
27710 16413 16404 16405
27711 14537 14536 14545
27712 14876 14933 14868
27713 20120 20111 20119
27714 20149 20140 20141
27715 14851 14852 14843
27716 14836 14844 14901
27717 19739 19730 19731
27718 19744 20097 19745
27719 19743 19678 19686
27720 14894 14542 14541
27721 14835 14844 14836
27722 9735 9726 9727
27723 14917 14852 14860
27724 18114 17856 17857
27725 20734 20759 20742
27726 16509 16500 16501
27727 14836 14484 14483
27728 14533 14541 14542
27729 18844 18853 18845
27730 14536 14535 14544
27731 9909 9918 9917
27732 14835 14836 14483
27733 5288 5297 5289
27734 5288 5289 86
27735 14534 14533 14542
27736 14835 14843 14844
27737 20104 20095 20103
27738 16699 17052 17051
27739 20098 19745 20097
27740 20108 20099 20107
27741 20099 19746 19747
27742 14893 14541 14484
27743 14904 14896 14895
27744 14506 14497 14505
27745 5270 5261 5269
27746 14897 14898 14545
27747 20096 19743 19744
27748 14894 14902 14903
27749 20096 20105 20097
27750 16525 16516 16517
27751 19738 19747 19739
27752 14544 14535 14543
27753 19528 19519 19520
27754 15872 15881 15880
27755 14513 14512 14521
27756 18730 18721 18722
27757 19638 19703 19695
27758 19748 19739 19740
27759 8801 8810 8802
27760 14897 14896 14905
27761 6723 6658 6666
27762 14545 14536 14544
27763 20100 20109 20101
27764 8014 8367 8366
27765 10280 10271 10279
27766 14898 14897 14906
27767 20107 20098 20106
27768 14905 14896 14904
27769 20523 20532 20531
27770 20610 20601 20609
27771 19707 19716 19708
27772 19732 19741 19733
27773 14513 14522 14514
27774 14526 14527 14518
27775 14526 14534 14535
27776 14513 14514 14505
27777 14521 14512 14520
27778 9413 9422 9414
27779 9533 9524 9525
27780 8120 8111 8119
27781 14526 14535 14527
27782 17464 17473 17472
27783 20115 20124 20123
27784 14519 14518 14527
27785 19719 19728 19727
27786 14511 14502 14510
27787 14528 14519 14527
27788 19704 19713 19705
27789 8242 8251 8243
27790 14520 14511 14519
27791 14488 14487 14496
27792 14503 14502 14511
27793 14451 14459 14460
27794 15877 15942 15885
27795 14496 14487 14495
27796 17682 17673 17674
27797 14534 14526 14525
27798 14476 14468 14467
27799 9663 9654 9662
27800 19736 19727 19735
27801 9149 9502 9150
27802 20593 20602 20594
27803 14501 14509 14510
27804 14525 14468 14533
27805 14533 14468 14476
27806 19662 19727 19719
27807 14517 14460 14525
27808 14460 14468 14525
27809 14436 14428 14427
27810 14517 14509 14452
27811 14460 14517 14452
27812 14501 14510 14502
27813 19722 19713 19721
27814 14495 14503 14504
27815 14496 14505 14497
27816 18474 18465 18466
27817 14443 14451 14452
27818 5707 5642 5650
27819 19644 19635 19643
27820 14504 14496 14495
27821 14444 14443 14452
27822 19714 19723 19715
27823 19695 19630 19687
27824 14449 14440 14448
27825 20361 20352 20353
27826 19711 19646 19654
27827 17403 17394 17402
27828 14511 14512 14503
27829 14380 14372 14371
27830 14449 14457 14458
27831 10210 10201 10209
27832 19044 19035 19043
27833 19306 19297 19305
27834 19714 19705 19713
27835 14448 14457 14449
27836 17680 17671 17672
27837 14487 14486 14495
27838 19666 19657 19665
27839 14486 14494 14495
27840 19730 19721 19722
27841 14504 14505 14496
27842 19708 19699 19707
27843 8746 8737 8745
27844 14498 14489 14497
27845 14369 14370 14361
27846 9424 9415 9423
27847 19692 19701 19693
27848 19700 19691 19699
27849 14490 14489 14498
27850 16976 17329 16977
27851 19638 19629 19630
27852 9589 9598 9590
27853 20517 20526 20525
27854 14514 14506 14505
27855 19715 19706 19714
27856 14504 14512 14513
27857 18312 18321 18320
27858 18111 17797 17854
27859 19661 19652 19660
27860 8303 8312 8304
27861 17125 17116 17117
27862 5732 5741 5733
27863 16833 16837 16834
27864 14445 14454 14446
27865 5274 5299 5291
27866 9529 9538 9530
27867 19658 19649 19657
27868 8840 8487 8839
27869 10331 10386 10383
27870 14454 14445 14453
27871 14455 14463 14464
27872 19668 19677 19669
27873 14464 14463 14472
27874 14463 14471 14472
27875 14454 14462 14463
27876 19662 19653 19661
27877 14458 14450 14449
27878 14447 14456 14448
27879 14454 14455 14446
27880 14462 14461 14470
27881 7038 7047 7039
27882 20545 20536 20537
27883 14473 14465 14464
27884 6983 6974 6982
27885 19976 19985 19984
27886 14472 14473 14464
27887 20381 20390 20389
27888 19123 19132 19131
27889 14459 14458 14467
27890 19678 19669 19677
27891 14458 14459 14450
27892 19660 19669 19661
27893 20276 20267 20268
27894 14447 14448 14439
27895 19667 19676 19668
27896 6793 6784 6785
27897 9039 9048 9040
27898 16583 16592 16591
27899 14465 14457 14456
27900 16677 16668 16669
27901 14464 14465 14456
27902 20393 20402 20401
27903 9153 9506 9154
27904 14425 14434 14426
27905 14466 14457 14465
27906 14466 14458 14457
27907 14425 14433 14434
27908 19627 19636 19628
27909 19724 19715 19716
27910 19643 19652 19644
27911 19636 19645 19637
27912 17262 17271 17270
27913 10097 10106 10105
27914 14442 14433 14441
27915 14442 14434 14433
27916 14441 14440 14449
27917 14439 14448 14440
27918 19644 19653 19645
27919 14442 14450 14451
27920 14443 14442 14451
27921 19637 19628 19636
27922 14427 14426 14435
27923 14426 14434 14435
27924 14432 14423 14431
27925 18472 18463 18464
27926 12877 18080 12878
27927 12877 12869 12878
27928 14364 14372 14429
27929 19650 19641 19649
27930 19166 19157 19158
27931 14424 14423 14432
27932 19642 19633 19641
27933 14431 14430 14439
27934 19675 19684 19683
27935 14438 14437 14446
27936 14446 14437 14445
27937 14378 14387 14379
27938 18969 18978 18977
27939 14379 14380 14371
27940 19671 19606 19614
27941 14416 14768 14769
27942 19587 19578 19586
27943 16237 16302 16245
27944 14430 14421 14429
27945 14430 14422 14421
27946 15734 15743 15742
27947 14430 14438 14439
27948 19349 18996 19348
27949 13988 14053 14045
27950 16477 16542 16485
27951 14387 14378 14386
27952 19400 19391 19392
27953 14393 14401 14402
27954 14363 14010 14362
27955 7541 7532 7540
27956 6129 6138 6137
27957 18405 10249 18404
27958 14004 14069 14061
27959 19647 19656 19648
27960 18618 18627 18626
27961 14445 14437 14380
27962 14388 14380 14379
27963 7557 7566 7558
27964 14394 14386 14385
27965 14403 14404 14395
27966 7639 7648 7647
27967 7139 6730 7082
27968 14372 14437 14429
27969 18753 18744 18745
27970 14372 14380 14437
27971 7933 7942 7934
27972 17401 17410 17409
27973 8084 7850 8027
27974 14369 14360 14368
27975 19648 19657 19656
27976 14377 14378 14369
27977 14368 14359 14367
27978 6028 6037 6029
27979 14361 14360 14369
27980 14400 14409 14401
27981 6825 6834 6826
27982 19580 19571 19579
27983 14391 14399 14400
27984 14413 14414 14405
27985 9719 9728 9720
27986 13987 13986 13995
27987 19579 19588 19580
27988 14376 14375 14384
27989 5446 5253 5445
27990 19610 19601 19609
27991 14365 14374 14366
27992 19595 19604 19596
27993 19580 19589 19588
27994 14377 14369 14368
27995 19570 19579 19571
27996 14368 14376 14377
27997 6021 6030 6022
27998 19980 19971 19972
27999 14771 14780 14772
28000 18265 18618 18617
28001 14338 14329 14337
28002 19603 19612 19604
28003 14410 14411 14402
28004 5909 6262 5910
28005 19967 19976 19968
28006 14393 14385 14384
28007 10227 10292 10284
28008 14384 14392 14393
28009 7910 7919 7911
28010 14787 14788 14779
28011 14408 14409 14400
28012 14401 14409 14410
28013 19592 19583 19591
28014 7349 7340 7348
28015 6641 6632 6633
28016 14393 14392 14401
28017 19982 20047 20039
28018 18585 18576 18577
28019 19047 19056 19055
28020 14769 14417 14416
28021 16110 16119 16118
28022 18068 18077 18069
28023 19602 19593 19601
28024 14399 14407 14408
28025 14399 14408 14400
28026 14323 14332 14324
28027 19550 19615 19607
28028 14401 14410 14402
28029 7307 7316 7308
28030 14403 14411 14412
28031 17857 18115 18114
28032 15634 7478 7479
28033 19604 19613 19605
28034 14404 14403 14412
28035 14387 14395 14396
28036 14388 14387 14396
28037 14386 14395 14387
28038 19663 19598 19655
28039 14394 14395 14386
28040 14307 14316 14308
28041 15497 20700 15498
28042 15497 15489 15498
28043 17975 17966 17967
28044 14356 14355 14708
28045 19534 19525 19526
28046 9250 9259 9251
28047 14366 14358 14357
28048 20113 20122 20121
28049 14398 14390 14389
28050 14308 14299 14307
28051 14308 14300 14299
28052 14730 14731 14722
28053 16013 16004 16005
28054 14414 14767 14415
28055 19594 19585 19593
28056 19576 19585 19577
28057 20244 20632 20245
28058 20761 20752 20760
28059 14339 14347 14348
28060 14324 14315 14323
28061 19549 19540 19548
28062 8653 8644 8645
28063 13998 13999 13990
28064 14366 14357 14365
28065 17016 17007 17008
28066 14324 14316 14315
28067 8620 8629 8621
28068 14359 14007 14006
28069 17146 17155 17154
28070 19141 19150 19142
28071 9793 9802 9801
28072 14367 14358 14366
28073 14354 14346 14345
28074 19917 19908 19916
28075 19577 19568 19576
28076 19043 19034 19042
28077 14301 14310 14302
28078 14305 14313 14314
28079 9878 9869 9877
28080 14306 14305 14314
28081 14398 14406 14407
28082 14304 14296 14295
28083 19516 19525 19517
28084 14322 14313 14321
28085 7773 7782 7774
28086 9548 9483 9491
28087 14267 14259 14258
28088 19616 19607 19608
28089 8086 8095 8087
28090 14355 14346 14354
28091 14314 14313 14322
28092 8716 8725 8724
28093 14367 14366 14375
28094 16681 16672 16673
28095 14382 14373 14381
28096 19601 19592 19600
28097 8998 8989 8997
28098 14397 14406 14398
28099 14382 14390 14391
28100 18645 18654 18646
28101 14407 14399 14398
28102 19600 19609 19601
28103 17193 17202 17201
28104 14338 14337 14346
28105 14789 14797 14798
28106 15115 14763 14762
28107 7556 7547 7548
28108 19995 20004 20003
28109 14398 14399 14390
28110 14340 14397 14332
28111 6033 6024 6032
28112 14333 14276 14341
28113 14397 14389 14332
28114 19593 19584 19592
28115 14348 14405 14340
28116 19599 19608 19600
28117 14330 14321 14329
28118 14352 14353 14344
28119 14330 14338 14339
28120 14340 14405 14397
28121 19555 19908 19907
28122 14706 14714 14715
28123 9202 9193 9194
28124 14340 14331 14339
28125 14332 14331 14340
28126 14339 14331 14330
28127 9497 9850 9849
28128 18903 18838 18846
28129 14347 14338 14346
28130 14715 14707 14706
28131 19996 20005 20004
28132 14322 14321 14330
28133 14345 14346 14337
28134 14338 14347 14339
28135 19913 19922 19921
28136 14345 14353 14354
28137 9535 9544 9536
28138 14346 14355 14347
28139 14283 14282 14291
28140 14330 14329 14338
28141 14411 14419 14420
28142 19546 19555 19547
28143 9543 9552 9544
28144 19878 19869 19870
28145 19862 19853 19861
28146 17242 17238 17239
28147 14353 14705 14706
28148 14703 14711 14712
28149 19968 19977 19969
28150 14708 14355 14707
28151 8270 8261 8262
28152 8090 8099 8091
28153 14347 14356 14348
28154 7070 7423 7422
28155 10296 10287 10295
28156 19964 20317 19965
28157 9553 9562 9554
28158 14714 14705 14713
28159 14353 14345 14344
28160 19558 19549 19557
28161 14706 14705 14714
28162 10331 10322 10323
28163 19556 19909 19557
28164 19918 19983 19975
28165 14814 14822 14823
28166 17191 17200 17199
28167 8462 8453 8461
28168 20576 20567 20568
28169 17332 17341 17340
28170 19617 19608 19616
28171 5280 5271 5279
28172 14407 14406 14415
28173 14415 14406 14414
28174 14782 14783 14774
28175 19981 19972 19973
28176 14708 14773 14765
28177 14708 14716 14773
28178 14765 14774 14766
28179 14413 14356 14765
28180 19563 19572 19564
28181 20035 19682 19683
28182 7819 5346 7811
28183 14407 14415 14416
28184 14769 14770 14417
28185 14408 14407 14416
28186 14356 14708 14765
28187 19967 19558 19910
28188 7176 7185 7177
28189 14806 14798 14797
28190 14789 14781 14724
28191 20009 20000 20008
28192 18940 18587 18588
28193 14684 14741 14676
28194 14790 14789 14798
28195 19984 19993 19992
28196 14716 14781 14773
28197 14781 14782 14773
28198 14732 14789 14724
28199 14773 14782 14774
28200 14781 14789 14790
28201 14715 14723 14724
28202 14782 14781 14790
28203 7140 7149 7141
28204 9914 9561 9913
28205 14743 14735 14734
28206 9315 8962 9314
28207 14805 14797 14740
28208 14806 14814 14815
28209 20317 20326 20318
28210 14722 14723 14714
28211 14714 14723 14715
28212 7653 7644 7652
28213 7995 7986 7987
28214 7185 7194 7193
28215 19991 20000 19992
28216 19846 19493 19494
28217 10269 10260 10268
28218 14731 14739 14740
28219 14724 14716 14715
28220 9091 9500 9148
28221 14746 14737 14745
28222 19868 19877 19869
28223 16538 16547 16546
28224 14751 14742 14750
28225 19934 19925 19933
28226 14752 14744 14743
28227 14748 14739 14747
28228 14731 14723 14722
28229 14740 14732 14731
28230 9151 9504 9503
28231 6724 7077 6725
28232 8127 8118 8126
28233 20384 20393 20385
28234 14740 14739 14748
28235 14747 14739 14738
28236 6882 6873 6874
28237 19950 19941 19949
28238 16936 16945 16944
28239 14722 14721 14730
28240 14780 14837 14772
28241 20254 20319 20311
28242 19924 19933 19925
28243 6204 6195 6203
28244 20031 20040 20032
28245 14251 14252 14243
28246 9545 9554 9553
28247 14736 14735 14744
28248 14772 14829 14420
28249 14714 14713 14722
28250 18108 12905 18107
28251 14721 14729 14730
28252 19619 19610 19611
28253 14738 14729 14737
28254 19894 19885 19893
28255 19923 19932 19924
28256 20499 20732 20731
28257 14704 14703 14712
28258 14730 14729 14738
28259 18177 12974 18176
28260 17365 17430 17373
28261 14722 14713 14721
28262 19155 19164 19163
28263 7412 7408 7411
28264 14410 14418 14419
28265 14420 14477 14412
28266 7687 7696 7695
28267 19674 19665 19666
28268 14419 14772 14420
28269 14771 14419 14418
28270 19611 19620 19612
28271 7509 7518 7510
28272 14412 14477 14469
28273 19679 19614 19622
28274 19622 20031 19974
28275 14795 14796 14787
28276 19619 19972 19620
28277 14811 14802 14810
28278 19974 20039 19982
28279 19786 19795 19787
28280 14409 14417 14418
28281 16545 16536 16537
28282 14409 14418 14410
28283 14767 14768 14415
28284 20213 20204 20212
28285 16444 16440 16441
28286 14767 14775 14776
28287 20003 20012 20004
28288 14768 14416 14415
28289 14779 14788 14780
28290 14769 14777 14778
28291 17321 17312 17313
28292 8476 8411 8419
28293 20028 20019 20027
28294 14885 14877 14820
28295 17869 17934 17877
28296 14791 14792 14783
28297 14801 14809 14810
28298 19988 19979 19987
28299 14793 14794 14785
28300 14785 14786 14777
28301 8519 8528 8520
28302 7637 7646 7645
28303 14794 14786 14785
28304 19989 19980 19988
28305 14784 14793 14785
28306 14784 14792 14793
28307 14775 14783 14784
28308 7254 7245 7253
28309 19994 20003 19995
28310 14775 14784 14776
28311 19977 19986 19978
28312 14811 14803 14802
28313 14801 14802 14793
28314 14803 14794 14802
28315 14802 14801 14810
28316 19614 19605 19606
28317 17365 17356 17357
28318 17203 17212 17211
28319 17911 17920 17919
28320 14808 14800 14799
28321 20001 20010 20002
28322 15176 14823 15175
28323 20386 20377 20385
28324 14807 14808 14799
28325 7286 7277 7285
28326 8699 8690 8691
28327 17952 17961 17960
28328 9772 10125 9773
28329 14800 14809 14801
28330 5318 5309 5317
28331 14808 14809 14800
28332 20010 20019 20011
28333 20018 20027 20019
28334 5466 5531 5474
28335 14794 14803 14795
28336 15570 20773 15571
28337 15570 15562 15571
28338 10337 10328 10336
28339 14869 14804 14812
28340 14853 14845 14788
28341 20055 20064 20056
28342 19584 19575 19576
28343 15186 15195 15187
28344 7208 7217 7216
28345 18674 18665 18666
28346 14788 14796 14853
28347 14804 14796 14795
28348 20014 20005 20013
28349 19989 19998 19990
28350 6137 6128 6129
28351 15635 7479 7480
28352 9319 9310 9318
28353 17190 17125 17182
28354 14803 14804 14795
28355 18145 18136 18137
28356 14861 14804 14869
28357 20447 20456 20448
28358 15900 15891 15892
28359 14827 14818 14826
28360 14812 14820 14877
28361 16095 16086 16087
28362 14828 14819 14827
28363 8839 8486 8487
28364 5617 5608 5616
28365 7681 7328 7680
28366 20087 20022 20030
28367 14825 14824 15177
28368 20029 20382 20030
28369 15187 15188 15179
28370 15179 15178 15187
28371 20088 20079 20087
28372 15180 14827 15179
28373 20071 20080 20072
28374 14827 15180 14828
28375 6387 5978 6330
28376 14825 15178 14826
28377 15194 15195 15186
28378 5482 5473 5474
28379 20406 20397 20405
28380 8073 8082 8074
28381 15227 15228 15219
28382 20413 20422 20414
28383 20381 20390 20382
28384 15188 15245 15180
28385 15195 15204 15196
28386 15177 15186 15178
28387 20071 20006 20063
28388 15245 15237 15180
28389 15176 15175 15184
28390 15186 15187 15178
28391 15193 15194 15185
28392 19439 19448 19447
28393 15709 15700 15701
28394 20397 20388 20389
28395 19508 19517 19516
28396 9783 9430 9431
28397 15204 15212 15269
28398 15203 15204 15195
28399 14747 14755 14756
28400 18473 18482 18474
28401 15211 15212 15203
28402 10278 10287 10279
28403 15184 15185 15176
28404 16797 19055 16805
28405 20350 20415 20407
28406 15184 15193 15185
28407 5987 5922 5930
28408 14824 15176 15177
28409 9724 9659 9667
28410 20185 20176 20177
28411 14825 14826 14817
28412 7757 7748 7749
28413 15197 15140 15205
28414 18021 18012 18020
28415 15185 15186 15177
28416 14824 14825 14816
28417 18667 18676 18675
28418 15176 14824 14823
28419 20387 20378 20386
28420 20411 20402 20410
28421 7430 7439 7438
28422 8722 8713 8714
28423 15191 15199 15200
28424 20399 20408 20400
28425 15191 15200 15192
28426 15192 15193 15184
28427 20386 20395 20387
28428 18830 18895 18887
28429 19948 19957 19949
28430 20389 20380 20388
28431 20027 20380 20028
28432 6887 6896 6888
28433 14816 14817 14808
28434 14807 14815 14816
28435 20385 20394 20386
28436 20333 20324 20332
28437 14813 14821 14822
28438 14815 14824 14816
28439 14815 14823 14824
28440 14764 14755 14763
28441 20016 20025 20017
28442 18500 18509 18508
28443 14817 14826 14818
28444 20012 20021 20013
28445 14818 14809 14817
28446 14810 14809 14818
28447 6070 6061 6069
28448 9479 9488 9487
28449 14817 14809 14808
28450 17685 17750 17742
28451 20632 20636 20635
28452 19458 19449 19457
28453 14816 14808 14807
28454 5923 5932 5931
28455 17102 17037 17094
28456 7480 15636 15635
28457 16152 16161 16160
28458 14823 14815 14814
28459 8116 8051 8108
28460 20024 20015 20023
28461 14764 14821 14756
28462 20008 20017 20009
28463 14813 14756 14821
28464 14821 15173 15174
28465 14822 14821 15174
28466 18895 18904 18903
28467 20023 20376 20024
28468 14764 15116 15173
28469 8299 8290 8298
28470 19949 19958 19950
28471 15173 14821 14764
28472 19944 19953 19952
28473 8550 8541 8549
28474 14756 14748 14747
28475 17299 17290 17291
28476 20407 20342 20350
28477 15115 14762 15114
28478 7758 7749 7757
28479 9165 9169 9166
28480 6913 6904 6912
28481 14763 15115 15116
28482 15130 15121 15129
28483 14753 14762 14754
28484 14761 14762 14753
28485 19947 19938 19939
28486 15190 15181 15189
28487 19965 19956 19964
28488 14754 14762 14763
28489 14754 14763 14755
28490 15206 15197 15205
28491 16795 16804 16796
28492 6261 6270 6269
28493 20708 20717 20709
28494 15123 15115 15114
28495 19839 19848 19847
28496 8755 8759 8756
28497 5896 5905 5897
28498 20393 20402 20394
28499 6471 6462 6470
28500 15123 15114 15122
28501 15124 15123 15132
28502 20340 20349 20341
28503 20478 20469 20477
28504 20341 20332 20340
28505 15130 15122 15121
28506 15132 15123 15131
28507 15124 15181 15116
28508 15182 15181 15190
28509 15139 15131 15130
28510 15139 15130 15138
28511 20357 20366 20358
28512 18040 18031 18032
28513 15148 15139 15147
28514 15155 15154 15163
28515 20550 20615 20558
28516 15174 15182 15183
28517 15173 15181 15182
28518 20424 20415 20423
28519 15116 15181 15173
28520 15174 15173 15182
28521 20375 20384 20376
28522 18734 18725 18726
28523 17032 17041 17040
28524 7011 6602 6989
28525 20708 20435 20707
28526 15236 15293 15228
28527 15183 15175 15174
28528 20399 20334 20342
28529 15140 15197 15132
28530 15197 15189 15132
28531 6822 6813 6821
28532 7816 7825 7824
28533 20383 20318 20326
28534 15154 15162 15163
28535 15190 15199 15191
28536 20401 20392 20400
28537 15198 15199 15190
28538 18438 18429 18430
28539 19930 19939 19931
28540 20711 20686 20703
28541 15155 15156 15147
28542 20411 20420 20412
28543 7623 7614 7622
28544 20099 19746 20098
28545 15222 15223 15214
28546 9072 9081 9080
28547 15214 15223 15215
28548 15206 15207 15198
28549 9817 9808 9809
28550 15501 15229 15172
28551 15169 15481 15482
28552 20409 20400 20408
28553 8555 8546 8547
28554 15213 15222 15214
28555 19358 19349 19350
28556 20051 20060 20059
28557 15163 15162 15171
28558 5661 5652 5653
28559 20301 20292 20293
28560 8467 8458 8466
28561 15170 15169 15482
28562 15156 15164 15221
28563 15213 15156 15221
28564 15137 15145 15146
28565 15162 15161 15170
28566 15146 15145 15154
28567 15147 15146 15155
28568 15459 15468 15460
28569 20358 20349 20357
28570 15164 15156 15155
28571 5614 5605 5613
28572 20373 20364 20372
28573 6471 6462 6463
28574 18363 18372 18364
28575 20689 20680 20688
28576 15225 15234 15226
28577 7637 7628 7636
28578 15171 15162 15170
28579 20668 20659 20660
28580 15141 15149 15150
28581 20365 20356 20364
28582 15484 15171 15483
28583 16630 16565 16622
28584 15068 15067 15076
28585 17953 17962 17961
28586 20337 20346 20338
28587 12972 12989 12997
28588 15077 15078 15069
28589 15510 15501 15509
28590 19031 16773 16781
28591 20373 20686 20685
28592 15499 20702 20701
28593 8271 8624 8623
28594 15510 15519 15511
28595 20712 20703 20711
28596 15478 15487 15479
28597 19083 19436 19435
28598 15170 15482 15483
28599 17760 17769 17768
28600 20711 20720 20712
28601 15483 15171 15170
28602 17475 17484 17483
28603 7335 7344 7336
28604 20432 20705 20433
28605 10110 10119 10118
28606 15224 15223 15232
28607 20723 20714 20722
28608 15502 15230 15229
28609 8657 8648 8656
28610 19257 19248 19256
28611 15541 15533 15516
28612 6539 6474 6531
28613 20424 20433 20425
28614 15231 15222 15230
28615 15223 15222 15231
28616 20719 15500 15517
28617 15500 15517 15492
28618 20728 20495 20727
28619 15230 15503 15231
28620 15230 15502 15503
28621 15208 15217 15209
28622 15541 20744 15542
28623 15541 15533 15542
28624 15293 15285 15228
28625 15225 15233 15234
28626 15226 15234 15235
28627 6620 6629 6621
28628 16131 16122 16123
28629 19435 19444 19443
28630 18447 18456 18455
28631 18615 18624 18623
28632 15507 15234 15506
28633 19043 19034 19035
28634 20735 20710 20718
28635 20710 20437 20709
28636 7130 7121 7122
28637 15507 15508 15235
28638 19133 19124 19125
28639 20438 20727 20495
28640 15236 15235 15508
28641 20109 20118 20110
28642 5514 5579 5522
28643 20463 20472 20464
28644 20387 20396 20395
28645 20406 20471 20463
28646 15208 15207 15216
28647 20438 20429 20437
28648 15210 15218 15219
28649 10012 7754 7762
28650 15210 15219 15211
28651 7449 7440 7441
28652 9459 9524 9467
28653 15269 15261 15204
28654 8873 8864 8865
28655 10241 10232 10240
28656 15203 15212 15204
28657 8955 8946 8954
28658 15202 15210 15211
28659 15211 15203 15202
28660 15228 15285 15220
28661 20487 20422 20430
28662 8429 8438 8437
28663 15201 15210 15202
28664 15216 15217 15208
28665 8339 8748 8691
28666 15215 15224 15216
28667 20434 20425 20433
28668 20409 20418 20410
28669 15216 15207 15215
28670 20404 20413 20405
28671 15209 15218 15210
28672 19236 19227 19228
28673 7482 15694 15637
28674 15209 15210 15201
28675 20403 20412 20404
28676 20436 20427 20435
28677 20473 20482 20481
28678 15226 15217 15225
28679 20437 20428 20436
28680 8755 8759 8758
28681 10293 10284 10285
28682 19226 19217 19225
28683 15505 15504 15513
28684 20435 20426 20434
28685 19597 19606 19598
28686 15224 15225 15216
28687 15225 15217 15216
28688 20012 20021 20020
28689 19096 19105 19104
28690 20706 20715 20707
28691 6322 6731 6674
28692 16690 16699 16698
28693 20716 20707 20715
28694 15513 15504 15512
28695 15514 15505 15513
28696 15507 15515 15516
28697 15506 15505 15514
28698 7910 7919 7918
28699 15101 15454 15102
28700 6657 6648 6656
28701 15496 20699 20698
28702 20492 20501 20500
28703 18004 17995 17996
28704 16055 16046 16047
28705 20724 15521 15522
28706 15521 15522 15513
28707 20704 20713 20705
28708 15509 15518 15510
28709 15491 15482 15490
28710 15496 15488 15487
28711 8221 8230 8222
28712 15483 15482 15491
28713 20684 20693 20685
28714 15490 15482 15481
28715 20676 20667 20675
28716 15490 15481 15489
28717 15460 15485 15477
28718 15488 15497 15489
28719 18760 18751 18752
28720 17066 17075 17067
28721 19700 19709 19708
28722 15082 15074 15073
28723 15090 15082 15081
28724 18456 18809 18808
28725 15459 15458 15467
28726 9832 9823 9824
28727 12983 12845 12846
28728 20239 20243 20242
28729 8819 8810 8818
28730 9050 9041 9042
28731 18165 18174 18173
28732 15492 15517 15509
28733 20674 15471 15472
28734 15471 15472 15463
28735 5443 5452 5444
28736 19988 19997 19996
28737 15108 15165 15100
28738 15067 15068 15059
28739 8495 8142 8143
28740 15456 15464 15465
28741 15099 15091 15090
28742 15090 15081 15089
28743 15079 15087 15088
28744 15082 15073 15081
28745 15457 15456 15465
28746 20282 20273 20281
28747 12731 12378 12379
28748 15465 15466 15457
28749 20659 20306 20658
28750 6577 6568 6576
28751 15099 15108 15100
28752 12434 12426 12435
28753 6038 6391 6039
28754 12810 12801 12802
28755 15088 15089 15080
28756 15069 12819 15077
28757 6395 6404 6396
28758 15453 15454 15101
28759 20305 20658 20306
28760 9045 9054 9053
28761 15081 15080 15089
28762 6783 6774 6782
28763 15100 15091 15099
28764 15100 15165 15157
28765 15103 15102 15455
28766 20004 20013 20012
28767 5291 5266 5274
28768 9654 9301 9653
28769 15108 15107 15460
28770 15097 15089 15088
28771 18787 18796 18788
28772 20299 20290 20298
28773 15088 15096 15097
28774 20290 20281 20289
28775 6225 6234 6226
28776 15090 15089 15098
28777 15098 15089 15097
28778 20336 20345 20344
28779 17876 17867 17868
28780 20304 20295 20296
28781 20297 20306 20298
28782 10001 9648 10000
28783 20299 20308 20300
28784 15480 15481 15168
28785 20664 20655 20663
28786 15095 15086 15094
28787 20692 20683 20691
28788 15778 15769 15770
28789 20367 20680 20368
28790 20658 20667 20659
28791 18466 18475 18474
28792 17586 17595 17594
28793 20296 20287 20288
28794 15078 15086 15087
28795 15079 15078 15087
28796 12823 12824 12832
28797 7873 8091 7874
28798 12850 12851 12988
28799 12690 12682 12681
28800 6756 6747 6748
28801 9037 9028 9029
28802 15103 15095 15094
28803 20656 20665 20657
28804 20293 20302 20294
28805 15750 15685 15693
28806 9240 9593 9241
28807 8055 8064 8063
28808 19397 19388 19389
28809 15103 15104 15095
28810 15459 15106 15458
28811 15459 15107 15106
28812 8522 8531 8523
28813 12835 12826 12834
28814 15103 15094 15102
28815 20302 20367 20359
28816 19190 19255 19247
28817 15106 15097 15105
28818 15098 15097 15106
28819 15456 15104 15103
28820 15457 15105 15104
28821 15076 15067 15075
28822 15099 15107 15108
28823 15457 15104 15456
28824 15125 15068 15133
28825 20149 20140 20148
28826 15060 15051 15059
28827 15106 15105 15458
28828 15457 15458 15105
28829 20388 20379 20380
28830 15098 15107 15099
28831 15158 15167 15159
28832 20687 20662 20670
28833 15106 15107 15098
28834 19324 19333 19332
28835 7273 6920 7272
28836 8495 8504 8496
28837 10359 10368 10367
28838 15168 15481 15169
28839 10132 10141 10140
28840 15159 15167 15168
28841 15142 15143 15134
28842 15151 15159 15160
28843 18083 18074 18075
28844 20370 20361 20369
28845 15150 15149 15158
28846 15480 15168 15167
28847 20369 20682 20370
28848 15480 15167 15479
28849 15151 15160 15152
28850 20374 20365 20366
28851 5276 5509 5508
28852 7073 7426 7425
28853 8214 7916 8213
28854 15932 15923 15924
28855 18516 18525 18524
28856 15161 15152 15160
28857 15161 15153 15152
28858 8182 8173 8174
28859 18897 18906 18898
28860 15158 15159 15150
28861 18249 18258 18257
28862 15158 15149 15157
28863 19914 19905 19913
28864 15143 15142 15151
28865 17621 17612 17613
28866 15142 15134 15133
28867 15151 15142 15150
28868 14682 14681 14690
28869 10143 10134 10135
28870 15119 15120 15111
28871 20331 20340 20332
28872 15083 15092 15084
28873 19034 19025 19026
28874 6917 6908 6909
28875 15066 15074 15075
28876 15127 15136 15128
28877 20075 20084 20083
28878 17705 17714 17713
28879 20359 20294 20302
28880 17340 17349 17341
28881 8788 8797 8789
28882 15133 15141 15142
28883 8125 8116 8117
28884 6207 6198 6206
28885 10037 10046 10045
28886 15076 15084 15141
28887 15083 15091 15092
28888 20593 20602 20601
28889 15126 15135 15127
28890 15074 15082 15083
28891 20325 20334 20333
28892 20286 20351 20343
28893 15149 15092 15157
28894 15075 15074 15083
28895 19369 19360 19361
28896 15075 15084 15076
28897 20294 20285 20293
28898 15083 15084 15075
28899 15135 15136 15127
28900 15099 15090 15098
28901 15090 15091 15082
28902 15082 15091 15083
28903 20293 20284 20292
28904 7721 7730 7722
28905 10052 18208 18207
28906 20286 20277 20285
28907 8874 8883 8875
28908 17740 17387 17388
28909 9618 9627 9626
28910 6859 6450 6802
28911 20343 20278 20286
28912 15059 15058 15067
28913 15066 15067 15058
28914 20311 19902 20254
28915 15052 15060 15117
28916 20310 20301 20302
28917 15052 15117 15109
28918 20321 20312 20320
28919 6238 6229 6230
28920 15133 15068 15076
28921 20285 20276 20284
28922 18178 18169 18170
28923 7097 7088 7096
28924 9656 9665 9657
28925 7323 7258 7315
28926 20269 20278 20270
28927 14759 15112 14760
28928 20339 20330 20338
28929 15119 15128 15120
28930 15050 15051 14698
28931 7524 7533 7532
28932 16688 16679 16680
28933 8694 8685 8693
28934 15128 15136 15137
28935 18994 19347 19346
28936 20372 20685 20684
28937 20327 20336 20328
28938 15125 15134 15126
28939 20344 20335 20343
28940 15134 15125 15133
28941 15119 15118 15127
28942 15127 15118 15126
28943 20547 20556 20548
28944 15109 15118 15110
28945 15112 15120 15121
28946 15121 15113 15112
28947 14292 14283 14291
28948 20315 20324 20316
28949 14713 14712 14721
28950 7557 7548 7556
28951 10260 10195 10252
28952 14743 14742 14751
28953 18532 10376 10377
28954 8246 8237 8245
28955 20167 20102 20159
28956 20332 20323 20331
28957 16822 16757 16814
28958 14742 14733 14741
28959 14699 15052 14700
28960 15112 15113 14760
28961 15113 14761 14760
28962 14734 14725 14733
28963 19955 19946 19954
28964 19945 19936 19937
28965 19892 19901 19900
28966 7961 7823 7824
28967 14699 14698 15051
28968 14691 14700 14692
28969 19321 19330 19329
28970 7668 7659 7667
28971 14736 14737 14728
28972 19172 19163 19171
28973 18535 18470 18478
28974 10157 10166 10165
28975 9564 9155 9507
28976 18506 18515 18507
28977 20314 19961 19962
28978 19931 19940 19932
28979 14691 14682 14690
28980 14710 14718 14719
28981 14692 14757 14749
28982 14751 14759 14760
28983 14752 14751 14760
28984 19959 20312 19960
28985 14691 14683 14682
28986 19488 19479 19487
28987 19959 19894 19902
28988 14742 14741 14750
28989 10271 10262 10270
28990 14692 14700 14757
28991 14690 14698 14699
28992 7034 7099 7091
28993 20418 20427 20419
28994 14752 14743 14751
28995 19964 19955 19963
28996 14750 14741 14749
28997 20088 20441 20440
28998 9950 9941 9949
28999 14741 14684 14749
29000 19377 19386 19378
29001 14699 15051 15052
29002 19901 20254 19902
29003 7653 7644 7645
29004 14688 14680 14679
29005 14692 14684 14683
29006 19760 19769 19768
29007 14683 14691 14692
29008 6469 6460 6461
29009 20249 20258 20250
29010 19872 19881 19873
29011 5643 5578 5635
29012 14690 14681 14689
29013 9949 9958 9950
29014 12416 12417 12425
29015 19869 19860 19861
29016 16530 16521 16522
29017 10369 10378 10370
29018 20275 20284 20276
29019 6916 6907 6908
29020 14688 14679 14687
29021 14687 14686 14695
29022 8675 8666 8667
29023 12809 12801 12810
29024 15072 15064 15063
29025 9709 10062 9710
29026 20259 20268 20260
29027 14687 14695 14696
29028 14670 14669 14678
29029 15071 15063 15062
29030 20264 20273 20265
29031 15061 15069 15070
29032 20274 20283 20275
29033 15056 15047 15055
29034 20256 20265 20257
29035 18557 18566 18565
29036 15066 15058 15057
29037 15065 15056 15064
29038 20091 20444 20443
29039 15072 15063 15071
29040 15048 15047 15056
29041 20251 20260 20252
29042 15073 15065 15064
29043 15057 15058 15049
29044 15706 15697 15698
29045 15064 15056 15055
29046 15063 15064 15055
29047 19976 19985 19977
29048 20272 20263 20271
29049 15064 15072 15073
29050 20274 20265 20273
29051 19813 19804 19805
29052 19896 20249 19897
29053 15062 15070 15071
29054 15053 15054 15045
29055 18210 10054 18209
29056 17982 18160 18159
29057 8134 8143 8142
29058 17894 17903 17902
29059 8893 8884 8892
29060 7553 7200 7201
29061 8724 8733 8725
29062 15062 15054 15053
29063 15055 15054 15063
29064 15062 15063 15054
29065 15053 15061 15062
29066 20247 20256 20248
29067 15047 15046 15055
29068 9805 9796 9804
29069 7889 7898 7897
29070 7755 7764 7756
29071 15045 15054 15046
29072 15046 15047 14694
29073 19881 19890 19882
29074 20266 20257 20258
29075 15047 14695 14694
29076 19183 19118 19175
29077 19888 19897 19889
29078 10195 9842 9843
29079 9328 9337 9329
29080 19888 19879 19880
29081 7476 7467 7475
29082 17187 17196 17195
29083 14686 14678 14677
29084 14685 14686 14677
29085 19892 19883 19891
29086 18748 18395 18396
29087 14679 14678 14687
29088 14687 14678 14686
29089 14694 14685 14693
29090 19896 19887 19895
29091 14686 14685 14694
29092 14664 14673 14665
29093 12794 12442 12441
29094 14679 14671 14670
29095 14654 14663 14655
29096 20343 20352 20344
29097 18267 18620 18268
29098 17726 18064 17727
29099 20255 20264 20263
29100 15828 7672 15827
29101 19871 19880 19872
29102 19891 19882 19890
29103 19880 19889 19881
29104 9733 9742 9741
29105 8425 8778 8777
29106 14670 14662 14661
29107 16526 16461 16518
29108 14670 14661 14669
29109 19874 19883 19875
29110 20692 20683 20684
29111 20647 20643 20646
29112 14671 14662 14670
29113 19876 19885 19884
29114 14646 14645 14654
29115 19856 19865 19857
29116 14654 14645 14653
29117 20092 20445 20444
29118 19865 19874 19866
29119 20122 20131 20123
29120 14672 14680 14681
29121 5416 5425 5424
29122 14654 14662 14663
29123 19602 19593 19594
29124 10258 9905 9906
29125 14671 14679 14680
29126 6121 6112 6120
29127 14664 14672 14673
29128 14663 14664 14655
29129 14664 14656 14655
29130 14672 14664 14663
29131 14672 14663 14671
29132 14725 14726 14717
29133 19467 19458 19459
29134 6365 6356 6364
29135 14681 14682 14673
29136 14682 14674 14673
29137 14683 14675 14674
29138 19886 19877 19885
29139 18641 18650 18642
29140 6029 6020 6028
29141 19867 19858 19866
29142 10361 10352 10360
29143 14657 14656 14665
29144 14641 14649 14650
29145 14668 14667 14676
29146 19927 19862 19870
29147 14742 14734 14733
29148 14657 14666 14658
29149 19875 19866 19874
29150 14242 14250 14251
29151 19870 19861 19862
29152 9394 9403 9395
29153 14649 14648 14657
29154 14657 14665 14666
29155 14647 14656 14648
29156 14655 14656 14647
29157 14657 14648 14656
29158 19843 19852 19851
29159 9341 9332 9333
29160 14640 14649 14641
29161 19490 19481 19489
29162 9936 9927 9935
29163 14280 14289 14281
29164 14640 14648 14649
29165 18347 18356 18348
29166 19935 19944 19936
29167 14280 14288 14289
29168 14639 14648 14640
29169 14288 14640 14641
29170 5624 5633 5625
29171 14641 14289 14288
29172 20267 20258 20259
29173 19846 19493 19845
29174 19398 19389 19397
29175 14321 14312 14320
29176 19514 19505 19513
29177 19914 19923 19915
29178 20637 20582 20590
29179 20261 20270 20269
29180 19044 19053 19052
29181 19857 19848 19856
29182 14269 12011 12019
29183 14286 14285 14638
29184 14286 14278 14277
29185 18681 18328 18329
29186 14286 14639 14287
29187 20095 19686 20038
29188 14637 14646 14638
29189 18053 20655 18190
29190 8129 8138 8137
29191 17220 17229 17221
29192 8760 8764 8761
29193 15844 15835 15836
29194 14278 14287 14279
29195 19840 19849 19841
29196 14638 14285 14637
29197 9855 9846 9847
29198 18597 18601 18598
29199 14286 14287 14278
29200 17189 19447 19439
29201 9749 9740 9741
29202 14286 14277 14285
29203 6981 7334 7333
29204 16577 16224 16225
29205 14728 14720 14719
29206 10334 10343 10342
29207 14721 14720 14729
29208 19906 19915 19907
29209 5805 5796 5797
29210 14713 14705 14704
29211 5935 5944 5936
29212 14727 14735 14736
29213 7667 7602 7659
29214 14726 14727 14718
29215 16967 16976 16968
29216 14745 14736 14744
29217 14718 14710 14709
29218 16498 16507 16506
29219 5521 5530 5529
29220 19583 19518 19575
29221 19886 19951 19943
29222 19943 19952 19944
29223 19944 19953 19945
29224 14745 14737 14736
29225 6848 6857 6856
29226 6316 6307 6315
29227 19929 19938 19930
29228 14718 14709 14717
29229 19928 19919 19927
29230 14736 14728 14727
29231 19921 19930 19929
29232 9674 9683 9682
29233 17897 17888 17889
29234 19937 19928 19936
29235 19945 19954 19946
29236 14727 14726 14735
29237 14334 14343 14335
29238 14734 14735 14726
29239 7043 6998 7001
29240 19906 19553 19905
29241 19935 19870 19878
29242 7710 7701 7709
29243 5907 6260 5908
29244 19920 19929 19921
29245 14717 14726 14718
29246 14667 14659 14658
29247 14652 14660 14717
29248 14660 14651 14659
29249 14644 14709 14701
29250 17294 17303 17302
29251 7711 7720 7719
29252 14717 14709 14652
29253 14733 14668 14676
29254 9033 8680 8681
29255 19856 19847 19848
29256 14741 14733 14676
29257 9270 9279 9271
29258 14675 14684 14676
29259 14725 14717 14660
29260 14725 14668 14733
29261 14684 14675 14683
29262 15947 16300 16299
29263 16695 16686 16687
29264 14666 14667 14658
29265 6233 6224 6232
29266 14675 14667 14666
29267 7334 7343 7335
29268 17258 17254 17255
29269 14674 14675 14666
29270 19869 19860 19868
29271 20218 20571 20219
29272 19689 19698 19690
29273 20719 15500 20702
29274 14659 14667 14668
29275 16923 16932 16931
29276 6373 6364 6372
29277 19852 19861 19853
29278 9522 9513 9521
29279 14659 14651 14650
29280 16695 17048 17047
29281 14658 14659 14650
29282 14659 14668 14660
29283 20372 20363 20364
29284 6133 6124 6132
29285 19478 19543 19535
29286 14642 14643 14290
29287 7880 7889 7888
29288 14343 14342 14351
29289 14643 14291 14290
29290 7630 7639 7631
29291 19911 19846 19854
29292 14644 14643 14652
29293 19919 19854 19862
29294 6654 6645 6653
29295 19980 19971 19979
29296 14327 14328 14319
29297 8587 8578 8586
29298 19907 19554 19906
29299 19907 19916 19908
29300 14349 14284 14292
29301 14267 14268 14259
29302 19348 18995 19347
29303 19507 19516 19515
29304 14284 14349 14341
29305 19824 19774 19782
29306 14293 14301 14302
29307 14704 14705 14352
29308 14650 14651 14642
29309 19920 19911 19919
29310 14351 14350 14703
29311 14701 14709 14710
29312 14703 14350 14702
29313 20567 20158 20215
29314 19212 19203 19211
29315 5329 5642 5641
29316 9507 9567 9564
29317 17839 17848 17847
29318 19912 19903 19911
29319 14350 14349 14702
29320 14702 14349 14701
29321 14352 14705 14353
29322 19916 19925 19917
29323 14341 14342 14333
29324 19503 19512 19504
29325 19554 19545 19553
29326 16240 16249 16248
29327 8779 8426 8427
29328 6681 6672 6673
29329 14333 14334 14325
29330 19917 19908 19909
29331 14350 14342 14341
29332 19904 19551 19903
29333 14342 14343 14334
29334 7264 7617 7265
29335 14326 14318 14317
29336 14341 14349 14350
29337 14352 14343 14351
29338 14334 14326 14325
29339 14327 14318 14326
29340 6113 6122 6114
29341 19538 19547 19539
29342 12908 18127 12925
29343 12908 12900 12925
29344 14268 14333 14325
29345 14295 14294 14303
29346 10257 10266 10258
29347 6014 6023 6022
29348 19551 19486 19494
29349 14344 14335 14343
29350 14335 14336 14327
29351 14328 14336 14337
29352 20483 20492 20491
29353 14329 14328 14337
29354 18383 18392 18391
29355 14345 14337 14336
29356 14344 14336 14335
29357 19548 19539 19547
29358 19528 19537 19529
29359 8724 8659 8667
29360 6443 6378 6435
29361 14268 14276 14333
29362 14320 14312 14311
29363 14309 14301 14244
29364 14345 14336 14344
29365 14328 14320 14319
29366 19556 19547 19555
29367 18694 18759 18702
29368 14317 14260 14325
29369 14326 14334 14335
29370 14335 14327 14326
29371 15625 15629 15626
29372 19560 19569 19568
29373 14267 14276 14268
29374 19544 19535 19543
29375 14267 14266 14275
29376 14284 14276 14275
29377 8692 8701 8700
29378 9488 9497 9496
29379 14325 14260 14268
29380 14325 14326 14317
29381 19973 19620 19621
29382 14243 14234 14242
29383 14243 14244 14235
29384 19461 19452 19460
29385 14282 14283 14274
29386 14260 14317 14252
29387 20309 20300 20301
29388 19444 19453 19445
29389 14267 14258 14266
29390 14260 14252 14251
29391 16968 16977 16976
29392 19527 19536 19535
29393 19477 19486 19478
29394 19436 19445 19437
29395 19470 19535 19527
29396 12009 12001 12010
29397 6856 7209 6857
29398 8626 8635 8634
29399 14251 14250 14259
29400 19453 19462 19454
29401 19461 19470 19462
29402 17546 17555 17554
29403 14252 14244 14243
29404 16658 16667 16666
29405 14250 14258 14259
29406 14310 14309 14318
29407 19320 19311 19312
29408 14242 14241 14250
29409 20087 20022 20079
29410 18432 18441 18440
29411 14260 14251 14259
29412 19454 19445 19453
29413 19044 19053 19045
29414 19528 19519 19527
29415 19446 19511 19503
29416 14312 14304 14303
29417 9774 9765 9773
29418 19520 19529 19521
29419 14235 14234 14243
29420 19454 19519 19511
29421 19840 19487 19488
29422 19531 19540 19539
29423 9960 9951 9959
29424 7304 7313 7312
29425 19513 19504 19512
29426 14293 14236 14301
29427 14236 14244 14301
29428 5720 5729 5728
29429 19518 19509 19510
29430 6491 6500 6492
29431 14318 14309 14317
29432 14310 14318 14319
29433 14302 14311 14303
29434 19532 19523 19531
29435 14310 14311 14302
29436 14303 14304 14295
29437 7131 7484 7483
29438 14305 14297 14296
29439 14313 14305 14304
29440 7565 7574 7573
29441 16807 16816 16808
29442 19084 19437 19436
29443 14270 14262 14261
29444 13934 13942 13943
29445 14296 14304 14305
29446 14303 14311 14312
29447 8454 8445 8446
29448 19514 19523 19515
29449 6800 6447 6448
29450 19515 19506 19514
29451 14263 14262 14271
29452 19464 19473 19465
29453 9090 9081 9089
29454 16283 16292 16284
29455 13935 13934 13943
29456 19432 19441 19440
29457 14321 14313 14312
29458 14320 14311 14319
29459 14253 14262 14254
29460 19610 19601 19602
29461 14261 14269 14270
29462 10170 10179 10171
29463 14261 14262 14253
29464 19136 19127 19128
29465 14239 14238 14247
29466 19530 19539 19538
29467 19484 19493 19485
29468 7491 7500 7492
29469 14280 14272 14271
29470 14249 14241 14240
29471 19446 19437 19445
29472 19042 19051 19043
29473 8081 8434 8433
29474 6991 6995 6992
29475 18967 18976 18968
29476 9162 9107 9159
29477 14270 14279 14271
29478 14278 14279 14270
29479 19472 19481 19473
29480 8929 8938 8930
29481 20677 15474 15475
29482 15474 15475 15466
29483 14282 14274 14273
29484 14273 14272 14281
29485 19477 19468 19476
29486 5879 5888 5880
29487 8703 8694 8695
29488 14257 14266 14258
29489 14279 14280 14271
29490 14241 14249 14250
29491 16994 16985 16986
29492 14257 14265 14266
29493 18616 18263 18615
29494 14256 14265 14257
29495 14264 14265 14256
29496 20546 20537 20538
29497 19465 19474 19466
29498 14272 14264 14263
29499 14271 14272 14263
29500 20566 20557 20565
29501 14233 14241 14242
29502 13881 14234 13882
29503 9819 9884 9876
29504 19086 19495 19143
29505 14247 14255 14256
29506 19449 19440 19448
29507 19778 19769 19777
29508 10379 10370 10371
29509 14242 14234 14233
29510 8156 8091 8148
29511 18297 18288 18289
29512 17327 16974 16975
29513 14248 14247 14256
29514 5811 5820 5819
29515 14254 14245 14253
29516 19456 19465 19457
29517 14241 14232 14240
29518 16827 17180 16828
29519 11607 11615 11616
29520 19417 19421 19418
29521 14245 14254 14246
29522 20420 20429 20421
29523 17221 17212 17220
29524 5274 5265 5273
29525 5934 5943 5935
29526 14246 14254 14255
29527 5363 5403 5395
29528 19838 19834 19835
29529 19456 19447 19455
29530 14229 14238 14230
29531 19432 19441 19433
29532 20304 20295 20303
29533 5588 5597 5596
29534 20515 20506 20514
29535 14231 14230 14239
29536 9369 9360 9361
29537 15644 15653 15652
29538 14245 11995 14253
29539 19074 19083 19082
29540 6807 6798 6799
29541 14231 14232 13879
29542 13879 13871 13870
29543 20165 19812 19813
29544 17703 17694 17695
29545 13862 13861 13870
29546 14233 13881 13880
29547 18418 18409 18417
29548 13869 13877 13878
29549 14230 14231 13878
29550 5698 5689 5697
29551 19080 19433 19081
29552 19442 19433 19441
29553 13855 13863 13864
29554 13862 13871 13863
29555 5800 5791 5799
29556 14231 13879 13878
29557 18212 18221 18220
29558 19072 19081 19073
29559 19168 19159 19167
29560 13879 13870 13878
29561 6760 6769 6768
29562 14232 14233 13880
29563 7500 7509 7501
29564 7793 7784 7792
29565 13862 13870 13871
29566 13880 13872 13871
29567 18677 19030 18678
29568 19432 19079 19431
29569 13863 13872 13864
29570 13469 13822 13470
29571 13873 13882 13874
29572 5735 5726 5734
29573 19071 19080 19072
29574 5527 5536 5535
29575 10257 10266 10265
29576 6311 6302 6310
29577 13871 13872 13863
29578 18662 18653 18654
29579 20797 15594 15595
29580 15594 15595 15586
29581 13873 13874 13865
29582 13880 13881 13872
29583 19082 19435 19083
29584 19082 19073 19081
29585 7673 7664 7665
29586 20185 20194 20186
29587 13881 13873 13872
29588 10244 18400 18399
29589 13864 13873 13865
29590 13843 13834 13842
29591 6065 6056 6064
29592 13879 13880 13871
29593 6646 6637 6645
29594 13872 13873 13864
29595 17026 17017 17018
29596 13856 13855 13864
29597 13842 13841 13850
29598 13874 13866 13865
29599 17415 17424 17423
29600 13849 13858 13850
29601 19127 19062 19070
29602 13830 13829 13838
29603 19047 19056 19048
29604 19255 19264 19263
29605 13849 13840 13848
29606 9280 9289 9288
29607 13473 13826 13474
29608 19253 19244 19252
29609 19070 19135 19127
29610 7398 7402 7399
29611 13848 13839 13847
29612 9145 9154 9153
29613 7112 7103 7111
29614 13849 13857 13858
29615 8168 8177 8176
29616 13857 13866 13858
29617 16173 15820 15821
29618 13865 13866 13857
29619 19059 19068 19060
29620 16161 16514 16162
29621 13829 13837 13838
29622 13863 13855 13854
29623 20630 20621 20629
29624 5553 5562 5554
29625 18944 18935 18943
29626 13838 13839 13830
29627 13832 13824 13823
29628 20373 20364 20365
29629 18626 18617 18618
29630 13846 13837 13845
29631 7490 7555 7547
29632 11203 13461 11211
29633 8936 8927 8935
29634 5311 5320 5319
29635 5839 5848 5840
29636 5628 5619 5620
29637 16785 16794 16793
29638 13447 13455 13456
29639 5355 6 5208
29640 5355 5356 5208
29641 19049 19058 19050
29642 16539 16548 16547
29643 19057 19066 19058
29644 18969 18960 18961
29645 7592 7601 7593
29646 17291 17282 17283
29647 13846 13854 13855
29648 19048 19057 19049
29649 13846 13855 13847
29650 7642 7707 7699
29651 15800 15791 15792
29652 17902 17911 17910
29653 19027 18674 19026
29654 15706 15715 15707
29655 8593 8602 8601
29656 13825 13824 13833
29657 17009 17018 17017
29658 19032 19041 19033
29659 19041 19050 19042
29660 13823 13831 13832
29661 9705 9714 9706
29662 16455 16464 16463
29663 16056 16065 16064
29664 13821 13822 13469
29665 5537 5528 5536
29666 20649 20653 20650
29667 18656 18665 18657
29668 11205 11197 11206
29669 16550 16559 16558
29670 19032 19023 19031
29671 9561 9552 9560
29672 11189 11188 11180
29673 13471 13470 13823
29674 8876 8885 8884
29675 13470 13822 13823
29676 17522 17169 17170
29677 19034 19025 19033
29678 19043 19052 19044
29679 13822 13830 13831
29680 20465 20456 20457
29681 13831 13839 13840
29682 19036 19045 19037
29683 8615 8968 8967
29684 13920 13919 13928
29685 13825 13473 13472
29686 9686 9677 9685
29687 19026 19035 19027
29688 20490 20499 20498
29689 6565 6574 6573
29690 19027 19036 19028
29691 13472 13473 13464
29692 13463 13472 13464
29693 13833 13834 13825
29694 18192 18183 18184
29695 8782 8791 8783
29696 13463 13471 13472
29697 13823 13824 13471
29698 9673 9664 9672
29699 13435 13426 13434
29700 13458 13450 13449
29701 9988 9984 9987
29702 7334 7343 7342
29703 13421 13422 13413
29704 18675 18666 18674
29705 13456 13448 13447
29706 17430 17439 17431
29707 8164 8173 8165
29708 19031 19040 19039
29709 19195 19186 19187
29710 13458 13449 13457
29711 13511 13510 13519
29712 13120 13121 13112
29713 18735 19088 19087
29714 13451 13452 13443
29715 17052 17061 17060
29716 16005 18263 16013
29717 18697 18688 18696
29718 8882 8873 8881
29719 17315 17324 17323
29720 17958 17967 17966
29721 18655 18664 18656
29722 13471 13463 13462
29723 6108 5755 6107
29724 8047 8038 8046
29725 8286 8295 8294
29726 9951 9942 9950
29727 19024 18671 19023
29728 13471 13462 13470
29729 18664 18673 18665
29730 17882 17891 17890
29731 8477 8486 8478
29732 13454 13445 13453
29733 19292 19283 19284
29734 13426 13427 13418
29735 18464 10308 10309
29736 13517 13525 13526
29737 13468 13467 13476
29738 20296 20287 20295
29739 13518 13510 13509
29740 20338 20329 20337
29741 9911 9920 9912
29742 18728 18737 18729
29743 13526 13525 13534
29744 18322 18331 18323
29745 13467 13475 13476
29746 13525 13533 13534
29747 19099 19108 19107
29748 19096 19105 19097
29749 13527 13518 13526
29750 9793 9784 9785
29751 6253 6244 6245
29752 13537 13538 13529
29753 13897 13889 13888
29754 15974 15909 15966
29755 13527 13535 13536
29756 13488 13496 13497
29757 13528 13520 13519
29758 19094 18741 18742
29759 13528 13519 13527
29760 13509 13452 13517
29761 13523 13524 13515
29762 18791 18726 18734
29763 13530 13538 13539
29764 13529 13521 13520
29765 13520 13528 13529
29766 18734 18799 18791
29767 13495 13504 13496
29768 16320 16329 16328
29769 5892 5901 5900
29770 16700 17053 17052
29771 6537 6546 6538
29772 18720 18729 18721
29773 6509 6862 6510
29774 18731 18722 18723
29775 13836 13827 13835
29776 13067 13059 13058
29777 13517 13460 13525
29778 18703 18712 18704
29779 18719 18728 18720
29780 19046 19037 19045
29781 20721 20712 20713
29782 9736 9745 9737
29783 13533 13476 13885
29784 17164 17155 17156
29785 13501 13444 13509
29786 13425 13433 13434
29787 10253 10262 10254
29788 13533 13525 13468
29789 18803 19156 19155
29790 18670 18735 18727
29791 13460 13451 13459
29792 13828 13827 13836
29793 20370 20683 20682
29794 19120 19129 19121
29795 13868 13859 13867
29796 13450 13451 13442
29797 13436 13427 13435
29798 18653 18644 18652
29799 5518 5527 5519
29800 8279 7941 8278
29801 13885 13476 13828
29802 19120 19111 19119
29803 19122 19131 19123
29804 13844 13836 13835
29805 13903 13902 13911
29806 13901 13893 13836
29807 14010 14002 14001
29808 18801 19154 19153
29809 6161 6170 6162
29810 16795 16804 16803
29811 17353 17344 17345
29812 17591 17582 17583
29813 18574 18609 18606
29814 13835 13843 13844
29815 14235 14236 13883
29816 20310 20301 20309
29817 13919 13927 13928
29818 13885 13828 13893
29819 13474 13826 13827
29820 19449 19440 19441
29821 18724 18733 18732
29822 13826 13834 13835
29823 13904 13895 13903
29824 6950 6959 6951
29825 8247 8238 8239
29826 13909 13917 13918
29827 19126 19191 19183
29828 19614 19605 19613
29829 13887 13534 13886
29830 13535 13534 13887
29831 19104 19113 19105
29832 15498 20701 15499
29833 15498 15490 15499
29834 13911 13902 13910
29835 19854 19845 19846
29836 13903 13895 13894
29837 7130 7121 7129
29838 13893 13894 13885
29839 19109 19100 19101
29840 13903 13894 13902
29841 8230 8239 8231
29842 13537 13536 13889
29843 13888 13889 13536
29844 17936 17927 17928
29845 19194 19203 19195
29846 13920 13911 13919
29847 20037 19684 19685
29848 7507 7516 7508
29849 14298 14299 13946
29850 19089 19098 19090
29851 16487 16478 16479
29852 19152 19161 19153
29853 13897 13896 13905
29854 13851 13842 13850
29855 13904 13903 13912
29856 13912 13903 13911
29857 13896 13904 13905
29858 19101 19092 19100
29859 13901 13844 13909
29860 13982 13983 13974
29861 13922 13923 13914
29862 20463 20472 20471
29863 19143 19496 19144
29864 13904 13912 13913
29865 13910 13902 13901
29866 19061 19070 19062
29867 19121 19112 19113
29868 19115 19106 19114
29869 5613 5604 5612
29870 13982 13981 13990
29871 18315 18306 18307
29872 20344 20353 20352
29873 13913 13905 13904
29874 13941 13933 13876
29875 19207 19142 19199
29876 18206 18197 18198
29877 19085 19438 19086
29878 13919 13910 13918
29879 13911 13910 13919
29880 13851 13859 13860
29881 18673 19026 19025
29882 18603 18607 18606
29883 19114 19123 19115
29884 6656 6665 6657
29885 18504 18495 18503
29886 13916 13924 13981
29887 13900 13891 13899
29888 13929 13930 13921
29889 5888 5897 5889
29890 6633 6642 6641
29891 20568 20215 20567
29892 9014 9005 9006
29893 6247 6238 6246
29894 13921 13912 13920
29895 13913 13912 13921
29896 13844 13843 13852
29897 7838 7847 7846
29898 19069 19078 19070
29899 5667 5602 5610
29900 9380 9315 9323
29901 7826 7817 7818
29902 5709 5718 5710
29903 13925 13860 13868
29904 9251 8898 9250
29905 17268 17277 17276
29906 6706 6771 6763
29907 13868 13860 13859
29908 7285 7276 7277
29909 19624 19633 19632
29910 16981 16972 16973
29911 13858 13859 13850
29912 13859 13851 13850
29913 13875 13866 13874
29914 13875 13867 13866
29915 13933 13868 13876
29916 13925 13868 13933
29917 10211 10202 10210
29918 6755 6764 6756
29919 8233 8224 8225
29920 19077 19086 19078
29921 19076 19085 19077
29922 20333 20342 20334
29923 19711 19646 19703
29924 19144 19497 19145
29925 19143 19078 19086
29926 19510 19501 19509
29927 13945 13936 13944
29928 13882 13883 13874
29929 15728 15719 15720
29930 9013 9022 9021
29931 15811 15802 15803
29932 13882 14234 14235
29933 19135 19144 19136
29934 13941 13942 13933
29935 19507 19498 19506
29936 19146 19499 19147
29937 14296 14297 13944
29938 18562 18553 18554
29939 19130 19139 19131
29940 13934 13926 13925
29941 6497 6488 6496
29942 19825 19829 19826
29943 10041 10032 10033
29944 8383 8374 8382
29945 18983 18918 18975
29946 13937 13929 13928
29947 18002 17993 17994
29948 13928 13936 13937
29949 19209 19562 19561
29950 19145 19136 19144
29951 14296 13943 14295
29952 14296 13944 13943
29953 19498 19145 19497
29954 13946 13938 13937
29955 19054 19119 19062
29956 13946 13937 13945
29957 8514 8505 8506
29958 19148 19501 19149
29959 13947 13938 13946
29960 19140 19149 19141
29961 19616 19607 19615
29962 14300 13947 14299
29963 14300 13948 13947
29964 19502 19149 19501
29965 20109 20118 20117
29966 19561 19208 19560
29967 13939 13930 13938
29968 18480 18489 18488
29969 10276 10285 10284
29970 13966 13975 13967
29971 20557 20548 20549
29972 19337 19328 19336
29973 18620 18629 18621
29974 9140 9075 9083
29975 19560 19207 19559
29976 14360 14008 14007
29977 13997 14006 13998
29978 14005 14006 13997
29979 7349 7340 7341
29980 19199 19208 19200
29981 19209 19562 19210
29982 19212 19565 19213
29983 19570 19561 19569
29984 19560 19569 19561
29985 18977 18968 18969
29986 14005 14358 14006
29987 13989 13932 13997
29988 18461 18814 18813
29989 9214 9223 9215
29990 19171 19162 19163
29991 7906 7931 7923
29992 7906 7923 2704
29993 13915 13916 13907
29994 19201 19192 19200
29995 13981 13989 13990
29996 13906 13905 13914
29997 13973 13981 13982
29998 13908 13973 13965
29999 19191 19200 19192
30000 19127 19062 19119
30001 19141 19132 19140
30002 8158 8167 8159
30003 13967 13976 13968
30004 9046 9055 9047
30005 6126 6117 6118
30006 17471 17480 17479
30007 9786 9433 9434
30008 13993 13985 13984
30009 16175 16184 16183
30010 19856 19847 19855
30011 13899 13898 13907
30012 5797 5806 5798
30013 19183 19118 19126
30014 13990 13991 13982
30015 13973 13974 13965
30016 19109 19118 19110
30017 19101 19110 19102
30018 13916 13973 13908
30019 19184 19175 19183
30020 19115 19124 19116
30021 7778 10036 10028
30022 13924 13915 13923
30023 16066 16057 16058
30024 8194 8203 8202
30025 13950 13949 13958
30026 19134 19199 19191
30027 7437 7446 7445
30028 19223 19158 19166
30029 19090 18737 18738
30030 19125 19116 19124
30031 13922 13931 13923
30032 13922 13930 13931
30033 19123 19132 19124
30034 13922 13914 13913
30035 9433 9424 9432
30036 13915 13914 13923
30037 19566 19631 19623
30038 7731 15887 15886
30039 13924 13916 13915
30040 19134 19125 19133
30041 13924 13923 13932
30042 13923 13931 13932
30043 19005 19009 19006
30044 18834 18825 18826
30045 14003 14002 14011
30046 14364 14011 14363
30047 14010 14363 14011
30048 19574 19565 19573
30049 16617 16608 16609
30050 14364 14421 14012
30051 8838 8847 8839
30052 14010 14011 14002
30053 19186 19177 19185
30054 13996 13995 14004
30055 5380 5227 5379
30056 10069 10078 10077
30057 14004 13995 14003
30058 9352 9361 9360
30059 7545 7536 7544
30060 20552 20561 20560
30061 13986 13994 13995
30062 9236 6978 6986
30063 17110 16701 16758
30064 9005 8996 8997
30065 19206 19271 19263
30066 13988 13979 13987
30067 13999 14000 13991
30068 13967 13975 13976
30069 14359 14360 14007
30070 14000 14008 14009
30071 7647 7638 7646
30072 14000 14009 14001
30073 13993 14002 13994
30074 16578 16225 16226
30075 18073 18082 18081
30076 14009 14010 14001
30077 14001 14002 13993
30078 13984 13983 13992
30079 19201 19210 19202
30080 14007 14008 13999
30081 19196 19187 19188
30082 10124 10133 10132
30083 13583 13592 13584
30084 10354 10363 10355
30085 18485 18476 18477
30086 13984 13976 13975
30087 19623 19214 19566
30088 13969 13968 13977
30089 8021 8030 8022
30090 19169 19178 19170
30091 13993 13984 13992
30092 13984 13975 13983
30093 8338 8329 8337
30094 13985 13994 13986
30095 13969 13978 13970
30096 13969 13977 13978
30097 19195 19186 19194
30098 19196 19205 19204
30099 20062 20127 20070
30100 8309 8300 8308
30101 13977 13976 13985
30102 19178 19187 19179
30103 13985 13976 13984
30104 5999 6008 6007
30105 13979 13978 13987
30106 13964 13963 13972
30107 13996 13987 13995
30108 14037 13980 14045
30109 13980 14037 13972
30110 13979 13980 13971
30111 18803 19156 18804
30112 19189 19198 19190
30113 19268 19277 19276
30114 20517 20526 20518
30115 13964 13955 13963
30116 19226 19217 19218
30117 7556 7565 7564
30118 9541 9532 9540
30119 19263 19198 19206
30120 18014 17949 18006
30121 13980 13979 13988
30122 19189 19180 19188
30123 13978 13986 13987
30124 13964 13956 13955
30125 5433 5424 5425
30126 19224 19215 19223
30127 13955 13602 13954
30128 13604 13956 14013
30129 18805 19158 18806
30130 20451 20442 20450
30131 7212 7221 7213
30132 5314 5339 5331
30133 5314 5331 112
30134 14013 13661 13604
30135 19588 19597 19589
30136 13950 13598 13597
30137 20248 19895 20247
30138 8019 8010 8011
30139 6430 6421 6422
30140 13963 13962 13971
30141 19172 19181 19180
30142 13955 13954 13963
30143 5305 5578 5306
30144 13953 13601 13600
30145 17942 17877 17934
30146 13586 13578 13577
30147 19359 19294 19351
30148 18865 18856 18857
30149 13969 13961 13960
30150 13952 13600 13599
30151 13969 13960 13968
30152 10369 10360 10361
30153 16572 16563 16564
30154 13900 13892 13891
30155 16739 16748 16740
30156 19155 19164 19156
30157 13952 13951 13960
30158 18801 19154 18802
30159 13597 13949 13950
30160 13540 13949 13597
30161 13958 13959 13950
30162 16747 16738 16739
30163 13953 13600 13952
30164 18161 18170 18169
30165 13960 13961 13952
30166 13959 13968 13960
30167 13967 13968 13959
30168 18804 18795 18803
30169 6711 6702 6710
30170 18802 19155 18803
30171 18748 18757 18756
30172 7531 7466 7474
30173 13591 13599 13600
30174 8696 8687 8688
30175 13184 13175 13183
30176 19151 18742 18799
30177 13581 13582 13573
30178 13581 13590 13582
30179 18803 18794 18802
30180 13575 13584 13576
30181 8728 8737 8729
30182 18786 18795 18787
30183 18792 18801 18793
30184 13591 13592 13583
30185 13581 13589 13590
30186 18661 18670 18669
30187 7863 7872 7864
30188 13583 13584 13575
30189 18734 18725 18733
30190 18791 18800 18792
30191 13586 13595 13587
30192 7521 7512 7513
30193 13576 13585 13577
30194 13584 13585 13576
30195 18834 18843 18842
30196 13184 13176 13175
30197 13587 13588 13579
30198 6138 8396 6146
30199 18783 18792 18784
30200 13543 13552 13544
30201 13588 13587 13596
30202 19215 18806 19158
30203 10231 10240 10239
30204 9257 9266 9258
30205 20664 20673 20672
30206 6093 6102 6101
30207 7173 7164 7165
30208 13958 13949 13957
30209 13965 13900 13908
30210 18798 18789 18797
30211 13587 13595 13596
30212 19440 19431 19439
30213 18863 18798 18806
30214 13661 13653 13596
30215 13604 13661 13596
30216 13603 13595 13594
30217 18796 18805 18797
30218 13603 13594 13602
30219 18800 19153 18801
30220 10361 10352 10353
30221 17971 17962 17963
30222 13906 13898 13897
30223 13907 13898 13906
30224 13892 13949 13540
30225 13565 13573 13574
30226 13539 13892 13540
30227 10039 10030 10038
30228 13891 13892 13539
30229 19842 19489 19841
30230 19108 19117 19109
30231 13959 13951 13950
30232 17359 17350 17351
30233 13891 13890 13899
30234 20666 20657 20665
30235 13889 13890 13537
30236 7430 7439 7431
30237 19867 19858 19859
30238 13889 13898 13890
30239 19100 19091 19099
30240 13897 13898 13889
30241 15893 15958 15901
30242 16172 16181 16180
30243 13582 13583 13574
30244 13569 13578 13570
30245 6169 6522 6170
30246 19168 19177 19169
30247 13892 13957 13949
30248 8381 8372 8380
30249 19176 19167 19175
30250 13957 13892 13900
30251 16049 16058 16057
30252 13597 13532 13540
30253 8452 8461 8460
30254 13958 13957 13966
30255 13500 13491 13499
30256 13965 13957 13900
30257 19102 19167 19159
30258 6873 6864 6872
30259 13598 13950 13951
30260 17375 17366 17367
30261 19521 19530 19522
30262 13589 13597 13598
30263 20013 20022 20014
30264 13599 13590 13598
30265 13590 13599 13591
30266 5243 5218 5235
30267 5218 16 5235
30268 6148 6139 6140
30269 18792 18801 18800
30270 8687 8334 8335
30271 18794 18785 18793
30272 13574 13583 13575
30273 13564 13556 13555
30274 13566 13575 13567
30275 18799 19152 18800
30276 6592 6588 6589
30277 18377 18386 18378
30278 17790 18088 18087
30279 13557 13558 13549
30280 18723 18732 18724
30281 13589 13524 13532
30282 13522 13531 13523
30283 7321 7330 7329
30284 13480 13489 13481
30285 18731 18740 18732
30286 18698 18689 18697
30287 13522 13521 13530
30288 13530 13531 13522
30289 18741 18732 18740
30290 19092 18739 19091
30291 18175 18150 18167
30292 20408 20417 20409
30293 16988 16635 16636
30294 18700 18691 18692
30295 13531 13530 13539
30296 18733 18742 18734
30297 13505 13506 13497
30298 17051 17060 17059
30299 9768 9777 9769
30300 18710 18775 18767
30301 13514 13523 13515
30302 13514 13506 13505
30303 13514 13505 13513
30304 19841 19850 19849
30305 13540 13531 13539
30306 13532 13531 13540
30307 17087 17096 17095
30308 9262 9253 9254
30309 13515 13507 13506
30310 18771 18780 18772
30311 13498 13490 13489
30312 13506 13498 13497
30313 20572 20581 20580
30314 7464 7473 7472
30315 13490 13482 13481
30316 20578 20569 20577
30317 13489 13490 13481
30318 9796 9731 9788
30319 18717 18726 18718
30320 6771 6780 6772
30321 18823 18758 18766
30322 13127 13480 13128
30323 18630 18695 18638
30324 5267 5276 5275
30325 5799 5790 5791
30326 18769 18760 18768
30327 5557 5548 5556
30328 18776 18785 18784
30329 18694 18759 18751
30330 8294 8285 8286
30331 18692 18701 18693
30332 7275 7284 7283
30333 10310 10301 10309
30334 13575 13566 13574
30335 8447 8456 8455
30336 18306 18297 18305
30337 18324 18333 18325
30338 13483 13482 13491
30339 18767 18776 18768
30340 13545 13553 13554
30341 18755 18764 18756
30342 13124 13115 13123
30343 13507 13515 13516
30344 13115 13114 13123
30345 13484 13483 13492
30346 13566 13558 13557
30347 19724 19715 19723
30348 18759 18768 18760
30349 18725 18716 18724
30350 18702 18693 18701
30351 18710 18701 18709
30352 13499 13507 13508
30353 13573 13565 13508
30354 13559 13551 13550
30355 13551 13542 13550
30356 13516 13573 13508
30357 18916 18925 18924
30358 13182 13173 13181
30359 18306 18297 18298
30360 5284 5293 5285
30361 5284 5285 82
30362 13565 13557 13500
30363 13565 13500 13508
30364 13557 13565 13566
30365 18840 18849 18841
30366 13553 13562 13554
30367 18772 18763 18771
30368 18754 18763 18755
30369 13500 13557 13492
30370 13567 13559 13558
30371 13567 13558 13566
30372 13099 13091 13090
30373 17865 17874 17873
30374 18761 18752 18760
30375 13152 13161 13153
30376 10275 10266 10274
30377 6977 6968 6969
30378 18567 18502 18510
30379 13549 13484 13492
30380 13191 13190 13543
30381 18753 18744 18752
30382 18392 18745 18393
30383 13543 13190 13542
30384 18986 18977 18978
30385 6190 6194 6191
30386 17048 17057 17056
30387 10376 10367 10375
30388 9797 9788 9796
30389 20545 20536 20544
30390 13174 13173 13182
30391 17858 17849 17850
30392 17386 17739 17738
30393 19816 19428 19429
30394 13173 13116 13181
30395 18393 18384 18392
30396 18752 18743 18751
30397 13123 13131 13132
30398 13181 13190 13182
30399 18988 18997 18996
30400 18445 18436 18444
30401 16849 16853 16852
30402 13542 13189 13541
30403 9295 9286 9287
30404 7838 7847 7839
30405 18383 18392 18384
30406 18775 18784 18783
30407 13485 13486 13477
30408 6381 6734 6382
30409 13181 13124 13189
30410 13113 13122 13114
30411 19333 19342 19341
30412 18360 18369 18361
30413 13116 13115 13124
30414 13484 13131 13483
30415 15974 15983 15982
30416 18325 18334 18326
30417 15878 16231 16230
30418 20737 20728 20729
30419 13132 13124 13123
30420 8935 8926 8934
30421 13484 13132 13131
30422 18751 18686 18694
30423 13122 13131 13123
30424 13482 13130 13129
30425 19557 19910 19558
30426 19051 19060 19052
30427 16514 16523 16522
30428 13481 13482 13129
30429 13130 13122 13121
30430 16664 16673 16672
30431 16693 16758 16750
30432 13171 13163 13162
30433 13483 13131 13130
30434 13482 13483 13130
30435 18769 18778 18777
30436 19962 20315 19963
30437 6615 6624 6623
30438 13564 13555 13563
30439 18831 18840 18832
30440 8968 8977 8969
30441 13564 13629 13621
30442 18782 18847 18839
30443 7534 7525 7533
30444 13580 13572 13571
30445 13556 13613 13548
30446 13548 13195 13547
30447 13548 13613 13605
30448 18332 18685 18684
30449 8219 7921 8218
30450 13572 13629 13564
30451 13578 13579 13570
30452 6839 6830 6838
30453 8520 8511 8512
30454 7535 7544 7536
30455 18781 18790 18782
30456 13546 13545 13554
30457 13570 13571 13562
30458 13571 13563 13562
30459 13568 13569 13560
30460 7722 7787 7730
30461 13546 13554 13555
30462 13177 13186 13178
30463 8882 8891 8883
30464 13172 13164 13163
30465 18773 18764 18765
30466 13560 13552 13551
30467 13157 13092 13100
30468 15751 15742 15743
30469 18745 18754 18746
30470 13560 13561 13552
30471 13561 13553 13552
30472 18332 18323 18324
30473 13577 13578 13569
30474 18780 18789 18781
30475 13577 13568 13576
30476 17898 17889 17897
30477 6277 6268 6276
30478 13561 13570 13562
30479 8584 8575 8583
30480 13560 13569 13561
30481 17267 16914 16915
30482 8190 8199 8191
30483 18787 18778 18786
30484 13576 13568 13567
30485 13575 13576 13567
30486 18762 18753 18761
30487 13560 13559 13568
30488 13567 13568 13559
30489 9276 9211 9219
30490 13551 13559 13560
30491 8565 8574 8566
30492 10253 10262 10261
30493 13551 13552 13543
30494 18380 18389 18381
30495 13188 13187 13196
30496 13245 13188 13253
30497 13192 13545 13193
30498 9823 9814 9815
30499 18758 18749 18757
30500 13192 13544 13545
30501 16715 16706 16707
30502 13191 13544 13192
30503 13229 13172 13237
30504 18756 18747 18755
30505 13194 13193 13546
30506 13193 13545 13546
30507 13186 13185 13194
30508 13186 13195 13187
30509 8490 8481 8482
30510 13185 13193 13194
30511 18808 18455 18807
30512 18285 18294 18293
30513 16395 16386 16387
30514 10279 10288 10280
30515 18393 18746 18394
30516 13543 13544 13191
30517 18807 18816 18808
30518 18388 18397 18389
30519 13547 13195 13194
30520 8319 8310 8318
30521 13194 13546 13547
30522 10365 10356 10357
30523 13178 13187 13179
30524 13107 13108 13099
30525 18447 18382 18439
30526 13237 13180 13245
30527 13178 13186 13187
30528 5803 5768 5795
30529 19661 19670 19662
30530 19837 20225 19838
30531 13245 13180 13188
30532 10253 9900 10252
30533 18397 18750 18398
30534 19408 19412 19411
30535 13196 13605 13253
30536 18562 18571 18570
30537 13155 13164 13156
30538 18431 18366 18374
30539 20173 20182 20174
30540 10162 10153 10154
30541 19094 18741 19093
30542 13171 13172 13163
30543 7390 7381 7382
30544 18381 18390 18382
30545 13155 13163 13164
30546 20271 20280 20272
30547 18439 18448 18440
30548 8923 8914 8915
30549 16671 16662 16663
30550 13170 13179 13171
30551 9550 9541 9549
30552 19971 19618 19970
30553 13172 13180 13237
30554 13156 13148 13147
30555 13162 13163 13154
30556 18371 18362 18370
30557 13170 13178 13179
30558 19160 19151 19159
30559 19006 19010 19007
30560 6573 6926 6925
30561 18365 18374 18366
30562 13160 13161 13152
30563 13170 13171 13162
30564 13174 13175 13166
30565 13161 13162 13153
30566 8513 8522 8514
30567 16360 16007 16008
30568 13167 13168 13159
30569 13135 13136 4980
30570 16838 16878 16841
30571 18382 18373 18381
30572 16892 16883 16884
30573 13160 13168 13169
30574 18354 18345 18346
30575 13162 13161 13170
30576 18369 18378 18370
30577 13145 13153 13154
30578 13153 13162 13154
30579 6242 6233 6234
30580 18350 18415 18407
30581 6944 6935 6936
30582 18354 18363 18355
30583 13160 13151 13159
30584 13166 13157 13165
30585 17548 17539 17540
30586 13135 13144 13136
30587 8886 8877 8878
30588 13142 13141 13150
30589 18839 18774 18831
30590 15852 15861 15860
30591 9686 9677 9678
30592 13154 13146 13145
30593 15608 15638 15630
30594 13155 13156 13147
30595 18364 18355 18363
30596 7078 6725 6726
30597 18669 18660 18668
30598 9590 9599 9598
30599 18365 18356 18364
30600 5703 5350 5702
30601 18346 18355 18347
30602 13158 13157 13166
30603 7904 7913 7905
30604 7904 7905 2702
30605 6505 6514 6506
30606 13134 13133 13142
30607 13135 4979 13134
30608 13145 13137 13136
30609 13145 13136 13144
30610 18338 18347 18339
30611 9577 9581 9578
30612 20114 20105 20106
30613 13147 13148 13139
30614 13139 13148 13140
30615 18357 18366 18358
30616 7080 6727 7079
30617 10147 10138 10139
30618 9368 9721 9369
30619 18423 18358 18366
30620 10186 18342 10187
30621 13098 13099 13090
30622 18348 18357 18349
30623 13146 13154 13155
30624 13147 13146 13155
30625 18350 18341 18349
30626 4984 4983 13139
30627 18179 18170 18171
30628 4983 13138 13139
30629 18341 10185 18340
30630 13140 13148 13205
30631 13205 13197 13140
30632 13150 13141 13149
30633 9273 9264 9265
30634 10255 10264 10256
30635 13115 13106 13114
30636 13108 13100 13099
30637 18310 18301 18309
30638 17019 17010 17011
30639 9038 9047 9039
30640 13106 13115 13107
30641 18361 18352 18360
30642 13166 13175 13167
30643 13166 13167 13158
30644 18565 18574 18566
30645 18630 18621 18622
30646 13159 13151 13150
30647 13106 13107 13098
30648 13107 13099 13098
30649 13105 13106 13097
30650 13106 13098 13097
30651 18310 18375 18367
30652 18368 18359 18367
30653 13150 13149 13158
30654 13173 13165 13108
30655 18383 18318 18326
30656 18384 18375 18383
30657 13116 13173 13108
30658 5327 5640 5639
30659 6047 5694 6046
30660 13165 13173 13174
30661 5730 5721 5722
30662 20373 20686 20374
30663 20122 20131 20130
30664 18353 18362 18354
30665 17028 17037 17036
30666 20267 20258 20266
30667 18361 18370 18362
30668 7274 6921 6922
30669 13092 13157 13149
30670 18562 18553 18561
30671 18294 18359 18351
30672 17432 17423 17424
30673 18367 18302 18310
30674 13108 13165 13100
30675 13133 4921 13076
30676 16173 16238 16181
30677 7568 7577 7569
30678 9034 9043 9035
30679 13149 13141 13084
30680 13084 13092 13149
30681 18344 18335 18343
30682 18289 18298 18297
30683 9944 9953 9945
30684 13135 4980 4979
30685 9039 9030 9038
30686 20546 20555 20547
30687 16239 16230 16231
30688 19560 19207 19208
30689 8698 8689 8697
30690 18431 18440 18432
30691 16748 16757 16756
30692 13143 13134 13142
30693 13076 13141 13133
30694 18343 18352 18344
30695 7347 7356 7355
30696 13084 13141 13076
30697 13012 13020 13077
30698 18274 18283 18275
30699 18293 18302 18294
30700 13089 13090 13081
30701 18276 10120 18275
30702 8227 8218 8226
30703 13075 4920 4919
30704 10117 18273 10118
30705 13077 13086 13078
30706 13081 13090 13082
30707 16063 16054 16055
30708 10192 9839 10191
30709 4919 4918 13074
30710 9445 9454 9446
30711 13073 13074 4918
30712 13041 13049 13050
30713 18283 18292 18284
30714 13083 13074 13082
30715 9172 9168 9171
30716 18277 18286 18278
30717 18278 10122 10123
30718 4919 13074 13075
30719 13078 13079 13070
30720 17204 17213 17205
30721 18275 10119 18274
30722 13088 13096 13097
30723 13070 13069 13078
30724 13073 13072 13081
30725 13073 4918 4917
30726 18330 18321 18329
30727 6480 6489 6481
30728 13072 4916 13071
30729 18234 18225 18226
30730 4917 4916 13072
30731 13097 13089 13088
30732 13072 13071 13080
30733 13071 13079 13080
30734 13071 4915 13070
30735 16417 16770 16769
30736 18281 18272 18280
30737 13105 13096 13104
30738 13069 13077 13078
30739 18320 18329 18321
30740 8033 8024 8025
30741 10116 18272 10117
30742 13070 4915 4914
30743 7171 7180 7172
30744 13104 13113 13105
30745 20416 20425 20417
30746 18254 18319 18311
30747 18273 18282 18281
30748 13128 13481 13129
30749 18282 18291 18283
30750 13419 13066 13418
30751 5213 5222 5221
30752 18290 18281 18289
30753 18702 18693 18694
30754 13089 13081 13080
30755 13088 13080 13079
30756 20672 20663 20671
30757 9999 9646 9647
30758 13126 13117 13125
30759 13101 13109 13110
30760 13097 13096 13105
30761 18274 10118 10119
30762 20472 20481 20473
30763 13118 13117 13126
30764 13013 13022 13014
30765 13110 13102 13101
30766 18299 18308 18300
30767 20551 20486 20494
30768 20678 20669 20670
30769 18312 18303 18311
30770 13017 13026 13018
30771 13111 13102 13110
30772 13103 13102 13111
30773 8463 8454 8462
30774 7799 15955 15954
30775 18241 18250 18242
30776 13101 13036 13044
30777 13042 13043 13034
30778 13093 13085 13028
30779 8923 8914 8922
30780 13027 13035 13036
30781 13043 13052 13044
30782 13010 4854 13009
30783 13032 13023 13031
30784 13065 13056 13064
30785 18296 18287 18295
30786 15786 15777 15778
30787 7625 7634 7633
30788 10064 10073 10072
30789 18679 18270 18622
30790 13019 13018 13027
30791 7639 7648 7640
30792 13019 13011 13010
30793 13043 13035 13034
30794 18237 18246 18238
30795 15638 15647 15646
30796 13042 13051 13043
30797 6788 6779 6780
30798 18299 18290 18291
30799 9266 9275 9274
30800 13027 13018 13026
30801 20177 20168 20176
30802 18210 10054 10055
30803 20165 19812 20164
30804 7746 7393 7745
30805 4856 4855 13011
30806 13028 13085 13020
30807 7350 7359 7358
30808 13017 13025 13026
30809 13025 13017 13016
30810 18219 18228 18220
30811 18212 18221 18213
30812 13012 4856 13011
30813 10058 18214 10059
30814 13019 13028 13020
30815 18220 18229 18228
30816 13027 13028 13019
30817 18235 18226 18234
30818 4852 13007 13008
30819 18218 18209 18217
30820 18217 18226 18218
30821 16836 16840 16837
30822 13017 13009 13008
30823 9836 10189 10188
30824 19897 20250 19898
30825 18522 18875 18523
30826 18625 18616 18624
30827 13016 13017 13008
30828 18211 18220 18212
30829 19918 19909 19917
30830 20564 20555 20556
30831 16507 16860 16859
30832 9005 8996 9004
30833 16141 16206 16149
30834 13008 13009 4853
30835 13009 4854 4853
30836 13030 13029 13038
30837 13016 13007 13015
30838 13008 13007 13016
30839 13022 13013 13021
30840 19323 19314 19315
30841 13006 13015 13007
30842 13005 13013 13014
30843 13006 13007 4851
30844 6168 6521 6169
30845 18208 18217 18209
30846 4851 13007 4852
30847 10052 18208 10053
30848 13005 13014 13006
30849 6110 6119 6111
30850 16551 16542 16543
30851 13047 13055 13056
30852 18216 18207 18208
30853 9336 9327 9335
30854 9385 9394 9393
30855 20206 20197 20198
30856 17511 17502 17503
30857 18930 19283 18931
30858 19281 18928 19280
30859 13042 13033 13041
30860 18643 18652 18644
30861 9117 9126 9118
30862 18221 18230 18229
30863 19810 19801 19802
30864 7798 15954 7799
30865 15957 18215 18207
30866 13030 13021 13029
30867 18615 18624 18616
30868 13037 13046 13038
30869 8622 8269 8621
30870 5840 5849 5841
30871 8646 8637 8645
30872 13046 13047 13038
30873 18231 18240 18232
30874 10794 10795 10803
30875 18249 18240 18248
30876 18289 18298 18290
30877 8618 8609 8617
30878 18243 18234 18242
30879 13057 13056 13065
30880 13047 13039 13038
30881 15814 15749 15806
30882 18245 18236 18244
30883 13034 13026 13025
30884 18336 18345 18337
30885 13033 13032 13041
30886 13041 13032 13040
30887 18267 18258 18266
30888 13064 13055 13063
30889 18086 12883 18085
30890 13066 13058 13057
30891 18227 18236 18228
30892 18269 18260 18268
30893 13041 13050 13042
30894 9443 9508 9500
30895 13066 13057 13065
30896 13025 13033 13034
30897 18346 18355 18354
30898 7735 15891 7736
30899 5864 5873 5865
30900 13054 13062 13063
30901 13048 13040 13039
30902 13047 13048 13039
30903 13049 13040 13048
30904 18242 18251 18243
30905 19692 19701 19700
30906 8225 8216 8217
30907 18629 18638 18637
30908 20280 20289 20281
30909 7655 7664 7663
30910 13050 13049 13058
30911 18259 18268 18260
30912 13065 13064 13417
30913 18453 18462 18454
30914 9235 9300 9292
30915 17396 17043 17044
30916 13057 13048 13056
30917 18266 18619 18267
30918 13417 13064 13416
30919 20400 20391 20399
30920 13056 13048 13047
30921 17430 17439 17438
30922 20307 20660 20308
30923 6970 9228 9220
30924 16430 16426 16427
30925 8236 8171 8179
30926 13054 13045 13053
30927 18650 18659 18651
30928 20612 20621 20613
30929 11195 11186 11187
30930 11167 11175 11166
30931 9649 9640 9641
30932 18257 18266 18258
30933 18257 18248 18256
30934 18689 18680 18681
30935 13062 13053 13061
30936 7067 7420 7419
30937 20307 20298 20306
30938 17251 17255 17254
30939 13425 13416 13424
30940 13061 13413 13414
30941 16018 16022 16021
30942 11178 11169 11170
30943 7111 7102 7110
30944 13414 13062 13061
30945 18075 18066 18067
30946 18265 18618 18266
30947 13415 13062 13414
30948 18656 18647 18655
30949 13422 13414 13413
30950 13063 13062 13415
30951 13447 13438 13446
30952 15740 15749 15748
30953 9253 9244 9252
30954 9349 9358 9350
30955 6009 6000 6001
30956 16389 18647 16397
30957 16403 16412 16404
30958 13423 13415 13414
30959 13414 13422 13423
30960 13439 13430 13438
30961 18661 18652 18660
30962 18912 18921 18913
30963 13422 13430 13431
30964 18642 18651 18643
30965 13431 13430 13439
30966 13437 13438 13429
30967 13438 13430 13429
30968 13424 13415 13423
30969 18556 18565 18564
30970 5589 5580 5588
30971 16023 10818 10821
30972 18640 18649 18641
30973 18648 18657 18649
30974 13437 13445 13446
30975 18648 18639 18647
30976 13446 13438 13437
30977 18620 18629 18628
30978 18626 18617 18625
30979 10090 10099 10091
30980 13424 13433 13425
30981 18628 18637 18629
30982 13501 13510 13502
30983 18996 18987 18995
30984 18628 18619 18627
30985 13425 13426 13417
30986 10390 10394 10393
30987 8114 8105 8113
30988 13417 13416 13425
30989 13439 13440 13431
30990 9320 9329 9321
30991 13418 13427 13419
30992 8193 8202 8194
30993 6001 5992 6000
30994 13418 13417 13426
30995 13512 13513 13504
30996 15659 15650 15651
30997 19384 19393 19392
30998 7985 7994 7986
30999 18648 18639 18640
31000 13440 13432 13431
31001 9649 10002 9650
31002 18642 18633 18641
31003 7094 7085 7093
31004 6152 6161 6160
31005 5720 5729 5721
31006 16178 16169 16170
31007 18645 18636 18644
31008 13443 13442 13451
31009 19728 19737 19736
31010 13450 13442 13441
31011 18660 18651 18659
31012 13441 13449 13450
31013 18644 18635 18643
31014 13441 13442 13433
31015 13433 13442 13434
31016 18704 18713 18705
31017 13452 13444 13443
31018 17172 17163 17164
31019 16171 15818 15819
31020 10207 10198 10206
31021 13434 13443 13435
31022 18662 18653 18661
31023 17594 17603 17602
31024 13442 13443 13434
31025 18646 18637 18645
31026 13435 13444 13436
31027 13435 13443 13444
31028 10235 10226 10234
31029 13501 13493 13436
31030 15971 15962 15963
31031 13427 13428 13419
31032 18325 18316 18317
31033 13509 13444 13452
31034 16920 16929 16928
31035 13052 13117 13109
31036 13428 13485 13420
31037 13485 13477 13420
31038 19564 19573 19572
31039 19736 19727 19728
31040 19714 19705 19706
31041 19677 19686 19685
31042 13428 13493 13485
31043 13436 13493 13428
31044 9013 9022 9014
31045 19109 19118 19117
31046 8385 8376 8377
31047 13501 13509 13510
31048 13501 13502 13493
31049 13129 13121 13120
31050 18772 18781 18773
31051 10155 10220 10212
31052 13503 13502 13511
31053 13511 13502 13510
31054 13503 13495 13494
31055 16792 16783 16784
31056 13505 13504 13513
31057 18724 18715 18723
31058 13497 13496 13505
31059 18723 18714 18722
31060 13503 13512 13504
31061 13503 13511 13512
31062 19308 19299 19300
31063 10077 10068 10076
31064 13495 13503 13504
31065 13497 13489 13488
31066 6388 6397 6389
31067 13487 13488 13479
31068 5952 5943 5951
31069 7041 7032 7033
31070 18699 18708 18700
31071 18691 18682 18690
31072 13478 13487 13479
31073 13495 13496 13487
31074 18699 18690 18698
31075 8922 8913 8914
31076 5779 5783 5780
31077 13478 13486 13487
31078 13478 13477 13486
31079 18312 18321 18313
31080 13109 13118 13110
31081 17743 17752 17751
31082 13485 13494 13486
31083 18696 18687 18695
31084 13485 13493 13494
31085 13112 13121 13113
31086 18681 18328 18680
31087 9134 9125 9126
31088 13119 13128 13120
31089 18689 18680 18688
31090 13119 13127 13128
31091 13126 13479 13127
31092 13478 13479 13126
31093 13479 13480 13127
31094 5274 5299 5282
31095 20626 20779 20778
31096 13120 13128 13129
31097 6481 6490 6489
31098 5517 5508 5516
31099 18635 18626 18627
31100 9347 9338 9346
31101 20688 20679 20687
31102 13119 13120 13111
31103 17991 17638 17639
31104 8418 8427 8419
31105 13111 13120 13112
31106 6380 6733 6381
31107 13109 13117 13118
31108 18683 18330 18682
31109 13066 13419 13067
31110 18682 18329 18681
31111 13126 13127 13118
31112 7268 6915 7267
31113 17051 16698 16699
31114 13118 13127 13119
31115 16782 16791 16790
31116 18688 18679 18687
31117 13110 13119 13111
31118 13110 13118 13119
31119 8949 8940 8948
31120 13051 13059 13060
31121 19096 19087 19095
31122 13420 13477 13068
31123 13052 13060 13117
31124 15486 15495 15487
31125 20697 20688 20696
31126 18327 18680 18328
31127 18268 18621 18269
31128 13420 13068 13067
31129 13419 13420 13067
31130 18262 18253 18261
31131 18270 18261 18269
31132 19231 19240 19232
31133 13060 13052 13051
31134 19574 19639 19631
31135 7528 7537 7529
31136 13066 13067 13058
31137 18018 18027 18026
31138 6246 6237 6238
31139 13058 13059 13050
31140 18690 18681 18682
31141 13125 13117 13060
31142 13060 13068 13125
31143 18327 18262 18270
31144 19076 19067 19075
31145 19183 19192 19191
31146 6422 6431 6430
31147 19090 19099 19098
31148 20291 20300 20299
31149 15497 20700 20699
31150 15490 15489 15498
31151 15512 15521 15513
31152 6660 7013 7012
31153 20716 20725 20717
31154 15522 20725 20724
31155 15523 15515 15514
31156 15523 20726 20725
31157 15516 15515 15524
31158 18019 18010 18011
31159 15493 20696 20695
31160 20698 20689 20697
31161 6881 6890 6889
31162 17154 17163 17162
31163 15485 15494 15486
31164 15465 15474 15466
31165 20695 15476 15493
31166 15476 15493 15468
31167 18320 18311 18312
31168 17325 17734 17677
31169 15495 20698 20697
31170 15494 20697 20696
31171 15468 15493 15485
31172 20670 20695 20687
31173 19945 19954 19953
31174 10051 10116 10059
31175 15463 15472 15464
31176 18194 18203 18195
31177 20687 20696 20695
31178 15465 15464 15473
31179 20666 20675 20667
31180 12755 12812 12820
31181 7774 7783 7775
31182 13001 12992 12993
31183 5729 5738 5730
31184 16517 16582 16525
31185 18189 18051 18188
31186 15453 12851 12988
31187 16015 16019 16018
31188 6998 6994 6995
31189 6330 5977 6329
31190 12962 12784 12785
31191 18166 17988 18165
31192 6610 6257 6609
31193 5549 5540 5541
31194 18164 18173 18165
31195 7839 7848 7840
31196 12773 12781 12782
31197 12838 12847 12846
31198 20133 20142 20134
31199 5243 5252 5244
31200 18544 18553 18545
31201 12780 12772 12781
31202 12677 12685 12676
31203 17873 17882 17874
31204 6939 6874 6882
31205 12774 12783 12782
31206 12950 12941 12942
31207 18138 18147 18139
31208 19238 19303 19246
31209 12944 12936 12945
31210 19268 19259 19260
31211 12736 12744 12735
31212 12686 12677 12678
31213 5829 5820 5821
31214 16687 16678 16686
31215 12721 12939 12938
31216 5962 6027 5970
31217 5595 5604 5596
31218 15968 15977 15969
31219 18853 18862 18854
31220 18591 10379 18534
31221 16916 17269 17268
31222 7004 7000 7001
31223 12975 18178 18177
31224 6595 6599 6598
31225 19639 19648 19640
31226 7028 7037 7036
31227 19066 19075 19074
31228 6753 6762 6761
31229 10747 10804 11156
31230 11165 11157 11166
31231 18762 18771 18770
31232 20188 20197 20196
31233 5413 5404 5412
31234 16306 16297 16305
31235 20547 20556 20555
31236 18219 18228 18227
31237 9175 9171 9174
31238 20616 20607 20608
31239 15927 15936 15928
31240 11173 11181 11172
31241 11180 11115 11172
31242 5444 5453 5445
31243 18645 18636 18637
31244 9381 9372 9380
31245 15939 15948 15940
31246 5333 5342 5341
31247 9868 9877 9869
31248 10774 10765 10766
31249 8710 8701 8709
31250 15918 15927 15919
31251 8410 8419 8411
31252 10720 10728 10729
31253 16106 16115 16114
31254 15935 15926 15934
31255 20259 20268 20267
31256 10742 10743 11095
31257 6571 6924 6572
31258 10744 11096 10743
31259 16322 16313 16321
31260 17821 17812 17813
31261 19917 19926 19918
31262 10746 11098 10745
31263 7675 7266 7323
31264 20690 20699 20698
31265 11127 11136 11128
31266 16983 16992 16984
31267 6545 6554 6553
31268 16315 16306 16314
31269 19843 19852 19844
31270 6717 6726 6718
31271 8178 8169 8170
31272 19139 19148 19140
31273 18187 18196 18195
31274 16320 16311 16319
31275 16136 16145 16144
31276 7211 7220 7219
31277 11189 11180 11181
31278 19285 18932 18933
31279 8607 8616 8608
31280 9272 9281 9273
31281 10745 11097 10744
31282 18673 19026 18674
31283 11110 11102 11111
31284 15843 15852 15851
31285 6519 6528 6527
31286 20568 20215 20216
31287 11135 11127 11136
31288 11075 11140 11083
31289 16201 16192 16193
31290 11098 11106 11097
31291 15733 15798 15741
31292 11104 11112 11103
31293 19325 19316 19324
31294 17083 17092 17091
31295 11113 11114 11122
31296 11098 11107 11106
31297 11111 11119 11110
31298 7680 7327 7679
31299 11100 11101 11109
31300 19967 19976 19975
31301 10124 9715 10067
31302 19722 19731 19723
31303 20163 19810 20162
31304 19664 19673 19672
31305 19748 19739 19747
31306 8489 8480 8481
31307 17687 17696 17695
31308 11128 11136 11137
31309 16275 16266 16267
31310 11105 11097 11106
31311 7104 7095 7103
31312 10126 10135 10127
31313 6495 6504 6496
31314 16079 16088 16087
31315 19316 19307 19308
31316 6583 6587 6586
31317 13061 10803 10811
31318 11113 11105 11114
31319 9909 9556 9557
31320 16355 16708 16356
31321 19061 19052 19060
31322 18909 18918 18917
31323 6179 6175 6178
31324 11106 11114 11105
31325 10745 10737 10746
31326 16733 16724 16732
31327 16057 16048 16049
31328 8476 8411 8468
31329 18712 18721 18720
31330 7895 8153 7896
31331 5331 5340 5339
31332 8505 8496 8504
31333 16267 16258 16259
31334 10738 10730 10739
31335 11212 11213 11565
31336 20616 20607 20615
31337 6679 6688 6680
31338 19688 19335 19336
31339 16392 16383 16391
31340 19306 19297 19298
31341 11177 11169 11178
31342 8235 8226 8227
31343 7968 7977 7976
31344 18276 10120 10121
31345 9834 9843 9835
31346 19719 19728 19720
31347 10738 10739 10747
31348 18412 18403 18404
31349 16767 16776 16775
31350 9298 9307 9306
31351 10776 10775 10767
31352 8540 8549 8548
31353 10806 11159 10807
31354 9059 9124 9116
31355 11189 11181 11190
31356 9824 9833 9832
31357 11107 11172 11115
31358 15949 16358 16006
31359 16388 16397 16389
31360 19044 19035 19036
31361 16371 16362 16370
31362 7486 7495 7494
31363 16372 16381 16373
31364 17852 17843 17844
31365 9310 8957 9309
31366 16389 18647 18639
31367 9317 9326 9318
31368 9829 9820 9821
31369 18749 18396 18397
31370 17503 17494 17495
31371 8058 8049 8057
31372 19292 19283 19291
31373 8719 8710 8718
31374 16387 16378 16386
31375 11158 11167 11166
31376 15901 15966 15909
31377 15967 15958 15966
31378 10787 10778 10779
31379 11169 11177 11168
31380 11159 11167 11168
31381 11171 11179 11170
31382 15987 15996 15988
31383 7813 7822 7821
31384 6726 7079 6727
31385 18155 18146 18147
31386 15936 15945 15944
31387 10795 13053 10803
31388 11178 11170 11179
31389 7693 7684 7692
31390 11161 10809 11162
31391 16295 15942 15943
31392 20700 20691 20699
31393 9073 9082 9074
31394 10800 10792 10801
31395 10102 10111 10110
31396 9131 9171 9139
31397 18786 18795 18794
31398 10801 10802 10810
31399 15985 15994 15986
31400 19477 19468 19469
31401 19676 19685 19677
31402 19948 19957 19956
31403 8852 8861 8853
31404 16361 16008 16360
31405 20372 20685 20373
31406 10761 10769 10760
31407 11156 10804 11157
31408 7305 7296 7297
31409 11157 11165 11156
31410 8350 8354 8351
31411 16002 15993 16001
31412 10718 10719 10710
31413 19457 19466 19465
31414 19206 19197 19205
31415 16122 16113 16114
31416 18457 18810 18809
31417 19469 19478 19477
31418 13045 10787 10795
31419 6746 6811 6803
31420 16765 16756 16757
31421 9609 9618 9617
31422 8232 8223 8231
31423 9376 9385 9377
31424 15925 15916 15924
31425 10775 10774 10766
31426 18627 18636 18635
31427 19442 19451 19450
31428 7103 7094 7095
31429 10785 10776 10777
31430 19530 19539 19531
31431 17228 17237 17236
31432 2593 10748 2536
31433 19749 20102 19750
31434 10715 10714 10706
31435 18822 18813 18814
31436 7647 7638 7639
31437 6760 6769 6761
31438 20218 20209 20217
31439 10786 10778 10787
31440 18646 18637 18638
31441 5472 5481 5473
31442 16601 16610 16609
31443 16291 16644 16643
31444 19999 20008 20000
31445 10757 10749 10758
31446 10779 13037 10787
31447 15999 15990 15998
31448 20086 20077 20078
31449 18985 18994 18993
31450 19897 20250 20249
31451 7802 18207 10052
31452 15959 15950 15958
31453 10800 10801 10809
31454 10695 10703 10694
31455 10772 10781 10780
31456 19031 19040 19032
31457 15980 15971 15979
31458 7799 15955 7800
31459 16877 16942 16885
31460 7991 7982 7990
31461 2597 10753 2598
31462 16370 16361 16369
31463 19514 19505 19506
31464 9835 9900 9892
31465 13037 10787 13045
31466 8385 8394 8386
31467 17998 17933 17990
31468 9742 9751 9743
31469 17134 17069 17126
31470 7567 7558 7566
31471 15995 15986 15987
31472 10764 10756 10765
31473 7064 7055 7063
31474 18296 18287 18288
31475 19268 19259 19267
31476 16741 16806 16749
31477 10762 10770 10761
31478 13021 13029 10771
31479 10761 10770 10769
31480 15961 15970 15969
31481 13053 10803 13061
31482 7729 7738 7730
31483 7001 6997 6998
31484 9815 9824 9816
31485 16745 16754 16753
31486 19172 19181 19173
31487 10760 10759 10751
31488 17885 17876 17877
31489 15971 15962 15970
31490 10695 10686 10687
31491 18343 18352 18351
31492 10760 10768 10759
31493 10780 10789 10781
31494 17929 17576 17928
31495 20756 20563 20564
31496 20248 20257 20249
31497 9104 9095 9103
31498 7315 7324 7323
31499 9495 9486 9487
31500 10776 10775 10784
31501 15951 7795 15950
31502 15893 7737 15892
31503 10791 10783 10782
31504 5916 5563 5915
31505 6263 6272 6271
31506 17593 17584 17585
31507 8697 8688 8689
31508 10702 10694 10703
31509 15959 15968 15960
31510 10758 10757 10766
31511 10715 10780 10723
31512 2535 10690 2534
31513 19937 19946 19945
31514 6575 6566 6574
31515 6396 6405 6397
31516 15688 15679 15680
31517 18239 18248 18240
31518 20734 20501 20733
31519 19701 19710 19709
31520 8782 8773 8781
31521 16066 16057 16065
31522 20329 20320 20328
31523 15868 15859 15860
31524 19794 19785 19786
31525 15938 15947 15939
31526 10736 10745 10744
31527 7917 7908 7916
31528 16333 16324 16332
31529 5310 5319 5318
31530 17590 17525 17582
31531 8225 8216 8224
31532 17728 18066 18065
31533 18661 18670 18662
31534 10703 10704 10712
31535 18285 18294 18286
31536 20672 20663 20664
31537 5894 5903 5902
31538 10781 10790 10789
31539 9309 8956 9308
31540 18326 18317 18318
31541 8925 8916 8924
31542 6267 6202 6259
31543 15890 15899 15898
31544 2467 10623 2468
31545 19981 19972 19980
31546 10689 10688 2533
31547 8772 6170 6522
31548 15897 15906 15898
31549 18039 18048 18047
31550 10720 10712 10721
31551 18451 18460 18459
31552 15921 15930 15922
31553 9769 9760 9768
31554 10781 10773 10782
31555 15917 15908 15916
31556 10708 10717 10716
31557 8381 8390 8382
31558 20013 20022 20021
31559 15901 15892 15900
31560 19741 19750 19742
31561 19752 19399 19400
31562 19555 19908 19556
31563 18361 18370 18369
31564 7079 7088 7087
31565 6477 6486 6478
31566 8782 8791 8790
31567 10705 10713 10704
31568 6072 6063 6064
31569 10696 10688 10687
31570 16854 16863 16862
31571 10714 10713 10705
31572 19235 19226 19234
31573 10635 10700 10643
31574 20086 20151 20143
31575 2472 10684 10627
31576 15784 15793 15792
31577 9954 9963 9955
31578 20178 20169 20170
31579 6743 6752 6744
31580 8885 8894 8886
31581 19865 19874 19873
31582 2530 10686 2531
31583 7116 7107 7115
31584 10693 10702 10701
31585 15845 15836 15844
31586 6912 6921 6913
31587 15829 7673 15828
31588 10725 10724 10716
31589 9272 9263 9271
31590 10725 10717 10716
31591 20043 20034 20035
31592 15853 15844 15852
31593 8614 8605 8613
31594 16999 17008 17007
31595 7731 15887 7732
31596 15837 15828 15836
31597 19360 19351 19359
31598 17308 17317 17316
31599 18165 17987 17988
31600 7669 15825 7670
31601 15910 15845 15853
31602 10635 10627 10692
31603 18405 18414 18406
31604 20441 20450 20442
31605 19963 19954 19955
31606 7432 7423 7424
31607 19441 19450 19442
31608 10683 10675 10740
31609 8172 8107 8164
31610 10665 10666 10657
31611 10013 10004 10012
31612 19013 19009 19010
31613 11048 11056 11047
31614 10709 10710 10718
31615 15844 15835 15843
31616 19721 19712 19713
31617 10627 10626 2471
31618 19574 19639 19582
31619 6653 6644 6645
31620 10624 2469 10625
31621 19166 19231 19174
31622 10630 10622 10631
31623 10635 10643 10634
31624 15765 7609 15764
31625 9975 9979 9976
31626 6062 6071 6063
31627 15680 15689 15688
31628 7856 7865 7857
31629 7856 7857 2654
31630 10740 11092 10683
31631 7907 7882 7890
31632 2466 10622 10621
31633 10648 10647 10639
31634 19870 19861 19869
31635 10321 9968 9969
31636 7915 8213 8212
31637 10623 10622 2467
31638 10642 10650 10641
31639 10629 10620 10621
31640 7369 7378 7377
31641 19776 19767 19775
31642 16836 11631 16833
31643 16836 16837 16833
31644 18769 18778 18770
31645 15905 15896 15904
31646 11513 11505 11514
31647 15643 15652 15651
31648 20618 20627 20626
31649 15920 15929 15921
31650 18488 18479 18487
31651 570 5775 573
31652 16233 16242 16234
31653 20382 20447 20390
31654 16421 19023 16773
31655 19507 19516 19508
31656 17521 17530 17529
31657 17103 17094 17095
31658 6161 6170 6169
31659 10692 10627 10684
31660 10643 10708 10700
31661 10717 10708 10709
31662 11116 11124 11059
31663 19886 19877 19878
31664 18909 18918 18910
31665 10701 10710 10702
31666 10653 10645 10654
31667 15763 7607 15762
31668 10600 10608 10599
31669 18255 15997 16005
31670 6961 6970 6969
31671 15849 15840 15848
31672 17935 17926 17927
31673 15762 15771 15763
31674 9117 9108 9109
31675 7265 7256 7264
31676 7204 7213 7205
31677 20656 20665 20664
31678 15823 7667 15822
31679 19267 19276 19268
31680 15850 15841 15849
31681 16497 16506 16505
31682 19331 19340 19332
31683 15823 15832 15824
31684 15830 15839 15831
31685 16228 16219 16220
31686 17139 17148 17147
31687 11056 11047 11055
31688 5806 5815 5807
31689 19369 19378 19370
31690 8458 8449 8450
31691 15842 15833 15841
31692 19088 19097 19089
31693 19403 19756 19755
31694 15826 15835 15827
31695 15822 7610 7667
31696 17403 17412 17411
31697 7715 7650 7707
31698 10154 10163 10155
31699 11048 11039 11040
31700 10668 10660 10669
31701 10639 10638 10630
31702 7670 15826 7671
31703 2468 10624 2469
31704 20644 20640 20643
31705 15789 15854 15846
31706 20675 15472 20674
31707 7656 7665 7664
31708 20011 20002 20010
31709 10646 10654 10645
31710 20333 20342 20341
31711 5457 5448 5456
31712 9492 9427 9435
31713 5948 5939 5947
31714 10630 10631 10639
31715 7393 7384 7392
31716 10674 10666 10675
31717 19904 19551 19552
31718 10654 10655 10663
31719 10632 10641 10640
31720 10662 10654 10663
31721 15825 15834 15826
31722 18182 12979 18181
31723 8229 8220 8221
31724 8129 8138 8130
31725 10623 10631 10622
31726 10015 10006 10014
31727 19084 19437 19085
31728 6592 6596 6593
31729 8770 9158 8771
31730 9550 9559 9551
31731 8558 8205 8206
31732 15855 15864 15856
31733 6884 6893 6885
31734 15813 15878 15870
31735 10557 10558 10566
31736 10136 10145 10137
31737 10610 10619 10618
31738 18070 18095 18078
31739 9587 9583 9584
31740 8359 8363 8360
31741 6140 6149 6148
31742 10606 10598 10607
31743 10606 10605 10597
31744 6579 990 6192
31745 6579 6580 6192
31746 11029 11037 11028
31747 8512 8521 8513
31748 17400 17391 17392
31749 10201 10192 10200
31750 15871 15862 15870
31751 11068 11060 11003
31752 18173 18182 18181
31753 10246 10237 10238
31754 6172 5784 5785
31755 7843 8021 8020
31756 8870 8861 8869
31757 16213 16204 16212
31758 10978 10987 10986
31759 10618 10610 10609
31760 20585 20594 20586
31761 10278 10269 10277
31762 7698 7763 7755
31763 10617 10609 10608
31764 10609 10608 10600
31765 16172 15819 16171
31766 6292 6283 6284
31767 5998 5989 5997
31768 11052 10987 11044
31769 10618 10617 10609
31770 11032 11031 10679
31771 15821 16230 15878
31772 18600 18550 18597
31773 20685 20694 20686
31774 16251 16260 16252
31775 15848 15857 15849
31776 16880 16871 16872
31777 9457 9466 9465
31778 7508 7517 7509
31779 16283 16292 16291
31780 10368 10377 10369
31781 15874 15865 15873
31782 19287 19222 19279
31783 6269 6260 6261
31784 20562 20755 20563
31785 10655 10656 10664
31786 8079 8432 8080
31787 7773 7782 7781
31788 15885 15876 15884
31789 16513 16522 16514
31790 8745 8736 8744
31791 10674 10673 10665
31792 18773 18764 18772
31793 7785 7776 7777
31794 16213 16278 16270
31795 16265 16274 16266
31796 17331 16978 16979
31797 6425 6434 6426
31798 20322 20313 20321
31799 5419 5369 5411
31800 10603 10611 10602
31801 16319 16328 16320
31802 10148 10083 10140
31803 5892 5883 5891
31804 11455 11463 11454
31805 17914 17905 17906
31806 19088 19097 19096
31807 20040 20049 20041
31808 11076 11085 11084
31809 11438 11446 11447
31810 11062 11053 11054
31811 17678 17687 17686
31812 16626 16617 16618
31813 6636 6627 6635
31814 5619 5554 5562
31815 16254 16263 16255
31816 18338 10182 10183
31817 7570 7635 7627
31818 19531 19540 19532
31819 16012 16003 16004
31820 5532 5541 5533
31821 18638 18703 18646
31822 18766 18757 18765
31823 19622 20031 19679
31824 9964 9899 9907
31825 10994 10995 11003
31826 10671 10680 10679
31827 10681 10680 10672
31828 7497 7506 7505
31829 10985 10977 10976
31830 11084 11436 11027
31831 18304 18295 18303
31832 11045 11037 11036
31833 10741 11094 11093
31834 6049 6058 6057
31835 9445 9454 9453
31836 17590 17599 17598
31837 18054 12465 12852
31838 11061 11060 11052
31839 10979 10987 10978
31840 16247 16238 16246
31841 11033 10680 10681
31842 10191 10200 10192
31843 16262 16197 16205
31844 10134 10125 10133
31845 11384 11393 11385
31846 11386 11387 11395
31847 11010 11018 11009
31848 20387 20396 20388
31849 9525 9534 9533
31850 8387 8452 8395
31851 5612 5603 5611
31852 17636 17645 17644
31853 7055 7046 7047
31854 19945 19936 19944
31855 16189 16254 16246
31856 19697 19706 19698
31857 7082 6729 7081
31858 15800 15809 15808
31859 10649 10641 10650
31860 10665 10674 10666
31861 11102 11094 11093
31862 5868 5859 5860
31863 19462 19527 19519
31864 17135 17144 17143
31865 10055 18211 10056
31866 9061 9070 9062
31867 18077 18086 18085
31868 19313 19322 19314
31869 18293 18302 18301
31870 10650 10642 10651
31871 7297 7306 7298
31872 17666 17662 17663
31873 8771 8767 8770
31874 11150 11141 11142
31875 16294 15885 16237
31876 6804 6813 6805
31877 10734 10733 10725
31878 18455 18390 18447
31879 8686 8695 8687
31880 9752 9743 9744
31881 17950 17959 17958
31882 15943 15934 15942
31883 15868 15877 15869
31884 16102 16111 16110
31885 10649 10650 10658
31886 10653 10662 10661
31887 11049 11048 11057
31888 10732 10733 10741
31889 15871 15880 15872
31890 11034 11033 10681
31891 11033 11042 11041
31892 15875 15884 15876
31893 15867 15876 15868
31894 6653 6662 6661
31895 20637 20641 20638
31896 15853 15918 15910
31897 10674 10683 10682
31898 11085 11077 11086
31899 11108 11116 11117
31900 5575 5302 5574
31901 11501 11502 11510
31902 11038 11030 11039
31903 16341 16332 16333
31904 7814 7823 7815
31905 11033 11032 10680
31906 10667 10675 10666
31907 20381 20028 20380
31908 6146 6137 6145
31909 11042 11051 11050
31910 15941 16006 15949
31911 17235 17226 17227
31912 9286 9277 9278
31913 6889 6898 6890
31914 15882 15873 15874
31915 11100 11109 11108
31916 7858 7883 7866
31917 8665 8656 8664
31918 11065 11056 11057
31919 11063 11072 11071
31920 7526 7535 7527
31921 6769 6778 6770
31922 11061 11070 11069
31923 19425 19429 19428
31924 5570 5979 5922
31925 19367 19302 19359
31926 19408 19020 19021
31927 16269 16260 16268
31928 7590 7599 7591
31929 19892 19901 19893
31930 16457 16448 16449
31931 6039 6392 6040
31932 9869 9860 9861
31933 6490 6555 6498
31934 6902 6893 6894
31935 6262 6271 6270
31936 11116 11117 11125
31937 9599 9608 9607
31938 16439 16435 16436
31939 18438 18503 18495
31940 10677 11030 10678
31941 20610 20601 20602
31942 18320 18311 18319
31943 9306 9297 9305
31944 5476 5467 5468
31945 11109 11118 11117
31946 16304 16313 16305
31947 16248 16239 16240
31948 11128 11120 11129
31949 16356 16347 16355
31950 8802 8793 8801
31951 19348 18995 18996
31952 18538 18547 18539
31953 18430 18421 18422
31954 16295 16304 16296
31955 20255 20264 20256
31956 16076 16067 16068
31957 11116 11059 11051
31958 5862 5871 5863
31959 18700 18691 18699
31960 20547 20538 20546
31961 11127 11118 11119
31962 15868 15859 15867
31963 7428 7437 7429
31964 17330 17339 17338
31965 8912 8921 8920
31966 6426 6491 6483
31967 16666 16657 16665
31968 11451 11459 11516
31969 11116 11125 11124
31970 8718 8727 8719
31971 16259 16250 16251
31972 20103 20038 20095
31973 20246 20242 20243
31974 6567 6576 6575
31975 8285 8276 8277
31976 5981 5990 5982
31977 7874 7865 7873
31978 17989 18183 18166
31979 19572 19581 19580
31980 17064 17055 17056
31981 5593 5602 5601
31982 11089 11441 11088
31983 11066 11074 11065
31984 19495 19504 19496
31985 18822 18813 18821
31986 19138 19147 19146
31987 11050 11049 11041
31988 11500 11501 11148
31989 11088 11441 11440
31990 11061 11069 11060
31991 19891 19882 19883
31992 16652 16661 16653
31993 11080 11081 11089
31994 16020 10815 16017
31995 16020 16021 16017
31996 16350 16285 16293
31997 5878 5887 5886
31998 19655 19664 19663
31999 18603 18607 18604
32000 11055 11056 11064
32001 16276 16285 16277
32002 11080 11089 11088
32003 19485 19476 19484
32004 19455 19464 19456
32005 10205 10196 10204
32006 19174 19165 19173
32007 19940 19949 19948
32008 17873 17882 17881
32009 16702 16711 16703
32010 11207 11215 11216
32011 8747 8738 8739
32012 9890 9881 9882
32013 16284 16293 16285
32014 8696 8705 8704
32015 7950 7930 7938
32016 11502 11150 11149
32017 9975 9915 9923
32018 11439 11448 11440
32019 19995 19986 19987
32020 6960 6969 6968
32021 11441 11449 11440
32022 11090 11442 11089
32023 16727 16718 16726
32024 11563 11554 11555
32025 15827 15836 15835
32026 7937 7928 7936
32027 15758 15767 15766
32028 11155 11146 11147
32029 20090 20443 20091
32030 5253 5244 5252
32031 9718 9727 9719
32032 11509 11500 11501
32033 17348 17339 17340
32034 7025 7016 7024
32035 20198 20189 20197
32036 11512 11520 11511
32037 20551 20486 20543
32038 11149 11501 11502
32039 16654 16663 16655
32040 15475 20678 15476
32041 15475 15467 15476
32042 11060 11069 11068
32043 20404 20413 20412
32044 10045 10054 10046
32045 19296 19287 19295
32046 18883 18874 18875
32047 17941 18006 17949
32048 16279 16288 16280
32049 9007 8998 8999
32050 11069 11077 11068
32051 17842 17851 17850
32052 9205 9214 9206
32053 9651 10060 10003
32054 11036 11045 11044
32055 9046 9037 9038
32056 16846 16842 16843
32057 20692 20701 20700
32058 18823 18832 18824
32059 9109 9100 9108
32060 11379 11027 11436
32061 16379 16388 16387
32062 19518 19509 19517
32063 16291 16644 16292
32064 17801 17810 17809
32065 18013 20271 18021
32066 7821 7959 7958
32067 11079 11088 11087
32068 11386 11395 11394
32069 17226 17217 17218
32070 15828 7672 7673
32071 15593 20796 20795
32072 11002 11011 11010
32073 8797 8806 8805
32074 9628 7370 9620
32075 15988 15997 15996
32076 11446 11445 11437
32077 16173 16238 16230
32078 16255 16246 16254
32079 20678 20669 20677
32080 6958 6967 6959
32081 11018 11019 11027
32082 19893 19884 19892
32083 9703 9712 9704
32084 18690 18681 18689
32085 15719 15710 15711
32086 20142 20207 20199
32087 8199 8208 8200
32088 17787 17796 17795
32089 11448 11447 11439
32090 16649 16640 16648
32091 17209 17218 17217
32092 16688 16679 16687
32093 11403 11395 11394
32094 8922 8931 8923
32095 11456 11455 11447
32096 17910 17845 17902
32097 11494 11485 11486
32098 17929 17576 17577
32099 20705 20714 20713
32100 11852 11860 11795
32101 18337 10181 10182
32102 18324 18315 18316
32103 7642 7633 7634
32104 20338 20347 20339
32105 8800 8809 8801
32106 8962 8953 8961
32107 17738 17385 17386
32108 7788 7779 7787
32109 9487 9496 9495
32110 16639 16648 16640
32111 8135 8126 8127
32112 11454 11446 11455
32113 11782 11781 11429
32114 18520 18511 18519
32115 9397 9388 9389
32116 18798 18789 18790
32117 6249 6240 6248
32118 11022 11014 11023
32119 19113 19122 19114
32120 11395 11387 11452
32121 16685 16676 16684
32122 16704 16351 16352
32123 11376 11377 11024
32124 11376 11385 11377
32125 18089 17791 18088
32126 19923 19932 19931
32127 7632 7623 7624
32128 20466 20457 20465
32129 6078 6069 6077
32130 16624 16633 16625
32131 6160 6169 6161
32132 11338 11346 11337
32133 17786 17795 17794
32134 16474 16465 16466
32135 11411 11403 11468
32136 16597 16588 16589
32137 6880 6889 6881
32138 7716 7707 7715
32139 5756 6109 6108
32140 19554 19545 19546
32141 11481 11472 11473
32142 11475 11467 11466
32143 16581 16646 16638
32144 11077 11085 11076
32145 19206 19197 19198
32146 9996 7394 7746
32147 16750 16685 16693
32148 5876 5885 5884
32149 11468 11403 11460
32150 20144 20153 20152
32151 6642 6707 6699
32152 11529 11537 11528
32153 17070 17079 17071
32154 5937 5946 5945
32155 11379 11444 11387
32156 16649 16658 16650
32157 16665 16656 16664
32158 17742 17677 17734
32159 6329 5976 5977
32160 5496 5505 5497
32161 5928 5937 5936
32162 11482 11491 11490
32163 11908 11499 11556
32164 16604 16613 16605
32165 5625 5634 5626
32166 9851 9916 9859
32167 10123 18335 18278
32168 19612 19621 19613
32169 8740 8675 8732
32170 7709 7718 7717
32171 7464 7455 7463
32172 18694 18685 18693
32173 6444 6797 6796
32174 11483 11482 11474
32175 11532 11524 11533
32176 11473 11474 11482
32177 16664 16673 16665
32178 10169 10178 10170
32179 6137 6128 6136
32180 8366 8375 8367
32181 11881 11873 11882
32182 12949 18152 12950
32183 12949 12941 12950
32184 18537 18546 18545
32185 5485 5476 5484
32186 17027 17036 17028
32187 16700 16691 16692
32188 19677 19686 19678
32189 17047 17056 17048
32190 20201 20210 20209
32191 11421 11422 11430
32192 11535 11544 11543
32193 18434 18425 18426
32194 6165 6518 6166
32195 17416 17407 17408
32196 9105 9096 9104
32197 7836 7827 7835
32198 17776 17767 17768
32199 11794 11802 11793
32200 16686 16621 16629
32201 20650 20654 20653
32202 16690 16699 16691
32203 17062 16997 17005
32204 11493 11846 11845
32205 20590 20640 20598
32206 11466 11458 11467
32207 8035 8026 8027
32208 11491 11499 11556
32209 11525 11533 11524
32210 16959 16968 16967
32211 16731 16740 16732
32212 7588 7597 7596
32213 16682 16691 16690
32214 19240 19249 19248
32215 6999 7003 7000
32216 11535 11534 11526
32217 11440 11449 11448
32218 5438 5429 5437
32219 8483 8548 8491
32220 11504 11503 11151
32221 10398 10402 10401
32222 16726 16735 16727
32223 9230 9239 9231
32224 11090 11091 11443
32225 16659 16668 16660
32226 9354 9363 9355
32227 17052 17061 17053
32228 16082 16073 16074
32229 11924 11932 11867
32230 19681 19672 19673
32231 7660 7651 7652
32232 11559 11550 11551
32233 16371 16380 16379
32234 7161 7152 7160
32235 9138 9147 9146
32236 19624 19271 19272
32237 7065 7056 7064
32238 16669 16660 16668
32239 18084 18075 18076
32240 11480 11488 11479
32241 19992 20001 19993
32242 11483 11491 11482
32243 15924 15933 15932
32244 6472 6481 6480
32245 20336 20345 20337
32246 11549 11558 11557
32247 16139 16148 16147
32248 9580 9576 9577
32249 11490 11489 11481
32250 9480 9471 9472
32251 8671 8662 8663
32252 20222 20631 20574
32253 11556 11548 11557
32254 19550 19541 19549
32255 11459 11467 11458
32256 6199 5846 5847
32257 5933 5942 5934
32258 17175 16822 17174
32259 9701 9710 9709
32260 17451 17804 17803
32261 5412 5403 5404
32262 11941 11950 11949
32263 7407 2202 7404
32264 7407 7408 7404
32265 11552 11544 11553
32266 11858 11850 11859
32267 17471 17462 17463
32268 6866 6931 6874
32269 18252 18243 18251
32270 7284 7293 7285
32271 7347 7282 7290
32272 11911 11919 11910
32273 8831 8822 8830
32274 11497 11488 11489
32275 16339 16330 16338
32276 16398 16407 16406
32277 20020 20011 20019
32278 11527 11528 11536
32279 18295 18230 18238
32280 11541 11549 11540
32281 7383 7392 7384
32282 15715 15724 15723
32283 16747 16738 16746
32284 11544 11536 11535
32285 19512 19521 19513
32286 19089 18736 19088
32287 11982 11983 11991
32288 11483 11548 11491
32289 16674 16665 16673
32290 19439 19448 19440
32291 17944 17935 17936
32292 7070 7423 7071
32293 7505 7514 7506
32294 5847 5838 5839
32295 17123 17114 17122
32296 11557 11910 11909
32297 19473 19482 19474
32298 17059 17068 17060
32299 11552 11553 11561
32300 7984 7993 7992
32301 16290 16643 16642
32302 17487 17496 17495
32303 7582 7573 7581
32304 17060 17069 17068
32305 11538 11547 11546
32306 18826 18817 18818
32307 5392 5401 5393
32308 10313 10304 10305
32309 16740 16749 16741
32310 9392 9383 9391
32311 6533 6542 6534
32312 11596 11588 11531
32313 11972 11915 11563
32314 11616 11625 11624
32315 5960 5969 5961
32316 11213 11212 11204
32317 11614 11623 11615
32318 11563 11620 11972
32319 16722 16731 16723
32320 5812 5803 5804
32321 6677 6668 6676
32322 18963 18954 18955
32323 17124 17115 17123
32324 9175 9179 9176
32325 17198 17133 17141
32326 17938 17947 17946
32327 15814 16167 16166
32328 11917 11926 11925
32329 7649 7640 7648
32330 10344 10335 10343
32331 16822 16757 16765
32332 16888 16897 16896
32333 17616 17625 17624
32334 11546 11555 11554
32335 18916 18907 18908
32336 18269 18622 18270
32337 11563 11915 11562
32338 11566 11213 11565
32339 17703 17712 17711
32340 17712 17721 17720
32341 16724 16715 16723
32342 11580 11523 11515
32343 20596 20587 20595
32344 7117 7126 7118
32345 11152 11153 11505
32346 19308 19317 19309
32347 16802 16811 16803
32348 8307 8352 8349
32349 6237 6228 6236
32350 11978 11626 11979
32351 11589 11588 11580
32352 11562 11915 11914
32353 9029 8676 8677
32354 11996 11988 11997
32355 11591 11599 11590
32356 9014 9005 9013
32357 20577 20568 20576
32358 20478 20469 20470
32359 19721 19712 19720
32360 11507 11515 11572
32361 16774 16709 16717
32362 16774 16783 16775
32363 16322 16331 16330
32364 9473 9464 9465
32365 15708 15699 15700
32366 8136 8127 8135
32367 10207 10216 10208
32368 19913 19922 19914
32369 20722 20713 20721
32370 6301 6292 6300
32371 5945 5936 5944
32372 11529 11537 11538
32373 16756 16747 16755
32374 8830 9183 9182
32375 19090 19099 19091
32376 16823 17176 16824
32377 17554 17563 17562
32378 8981 8990 8982
32379 5939 5874 5882
32380 6673 6320 6672
32381 18640 18631 18632
32382 16739 16730 16738
32383 18171 18180 18179
32384 16287 16278 16279
32385 16279 16270 16278
32386 18735 19088 18736
32387 11522 11514 11513
32388 19225 19234 19226
32389 18684 18693 18692
32390 17082 17073 17074
32391 20520 20511 20519
32392 7017 6664 7016
32393 20674 20665 20666
32394 16264 16255 16256
32395 16348 16357 16349
32396 20196 20187 20195
32397 8259 8250 8258
32398 7516 7525 7517
32399 16732 16723 16731
32400 11154 11507 11506
32401 19291 19282 19283
32402 16989 17054 16997
32403 18394 18747 18746
32404 8558 8205 8557
32405 6248 6257 6249
32406 15935 15926 15927
32407 8133 8124 8132
32408 11572 11564 11507
32409 11212 11155 11147
32410 8443 8434 8435
32411 9867 9858 9866
32412 11206 11205 11214
32413 11520 11529 11528
32414 11590 11582 11591
32415 8534 8525 8533
32416 19799 19808 19807
32417 11099 10747 11156
32418 11589 11581 11590
32419 11458 11466 11457
32420 5924 5933 5932
32421 11115 11180 11123
32422 11513 11521 11512
32423 16790 16725 16733
32424 19593 19584 19585
32425 11122 11123 11131
32426 19688 19697 19689
32427 19935 19870 19927
32428 8381 8372 8373
32429 11219 11211 11210
32430 19648 19657 19649
32431 16556 16565 16564
32432 16420 16773 16421
32433 8451 8516 8508
32434 11216 11568 11215
32435 16417 16770 16418
32436 11564 11212 11565
32437 5481 5490 5489
32438 16365 18623 18615
32439 11097 11105 11096
32440 19434 19443 19435
32441 16353 16706 16354
32442 10143 10152 10144
32443 8928 8937 8929
32444 11111 11120 11119
32445 18237 18228 18236
32446 20408 20417 20416
32447 10198 10189 10190
32448 8732 8667 8675
32449 17216 17207 17208
32450 20805 20790 20802
32451 20559 20752 20560
32452 12953 18156 12954
32453 12953 12945 12954
32454 20766 20791 20783
32455 16325 16390 16382
32456 16262 16197 16254
32457 16346 16355 16347
32458 11146 11138 11137
32459 10272 10281 10273
32460 16006 16359 16007
32461 10392 10396 10393
32462 10101 10110 10102
32463 15847 15838 15839
32464 7960 7822 7959
32465 17300 17291 17292
32466 11135 11134 11126
32467 7419 7010 7067
32468 11136 11144 11135
32469 16941 17006 16949
32470 15965 18223 18215
32471 16780 16789 16788
32472 19179 19170 19178
32473 8636 8571 8628
32474 6916 7269 6917
32475 16307 16316 16308
32476 18041 18050 18049
32477 9849 9496 9848
32478 11154 11146 11155
32479 11144 11153 11152
32480 11506 11515 11514
32481 16339 16348 16340
32482 11139 11138 11130
32483 11129 11130 11138
32484 20454 20445 20453
32485 11183 11192 11191
32486 11198 11207 11206
32487 16410 16401 16409
32488 16389 16380 16388
32489 6725 6716 6724
32490 9603 9594 9595
32491 11160 10808 11161
32492 16732 16741 16733
32493 18901 18910 18909
32494 13469 11219 13821
32495 7667 7602 7610
32496 19360 19351 19352
32497 17250 12045 17247
32498 17250 17251 17247
32499 17733 17724 17725
32500 5431 5422 5430
32501 20069 20078 20077
32502 11185 11186 11194
32503 11215 11567 11214
32504 8804 8813 8812
32505 16637 16628 16629
32506 18837 18828 18829
32507 17785 17776 17777
32508 11567 11575 11566
32509 11215 11214 11206
32510 18402 18411 18410
32511 9699 9764 9707
32512 17627 17636 17635
32513 5758 5749 5757
32514 17719 17728 17727
32515 6073 6064 6072
32516 17410 17419 17418
32517 5876 5885 5877
32518 18085 18076 18077
32519 11605 11614 11613
32520 11974 11622 11975
32521 7354 9612 9604
32522 16782 16791 16783
32523 10289 10280 10281
32524 16777 16768 16776
32525 7683 7692 7684
32526 16777 16786 16778
32527 16767 16776 16768
32528 18279 18214 18271
32529 8525 8516 8517
32530 16770 16779 16771
32531 11209 11218 11217
32532 11579 11578 11570
32533 20458 20449 20450
32534 11577 11578 11586
32535 11515 11580 11572
32536 11570 11571 11218
32537 11581 11573 11572
32538 11579 11570 11571
32539 11214 11567 11566
32540 11201 11200 11192
32541 18418 18409 18410
32542 11610 11611 11619
32543 19526 19591 19534
32544 11994 12003 12002
32545 16778 16769 16777
32546 7177 7168 7176
32547 17341 17406 17349
32548 18129 18120 18121
32549 16256 16265 16264
32550 19291 19300 19292
32551 17292 17283 17284
32552 6104 6457 6105
32553 17480 17489 17488
32554 11569 11570 11578
32555 18855 18790 18798
32556 11209 11210 11218
32557 17856 17847 17848
32558 18585 18576 18584
32559 13829 11571 11579
32560 13861 11611 13869
32561 11582 11573 11574
32562 5483 5492 5484
32563 11617 11608 11609
32564 15733 15724 15725
32565 16781 16772 16780
32566 10335 10326 10334
32567 16410 16419 16411
32568 20437 20428 20429
32569 19381 19372 19380
32570 11610 11602 11601
32571 5254 5447 5446
32572 11592 11601 11593
32573 11190 11199 11191
32574 5296 5287 5295
32575 16805 16796 16804
32576 18551 18486 18543
32577 16019 16054 16022
32578 15824 7668 15823
32579 16797 19055 19047
32580 13853 11595 11603
32581 11603 11611 11602
32582 11567 11576 11575
32583 19210 19563 19562
32584 11617 11625 11616
32585 18204 18195 18196
32586 13869 11611 11619
32587 18541 18532 18540
32588 11625 11617 11626
32589 6318 6671 6319
32590 16792 16783 16791
32591 15928 15919 15920
32592 17585 17232 17233
32593 7320 7311 7319
32594 19650 19641 19642
32595 9615 9624 9623
32596 6440 6431 6439
32597 7292 7301 7300
32598 5857 5504 5505
32599 6289 6280 6288
32600 19422 19382 19390
32601 6946 9204 9196
32602 15893 7737 7738
32603 16598 16607 16606
32604 19553 19544 19552
32605 11597 11606 11605
32606 16814 16823 16815
32607 16815 16806 16814
32608 11621 11622 11974
32609 19355 19346 19347
32610 17190 17199 17191
32611 20424 20433 20432
32612 13869 11619 13877
32613 11607 11616 11608
32614 11621 11974 11973
32615 11626 11618 11627
32616 19054 19045 19046
32617 17148 17157 17149
32618 11625 11626 11978
32619 11994 11995 12003
32620 18755 18764 18763
32621 9335 9344 9343
32622 19018 19014 19017
32623 17040 17031 17032
32624 11592 11584 11593
32625 20087 20440 20439
32626 16765 17174 16822
32627 6852 7205 6853
32628 10247 10238 10239
32629 11583 11591 11582
32630 11583 11591 11592
32631 20737 20746 20745
32632 17179 16826 17178
32633 16957 16948 16949
32634 6788 7141 6789
32635 11616 11624 11615
32636 11919 11927 11918
32637 11614 11606 11615
32638 19455 17197 17205
32639 11979 11626 11627
32640 9438 9085 9086
32641 9864 9855 9856
32642 5225 5234 5226
32643 11624 11977 11625
32644 11986 11995 11994
32645 11610 11602 11611
32646 7188 7179 7180
32647 11993 11994 12002
32648 12002 12010 12001
32649 11993 11994 11985
32650 18241 18250 18249
32651 17263 17272 17271
32652 13877 11627 14229
32653 8344 8348 8345
32654 17468 17459 17460
32655 15711 15702 15703
32656 6583 6587 6584
32657 12017 12008 12009
32658 12416 12407 12415
32659 17195 17186 17194
32660 6860 6869 6868
32661 19275 19266 19267
32662 17221 19479 19471
32663 20790 20781 20782
32664 19822 19818 19821
32665 17182 17191 17183
32666 5655 5664 5656
32667 17178 17187 17179
32668 7142 7151 7150
32669 19264 19273 19272
32670 20793 15590 15591
32671 15590 15591 15582
32672 11976 11984 11975
32673 12432 12441 12440
32674 11974 11975 11983
32675 18558 18549 18550
32676 8757 8761 8760
32677 12384 12032 12385
32678 5460 5451 5452
32679 12012 11955 11947
32680 8098 8089 8097
32681 11983 11975 11984
32682 19659 19650 19658
32683 6650 6715 6658
32684 6601 6989 6602
32685 11995 14253 12003
32686 7705 7696 7704
32687 7146 7211 7203
32688 8623 8632 8624
32689 11985 11977 11986
32690 11974 11982 11983
32691 5327 5640 5328
32692 16722 16713 16721
32693 12009 12018 12017
32694 17596 17605 17597
32695 8703 8694 8702
32696 5599 5590 5598
32697 12006 11998 12007
32698 12006 12007 12015
32699 10190 10199 10198
32700 12406 12407 12415
32701 17130 17139 17131
32702 8380 6122 8372
32703 18097 18088 18089
32704 9210 9201 9202
32705 20210 20219 20211
32706 17223 17232 17224
32707 5881 5890 5889
32708 12011 12019 12010
32709 15713 15722 15721
32710 10254 9901 10253
32711 12023 12014 12015
32712 19567 19502 19559
32713 8443 8434 8442
32714 11986 11978 11987
32715 8386 8377 8378
32716 18197 18188 18189
32717 6342 6351 6343
32718 17211 17220 17212
32719 7391 7382 7383
32720 19036 19045 19044
32721 10296 10305 10297
32722 20320 20311 20312
32723 9984 9939 9981
32724 18301 18292 18300
32725 19649 19640 19648
32726 12002 12001 11993
32727 12034 12387 12386
32728 15999 15990 15991
32729 11957 11965 11956
32730 16781 19039 16789
32731 15977 15986 15978
32732 11525 11526 11534
32733 20070 20061 20069
32734 12006 11997 11998
32735 10293 10284 10292
32736 6983 6974 6975
32737 19611 19602 19603
32738 11552 11561 11560
32739 6882 6947 6939
32740 9921 9930 9922
32741 8697 8706 8698
32742 6112 5759 6111
32743 11928 11937 11936
32744 19823 19819 19822
32745 11950 11959 11958
32746 7538 7529 7530
32747 11999 11990 11998
32748 15890 7734 15889
32749 11912 11921 11913
32750 11496 11488 11497
32751 9611 9676 9668
32752 6200 6209 6201
32753 16449 16458 16457
32754 8278 7940 7941
32755 11980 11989 11988
32756 11554 11562 11553
32757 11968 11967 11959
32758 11889 11881 11890
32759 16975 17328 17327
32760 18855 18864 18856
32761 17149 17214 17206
32762 20192 20201 20200
32763 6607 6616 6608
32764 11955 12012 12020
32765 18823 18832 18831
32766 11912 11920 11911
32767 19064 19055 19056
32768 11554 11563 11562
32769 11997 11988 11989
32770 18663 16405 18655
32771 18245 18254 18246
32772 17522 17531 17523
32773 20347 20356 20348
32774 8547 8538 8539
32775 8928 8937 8936
32776 12319 11967 12320
32777 19668 19659 19667
32778 11969 12322 12321
32779 18941 18950 18942
32780 16261 16252 16253
32781 12013 12022 12021
32782 8714 8723 8722
32783 12004 12005 12013
32784 8011 8076 8019
32785 11944 11945 11953
32786 12013 12021 12012
32787 20187 20178 20186
32788 16692 16701 16693
32789 16922 16569 16570
32790 5501 5492 5500
32791 7852 7861 7860
32792 17614 17549 17606
32793 20720 15517 15518
32794 15517 15518 15509
32795 17139 17148 17140
32796 11962 11954 11953
32797 8324 8259 8267
32798 17523 17170 17522
32799 7004 7000 7003
32800 18875 18884 18883
32801 6612 6621 6620
32802 20377 20024 20025
32803 11897 11889 11898
32804 18162 18171 18170
32805 17170 17161 17169
32806 16988 16997 16996
32807 16594 16603 16595
32808 17539 17530 17538
32809 18520 18873 18872
32810 8559 8568 8560
32811 7031 7040 7039
32812 15611 15646 15614
32813 17108 17099 17107
32814 11942 11941 11933
32815 19663 19598 19606
32816 8758 8762 8759
32817 19556 19547 19548
32818 16264 16255 16263
32819 8904 8551 8552
32820 11859 11851 11916
32821 11897 11906 11898
32822 19363 19372 19364
32823 12319 12327 12318
32824 19067 19058 19059
32825 8390 8399 8398
32826 11971 12380 12323
32827 17172 17525 17173
32828 20185 20194 20193
32829 15886 7674 15829
32830 8465 8474 8466
32831 12298 12306 12297
32832 9492 9427 9484
32833 11961 11962 11970
32834 20397 20388 20396
32835 6711 6720 6719
32836 11960 11968 11959
32837 19878 19869 19877
32838 20079 20014 20071
32839 18543 18552 18544
32840 12389 12388 12380
32841 17521 17168 17169
32842 5923 5932 5924
32843 11966 12319 12318
32844 12014 12013 12005
32845 17583 17592 17584
32846 19904 19913 19912
32847 8337 8690 8338
32848 20348 20339 20340
32849 11980 11972 11981
32850 12329 12328 12320
32851 15973 15964 15965
32852 17622 17631 17623
32853 5494 5503 5495
32854 19795 19804 19803
32855 7168 7159 7160
32856 9339 9404 9396
32857 20483 20474 20482
32858 7776 7767 7768
32859 17072 17081 17080
32860 18001 18010 18002
32861 11963 11971 11962
32862 12354 12363 12362
32863 20457 20448 20456
32864 17607 17598 17606
32865 12028 12029 12381
32866 16452 16461 16460
32867 17615 17606 17614
32868 8087 7869 7870
32869 8471 8462 8470
32870 16220 16229 16228
32871 12344 12353 12352
32872 12338 12347 12346
32873 19434 19443 19442
32874 7841 7832 7840
32875 5649 5658 5657
32876 12443 12442 12434
32877 9302 9655 9654
32878 17523 17532 17524
32879 8821 8812 8820
32880 12359 12350 12351
32881 18843 18852 18844
32882 12320 11967 11968
32883 12737 12738 12746
32884 16277 16342 16285
32885 7616 7625 7617
32886 12329 12321 12330
32887 12345 12346 12354
32888 17900 17909 17908
32889 17557 17548 17556
32890 20524 20515 20516
32891 17506 17497 17505
32892 11996 11931 11988
32893 12298 12307 12306
32894 12343 12351 12342
32895 12324 12333 12325
32896 12337 12338 12346
32897 8954 8945 8953
32898 16300 16309 16308
32899 6016 6007 6008
32900 7499 7434 7442
32901 8576 8585 8584
32902 20766 20757 20758
32903 7468 7459 7467
32904 7369 7360 7368
32905 19845 19492 19493
32906 17998 17933 17941
32907 17547 17556 17548
32908 18256 18265 18257
32909 20082 20073 20074
32910 9160 9164 9161
32911 12414 12406 12415
32912 5508 5275 5276
32913 12007 12008 12016
32914 18249 18240 18241
32915 17233 17586 17234
32916 11999 12007 11998
32917 17587 17596 17588
32918 12034 12035 12387
32919 16527 16536 16535
32920 17593 17584 17592
32921 12403 12402 12394
32922 12019 12027 14277
32923 12017 12018 12026
32924 7781 7772 7773
32925 18220 18229 18221
32926 6168 6521 6520
32927 12004 12013 12012
32928 10089 10080 10088
32929 12385 12386 12394
32930 5622 5631 5623
32931 8081 8072 8080
32932 8593 8584 8592
32933 8430 8439 8431
32934 19141 19132 19133
32935 19839 17237 17589
32936 6676 6667 6675
32937 12009 12000 12001
32938 17218 17227 17219
32939 15961 15970 15962
32940 8620 8629 8628
32941 17224 17233 17225
32942 12406 12414 12405
32943 19566 19631 19574
32944 12397 12389 12398
32945 12421 12413 12422
32946 10315 10306 10314
32947 7759 7750 7751
32948 12393 12384 12385
32949 8400 8409 8401
32950 12406 12397 12398
32951 12419 12411 12410
32952 12433 12434 12425
32953 12423 12415 12424
32954 9358 9367 9359
32955 19047 16789 19039
32956 17600 17591 17599
32957 8012 5754 8004
32958 17624 17615 17623
32959 7893 7884 7892
32960 19196 19187 19195
32961 19887 17629 17637
32962 8031 8022 8023
32963 12789 12437 12436
32964 17701 17692 17693
32965 12347 12412 12355
32966 18409 18400 18401
32967 18166 18191 18183
32968 12402 12393 12394
32969 16714 16705 16706
32970 9668 9603 9660
32971 7432 7441 7433
32972 12417 12418 12409
32973 18992 19345 18993
32974 20248 20257 20256
32975 9931 9922 9930
32976 14653 14661 12403
32977 15796 15787 15788
32978 12441 12432 12433
32979 17626 17617 17625
32980 12416 12424 12415
32981 6219 6228 6227
32982 16898 16889 16890
32983 6870 6861 6869
32984 7621 7630 7622
32985 12417 12425 12426
32986 16530 16539 16531
32987 8880 8889 8881
32988 17604 17613 17605
32989 17612 17603 17611
32990 17597 17588 17596
32991 12409 12401 12410
32992 7771 7706 7763
32993 19567 19576 19568
32994 17995 17642 17994
32995 17621 19879 19871
32996 12034 12386 12033
32997 17628 17619 17627
32998 18279 18214 18222
32999 19508 19499 19500
33000 15663 15672 15671
33001 20116 20107 20115
33002 19658 19649 19650
33003 16903 16912 16904
33004 18028 18019 18027
33005 17854 17789 17846
33006 17635 17644 17636
33007 6597 6601 6600
33008 6597 1395 6600
33009 12441 12433 12442
33010 6507 6860 6859
33011 17999 18008 18000
33012 7232 7241 7233
33013 16327 16318 16319
33014 8122 8131 8123
33015 12409 12418 12410
33016 12426 12418 12417
33017 17637 17628 17636
33018 6821 6812 6820
33019 12808 12809 12817
33020 12793 12440 12441
33021 19361 19370 19369
33022 12851 12850 12842
33023 19783 19718 19775
33024 12810 12819 12818
33025 18018 18009 18017
33026 7253 7244 7252
33027 17997 17644 17996
33028 12347 12404 12412
33029 12980 18199 18182
33030 10081 10090 10082
33031 7694 7703 7695
33032 18261 18252 18253
33033 9227 9218 9226
33034 8117 8108 8116
33035 20406 20397 20398
33036 12807 12799 12808
33037 12363 12354 12355
33038 18052 18043 18051
33039 16269 16334 16277
33040 5866 5857 5858
33041 17994 17641 17993
33042 7351 7360 7359
33043 18181 18172 18180
33044 18019 18010 18018
33045 5887 5896 5888
33046 12798 12807 12806
33047 20035 19682 20034
33048 8305 8314 8306
33049 5772 567 5769
33050 5772 5773 5769
33051 17636 17645 17637
33052 6692 6683 6684
33053 6224 6215 6223
33054 17999 17990 17998
33055 18339 10183 10184
33056 18024 18015 18023
33057 17570 17579 17571
33058 20385 20394 20393
33059 15976 15967 15968
33060 18364 18355 18356
33061 8485 8476 8484
33062 18018 18027 18019
33063 12355 12412 12420
33064 12034 12026 12035
33065 9566 9178 9179
33066 9949 9958 9957
33067 12398 12399 12407
33068 5897 5906 5905
33069 17278 17243 17270
33070 16546 16537 16538
33071 17140 17131 17132
33072 17930 17939 17931
33073 6034 6099 6091
33074 6417 6426 6425
33075 16791 16800 16792
33076 20192 20201 20193
33077 17625 17634 17626
33078 12336 12328 12337
33079 19741 19750 19749
33080 7214 7223 7222
33081 12363 12355 12420
33082 12347 12355 12346
33083 17235 17588 17236
33084 10379 10370 10378
33085 17866 17513 17514
33086 17579 17932 17580
33087 12346 12355 12354
33088 20314 19961 20313
33089 16812 16803 16811
33090 19311 19246 19303
33091 12404 12412 12413
33092 17557 17622 17614
33093 17954 17945 17953
33094 5405 5414 5413
33095 17417 17426 17425
33096 10334 10343 10335
33097 10104 10095 10103
33098 9535 9526 9527
33099 17562 17571 17563
33100 8369 8016 8368
33101 12453 17658 12456
33102 6484 6475 6476
33103 8233 8242 8234
33104 8047 8056 8048
33105 5491 5500 5499
33106 7673 7664 7672
33107 7570 7561 7569
33108 18873 18882 18881
33109 12360 12369 12361
33110 17572 17563 17571
33111 18582 18573 18581
33112 17625 17634 17633
33113 16135 16144 16143
33114 5714 7972 5722
33115 12360 12351 12359
33116 17932 17941 17933
33117 19752 19761 19760
33118 20135 20144 20136
33119 17045 17454 17102
33120 17483 17492 17484
33121 12778 12769 12777
33122 12421 12429 12430
33123 17951 17942 17950
33124 16769 16416 16417
33125 7127 7136 7135
33126 18278 10122 18277
33127 17957 18022 18014
33128 15761 15770 15762
33129 12724 12732 12667
33130 16573 16982 16925
33131 5421 5430 5422
33132 6255 6246 6254
33133 20457 20448 20449
33134 9432 9423 9431
33135 12796 12788 12797
33136 18023 18014 18022
33137 18014 17949 17957
33138 7985 7994 7993
33139 12806 12815 12814
33140 6681 6672 6680
33141 7679 7688 7680
33142 6609 6256 6608
33143 15754 15745 15746
33144 12804 12812 12747
33145 12739 12796 12804
33146 16813 16804 16805
33147 9897 9906 9898
33148 8605 8596 8604
33149 16126 16061 16118
33150 15950 7738 15893
33151 19105 19114 19106
33152 8739 8769 8747
33153 7942 8280 8279
33154 19086 19495 19438
33155 6588 1383 1386
33156 20446 20511 20503
33157 7041 7050 7042
33158 6586 6582 6583
33159 12820 12812 12821
33160 9431 9784 9783
33161 8677 9030 9029
33162 6252 6605 6604
33163 18041 18050 18042
33164 12828 12836 12837
33165 12787 12844 12981
33166 5631 5984 5983
33167 16746 16755 16754
33168 9998 10007 9999
33169 12961 12960 12783
33170 17970 17979 17971
33171 12836 12844 12779
33172 12820 12828 12763
33173 20502 20493 20494
33174 20764 20773 20772
33175 12743 12744 12752
33176 12736 12728 12737
33177 18433 18424 18425
33178 12987 12996 12988
33179 12735 12744 12743
33180 5454 5463 5462
33181 12707 12715 12706
33182 16209 16200 16201
33183 18566 18606 18574
33184 6956 6965 6964
33185 8853 8844 8852
33186 19818 19758 19815
33187 18000 17991 17999
33188 5601 5592 5600
33189 19411 19415 19414
33190 12715 12772 12780
33191 20718 20709 20717
33192 10314 10305 10306
33193 16531 16522 16523
33194 13000 18203 18202
33195 18235 18226 18227
33196 10187 10178 10186
33197 8806 8815 8814
33198 15941 15932 15940
33199 5952 5961 5953
33200 12847 12839 12838
33201 18910 18975 18918
33202 7494 7503 7495
33203 12928 18131 12929
33204 12928 12920 12929
33205 18046 18184 18047
33206 12673 12681 12672
33207 9763 9754 9762
33208 5625 5634 5633
33209 5988 5997 5989
33210 5559 5550 5551
33211 9537 9528 9536
33212 7642 7707 7650
33213 18149 18140 18148
33214 20226 20166 20174
33215 9113 9122 9114
33216 6980 6971 6979
33217 12772 12707 12715
33218 17971 17980 17972
33219 8485 8476 8477
33220 20663 18190 18198
33221 10316 10325 10317
33222 20668 20677 20669
33223 12833 12841 12832
33224 16341 16332 16340
33225 15839 15848 15847
33226 12787 12964 12786
33227 12767 12776 12775
33228 12840 12848 12839
33229 12850 12849 12841
33230 17104 17095 17096
33231 18181 12978 12979
33232 12978 12979 12970
33233 6924 6933 6925
33234 16444 16832 16831
33235 16284 16293 16292
33236 9317 9308 9316
33237 16247 16238 16239
33238 12844 12982 12981
33239 17980 17989 17981
33240 18478 18469 18477
33241 12848 12986 12985
33242 18192 18201 18193
33243 6377 6386 6385
33244 19927 19936 19928
33245 5532 5523 5524
33246 12828 12836 12771
33247 16446 16455 16454
33248 19889 19898 19897
33249 17469 17460 17461
33250 17151 17160 17159
33251 12825 12817 12826
33252 18150 18141 18149
33253 12850 12987 12849
33254 12985 12993 12984
33255 5397 5388 5389
33256 19121 19112 19120
33257 18026 18035 18027
33258 9119 9110 9111
33259 12839 12840 12831
33260 20532 20541 20533
33261 12960 12968 12969
33262 18043 18034 18042
33263 19272 19625 19624
33264 12994 12993 12985
33265 16752 16743 16744
33266 15992 15983 15984
33267 10186 18342 18341
33268 8534 8543 8542
33269 7800 15956 7801
33270 12842 12843 12851
33271 18494 18485 18486
33272 20123 20132 20131
33273 7923 7932 7931
33274 19940 19949 19941
33275 6459 6468 6460
33276 15053 12795 12803
33277 16964 16973 16972
33278 19419 19423 19420
33279 12942 12943 12951
33280 12851 12843 15101
33281 15713 15704 15705
33282 18508 18499 18507
33283 17745 17754 17753
33284 8311 8302 8303
33285 18016 18025 18017
33286 12816 12825 12824
33287 12986 12849 12987
33288 18021 20279 20271
33289 16070 16025 16028
33290 12831 12832 12840
33291 20106 20115 20114
33292 14693 12443 12435
33293 17491 17500 17499
33294 16505 16496 16504
33295 12817 12826 12818
33296 12833 12825 12834
33297 18540 18549 18548
33298 9747 9812 9804
33299 20660 20669 20668
33300 12815 12823 12814
33301 18040 18031 18039
33302 12813 12814 12822
33303 15763 15772 15771
33304 18049 18040 18048
33305 12832 12841 12840
33306 18199 18174 18182
33307 12839 12830 12838
33308 15053 12803 15061
33309 16282 16291 16290
33310 20538 20529 20530
33311 6545 6536 6544
33312 16328 16337 16336
33313 17718 17663 17710
33314 20021 20030 20022
33315 12831 12839 12830
33316 12813 12822 12821
33317 12791 12800 12792
33318 12977 12968 12969
33319 15696 15705 15704
33320 18045 20303 20295
33321 10024 10015 10023
33322 6855 7208 7207
33323 8700 8709 8701
33324 20490 20481 20482
33325 18193 18184 18192
33326 18209 10053 18208
33327 7417 15608 15607
33328 12982 12844 12845
33329 12829 12820 12828
33330 12971 12972 12980
33331 12943 12942 12934
33332 10364 10373 10372
33333 15965 15956 15957
33334 9096 8743 9095
33335 9832 9823 9831
33336 20134 20125 20133
33337 18175 18150 18158
33338 12720 12711 12712
33339 5411 5420 5412
33340 9286 9277 9285
33341 18923 18932 18931
33342 10088 10079 10087
33343 6359 6350 6351
33344 10371 10362 10370
33345 8338 8329 8330
33346 9895 9886 9894
33347 16449 16096 16097
33348 9284 9293 9285
33349 17399 17390 17391
33350 18176 18167 18175
33351 12965 12957 12966
33352 17802 17449 17450
33353 20345 20354 20346
33354 18152 18143 18151
33355 9023 9014 9022
33356 9390 9399 9391
33357 10063 9710 9711
33358 19334 19399 19342
33359 17420 17411 17412
33360 19933 19942 19934
33361 12937 12936 12719
33362 12684 12627 12619
33363 20319 20328 20327
33364 5834 5899 5891
33365 10192 9839 9840
33366 18118 18143 18135
33367 15894 15903 15902
33368 5974 5965 5973
33369 5610 5601 5609
33370 20055 19990 19998
33371 17171 17524 17523
33372 12682 12683 12691
33373 17878 17887 17879
33374 12624 12625 12633
33375 16011 16364 16363
33376 12709 12700 12701
33377 16556 16547 16548
33378 19734 19725 19726
33379 9177 9565 9178
33380 12308 12660 12251
33381 18117 17859 18116
33382 20559 20752 20751
33383 17890 17881 17889
33384 12611 12603 12668
33385 18151 18126 18143
33386 19973 19620 19972
33387 18117 18126 18118
33388 12650 12642 12651
33389 12668 12660 12669
33390 12680 12679 12688
33391 12641 12633 12642
33392 7039 7030 7031
33393 16765 17174 17117
33394 12708 12717 12716
33395 17977 17986 17985
33396 18269 18260 18261
33397 20676 15473 15474
33398 15473 15474 15465
33399 12716 12933 12934
33400 9722 9731 9723
33401 9453 9444 9445
33402 12945 12937 12946
33403 8679 9032 8680
33404 19876 19867 19868
33405 9953 9962 9954
33406 12936 12935 12718
33407 19153 19162 19154
33408 18137 18146 18138
33409 18868 18859 18867
33410 18148 18139 18140
33411 12714 12706 12715
33412 12774 12782 12773
33413 7752 7761 7753
33414 12699 12691 12756
33415 18295 18230 18287
33416 16641 16650 16649
33417 17914 17905 17913
33418 12940 12723 12722
33419 12968 12976 12967
33420 8236 8171 8228
33421 15738 15729 15730
33422 9040 9031 9039
33423 12973 12948 12965
33424 12775 12774 12766
33425 8128 8119 8120
33426 9589 9236 9588
33427 12674 12682 12673
33428 12685 12693 12684
33429 18328 18319 18327
33430 12714 12722 12713
33431 20536 20527 20535
33432 12699 12707 12698
33433 18632 18641 18633
33434 18169 18160 18168
33435 15739 15730 15731
33436 18168 18159 18167
33437 9487 9478 9486
33438 9208 9217 9216
33439 19920 19929 19928
33440 19030 19095 19087
33441 12937 12945 12936
33442 17983 17974 17982
33443 20552 20543 20551
33444 7502 7493 7494
33445 12665 12674 12666
33446 16480 16489 16488
33447 12684 12676 12685
33448 12734 12742 12733
33449 17974 17909 17917
33450 12760 12768 12759
33451 18079 18059 18071
33452 6102 6455 6454
33453 19074 19083 19075
33454 5595 5530 5538
33455 12372 12364 12373
33456 20446 20093 20445
33457 18046 18184 18183
33458 9869 9860 9868
33459 10149 10140 10141
33460 12699 12764 12707
33461 12750 12758 12749
33462 12774 12773 12765
33463 18173 18182 18174
33464 12775 12766 12767
33465 9789 9780 9781
33466 6048 6057 6049
33467 6977 6968 6976
33468 18627 18636 18628
33469 12690 12682 12691
33470 17279 17288 17287
33471 12681 12673 12682
33472 8500 8509 8501
33473 19858 19849 19850
33474 12373 12374 12726
33475 12627 12635 12626
33476 15977 15986 15985
33477 18881 18872 18880
33478 9336 9327 9328
33479 20138 20129 20137
33480 12698 12690 12699
33481 12358 12366 12367
33482 9941 9932 9940
33483 12682 12674 12683
33484 17306 17297 17298
33485 17244 17248 17247
33486 17244 12042 17247
33487 12671 12663 12672
33488 6763 6772 6764
33489 16586 16595 16594
33490 17892 17901 17893
33491 19651 19660 19659
33492 6114 8372 8364
33493 9492 9845 9844
33494 18454 18519 18511
33495 12366 12374 12365
33496 12678 12670 12679
33497 12299 12307 12298
33498 12672 12680 12671
33499 17609 17618 17610
33500 17948 17939 17947
33501 12764 12773 12772
33502 12733 12741 12732
33503 12348 12357 12356
33504 15779 15770 15771
33505 12745 12744 12736
33506 10027 10018 10026
33507 17103 17456 17455
33508 12740 12749 12748
33509 17936 17927 17935
33510 18826 18817 18825
33511 18023 18032 18031
33512 18455 18390 18398
33513 5576 5303 5304
33514 12741 12750 12749
33515 7764 7773 7772
33516 20432 20705 20704
33517 19683 19674 19682
33518 12740 12741 12749
33519 12681 12690 12689
33520 17885 17876 17884
33521 19876 19867 19875
33522 17805 17870 17862
33523 12356 12364 12365
33524 6429 6420 6428
33525 17124 17115 17116
33526 16732 16723 16724
33527 19978 19987 19986
33528 17073 17064 17065
33529 5841 5850 5842
33530 18802 18793 18794
33531 17916 17925 17917
33532 17517 17508 17516
33533 16902 16847 16894
33534 8714 8723 8715
33535 17536 17545 17544
33536 12341 12349 12340
33537 19136 19127 19135
33538 7171 7106 7114
33539 20488 20497 20496
33540 7521 7512 7520
33541 12280 12271 12272
33542 19391 19326 19334
33543 17869 17934 17926
33544 18261 18252 18260
33545 17827 17836 17835
33546 16190 16199 16198
33547 8160 8169 8161
33548 5728 5719 5727
33549 18922 18931 18930
33550 6451 6042 6394
33551 12372 12725 12724
33552 17876 17867 17875
33553 8052 8061 8060
33554 17872 17881 17873
33555 7069 7060 7061
33556 7975 7966 7967
33557 18544 18553 18552
33558 17488 17497 17489
33559 16459 16468 16467
33560 7173 7182 7174
33561 17501 17492 17500
33562 6185 6235 6227
33563 16874 16865 16866
33564 19218 18865 18866
33565 16089 16080 16081
33566 12286 12294 12285
33567 12290 12298 12289
33568 12298 12290 12299
33569 12280 12279 12271
33570 12291 12290 12282
33571 16067 16058 16059
33572 20455 20390 20398
33573 18428 18419 18420
33574 17482 17491 17483
33575 9520 9529 9521
33576 12609 12600 12608
33577 17894 17829 17837
33578 8986 8995 8987
33579 16273 16264 16265
33580 8976 8985 8984
33581 10108 10117 10109
33582 18964 18973 18965
33583 7540 7531 7532
33584 18848 18857 18849
33585 12709 12708 12700
33586 10084 10093 10085
33587 5381 5228 5380
33588 16765 16756 16764
33589 12619 12611 12676
33590 19973 19982 19974
33591 19274 19627 19626
33592 17811 17820 17812
33593 12668 12669 12677
33594 15595 20798 20797
33595 19484 19493 19492
33596 12304 12296 12305
33597 5310 5319 5311
33598 5310 5311 108
33599 20343 20278 20335
33600 19612 19621 19620
33601 8003 8068 8060
33602 12670 12662 12671
33603 17868 17877 17869
33604 16333 16398 16341
33605 15712 15703 15704
33606 17486 17495 17487
33607 17511 17502 17510
33608 12294 12295 12286
33609 17865 17874 17866
33610 17502 17437 17445
33611 8130 8121 8122
33612 7727 7736 7735
33613 20447 20456 20455
33614 10333 10342 10341
33615 19239 19174 19182
33616 12137 12129 12128
33617 12235 12227 12292
33618 10289 10298 10290
33619 18209 10053 10054
33620 9497 9850 9498
33621 9798 9807 9806
33622 11805 11806 11814
33623 7122 7187 7179
33624 6456 6465 6464
33625 7642 7633 7641
33626 18575 18510 18567
33627 12261 12252 12253
33628 17487 17478 17486
33629 8540 8475 8483
33630 9445 9436 9444
33631 11825 11816 11817
33632 12234 12226 12235
33633 10175 10166 10167
33634 18944 18953 18945
33635 17494 17429 17437
33636 16805 19063 19055
33637 17933 17580 17581
33638 12288 12287 12279
33639 16156 16165 16164
33640 12278 12269 12270
33641 12260 12268 12203
33642 7234 7225 7233
33643 17470 17479 17471
33644 18139 17921 17922
33645 16963 16972 16971
33646 17437 17428 17436
33647 18407 18416 18415
33648 17005 17070 17062
33649 17005 16996 16997
33650 5855 5502 5854
33651 16353 16344 16345
33652 18788 18797 18789
33653 17429 17420 17428
33654 8590 8581 8589
33655 12211 12276 12219
33656 12284 12219 12276
33657 12293 12285 12294
33658 8452 8461 8453
33659 9846 9493 9494
33660 5268 5277 5276
33661 11896 11904 11895
33662 19448 19457 19449
33663 16982 16991 16990
33664 17863 17510 17862
33665 9477 9486 9478
33666 19212 19203 19204
33667 12724 12725 12733
33668 17898 17889 17890
33669 5583 5574 5575
33670 10096 10087 10088
33671 12298 12289 12297
33672 5856 5503 5855
33673 16305 16296 16297
33674 12276 12284 12285
33675 12324 12332 12333
33676 17465 17474 17466
33677 19953 19962 19954
33678 12349 12358 12357
33679 9817 9808 9816
33680 19204 19213 19205
33681 17575 17566 17567
33682 12271 12279 12270
33683 7078 6725 7077
33684 12278 12270 12279
33685 17814 17823 17822
33686 12663 12671 12662
33687 17953 17944 17945
33688 16194 16185 16186
33689 16024 16028 16027
33690 7768 7777 7769
33691 12278 12287 12286
33692 12278 12279 12287
33693 12259 12267 12258
33694 12356 12364 12299
33695 12255 11903 12256
33696 11869 11878 11877
33697 19175 19110 19167
33698 11933 11941 11932
33699 12325 12333 12334
33700 5305 5296 5304
33701 11894 11902 11893
33702 18380 18389 18388
33703 11805 11814 11813
33704 9964 10317 9965
33705 17105 17458 17106
33706 12256 11903 11904
33707 12271 12262 12263
33708 11860 11868 11803
33709 11879 11887 11878
33710 7635 7644 7636
33711 5416 5425 5417
33712 20706 20433 20705
33713 11884 11885 11876
33714 7926 7935 7934
33715 10233 10224 10225
33716 19542 19607 19550
33717 7380 7389 7381
33718 17086 17095 17087
33719 17071 17080 17079
33720 9878 9887 9886
33721 11900 11843 11835
33722 12211 12219 12210
33723 12212 12155 12220
33724 20769 15566 15567
33725 15566 15567 15558
33726 17589 19847 17597
33727 11837 12190 12189
33728 16448 16095 16096
33729 17320 17311 17312
33730 17552 17561 17560
33731 7694 7685 7686
33732 12194 12203 12195
33733 11827 11884 11892
33734 16259 16268 16260
33735 16987 16996 16988
33736 17415 17406 17414
33737 11893 11885 11884
33738 17918 17853 17910
33739 19027 18674 18675
33740 9719 9366 9718
33741 7175 7166 7167
33742 12340 12283 12348
33743 19301 19292 19300
33744 10002 10011 10010
33745 12274 12266 12275
33746 5935 5926 5934
33747 6360 6369 6361
33748 17542 17551 17543
33749 6668 6315 6667
33750 12267 12332 12324
33751 16276 16285 16284
33752 5915 5924 5916
33753 18035 18044 18043
33754 20079 20014 20022
33755 9978 9982 9981
33756 19974 20039 20031
33757 12265 12266 12274
33758 17153 17144 17152
33759 17706 17697 17698
33760 6145 6136 6144
33761 11906 12259 11907
33762 9044 8979 8987
33763 15757 16166 16109
33764 11933 11942 11934
33765 15912 15903 15904
33766 17404 17413 17412
33767 20660 20669 20661
33768 12289 12280 12281
33769 17483 17474 17482
33770 9903 9894 9895
33771 12274 12282 12273
33772 12281 12273 12282
33773 11964 11965 12317
33774 18157 18148 18149
33775 5413 5404 5405
33776 6070 6061 6062
33777 7612 7621 7613
33778 12275 12283 12274
33779 18420 18411 18419
33780 18326 18317 18325
33781 18901 18892 18900
33782 9803 9868 9811
33783 17476 17485 17477
33784 12340 12275 12332
33785 17558 17567 17559
33786 7698 7763 7706
33787 20162 20171 20170
33788 7970 7979 7971
33789 6710 6701 6702
33790 11906 11898 11907
33791 5971 5906 5914
33792 8552 8543 8551
33793 11897 11905 11906
33794 17468 17459 17467
33795 6604 6251 6252
33796 16612 16603 16604
33797 20328 20337 20329
33798 9896 9905 9897
33799 17036 17045 17044
33800 17162 17153 17154
33801 11907 12316 12259
33802 18200 12997 18199
33803 17528 17519 17527
33804 6150 6159 6151
33805 17469 17460 17468
33806 15796 15805 15797
33807 6673 6320 6321
33808 19295 19304 19296
33809 11942 11950 11941
33810 17908 17899 17900
33811 19636 19645 19644
33812 19845 19492 19844
33813 12316 12325 12324
33814 9187 8834 9186
33815 11964 11956 11965
33816 17544 17535 17536
33817 17527 17536 17528
33818 17091 17082 17090
33819 17159 17150 17158
33820 8926 8917 8925
33821 19747 20100 20099
33822 5958 5967 5959
33823 19507 19498 19499
33824 8102 8093 8101
33825 17505 17496 17504
33826 17122 17131 17130
33827 18554 18545 18553
33828 15647 15656 15655
33829 7235 7170 7178
33830 12316 11964 12317
33831 11951 11960 11959
33832 18413 18404 18412
33833 16642 16651 16650
33834 19369 19378 19377
33835 17084 17093 17085
33836 11940 11941 11949
33837 12256 12264 12255
33838 17481 17490 17489
33839 5647 5656 5648
33840 9408 9417 9409
33841 11908 11909 11917
33842 17065 17074 17066
33843 17994 17641 17642
33844 11928 11936 11927
33845 5782 5786 5783
33846 17084 17075 17083
33847 17150 17085 17142
33848 17150 17085 17093
33849 8526 8517 8518
33850 17702 17711 17703
33851 15991 16000 15999
33852 11873 11882 11874
33853 11925 11926 11934
33854 17136 17145 17137
33855 11851 11859 11850
33856 12256 12265 12264
33857 17733 18087 18070
33858 7672 7663 7671
33859 18569 18578 18570
33860 18148 18139 18147
33861 17100 17091 17099
33862 11888 11879 11880
33863 20138 20129 20130
33864 10121 18277 10122
33865 17096 17105 17097
33866 11886 11877 11878
33867 19207 19142 19150
33868 7028 7019 7027
33869 18995 18986 18994
33870 17063 17072 17064
33871 17051 17060 17052
33872 17113 16760 17112
33873 11849 11858 11850
33874 19811 20164 20163
33875 5449 5458 5457
33876 11866 11874 11875
33877 17151 17160 17152
33878 16684 16675 16676
33879 11872 11880 11871
33880 18422 18413 18421
33881 18669 18660 18661
33882 17154 17163 17155
33883 5392 5383 5391
33884 18704 18695 18696
33885 6008 6017 6009
33886 17060 17069 17061
33887 18089 18098 18097
33888 18118 18143 18126
33889 19183 19192 19184
33890 11846 11854 11855
33891 8498 8507 8499
33892 8777 8424 8425
33893 20673 15470 20672
33894 6628 6619 6620
33895 17111 16758 17110
33896 11549 11550 11558
33897 6003 6012 6004
33898 11856 11864 11855
33899 11875 11867 11932
33900 11556 11909 11908
33901 16683 16674 16682
33902 19309 19318 19317
33903 11548 11556 11491
33904 20030 20439 20382
33905 19814 20223 19836
33906 20260 20269 20268
33907 17282 17273 17274
33908 15570 20773 20772
33909 9387 9378 9379
33910 11910 11919 11918
33911 17110 17119 17111
33912 19552 19543 19551
33913 16869 16860 16861
33914 6424 6415 6423
33915 17030 17039 17038
33916 12253 12252 11900
33917 9537 9528 9529
33918 11808 11817 11816
33919 7859 7868 7860
33920 11434 11786 11433
33921 11827 11892 11835
33922 9234 9225 9233
33923 7550 7559 7551
33924 9873 9864 9872
33925 17104 17095 17103
33926 11834 11833 11825
33927 17103 17094 17102
33928 7758 7767 7766
33929 19744 20097 20096
33930 17078 17087 17079
33931 8063 8072 8064
33932 17940 17931 17932
33933 7732 15888 15887
33934 19314 19305 19313
33935 11844 11852 11787
33936 9423 9414 9415
33937 16770 16779 16778
33938 8002 8011 8003
33939 19754 19401 19753
33940 18643 18634 18642
33941 11878 11869 11870
33942 17083 17092 17084
33943 17389 17380 17381
33944 17188 17179 17180
33945 9314 8961 9313
33946 18323 18314 18322
33947 17066 17057 17065
33948 17077 17142 17134
33949 5768 5764 5765
33950 7317 7308 7309
33951 6085 6094 6093
33952 10363 10398 10395
33953 5298 5289 5290
33954 5289 87 5290
33955 17048 17057 17049
33956 17333 17398 17341
33957 16922 16931 16930
33958 11872 11871 11863
33959 17107 17098 17106
33960 11888 11896 11887
33961 7394 7385 7386
33962 11463 11464 11472
33963 11887 11895 11886
33964 18930 19283 19282
33965 8893 8884 8885
33966 17409 17418 17410
33967 7840 7831 7832
33968 7831 2629 7832
33969 11894 11886 11895
33970 11786 11795 11787
33971 17027 17018 17019
33972 15964 15955 15963
33973 11801 11793 11802
33974 11877 11886 11885
33975 11852 11853 11861
33976 9143 9134 9142
33977 11887 11879 11888
33978 17903 17912 17911
33979 16980 17333 17332
33980 11434 11787 11786
33981 16868 16877 16876
33982 17064 17055 17063
33983 11860 11852 11861
33984 17019 17010 17018
33985 18882 18891 18883
33986 11845 11853 11844
33987 20023 19958 20015
33988 9518 9509 9517
33989 5321 5330 5322
33990 16625 16634 16626
33991 7403 7443 7406
33992 11397 11396 11405
33993 17690 17681 17682
33994 5810 5801 5809
33995 7317 7326 7318
33996 20198 20189 20190
33997 18121 18130 18129
33998 20222 20631 20244
33999 20487 20422 20479
34000 11424 11423 11432
34001 16993 17002 16994
34002 11791 11783 11792
34003 6703 6712 6711
34004 10108 10117 10116
34005 11417 11425 11426
34006 11782 11791 11783
34007 8534 8543 8535
34008 19077 19086 19085
34009 5655 5646 5654
34010 8626 8273 8274
34011 5903 5912 5904
34012 11393 11401 11402
34013 11781 11782 11790
34014 11425 11424 11416
34015 17038 16973 16981
34016 5740 5749 5741
34017 11416 11417 11425
34018 18221 18230 18222
34019 20129 20120 20121
34020 8347 8343 8344
34021 8837 8846 8838
34022 11799 11798 11790
34023 11807 11798 11806
34024 10351 10360 10352
34025 11397 11406 11398
34026 17679 17688 17687
34027 11837 11828 11836
34028 16931 16940 16932
34029 6169 6522 6521
34030 18633 18624 18632
34031 11424 11423 11415
34032 18760 18751 18759
34033 9798 9789 9797
34034 11761 11753 11762
34035 9008 8999 9000
34036 17895 17886 17894
34037 11430 11431 11783
34038 19373 19382 19374
34039 11723 11371 11780
34040 12906 18109 12907
34041 12906 12898 12907
34042 7114 7179 7171
34043 8039 8048 8040
34044 17024 17015 17023
34045 10234 10243 10242
34046 15911 15902 15903
34047 11722 11730 11721
34048 15627 16015 16014
34049 15627 10425 16014
34050 11807 11808 11799
34051 12201 12192 12193
34052 11737 11728 11736
34053 6637 6628 6629
34054 11814 11823 11822
34055 17017 17008 17016
34056 6193 6581 6194
34057 8113 8122 8114
34058 6023 6032 6031
34059 16990 16999 16991
34060 8818 8827 8819
34061 19196 19205 19197
34062 11826 11817 11818
34063 6028 6019 6027
34064 16034 16094 16037
34065 11811 11803 11868
34066 17419 17428 17420
34067 5322 5347 5339
34068 20436 20709 20708
34069 16631 16622 16623
34070 7830 7839 7838
34071 5321 5312 5313
34072 5312 110 5313
34073 17026 17035 17027
34074 5580 5571 5579
34075 18150 18141 18142
34076 15864 15873 15865
34077 7513 7522 7514
34078 16329 16338 16330
34079 9334 9343 9342
34080 12202 12193 12201
34081 17027 17018 17026
34082 20154 20145 20153
34083 17405 17396 17404
34084 17044 17035 17043
34085 12199 12198 12190
34086 19776 19767 19768
34087 5756 6109 5757
34088 9103 9094 9095
34089 7175 7166 7174
34090 20598 20589 20590
34091 6374 6383 6382
34092 15469 20672 15470
34093 15469 15461 15470
34094 11344 11353 11345
34095 11291 11348 11356
34096 16873 16864 16872
34097 16693 16684 16685
34098 11370 11369 11722
34099 11358 11367 11359
34100 16558 16493 16501
34101 11257 11256 11248
34102 16388 16397 16396
34103 15991 15982 15990
34104 17025 17034 17026
34105 11327 11336 11328
34106 6532 6541 6533
34107 11405 11396 11404
34108 16937 16946 16938
34109 11428 11371 11363
34110 7198 7189 7197
34111 16930 16939 16931
34112 20616 20625 20624
34113 9848 9857 9849
34114 9156 9160 9159
34115 19390 19425 19422
34116 11745 11746 11754
34117 11760 11768 11759
34118 8067 8058 8066
34119 17854 18112 18111
34120 11338 11330 11339
34121 7452 7461 7460
34122 5347 5700 5348
34123 16101 16092 16093
34124 6464 6455 6463
34125 18971 18980 18979
34126 18255 18264 18256
34127 11359 11351 11360
34128 11738 11739 11747
34129 11797 11788 11789
34130 11793 11785 11794
34131 8260 8269 8261
34132 11762 11753 11754
34133 20547 20538 20539
34134 7786 7777 7785
34135 8148 8157 8149
34136 9617 9626 9618
34137 17030 17039 17031
34138 5865 5874 5866
34139 16092 16083 16084
34140 17999 18008 18007
34141 7540 15696 15695
34142 7567 7558 7559
34143 16936 16945 16937
34144 5925 5916 5924
34145 19248 19239 19240
34146 11767 11775 11766
34147 10041 10050 10049
34148 5738 7996 7988
34149 17417 17426 17418
34150 10337 10328 10329
34151 19675 19684 19676
34152 17928 17575 17576
34153 7091 7100 7099
34154 19169 19178 19177
34155 19984 19993 19985
34156 9704 9695 9696
34157 19397 19388 19396
34158 12128 12136 12127
34159 6604 6251 6603
34160 20434 20425 20426
34161 9249 9258 9250
34162 6239 6248 6240
34163 5787 5378 5435
34164 17608 17599 17607
34165 16571 16562 16563
34166 15957 18215 15965
34167 9640 9631 9639
34168 6163 6098 6106
34169 16968 16977 16969
34170 11765 11756 11757
34171 18185 18047 18048
34172 5656 5665 5657
34173 6018 6083 6026
34174 19194 19185 19186
34175 16574 16165 16222
34176 19402 19393 19394
34177 16741 16806 16798
34178 8663 8654 8662
34179 8397 8388 8389
34180 12144 12136 12145
34181 10156 10091 10148
34182 10008 9999 10007
34183 20663 18190 20655
34184 15921 15930 15929
34185 20705 20714 20706
34186 17353 17344 17352
34187 18634 18625 18626
34188 18765 18774 18766
34189 12154 12145 12146
34190 19054 19045 19053
34191 12168 12167 12176
34192 12125 11773 12126
34193 17354 17363 17355
34194 6488 6479 6487
34195 17609 17618 17617
34196 19028 19037 19029
34197 8288 8279 8287
34198 20664 20655 20656
34199 17277 17342 17334
34200 11736 11727 11728
34201 11740 11748 11683
34202 11777 12130 12129
34203 17638 17573 17630
34204 18635 18626 18634
34205 9157 9161 9158
34206 7771 7706 7714
34207 6419 6354 6411
34208 5495 5486 5487
34209 12152 12143 12144
34210 12135 12136 12144
34211 12213 12214 12222
34212 8468 8403 8411
34213 17433 17442 17434
34214 5971 6324 5972
34215 11738 11729 11730
34216 17547 17538 17546
34217 19130 19121 19122
34218 10190 9837 10189
34219 9190 9181 9189
34220 11778 12131 11779
34221 17955 17964 17963
34222 17039 17392 17040
34223 12204 12196 12139
34224 12147 12212 12155
34225 11779 11771 11836
34226 20048 20057 20056
34227 16160 16513 16512
34228 17423 17414 17422
34229 12269 12260 12261
34230 19707 19698 19706
34231 12131 12130 11778
34232 12208 12207 12199
34233 17341 17406 17398
34234 12163 12155 12154
34235 12147 12155 12146
34236 7887 7896 7888
34237 9876 9811 9819
34238 20232 20236 20235
34239 6578 9180 6930
34240 17296 17305 17304
34241 6408 6399 6400
34242 12174 12175 12183
34243 12539 12547 12538
34244 19695 19630 19638
34245 10164 10099 10156
34246 12205 12213 12204
34247 19342 19751 19694
34248 16016 16046 16019
34249 12229 12221 12230
34250 16072 16063 16064
34251 5762 5753 5761
34252 9806 9815 9814
34253 12146 12138 12147
34254 6427 6362 6419
34255 8019 8428 8076
34256 17764 17773 17765
34257 10355 10395 10363
34258 7974 7965 7973
34259 19156 19165 19157
34260 12276 12268 12277
34261 17760 17751 17752
34262 17330 16977 17329
34263 19814 20223 20166
34264 15759 15768 15767
34265 19306 19315 19314
34266 7280 7271 7279
34267 5273 5264 5272
34268 6354 6345 6353
34269 17390 16981 17333
34270 12170 12178 12169
34271 12148 12140 12149
34272 17361 17370 17362
34273 12169 12160 12161
34274 12166 12167 12158
34275 17744 17753 17752
34276 19133 19142 19141
34277 10342 10351 10350
34278 12175 12167 12166
34279 7779 7714 7771
34280 12176 12175 12167
34281 11699 11764 11707
34282 12170 12161 12162
34283 12158 12159 12167
34284 6504 6513 6505
34285 5645 5636 5637
34286 11731 11739 11730
34287 18309 18300 18308
34288 20130 20121 20122
34289 16965 17030 17022
34290 17418 17427 17419
34291 12177 12168 12169
34292 19924 19915 19923
34293 8918 8909 8917
34294 11829 11821 11830
34295 5481 5490 5482
34296 20629 20782 20630
34297 16531 16540 16539
34298 8868 8877 8876
34299 19798 19789 19797
34300 12200 12191 12192
34301 17063 17072 17071
34302 18802 19155 19154
34303 19175 19110 19118
34304 11839 11830 11838
34305 5476 5467 5475
34306 12195 12194 11842
34307 18990 18981 18989
34308 11779 12131 12188
34309 11737 11729 11738
34310 17206 17215 17214
34311 18273 18282 18274
34312 18929 19282 19281
34313 17223 17214 17222
34314 9455 9446 9447
34315 19387 19396 19395
34316 11810 11818 11809
34317 9361 9370 9362
34318 11804 11812 11747
34319 17392 17401 17393
34320 7232 7223 7231
34321 6488 6479 6480
34322 17028 17037 17029
34323 7788 7797 7789
34324 12139 12130 12138
34325 8367 8376 8368
34326 17041 17394 17042
34327 6390 6399 6391
34328 12189 12188 11836
34329 16957 17022 17014
34330 20465 20474 20473
34331 11840 11841 12193
34332 12199 12207 12198
34333 12220 12228 12163
34334 17433 17424 17425
34335 12544 12536 12535
34336 10146 10137 10145
34337 12194 12193 12202
34338 8903 8912 8911
34339 17800 17447 17799
34340 16813 19071 16821
34341 20251 20260 20259
34342 18542 18533 18541
34343 16068 16059 16060
34344 9651 9642 9643
34345 5964 5955 5963
34346 12178 12187 12186
34347 12222 12231 12230
34348 6342 6333 6341
34349 19906 19553 19554
34350 18379 18370 18378
34351 8641 8632 8640
34352 10118 10109 10117
34353 12244 12187 12179
34354 17416 17425 17417
34355 17816 17807 17808
34356 17450 17803 17451
34357 18084 12881 18083
34358 15689 16042 16041
34359 17513 17504 17505
34360 7645 7636 7644
34361 20562 20755 20754
34362 20769 15566 20768
34363 17420 17411 17419
34364 6934 6925 6933
34365 12233 12241 12232
34366 17412 17421 17413
34367 12226 12217 12225
34368 6179 6219 6211
34369 7662 7671 7670
34370 12240 12232 12241
34371 12227 12226 12218
34372 12225 12216 12224
34373 19336 19689 19688
34374 17404 17413 17405
34375 16211 16220 16219
34376 20776 20623 20775
34377 12198 12206 12207
34378 12234 12225 12233
34379 10324 10259 10267
34380 18580 18589 18581
34381 18193 18184 18185
34382 19611 19620 19619
34383 16839 11634 16836
34384 16839 16840 16836
34385 7597 7606 7605
34386 12251 12242 12243
34387 17581 17990 17638
34388 18435 18444 18443
34389 17032 17023 17024
34390 20219 20572 20220
34391 8851 8916 8859
34392 17432 17423 17431
34393 17154 17145 17153
34394 16605 16670 16662
34395 19170 19161 19169
34396 18435 18444 18436
34397 5967 5976 5968
34398 17510 17445 17453
34399 20634 20574 20582
34400 19596 19587 19595
34401 17369 17378 17377
34402 10225 10216 10224
34403 15815 15806 15807
34404 12620 12621 12629
34405 17801 17810 17802
34406 12251 12603 12250
34407 12929 18132 18131
34408 17954 17963 17962
34409 6404 6413 6412
34410 16582 16591 16590
34411 18703 18712 18711
34412 16573 16982 16630
34413 18557 18566 18558
34414 9935 9926 9934
34415 17828 17837 17829
34416 18835 18844 18836
34417 9064 9055 9056
34418 18029 18020 18021
34419 20150 20215 20207
34420 12626 12618 12617
34421 18773 18782 18774
34422 16938 16947 16946
34423 8908 8917 8916
34424 17221 17212 17213
34425 17825 17834 17826
34426 9591 9238 9590
34427 18391 18326 18334
34428 17856 17847 17855
34429 19495 19504 19503
34430 18106 12903 18105
34431 17983 17974 17975
34432 17441 17432 17440
34433 6939 6874 6931
34434 12628 12620 12629
34435 165 5370 168
34436 20439 20448 20440
34437 18604 18600 18603
34438 12601 12600 12248
34439 12222 12230 12221
34440 5586 5651 5643
34441 12616 12625 12624
34442 8062 8053 8054
34443 17763 17754 17762
34444 17816 17807 17815
34445 5357 5387 5379
34446 12610 12619 12618
34447 17829 17820 17828
34448 9682 9673 9681
34449 9886 9877 9878
34450 16944 16935 16936
34451 12606 12605 12597
34452 17404 17395 17403
34453 10274 10265 10266
34454 12653 12645 12654
34455 19969 19616 19617
34456 12244 12179 12236
34457 12633 12625 12634
34458 12238 12230 12239
34459 18611 18607 18610
34460 17062 16997 17054
34461 20581 20590 20589
34462 12208 12217 12216
34463 16857 16504 16505
34464 17455 17464 17463
34465 18401 18410 18402
34466 16812 16803 16804
34467 17422 17431 17423
34468 19688 19697 19696
34469 6638 6629 6637
34470 12606 12597 12598
34471 16099 16452 16451
34472 6828 6819 6827
34473 12184 12185 12537
34474 20274 20283 20282
34475 5912 6265 5913
34476 6888 6879 6887
34477 18196 18205 18204
34478 6966 6975 6967
34479 12176 12168 12177
34480 9621 9612 9613
34481 17746 17755 17747
34482 12547 12538 12546
34483 10260 10195 10203
34484 12538 12537 12185
34485 19390 19381 19389
34486 7866 7857 7858
34487 7857 2655 7858
34488 20786 20795 20794
34489 5516 5507 5515
34490 8532 8541 8533
34491 12605 12596 12604
34492 17370 17379 17371
34493 6353 6362 6354
34494 19094 19159 19102
34495 6545 6554 6546
34496 12143 12135 12144
34497 12142 12134 12143
34498 17368 17377 17369
34499 12171 12179 12170
34500 6692 6683 6691
34501 12168 12159 12160
34502 6275 6284 6283
34503 7480 7471 7472
34504 6149 6158 6150
34505 17377 17386 17378
34506 12570 12561 12562
34507 12604 12613 12605
34508 18447 18382 18390
34509 12628 12637 12636
34510 5532 5523 5531
34511 17255 17310 17258
34512 12563 12620 12628
34513 17766 17701 17709
34514 7234 7299 7291
34515 17452 17443 17444
34516 17777 17786 17778
34517 17799 17446 17798
34518 18078 18069 18077
34519 9224 9215 9223
34520 6746 6811 6754
34521 5822 5831 5823
34522 12579 12571 12570
34523 17758 17767 17759
34524 19334 19399 19391
34525 8934 8925 8933
34526 20159 20168 20167
34527 16364 16373 16365
34528 12559 12550 12551
34529 17832 17823 17831
34530 17757 17748 17756
34531 12543 12544 12552
34532 17760 17769 17761
34533 17746 17737 17745
34534 12569 12577 12568
34535 5573 5300 5572
34536 12560 12552 12561
34537 12551 12550 12542
34538 17393 17040 17041
34539 16222 16575 16574
34540 7539 7474 7482
34541 17753 17762 17754
34542 17208 17199 17200
34543 12583 12574 12575
34544 7683 7618 7626
34545 17806 17815 17807
34546 16312 16303 16304
34547 20199 20134 20191
34548 17059 17050 17051
34549 17760 17751 17759
34550 9838 9829 9837
34551 6084 6075 6083
34552 12573 12565 12564
34553 6666 7075 6723
34554 16592 16601 16600
34555 12556 12491 12548
34556 8865 8874 8873
34557 17365 17430 17422
34558 17842 17851 17843
34559 9821 9830 9822
34560 12598 12245 12246
34561 19426 19422 19423
34562 12507 12499 12564
34563 9123 9114 9115
34564 17515 17506 17507
34565 16281 16290 16289
34566 17822 17831 17823
34567 17579 17932 17931
34568 18493 18502 18494
34569 16053 16044 16045
34570 12545 12554 12553
34571 17789 17780 17788
34572 12545 12537 12546
34573 12616 12607 12608
34574 17459 17106 17107
34575 19014 18974 18982
34576 9977 9973 9974
34577 20096 19743 20095
34578 15886 7674 7731
34579 16904 16913 16912
34580 20310 20679 20367
34581 5229 5382 5230
34582 5888 5897 5896
34583 19204 19195 19203
34584 17846 17781 17789
34585 17761 17752 17760
34586 12637 12629 12638
34587 12636 12645 12644
34588 12579 12644 12587
34589 9721 9730 9722
34590 12514 12523 12515
34591 18449 18458 18450
34592 19704 19695 19703
34593 19007 19003 19006
34594 19624 19633 19625
34595 18113 18122 18114
34596 5698 6107 6050
34597 17973 18038 18030
34598 16249 16258 16250
34599 5296 5287 5288
34600 5287 85 5288
34601 12579 12578 12570
34602 17835 17844 17836
34603 18079 12860 12877
34604 12860 12877 12857
34605 19538 19547 19546
34606 12575 12574 12566
34607 12184 12183 12175
34608 17779 17788 17780
34609 18648 18657 18656
34610 20743 15524 15541
34611 15524 15541 15516
34612 1389 6594 1392
34613 16567 16920 16919
34614 15985 15976 15977
34615 18846 18837 18838
34616 7027 7036 7028
34617 12495 12504 12496
34618 17731 17722 17730
34619 17691 17682 17690
34620 18111 17797 18094
34621 17405 17396 17397
34622 12864 12872 12863
34623 17470 17405 17462
34624 12635 12634 12626
34625 12906 12897 12898
34626 16965 17030 16973
34627 12576 12575 12567
34628 5600 5609 5601
34629 7031 7040 7032
34630 12637 12645 12636
34631 17793 17784 17792
34632 12930 18133 12931
34633 12930 12922 12931
34634 12582 12574 12573
34635 18091 18100 18092
34636 20593 20584 20592
34637 12896 12904 12895
34638 8551 8542 8550
34639 10341 10350 10342
34640 12890 12891 12593
34641 18085 12882 12883
34642 12882 12883 12874
34643 16034 16030 16031
34644 6675 6610 6618
34645 7256 7247 7255
34646 6876 6867 6868
34647 11628 11632 11629
34648 9135 9126 9134
34649 16873 16864 16865
34650 10026 10017 10025
34651 12910 12911 12653
34652 12459 12460 12463
34653 12659 12916 12658
34654 9283 9348 9340
34655 17188 17197 17196
34656 16692 16701 16700
34657 16428 16432 16429
34658 17854 18112 17855
34659 18379 18370 18371
34660 19797 19806 19798
34661 19529 19538 19530
34662 18103 18078 18086
34663 12687 12695 12686
34664 7193 7184 7185
34665 18120 18111 18119
34666 12899 12891 12890
34667 12922 12914 12923
34668 12629 12621 12630
34669 12891 12593 12594
34670 18116 17858 18115
34671 12107 12115 12106
34672 12922 12921 12913
34673 17570 17561 17562
34674 6854 7207 6855
34675 19672 19663 19664
34676 12863 12871 12862
34677 20471 20480 20479
34678 17614 17549 17557
34679 16233 16242 16241
34680 12631 12640 12639
34681 19080 19433 19432
34682 18809 18818 18810
34683 12587 12579 12578
34684 12915 12923 12914
34685 18134 18125 18133
34686 19330 19339 19331
34687 18649 18658 18657
34688 9209 9218 9210
34689 20542 20607 20550
34690 17858 17849 17857
34691 12702 12693 12694
34692 18848 18857 18856
34693 17756 17747 17755
34694 18137 17919 18136
34695 7918 8216 8215
34696 12632 12641 12633
34697 19171 19180 19172
34698 18005 20263 18013
34699 6026 6017 6025
34700 20772 15569 20771
34701 10130 10139 10131
34702 12647 12648 12656
34703 19931 19940 19939
34704 12638 12630 12639
34705 20071 20006 20014
34706 17446 17381 17438
34707 17198 17133 17190
34708 5224 5215 5223
34709 9356 9365 9357
34710 12655 12647 12656
34711 5512 5279 5280
34712 6580 6584 6583
34713 12913 12921 12912
34714 9225 9216 9217
34715 12649 12648 12640
34716 19465 19474 19473
34717 12930 12921 12922
34718 12646 12654 12645
34719 12659 12650 12651
34720 18106 12903 12904
34721 12903 12904 12895
34722 17795 18093 18092
34723 12629 12630 12638
34724 19532 19541 19533
34725 9852 9861 9860
34726 7042 7033 7041
34727 15798 15807 15806
34728 11232 11236 11235
34729 12920 12921 12929
34730 9115 9106 9114
34731 9530 9539 9531
34732 7771 7780 7779
34733 12054 17259 17256
34734 17259 17256 17260
34735 8227 8292 8235
34736 16441 16445 16444
34737 9457 9448 9449
34738 16687 16678 16679
34739 12646 12647 12655
34740 18099 18090 18098
34741 8001 8010 8002
34742 18101 18092 18100
34743 17965 18030 17973
34744 8282 7944 7945
34745 17647 17259 17646
34746 17259 17646 12057
34747 17702 17711 17710
34748 12887 12589 12886
34749 17327 16974 17326
34750 17656 17652 17653
34751 12085 12077 12086
34752 20690 20699 20691
34753 6484 6475 6483
34754 18595 18591 18594
34755 11639 11676 11684
34756 6802 6867 6859
34757 11686 11677 11678
34758 11700 11648 11645
34759 19536 19545 19544
34760 11693 11694 11702
34761 20410 20401 20409
34762 12048 17253 17250
34763 17253 17250 17254
34764 17242 17238 17241
34765 17238 17241 12036
34766 16851 11646 11649
34767 20385 20376 20384
34768 18920 18929 18928
34769 12046 12047 12050
34770 8459 8524 8467
34771 9757 9766 9758
34772 6613 6604 6612
34773 12453 17658 17655
34774 17658 17655 17659
34775 12094 12086 12095
34776 8235 8226 8234
34777 12078 12087 12086
34778 16719 16710 16711
34779 10101 10092 10093
34780 8156 8091 8099
34781 18915 18906 18914
34782 12448 12444 12445
34783 12858 18061 12859
34784 12858 12855 12859
34785 17383 17736 17735
34786 8121 8112 8113
34787 17648 17678 17670
34788 17467 17458 17459
34789 11631 11632 11628
34790 18058 18055 18059
34791 20405 20414 20406
34792 12885 12588 12886
34793 5921 5568 5569
34794 19937 19946 19938
34795 20488 20497 20489
34796 8391 8400 8392
34797 12165 12173 12164
34798 17679 17688 17680
34799 20717 20726 20718
34800 17304 17295 17303
34801 17310 17319 17318
34802 8444 8453 8452
34803 17687 17696 17688
34804 17690 17681 17689
34805 12053 12108 12056
34806 6631 6622 6630
34807 10055 18211 18210
34808 15649 15640 15641
34809 12861 12854 12467
34810 15991 15982 15983
34811 16418 16409 16410
34812 5575 5584 5576
34813 17362 17353 17354
34814 17766 17775 17767
34815 12452 12448 12451
34816 16762 17115 17114
34817 8875 8940 8932
34818 6835 6770 6827
34819 12504 12503 12512
34820 9481 9490 9489
34821 5233 5386 5385
34822 15694 15703 15702
34823 17739 17748 17747
34824 9274 9265 9273
34825 18877 18886 18878
34826 18082 12879 12880
34827 12879 12880 12871
34828 12462 12466 12465
34829 10028 10037 10036
34830 19918 19983 19926
34831 16351 16342 16343
34832 17656 17652 17655
34833 17652 17655 12450
34834 17223 17214 17215
34835 20355 20346 20347
34836 12865 12527 12528
34837 9231 9240 9232
34838 8183 8192 8184
34839 18065 17727 18064
34840 12528 12519 12520
34841 8807 8816 8808
34842 17216 17207 17215
34843 8203 8268 8211
34844 12450 12454 12451
34845 12451 12447 12450
34846 12444 12057 12445
34847 9597 9606 9598
34848 17667 18055 18054
34849 17667 12465 18054
34850 7433 7424 7432
34851 5783 5843 5786
34852 12456 17661 12459
34853 15905 15896 15897
34854 20092 20445 20093
34855 12447 12448 12451
34856 6436 6427 6428
34857 16809 16818 16817
34858 17665 17661 17662
34859 9811 9802 9810
34860 12453 12450 12454
34861 12460 12456 12459
34862 5853 5862 5854
34863 9403 9468 9411
34864 16416 16407 16408
34865 12574 12573 12565
34866 8779 8844 8836
34867 12502 12511 12503
34868 17718 17663 17666
34869 5909 6262 6261
34870 18083 12880 18082
34871 19440 19431 19432
34872 6045 5692 6044
34873 17792 17783 17784
34874 7255 7246 7247
34875 9297 9288 9289
34876 17843 17834 17842
34877 17704 17713 17705
34878 16761 17114 17113
34879 12487 12486 12478
34880 10194 10203 10202
34881 12471 12480 12479
34882 12519 12518 12510
34883 12472 12119 12120
34884 9255 9264 9263
34885 17666 17662 17665
34886 18041 18032 18040
34887 20199 20134 20142
34888 12517 12508 12509
34889 17257 17261 17258
34890 20642 20638 20639
34891 18404 10248 18403
34892 17218 17227 17226
34893 16372 16381 16380
34894 12453 12454 12457
34895 12861 12467 12524
34896 6309 6318 6317
34897 18504 18495 18496
34898 17726 17666 17669
34899 17289 17298 17290
34900 8472 8481 8473
34901 12497 12489 12498
34902 19551 19486 19543
34903 18402 18411 18403
34904 19548 19539 19540
34905 12865 12866 12874
34906 17729 17720 17728
34907 18964 18955 18963
34908 18188 18050 18051
34909 20642 20638 20641
34910 19570 19579 19578
34911 17584 17231 17232
34912 12504 12513 12512
34913 19163 19154 19155
34914 12512 12513 12521
34915 12514 12522 12523
34916 16570 16923 16922
34917 18915 18924 18923
34918 12867 12868 12876
34919 16267 16258 16266
34920 17733 18087 17790
34921 18077 18086 18078
34922 12860 12857 12856
34923 6550 6559 6551
34924 17795 18093 17796
34925 18770 18779 18771
34926 17790 18088 17791
34927 6050 5697 6049
34928 9395 9386 9394
34929 19821 19766 19818
34930 8635 8700 8692
34931 17787 17796 17788
34932 12594 12585 12586
34933 18062 12859 18061
34934 17452 17443 17451
34935 5407 5398 5399
34936 16089 16098 16090
34937 12504 12505 12513
34938 18982 18973 18974
34939 9368 9359 9360
34940 7188 7179 7187
34941 19809 19800 19801
34942 20038 19685 19686
34943 17775 17784 17776
34944 20170 20161 20162
34945 17774 17783 17775
34946 10265 10256 10257
34947 12517 12509 12518
34948 12512 12520 12521
34949 12556 12564 12499
34950 12581 12572 12573
34951 12895 12886 12887
34952 17831 17840 17839
34953 12116 12469 12468
34954 12532 12533 12541
34955 12496 12505 12504
34956 12496 12497 12505
34957 12508 12517 12516
34958 15765 15830 15773
34959 19343 18934 19286
34960 12875 12874 12866
34961 17723 17714 17722
34962 12495 12496 12487
34963 9601 9610 9602
34964 8686 8333 8685
34965 18917 18908 18916
34966 18024 18015 18016
34967 18213 10057 18212
34968 15714 15705 15706
34969 12497 12496 12488
34970 5915 5506 5858
34971 10258 10267 10259
34972 7605 7596 7597
34973 19996 20005 19997
34974 12509 12500 12501
34975 20566 20775 20758
34976 9623 9614 9615
34977 17699 17690 17698
34978 19260 19269 19261
34979 20674 15471 20673
34980 12482 12490 12481
34981 9065 9056 9064
34982 20137 20128 20129
34983 6556 6565 6564
34984 20778 20625 20777
34985 9277 9268 9269
34986 8567 8576 8568
34987 7836 7845 7844
34988 17700 17691 17699
34989 12483 12491 12548
34990 7716 7707 7708
34991 5748 5739 5740
34992 6046 6055 6054
34993 17745 17754 17746
34994 18124 18133 18125
34995 20357 20348 20356
34996 12454 12455 12458
34997 12534 12181 12182
34998 12555 12547 12612
34999 12558 12549 12550
35000 12551 12560 12559
35001 17723 17732 17731
35002 8052 8061 8053
35003 12568 12559 12567
35004 16352 16705 16704
35005 16616 16625 16624
35006 17816 17825 17817
35007 12106 12114 12115
35008 7148 7157 7156
35009 18108 18099 18100
35010 9573 9523 9531
35011 16533 16598 16541
35012 17712 17721 17713
35013 12497 12506 12498
35014 12556 12548 12557
35015 17715 17724 17716
35016 12533 12532 12180
35017 9557 9910 9558
35018 15664 15655 15656
35019 12480 12471 12472
35020 6947 6956 6955
35021 17521 17530 17522
35022 8508 8517 8509
35023 12559 12567 12558
35024 12483 12491 12482
35025 12149 12157 12148
35026 5880 5889 5888
35027 8536 8527 8528
35028 12099 12156 12164
35029 12170 12169 12161
35030 12609 12618 12610
35031 7327 7318 7319
35032 5815 5824 5823
35033 12099 12091 12156
35034 18238 18303 18295
35035 17204 17195 17203
35036 15916 15907 15908
35037 10284 10219 10227
35038 17359 17368 17360
35039 19275 19266 19274
35040 6755 6690 6747
35041 20434 20707 20706
35042 16060 16051 16059
35043 6358 6367 6366
35044 8032 8023 8024
35045 10319 10328 10320
35046 19681 20034 20033
35047 18967 18902 18959
35048 7456 7465 7457
35049 12122 12121 12113
35050 12484 12449 12476
35051 12089 12081 12090
35052 7587 7522 7530
35053 17746 17737 17738
35054 7764 7773 7765
35055 8437 8446 8438
35056 17699 17708 17700
35057 17682 17673 17681
35058 12102 12111 12110
35059 17674 17321 17673
35060 17751 17742 17743
35061 17581 17990 17933
35062 17822 17831 17830
35063 18569 18578 18577
35064 12092 12101 12100
35065 17706 17697 17705
35066 12109 12118 12117
35067 8491 8900 8843
35068 17289 17280 17288
35069 7603 15759 15758
35070 17673 17320 17672
35071 12477 12486 12485
35072 20671 13004 18206
35073 16721 16712 16720
35074 19704 19695 19696
35075 12471 12119 12118
35076 12108 12117 12116
35077 12119 12110 12118
35078 17321 17312 17320
35079 17726 17666 17718
35080 12451 12455 12452
35081 17307 17298 17299
35082 6701 6692 6693
35083 12468 12477 12476
35084 18284 18293 18292
35085 9672 9681 9673
35086 16111 16120 16119
35087 20729 20738 20730
35088 17689 17680 17688
35089 16714 16705 16713
35090 17467 17476 17475
35091 16807 16816 16815
35092 15691 15682 15690
35093 16545 16554 16553
35094 19995 20004 19996
35095 17002 17011 17010
35096 18924 18933 18932
35097 17689 17698 17690
35098 17761 17770 17769
35099 12449 12476 12446
35100 19731 19740 19739
35101 17245 17249 17246
35102 12485 12484 12493
35103 17300 17291 17299
35104 19642 19651 19643
35105 16605 16596 16597
35106 19109 19100 19108
35107 6571 6506 6514
35108 16495 16504 16503
35109 18754 18763 18762
35110 9075 9066 9074
35111 17258 17318 17310
35112 19817 19429 19430
35113 5994 6059 6051
35114 17149 17140 17141
35115 20210 20219 20218
35116 11709 11710 12062
35117 12058 12445 12057
35118 19151 18742 19094
35119 8368 8015 8367
35120 17422 17431 17430
35121 17258 17254 17257
35122 12046 12050 12049
35123 12047 12084 12092
35124 12049 12053 12050
35125 20449 20440 20441
35126 12052 12049 12048
35127 7834 7859 7851
35128 7834 7851 2632
35129 12040 12044 12043
35130 20338 20329 20330
35131 12077 12086 12078
35132 16666 16675 16674
35133 12164 12172 12173
35134 17270 17240 17243
35135 17264 17273 17265
35136 12085 12086 12094
35137 17265 16912 17264
35138 17498 17489 17490
35139 12103 12102 12094
35140 5712 5703 5711
35141 20245 20633 20246
35142 20423 20358 20415
35143 7915 8213 7916
35144 19117 19126 19118
35145 16069 16134 16077
35146 17296 17305 17297
35147 16469 16534 16477
35148 12078 12070 12079
35149 12103 12094 12095
35150 12088 12096 12097
35151 7708 7717 7709
35152 10302 10293 10301
35153 6505 6514 6513
35154 18067 17729 17730
35155 12085 12084 12076
35156 15857 15866 15865
35157 8268 8621 8269
35158 17240 16852 17239
35159 8934 8925 8926
35160 19855 17597 19847
35161 9075 9066 9067
35162 5402 5467 5410
35163 12080 12079 12088
35164 20569 20216 20217
35165 16349 16340 16348
35166 18112 18121 18120
35167 8630 8639 8631
35168 11703 11712 11704
35169 12044 12047 12043
35170 12068 12060 12069
35171 18710 18775 18718
35172 19331 19340 19339
35173 15897 15888 15889
35174 16861 16508 16509
35175 19843 19490 19491
35176 17275 17284 17276
35177 20687 20696 20688
35178 12065 11712 11713
35179 6806 6815 6814
35180 19857 19866 19858
35181 11732 11740 11675
35182 11695 11686 11687
35183 12096 12087 12088
35184 16327 16318 16326
35185 8665 8674 8673
35186 12064 11711 11712
35187 12169 12168 12160
35188 18931 19284 18932
35189 6960 6951 6952
35190 7874 8148 8091
35191 17977 17968 17976
35192 18854 18845 18846
35193 20069 20078 20070
35194 19619 19610 19618
35195 7055 7046 7054
35196 7089 7080 7088
35197 19667 19658 19659
35198 16910 17263 16911
35199 17249 17294 17286
35200 8134 8125 8126
35201 17358 17367 17359
35202 17329 17338 17330
35203 12161 12152 12160
35204 16325 16390 16333
35205 17651 17686 17678
35206 18332 18685 18333
35207 7492 7483 7484
35208 6501 6492 6500
35209 17369 17378 17370
35210 5962 6027 6019
35211 18975 18984 18976
35212 12106 12105 12097
35213 8898 8889 8897
35214 11690 11698 11689
35215 16917 17326 16974
35216 7919 8217 7920
35217 11713 11714 12066
35218 8204 8557 8205
35219 9662 9653 9654
35220 18630 18695 18687
35221 17816 17825 17824
35222 18629 18638 18630
35223 17297 17288 17289
35224 6784 6775 6783
35225 9906 10259 9907
35226 12141 12140 12132
35227 17285 17350 17342
35228 12091 12083 12148
35229 16769 16416 16768
35230 16872 16881 16880
35231 16574 16583 16582
35232 11696 11705 11704
35233 12065 12064 11712
35234 19212 19565 19564
35235 19922 19931 19930
35236 19953 19962 19961
35237 19281 18928 18929
35238 11702 11710 11701
35239 15815 16168 16167
35240 6980 7333 7332
35241 5410 5475 5467
35242 17900 17909 17901
35243 11758 11757 11749
35244 18244 18235 18243
35245 17292 17283 17291
35246 12137 12129 12138
35247 10314 10305 10313
35248 10392 10347 10389
35249 7233 7224 7232
35250 16629 16694 16637
35251 6366 6375 6367
35252 17291 17282 17290
35253 16902 16847 16850
35254 15681 15672 15673
35255 16021 16025 16022
35256 11707 11698 11699
35257 16916 17269 16917
35258 11755 11763 11754
35259 8897 8888 8896
35260 20513 20522 20514
35261 9009 9018 9010
35262 12066 11714 12067
35263 10270 10279 10271
35264 19552 19543 19544
35265 12095 12087 12096
35266 16316 16325 16324
35267 19993 20002 20001
35268 12104 12112 12103
35269 5456 5447 5455
35270 12151 12143 12152
35271 12065 12066 12074
35272 11706 11715 11714
35273 17267 17276 17268
35274 12064 12065 12073
35275 12061 11708 11709
35276 6914 6905 6913
35277 16217 16208 16209
35278 18496 18505 18497
35279 18344 18353 18352
35280 10079 10070 10078
35281 6140 6149 6141
35282 19760 19751 19759
35283 9755 9820 9763
35284 20075 20066 20074
35285 17976 17967 17975
35286 18698 18689 18690
35287 6501 6492 6493
35288 17170 17161 17162
35289 16922 16569 16921
35290 12160 12151 12152
35291 8206 8197 8205
35292 7415 7475 7418
35293 6068 6077 6069
35294 16787 16778 16779
35295 11700 11708 11648
35296 8772 8781 8780
35297 18065 17727 17728
35298 11764 11756 11765
35299 19957 19966 19958
35300 16958 16967 16959
35301 16870 16879 16871
35302 20531 20522 20523
35303 9677 9668 9676
35304 16140 16149 16148
35305 11680 11689 11688
35306 18953 18962 18954
35307 16945 16954 16946
35308 18724 18733 18725
35309 9479 9470 9478
35310 18784 18793 18792
35311 6690 6681 6689
35312 5610 5601 5602
35313 5984 5993 5992
35314 9630 9639 9638
35315 8338 8691 8690
35316 9083 9148 9091
35317 11682 11691 11683
35318 18756 18747 18748
35319 11774 11773 11765
35320 5293 5302 5301
35321 8441 8432 8440
35322 16914 16905 16913
35323 9345 9336 9344
35324 18327 18680 18679
35325 16917 16908 16916
35326 10020 7762 10012
35327 11675 11683 11674
35328 7864 7855 7863
35329 6322 6731 6379
35330 8884 8819 8876
35331 7517 7526 7518
35332 7873 7864 7872
35333 8566 8557 8558
35334 16882 16873 16881
35335 11695 11694 11686
35336 11724 11732 11667
35337 17505 17496 17497
35338 11693 11685 11694
35339 6540 6531 6539
35340 16903 16894 16902
35341 12072 12063 12064
35342 16880 16871 16879
35343 5560 5551 5559
35344 16904 16913 16905
35345 16872 16881 16873
35346 11686 11685 11677
35347 6840 6831 6832
35348 20459 20468 20467
35349 16876 16867 16875
35350 18770 18761 18769
35351 11665 11674 11666
35352 16381 18639 16389
35353 11350 11351 11359
35354 18931 19284 19283
35355 9511 9502 9510
35356 6266 6331 6274
35357 11665 11664 11673
35358 16868 16877 16869
35359 15818 15809 15810
35360 15855 15864 15863
35361 20224 19836 20223
35362 7454 7445 7453
35363 11350 11359 11358
35364 9448 9439 9440
35365 18102 18127 18110
35366 11359 11368 11360
35367 11352 11360 11351
35368 6428 6437 6429
35369 8937 8946 8938
35370 6639 6648 6647
35371 5878 5869 5877
35372 9184 9193 9185
35373 16040 15687 15688
35374 7601 7610 7609
35375 11695 11687 11696
35376 16915 16906 16914
35377 6963 6898 6906
35378 18741 18732 18733
35379 11305 11306 11658
35380 5376 5764 5377
35381 11684 11676 11685
35382 15802 15793 15794
35383 16844 16840 16843
35384 12061 12062 12070
35385 19135 19144 19143
35386 18551 18486 18494
35387 11637 11641 11640
35388 11700 11709 11708
35389 16879 16888 16880
35390 8079 8432 8431
35391 20560 20753 20752
35392 11673 11674 11682
35393 16908 16899 16907
35394 16900 16891 16899
35395 16910 16850 16853
35396 8256 8265 8264
35397 11647 11644 11648
35398 7306 7371 7363
35399 16897 16906 16898
35400 20766 20757 20765
35401 9667 9732 9675
35402 11635 11632 11636
35403 6909 6900 6908
35404 6494 6503 6495
35405 11653 11661 11652
35406 16898 16889 16897
35407 19464 19473 19472
35408 19522 19513 19521
35409 18824 18815 18823
35410 7747 7756 7748
35411 19407 19411 19410
35412 11314 11323 11322
35413 17034 17043 17042
35414 20266 20257 20265
35415 7858 7883 7875
35416 7858 7875 2656
35417 11669 11661 11670
35418 10331 10322 10330
35419 20173 20182 20181
35420 20411 20402 20403
35421 8327 8336 8328
35422 15824 7668 7669
35423 11699 11698 11690
35424 11662 11654 11663
35425 16942 16951 16943
35426 11652 11661 11660
35427 16431 16435 16434
35428 16431 11229 16434
35429 11246 10893 10894
35430 16477 16542 16534
35431 9010 9001 9009
35432 17402 17393 17401
35433 18483 18492 18484
35434 11225 11221 11222
35435 19253 19244 19245
35436 16862 16832 16835
35437 5623 5632 5624
35438 17071 17062 17063
35439 20763 20772 20764
35440 19651 19660 19652
35441 11641 11637 11638
35442 20178 20169 20177
35443 19961 19952 19953
35444 11237 11240 11292
35445 16339 16348 16347
35446 8621 8630 8622
35447 15792 15783 15784
35448 11669 11678 11677
35449 19451 19460 19459
35450 11729 11728 11737
35451 16395 16404 16396
35452 11300 11653 11652
35453 11301 11302 11654
35454 11240 11292 11300
35455 13002 18205 13003
35456 13002 12994 13003
35457 16854 16863 16855
35458 11658 11657 11305
35459 7611 7202 7554
35460 20165 20174 20173
35461 11252 11253 11261
35462 8575 8566 8574
35463 20666 20657 20658
35464 7418 15630 7475
35465 11243 11239 11240
35466 7442 7433 7441
35467 18738 18729 18737
35468 16191 16182 16183
35469 20466 20457 20458
35470 11274 11273 11282
35471 11280 11281 11289
35472 10165 10174 10166
35473 6909 6900 6901
35474 19446 19511 19454
35475 11292 11301 11300
35476 5707 5716 5715
35477 11278 11277 11269
35478 18704 18695 18703
35479 18816 18825 18824
35480 16709 16356 16357
35481 8045 8054 8046
35482 11238 11242 11241
35483 17700 17709 17708
35484 19704 19713 19712
35485 19430 19426 19427
35486 20183 20192 20184
35487 17385 17376 17377
35488 9289 9298 9290
35489 10426 10422 10423
35490 16369 16360 16361
35491 19171 19180 19179
35492 16446 16455 16447
35493 16146 16155 16154
35494 8573 8564 8565
35495 17763 17754 17755
35496 10194 9841 10193
35497 5698 6107 5755
35498 18775 18784 18776
35499 16439 16494 16486
35500 15612 15616 15615
35501 15612 10410 15615
35502 6060 6051 6059
35503 19444 19453 19452
35504 8176 8167 8175
35505 16834 16830 16831
35506 7628 7619 7620
35507 5770 5774 5771
35508 11260 11228 11225
35509 16444 16832 16445
35510 11284 11234 11276
35511 10828 10831 10827
35512 5726 5717 5718
35513 9573 9577 9576
35514 10444 10412 10409
35515 15593 20796 15594
35516 15593 15585 15594
35517 11222 10835 11244
35518 11332 11275 11267
35519 5311 5320 5312
35520 5311 5312 109
35521 11263 11254 11255
35522 11246 11255 11254
35523 16456 16465 16457
35524 16349 16340 16341
35525 9303 9656 9655
35526 6036 6027 6028
35527 6375 6384 6376
35528 16535 16526 16534
35529 16455 16464 16456
35530 17231 17222 17223
35531 19921 19912 19920
35532 18339 10183 18338
35533 6278 6269 6270
35534 20180 20189 20188
35535 16726 16661 16718
35536 8015 8006 8007
35537 11269 11261 11260
35538 16473 16464 16472
35539 10890 10882 10881
35540 20717 20726 20725
35541 6147 6156 6148
35542 10862 10870 10871
35543 17610 17601 17602
35544 11267 11324 11332
35545 10878 10870 10879
35546 8352 8356 8355
35547 17749 17814 17806
35548 16079 16088 16080
35549 10886 10887 10895
35550 6752 6761 6753
35551 16733 16798 16741
35552 16091 16100 16092
35553 11249 10897 11250
35554 16459 16468 16460
35555 16943 16952 16951
35556 7697 7688 7689
35557 6065 6074 6066
35558 16449 16096 16448
35559 7895 7886 7894
35560 7366 7357 7365
35561 8414 8423 8415
35562 16470 16430 16433
35563 9819 9810 9818
35564 11253 11252 11244
35565 19405 19396 19397
35566 5488 5497 5489
35567 10876 10884 10829
35568 10865 10873 10864
35569 10829 10832 10828
35570 10876 10885 10884
35571 16083 16074 16082
35572 19329 19338 19337
35573 16966 16901 16958
35574 9934 9943 9942
35575 10953 10944 10952
35576 5465 5474 5466
35577 10849 10841 10850
35578 19771 19762 19770
35579 16490 16481 16482
35580 5624 5633 5632
35581 9744 9753 9752
35582 10891 10883 10948
35583 8045 8054 8053
35584 5696 6049 6048
35585 10886 10895 10894
35586 10151 10142 10143
35587 9934 9943 9935
35588 16082 16073 16081
35589 9287 9278 9279
35590 6259 6268 6260
35591 16126 16061 16069
35592 10839 10838 10486
35593 5328 5319 5327
35594 10878 10886 10877
35595 10958 10950 10959
35596 20129 20120 20128
35597 9018 9027 9019
35598 16427 16423 16424
35599 11251 11308 11316
35600 16526 16461 16469
35601 9167 9163 9166
35602 6826 6891 6834
35603 17176 17185 17184
35604 8649 8640 8648
35605 20673 15470 15471
35606 15470 15471 15462
35607 17633 17624 17625
35608 16153 16144 16152
35609 18564 18555 18556
35610 16099 16452 16100
35611 19491 19844 19492
35612 17537 17528 17529
35613 16466 16457 16465
35614 16500 16491 16499
35615 5254 5447 5255
35616 16154 16163 16162
35617 19403 19756 19404
35618 18037 18028 18029
35619 16303 16294 16295
35620 11289 11281 11290
35621 8159 8150 8158
35622 18608 18604 18605
35623 5923 5858 5866
35624 19597 19606 19605
35625 16543 16534 16542
35626 17103 17456 17104
35627 18667 18658 18659
35628 9111 9120 9112
35629 11297 11289 11298
35630 8024 7846 8023
35631 11374 11382 11373
35632 11343 11335 11344
35633 10880 10881 10889
35634 16449 16458 16450
35635 16550 16485 16493
35636 17126 17135 17134
35637 10000 10009 10001
35638 8870 8879 8871
35639 9888 9879 9887
35640 19210 19563 19211
35641 11332 11333 11341
35642 16445 16854 16502
35643 11308 11309 11317
35644 11275 11332 11340
35645 20361 20352 20360
35646 18740 19093 18741
35647 6300 6291 6292
35648 7520 7511 7519
35649 20331 20340 20339
35650 9299 9364 9307
35651 9342 9333 9334
35652 7880 7889 7881
35653 7880 7881 2678
35654 11267 11259 11324
35655 11273 11265 11274
35656 18628 18619 18620
35657 17477 17542 17485
35658 20123 20132 20124
35659 17651 17686 17654
35660 16483 16492 16484
35661 16544 16553 16545
35662 16527 16518 16526
35663 19978 19987 19979
35664 20232 20236 20233
35665 11275 11340 11283
35666 7792 7801 7793
35667 8050 8059 8051
35668 11297 11288 11289
35669 8341 7953 8340
35670 11275 11283 11274
35671 18175 12956 12973
35672 12956 12973 12948
35673 18691 18682 18683
35674 6467 6476 6468
35675 7674 7665 7673
35676 11277 11286 11285
35677 5693 6046 6045
35678 16857 16504 16856
35679 5354 7956 5706
35680 11289 11288 11280
35681 16041 15688 15689
35682 8139 8204 8196
35683 15747 15738 15739
35684 18000 17991 17992
35685 7555 7564 7556
35686 20377 20024 20376
35687 16560 16551 16559
35688 17481 17472 17473
35689 11307 11298 11299
35690 7008 1803 1806
35691 11365 11356 11357
35692 15655 15646 15647
35693 9262 9271 9270
35694 16493 16484 16492
35695 11325 11317 11316
35696 16761 17114 16762
35697 16307 16316 16315
35698 11722 11369 11721
35699 10121 18277 18276
35700 8110 8101 8109
35701 11666 11665 11657
35702 19549 19540 19541
35703 19000 18612 18999
35704 17892 17883 17884
35705 8316 8251 8308
35706 16920 16929 16921
35707 16927 16918 16926
35708 5966 5975 5974
35709 16567 16558 16566
35710 16127 16136 16135
35711 11305 11657 11304
35712 20467 20476 20475
35713 18051 18042 18043
35714 16314 16305 16306
35715 8393 8384 8392
35716 11666 11657 11658
35717 11656 11304 11657
35718 11307 11299 11364
35719 19933 19942 19941
35720 18780 18789 18788
35721 7353 7362 7354
35722 16509 16500 16508
35723 18175 12956 18158
35724 17021 17012 17013
35725 7469 7460 7468
35726 18618 18627 18619
35727 11366 11357 11358
35728 16023 16027 16026
35729 16023 10821 16026
35730 15699 7543 7544
35731 5399 5408 5400
35732 11327 11335 11326
35733 9312 8959 8960
35734 20208 20217 20209
35735 20540 20531 20532
35736 11720 11368 11721
35737 11717 11364 11365
35738 11273 11281 11272
35739 16395 16404 16403
35740 15841 15832 15833
35741 11732 11741 11740
35742 11719 11367 11720
35743 16855 16502 16854
35744 19179 19170 19171
35745 11731 11788 11796
35746 16538 16547 16539
35747 11422 11431 11430
35748 8066 8057 8065
35749 6199 6208 6207
35750 16922 16931 16923
35751 17572 17563 17564
35752 11345 11344 11336
35753 11369 11368 11360
35754 16993 16984 16992
35755 18180 12977 18179
35756 18740 19093 19092
35757 16933 16924 16932
35758 18459 18450 18458
35759 7011 6602 6659
35760 16984 16631 16983
35761 7252 7243 7251
35762 11371 11362 11363
35763 8972 8981 8973
35764 16630 16565 16573
35765 19858 19849 19857
35766 16017 10812 16014
35767 16017 16018 16014
35768 16667 16676 16668
35769 11337 11336 11345
35770 16572 16925 16573
35771 7452 7443 7451
35772 9206 9197 9205
35773 11723 11371 11370
35774 16930 16939 16938
35775 10851 10842 10843
35776 9292 9301 9293
35777 11347 11412 11355
35778 6980 7333 6981
35779 18367 18376 18375
35780 11347 11346 11338
35781 11413 11404 11405
35782 11356 11364 11299
35783 17976 17967 17968
35784 5294 5303 5295
35785 11721 11730 11729
35786 16982 16991 16983
35787 11327 11335 11336
35788 8035 8026 8034
35789 16618 16609 16617
35790 7329 7682 7681
35791 11421 11420 11412
35792 10321 9968 10320
35793 11346 11345 11337
35794 20550 20615 20607
35795 19089 18736 18737
35796 11421 11430 11429
35797 11782 11429 11430
35798 16133 16198 16141
35799 16514 16523 16515
35800 20648 20644 20645
35801 11330 11338 11329
35802 6762 6827 6770
35803 19168 19177 19176
35804 10072 10081 10073
35805 18485 18476 18484
35806 18199 18174 18191
35807 18299 18290 18298
35808 6380 6371 6379
35809 7323 7676 7675
35810 16533 16524 16532
35811 19075 19084 19076
35812 18449 18458 18457
35813 9636 9645 9644
35814 10923 10980 10988
35815 16411 16402 16403
35816 9940 9949 9941
35817 16574 16165 16517
35818 7787 7796 7788
35819 16592 16601 16593
35820 19795 19804 19796
35821 16539 16548 16540
35822 18421 18412 18420
35823 18162 17984 17985
35824 16614 16623 16615
35825 19876 19885 19877
35826 11325 11333 11334
35827 18855 18864 18863
35828 9494 9847 9495
35829 19148 19501 19500
35830 5318 5309 5310
35831 5309 107 5310
35832 11351 11342 11343
35833 16544 16535 16543
35834 11342 11334 11333
35835 16545 16536 16544
35836 11653 11300 11301
35837 19888 19897 19896
35838 16546 16555 16547
35839 17184 17193 17185
35840 17766 17701 17758
35841 19916 19925 19924
35842 16563 16554 16562
35843 9948 9957 9949
35844 11397 11396 11388
35845 11331 11388 11396
35846 5797 5788 5796
35847 5696 5687 5695
35848 16987 16634 16986
35849 11422 11423 11431
35850 17448 17439 17440
35851 19163 19154 19162
35852 11813 11805 11804
35853 16992 17001 16993
35854 8995 9060 9052
35855 16617 16608 16616
35856 16636 16627 16635
35857 16995 16986 16994
35858 11433 11785 11432
35859 11803 11795 11860
35860 20718 20709 20710
35861 8629 8638 8630
35862 16610 16619 16611
35863 11788 11780 11789
35864 17000 16991 16999
35865 7788 7779 7780
35866 6230 6221 6229
35867 8334 8325 8326
35868 11410 11418 11409
35869 11384 11385 11376
35870 8732 8741 8740
35871 7604 15760 7605
35872 17557 17548 17549
35873 11399 11408 11407
35874 16695 16686 16694
35875 16774 16709 16766
35876 11414 11415 11423
35877 17723 17714 17715
35878 20750 20741 20742
35879 7945 8283 8282
35880 6294 6285 6286
35881 8891 8956 8948
35882 16589 16580 16588
35883 9901 9892 9900
35884 11781 11780 11428
35885 15822 7610 15765
35886 6152 6161 6153
35887 8109 8100 8101
35888 11394 11402 11393
35889 11413 11422 11421
35890 6753 6744 6752
35891 10246 18402 18401
35892 16619 16628 16620
35893 6690 6681 6682
35894 11394 11403 11402
35895 11417 11426 11418
35896 8636 8571 8579
35897 16033 16037 16036
35898 5450 5515 5458
35899 19383 19392 19384
35900 11389 11390 11398
35901 18522 18875 18874
35902 8413 8404 8412
35903 17275 17284 17283
35904 16818 16827 16826
35905 9243 9652 9595
35906 16600 16609 16601
35907 16611 16602 16610
35908 10984 10992 10983
35909 5618 5683 5675
35910 16352 16343 16344
35911 19985 19994 19993
35912 7860 7869 7861
35913 16629 16620 16628
35914 16409 16400 16401
35915 7134 7487 7135
35916 19049 19040 19041
35917 11408 11399 11400
35918 11409 11401 11410
35919 6589 6593 6590
35920 6312 6303 6311
35921 5676 5667 5668
35922 9064 9073 9065
35923 19219 19228 19227
35924 18351 18360 18352
35925 11026 11378 11025
35926 11378 11377 11025
35927 11436 11437 11445
35928 16371 16362 16363
35929 17843 17834 17835
35930 8816 8825 8817
35931 16631 16622 16630
35932 16597 16588 16596
35933 16118 16127 16126
35934 16575 16584 16576
35935 18189 18198 18197
35936 11386 11394 11385
35937 17739 17748 17740
35938 18149 18140 18141
35939 7997 8006 8005
35940 5829 5838 5830
35941 16586 16595 16587
35942 10151 10160 10159
35943 19580 19589 19581
35944 9963 9993 9990
35945 18946 18937 18945
35946 16646 16655 16654
35947 7074 7483 7131
35948 16616 16625 16617
35949 16947 16956 16955
35950 18812 18821 18820
35951 8774 8421 8773
35952 16103 16112 16111
35953 9704 9713 9712
35954 6877 6868 6876
35955 10067 9714 10066
35956 17597 17588 17589
35957 6981 7334 6982
35958 11001 11000 10992
35959 16207 16216 16208
35960 19235 19226 19227
35961 17827 17836 17828
35962 11319 11327 11318
35963 19569 19578 19570
35964 19786 19795 19794
35965 19959 19894 19951
35966 16193 16202 16194
35967 11384 11375 11383
35968 11008 11016 11007
35969 11023 11376 11375
35970 8012 8365 8013
35971 16590 16525 16533
35972 20766 20791 20774
35973 18548 18557 18556
35974 8490 8843 8491
35975 16216 16225 16217
35976 6657 6666 6665
35977 7488 7497 7489
35978 16218 16227 16219
35979 16257 16248 16249
35980 19054 19119 19111
35981 17204 17213 17212
35982 18836 18827 18835
35983 11012 11013 11021
35984 19542 19533 19534
35985 16845 16849 16846
35986 10945 10954 10953
35987 19527 19536 19528
35988 10934 10926 10935
35989 8158 8149 8157
35990 16211 16220 16212
35991 11026 11027 11379
35992 7886 7877 7885
35993 16929 16938 16937
35994 18862 18927 18919
35995 5992 5983 5991
35996 5471 5480 5472
35997 11004 11013 11012
35998 11080 11088 11079
35999 11438 11437 11085
36000 10616 10617 10969
36001 10973 10965 10974
36002 11005 11013 11004
36003 16605 16596 16604
36004 17090 17099 17098
36005 7814 7823 7822
36006 10966 10614 10613
36007 6128 6119 6127
36008 17147 17156 17155
36009 9297 9288 9296
36010 10953 10945 10944
36011 20434 20707 20435
36012 6623 6632 6631
36013 16704 16713 16705
36014 17245 17249 17248
36015 16532 16523 16531
36016 18317 18308 18316
36017 18800 19153 19152
36018 7292 7301 7293
36019 16512 16521 16513
36020 11316 11324 11259
36021 19251 19260 19252
36022 17263 17272 17264
36023 17285 17276 17277
36024 8887 8878 8886
36025 10391 10387 10390
36026 17285 17350 17293
36027 11383 11374 11375
36028 17388 17741 17740
36029 19482 19491 19490
36030 15879 16232 16231
36031 11330 11321 11322
36032 11315 11380 11323
36033 16532 16541 16533
36034 16410 16419 16418
36035 17109 17518 17166
36036 20798 20789 20797
36037 6124 6115 6123
36038 16928 16919 16927
36039 5450 5257 5449
36040 5760 5751 5759
36041 17542 17551 17550
36042 11391 11392 11400
36043 18705 18696 18697
36044 10925 10926 10934
36045 11311 10959 11312
36046 19516 19525 19524
36047 7656 7665 7657
36048 7082 6729 6730
36049 16986 16633 16634
36050 16141 16206 16198
36051 19783 19718 19726
36052 19754 19763 19755
36053 11329 11337 11328
36054 10164 10173 10165
36055 16133 16124 16125
36056 7784 7775 7776
36057 20761 20770 20762
36058 19156 19165 19164
36059 10343 10352 10344
36060 8672 8681 8673
36061 10953 10961 10952
36062 10929 10937 10928
36063 17846 17855 17854
36064 6477 6468 6476
36065 5851 5442 5499
36066 16217 16226 16218
36067 16109 16174 16166
36068 15755 15746 15754
36069 16123 16114 16122
36070 10955 10947 11012
36071 10933 10934 10942
36072 15610 15606 15607
36073 6508 6499 6500
36074 19441 19450 19449
36075 16527 16536 16528
36076 16131 16122 16130
36077 15641 15650 15642
36078 8000 7991 7992
36079 16157 16148 16156
36080 6376 6385 6377
36081 16180 16189 16188
36082 19816 19820 19817
36083 19469 19478 19470
36084 5898 5963 5955
36085 20212 20221 20220
36086 16370 16379 16378
36087 10959 10958 11311
36088 15811 15820 15819
36089 6035 6388 6387
36090 10882 10891 10890
36091 8601 8610 8602
36092 5897 5906 5898
36093 16066 16075 16067
36094 10914 10923 10922
36095 8552 8905 8904
36096 19754 19401 19402
36097 18216 18207 18215
36098 18232 18223 18224
36099 16122 16113 16121
36100 17023 17014 17015
36101 17211 17220 17219
36102 10424 10484 10427
36103 9629 9620 9628
36104 18332 18323 18331
36105 18482 18491 18483
36106 10866 10857 10865
36107 10313 18469 10314
36108 10273 10282 10274
36109 10864 10856 10865
36110 7319 7328 7327
36111 19827 19831 19830
36112 16119 16128 16120
36113 10925 10917 10926
36114 16793 16784 16785
36115 10945 10937 10946
36116 19213 19566 19214
36117 17916 17907 17908
36118 10906 10907 10915
36119 10341 10332 10340
36120 17965 18030 18022
36121 9437 9084 9085
36122 6830 6821 6822
36123 20791 15572 20774
36124 6475 6410 6467
36125 20763 20772 20771
36126 19667 19676 19675
36127 16887 16878 16879
36128 20765 20756 20757
36129 8148 8157 8156
36130 8046 8055 8047
36131 10931 10988 10996
36132 19262 19327 19319
36133 8944 8935 8943
36134 18256 18265 18264
36135 19667 19658 19666
36136 10921 10920 10912
36137 18139 17921 18138
36138 16172 16181 16173
36139 18245 18254 18253
36140 9921 9930 9929
36141 10568 10560 10559
36142 7278 7287 7286
36143 15922 15913 15914
36144 10964 10907 10555
36145 8627 8274 8626
36146 7130 7195 7138
36147 20106 20115 20107
36148 16473 16464 16465
36149 10554 10555 10907
36150 9000 8991 8999
36151 10906 10914 10905
36152 11380 11381 11372
36153 10999 10991 11000
36154 5588 5597 5589
36155 16600 16591 16592
36156 10996 10997 11005
36157 8212 7898 8155
36158 7697 7688 7696
36159 19371 19380 19379
36160 10604 10547 10539
36161 7745 7392 7744
36162 15862 15797 15854
36163 5548 5539 5540
36164 10541 10550 10549
36165 10905 10904 10552
36166 19490 19481 19482
36167 10552 10553 10544
36168 19030 19095 19038
36169 8069 8078 8070
36170 16485 16476 16484
36171 10594 10593 10585
36172 10447 10448 10456
36173 19049 19058 19057
36174 17107 17460 17459
36175 9943 9952 9944
36176 10497 10506 10505
36177 10513 10521 10522
36178 17219 17210 17211
36179 18158 18149 18150
36180 2401 10557 10556
36181 18508 18517 18509
36182 10551 10552 10904
36183 8409 8418 8417
36184 9940 9875 9883
36185 16129 16138 16130
36186 7462 7471 7470
36187 10551 10904 10903
36188 18738 18729 18730
36189 15758 15767 15759
36190 17771 17780 17779
36191 17203 17194 17195
36192 17635 17626 17627
36193 17864 17873 17872
36194 16259 16250 16258
36195 9283 9274 9282
36196 19888 19879 19887
36197 9077 9086 9078
36198 6617 6626 6618
36199 9733 9724 9725
36200 19190 19181 19182
36201 7502 7493 7501
36202 17937 17928 17929
36203 6341 6350 6342
36204 8823 8832 8824
36205 6510 6501 6502
36206 10550 10551 10903
36207 5727 5718 5719
36208 10547 10546 10538
36209 16106 16115 16107
36210 19621 19974 19622
36211 16120 16129 16128
36212 7222 7231 7223
36213 10608 10617 10616
36214 17806 17741 17798
36215 19694 19759 19751
36216 15763 15772 15764
36217 16190 16199 16191
36218 10964 10972 10907
36219 7489 7498 7490
36220 19241 19232 19233
36221 10103 10112 10104
36222 5255 5246 5247
36223 16227 16580 16228
36224 11383 11392 11391
36225 7263 7616 7264
36226 17290 17281 17282
36227 10298 10307 10306
36228 10607 10616 10615
36229 16187 16196 16188
36230 15817 16170 15818
36231 10976 10985 10984
36232 17564 17555 17556
36233 17750 17759 17758
36234 17733 17724 17732
36235 18371 18362 18363
36236 11020 11021 11012
36237 8459 8524 8516
36238 17122 17131 17123
36239 10594 10585 10586
36240 10996 10988 10997
36241 10011 10076 10019
36242 10586 10585 10577
36243 10606 10614 10605
36244 6264 5911 6263
36245 15815 15806 15814
36246 16194 16185 16193
36247 20319 20328 20320
36248 9406 9397 9405
36249 16209 16218 16210
36250 6723 7076 7075
36251 10538 10546 10537
36252 6326 5973 6325
36253 15743 15752 15751
36254 19860 19851 19859
36255 16203 16194 16202
36256 11015 11024 11023
36257 16667 16676 16675
36258 10922 10931 10923
36259 19572 19581 19573
36260 10240 10249 10241
36261 11381 11373 11382
36262 16577 16586 16578
36263 10989 10981 10990
36264 16619 16628 16627
36265 5882 5873 5881
36266 15941 15932 15933
36267 16183 16174 16182
36268 5929 5938 5937
36269 18632 18623 18624
36270 7946 8340 8283
36271 16176 16167 16175
36272 15881 16234 15882
36273 15912 15921 15920
36274 6115 6050 6058
36275 10983 10982 10974
36276 19687 19278 19630
36277 10986 10977 10978
36278 19106 19097 19098
36279 15757 16166 15814
36280 18866 19219 18867
36281 10573 10574 10582
36282 10986 10985 10977
36283 15710 15645 15702
36284 9797 9788 9789
36285 10584 10576 10585
36286 10581 10590 10589
36287 10588 10597 10596
36288 16810 16819 16818
36289 18574 18609 18582
36290 9203 9194 9195
36291 6126 6117 6125
36292 10970 10969 10617
36293 10612 10613 10965
36294 15802 15793 15801
36295 6963 6898 6955
36296 10969 10968 10616
36297 19230 19221 19229
36298 10616 10968 10615
36299 5374 5370 5371
36300 17694 17654 17657
36301 17314 17305 17306
36302 15797 15788 15796
36303 18114 18123 18122
36304 15779 15788 15780
36305 16204 16195 16203
36306 6549 6540 6548
36307 7344 7353 7345
36308 9012 9021 9013
36309 17627 17636 17628
36310 16671 16680 16679
36311 11002 11001 10993
36312 15819 15810 15818
36313 15804 15795 15803
36314 10597 10588 10589
36315 10600 10591 10592
36316 7958 7820 7821
36317 10601 10593 10602
36318 15813 15804 15812
36319 15872 15863 15871
36320 7771 7780 7772
36321 10592 10591 10583
36322 7026 7017 7025
36323 16548 16557 16556
36324 17522 17531 17530
36325 15773 15764 15772
36326 8815 8824 8823
36327 8306 8297 8305
36328 10661 10660 10652
36329 18116 18125 18124
36330 16768 16415 16416
36331 6673 6682 6674
36332 7622 7613 7614
36333 9972 9563 9915
36334 15792 15801 15793
36335 15812 15821 15813
36336 15808 15799 15807
36337 10606 10597 10598
36338 15732 15741 15733
36339 15733 15724 15732
36340 10519 10527 10518
36341 15992 16001 15993
36342 8703 8712 8704
36343 19687 19278 19335
36344 8978 8969 8977
36345 2403 2404 10559
36346 10584 10593 10592
36347 20348 20339 20347
36348 10567 10575 10566
36349 20534 20525 20533
36350 10534 10543 10535
36351 15759 15768 15760
36352 10344 10335 10336
36353 10600 10592 10601
36354 19840 19849 19848
36355 8225 8234 8226
36356 7161 7152 7153
36357 10568 10559 10567
36358 19638 19629 19637
36359 7603 15759 7604
36360 6816 6807 6815
36361 7468 7459 7460
36362 15761 7605 15760
36363 5796 5787 5788
36364 18993 18984 18992
36365 2405 2406 10561
36366 7878 7887 7886
36367 9004 8939 8996
36368 19728 19737 19729
36369 10578 10569 10570
36370 17800 17809 17808
36371 15894 15903 15895
36372 18018 18009 18010
36373 11137 11145 11136
36374 9189 9198 9190
36375 10570 10579 10578
36376 15847 15838 15846
36377 7608 15764 7609
36378 8466 8457 8465
36379 10510 10518 10509
36380 8257 8248 8249
36381 15744 15735 15743
36382 19329 19320 19321
36383 10455 10464 10456
36384 15721 15730 15722
36385 18002 18011 18010
36386 15774 15783 15775
36387 15728 15737 15729
36388 10457 10448 10449
36389 15721 15712 15720
36390 10517 10509 10518
36391 10503 10511 10502
36392 7462 7471 7463
36393 6995 7035 7027
36394 15699 7543 15698
36395 17957 17948 17949
36396 20638 20634 20637
36397 6750 6759 6758
36398 10842 10843 10490
36399 18237 18228 18229
36400 7498 7563 7555
36401 20473 20464 20472
36402 16935 16926 16927
36403 6707 6716 6708
36404 10588 10596 10531
36405 5300 5291 5299
36406 17673 17320 17321
36407 10544 10552 10543
36408 15740 15731 15739
36409 6757 6748 6756
36410 15725 15790 15782
36411 7552 7199 7200
36412 18779 18788 18787
36413 20180 20189 20181
36414 7725 7734 7726
36415 6473 6482 6481
36416 20451 20442 20443
36417 10523 10580 10515
36418 15745 15736 15744
36419 17725 17716 17717
36420 15782 15791 15783
36421 17968 17959 17967
36422 10435 10500 10443
36423 15799 15790 15798
36424 10518 10527 10526
36425 7681 7328 7329
36426 17955 17946 17947
36427 9615 9606 9614
36428 8915 8980 8972
36429 6810 6875 6867
36430 6646 6655 6654
36431 15774 15709 15717
36432 19843 19490 19842
36433 2343 10499 2344
36434 10512 10520 10511
36435 15766 15701 15709
36436 17523 17532 17531
36437 2342 10498 2343
36438 20652 20622 20649
36439 7545 15701 7546
36440 17552 17561 17553
36441 17402 17393 17394
36442 10572 10564 10573
36443 10519 10520 10528
36444 17221 19479 17229
36445 9112 9103 9111
36446 16501 16492 16493
36447 20181 20172 20180
36448 10503 10504 10495
36449 18021 18012 18013
36450 18972 18981 18980
36451 2340 10496 2341
36452 10457 10466 10465
36453 16317 16308 16316
36454 15870 15879 15878
36455 10495 10496 10504
36456 15713 15722 15714
36457 7539 15695 7540
36458 16310 16319 16318
36459 15475 20678 20677
36460 2401 10556 2344
36461 9752 9761 9753
36462 10510 10502 10511
36463 15696 15705 15697
36464 10512 10520 10521
36465 10496 10505 10504
36466 7542 15698 7543
36467 10434 10443 10435
36468 16424 16454 16427
36469 15713 15704 15712
36470 8657 8666 8665
36471 15909 15900 15901
36472 20420 20429 20428
36473 7540 15696 7541
36474 8905 8914 8906
36475 20094 20085 20093
36476 10493 10492 2337
36477 15714 15705 15713
36478 10516 10459 10451
36479 15779 15770 15778
36480 18416 18425 18424
36481 9027 9436 9084
36482 15565 20768 15566
36483 15565 15557 15566
36484 19739 19730 19738
36485 10490 10842 10489
36486 15698 15707 15699
36487 9396 9405 9397
36488 15727 15718 15726
36489 10525 10516 10517
36490 7482 15694 7539
36491 10319 9966 9967
36492 6932 6923 6931
36493 10449 10448 10440
36494 15658 15649 15657
36495 18834 18843 18835
36496 20239 20235 20236
36497 16838 16834 16835
36498 18951 18886 18894
36499 19596 19587 19588
36500 6138 8396 8388
36501 15743 15752 15744
36502 10481 10480 10472
36503 16102 15693 16045
36504 10442 10451 10450
36505 15661 15726 15718
36506 10472 10473 10481
36507 10845 10844 10836
36508 17498 17489 17497
36509 10837 10484 10485
36510 19223 19232 19224
36511 16135 16126 16134
36512 10841 10850 10842
36513 8918 8909 8910
36514 10458 10450 10459
36515 10471 10463 10472
36516 7452 7461 7453
36517 7118 7109 7117
36518 8255 8264 8263
36519 10338 10347 10339
36520 2276 10432 2277
36521 15667 15658 15666
36522 17866 17875 17874
36523 19921 19930 19922
36524 16458 16467 16466
36525 10482 10491 10490
36526 20510 20157 20158
36527 10841 10489 10488
36528 8402 8393 8401
36529 10454 10463 10462
36530 10461 10470 10462
36531 5637 5646 5645
36532 6762 6827 6819
36533 9292 9227 9284
36534 19672 19663 19671
36535 7177 7186 7185
36536 7374 7365 7373
36537 10533 10532 10524
36538 6564 6555 6556
36539 20120 20111 20112
36540 15568 20771 20770
36541 15684 15675 15683
36542 16375 16384 16376
36543 10481 10489 10480
36544 10439 10440 10448
36545 8529 8538 8537
36546 6885 6894 6886
36547 19567 19576 19575
36548 10516 10451 10508
36549 16885 16950 16893
36550 10500 10492 10435
36551 10459 10524 10467
36552 15635 7479 15634
36553 15642 15651 15643
36554 9007 8998 9006
36555 7680 7327 7328
36556 8005 7996 7997
36557 7273 7282 7274
36558 19405 19396 19404
36559 7480 15636 7481
36560 18938 18585 18586
36561 17652 12447 12450
36562 19350 18997 18998
36563 15634 7478 15633
36564 15674 15665 15673
36565 2216 10428 2273
36566 6863 6872 6864
36567 16350 16703 16702
36568 15633 7477 15632
36569 15729 15720 15728
36570 6714 6779 6771
36571 17354 17363 17362
36572 2275 10430 10431
36573 16428 11223 16425
36574 16428 16429 16425
36575 10472 10464 10473
36576 19962 20315 20314
36577 6153 6144 6152
36578 2215 10406 10405
36579 7654 7645 7646
36580 16807 16798 16799
36581 15639 15648 15640
36582 19922 19931 19923
36583 10462 10471 10470
36584 19457 19466 19458
36585 18824 18833 18825
36586 10431 10440 10439
36587 2277 10433 2278
36588 8299 8349 8346
36589 15676 15667 15675
36590 10414 10418 10417
36591 7356 7365 7364
36592 15519 20722 20721
36593 15617 15613 15616
36594 6074 6139 6131
36595 8044 8053 8045
36596 6533 6524 6532
36597 18006 18015 18007
36598 19442 19451 19443
36599 10434 10433 2278
36600 10824 10828 10827
36601 20520 20511 20512
36602 6656 6647 6648
36603 19760 19751 19752
36604 17264 16911 16912
36605 16432 16436 16435
36606 17791 17782 17783
36607 19067 19058 19066
36608 20159 20168 20160
36609 17611 17602 17603
36610 15632 15641 15640
36611 7405 7409 7406
36612 10258 9905 10257
36613 16515 16162 16163
36614 9822 9813 9814
36615 16275 16284 16283
36616 10468 10476 10421
36617 17960 17951 17952
36618 10452 10460 10415
36619 16833 11628 11631
36620 19730 19721 19729
36621 7770 10028 7778
36622 7802 18207 15957
36623 6549 6558 6550
36624 16441 16445 16442
36625 5643 5652 5651
36626 16062 16071 16063
36627 15664 15655 15663
36628 8846 8855 8847
36629 10860 10869 10868
36630 6530 6521 6529
36631 19851 19842 19843
36632 20737 20728 20736
36633 16717 16782 16774
36634 5462 5471 5463
36635 2273 2274 10429
36636 10845 10836 10837
36637 6835 6770 6778
36638 19691 19338 19690
36639 10846 10838 10847
36640 18056 18071 18059
36641 2214 15606 7416
36642 15606 7416 15607
36643 16176 16167 16168
36644 8974 8965 8973
36645 16064 16055 16063
36646 10819 10815 10816
36647 15670 15620 15623
36648 6960 6969 6961
36649 7290 7355 7298
36650 16100 16453 16101
36651 16034 16094 16086
36652 10869 10861 10870
36653 10820 10817 10852
36654 6380 6371 6372
36655 16041 15688 16040
36656 5666 5731 5674
36657 19662 19727 19670
36658 10905 10552 10553
36659 10851 10859 10850
36660 10817 10820 10816
36661 5827 5777 5819
36662 10480 10479 10488
36663 10392 10396 10395
36664 8262 8253 8254
36665 7770 10028 10020
36666 6837 6846 6845
36667 7931 7940 7939
36668 10193 9840 10192
36669 18397 18750 18749
36670 10416 10417 10420
36671 5570 5979 5627
36672 16551 16542 16550
36673 19873 19882 19881
36674 8469 8478 8477
36675 8488 8841 8489
36676 9234 9243 9235
36677 10295 10304 10296
36678 16067 16058 16066
36679 10874 10866 10875
36680 18925 18934 18926
36681 9255 9246 9247
36682 16517 16164 16165
36683 16794 16803 16802
36684 10872 10873 10881
36685 10846 10847 10855
36686 9539 9579 9547
36687 17577 17930 17929
36688 9327 9318 9326
36689 10861 10852 10860
36690 8994 9003 8995
36691 10862 10853 10861
36692 10877 10869 10868
36693 8738 8729 8737
36694 19334 19325 19333
36695 10823 10868 10826
36696 16073 16064 16072
36697 18971 18962 18970
36698 18520 18873 18521
36699 19106 19097 19105
36700 15848 15857 15856
36701 17264 16911 17263
36702 10477 10469 10478
36703 10856 10857 10848
36704 5675 5610 5618
36705 9213 9204 9205
36706 18990 19020 19017
36707 18363 18372 18371
36708 9542 9551 9550
36709 10817 10813 10814
36710 18768 18777 18769
36711 10819 10823 10822
36712 16055 16046 16054
36713 20418 20427 20426
36714 7143 6790 7142
36715 5715 5650 5658
36716 16402 16393 16394
36717 17781 17772 17773
36718 16979 17332 16980
36719 16072 16063 16071
36720 6961 6970 6962
36721 15937 15946 15945
36722 10934 10935 10943
36723 18029 20287 18037
36724 19171 19162 19170
36725 8377 8368 8376
36726 15654 15614 15646
36727 10865 10856 10857
36728 8763 8723 8760
36729 10900 10491 10548
36730 17894 17829 17886
36731 18187 18049 18186
36732 5462 5453 5454
36733 6520 6167 6168
36734 10848 10849 10857
36735 16068 16059 16067
36736 16590 16599 16591
36737 10891 10948 10956
36738 10540 10548 10483
36739 11251 10898 11250
36740 17749 17814 17757
36741 9706 9697 9705
36742 5417 5426 5418
36743 8508 8443 8451
36744 10923 10988 10931
36745 17891 17900 17899
36746 16053 16044 16052
36747 17507 17516 17515
36748 19871 19880 19879
36749 15742 15677 15685
36750 9637 9628 9636
36751 5750 5741 5749
36752 17436 17427 17428
36753 19588 19597 19596
36754 16154 16145 16153
36755 17992 17639 17640
36756 20657 20304 20656
36757 20048 20057 20049
36758 7002 1797 6999
36759 7002 7003 6999
36760 18179 12976 12977
36761 12976 12977 12968
36762 16602 16593 16594
36763 10925 10924 10916
36764 15750 16103 15751
36765 8172 8181 8173
36766 16307 16298 16299
36767 19788 19779 19787
36768 19557 19910 19909
36769 17868 17515 17516
36770 7404 7408 7405
36771 10874 10865 10866
36772 10928 10920 10929
36773 7330 7739 7387
36774 20335 20270 20278
36775 7162 7153 7161
36776 16052 16043 16051
36777 16815 16806 16807
36778 16069 16134 16126
36779 17189 19447 17197
36780 17844 17853 17852
36781 18534 18594 18542
36782 10549 10901 10548
36783 10549 10541 10540
36784 16142 16077 16085
36785 17981 17972 17980
36786 15613 15609 15610
36787 11223 11227 11226
36788 16045 15692 16044
36789 16102 16111 16103
36790 18720 18729 18728
36791 10932 10867 10924
36792 9465 9474 9473
36793 10490 10489 10481
36794 5991 6000 5999
36795 18987 18978 18986
36796 7317 7326 7325
36797 7867 8085 7868
36798 10904 10905 10913
36799 10533 10541 10532
36800 7854 7863 7855
36801 7854 7855 2652
36802 17782 17717 17774
36803 9226 9217 9225
36804 9039 9030 9031
36805 19522 19513 19514
36806 6359 6350 6358
36807 10841 10488 10840
36808 19813 19804 19812
36809 6615 6606 6614
36810 16545 16554 16546
36811 15675 15666 15674
36812 10858 10850 10859
36813 19983 19992 19991
36814 20535 20470 20478
36815 15615 15619 15616
36816 16018 16022 16019
36817 10878 10877 10869
36818 10812 10813 10816
36819 11225 11252 11260
36820 8146 8137 8138
36821 16039 16048 16040
36822 10419 10420 10416
36823 11236 11232 11233
36824 16020 10815 10818
36825 17153 17144 17145
36826 6965 6974 6973
36827 7752 7761 7760
36828 9685 9676 9677
36829 10339 10330 10338
36830 17904 17913 17912
36831 11227 11223 11224
36832 16434 16438 16437
36833 16434 11232 16437
36834 20671 13004 15469
36835 13004 15469 12996
36836 5931 5940 5932
36837 16447 16094 16446
36838 10445 10437 10446
36839 18630 18621 18629
36840 11234 11230 11231
36841 16439 16435 16438
36842 10831 10828 10832
36843 15610 15606 15609
36844 15606 15609 10404
36845 10413 15618 10416
36846 17113 17122 17121
36847 19130 19121 19129
36848 8066 8075 8067
36849 10830 10834 10833
36850 10404 10405 10408
36851 17441 17432 17433
36852 11650 11646 11647
36853 7697 7706 7705
36854 11243 11300 11240
36855 10833 11221 11220
36856 18234 18225 18233
36857 7006 7010 7007
36858 18968 18959 18960
36859 11227 11230 11226
36860 16478 16433 16436
36861 10815 10819 10818
36862 7742 7389 7741
36863 17340 17349 17348
36864 16571 16562 16570
36865 10862 10854 10853
36866 16427 16423 16426
36867 10169 10160 10168
36868 16472 16463 16471
36869 10821 16026 10824
36870 9691 9682 9690
36871 5417 5408 5409
36872 16077 16068 16069
36873 11242 11630 11629
36874 16014 16018 16015
36875 10426 10813 10425
36876 10404 15609 10407
36877 20063 19998 20006
36878 16027 16031 16028
36879 15691 15682 15683
36880 16422 16426 16425
36881 16422 11220 16425
36882 16017 10812 10815
36883 15607 15611 15608
36884 15625 15621 15622
36885 9717 9726 9718
36886 9409 9400 9408
36887 18310 18375 18318
36888 17088 17079 17087
36889 10404 10408 10407
36890 8134 8143 8135
36891 10961 10962 11314
36892 16015 16019 16016
36893 16036 16032 16035
36894 16032 16035 10830
36895 5233 5386 5234
36896 16434 16438 16435
36897 17586 17595 17587
36898 16037 16446 16094
36899 15627 16015 15628
36900 10825 10821 10822
36901 10427 10423 10424
36902 16035 16423 16036
36903 10820 10852 10860
36904 16437 11232 11235
36905 11236 11233 11237
36906 15769 15760 15761
36907 16281 16290 16282
36908 10827 16032 16029
36909 16032 16029 16033
36910 7758 7767 7759
36911 10815 10816 10812
36912 16834 16830 16833
36913 16830 16833 11628
36914 11637 16842 16839
36915 16842 16839 16843
36916 5373 5377 5376
36917 5373 171 5376
36918 16444 16440 16443
36919 16440 16443 11238
36920 16431 11226 16428
36921 16431 16432 16428
36922 16852 16848 16849
36923 12877 18080 18079
36924 11668 11633 11660
36925 8530 8521 8529
36926 9646 9637 9645
36927 16839 11634 11637
36928 11268 11228 11231
36929 19766 19757 19758
36930 5875 5810 5867
36931 6144 6135 6143
36932 11654 11662 11653
36933 16846 16842 16845
36934 16842 16845 11640
36935 16438 16442 16439
36936 16849 16853 16850
36937 11680 11681 11689
36938 11238 11239 11242
36939 16843 16839 16840
36940 19068 19077 19069
36941 17247 17251 17248
36942 8350 8346 8349
36943 7091 7100 7092
36944 18070 18095 18087
36945 12048 12049 12045
36946 11649 17238 12036
36947 6332 6323 6331
36948 12045 12049 12046
36949 12048 12052 12051
36950 12051 17256 17253
36951 17256 17253 17257
36952 12042 12039 12043
36953 17250 12045 12048
36954 16486 16495 16494
36955 18056 18059 18055
36956 12039 12040 12043
36957 12893 12885 12894
36958 17707 17716 17715
36959 15711 15702 15710
36960 18110 18101 18109
36961 12857 12869 12877
36962 10128 9775 10127
36963 17871 17862 17863
36964 15624 10419 15621
36965 15624 15625 15621
36966 6817 6808 6816
36967 9299 9364 9356
36968 7252 7261 7253
36969 8903 8550 8551
36970 20223 20227 20224
36971 8784 8793 8785
36972 16669 16734 16677
36973 12946 12954 12945
36974 18121 18130 18122
36975 8262 8271 8263
36976 7411 7415 7414
36977 5739 5674 5731
36978 8661 8670 8669
36979 12949 18152 18151
36980 12594 12586 12595
36981 20245 20633 20632
36982 8412 8421 8413
36983 17482 17473 17481
36984 6226 6291 6283
36985 17117 16764 16765
36986 7956 7965 7957
36987 11649 17238 16851
36988 17238 16851 17239
36989 12057 17646 12444
36990 19214 19205 19206
36991 9490 9499 9491
36992 12448 12444 12447
36993 17253 17257 17254
36994 8181 8190 8182
36995 12853 12854 12857
36996 5918 5927 5926
36997 12456 12457 12453
36998 6004 5995 6003
36999 12889 12897 12888
37000 15864 15873 15872
37001 8041 8032 8040
37002 16830 11241 11628
37003 15765 15830 15822
37004 17668 17664 17667
37005 17664 17667 12462
37006 18061 18057 18058
37007 12465 12853 12852
37008 18632 18623 18631
37009 6713 6722 6714
37010 12653 12910 12652
37011 12902 18105 18104
37012 17650 17646 17647
37013 5844 6197 6196
37014 10361 10370 10362
37015 12928 12919 12920
37016 18805 19158 19157
37017 17665 17669 17666
37018 18870 19279 18927
37019 16296 15943 15944
37020 6164 6155 6156
37021 12570 12562 12571
37022 17667 18055 17668
37023 12595 12652 12909
37024 18079 18059 18062
37025 19201 19192 19193
37026 6177 972 6174
37027 6177 6178 6174
37028 12914 12913 12656
37029 19825 19829 19828
37030 17572 17581 17580
37031 17667 12462 12465
37032 19290 19299 19291
37033 19064 19055 19063
37034 16761 16752 16753
37035 8664 8673 8665
37036 12460 12456 12457
37037 18097 18088 18096
37038 18799 19152 19151
37039 18057 12852 12855
37040 12930 18133 18132
37041 12858 18061 18060
37042 12858 18060 12855
37043 12645 12637 12646
37044 12868 12531 12885
37045 18054 18055 18058
37046 12871 12879 12870
37047 12461 12457 12460
37048 12529 12866 12528
37049 18106 18097 18105
37050 7062 7053 7054
37051 18083 12880 12881
37052 12880 12881 12872
37053 7536 7527 7535
37054 7660 7669 7661
37055 12865 12528 12866
37056 18096 18087 18095
37057 7992 7983 7984
37058 6643 6652 6651
37059 12878 18081 18080
37060 9711 10064 9712
37061 18072 18081 18073
37062 10142 10133 10134
37063 12449 12452 12448
37064 17660 17656 17659
37065 17658 17662 17659
37066 6670 6679 6678
37067 19671 19680 19672
37068 18802 18793 18801
37069 12899 12900 12908
37070 18110 12907 12908
37071 12907 12908 12899
37072 12578 12586 12587
37073 9689 9680 9681
37074 19917 19926 19925
37075 16451 16098 16099
37076 17328 17337 17336
37077 12455 12452 12492
37078 18108 12905 12906
37079 12905 12906 12897
37080 17746 17755 17754
37081 17796 18094 17797
37082 12585 12576 12577
37083 12594 12593 12585
37084 16572 16925 16924
37085 12458 12461 12457
37086 17244 17248 17245
37087 12531 12885 12588
37088 17239 17243 17240
37089 12852 12856 12855
37090 12036 17241 12039
37091 15675 15666 15667
37092 12595 12586 12587
37093 17244 12039 12042
37094 17241 17245 17242
37095 16836 11631 11634
37096 12037 12041 12040
37097 11640 16845 11643
37098 17361 17370 17369
37099 16693 16758 16701
37100 11644 11640 11641
37101 11643 16848 11646
37102 12909 12652 12910
37103 12859 12855 12856
37104 12525 12526 12517
37105 18062 18058 18059
37106 12530 12531 12868
37107 18062 12859 12860
37108 12859 12860 12856
37109 18058 18062 18061
37110 16017 16021 16018
37111 12520 12529 12528
37112 18123 18132 18124
37113 18371 18380 18379
37114 12889 12592 12890
37115 12242 12250 12241
37116 7692 7701 7700
37117 12896 12895 12887
37118 12918 12917 12909
37119 17866 17875 17867
37120 19267 19258 19266
37121 17674 17321 17322
37122 12927 18130 18129
37123 17852 17843 17851
37124 12928 18131 18130
37125 12909 12917 12892
37126 12945 12953 12944
37127 12941 12916 12933
37128 18155 18146 18154
37129 12961 12970 12962
37130 20743 15524 20726
37131 12695 12703 12694
37132 12710 12701 12702
37133 18155 12952 12953
37134 12952 12953 12944
37135 16442 16502 16494
37136 12966 12958 12967
37137 7960 7822 7823
37138 12974 12966 12965
37139 12994 13002 12993
37140 18457 18810 18458
37141 16546 16555 16554
37142 20130 20121 20129
37143 15453 15461 12988
37144 15612 10407 10410
37145 18114 18123 18115
37146 18162 18171 18163
37147 18204 18195 18203
37148 12784 12776 12785
37149 19443 19452 19444
37150 18206 18197 18205
37151 18191 18200 18192
37152 12762 12754 12763
37153 12984 12993 12992
37154 15615 10410 10413
37155 15612 15616 15613
37156 16024 16028 16025
37157 8776 8423 8424
37158 10411 10407 10408
37159 10425 10813 10812
37160 6433 6442 6434
37161 18104 18095 18096
37162 10825 10828 10824
37163 16049 16058 16050
37164 16020 16024 16021
37165 15628 16016 15629
37166 11231 11227 11228
37167 16851 11646 16848
37168 16851 16852 16848
37169 10831 10834 10830
37170 15628 15624 15625
37171 15623 15619 15622
37172 10417 10413 10414
37173 15624 10419 10422
37174 16428 11223 11226
37175 10423 10419 10420
37176 2214 10405 10404
37177 16029 10824 10827
37178 16033 16029 16030
37179 16425 11220 11223
37180 16422 16426 16423
37181 11235 11239 11238
37182 16437 16441 16438
37183 11232 11233 11229
37184 10894 11246 11247
37185 11252 11225 11222
37186 10893 10892 10884
37187 9725 9734 9726
37188 11628 11629 11241
37189 10436 10409 10406
37190 2214 2215 10405
37191 19747 20100 19748
37192 16652 16661 16660
37193 16443 16831 16444
37194 16431 16435 16432
37195 16431 11226 11229
37196 16430 16426 16429
37197 11236 11239 11235
37198 10422 10426 10425
37199 11262 11253 11254
37200 16089 16080 16088
37201 11221 11224 11220
37202 10480 10472 10471
37203 10480 10471 10479
37204 10417 10421 10420
37205 10410 10414 10413
37206 10411 10414 10410
37207 10418 10460 10468
37208 15620 15616 15619
37209 16835 16831 16834
37210 11220 11224 11223
37211 11630 11633 11660
37212 11234 11231 11276
37213 10840 10487 10488
37214 16035 16423 16422
37215 16035 10833 16422
37216 16078 16028 16031
37217 10423 10419 10422
37218 15622 15626 15623
37219 16033 16037 16034
37220 16429 16433 16430
37221 16034 16030 16033
37222 16474 16465 16473
37223 11244 10892 11245
37224 11269 11260 11268
37225 16479 16470 16478
37226 11241 11242 11629
37227 11221 10833 10834
37228 19503 19438 19495
37229 11022 11013 11014
37230 16156 16165 16157
37231 11433 11425 11434
37232 10416 15621 10419
37233 11270 11269 11261
37234 11262 11254 11263
37235 16582 16591 16583
37236 11380 11389 11388
37237 16533 16598 16590
37238 11314 10962 11315
37239 11388 11323 11380
37240 20098 19745 19746
37241 11372 11380 11315
37242 11323 11331 11322
37243 16517 16582 16574
37244 16215 16224 16216
37245 16601 16610 16602
37246 11388 11331 11323
37247 11376 11375 11384
37248 11329 11321 11330
37249 16540 16549 16541
37250 16154 16163 16155
37251 11319 11318 11310
37252 11372 10963 11315
37253 11315 11323 11314
37254 16531 16522 16530
37255 11330 11322 11331
37256 11311 11312 11320
37257 10962 10963 11315
37258 11265 11256 11257
37259 6079 6088 6087
37260 7475 15631 15630
37261 10991 10999 10990
37262 16175 16184 16176
37263 16574 16583 16575
37264 11392 11393 11384
37265 15684 15693 15692
37266 11316 11325 11324
37267 16529 16520 16528
37268 10936 10928 10937
37269 10955 11012 11020
37270 11334 11326 11325
37271 11328 11327 11319
37272 11328 11319 11320
37273 16147 16156 16148
37274 16530 16521 16529
37275 11318 11327 11326
37276 11224 11228 11227
37277 11313 11321 11312
37278 11319 11310 11311
37279 11319 11311 11320
37280 15674 15683 15682
37281 11321 11313 11322
37282 11314 11322 11313
37283 16467 16476 16468
37284 11313 10961 11314
37285 11255 11256 11247
37286 10843 10491 10900
37287 16524 16515 16523
37288 8252 8187 8244
37289 16223 16214 16222
37290 16515 16162 16514
37291 11312 10959 10960
37292 10960 10959 10951
37293 11020 11372 10963
37294 10953 10962 10961
37295 10954 10962 10953
37296 10909 10918 10917
37297 10960 10961 11313
37298 10952 10961 10960
37299 16163 16516 16164
37300 16155 16164 16156
37301 16153 16162 16154
37302 16090 16099 16091
37303 16158 16093 16101
37304 10951 10943 10952
37305 10951 10959 10950
37306 11318 11317 11326
37307 16135 16144 16136
37308 10948 10940 10949
37309 10936 10935 10927
37310 11251 10899 11308
37311 10916 10924 10859
37312 16160 16513 16161
37313 11264 11255 11256
37314 10948 10949 10957
37315 16152 16161 16153
37316 9638 9647 9646
37317 16082 16091 16083
37318 15690 15681 15689
37319 10922 10930 10931
37320 11023 11014 11015
37321 10963 10954 10955
37322 16214 16149 16157
37323 10947 11004 11012
37324 10946 10955 10954
37325 10939 11004 10947
37326 16222 16575 16223
37327 16208 16199 16207
37328 16223 16576 16224
37329 10963 10955 11020
37330 10955 10946 10947
37331 16157 16222 16214
37332 16578 16225 16577
37333 16206 16215 16207
37334 16147 16138 16146
37335 11001 11009 11000
37336 11006 11015 11007
37337 16577 16224 16576
37338 10997 10988 10989
37339 10984 10983 10975
37340 11010 11019 11018
37341 11016 11024 11015
37342 11026 11017 11018
37343 16217 16208 16216
37344 16220 16229 16221
37345 10998 10990 10999
37346 11007 11016 11015
37347 10609 10600 10601
37348 11016 11017 11025
37349 16200 16191 16199
37350 11018 11017 11009
37351 10992 10991 10983
37352 11000 10991 10992
37353 16212 16221 16213
37354 11003 10995 11060
37355 10986 10995 10994
37356 11376 11024 11023
37357 16228 16219 16227
37358 10995 11060 11052
37359 16184 16193 16185
37360 16219 16210 16218
37361 16581 16228 16580
37362 10986 10994 10985
37363 11002 10993 10994
37364 16211 16202 16210
37365 7598 7607 7606
37366 11026 11025 11017
37367 11024 11016 11025
37368 11008 11017 11016
37369 11075 11083 11074
37370 11026 11027 11018
37371 11378 11387 11386
37372 11385 11394 11393
37373 11386 11385 11377
37374 11381 11389 11380
37375 11408 11416 11407
37376 11020 11373 11372
37377 11386 11377 11378
37378 11418 11409 11417
37379 11381 11382 11390
37380 16615 16624 16616
37381 11383 11382 11374
37382 11381 11390 11389
37383 16588 16579 16587
37384 16596 16587 16595
37385 16604 16595 16603
37386 11419 11410 11418
37387 11408 11409 11417
37388 11021 11373 11020
37389 16611 16620 16612
37390 16583 16592 16584
37391 16585 16576 16584
37392 16600 16591 16599
37393 11406 11405 11397
37394 11021 11374 11373
37395 11392 11383 11384
37396 16599 16608 16600
37397 11382 11391 11390
37398 11021 11022 11374
37399 16594 16585 16593
37400 11391 11399 11390
37401 11390 11398 11399
37402 16602 16593 16601
37403 11415 11414 11406
37404 11388 11397 11389
37405 11389 11398 11397
37406 11326 11335 11334
37407 11404 11412 11347
37408 11392 11400 11401
37409 11718 11365 11717
37410 11329 11338 11337
37411 16636 16989 16637
37412 11453 11461 11452
37413 16612 16603 16611
37414 11415 11407 11406
37415 11339 11347 11338
37416 11398 11399 11407
37417 11398 11407 11406
37418 11798 11789 11797
37419 11404 11347 11339
37420 16607 16616 16608
37421 11414 11405 11406
37422 11413 11405 11414
37423 16549 16614 16606
37424 11420 11355 11412
37425 11363 11355 11354
37426 11391 11400 11399
37427 16612 16621 16613
37428 11790 11789 11781
37429 11408 11417 11416
37430 11803 11794 11795
37431 16988 16635 16987
37432 16618 16627 16619
37433 16626 16635 16627
37434 11407 11416 11415
37435 11401 11409 11400
37436 12869 12870 12878
37437 11408 11400 11409
37438 16988 16997 16989
37439 11785 11794 11786
37440 16985 16632 16984
37441 11432 11424 11433
37442 11432 11431 11423
37443 16637 16628 16636
37444 16923 16932 16924
37445 11415 11424 11416
37446 11426 11434 11425
37447 11430 11783 11782
37448 11370 11723 11722
37449 17007 16998 17006
37450 16637 17046 16694
37451 11831 11839 11830
37452 11419 11484 11476
37453 11723 11780 11788
37454 17097 17106 17098
37455 16994 16985 16993
37456 11805 11797 11806
37457 11668 11660 11669
37458 11798 11806 11797
37459 16632 16623 16631
37460 11413 11421 11412
37461 11788 11797 11796
37462 16999 17008 17000
37463 11805 11796 11797
37464 16615 16606 16614
37465 16983 16630 16982
37466 11413 11412 11404
37467 16858 16867 16859
37468 16986 16633 16985
37469 11783 11431 11784
37470 11432 11784 11431
37471 16926 16861 16869
37472 11429 11428 11781
37473 11812 11813 11821
37474 11330 11339 11331
37475 17016 17007 17015
37476 11428 11780 11371
37477 16990 16925 16933
37478 16570 16923 16571
37479 16606 16541 16549
37480 11743 11735 11744
37481 11421 11429 11420
37482 11428 11363 11420
37483 11370 11369 11361
37484 11299 11291 11356
37485 11328 11337 11336
37486 11331 11396 11339
37487 16598 16607 16599
37488 16573 16564 16572
37489 11361 11360 11352
37490 11363 11354 11362
37491 16548 16557 16549
37492 11363 11355 11420
37493 11346 11355 11354
37494 16556 16565 16557
37495 11346 11347 11355
37496 16622 16557 16565
37497 16556 16547 16555
37498 11352 11344 11353
37499 11362 11353 11354
37500 16546 16537 16545
37501 11343 11334 11335
37502 11366 11719 11718
37503 16553 16562 16554
37504 11665 11657 11656
37505 11362 11361 11353
37506 11307 11364 11716
37507 11370 11361 11362
37508 11734 11725 11726
37509 16568 16921 16569
37510 11354 11353 11345
37511 16555 16564 16556
37512 16572 16563 16571
37513 11365 11364 11356
37514 11720 11367 11368
37515 11351 11350 11342
37516 11359 11367 11368
37517 11366 11365 11718
37518 16561 16552 16560
37519 11353 11361 11352
37520 16569 16560 16568
37521 16566 16501 16509
37522 11361 11369 11360
37523 11289 11290 11298
37524 16571 16924 16572
37525 5792 5439 5440
37526 11282 11291 11290
37527 16567 16920 16568
37528 11297 11305 11296
37529 16559 16568 16560
37530 16921 16930 16922
37531 11366 11358 11367
37532 11719 11367 11366
37533 16929 16938 16930
37534 11716 11659 11307
37535 11716 11364 11717
37536 16955 16946 16954
37537 11282 11283 11291
37538 16953 16944 16952
37539 11737 11745 11736
37540 16859 16868 16860
37541 11290 11291 11299
37542 11340 11341 11332
37543 11307 11306 11298
37544 16918 16509 16861
37545 11283 11340 11348
37546 11274 11283 11282
37547 11282 11281 11273
37548 11296 11305 11304
37549 11295 11303 11294
37550 11293 11302 11301
37551 16501 16492 16500
37552 11282 11290 11281
37553 11302 11294 11303
37554 16856 16503 16855
37555 11687 11679 11678
37556 16498 16507 16499
37557 11265 11273 11264
37558 11297 11298 11306
37559 16508 16499 16507
37560 11297 11306 11305
37561 11307 11306 11659
37562 16507 16860 16508
37563 11333 11341 11342
37564 11659 11306 11658
37565 16869 16860 16868
37566 16861 16508 16860
37567 11249 11250 11258
37568 10897 10896 10888
37569 11281 11272 11280
37570 16482 16491 16483
37571 11316 11317 11308
37572 16480 16489 16481
37573 11297 11296 11288
37574 16499 16490 16498
37575 11349 11340 11341
37576 16475 16484 16476
37577 9782 9429 9430
37578 16483 16474 16482
37579 11293 11285 11294
37580 11270 11262 11271
37581 11270 11271 11279
37582 11257 11258 11266
37583 10485 10486 10838
37584 11247 11246 11255
37585 11271 11263 11272
37586 11349 11348 11340
37587 16458 16467 16459
37588 11349 11357 11348
37589 11356 11348 11357
37590 16550 16559 16551
37591 11350 11341 11349
37592 11342 11341 11350
37593 16552 16543 16551
37594 16494 16503 16495
37595 11268 11260 11228
37596 10832 10835 10831
37597 11236 11237 11240
37598 11302 11293 11294
37599 11630 11243 11242
37600 11236 11240 11239
37601 16855 16864 16856
37602 16497 16506 16498
37603 16874 16865 16873
37604 16487 16496 16488
37605 11285 11286 11294
37606 16495 16504 16496
37607 11278 11269 11270
37608 11677 11669 11668
37609 16866 16857 16865
37610 11277 11278 11286
37611 11670 11678 11669
37612 11655 11654 11302
37613 16856 16865 16857
37614 16497 16488 16496
37615 11284 11237 11234
37616 11301 11654 11653
37617 11304 11303 11295
37618 16505 16858 16506
37619 11656 11303 11655
37620 11304 11303 11656
37621 11287 11286 11278
37622 11272 11280 11271
37623 11253 11261 11262
37624 16482 16473 16481
37625 11278 11279 11287
37626 11296 11287 11288
37627 11295 11287 11296
37628 16489 16498 16490
37629 10852 10853 10861
37630 16481 16472 16480
37631 11295 11286 11287
37632 11295 11294 11286
37633 16490 16481 16489
37634 11288 11279 11280
37635 11287 11279 11288
37636 11293 11284 11285
37637 11293 11292 11284
37638 16486 16495 16487
37639 10885 10876 10877
37640 16424 16454 16446
37641 16487 16478 16486
37642 11285 11276 11277
37643 11284 11276 11285
37644 11277 11268 11269
37645 10872 10871 10863
37646 16457 16448 16456
37647 10893 11245 10892
37648 16436 16486 16478
37649 10834 11222 11221
37650 11230 11234 11233
37651 11233 11234 11237
37652 16462 16471 16463
37653 16095 16086 16094
37654 11221 11225 11224
37655 16036 16424 16423
37656 15691 16044 15692
37657 16463 16454 16462
37658 11228 11224 11225
37659 10892 11244 10835
37660 10834 10835 11222
37661 16456 16447 16455
37662 11247 10894 10895
37663 16097 16450 16098
37664 11246 11245 11254
37665 11254 11253 11245
37666 10932 10940 10875
37667 10879 10887 10878
37668 16090 16081 16089
37669 16056 16065 16057
37670 10932 10875 10867
37671 10888 10880 10889
37672 16050 16041 16049
37673 16510 16519 16511
37674 10890 10899 10898
37675 16448 16095 16447
37676 10831 10835 10834
37677 10892 10835 10832
37678 10895 10896 11248
37679 10893 10885 10894
37680 10886 10894 10885
37681 10899 10956 11308
37682 10893 10884 10885
37683 16078 16087 16079
37684 10825 10829 10828
37685 16031 16086 16078
37686 10822 10826 10825
37687 10832 10829 10884
37688 10823 10820 10860
37689 10819 10820 10823
37690 11309 11318 11317
37691 16520 16511 16519
37692 10898 11250 10897
37693 11318 11309 11310
37694 11333 11324 11332
37695 10895 11248 11247
37696 16092 16083 16091
37697 16469 16534 16526
37698 16159 16150 16158
37699 16452 16461 16453
37700 11263 11264 11272
37701 11263 11255 11264
37702 11249 11258 11257
37703 11265 11266 11257
37704 10949 10941 10950
37705 11259 11251 11316
37706 16453 16518 16510
37707 16477 16468 16476
37708 16451 16098 16450
37709 16143 16152 16144
37710 11265 11266 11274
37711 16451 16460 16452
37712 11273 11264 11272
37713 16459 16450 16458
37714 10887 10879 10888
37715 10883 10891 10882
37716 10896 10897 11249
37717 11259 11250 11251
37718 11259 11258 11250
37719 16475 16466 16474
37720 11264 11256 11265
37721 11275 11266 11267
37722 11275 11274 11266
37723 16085 16150 16142
37724 16510 16101 16453
37725 10879 10880 10888
37726 16142 16151 16143
37727 16101 16092 16100
37728 10879 10871 10880
37729 10940 10932 10941
37730 10956 10957 11309
37731 10887 10896 10895
37732 10866 10858 10857
37733 10917 10916 10908
37734 10898 10897 10889
37735 10867 10858 10859
37736 10897 10888 10889
37737 10941 10933 10942
37738 16110 16119 16111
37739 16084 16093 16085
37740 10883 10875 10940
37741 10933 10924 10925
37742 11251 10899 10898
37743 16158 16511 16159
37744 10948 10957 10956
37745 11308 10956 11309
37746 10480 10489 10488
37747 16159 16512 16160
37748 11309 10957 11310
37749 10958 11310 10957
37750 10958 10949 10950
37751 10957 10949 10958
37752 16160 16151 16159
37753 10942 10950 10941
37754 10927 10919 10918
37755 10880 10871 10872
37756 10932 10924 10933
37757 10483 10548 10491
37758 10843 10490 10491
37759 10917 10908 10909
37760 10851 10908 10916
37761 10909 10910 10901
37762 10874 10873 10865
37763 16111 16120 16112
37764 10836 10484 10837
37765 16118 16127 16119
37766 16127 16136 16128
37767 10918 10909 10910
37768 10925 10934 10933
37769 10844 10852 10817
37770 16022 16062 16054
37771 19642 19633 19634
37772 10924 10867 10859
37773 10851 10850 10842
37774 10846 10855 10854
37775 10859 10916 10851
37776 16143 16134 16142
37777 10901 10900 10548
37778 10485 10476 10477
37779 10856 10864 10855
37780 10858 10849 10850
37781 10880 10872 10881
37782 10875 10866 10867
37783 10857 10849 10858
37784 10438 10446 10437
37785 16298 15945 15946
37786 10817 10814 10844
37787 10882 10873 10874
37788 10847 10839 10848
37789 16085 16076 16084
37790 10883 10874 10875
37791 10883 10882 10874
37792 16077 16068 16076
37793 16076 16067 16075
37794 10882 10881 10873
37795 16075 16084 16076
37796 16081 16072 16080
37797 10483 10491 10482
37798 15690 16043 15691
37799 10488 10487 10479
37800 10848 10839 10840
37801 16050 16059 16051
37802 16061 16052 16060
37803 10878 10870 10869
37804 10849 10840 10848
37805 10841 10840 10849
37806 10470 10471 10479
37807 10478 10487 10486
37808 16051 16042 16050
37809 10472 10463 10464
37810 10861 10870 10862
37811 10445 10446 10454
37812 10908 10843 10851
37813 10901 10909 10900
37814 16590 16599 16598
37815 10534 10542 10533
37816 15683 15692 15684
37817 10465 10456 10457
37818 10465 10464 10456
37819 9507 9154 9155
37820 15751 16104 15752
37821 10525 10517 10526
37822 10516 10525 10524
37823 10908 10900 10909
37824 15668 15677 15669
37825 16045 16110 16102
37826 15751 15742 15750
37827 10474 10466 10475
37828 10900 10908 10843
37829 10423 10427 10426
37830 10549 10548 10540
37831 10814 10427 10836
37832 10527 10536 10535
37833 10465 10466 10474
37834 10473 10465 10474
37835 5821 5812 5813
37836 10816 10820 10819
37837 10876 10826 10868
37838 16088 16097 16096
37839 10813 10817 10816
37840 10455 10454 10463
37841 10479 10487 10478
37842 10427 10484 10836
37843 10860 10823 10868
37844 16019 16054 16046
37845 10823 10826 10822
37846 16063 16054 16062
37847 10856 10847 10855
37848 16057 16048 16056
37849 10844 10845 10853
37850 10862 10863 10854
37851 10872 10863 10864
37852 10871 10863 10862
37853 10854 10855 10863
37854 10846 10845 10854
37855 10854 10853 10845
37856 16047 16056 16048
37857 7589 7598 7597
37858 15671 15662 15670
37859 10476 10468 10477
37860 10452 10461 10460
37861 10426 10814 10813
37862 15678 15623 15626
37863 15663 15672 15664
37864 15686 16039 15687
37865 16049 16040 16048
37866 10839 10847 10838
37867 10846 10838 10837
37868 15680 15689 15681
37869 15686 15626 15629
37870 16040 15687 16039
37871 16331 16340 16339
37872 16047 16038 16046
37873 10839 10487 10840
37874 10837 10838 10485
37875 10814 10836 10844
37876 10469 10460 10461
37877 15688 15679 15687
37878 15642 15633 15641
37879 10462 10463 10471
37880 16038 15629 16016
37881 10420 10424 10423
37882 10424 10476 10484
37883 15678 15687 15679
37884 10444 10409 10436
37885 10476 10421 10424
37886 10412 10415 10452
37887 15663 15654 15662
37888 10414 10411 10415
37889 15662 15617 15620
37890 15670 15679 15671
37891 10414 10415 10418
37892 15681 15672 15680
37893 10455 10446 10454
37894 10468 10469 10477
37895 10469 10470 10478
37896 15671 15680 15672
37897 15656 15665 15657
37898 15647 15656 15648
37899 10455 10447 10446
37900 15682 15673 15681
37901 10438 10447 10446
37902 16584 16593 16592
37903 10439 10438 10430
37904 10438 10430 10429
37905 15640 15631 15639
37906 2275 10430 2274
37907 15649 15640 15648
37908 10438 10437 10429
37909 15648 15657 15649
37910 10429 2274 10430
37911 10456 10447 10455
37912 10432 2277 10433
37913 15644 15653 15645
37914 15655 15646 15654
37915 10412 10444 10452
37916 10444 10436 10445
37917 15638 15647 15639
37918 10405 10409 10408
37919 15611 15646 15638
37920 10445 10436 10437
37921 10428 10437 10436
37922 15728 15719 15727
37923 10439 10430 10431
37924 10445 10453 10444
37925 10452 10444 10453
37926 10429 10428 2273
37927 10483 10475 10540
37928 2215 2216 10406
37929 15639 15630 15638
37930 10429 10437 10428
37931 10428 10406 2216
37932 10412 10408 10409
37933 10428 10406 10436
37934 10450 10441 10442
37935 15736 15727 15735
37936 10538 10537 10529
37937 15734 15669 15677
37938 15735 15726 15734
37939 10532 10540 10475
37940 10450 10449 10441
37941 10508 10451 10443
37942 10450 10451 10459
37943 10483 10474 10475
37944 10439 10448 10447
37945 10473 10464 10465
37946 10541 10542 10550
37947 10534 10526 10535
37948 10536 10544 10535
37949 10527 10535 10526
37950 10532 10475 10467
37951 15634 15643 15635
37952 10475 10466 10467
37953 10463 10464 10455
37954 10481 10473 10482
37955 10483 10482 10474
37956 15685 15676 15684
37957 15661 15652 15660
37958 10457 10458 10466
37959 15659 15668 15660
37960 15637 15702 15694
37961 15669 15660 15668
37962 2279 10435 10434
37963 10467 10458 10459
37964 10466 10458 10467
37965 10457 10449 10458
37966 10442 10443 10434
37967 15645 15636 15644
37968 10450 10458 10449
37969 10441 10449 10440
37970 10440 10441 10432
37971 10493 10502 10501
37972 2337 2338 10493
37973 15643 15652 15644
37974 15712 15703 15711
37975 15659 15650 15658
37976 15660 15651 15659
37977 10441 10432 10433
37978 10457 10456 10448
37979 15635 15644 15636
37980 10442 10433 10434
37981 10442 10441 10433
37982 10508 10443 10500
37983 10517 10508 10509
37984 10516 10508 10517
37985 15719 15710 15718
37986 10508 10500 10509
37987 20322 20331 20330
37988 10435 2280 10492
37989 10501 10509 10500
37990 17756 17765 17764
37991 15710 15645 15653
37992 7571 7580 7579
37993 15708 15699 15707
37994 15694 15703 15695
37995 10493 10501 10492
37996 10500 10492 10501
37997 10504 10505 10513
37998 15706 15697 15705
37999 2339 10495 2340
38000 10512 10511 10503
38001 10495 10503 10494
38002 10502 10494 10503
38003 10495 10494 2339
38004 10493 2338 10494
38005 10517 10518 10526
38006 10502 10493 10494
38007 10501 10510 10502
38008 2338 10494 2339
38009 10504 10512 10503
38010 10506 10497 10498
38011 10556 10499 2344
38012 15738 15729 15737
38013 10556 10565 10564
38014 2341 10497 10496
38015 2341 2342 10497
38016 15707 15716 15708
38017 10514 10523 10522
38018 10504 10513 10512
38019 15714 15723 15715
38020 10510 10518 10519
38021 10530 10521 10522
38022 15766 15775 15767
38023 10514 10515 10523
38024 10513 10514 10505
38025 10530 10531 10522
38026 15708 15717 15709
38027 10505 10514 10506
38028 15782 15717 15725
38029 10514 10506 10515
38030 10506 10498 10507
38031 10499 10507 10498
38032 15725 15716 15724
38033 15781 15772 15780
38034 10303 10294 10295
38035 10903 10904 10912
38036 10539 10547 10538
38037 10588 10531 10523
38038 15794 15785 15793
38039 2408 10620 2465
38040 10515 10507 10572
38041 10564 10572 10507
38042 10527 10528 10536
38043 11004 10939 10996
38044 15733 15798 15790
38045 10522 10523 10531
38046 2401 2402 10557
38047 10605 10613 10604
38048 15798 15807 15799
38049 10553 10544 10545
38050 10536 10545 10537
38051 10544 10545 10536
38052 15740 15749 15741
38053 10528 10537 10536
38054 10511 10519 10510
38055 10604 10539 10596
38056 10530 10539 10531
38057 10596 10539 10531
38058 15806 15741 15749
38059 10519 10511 10520
38060 10530 10529 10521
38061 10530 10529 10538
38062 10545 10554 10553
38063 10513 10521 10512
38064 15732 15723 15731
38065 10528 10529 10537
38066 15739 15730 15738
38067 10529 10520 10528
38068 10521 10520 10529
38069 15731 15722 15730
38070 16112 16121 16120
38071 16113 16104 16112
38072 10525 10534 10533
38073 10525 10526 10534
38074 15746 15737 15745
38075 10550 10542 10551
38076 10543 10542 10534
38077 10533 10542 10541
38078 16106 15753 16105
38079 15754 15745 15753
38080 10551 10542 10543
38081 10910 10902 10911
38082 15744 15753 15745
38083 10549 10902 10901
38084 10550 10902 10549
38085 16114 16105 16113
38086 10928 10919 10927
38087 10901 10910 10902
38088 16112 16121 16113
38089 15747 15756 15748
38090 16107 16116 16108
38091 10998 10989 10990
38092 10964 10612 10555
38093 16166 16175 16167
38094 10547 10604 10612
38095 10545 10546 10554
38096 15755 16108 15756
38097 10964 10612 10965
38098 10554 10906 10553
38099 16109 15756 16108
38100 10553 10906 10905
38101 16190 16125 16133
38102 16117 16108 16116
38103 10914 10915 10923
38104 10972 10915 10907
38105 10607 10608 10616
38106 16125 16116 16124
38107 15814 16167 15815
38108 15748 15757 15749
38109 10547 10546 10555
38110 10555 10554 10546
38111 10906 10915 10914
38112 11004 10996 11005
38113 10911 10920 10919
38114 16191 16182 16190
38115 16133 16124 16132
38116 10997 10989 10998
38117 10914 10922 10913
38118 16132 16141 16133
38119 10938 10937 10929
38120 10928 10920 10919
38121 10945 10944 10936
38122 10931 10939 10930
38123 16117 16182 16174
38124 10972 10980 10915
38125 10923 10915 10980
38126 16133 16198 16190
38127 10917 10918 10926
38128 10921 10913 10922
38129 10947 10938 10939
38130 10946 10938 10947
38131 10942 10934 10943
38132 16140 16149 16141
38133 10903 10912 10911
38134 10938 10946 10937
38135 10927 10926 10918
38136 10904 10913 10912
38137 16140 16131 16139
38138 10938 10929 10930
38139 10936 10927 10928
38140 10910 10919 10918
38141 16136 16145 16137
38142 16137 16146 16138
38143 10936 10944 10935
38144 10943 10935 10944
38145 16120 16129 16121
38146 10902 10911 10903
38147 10598 10599 10607
38148 16121 16130 16122
38149 10930 10921 10922
38150 10929 10921 10930
38151 15816 15807 15815
38152 10921 10912 10913
38153 16124 16115 16123
38154 10983 10982 10991
38155 16132 16123 16131
38156 10905 10913 10914
38157 10973 10982 10981
38158 16187 16178 16186
38159 10983 10975 10974
38160 10981 10982 10990
38161 10615 10614 10606
38162 11006 10998 11007
38163 16179 16188 16180
38164 16205 16196 16204
38165 16180 16189 16181
38166 10993 10985 10994
38167 10984 10985 10993
38168 11008 11000 11009
38169 10993 10992 10984
38170 16203 16212 16204
38171 11002 11010 11001
38172 11009 11001 11010
38173 10965 10973 10964
38174 10972 10981 10980
38175 10998 11006 10997
38176 11001 10992 10993
38177 11005 10997 11006
38178 10972 10964 10973
38179 16176 16185 16177
38180 10976 10975 10984
38181 10989 10980 10981
38182 10999 11007 10998
38183 10596 10597 10605
38184 11008 10999 11000
38185 11008 11007 10999
38186 17224 17215 17216
38187 16209 16200 16208
38188 10988 10989 10980
38189 16192 16183 16191
38190 15817 15808 15816
38191 10972 10973 10981
38192 10991 10982 10990
38193 10976 10967 10975
38194 10664 10665 10673
38195 10596 10605 10604
38196 10592 10593 10601
38197 10612 10604 10613
38198 10615 10968 10967
38199 10974 10982 10973
38200 16186 16177 16185
38201 10974 10966 10975
38202 10966 10965 10613
38203 10966 10967 10975
38204 15800 15791 15799
38205 10974 10965 10966
38206 16168 16177 16169
38207 10613 10605 10614
38208 10977 10969 10978
38209 10970 10978 10969
38210 15818 15809 15817
38211 2405 10560 2404
38212 15815 16168 15816
38213 16178 16169 16177
38214 15816 16169 15817
38215 10615 10614 10967
38216 10967 10966 10614
38217 10976 10968 10967
38218 10979 11044 10987
38219 10618 10970 10617
38220 10986 10987 10995
38221 10611 10619 10610
38222 10601 10602 10610
38223 16173 15820 16172
38224 10655 10646 10647
38225 15811 15820 15812
38226 10660 10668 10603
38227 16171 15818 16170
38228 16170 16179 16171
38229 10977 10968 10969
38230 16171 16180 16172
38231 10565 10573 10564
38232 10977 10976 10968
38233 10610 10609 10601
38234 15803 15812 15804
38235 10656 10647 10648
38236 15795 15786 15794
38237 15811 15802 15810
38238 10582 10590 10581
38239 10580 10572 10581
38240 10586 10595 10594
38241 6317 6308 6309
38242 10590 10599 10591
38243 10598 10590 10599
38244 10582 10583 10591
38245 2403 10558 10559
38246 15796 15787 15795
38247 10595 10660 10652
38248 10593 10594 10602
38249 10647 10656 10655
38250 5842 5907 5850
38251 10628 10637 10629
38252 10559 2404 10560
38253 10607 10599 10608
38254 15800 15809 15801
38255 15801 15810 15802
38256 10580 10589 10581
38257 10591 10590 10582
38258 10597 10589 10598
38259 10598 10589 10590
38260 10588 10589 10580
38261 15784 15793 15785
38262 15769 15760 15768
38263 10581 10573 10582
38264 10567 10576 10575
38265 10572 10573 10581
38266 15785 15776 15784
38267 10575 10574 10566
38268 15776 15767 15775
38269 10585 10576 10577
38270 10567 10568 10576
38271 15786 15777 15785
38272 10568 10577 10576
38273 15775 15784 15776
38274 10583 10575 10584
38275 10557 2402 10558
38276 2403 10558 2402
38277 15778 15769 15777
38278 10636 10579 10571
38279 10565 10566 10574
38280 10565 10574 10573
38281 10575 10576 10584
38282 10567 10558 10559
38283 10567 10566 10558
38284 10575 10583 10574
38285 10582 10574 10583
38286 15787 15778 15786
38287 15789 15780 15788
38288 15838 15773 15781
38289 10561 10560 2405
38290 10577 10578 10569
38291 10586 10577 10578
38292 10569 10560 10568
38293 10569 10570 10561
38294 9456 9447 9448
38295 10561 10570 10562
38296 2406 10562 2407
38297 10561 2406 10562
38298 10561 10569 10560
38299 10563 10628 10571
38300 10562 10563 10571
38301 10562 10571 10570
38302 10628 10620 10629
38303 15851 15842 15850
38304 2465 10621 2466
38305 10621 10630 10629
38306 15822 15831 15823
38307 10563 2408 10620
38308 10620 10628 10563
38309 15840 15831 15839
38310 10664 10656 10665
38311 10653 10654 10662
38312 10668 10611 10603
38313 15863 15854 15862
38314 10645 10637 10646
38315 10579 10644 10587
38316 10571 10579 10570
38317 10646 10655 10654
38318 10636 10644 10579
38319 15846 15781 15789
38320 10636 10645 10644
38321 10637 10645 10636
38322 15843 15834 15842
38323 15856 15847 15855
38324 15859 15850 15858
38325 10630 10621 10622
38326 10644 10653 10645
38327 10595 10652 10587
38328 10587 10644 10652
38329 10594 10595 10603
38330 10594 10603 10602
38331 15805 15870 15862
38332 11028 10676 11029
38333 10603 10595 10660
38334 10682 10681 10673
38335 10663 10655 10664
38336 15877 15942 15934
38337 15875 15866 15874
38338 10665 10656 10657
38339 10681 11034 10682
38340 15872 15881 15873
38341 10670 10679 10678
38342 15857 15866 15858
38343 15849 15858 15850
38344 15858 15867 15859
38345 10639 10640 10648
38346 10624 10632 10633
38347 10629 10638 10637
38348 10624 10623 10632
38349 10632 10631 10623
38350 10646 10637 10638
38351 10630 10638 10629
38352 10634 10626 10635
38353 10641 10633 10642
38354 15841 15832 15840
38355 2466 2467 10622
38356 15824 15833 15825
38357 10632 10640 10631
38358 10647 10638 10639
38359 10647 10646 10638
38360 10633 10625 10624
38361 10634 10633 10625
38362 2469 10625 2470
38363 10632 10633 10641
38364 20126 20117 20118
38365 10634 10625 10626
38366 10649 10658 10657
38367 15843 15852 15844
38368 15895 15904 15896
38369 5884 5875 5876
38370 10703 10695 10704
38371 15894 15829 15837
38372 10701 10692 10693
38373 15913 15904 15912
38374 10627 10635 10626
38375 2471 10627 2472
38376 15886 15895 15887
38377 16236 15883 16235
38378 10694 10702 10693
38379 10692 10700 10635
38380 15912 15903 15911
38381 10705 10704 10696
38382 10696 10704 10695
38383 10701 10700 10692
38384 2472 2529 10684
38385 15928 15919 15927
38386 10694 10685 10686
38387 10693 10685 10694
38388 15887 15896 15888
38389 15911 15902 15910
38390 10648 10649 10657
38391 10721 10722 10730
38392 10726 10717 10725
38393 15937 15928 15936
38394 10718 10717 10726
38395 10727 10719 10728
38396 10683 11092 11035
38397 15919 15910 15918
38398 10717 10709 10718
38399 10700 10709 10708
38400 15852 15861 15853
38401 10667 10724 10732
38402 10657 10666 10658
38403 10709 10701 10710
38404 6581 6611 6584
38405 15912 15921 15913
38406 10640 10649 10641
38407 10648 10649 10640
38408 15860 15851 15859
38409 15860 15869 15861
38410 10650 10659 10658
38411 10667 10659 10724
38412 10658 10659 10667
38413 16261 16326 16318
38414 10675 10683 10674
38415 11094 10742 11095
38416 11042 11034 11043
38417 10716 10724 10659
38418 15926 15861 15869
38419 10708 10651 10643
38420 11050 11059 11058
38421 10650 10651 10659
38422 10643 10651 10642
38423 10716 10651 10659
38424 16253 16244 16252
38425 11035 11043 11100
38426 10708 10651 10716
38427 10680 11032 10679
38428 11033 11034 11042
38429 10682 10673 10674
38430 16237 15884 16236
38431 10740 11093 11092
38432 10683 11035 10682
38433 10732 10740 10675
38434 16237 16302 16294
38435 10672 10680 10671
38436 10742 10733 10734
38437 17352 17343 17344
38438 18666 18657 18658
38439 11030 11031 11039
38440 10732 10724 10733
38441 10726 10735 10734
38442 15936 15945 15937
38443 16296 15943 16295
38444 11035 11034 10682
38445 16245 16236 16244
38446 16235 16244 16236
38447 11049 11048 11040
38448 16256 16265 16257
38449 11057 11056 11048
38450 15944 16297 15945
38451 16305 16296 16304
38452 10732 10740 10741
38453 11110 11118 11109
38454 16312 16321 16313
38455 16295 15942 16294
38456 10741 10733 10742
38457 15935 15944 15936
38458 16303 16294 16302
38459 11107 11115 11106
38460 11092 11101 11100
38461 11117 11109 11108
38462 11095 11103 11094
38463 11093 11101 11102
38464 16302 16311 16303
38465 16312 16303 16311
38466 16310 16245 16253
38467 16253 16318 16310
38468 16261 16252 16260
38469 11110 11101 11109
38470 11102 11101 11110
38471 16320 16329 16321
38472 16335 16326 16334
38473 11065 11057 11066
38474 11067 11066 11058
38475 16268 16277 16269
38476 16247 16256 16255
38477 11089 11081 11090
38478 16352 16343 16351
38479 11118 11126 11117
38480 16336 16345 16337
38481 16321 16330 16322
38482 11140 11149 11148
38483 16243 16252 16244
38484 16328 16337 16329
38485 11125 11117 11126
38486 11129 11138 11137
38487 11038 11046 11047
38488 11108 11051 11116
38489 11050 11058 11049
38490 11051 11059 11050
38491 11051 11043 11108
38492 11100 11108 11043
38493 11059 11067 11058
38494 16277 16342 16334
38495 11075 11074 11066
38496 11074 11083 11082
38497 11073 11065 11074
38498 11059 11124 11067
38499 16269 16334 16326
38500 11457 11449 11448
38501 11090 11442 11443
38502 16276 16267 16275
38503 16242 16251 16243
38504 11029 11030 10677
38505 11038 11039 11047
38506 16272 16263 16271
38507 11052 11061 11053
38508 11065 11064 11056
38509 16275 16266 16274
38510 10785 10777 10786
38511 11047 11039 11048
38512 16250 16241 16249
38513 15870 15879 15871
38514 11049 11040 11041
38515 10978 10979 10970
38516 17805 17452 17453
38517 10669 10678 10677
38518 11045 11054 11053
38519 16257 16248 16256
38520 16240 16249 16241
38521 10661 10669 10660
38522 11044 10979 11036
38523 11140 11148 11083
38524 11055 11054 11046
38525 16273 16264 16272
38526 11053 11052 11044
38527 11045 11044 11053
38528 11052 10995 10987
38529 15878 16231 15879
38530 11046 11045 11037
38531 11046 11037 11038
38532 16239 16230 16238
38533 16248 16239 16247
38534 10970 10971 10979
38535 10618 10971 10970
38536 11036 10971 10979
38537 16270 16205 16213
38538 16271 16262 16270
38539 11070 11079 11078
38540 11030 10678 11031
38541 11037 11029 11038
38542 10669 10661 10670
38543 10602 10611 10610
38544 10668 10669 10677
38545 10662 10670 10661
38546 16240 16231 16239
38547 11028 11036 10971
38548 10676 10619 10611
38549 10971 10618 10619
38550 10676 10677 11029
38551 10668 10677 10676
38552 15882 16235 15883
38553 15882 15873 15881
38554 10676 10611 10668
38555 10971 10619 11028
38556 15879 16232 15880
38557 10753 10762 10761
38558 2596 2597 10752
38559 11029 11030 11038
38560 10681 10672 10673
38561 15883 15874 15882
38562 10670 10662 10671
38563 10663 10672 10671
38564 10663 10664 10672
38565 10679 11031 10678
38566 10663 10671 10662
38567 15880 16233 15881
38568 15974 15909 15917
38569 16234 16243 16235
38570 11041 11032 11033
38571 11040 11032 11041
38572 13029 13037 10779
38573 18239 15981 15989
38574 10763 13021 10771
38575 16232 16241 16233
38576 11040 11031 11039
38577 11032 11040 11031
38578 10778 10769 10770
38579 15989 18247 18239
38580 10787 10795 10786
38581 10808 11160 10807
38582 2598 2599 10754
38583 16376 16385 16377
38584 10793 10801 10792
38585 16788 16797 16789
38586 16005 15996 16004
38587 18615 16013 16365
38588 10779 10771 13029
38589 10786 10794 10785
38590 18633 18624 18625
38591 10794 10786 10795
38592 15988 15997 15989
38593 10777 10769 10778
38594 15980 15989 15981
38595 15979 15988 15980
38596 10759 10758 10750
38597 10761 10752 10753
38598 2594 2595 10750
38599 16327 16336 16335
38600 15963 15972 15964
38601 10757 10765 10756
38602 18231 15973 15981
38603 15973 15964 15972
38604 15965 15956 15964
38605 10763 10754 10755
38606 10762 10754 10763
38607 10779 10770 10778
38608 10771 10779 10770
38609 15972 15981 15973
38610 15995 15986 15994
38611 10767 10759 10768
38612 10749 10757 10748
38613 10793 10784 10785
38614 10760 10752 10761
38615 15962 15953 15961
38616 10769 10768 10777
38617 10793 10792 10784
38618 15970 15979 15971
38619 10768 10760 10769
38620 2593 10748 10749
38621 2595 2596 10751
38622 15994 16003 15995
38623 10785 10784 10776
38624 15965 18223 15973
38625 10768 10776 10767
38626 10782 10790 10781
38627 10784 10783 10775
38628 10758 10749 10750
38629 10759 10750 10751
38630 10751 10750 2595
38631 15952 15961 15953
38632 15993 15984 15992
38633 10808 10807 10799
38634 10791 10782 10790
38635 15978 15987 15979
38636 10777 10776 10768
38637 13445 13453 11195
38638 10783 10792 10791
38639 10784 10792 10783
38640 10723 10780 10788
38641 15985 15976 15984
38642 10783 10782 10774
38643 10783 10774 10775
38644 11160 11161 11169
38645 11202 11203 11211
38646 16781 19039 19031
38647 10798 10790 10799
38648 11170 11169 11161
38649 15933 15998 15990
38650 16360 16007 16359
38651 10730 10738 10729
38652 16314 16305 16313
38653 10727 10735 10726
38654 15975 15984 15976
38655 11112 11113 11121
38656 10721 10712 10713
38657 10782 10773 10774
38658 15976 15967 15975
38659 10729 10737 10728
38660 10746 10747 10738
38661 10756 10699 10691
38662 10773 10765 10774
38663 15982 15917 15925
38664 15951 15960 15952
38665 10772 10780 10715
38666 10715 10706 10707
38667 10698 10689 10690
38668 15898 15889 15897
38669 10757 10748 10756
38670 2593 10749 2594
38671 15975 15966 15974
38672 10750 10749 2594
38673 10772 10764 10773
38674 10699 10698 10690
38675 10697 10688 10689
38676 15901 15966 15958
38677 15909 15900 15908
38678 10706 10698 10707
38679 10703 10712 10711
38680 2535 2536 10691
38681 10715 10707 10772
38682 10764 10707 10699
38683 10764 10772 10707
38684 10756 10691 10748
38685 15893 15958 15950
38686 10748 10691 2536
38687 10690 10689 2534
38688 15900 15891 15899
38689 15916 15907 15915
38690 10706 10714 10705
38691 10699 10690 10691
38692 10705 10696 10697
38693 15899 15908 15900
38694 15907 15898 15906
38695 10686 2531 10687
38696 10728 10736 10727
38697 2531 10687 2532
38698 10696 10687 10695
38699 10696 10688 10697
38700 15905 15914 15906
38701 7600 7591 7592
38702 15915 15906 15914
38703 10719 10710 10711
38704 10710 10702 10711
38705 10703 10711 10702
38706 15931 15922 15930
38707 10720 10711 10712
38708 10719 10711 10720
38709 15922 15913 15921
38710 10728 10737 10736
38711 15932 15923 15931
38712 10731 10722 10723
38713 10723 10722 10714
38714 10731 10730 10722
38715 15924 15933 15925
38716 11157 11158 11166
38717 15915 15924 15916
38718 10714 10713 10722
38719 10722 10721 10713
38720 15940 15931 15939
38721 11118 11127 11126
38722 10735 10743 10744
38723 10736 10735 10727
38724 11098 11097 10745
38725 10719 10727 10718
38726 10726 10718 10727
38727 15939 15930 15938
38728 15946 16299 15947
38729 11098 11099 11107
38730 10736 10744 10735
38731 10743 11096 11095
38732 11110 11119 11118
38733 10796 10804 10739
38734 10736 10737 10745
38735 11103 11111 11102
38736 16324 16315 16323
38737 11095 11104 11096
38738 16301 15948 16300
38739 16300 16309 16301
38740 16307 16298 16306
38741 10746 10737 10738
38742 15949 15940 15948
38743 16299 16308 16300
38744 15947 16300 15948
38745 10729 10738 10737
38746 19046 19111 19054
38747 11121 11113 11122
38748 11094 11103 11102
38749 11181 11182 11173
38750 11104 11103 11095
38751 11120 11112 11111
38752 16414 16349 16357
38753 11204 11139 11196
38754 11121 11122 11130
38755 16314 16323 16315
38756 11151 11142 11150
38757 16331 16340 16332
38758 11106 11115 11114
38759 11136 11145 11144
38760 11128 11119 11120
38761 11127 11119 11128
38762 16333 16398 16390
38763 11105 11113 11104
38764 11104 11096 11105
38765 11112 11121 11120
38766 16382 16317 16325
38767 11129 11121 11130
38768 16332 16323 16331
38769 11129 11120 11121
38770 11217 11208 11209
38771 17164 17173 17172
38772 11214 11213 11205
38773 11156 11164 11099
38774 16316 16325 16317
38775 11168 11160 11169
38776 16309 16374 16366
38777 11206 11197 11198
38778 10731 10739 10730
38779 11197 11205 11196
38780 11183 11191 11182
38781 16384 16393 16385
38782 11128 11137 11129
38783 11122 11131 11130
38784 16766 16357 16709
38785 16374 16383 16375
38786 16375 16384 16383
38787 11130 11139 11131
38788 11181 11172 11180
38789 10805 10796 10797
38790 16391 16382 16390
38791 10746 11099 11098
38792 11123 11180 11188
38793 16549 16614 16557
38794 11569 11216 11217
38795 10788 10796 10731
38796 16301 16366 16358
38797 10746 10747 11099
38798 16366 16375 16367
38799 16009 16000 16008
38800 16367 16358 16366
38801 16376 16367 16375
38802 11172 11164 11173
38803 11165 11173 11164
38804 10739 10731 10796
38805 16368 16359 16367
38806 10788 10789 10797
38807 11107 11099 11164
38808 16362 16009 16361
38809 15941 16006 15998
38810 15998 16007 15999
38811 10739 10804 10747
38812 10797 10796 10788
38813 10805 11157 10804
38814 16008 15999 16007
38815 10805 10804 10796
38816 16363 16010 16362
38817 10806 11158 10805
38818 10792 10800 10791
38819 16379 16388 16380
38820 10808 10799 10800
38821 10790 10799 10791
38822 10789 10798 10797
38823 10789 10790 10798
38824 10797 10806 10805
38825 10798 10806 10797
38826 16002 16011 16003
38827 16369 16360 16368
38828 10798 10807 10806
38829 10799 10807 10798
38830 16010 16001 16009
38831 11174 11166 11175
38832 11159 11167 11158
38833 10791 10799 10800
38834 11159 11158 10806
38835 11174 11175 11183
38836 11182 11174 11183
38837 11173 11182 11174
38838 11165 11166 11174
38839 11165 11174 11173
38840 16387 16396 16388
38841 11183 11184 11192
38842 7383 7374 7375
38843 16395 16386 16394
38844 16394 16385 16393
38845 13821 11219 11571
38846 16402 16393 16401
38847 16418 16771 16419
38848 11193 11202 11194
38849 16397 18655 18647
38850 11199 11207 11198
38851 16370 16379 16371
38852 11168 11177 11176
38853 11219 11218 11210
38854 11167 11176 11175
38855 16377 16386 16378
38856 11184 11175 11176
38857 11183 11175 11184
38858 16371 16380 16372
38859 11186 11195 11194
38860 11177 11185 11176
38861 11184 11176 11185
38862 11162 10810 11163
38863 16012 16003 16011
38864 13061 13413 10811
38865 11163 11171 11162
38866 13421 11163 11171
38867 11170 11161 11162
38868 11171 11162 11170
38869 10800 10809 10808
38870 10803 10802 10794
38871 11569 11568 11216
38872 11193 11201 11192
38873 13437 13445 11187
38874 11177 11178 11186
38875 13413 11163 13421
38876 13421 13429 11171
38877 10810 10811 11163
38878 16013 16004 16012
38879 11191 11192 11200
38880 13437 11179 11187
38881 13429 11179 13437
38882 16381 18639 18631
38883 11161 10808 10809
38884 16373 18631 18623
38885 10801 10793 10802
38886 10801 10810 10809
38887 10794 10802 10793
38888 16005 18263 18255
38889 16372 16363 16371
38890 16234 16243 16242
38891 10803 10811 10802
38892 16011 16364 16012
38893 11598 11607 11606
38894 10809 10810 11162
38895 11575 11574 11566
38896 16012 16365 16013
38897 17176 17185 17177
38898 10810 10802 10811
38899 19047 16789 16797
38900 13829 11579 13837
38901 11579 13837 11587
38902 13453 13461 11203
38903 13837 11587 13845
38904 11569 11578 11577
38905 11594 11586 11585
38906 11216 11208 11217
38907 16788 16779 16787
38908 11585 11577 11586
38909 11577 11568 11569
38910 11576 11567 11568
38911 11215 11568 11567
38912 16411 16402 16410
38913 16796 16787 16795
38914 16780 16771 16779
38915 6623 6614 6615
38916 11200 11199 11191
38917 11587 11578 11586
38918 11579 11578 11587
38919 16780 16789 16781
38920 11209 11200 11201
38921 11190 11198 11189
38922 16399 16408 16400
38923 11202 11211 11210
38924 16413 16404 16412
38925 11200 11208 11199
38926 16420 16411 16419
38927 16772 16419 16771
38928 11571 11218 11219
38929 11207 11208 11216
38930 11194 11202 11203
38931 11201 11193 11202
38932 11202 11210 11201
38933 18663 16405 16413
38934 16412 16421 16413
38935 16413 18671 18663
38936 11219 11211 13469
38937 13461 13469 11211
38938 11570 11217 11569
38939 11218 11217 11570
38940 11575 11576 11584
38941 11146 11145 11137
38942 16418 16409 16417
38943 11577 11576 11585
38944 16768 16415 16767
38945 11207 11199 11208
38946 11208 11200 11209
38947 11197 11196 11188
38948 11199 11198 11190
38949 16409 16400 16408
38950 16417 16408 16416
38951 11215 11206 11207
38952 11575 11584 11583
38953 11568 11576 11577
38954 16787 16778 16786
38955 16785 16794 16786
38956 16809 16818 16810
38957 16785 16776 16784
38958 11575 11583 11574
38959 11582 11574 11583
38960 16786 16795 16787
38961 16398 16407 16399
38962 16793 16784 16792
38963 11572 11580 11581
38964 16784 16775 16783
38965 11589 11590 11598
38966 11582 11581 11573
38967 16416 16407 16415
38968 11204 11147 11139
38969 11596 11539 11531
38970 11539 11530 11531
38971 16801 16792 16800
38972 11538 11539 11547
38973 11580 11581 11589
38974 11565 11564 11573
38975 11573 11572 11564
38976 11135 11143 11144
38977 11189 11197 11188
38978 11213 11204 11205
38979 16775 16766 16774
38980 16767 16414 16766
38981 11198 11197 11189
38982 11154 11506 11153
38983 11204 11196 11205
38984 11188 11196 11131
38985 11504 11513 11505
38986 16415 16406 16414
38987 11131 11139 11196
38988 16406 16341 16349
38989 11212 11147 11204
38990 11154 11145 11146
38991 11153 11144 11145
38992 11534 11542 11533
38993 11914 11561 11562
38994 11564 11155 11212
38995 11564 11507 11155
38996 11504 11512 11513
38997 16725 16716 16724
38998 11155 11507 11154
38999 16707 16716 16708
39000 16337 16346 16338
39001 16709 16356 16708
39002 11505 11153 11506
39003 16364 16373 16372
39004 11147 11138 11146
39005 11139 11138 11147
39006 11126 11135 11127
39007 11152 11151 11143
39008 11133 11125 11134
39009 11124 11132 11067
39010 11124 11132 11133
39011 11508 11517 11516
39012 16722 16713 16714
39013 16345 16354 16346
39014 11459 11524 11467
39015 16351 16342 16350
39016 11144 11143 11152
39017 11152 11504 11151
39018 11522 11521 11513
39019 16715 16706 16714
39020 11152 11505 11504
39021 11522 11514 11523
39022 11507 11506 11515
39023 16729 16720 16728
39024 16717 16708 16716
39025 11505 11514 11506
39026 11530 11522 11521
39027 11598 11606 11597
39028 11523 11514 11515
39029 11552 11560 11551
39030 11512 11521 11520
39031 11503 11511 11502
39032 16704 16713 16712
39033 11511 11520 11519
39034 11148 11149 11501
39035 11520 11521 11529
39036 11517 11509 11518
39037 11504 11512 11503
39038 16748 16757 16749
39039 11511 11503 11512
39040 11533 11542 11541
39041 11521 11529 11530
39042 11545 11554 11546
39043 11914 11913 11561
39044 11544 11536 11545
39045 11473 11482 11481
39046 16730 16721 16729
39047 11545 11537 11546
39048 11529 11530 11538
39049 16723 16714 16722
39050 16729 16738 16730
39051 11519 11528 11527
39052 11543 11544 11552
39053 16745 16754 16746
39054 11545 11553 11544
39055 11519 11518 11510
39056 11604 11605 11613
39057 11550 11549 11541
39058 17183 17174 17182
39059 11938 11937 11929
39060 10062 10071 10070
39061 11559 11912 11911
39062 11528 11536 11537
39063 16762 17115 16763
39064 16763 16754 16762
39065 11527 11536 11535
39066 11543 11552 11551
39067 16746 16755 16747
39068 16753 16762 16754
39069 17113 17122 17114
39070 11858 11867 11866
39071 11558 11910 11557
39072 11543 11542 11534
39073 11554 11553 11545
39074 11612 11604 11613
39075 11928 11927 11919
39076 11929 11928 11920
39077 11559 11558 11550
39078 17125 17116 17124
39079 11921 11920 11912
39080 11559 11551 11560
39081 17319 17672 17671
39082 11923 11931 11922
39083 11562 11553 11561
39084 17117 16764 17116
39085 16763 17116 16764
39086 11561 11913 11560
39087 16755 16764 16756
39088 11560 11913 11912
39089 11980 11988 11923
39090 11992 12000 11991
39091 11588 11597 11596
39092 11589 11597 11588
39093 11456 11447 11448
39094 11613 11621 11612
39095 11531 11523 11588
39096 11604 11547 11539
39097 11522 11531 11530
39098 16733 16798 16790
39099 16808 16799 16807
39100 17210 17201 17209
39101 16815 16824 16816
39102 11612 11620 11555
39103 11587 11595 11586
39104 11972 11620 11973
39105 11621 11973 11620
39106 17184 17175 17183
39107 16794 16803 16795
39108 16817 16808 16816
39109 11605 11596 11597
39110 16807 16798 16806
39111 11584 11592 11583
39112 11596 11604 11539
39113 11580 11588 11523
39114 11546 11547 11555
39115 11582 11590 11581
39116 16810 16801 16809
39117 16799 16790 16798
39118 16749 16814 16806
39119 11604 11612 11547
39120 11555 11547 11612
39121 16826 16817 16825
39122 11590 11599 11598
39123 8429 8076 8077
39124 11597 11589 11598
39125 16809 16800 16808
39126 11998 11989 11990
39127 11586 11595 11594
39128 11598 11599 11607
39129 16045 15692 15693
39130 11070 11071 11079
39131 11591 11600 11599
39132 16810 16819 16811
39133 16813 16804 16812
39134 13853 13861 11603
39135 16802 16793 16801
39136 11608 11599 11600
39137 11607 11599 11608
39138 16825 16816 16824
39139 11441 11089 11442
39140 11622 11623 11975
39141 11615 11624 11623
39142 11624 11623 11976
39143 11622 11614 11623
39144 11613 11622 11621
39145 16818 16827 16819
39146 11614 11622 11613
39147 17177 16824 17176
39148 11976 11977 11624
39149 11585 11594 11593
39150 11976 11623 11975
39151 17178 16825 17177
39152 19079 16821 16829
39153 13877 11619 11627
39154 11611 11603 13861
39155 16819 16828 16820
39156 14229 11979 14237
39157 11618 11619 11627
39158 16641 16650 16642
39159 11585 11593 11584
39160 19439 17181 17189
39161 11593 11594 11602
39162 16828 17181 16829
39163 11977 11625 11978
39164 13845 11595 13853
39165 17180 17189 17181
39166 17188 17197 17189
39167 16829 16820 16828
39168 11626 11617 11618
39169 16813 19071 19063
39170 11078 11086 11077
39171 11618 11610 11619
39172 16812 16821 16813
39173 11593 11602 11601
39174 11080 11071 11072
39175 11600 11601 11592
39176 11603 11602 11594
39177 11457 11448 11456
39178 11608 11600 11609
39179 11601 11609 11600
39180 16261 16326 16269
39181 11601 11610 11609
39182 11594 11595 11603
39183 16811 16820 16812
39184 11610 11618 11609
39185 11617 11609 11618
39186 11076 11019 11011
39187 11455 11446 11447
39188 16659 16650 16658
39189 11065 11073 11064
39190 11076 11068 11077
39191 16642 16651 16643
39192 11080 11072 11081
39193 11453 11444 11452
39194 11436 11444 11379
39195 11378 11379 11387
39196 11457 11456 11465
39197 11410 11402 11411
39198 16641 16288 16640
39199 11061 11062 11070
39200 16658 16667 16659
39201 11011 11068 11076
39202 16671 16680 16672
39203 16657 16648 16656
39204 16597 16662 16654
39205 16682 16673 16681
39206 11480 11479 11471
39207 11471 11463 11472
39208 11470 11461 11462
39209 16287 16278 16286
39210 11453 11445 11444
39211 16646 16655 16647
39212 16656 16647 16655
39213 11454 11445 11446
39214 11453 11445 11454
39215 11062 11063 11071
39216 16287 16640 16288
39217 11437 11084 11436
39218 11011 11019 11010
39219 16271 16280 16272
39220 11437 11085 11084
39221 11440 11439 11087
39222 16338 16347 16346
39223 16639 16286 16638
39224 16282 16291 16283
39225 16281 16272 16280
39226 11071 11070 11062
39227 16221 16286 16278
39228 11027 11019 11084
39229 11076 11084 11019
39230 16282 16273 16281
39231 11087 11088 11440
39232 16642 16289 16641
39233 11078 11087 11079
39234 11069 11078 11077
39235 11070 11078 11069
39236 11072 11073 11081
39237 11063 11064 11072
39238 16280 16289 16281
39239 11087 11086 11078
39240 11071 11080 11079
39241 11087 11439 11086
39242 11438 11086 11439
39243 11511 11510 11502
39244 16290 16643 16291
39245 11075 11132 11140
39246 11072 11064 11073
39247 16274 16283 16275
39248 16677 16668 16676
39249 11150 11149 11141
39250 16335 16344 16336
39251 11124 11133 11125
39252 11142 11141 11133
39253 11066 11067 11075
39254 16275 16284 16276
39255 16643 16652 16644
39256 16293 16702 16350
39257 11519 11518 11527
39258 11090 11081 11082
39259 11073 11082 11081
39260 16350 16703 16351
39261 16719 16710 16718
39262 11091 11082 11083
39263 11090 11082 11091
39264 11500 11148 11091
39265 11509 11510 11501
39266 16352 16705 16353
39267 11151 11150 11503
39268 11503 11502 11150
39269 11143 11142 11151
39270 16343 16334 16342
39271 16353 16344 16352
39272 11133 11134 11142
39273 11143 11134 11142
39274 11135 11134 11143
39275 11141 11140 11132
39276 11141 11132 11133
39277 11519 11510 11511
39278 11516 11451 11508
39279 11509 11517 11508
39280 11509 11508 11500
39281 16711 16720 16712
39282 16654 16589 16646
39283 16744 16735 16743
39284 11551 11542 11543
39285 11450 11451 11459
39286 16719 16728 16720
39287 11458 11459 11450
39288 11459 11516 11524
39289 11475 11474 11483
39290 11525 11534 11533
39291 17059 17050 17058
39292 16726 16661 16669
39293 16645 16710 16702
39294 11441 11450 11449
39295 16644 16653 16645
39296 11451 11442 11450
39297 11443 11451 11442
39298 11458 11449 11457
39299 11450 11458 11449
39300 16651 16660 16652
39301 11532 11533 11541
39302 16683 16692 16684
39303 16677 16742 16734
39304 11535 11526 11527
39305 16736 16727 16735
39306 11474 11465 11466
39307 11457 11466 11465
39308 11481 11490 11482
39309 16693 16684 16692
39310 11487 11488 11496
39311 11475 11466 11474
39312 16669 16734 16726
39313 11518 11526 11517
39314 16728 16737 16729
39315 16743 16734 16742
39316 11527 11526 11518
39317 11526 11525 11517
39318 11517 11525 11516
39319 11541 11540 11532
39320 11543 11534 11535
39321 11848 11857 11856
39322 11467 11532 11475
39323 11524 11532 11467
39324 16745 16736 16744
39325 11540 11548 11549
39326 16752 16743 16751
39327 11475 11540 11483
39328 11532 11540 11475
39329 12317 12326 12318
39330 16742 16751 16743
39331 16753 16744 16752
39332 16759 16750 16758
39333 11542 11550 11541
39334 11540 11548 11483
39335 11556 11557 11909
39336 11497 11850 11849
39337 11551 11550 11542
39338 16761 16752 16760
39339 17121 17112 17120
39340 16759 17112 16760
39341 16760 16751 16759
39342 11940 11949 11948
39343 17521 17168 17520
39344 11559 11558 11911
39345 11911 11910 11558
39346 17076 17067 17075
39347 17111 17120 17112
39348 11499 11490 11491
39349 11908 11851 11499
39350 16700 17053 16701
39351 11855 11847 11846
39352 16989 17054 17046
39353 11497 11498 11850
39354 11454 11462 11453
39355 11487 11479 11478
39356 11847 11495 11848
39357 16697 17050 16698
39358 16699 17052 16700
39359 17073 17064 17072
39360 11495 11496 11848
39361 11489 11498 11497
39362 11489 11490 11498
39363 11498 11851 11850
39364 16700 16691 16699
39365 11476 11411 11419
39366 11848 11849 11857
39367 17118 17053 17061
39368 17049 17058 17050
39369 11484 11492 11427
39370 16698 16689 16697
39371 11480 11471 11472
39372 16680 16689 16681
39373 11463 11471 11462
39374 11494 11486 11495
39375 11480 11472 11481
39376 11410 11411 11419
39377 11848 11496 11849
39378 11497 11849 11496
39379 17051 16698 17050
39380 11847 11494 11495
39381 11847 11846 11494
39382 11487 11478 11486
39383 11486 11477 11478
39384 16696 17049 16697
39385 11427 11419 11484
39386 11486 11485 11477
39387 16697 16688 16696
39388 16681 16690 16682
39389 11487 11479 11488
39390 11489 11480 11488
39391 11481 11480 11489
39392 16666 16675 16667
39393 11463 11462 11454
39394 16682 16691 16683
39395 11456 11465 11464
39396 11456 11464 11455
39397 11479 11478 11470
39398 11479 11470 11471
39399 16681 16672 16680
39400 11395 11460 11403
39401 11478 11477 11469
39402 11463 11455 11464
39403 16678 16613 16621
39404 11470 11462 11471
39405 11473 11464 11472
39406 11465 11464 11473
39407 11469 11460 11461
39408 11453 11461 11462
39409 11484 11492 11493
39410 11435 11492 11844
39411 16672 16663 16671
39412 11452 11460 11395
39413 16670 16679 16671
39414 11477 11468 11476
39415 11469 11477 11468
39416 11468 11460 11469
39417 16671 16662 16670
39418 11476 11485 11477
39419 16694 17047 16695
39420 16629 16694 16686
39421 16696 16687 16695
39422 11418 11427 11426
39423 11418 11419 11427
39424 11485 11493 11484
39425 17054 17063 17055
39426 11494 11846 11493
39427 11494 11493 11485
39428 16695 17048 16696
39429 11869 11868 11860
39430 11427 11435 11426
39431 11434 11426 11435
39432 11858 11859 11867
39433 17055 17046 17054
39434 11845 11492 11493
39435 11844 11492 11845
39436 11868 11869 11877
39437 12910 12918 12909
39438 17011 17020 17012
39439 11784 11792 11783
39440 11884 11819 11876
39441 11876 11877 11868
39442 17005 16996 17004
39443 11896 11905 11897
39444 17071 17062 17070
39445 11852 11844 11853
39446 11861 11862 11853
39447 17028 17019 17027
39448 17078 17013 17021
39449 12211 12202 12203
39450 11842 12194 11841
39451 11884 11892 11893
39452 11868 11876 11811
39453 11786 11794 11795
39454 11819 11884 11827
39455 11862 11863 11871
39456 11801 11809 11800
39457 17102 17037 17045
39458 11876 11885 11877
39459 17034 17043 17035
39460 11832 11833 11841
39461 11811 11876 11819
39462 17086 17021 17029
39463 17094 17029 17037
39464 11819 11818 11810
39465 12193 12192 11840
39466 17087 17096 17088
39467 11902 11903 12255
39468 11895 11887 11896
39469 11894 11895 11903
39470 17090 17099 17091
39471 11906 12258 12259
39472 11886 11878 11887
39473 17097 17088 17096
39474 17080 17089 17081
39475 11845 11854 11853
39476 11869 11870 11861
39477 11885 11894 11886
39478 11893 11894 11885
39479 11845 11846 11854
39480 11870 11871 11879
39481 17090 17081 17089
39482 11863 11864 11872
39483 15992 16001 16000
39484 11878 11870 11879
39485 11855 11864 11863
39486 17134 17069 17077
39487 17068 17077 17069
39488 17056 17065 17057
39489 17537 17528 17536
39490 11862 11853 11854
39491 17072 17081 17073
39492 11866 11865 11857
39493 11870 11861 11862
39494 11875 11883 11874
39495 17074 17083 17075
39496 11891 11882 11883
39497 11879 11871 11880
39498 17128 17119 17127
39499 11857 11849 11858
39500 17067 17058 17066
39501 11847 11856 11848
39502 11855 11856 11847
39503 11863 11854 11855
39504 11862 11854 11863
39505 11856 11865 11864
39506 17158 17093 17101
39507 11873 11865 11874
39508 17146 17155 17147
39509 11936 11945 11944
39510 11857 11865 11856
39511 11866 11874 11865
39512 11889 11890 11898
39513 17085 17076 17084
39514 11867 11875 11866
39515 11925 11934 11933
39516 17126 17135 17127
39517 17143 17152 17144
39518 11948 11891 11883
39519 11859 11916 11924
39520 11864 11873 11865
39521 11872 11873 11864
39522 11874 11883 11882
39523 11935 11944 11936
39524 11956 11899 11891
39525 11859 11924 11867
39526 11873 11881 11872
39527 17162 17153 17161
39528 11961 11970 11969
39529 17127 17136 17128
39530 17527 17518 17526
39531 17134 17143 17135
39532 11896 11888 11897
39533 11917 11916 11908
39534 17127 17118 17126
39535 16142 16077 16134
39536 11917 11909 11918
39537 11917 11918 11926
39538 11957 11966 11958
39539 11908 11916 11851
39540 17135 17144 17136
39541 11925 11933 11924
39542 11909 11918 11910
39543 11949 11957 11948
39544 17120 17129 17121
39545 11952 11944 11943
39546 17566 17501 17509
39547 11882 11890 11881
39548 11883 11940 11875
39549 11875 11940 11932
39550 11888 11889 11897
39551 11872 11881 11880
39552 17109 17100 17108
39553 12258 11905 11906
39554 17159 17168 17160
39555 11948 11883 11940
39556 17142 17151 17143
39557 11957 11949 11958
39558 11941 11940 11932
39559 11966 11965 12318
39560 12326 12325 12317
39561 11948 11956 11957
39562 17167 17158 17166
39563 17160 17169 17161
39564 11966 11965 11957
39565 12257 12258 12266
39566 12010 12018 12009
39567 11956 11891 11948
39568 17092 17101 17093
39569 12344 12343 12335
39570 17469 17534 17526
39571 11881 11889 11880
39572 17985 17976 17977
39573 17526 17461 17469
39574 12326 12334 12325
39575 11899 11907 11898
39576 17520 17529 17521
39577 11899 11890 11891
39578 11898 11890 11899
39579 17461 17108 17460
39580 12253 12262 12261
39581 12344 12335 12336
39582 12282 12290 12281
39583 17467 17476 17468
39584 12258 12257 11905
39585 17107 17460 17108
39586 12265 12257 12266
39587 12254 12263 12262
39588 17544 17535 17543
39589 17556 17565 17557
39590 17559 17550 17558
39591 12322 11969 11970
39592 12328 12327 12319
39593 11959 11967 11958
39594 12341 12332 12333
39595 16760 16751 16752
39596 12259 12324 12267
39597 12316 12324 12259
39598 17536 17545 17537
39599 12316 11907 11964
39600 11899 11964 11907
39601 12326 12335 12334
39602 11899 11956 11964
39603 12327 12336 12335
39604 17166 17519 17167
39605 12318 12317 11965
39606 17520 17167 17519
39607 12340 12283 12275
39608 12341 12333 12342
39609 12334 12342 12333
39610 17568 17559 17567
39611 12375 12366 12367
39612 12282 12274 12283
39613 12356 12299 12291
39614 12272 12280 12281
39615 12365 12357 12366
39616 12350 12342 12351
39617 17560 17551 17559
39618 12341 12350 12349
39619 12272 12281 12273
39620 12340 12348 12349
39621 17543 17552 17544
39622 12297 12306 12305
39623 17491 17500 17492
39624 17481 17490 17482
39625 12313 12666 12665
39626 17567 17576 17568
39627 17562 17553 17561
39628 17475 17484 17476
39629 12283 12291 12282
39630 12267 12275 12332
39631 17487 17496 17488
39632 17493 17484 17492
39633 12267 12275 12266
39634 12281 12289 12290
39635 12288 12296 12287
39636 17477 17542 17534
39637 17485 17550 17542
39638 12348 12291 12283
39639 17493 17558 17550
39640 12356 12291 12348
39641 12313 12314 12666
39642 12314 12305 12306
39643 17509 17500 17508
39644 17575 17566 17574
39645 17490 17499 17491
39646 12288 12279 12280
39647 17481 17472 17480
39648 17508 17499 17507
39649 12289 12297 12288
39650 12260 12203 12195
39651 17504 17495 17503
39652 17453 17862 17510
39653 17513 17504 17512
39654 12288 12297 12296
39655 12667 12315 12314
39656 12278 12277 12286
39657 17507 17498 17506
39658 12312 12664 12311
39659 12312 12665 12664
39660 12301 12293 12302
39661 17886 17821 17829
39662 12613 12622 12614
39663 12294 12302 12293
39664 12210 12202 12211
39665 17471 17480 17472
39666 17867 17514 17866
39667 12287 12295 12296
39668 12235 12292 12300
39669 12292 12301 12300
39670 12286 12287 12295
39671 17890 17899 17891
39672 12235 12300 12243
39673 12227 12284 12292
39674 12309 12300 12301
39675 17503 17512 17504
39676 12227 12235 12226
39677 12285 12276 12277
39678 17479 17488 17480
39679 12268 12211 12276
39680 12286 12277 12285
39681 17503 17494 17502
39682 12292 12284 12293
39683 12285 12293 12284
39684 17472 17463 17471
39685 17470 17405 17413
39686 17478 17413 17421
39687 12193 11841 12194
39688 17455 17102 17454
39689 11820 11829 11828
39690 12225 12217 12216
39691 17421 17486 17478
39692 12218 12217 12209
39693 12202 12203 12194
39694 12277 12269 12278
39695 12253 11900 11901
39696 17471 17462 17470
39697 17455 17464 17456
39698 12253 12254 11901
39699 12195 12252 12260
39700 11895 11904 11903
39701 12269 12261 12270
39702 19625 19634 19633
39703 11892 11900 11835
39704 11892 11893 11901
39705 11892 11900 11901
39706 14261 12011 14269
39707 17459 17106 17458
39708 11843 12252 12195
39709 11900 12252 11843
39710 17411 17402 17410
39711 11821 11813 11822
39712 17332 17341 17333
39713 12260 12252 12261
39714 17454 17463 17455
39715 11902 12255 12254
39716 12263 12255 12254
39717 12270 12262 12271
39718 17466 17457 17465
39719 17104 17457 17105
39720 12261 12262 12270
39721 12254 12262 12253
39722 17467 17458 17466
39723 12255 12264 12263
39724 12272 12263 12264
39725 17475 17466 17474
39726 6478 6469 6470
39727 12256 11904 12257
39728 11905 12257 11904
39729 12265 12264 12273
39730 12273 12272 12264
39731 12025 12017 12026
39732 12009 12008 12000
39733 6141 6132 6133
39734 12033 12386 12385
39735 17228 17219 17227
39736 11979 11987 11978
39737 11973 11982 11974
39738 17209 17218 17210
39739 12010 12019 12018
39740 12394 12386 12395
39741 17228 17237 17229
39742 11976 11985 11977
39743 18579 18588 18587
39744 19471 17213 17221
39745 12027 12018 12019
39746 12026 12018 12027
39747 17208 17217 17209
39748 12024 12016 12025
39749 17187 17196 17188
39750 11976 11984 11985
39751 12029 12030 12382
39752 12023 12022 12014
39753 11938 11929 11930
39754 11985 11993 11984
39755 12010 12002 12011
39756 19443 19452 19451
39757 11979 14237 11987
39758 11995 11987 11986
39759 14245 11995 11987
39760 14237 11987 14245
39761 17196 17205 17197
39762 17205 19463 19455
39763 12011 12003 14261
39764 14253 14261 12003
39765 17185 17194 17186
39766 11999 11991 11990
39767 11992 11984 11993
39768 11983 11991 11992
39769 11993 11992 12001
39770 12381 12390 12389
39771 12015 12024 12023
39772 17200 17209 17201
39773 11982 11991 11990
39774 17201 17192 17200
39775 11996 11997 12005
39776 12381 12382 12390
39777 12017 12025 12016
39778 11973 11981 11972
39779 17140 17131 17139
39780 11999 11991 12000
39781 17193 17202 17194
39782 11999 12008 12007
39783 12006 12014 12015
39784 12015 12016 12024
39785 12031 12023 12032
39786 17234 17225 17233
39787 17235 17226 17234
39788 12397 12406 12405
39789 17222 17157 17165
39790 12390 12382 12391
39791 17225 17216 17224
39792 12012 11947 12004
39793 17601 17592 17600
39794 11999 12000 12008
39795 12014 12022 12013
39796 12016 12008 12017
39797 17219 17210 17218
39798 17591 17582 17590
39799 11998 11997 11989
39800 17208 17199 17207
39801 11970 11971 12323
39802 17206 17215 17207
39803 11944 11953 11952
39804 11955 12020 11963
39805 12020 12012 12021
39806 11914 11923 11915
39807 11915 11923 11980
39808 17231 17222 17230
39809 12006 12005 11997
39810 17190 17125 17133
39811 17973 18038 17981
39812 11972 11980 11915
39813 12391 12399 12400
39814 11982 11981 11973
39815 11947 11938 11939
39816 11914 11922 11923
39817 17198 17207 17199
39818 12004 11996 12005
39819 11996 12004 11939
39820 11947 11939 12004
39821 17133 17124 17132
39822 17141 17206 17198
39823 17138 17129 17137
39824 11929 11937 11928
39825 11919 11928 11920
39826 17132 17123 17131
39827 11990 11981 11982
39828 11990 11989 11981
39829 17192 17183 17191
39830 11961 11960 11952
39831 17149 17140 17148
39832 11921 11922 11930
39833 11921 11920 11929
39834 11921 11913 11922
39835 11914 11922 11913
39836 11939 11930 11938
39837 11931 11930 11939
39838 11930 11922 11931
39839 11921 11930 11929
39840 17132 17141 17133
39841 11951 11942 11943
39842 17137 17146 17138
39843 11955 11946 11947
39844 17171 17524 17172
39845 11927 11935 11926
39846 11934 11926 11935
39847 11942 11951 11950
39848 11951 11952 11960
39849 11946 11954 11945
39850 17312 17303 17304
39851 11952 11943 11951
39852 11942 11934 11943
39853 11935 11943 11934
39854 11937 11946 11938
39855 11945 11946 11937
39856 11947 11946 11938
39857 17164 17155 17163
39858 11953 11961 11952
39859 17156 17165 17157
39860 11963 11954 11955
39861 11963 11962 11954
39862 12380 12388 12323
39863 12353 12345 12354
39864 11953 11962 11961
39865 17554 17545 17553
39866 17172 17163 17171
39867 11960 11961 11969
39868 11968 11969 12321
39869 11966 11967 12319
39870 12344 12352 12343
39871 17522 17169 17521
39872 17540 17531 17539
39873 17541 17532 17540
39874 11960 11969 11968
39875 17524 17533 17525
39876 17173 17582 17230
39877 17992 17639 17991
39878 12320 12328 12319
39879 17570 17561 17569
39880 12359 12368 12367
39881 12320 11968 12321
39882 12401 12400 12392
39883 12351 12343 12352
39884 12321 12329 12320
39885 12318 12327 12326
39886 12335 12327 12326
39887 17538 17529 17537
39888 17946 17937 17945
39889 12369 12377 12368
39890 17578 17931 17579
39891 17546 17555 17547
39892 12353 12354 12362
39893 12328 12336 12327
39894 12350 12359 12358
39895 12360 12361 12352
39896 12731 12379 12788
39897 9660 9669 9668
39898 17590 17525 17533
39899 17549 17540 17548
39900 17554 17563 17555
39901 12813 12805 12814
39902 17564 17573 17565
39903 12337 12346 12345
39904 12329 12338 12330
39905 17565 17630 17622
39906 12329 12337 12338
39907 12336 12345 12344
39908 12329 12337 12328
39909 12729 12376 12377
39910 12361 12353 12362
39911 12339 12347 12338
39912 12344 12345 12353
39913 17564 17555 17563
39914 12361 12352 12353
39915 17548 17539 17547
39916 17541 17606 17598
39917 17435 17444 17443
39918 12405 12396 12397
39919 12431 12430 12439
39920 17635 17626 17634
39921 12815 12807 12816
39922 12825 12826 12834
39923 17623 17632 17624
39924 17623 17614 17622
39925 12413 12412 12421
39926 12421 12420 12412
39927 12413 12405 12404
39928 12323 12331 12322
39929 17616 17625 17617
39930 17616 17607 17615
39931 12408 12416 12407
39932 12390 12398 12389
39933 12021 12022 12030
39934 12384 12392 12383
39935 12322 12323 11970
39936 12020 12029 12021
39937 12021 12030 12029
39938 12028 12020 12029
39939 12330 12331 12339
39940 11971 12028 12380
39941 12380 12028 12381
39942 12020 12028 11963
39943 11971 11963 12028
39944 17583 17230 17582
39945 17585 17232 17584
39946 17584 17231 17583
39947 17590 17599 17591
39948 12032 12384 12031
39949 12391 12383 12392
39950 12397 12388 12389
39951 12396 12388 12397
39952 12396 12339 12331
39953 8130 8139 8138
39954 17234 17587 17235
39955 14285 14637 12035
39956 12031 12383 12030
39957 12420 12428 12363
39958 12391 12382 12383
39959 17594 17603 17595
39960 12402 12401 12393
39961 17594 17585 17593
39962 12030 12383 12382
39963 12024 12032 12023
39964 12414 12423 12422
39965 12815 12824 12823
39966 12410 12411 12402
39967 17602 17593 17601
39968 12384 12383 12031
39969 12414 12422 12413
39970 17608 17617 17609
39971 18206 13003 18205
39972 12405 12414 12413
39973 17620 17611 17619
39974 12398 12390 12399
39975 17633 17624 17632
39976 12806 12814 12805
39977 12799 12791 12800
39978 12425 12426 12434
39979 17610 17601 17609
39980 12400 12401 12409
39981 12408 12409 12400
39982 12391 12399 12390
39983 12392 12400 12391
39984 17627 17618 17626
39985 12398 12407 12406
39986 14685 12427 14677
39987 12416 12408 12417
39988 17619 17610 17618
39989 12408 12399 12400
39990 12407 12399 12408
39991 12439 12791 12438
39992 12386 12387 12395
39993 17621 17612 17620
39994 12424 12425 12433
39995 12402 12411 12403
39996 17605 19863 19855
39997 12403 12394 12395
39998 17589 17236 17588
39999 12033 12025 12034
40000 17629 17620 17628
40001 12419 12418 12427
40002 12427 12426 12418
40003 19871 17613 17621
40004 14669 12411 12419
40005 14661 14669 12411
40006 16170 16179 16178
40007 20248 19895 19896
40008 17589 19847 19839
40009 12387 12035 14637
40010 12384 12393 12392
40011 12403 12395 14653
40012 14645 14653 12395
40013 12024 12033 12032
40014 12401 12393 12392
40015 19855 17597 17605
40016 12026 12034 12025
40017 12027 12035 12026
40018 14645 12387 14637
40019 12395 12387 14645
40020 18004 18013 18005
40021 18011 18020 18012
40022 12810 12818 12809
40023 12819 12811 12810
40024 20255 17997 18005
40025 18005 17996 18004
40026 15045 12795 15053
40027 12422 12423 12431
40028 12802 12794 12803
40029 10114 10105 10106
40030 15061 12811 12803
40031 18005 20263 20255
40032 12424 12432 12423
40033 17643 17996 17644
40034 18025 18034 18026
40035 12982 12983 12845
40036 15069 12811 12819
40037 15061 15069 12811
40038 18013 20271 20263
40039 18029 18020 18028
40040 12984 12846 12847
40041 18012 18003 18011
40042 17630 17639 17631
40043 12307 12364 12372
40044 12789 12437 12790
40045 12434 12435 12443
40046 17633 17642 17634
40047 12799 12800 12808
40048 12421 12430 12422
40049 18004 17995 18003
40050 12794 12802 12793
40051 12801 12793 12802
40052 14685 12435 14693
40053 19895 17637 17645
40054 12795 12442 12443
40055 12794 12442 12795
40056 12793 12792 12440
40057 12424 12433 12432
40058 17643 17634 17642
40059 17632 17641 17633
40060 12807 12798 12799
40061 12755 12747 12812
40062 12729 12737 12728
40063 12829 12837 12838
40064 12745 12754 12753
40065 12798 12790 12799
40066 12432 12440 12431
40067 12428 12429 12437
40068 13001 18204 18203
40069 12791 12799 12790
40070 12767 12759 12768
40071 17992 18001 17993
40072 12816 12824 12815
40073 12817 12816 12808
40074 12439 12431 12440
40075 18008 18017 18009
40076 12816 12807 12808
40077 12815 12806 12807
40078 12438 12790 12437
40079 12428 12436 12371
40080 18000 18009 18001
40081 18002 18011 18003
40082 12809 12800 12801
40083 12809 12808 12800
40084 12739 12731 12796
40085 12751 12752 12760
40086 12798 12806 12797
40087 17933 17580 17932
40088 12788 12796 12731
40089 12438 12429 12430
40090 12361 12369 12370
40091 17941 18006 17998
40092 12363 12371 12362
40093 12379 12370 12371
40094 12378 12370 12379
40095 12731 12739 12730
40096 17947 17956 17948
40097 12746 12754 12745
40098 17852 17861 17860
40099 18016 18007 18015
40100 12368 12377 12376
40101 17998 18007 17999
40102 12805 12804 12796
40103 12805 12796 12797
40104 12436 12428 12437
40105 12991 12999 12990
40106 12359 12360 12368
40107 12798 12789 12790
40108 12797 12789 12798
40109 12772 12764 12707
40110 17640 17631 17639
40111 12437 12429 12438
40112 12738 12737 12729
40113 17991 17638 17990
40114 12420 12429 12421
40115 12376 12729 12728
40116 12375 12376 12728
40117 12361 12370 12362
40118 12363 12371 12428
40119 17638 17573 17581
40120 12370 12378 12369
40121 12729 12377 12730
40122 17572 17581 17573
40123 12667 12724 12315
40124 12369 12368 12360
40125 12730 12378 12731
40126 17940 17931 17939
40127 17580 17571 17579
40128 12375 12728 12727
40129 12358 12367 12359
40130 17569 17578 17570
40131 12737 12746 12745
40132 12377 12369 12378
40133 12367 12376 12368
40134 12373 12726 12725
40135 12356 12365 12357
40136 12367 12375 12376
40137 8679 8670 8671
40138 12315 12724 12372
40139 17955 17964 17956
40140 17577 17930 17578
40141 17929 17938 17930
40142 12373 12364 12365
40143 12727 12726 12735
40144 12737 12745 12736
40145 12740 12675 12732
40146 17938 17947 17939
40147 12735 12727 12736
40148 12728 12736 12727
40149 12730 12738 12729
40150 17957 17948 17956
40151 12747 12738 12739
40152 12730 12739 12738
40153 17940 17949 17941
40154 18145 18154 18146
40155 12751 12750 12742
40156 12765 12757 12756
40157 12747 12746 12738
40158 12752 12751 12743
40159 12840 12849 12848
40160 12969 12970 12978
40161 17987 17978 17986
40162 17981 18046 18038
40163 12964 12989 12981
40164 17952 17943 17951
40165 12666 12667 12675
40166 17953 17962 17954
40167 17961 17970 17962
40168 12773 12781 12772
40169 12760 12759 12751
40170 17981 17972 17973
40171 12971 12963 12972
40172 12769 12761 12770
40173 17964 17973 17965
40174 17977 17968 17969
40175 17971 17962 17970
40176 17972 17963 17971
40177 12760 12752 12761
40178 12753 12761 12752
40179 12753 12762 12754
40180 12761 12753 12762
40181 12760 12768 12769
40182 12778 12770 12769
40183 12767 12768 12776
40184 12778 12777 12786
40185 17988 17979 17987
40186 16543 16534 16535
40187 17977 17986 17978
40188 12756 12748 12757
40189 12776 12768 12777
40190 12937 12720 12938
40191 12953 18156 18155
40192 18165 17987 18164
40193 18163 18172 18164
40194 12784 12962 12961
40195 17986 18164 17987
40196 12783 12784 12961
40197 12828 12829 12837
40198 12775 12784 12783
40199 12962 12785 12963
40200 12963 12785 12786
40201 17989 18183 18046
40202 12776 12784 12775
40203 12956 12947 12948
40204 12777 12785 12776
40205 18206 13003 13004
40206 13003 13004 12995
40207 7355 7364 7363
40208 12778 12779 12787
40209 18047 18038 18046
40210 12771 12763 12828
40211 12762 12763 12771
40212 12755 12763 12820
40213 18192 18183 18191
40214 12981 12982 12990
40215 18039 18048 18040
40216 12845 12836 12837
40217 18039 18030 18038
40218 12755 12763 12754
40219 18031 18022 18030
40220 12770 12779 12778
40221 12771 12779 12770
40222 12836 12779 12771
40223 12845 12844 12836
40224 12787 12779 12844
40225 18023 18032 18024
40226 12831 12830 12822
40227 12822 12814 12823
40228 18033 18042 18034
40229 12821 12830 12829
40230 12822 12830 12821
40231 12831 12823 12822
40232 12838 12829 12830
40233 18051 18042 18050
40234 12847 12839 12848
40235 18186 18048 18185
40236 12835 15093 12843
40237 12981 12990 12989
40238 18182 12979 12980
40239 12979 12980 12971
40240 18024 18033 18032
40241 18188 18050 18187
40242 12843 12834 12835
40243 12994 12986 12995
40244 12963 12972 12964
40245 18186 18195 18187
40246 12983 12846 12984
40247 12988 15461 12996
40248 12994 12995 13003
40249 12848 12985 12847
40250 12984 12847 12985
40251 18187 18196 18188
40252 18189 18198 18190
40253 18053 20655 20303
40254 18036 18045 18037
40255 12840 12841 12849
40256 12989 12990 12998
40257 12850 12988 12987
40258 12833 12842 12841
40259 18037 18028 18036
40260 12850 12841 12842
40261 15093 15101 12843
40262 12843 12842 12834
40263 18200 12997 12998
40264 12997 12998 12989
40265 12832 12824 12833
40266 12835 12827 12826
40267 12834 12842 12833
40268 12996 13004 12995
40269 15085 15093 12835
40270 20295 18037 18045
40271 12987 12995 12986
40272 12819 12827 15077
40273 12818 12819 12827
40274 18027 18036 18028
40275 12985 12994 12986
40276 18029 20287 20279
40277 12835 12827 15085
40278 15077 15085 12827
40279 12972 12964 12989
40280 13002 18205 18204
40281 12966 12967 12975
40282 12987 12995 12996
40283 18196 18205 18197
40284 12992 12991 13000
40285 12983 12991 12982
40286 18202 12999 13000
40287 12999 13000 12991
40288 18154 12951 12952
40289 12951 12952 12943
40290 12983 12992 12991
40291 18193 18202 18194
40292 18168 18177 18169
40293 12947 12946 12938
40294 18177 12974 12975
40295 12974 12975 12966
40296 12714 12715 12723
40297 18180 12977 12978
40298 12977 12978 12969
40299 18171 18180 18172
40300 12950 18153 18152
40301 12946 12937 12938
40302 18179 18170 18178
40303 18156 18147 18155
40304 18158 12955 12956
40305 12955 12956 12947
40306 18158 18149 18157
40307 12955 12946 12947
40308 12954 18157 18156
40309 18157 18148 18156
40310 12943 12944 12952
40311 12937 12719 12720
40312 18144 18153 18145
40313 12944 12943 12935
40314 12635 12692 12700
40315 12916 12924 12941
40316 12932 12923 12924
40317 18151 12932 12949
40318 12932 12949 12924
40319 12926 12917 12918
40320 12314 12306 12315
40321 12713 12712 12721
40322 12309 12662 12661
40323 12756 12764 12699
40324 12695 12696 12704
40325 12601 12248 12249
40326 17883 17874 17882
40327 12616 12617 12625
40328 17512 17865 17513
40329 12303 12304 12312
40330 17200 17209 17208
40331 12714 12723 12722
40332 12671 12679 12670
40333 12680 12679 12671
40334 17882 17891 17883
40335 12780 12781 12958
40336 12688 12679 12687
40337 12311 12664 12663
40338 12293 12301 12292
40339 17889 17880 17888
40340 12676 12668 12677
40341 17835 17826 17834
40342 17887 17896 17888
40343 12603 12668 12660
40344 12632 12624 12633
40345 18135 18144 18143
40346 12635 12700 12643
40347 12611 12668 12676
40348 12695 12687 12696
40349 12617 12625 12626
40350 17871 17880 17872
40351 12630 12622 12631
40352 20280 20289 20288
40353 12623 12622 12614
40354 5537 5546 5545
40355 17870 17879 17871
40356 12678 12669 12677
40357 12670 12669 12678
40358 17515 17506 17514
40359 12235 12243 12234
40360 12247 12600 12599
40361 12302 12303 12311
40362 12669 12660 12661
40363 17872 17863 17871
40364 17805 17452 17804
40365 12309 12661 12308
40366 17511 17864 17512
40367 17927 17574 17926
40368 17864 17873 17865
40369 12301 12310 12309
40370 17514 17505 17513
40371 17926 17517 17869
40372 12302 12310 12301
40373 12311 12663 12310
40374 12309 12310 12662
40375 12311 12310 12302
40376 17866 17513 17865
40377 12689 12690 12698
40378 12295 12296 12304
40379 12295 12304 12303
40380 17507 17516 17508
40381 17516 17869 17517
40382 12311 12303 12312
40383 17868 17515 17867
40384 12305 12314 12313
40385 12305 12313 12304
40386 12315 12306 12307
40387 12312 12313 12665
40388 17574 17509 17517
40389 17875 17884 17876
40390 12314 12667 12666
40391 12665 12673 12674
40392 12664 12673 12665
40393 12375 12374 12366
40394 17958 17967 17959
40395 17928 17575 17927
40396 12307 12299 12364
40397 12375 12727 12374
40398 12307 12372 12315
40399 17568 17577 17569
40400 12365 12374 12373
40401 12358 12366 12357
40402 12373 12725 12372
40403 12748 12756 12691
40404 12742 12750 12741
40405 12735 12743 12734
40406 12725 12734 12726
40407 12666 12674 12675
40408 17937 17928 17936
40409 17935 17926 17934
40410 12765 12764 12756
40411 17953 17944 17952
40412 6607 6254 6255
40413 12735 12734 12726
40414 12724 12733 12732
40415 12680 12689 12688
40416 17952 17961 17953
40417 17945 17936 17944
40418 12751 12750 12759
40419 12725 12733 12734
40420 17943 17934 17942
40421 12714 12713 12705
40422 17950 17959 17951
40423 17960 17951 17959
40424 12740 12732 12741
40425 17891 17900 17892
40426 12681 12689 12680
40427 12734 12743 12742
40428 12741 12733 12742
40429 12672 12673 12664
40430 12751 12742 12743
40431 12718 12719 12936
40432 12667 12675 12732
40433 17942 17877 17885
40434 12675 12683 12674
40435 12672 12681 12680
40436 12698 12706 12697
40437 17892 17883 17891
40438 17958 17893 17901
40439 17916 17907 17915
40440 17901 17966 17958
40441 17950 17885 17893
40442 12740 12683 12675
40443 17915 17924 17916
40444 17968 17959 17960
40445 12686 12694 12685
40446 12702 12703 12711
40447 17896 17905 17897
40448 12748 12683 12740
40449 12691 12683 12748
40450 17929 17938 17937
40451 12782 12959 12781
40452 17917 17908 17916
40453 12691 12699 12690
40454 17908 17899 17907
40455 12688 12697 12689
40456 12701 12700 12692
40457 12705 12706 12714
40458 12766 12758 12757
40459 17923 17914 17922
40460 12702 12694 12703
40461 18122 18131 18123
40462 17982 17917 17925
40463 17837 17902 17894
40464 12721 12712 12720
40465 12713 12712 12704
40466 12765 12766 12774
40467 12707 12706 12698
40468 17904 17913 17905
40469 17925 18159 17982
40470 17975 17966 17974
40471 12757 12749 12758
40472 12748 12757 12749
40473 17434 17443 17442
40474 12715 12723 12780
40475 12782 12960 12959
40476 15801 15810 15809
40477 12958 12780 12957
40478 12767 12766 12758
40479 12767 12758 12759
40480 17960 17969 17961
40481 17984 17975 17983
40482 17982 18160 17983
40483 17924 18142 17925
40484 12947 12938 12939
40485 18162 17984 18161
40486 12960 12782 12783
40487 12720 12719 12711
40488 12781 12959 12958
40489 12967 12958 12959
40490 18161 17983 18160
40491 18161 18170 18162
40492 12968 12959 12960
40493 12967 12959 12968
40494 12710 12718 12709
40495 12965 12940 12957
40496 12948 12940 12965
40497 12722 12940 12939
40498 18142 18167 18159
40499 12940 12723 12957
40500 12780 12957 12723
40501 12940 12948 12939
40502 12947 12939 12948
40503 12711 12710 12702
40504 17913 17922 17914
40505 12703 12695 12704
40506 12721 12938 12720
40507 12641 12640 12632
40508 17910 17845 17853
40509 6141 6150 6149
40510 12686 12694 12695
40511 17902 17911 17903
40512 17922 18140 17923
40513 12944 12935 12936
40514 18138 17920 18137
40515 12705 12704 12713
40516 17918 17853 17861
40517 17915 17906 17914
40518 18136 17918 18135
40519 9244 8835 8892
40520 12934 12717 12935
40521 12719 12710 12718
40522 12711 12719 12710
40523 12688 12696 12687
40524 12657 12915 12914
40525 12693 12701 12692
40526 12705 12696 12697
40527 12704 12696 12705
40528 17903 17912 17904
40529 12651 12659 12716
40530 17894 17903 17895
40531 12942 12941 12933
40532 12685 12693 12694
40533 12700 12708 12643
40534 12702 12701 12693
40535 17904 17895 17903
40536 12708 12709 12717
40537 12710 12709 12701
40538 12931 18134 18133
40539 17911 17920 17912
40540 12651 12643 12708
40541 17919 17910 17918
40542 12943 12934 12935
40543 17861 18135 17918
40544 12708 12716 12651
40545 18135 18144 18136
40546 12657 12658 12915
40547 12935 12717 12718
40548 12942 12933 12934
40549 12641 12642 12650
40550 12594 12595 12892
40551 12915 12924 12923
40552 12649 12640 12641
40553 18145 18136 18144
40554 12709 12718 12717
40555 12716 12717 12934
40556 18093 18102 18094
40557 12924 12915 12916
40558 12716 12659 12933
40559 12933 12916 12659
40560 18116 18125 18117
40561 17860 18118 17861
40562 12623 12631 12622
40563 12922 12923 12931
40564 12911 12920 12919
40565 12653 12654 12911
40566 12658 12916 12915
40567 17844 17853 17845
40568 12577 12586 12578
40569 17838 17773 17781
40570 17685 17750 17693
40571 12612 12620 12555
40572 12640 12648 12639
40573 12658 12650 12659
40574 12249 12602 12601
40575 12920 12912 12921
40576 18114 17856 18113
40577 17857 18115 17858
40578 12643 12634 12635
40579 12912 12655 12913
40580 12630 12631 12639
40581 17482 17473 17474
40582 17855 18113 17856
40583 12647 12638 12639
40584 12654 12655 12912
40585 12654 12911 12912
40586 12651 12642 12643
40587 17799 17808 17807
40588 17786 17795 17787
40589 12586 12585 12577
40590 12886 12588 12589
40591 12647 12646 12638
40592 12654 12646 12655
40593 12912 12920 12911
40594 17857 17848 17856
40595 17839 17848 17840
40596 12646 12637 12638
40597 12558 12550 12559
40598 17821 17812 17820
40599 17811 17802 17810
40600 17808 17817 17809
40601 17849 17840 17848
40602 17841 17832 17840
40603 17842 17833 17841
40604 17794 17785 17786
40605 12658 12649 12657
40606 12632 12640 12631
40607 17845 17836 17844
40608 12611 12619 12610
40609 18065 18074 18066
40610 12658 12650 12649
40611 12643 12642 12634
40612 12649 12650 12641
40613 12639 12648 12647
40614 17851 17860 17852
40615 12583 12582 12574
40616 17859 17850 17858
40617 12657 12648 12649
40618 12657 12656 12648
40619 18094 18119 18111
40620 12595 12587 12652
40621 12925 12900 12917
40622 18090 17792 18089
40623 17830 17839 17831
40624 12584 12576 12585
40625 12581 12589 12580
40626 12590 12591 12888
40627 18091 17793 18090
40628 12592 12593 12890
40629 12889 12591 12592
40630 17794 18092 17795
40631 12892 12900 12891
40632 12898 12897 12889
40633 18085 18076 18084
40634 12884 12876 12875
40635 12895 12903 12894
40636 12884 18103 18086
40637 18086 12883 12884
40638 12883 12884 12875
40639 12871 12872 12880
40640 12581 12590 12589
40641 12893 12901 12876
40642 12876 12875 12867
40643 18089 18098 18090
40644 12590 12888 12887
40645 12629 12637 12628
40646 12614 12606 12615
40647 12555 12546 12547
40648 12546 12555 12554
40649 17847 17838 17846
40650 12569 12560 12568
40651 17781 17772 17780
40652 12591 12583 12592
40653 12544 12552 12553
40654 17846 17855 17847
40655 12652 12644 12653
40656 12645 12653 12644
40657 17822 17757 17765
40658 12636 12571 12628
40659 12579 12571 12636
40660 12546 12537 12538
40661 12592 12584 12593
40662 12572 12515 12507
40663 12612 12604 12613
40664 17814 17823 17815
40665 12566 12557 12558
40666 16855 16864 16863
40667 17771 17780 17772
40668 17764 17755 17763
40669 12591 12582 12583
40670 12569 12561 12560
40671 12566 12558 12567
40672 12577 12568 12576
40673 17761 17770 17762
40674 12553 12562 12561
40675 17787 17778 17786
40676 17779 17770 17778
40677 12567 12575 12566
40678 17785 17776 17784
40679 12576 12567 12568
40680 12584 12592 12583
40681 17778 17769 17777
40682 17777 17768 17776
40683 17720 17711 17719
40684 12613 12621 12612
40685 17384 17737 17385
40686 12568 12560 12559
40687 12523 12531 12522
40688 12553 12544 12545
40689 17744 17753 17745
40690 17382 17735 17383
40691 17763 17772 17764
40692 12534 12533 12181
40693 12609 12608 12617
40694 12601 12602 12610
40695 12542 12533 12534
40696 12074 12082 12083
40697 12547 12612 12604
40698 17758 17693 17701
40699 12461 12516 12508
40700 17762 17771 17763
40701 12552 12560 12551
40702 12569 12561 12570
40703 17446 17381 17389
40704 12571 12563 12628
40705 17740 17387 17739
40706 12546 12554 12545
40707 12621 12622 12630
40708 12562 12554 12553
40709 17830 17765 17773
40710 12571 12562 12563
40711 12176 12177 12185
40712 12566 12565 12557
40713 12182 12535 12534
40714 12537 12536 12545
40715 12160 12159 12151
40716 17756 17765 17757
40717 12563 12554 12555
40718 12563 12562 12554
40719 8281 8290 8289
40720 12187 12596 12539
40721 17806 17741 17749
40722 12536 12535 12183
40723 12247 12246 12238
40724 17749 17740 17748
40725 12604 12539 12547
40726 12213 12221 12222
40727 17447 17438 17446
40728 12539 12596 12604
40729 12184 12537 12536
40730 17389 17798 17446
40731 12545 12544 12536
40732 12184 12183 12536
40733 17389 17380 17388
40734 12179 12187 12178
40735 12244 12597 12596
40736 12139 12147 12204
40737 12244 12236 12245
40738 12228 12171 12163
40739 17738 17385 17737
40740 17386 17739 17387
40741 12123 12180 12532
40742 17738 17747 17739
40743 12184 12175 12176
40744 17378 17387 17379
40745 12186 12177 12178
40746 12185 12177 12186
40747 17388 17379 17387
40748 12204 12212 12147
40749 12174 12183 12182
40750 12156 12148 12157
40751 12166 12175 12174
40752 17385 17376 17384
40753 12111 12103 12112
40754 17736 17745 17737
40755 12165 12174 12173
40756 12181 12172 12173
40757 12543 12542 12534
40758 12543 12534 12535
40759 12617 12618 12609
40760 12617 12608 12616
40761 17448 17439 17447
40762 17827 17818 17826
40763 12627 12626 12618
40764 17824 17833 17825
40765 12598 12599 12607
40766 17819 17810 17818
40767 12599 12600 12608
40768 12596 12597 12605
40769 12250 12602 12249
40770 12612 12621 12620
40771 12607 12599 12608
40772 12606 12614 12605
40773 12621 12613 12622
40774 17809 17818 17810
40775 17801 17448 17800
40776 12251 12250 12242
40777 12236 12237 12245
40778 12616 12615 12607
40779 12624 12632 12623
40780 12631 12623 12632
40781 12614 12615 12623
40782 12607 12615 12606
40783 12624 12615 12616
40784 12623 12615 12624
40785 17826 17817 17825
40786 12192 12191 11839
40787 17802 17449 17801
40788 12599 12598 12246
40789 17800 17809 17801
40790 12171 12170 12162
40791 12245 12246 12237
40792 12237 12246 12238
40793 12220 12229 12228
40794 12598 12597 12245
40795 12243 12242 12234
40796 12240 12241 12249
40797 12244 12245 12597
40798 17453 17444 17452
40799 11778 12130 11777
40800 17450 17441 17449
40801 12238 12239 12247
40802 12226 12225 12234
40803 17731 17722 17723
40804 17410 17419 17411
40805 17434 17443 17435
40806 17451 17442 17450
40807 12239 12248 12247
40808 12240 12248 12239
40809 12241 12249 12250
40810 17803 17812 17804
40811 17813 17804 17812
40812 12240 12249 12248
40813 17451 17804 17452
40814 12250 12603 12602
40815 12601 12609 12600
40816 12611 12602 12603
40817 12610 12602 12611
40818 12223 12222 12214
40819 12219 12218 12210
40820 17435 17426 17434
40821 12234 12233 12242
40822 12242 12241 12233
40823 11832 11824 11833
40824 17435 17444 17436
40825 12212 12220 12221
40826 12209 12217 12208
40827 12233 12232 12224
40828 12205 12206 12214
40829 17348 17357 17349
40830 17436 17427 17435
40831 11826 11834 11825
40832 12233 12224 12225
40833 12191 12190 11838
40834 12190 12198 12189
40835 17425 17434 17426
40836 11840 12192 11839
40837 12218 12226 12217
40838 12195 11842 11843
40839 12216 12215 12207
40840 17408 17399 17407
40841 12210 12201 12209
40842 12202 12201 12210
40843 16965 16956 16964
40844 17403 17412 17404
40845 17399 17390 17398
40846 17395 17042 17394
40847 12224 12215 12216
40848 12201 12200 12192
40849 17397 17044 17396
40850 17807 17798 17799
40851 11829 11820 11821
40852 17396 17043 17395
40853 17400 17391 17399
40854 12189 12198 12197
40855 12208 12199 12200
40856 12200 12199 12191
40857 12201 12209 12200
40858 12208 12200 12209
40859 17401 17410 17402
40860 11824 11816 11825
40861 11836 12188 11779
40862 17033 17024 17032
40863 17393 17040 17392
40864 11825 11817 11826
40865 11809 11817 11818
40866 11807 11815 11816
40867 17400 17409 17401
40868 17416 17407 17415
40869 12232 12231 12223
40870 17415 17424 17416
40871 12214 12223 12215
40872 12197 12206 12198
40873 12216 12207 12208
40874 12224 12223 12215
40875 12205 12197 12206
40876 17408 17417 17409
40877 12215 12214 12206
40878 12215 12206 12207
40879 12232 12223 12224
40880 12239 12230 12231
40881 12223 12231 12222
40882 12228 12236 12171
40883 12232 12240 12231
40884 12239 12231 12240
40885 12236 12171 12179
40886 12238 12229 12230
40887 12237 12229 12238
40888 17431 17440 17432
40889 12229 12237 12228
40890 12178 12170 12179
40891 17414 17349 17357
40892 12221 12229 12220
40893 12236 12228 12237
40894 17156 17165 17164
40895 17365 17356 17364
40896 12133 12141 12132
40897 12134 12126 12135
40898 17362 17371 17363
40899 17371 17380 17372
40900 12146 12155 12154
40901 12145 12153 12144
40902 12171 12162 12163
40903 12138 12147 12139
40904 17364 17373 17365
40905 12163 12154 12162
40906 12126 12127 12135
40907 11768 11769 11777
40908 17374 17383 17375
40909 12156 12165 12164
40910 12134 12135 12143
40911 5542 5551 5550
40912 12129 12130 12138
40913 12074 12082 12073
40914 12091 12082 12083
40915 12159 12150 12158
40916 17346 17337 17345
40917 17269 17334 17326
40918 17369 17360 17368
40919 12109 12117 12108
40920 12137 12145 12136
40921 17347 17338 17346
40922 17335 17344 17336
40923 16949 17014 17006
40924 12151 12159 12150
40925 18692 18701 18700
40926 12153 12145 12154
40927 17355 17364 17356
40928 17356 17347 17355
40929 12091 12090 12082
40930 12132 12124 12133
40931 17354 17345 17353
40932 16998 16933 16941
40933 17348 17339 17347
40934 12127 11775 12128
40935 17346 17355 17347
40936 17362 17353 17361
40937 12142 12143 12151
40938 12146 12137 12138
40939 12145 12137 12146
40940 12125 12134 12133
40941 12074 12083 12075
40942 17352 17343 17351
40943 12135 12127 12136
40944 17331 17340 17332
40945 17336 17345 17337
40946 12128 11775 11776
40947 12149 12141 12150
40948 12137 12128 12136
40949 17330 17339 17331
40950 11770 11762 11771
40951 11776 11777 12129
40952 17032 17023 17031
40953 12128 11776 12129
40954 17331 16978 17330
40955 11759 11767 11758
40956 11745 11736 11744
40957 11765 11773 11764
40958 12189 11836 11837
40959 12126 11774 12127
40960 11772 12124 11715
40961 11707 11715 11706
40962 17415 17406 17407
40963 11729 11728 11720
40964 17391 17038 17390
40965 17398 17407 17399
40966 12197 12196 12205
40967 12205 12204 12196
40968 12196 12131 12188
40969 12197 12188 12189
40970 12196 12188 12197
40971 11753 11745 11754
40972 17333 17398 17390
40973 16960 16969 16961
40974 16941 16932 16940
40975 12131 12139 12130
40976 11727 11735 11726
40977 11779 11770 11771
40978 11778 11770 11779
40979 11759 11751 11760
40980 11768 11760 11769
40981 11745 11753 11744
40982 11750 11751 11759
40983 11828 11771 11763
40984 11762 11763 11771
40985 11752 11744 11743
40986 16981 16972 16980
40987 11746 11738 11747
40988 16939 16948 16940
40989 11755 11747 11812
40990 11820 11755 11812
40991 11776 11768 11777
40992 11766 11758 11767
40993 16964 16973 16965
40994 11754 11763 11762
40995 11758 11750 11759
40996 11767 11759 11768
40997 16954 16963 16955
40998 16961 16970 16962
40999 11737 11738 11746
41000 11777 11769 11778
41001 16971 16980 16972
41002 11761 11769 11760
41003 16970 16979 16971
41004 11750 11742 11751
41005 11718 11726 11717
41006 16978 16969 16977
41007 11674 11673 11665
41008 16971 16962 16970
41009 11767 11768 11776
41010 16947 16956 16948
41011 11770 11778 11769
41012 11760 11752 11761
41013 11775 11767 11776
41014 16962 16953 16961
41015 11770 11761 11762
41016 11769 11761 11770
41017 11747 11755 11746
41018 11804 11739 11747
41019 16963 16972 16964
41020 16964 16955 16963
41021 11752 11744 11753
41022 11736 11744 11735
41023 16940 16949 16941
41024 11726 11718 11727
41025 11742 11743 11751
41026 11761 11752 11753
41027 11728 11727 11719
41028 12038 12068 12041
41029 16961 16952 16960
41030 16959 16968 16960
41031 16928 16937 16929
41032 11696 11704 11695
41033 12090 12098 12089
41034 16950 16959 16951
41035 16941 17006 16998
41036 11682 11690 11691
41037 11740 11683 11675
41038 16885 16950 16942
41039 11682 11674 11683
41040 16957 16948 16956
41041 11719 11720 11728
41042 11719 11727 11718
41043 11736 11735 11727
41044 11667 11732 11675
41045 11680 11671 11672
41046 16938 16947 16939
41047 11733 11732 11724
41048 11717 11725 11726
41049 11717 11725 11716
41050 11735 11743 11734
41051 11742 11734 11743
41052 11663 11672 11671
41053 18806 18797 18798
41054 11731 11796 11739
41055 17015 17006 17014
41056 11813 11804 11812
41057 11800 11791 11792
41058 11730 11739 11738
41059 11754 11746 11755
41060 17001 17010 17002
41061 11827 11818 11826
41062 11722 11731 11730
41063 11722 11723 11731
41064 11793 11801 11792
41065 11798 11799 11807
41066 11796 11805 11804
41067 11830 11822 11831
41068 11782 11790 11791
41069 17000 17009 17001
41070 11799 11790 11791
41071 11791 11800 11799
41072 11781 11789 11780
41073 17003 16994 17002
41074 11790 11798 11789
41075 11819 11818 11827
41076 11802 11810 11801
41077 16995 17004 16996
41078 11816 11808 11807
41079 11803 11802 11794
41080 17004 17013 17005
41081 17002 17011 17003
41082 11784 11793 11785
41083 11792 11784 11793
41084 17003 17012 17004
41085 17020 17029 17021
41086 11792 11801 11800
41087 11811 11810 11802
41088 11799 11808 11800
41089 17021 17012 17020
41090 11811 11810 11819
41091 11800 11808 11809
41092 11840 11832 11841
41093 11816 11815 11824
41094 11808 11809 11817
41095 11821 11822 11830
41096 11806 11815 11807
41097 17032 17041 17033
41098 17026 17017 17025
41099 11827 11826 11835
41100 11825 11833 11824
41101 17040 17031 17039
41102 17036 17045 17037
41103 11834 11842 11833
41104 11843 11834 11835
41105 11842 11834 11843
41106 11837 11829 11838
41107 11841 11833 11842
41108 11837 11829 11828
41109 11806 11814 11815
41110 11814 11822 11813
41111 11829 11830 11838
41112 11840 11831 11832
41113 11840 11839 11831
41114 17033 17042 17034
41115 17016 17025 17017
41116 11822 11823 11831
41117 11814 11815 11823
41118 11832 11823 11824
41119 18129 12926 12927
41120 12926 12927 12918
41121 12927 12918 12919
41122 11831 11823 11832
41123 18129 18120 18128
41124 12897 12905 12896
41125 6554 8812 6562
41126 18128 18119 18127
41127 18124 18115 18116
41128 12459 12463 12462
41129 18084 18075 18083
41130 12883 12875 12874
41131 12889 12890 12898
41132 18084 12881 12882
41133 12881 12882 12873
41134 12890 12899 12898
41135 12464 12463 12460
41136 18098 18107 18099
41137 18109 18100 18108
41138 18067 17729 18066
41139 12907 12898 12899
41140 12906 18109 18108
41141 20728 20495 20496
41142 18080 18071 18079
41143 12887 12888 12896
41144 12888 12896 12897
41145 17731 18069 17732
41146 12901 18104 18103
41147 18104 18095 18103
41148 12885 12886 12894
41149 12856 12853 12857
41150 12869 12854 12861
41151 18073 18082 18074
41152 12462 12463 12466
41153 12528 12527 12519
41154 12467 12854 12466
41155 12521 12529 12520
41156 12466 12467 12463
41157 17659 17663 17660
41158 12036 12040 12039
41159 17650 17654 17651
41160 11639 11636 11676
41161 12448 12445 12449
41162 17651 17647 17650
41163 17246 17242 17245
41164 12069 12070 12078
41165 17248 17252 17249
41166 11647 11643 11646
41167 16911 16902 16910
41168 12069 12061 12070
41169 12042 12046 12045
41170 12042 12043 12046
41171 12064 12063 11711
41172 11643 11644 11640
41173 11650 11646 11649
41174 11647 11643 11644
41175 11638 11634 11635
41176 16850 16846 16849
41177 11642 11638 11639
41178 5285 5294 5293
41179 11641 11645 11644
41180 16838 16834 16837
41181 17266 17275 17267
41182 16837 16841 16838
41183 12086 12087 12095
41184 11678 11670 11679
41185 11671 11680 11679
41186 11686 11694 11685
41187 11696 11697 11705
41188 12078 12079 12087
41189 16882 16891 16883
41190 15967 15958 15959
41191 16875 16866 16874
41192 16877 16942 16934
41193 11688 11689 11697
41194 11703 11702 11694
41195 11703 11695 11704
41196 11671 11670 11662
41197 11742 11750 11741
41198 11676 11636 11668
41199 16905 16896 16904
41200 16896 16887 16895
41201 16886 16895 16887
41202 12060 12068 12038
41203 16895 16904 16896
41204 11700 11692 11701
41205 11645 11642 11692
41206 16838 16878 16870
41207 16887 16878 16886
41208 17262 17271 17263
41209 11638 11642 11641
41210 11635 11639 11638
41211 11645 11692 11700
41212 11685 11676 11677
41213 11645 11648 11644
41214 16835 16870 16862
41215 11668 11677 11676
41216 16844 16894 16886
41217 11684 11692 11642
41218 11636 11632 11633
41219 11742 11733 11734
41220 16885 16876 16884
41221 11655 11663 11654
41222 11671 11663 11662
41223 16863 16872 16864
41224 11661 11662 11670
41225 16880 16889 16881
41226 16890 16881 16889
41227 11656 11665 11664
41228 11659 11667 11658
41229 16943 16952 16944
41230 11673 11682 11681
41231 11716 11724 11725
41232 11664 11672 11663
41233 16892 16883 16891
41234 11656 11664 11655
41235 16909 16974 16966
41236 12067 11714 11715
41237 16884 16875 16883
41238 11680 11672 11681
41239 11673 11672 11664
41240 16893 16884 16892
41241 11681 11672 11673
41242 11659 11716 11724
41243 11663 11655 11664
41244 16883 16874 16882
41245 11741 11750 11749
41246 11733 11724 11725
41247 16960 16951 16959
41248 11658 11667 11666
41249 16934 16869 16877
41250 16944 16935 16943
41251 11659 11724 11667
41252 11741 11749 11740
41253 16935 16926 16934
41254 11732 11733 11741
41255 16943 16934 16942
41256 11715 12124 12067
41257 11699 11691 11756
41258 12126 11773 11774
41259 11742 11741 11733
41260 11758 11749 11750
41261 11749 11748 11740
41262 11698 11706 11697
41263 16966 16975 16967
41264 16958 16893 16901
41265 11683 11691 11748
41266 11765 11757 11766
41267 11758 11766 11757
41268 17318 17671 17319
41269 11757 11756 11748
41270 11757 11748 11749
41271 11681 11690 11682
41272 11709 12062 12061
41273 11756 11691 11748
41274 16907 16898 16906
41275 11764 11699 11756
41276 16966 16901 16909
41277 11688 11696 11687
41278 11699 11690 11691
41279 16892 16901 16893
41280 16890 16899 16891
41281 11679 11688 11687
41282 11680 11688 11679
41283 11704 11712 11713
41284 11689 11681 11690
41285 11689 11698 11697
41286 11697 11696 11688
41287 11707 11706 11698
41288 16909 16900 16908
41289 11706 11705 11697
41290 11706 11714 11705
41291 16907 16916 16908
41292 12077 12069 12078
41293 12065 12073 12074
41294 16975 17328 16976
41295 12072 12073 12064
41296 11704 11713 11705
41297 11711 12063 11710
41298 11705 11714 11713
41299 12081 12072 12080
41300 12125 12124 11772
41301 12072 12073 12081
41302 17268 16915 17267
41303 17285 17276 17284
41304 17267 16914 17266
41305 12046 12043 12047
41306 12101 12093 12102
41307 17283 17274 17282
41308 12101 12092 12093
41309 12088 12079 12087
41310 12126 12134 12125
41311 12099 12164 12107
41312 12075 12067 12132
41313 12124 12132 12067
41314 12142 12133 12134
41315 11715 11707 11772
41316 17336 17327 17335
41317 12125 11772 11773
41318 11764 11772 11707
41319 12140 12148 12083
41320 17326 17335 17327
41321 12142 12141 12133
41322 12066 12075 12067
41323 12074 12075 12066
41324 12150 12141 12142
41325 12073 12082 12081
41326 17343 17334 17342
41327 12099 12098 12107
41328 17351 17342 17350
41329 17301 17292 17300
41330 12082 12090 12081
41331 17744 17735 17743
41332 12115 12123 12180
41333 17360 17351 17359
41334 12158 12149 12150
41335 12101 12102 12110
41336 12132 12140 12075
41337 17359 17350 17358
41338 17293 17284 17292
41339 17315 17306 17314
41340 17358 17293 17301
41341 12158 12157 12149
41342 12165 12157 12166
41343 12140 12083 12075
41344 12158 12166 12157
41345 12098 12097 12089
41346 17376 17367 17375
41347 12056 12053 12052
41348 17311 17302 17310
41349 17301 17366 17358
41350 12475 12474 12122
41351 12148 12156 12091
41352 17374 17309 17317
41353 17325 17734 17382
41354 17316 17307 17315
41355 12096 12097 12105
41356 17323 17314 17322
41357 17280 17271 17279
41358 17314 17305 17313
41359 12104 12103 12095
41360 17299 17290 17298
41361 17674 17683 17675
41362 12094 12093 12085
41363 9872 9863 9864
41364 17668 17664 17665
41365 17299 17308 17300
41366 17312 17303 17311
41367 12089 12097 12088
41368 17308 17317 17309
41369 12107 12172 12115
41370 12050 12047 12092
41371 12107 12164 12172
41372 17307 17298 17306
41373 12469 12116 12117
41374 17670 17679 17671
41375 12060 11651 12038
41376 12094 12102 12093
41377 17306 17297 17305
41378 12096 12095 12104
41379 12484 12492 12452
41380 12052 12053 12049
41381 12118 12470 12471
41382 12050 12053 12100
41383 17296 17287 17295
41384 17287 17278 17286
41385 12059 12116 12468
41386 12076 12084 12044
41387 17278 17243 17246
41388 17297 17288 17296
41389 11710 12063 12062
41390 12038 11650 11651
41391 17279 17288 17280
41392 17304 17313 17312
41393 16456 16447 16448
41394 17290 17281 17289
41395 12069 12060 12061
41396 17281 17272 17280
41397 11709 11701 11710
41398 12079 12071 12080
41399 12072 12080 12071
41400 12070 12062 12071
41401 17282 17273 17281
41402 12041 12044 12040
41403 12038 12041 12037
41404 12061 12060 11708
41405 12058 12059 12055
41406 12077 12076 12085
41407 11703 11711 11702
41408 11710 11702 11711
41409 17266 16913 17265
41410 11650 11651 11647
41411 11708 11651 12060
41412 17265 17274 17266
41413 12037 11650 12038
41414 17262 16853 17240
41415 12077 12068 12069
41416 12092 12100 12050
41417 11647 11651 11648
41418 17270 17279 17271
41419 12041 12068 12076
41420 12077 12076 12068
41421 12100 12108 12053
41422 17246 17286 17278
41423 12047 12044 12084
41424 17294 17303 17295
41425 17315 17324 17316
41426 12445 12446 12449
41427 12116 12056 12108
41428 12058 12446 12445
41429 17255 17310 17302
41430 17286 17295 17287
41431 12093 12084 12085
41432 12092 12084 12093
41433 12108 12100 12109
41434 17672 17681 17673
41435 12110 12109 12118
41436 12446 12468 12059
41437 12101 12109 12100
41438 12494 12485 12486
41439 12116 12059 12056
41440 17670 17261 17648
41441 12446 12058 12059
41442 19582 19647 19590
41443 12104 12113 12105
41444 12119 12111 12110
41445 12101 12110 12109
41446 17680 17671 17679
41447 17320 17311 17319
41448 17313 17322 17314
41449 17319 17672 17320
41450 12470 12117 12118
41451 12469 12117 12470
41452 17743 17734 17742
41453 12446 12476 12468
41454 17678 17687 17679
41455 12119 12472 12471
41456 12485 12494 12493
41457 17742 17677 17685
41458 17697 17688 17696
41459 12487 12478 12479
41460 12454 12451 12455
41461 17702 17657 17660
41462 12487 12479 12488
41463 12480 12488 12479
41464 12494 12486 12495
41465 12487 12495 12486
41466 17383 17736 17384
41467 17384 17375 17383
41468 8865 8856 8857
41469 12485 12476 12477
41470 12484 12476 12485
41471 17703 17694 17702
41472 12525 12862 12863
41473 12508 12458 12500
41474 12455 12500 12458
41475 17289 17298 17297
41476 12181 12173 12182
41477 12540 12548 12483
41478 12533 12180 12181
41479 12182 12173 12174
41480 17324 17677 17325
41481 12564 12572 12507
41482 12112 12104 12113
41483 12123 12114 12122
41484 12481 12473 12482
41485 17382 17317 17325
41486 12549 12557 12548
41487 12172 12180 12115
41488 12498 12489 12490
41489 12120 12121 12473
41490 12480 12481 12472
41491 12123 12532 12475
41492 12490 12499 12498
41493 12475 12122 12123
41494 12122 12113 12114
41495 12111 12120 12119
41496 12489 12480 12481
41497 12115 12114 12123
41498 12112 12121 12120
41499 12113 12121 12112
41500 17322 17675 17323
41501 12114 12113 12105
41502 12472 12120 12473
41503 12472 12473 12481
41504 12474 12473 12121
41505 12474 12121 12122
41506 17323 17676 17324
41507 17683 17692 17684
41508 12481 12490 12489
41509 17701 17692 17700
41510 12474 12482 12473
41511 12580 12589 12588
41512 12491 12499 12490
41513 17750 17759 17751
41514 12487 12488 12496
41515 17684 17693 17685
41516 12483 12475 12540
41517 17707 17698 17706
41518 12532 12540 12475
41519 12525 12517 12516
41520 17700 17709 17701
41521 12556 12499 12491
41522 12482 12474 12483
41523 12475 12483 12474
41524 17759 17768 17760
41525 17732 18070 18069
41526 17751 17742 17750
41527 12542 12541 12533
41528 12530 12868 12867
41529 12540 12541 12549
41530 12548 12540 12549
41531 12574 12565 12566
41532 12580 12572 12581
41533 12573 12572 12564
41534 12499 12507 12498
41535 17709 17774 17766
41536 17743 17752 17744
41537 12550 12541 12542
41538 12549 12541 12550
41539 17790 17725 17733
41540 12871 12863 12872
41541 6802 6449 6450
41542 12862 12524 12525
41543 12464 12524 12516
41544 12572 12580 12515
41545 17922 18140 18139
41546 12522 12513 12514
41547 12557 12565 12556
41548 12564 12556 12565
41549 17791 17782 17790
41550 12869 12857 12854
41551 17782 17717 17725
41552 17715 17706 17714
41553 12588 12523 12531
41554 12580 12588 12523
41555 17723 17732 17724
41556 12522 12530 12521
41557 12512 12511 12503
41558 12513 12505 12514
41559 12493 12502 12501
41560 12530 12867 12529
41561 12866 12529 12867
41562 12522 12531 12530
41563 12521 12513 12522
41564 12507 12506 12498
41565 17707 17716 17708
41566 17717 17708 17716
41567 12507 12506 12515
41568 12515 12514 12506
41569 18161 17983 17984
41570 12500 12509 12508
41571 12529 12521 12530
41572 12525 12524 12516
41573 12873 12865 12874
41574 12866 12867 12875
41575 18076 18067 18075
41576 17718 17727 17719
41577 17719 17710 17718
41578 12590 12589 12887
41579 12461 12508 12458
41580 12464 12516 12461
41581 17713 17722 17714
41582 12494 12503 12502
41583 12495 12503 12494
41584 17705 17714 17706
41585 17719 17728 17720
41586 12509 12510 12518
41587 17728 18066 17729
41588 12519 12527 12518
41589 17730 17721 17729
41590 12510 12502 12511
41591 12870 12862 12871
41592 12493 12501 12492
41593 12500 12492 12501
41594 17703 17712 17704
41595 12520 12511 12519
41596 12512 12511 12520
41597 12510 12501 12502
41598 12509 12501 12510
41599 12870 12869 12861
41600 12526 12518 12527
41601 12864 12526 12863
41602 12865 12873 12864
41603 12872 12864 12873
41604 18075 18066 18074
41605 12525 12526 12863
41606 12517 12518 12526
41607 12464 12467 12524
41608 18064 18073 18065
41609 12466 12854 12853
41610 18063 18072 18064
41611 18056 18071 18063
